time,open,high,low,close,volume,ticker,llm_text
2025-09-10 14:00:00,8.04,8.06,8.02,8.06,195500,AAA,"At 2025-09-10 14:00:00, the stock AAA opened at 8.04 VND, reached a high of 8.06 VND, a low of 8.02 VND, and closed the hour at 8.06 VND with a trading volume of 195,500 shares."
2025-09-11 09:00:00,8.06,8.1,7.9,7.94,470900,AAA,"At 2025-09-11 09:00:00, the stock AAA opened at 8.06 VND, reached a high of 8.10 VND, a low of 7.90 VND, and closed the hour at 7.94 VND with a trading volume of 470,900 shares."
2025-09-11 10:00:00,7.96,7.97,7.9,7.94,980600,AAA,"At 2025-09-11 10:00:00, the stock AAA opened at 7.96 VND, reached a high of 7.97 VND, a low of 7.90 VND, and closed the hour at 7.94 VND with a trading volume of 980,600 shares."
2025-09-11 11:00:00,7.94,7.96,7.92,7.96,96700,AAA,"At 2025-09-11 11:00:00, the stock AAA opened at 7.94 VND, reached a high of 7.96 VND, a low of 7.92 VND, and closed the hour at 7.96 VND with a trading volume of 96,700 shares."
2025-09-11 13:00:00,7.96,7.99,7.93,7.98,438400,AAA,"At 2025-09-11 13:00:00, the stock AAA opened at 7.96 VND, reached a high of 7.99 VND, a low of 7.93 VND, and closed the hour at 7.98 VND with a trading volume of 438,400 shares."
2025-09-11 14:00:00,7.98,8.04,7.97,7.98,407900,AAA,"At 2025-09-11 14:00:00, the stock AAA opened at 7.98 VND, reached a high of 8.04 VND, a low of 7.97 VND, and closed the hour at 7.98 VND with a trading volume of 407,900 shares."
2025-09-12 09:00:00,8.04,8.08,8.01,8.07,266500,AAA,"At 2025-09-12 09:00:00, the stock AAA opened at 8.04 VND, reached a high of 8.08 VND, a low of 8.01 VND, and closed the hour at 8.07 VND with a trading volume of 266,500 shares."
2025-09-12 10:00:00,8.08,8.08,8.05,8.08,185800,AAA,"At 2025-09-12 10:00:00, the stock AAA opened at 8.08 VND, reached a high of 8.08 VND, a low of 8.05 VND, and closed the hour at 8.08 VND with a trading volume of 185,800 shares."
2025-09-12 11:00:00,8.08,8.11,8.08,8.09,296700,AAA,"At 2025-09-12 11:00:00, the stock AAA opened at 8.08 VND, reached a high of 8.11 VND, a low of 8.08 VND, and closed the hour at 8.09 VND with a trading volume of 296,700 shares."
2025-09-12 13:00:00,8.09,8.14,8.08,8.13,762700,AAA,"At 2025-09-12 13:00:00, the stock AAA opened at 8.09 VND, reached a high of 8.14 VND, a low of 8.08 VND, and closed the hour at 8.13 VND with a trading volume of 762,700 shares."
2025-09-12 14:00:00,8.13,8.14,8.11,8.12,446900,AAA,"At 2025-09-12 14:00:00, the stock AAA opened at 8.13 VND, reached a high of 8.14 VND, a low of 8.11 VND, and closed the hour at 8.12 VND with a trading volume of 446,900 shares."
2025-09-15 09:00:00,8.18,8.28,8.15,8.25,805200,AAA,"At 2025-09-15 09:00:00, the stock AAA opened at 8.18 VND, reached a high of 8.28 VND, a low of 8.15 VND, and closed the hour at 8.25 VND with a trading volume of 805,200 shares."
2025-09-15 10:00:00,8.25,8.26,8.21,8.23,189000,AAA,"At 2025-09-15 10:00:00, the stock AAA opened at 8.25 VND, reached a high of 8.26 VND, a low of 8.21 VND, and closed the hour at 8.23 VND with a trading volume of 189,000 shares."
2025-09-15 11:00:00,8.23,8.25,8.22,8.23,75000,AAA,"At 2025-09-15 11:00:00, the stock AAA opened at 8.23 VND, reached a high of 8.25 VND, a low of 8.22 VND, and closed the hour at 8.23 VND with a trading volume of 75,000 shares."
2025-09-15 13:00:00,8.23,8.35,8.2,8.33,1362600,AAA,"At 2025-09-15 13:00:00, the stock AAA opened at 8.23 VND, reached a high of 8.35 VND, a low of 8.20 VND, and closed the hour at 8.33 VND with a trading volume of 1,362,600 shares."
2025-09-15 14:00:00,8.33,8.35,8.31,8.35,665300,AAA,"At 2025-09-15 14:00:00, the stock AAA opened at 8.33 VND, reached a high of 8.35 VND, a low of 8.31 VND, and closed the hour at 8.35 VND with a trading volume of 665,300 shares."
2025-09-16 09:00:00,8.38,8.4,8.32,8.32,1079800,AAA,"At 2025-09-16 09:00:00, the stock AAA opened at 8.38 VND, reached a high of 8.40 VND, a low of 8.32 VND, and closed the hour at 8.32 VND with a trading volume of 1,079,800 shares."
2025-09-16 10:00:00,8.32,8.33,8.3,8.31,274800,AAA,"At 2025-09-16 10:00:00, the stock AAA opened at 8.32 VND, reached a high of 8.33 VND, a low of 8.30 VND, and closed the hour at 8.31 VND with a trading volume of 274,800 shares."
2025-09-16 11:00:00,8.32,8.32,8.3,8.32,155900,AAA,"At 2025-09-16 11:00:00, the stock AAA opened at 8.32 VND, reached a high of 8.32 VND, a low of 8.30 VND, and closed the hour at 8.32 VND with a trading volume of 155,900 shares."
2025-09-16 13:00:00,8.31,8.34,8.27,8.27,688600,AAA,"At 2025-09-16 13:00:00, the stock AAA opened at 8.31 VND, reached a high of 8.34 VND, a low of 8.27 VND, and closed the hour at 8.27 VND with a trading volume of 688,600 shares."
2025-09-16 14:00:00,8.26,8.29,8.22,8.22,392300,AAA,"At 2025-09-16 14:00:00, the stock AAA opened at 8.26 VND, reached a high of 8.29 VND, a low of 8.22 VND, and closed the hour at 8.22 VND with a trading volume of 392,300 shares."
2025-09-17 09:00:00,8.27,8.33,8.23,8.32,327000,AAA,"At 2025-09-17 09:00:00, the stock AAA opened at 8.27 VND, reached a high of 8.33 VND, a low of 8.23 VND, and closed the hour at 8.32 VND with a trading volume of 327,000 shares."
2025-09-17 10:00:00,8.32,8.43,8.3,8.36,1013900,AAA,"At 2025-09-17 10:00:00, the stock AAA opened at 8.32 VND, reached a high of 8.43 VND, a low of 8.30 VND, and closed the hour at 8.36 VND with a trading volume of 1,013,900 shares."
2025-09-17 11:00:00,8.35,8.38,8.33,8.35,327200,AAA,"At 2025-09-17 11:00:00, the stock AAA opened at 8.35 VND, reached a high of 8.38 VND, a low of 8.33 VND, and closed the hour at 8.35 VND with a trading volume of 327,200 shares."
2025-09-17 13:00:00,8.36,8.36,8.32,8.32,582300,AAA,"At 2025-09-17 13:00:00, the stock AAA opened at 8.36 VND, reached a high of 8.36 VND, a low of 8.32 VND, and closed the hour at 8.32 VND with a trading volume of 582,300 shares."
2025-09-17 14:00:00,8.33,8.33,8.27,8.27,513200,AAA,"At 2025-09-17 14:00:00, the stock AAA opened at 8.33 VND, reached a high of 8.33 VND, a low of 8.27 VND, and closed the hour at 8.27 VND with a trading volume of 513,200 shares."
2025-09-18 09:00:00,8.3,8.31,8.22,8.22,215600,AAA,"At 2025-09-18 09:00:00, the stock AAA opened at 8.30 VND, reached a high of 8.31 VND, a low of 8.22 VND, and closed the hour at 8.22 VND with a trading volume of 215,600 shares."
2025-09-18 10:00:00,8.21,8.23,8.19,8.2,660500,AAA,"At 2025-09-18 10:00:00, the stock AAA opened at 8.21 VND, reached a high of 8.23 VND, a low of 8.19 VND, and closed the hour at 8.20 VND with a trading volume of 660,500 shares."
2025-09-18 11:00:00,8.2,8.22,8.2,8.22,135900,AAA,"At 2025-09-18 11:00:00, the stock AAA opened at 8.20 VND, reached a high of 8.22 VND, a low of 8.20 VND, and closed the hour at 8.22 VND with a trading volume of 135,900 shares."
2025-09-18 13:00:00,8.21,8.22,8.17,8.2,541500,AAA,"At 2025-09-18 13:00:00, the stock AAA opened at 8.21 VND, reached a high of 8.22 VND, a low of 8.17 VND, and closed the hour at 8.20 VND with a trading volume of 541,500 shares."
2025-09-18 14:00:00,8.2,8.2,8.17,8.18,457200,AAA,"At 2025-09-18 14:00:00, the stock AAA opened at 8.20 VND, reached a high of 8.20 VND, a low of 8.17 VND, and closed the hour at 8.18 VND with a trading volume of 457,200 shares."
2025-09-19 09:00:00,8.18,8.21,8.18,8.19,252700,AAA,"At 2025-09-19 09:00:00, the stock AAA opened at 8.18 VND, reached a high of 8.21 VND, a low of 8.18 VND, and closed the hour at 8.19 VND with a trading volume of 252,700 shares."
2025-09-19 10:00:00,8.19,8.2,8.16,8.17,139300,AAA,"At 2025-09-19 10:00:00, the stock AAA opened at 8.19 VND, reached a high of 8.20 VND, a low of 8.16 VND, and closed the hour at 8.17 VND with a trading volume of 139,300 shares."
2025-09-19 11:00:00,8.17,8.17,8.13,8.15,151100,AAA,"At 2025-09-19 11:00:00, the stock AAA opened at 8.17 VND, reached a high of 8.17 VND, a low of 8.13 VND, and closed the hour at 8.15 VND with a trading volume of 151,100 shares."
2025-09-19 13:00:00,8.15,8.18,8.12,8.15,300800,AAA,"At 2025-09-19 13:00:00, the stock AAA opened at 8.15 VND, reached a high of 8.18 VND, a low of 8.12 VND, and closed the hour at 8.15 VND with a trading volume of 300,800 shares."
2025-09-19 14:00:00,8.15,8.19,8.13,8.13,423100,AAA,"At 2025-09-19 14:00:00, the stock AAA opened at 8.15 VND, reached a high of 8.19 VND, a low of 8.13 VND, and closed the hour at 8.13 VND with a trading volume of 423,100 shares."
2025-09-22 09:00:00,8.13,8.18,8.12,8.16,212400,AAA,"At 2025-09-22 09:00:00, the stock AAA opened at 8.13 VND, reached a high of 8.18 VND, a low of 8.12 VND, and closed the hour at 8.16 VND with a trading volume of 212,400 shares."
2025-09-22 10:00:00,8.16,8.17,8.12,8.14,341300,AAA,"At 2025-09-22 10:00:00, the stock AAA opened at 8.16 VND, reached a high of 8.17 VND, a low of 8.12 VND, and closed the hour at 8.14 VND with a trading volume of 341,300 shares."
2025-09-22 11:00:00,8.14,8.15,8.11,8.14,237600,AAA,"At 2025-09-22 11:00:00, the stock AAA opened at 8.14 VND, reached a high of 8.15 VND, a low of 8.11 VND, and closed the hour at 8.14 VND with a trading volume of 237,600 shares."
2025-09-22 13:00:00,8.14,8.14,8.0,8.02,967900,AAA,"At 2025-09-22 13:00:00, the stock AAA opened at 8.14 VND, reached a high of 8.14 VND, a low of 8.00 VND, and closed the hour at 8.02 VND with a trading volume of 967,900 shares."
2025-09-22 14:00:00,8.02,8.1,8.0,8.03,404100,AAA,"At 2025-09-22 14:00:00, the stock AAA opened at 8.02 VND, reached a high of 8.10 VND, a low of 8.00 VND, and closed the hour at 8.03 VND with a trading volume of 404,100 shares."
2025-09-23 09:00:00,8.04,8.1,8.04,8.1,131400,AAA,"At 2025-09-23 09:00:00, the stock AAA opened at 8.04 VND, reached a high of 8.10 VND, a low of 8.04 VND, and closed the hour at 8.10 VND with a trading volume of 131,400 shares."
2025-09-23 10:00:00,8.1,8.1,8.06,8.08,84900,AAA,"At 2025-09-23 10:00:00, the stock AAA opened at 8.10 VND, reached a high of 8.10 VND, a low of 8.06 VND, and closed the hour at 8.08 VND with a trading volume of 84,900 shares."
2025-09-23 11:00:00,8.08,8.1,8.07,8.08,38700,AAA,"At 2025-09-23 11:00:00, the stock AAA opened at 8.08 VND, reached a high of 8.10 VND, a low of 8.07 VND, and closed the hour at 8.08 VND with a trading volume of 38,700 shares."
2025-09-23 13:00:00,8.08,8.09,8.05,8.07,201100,AAA,"At 2025-09-23 13:00:00, the stock AAA opened at 8.08 VND, reached a high of 8.09 VND, a low of 8.05 VND, and closed the hour at 8.07 VND with a trading volume of 201,100 shares."
2025-09-23 14:00:00,8.08,8.09,8.05,8.09,119800,AAA,"At 2025-09-23 14:00:00, the stock AAA opened at 8.08 VND, reached a high of 8.09 VND, a low of 8.05 VND, and closed the hour at 8.09 VND with a trading volume of 119,800 shares."
2025-09-24 09:00:00,8.1,8.13,8.06,8.09,218400,AAA,"At 2025-09-24 09:00:00, the stock AAA opened at 8.10 VND, reached a high of 8.13 VND, a low of 8.06 VND, and closed the hour at 8.09 VND with a trading volume of 218,400 shares."
2025-09-24 10:00:00,8.09,8.12,8.05,8.08,218400,AAA,"At 2025-09-24 10:00:00, the stock AAA opened at 8.09 VND, reached a high of 8.12 VND, a low of 8.05 VND, and closed the hour at 8.08 VND with a trading volume of 218,400 shares."
2025-09-24 11:00:00,8.07,8.09,8.04,8.04,131800,AAA,"At 2025-09-24 11:00:00, the stock AAA opened at 8.07 VND, reached a high of 8.09 VND, a low of 8.04 VND, and closed the hour at 8.04 VND with a trading volume of 131,800 shares."
2025-09-24 13:00:00,8.04,8.1,8.04,8.06,205700,AAA,"At 2025-09-24 13:00:00, the stock AAA opened at 8.04 VND, reached a high of 8.10 VND, a low of 8.04 VND, and closed the hour at 8.06 VND with a trading volume of 205,700 shares."
2025-09-24 14:00:00,8.07,8.12,8.07,8.11,386900,AAA,"At 2025-09-24 14:00:00, the stock AAA opened at 8.07 VND, reached a high of 8.12 VND, a low of 8.07 VND, and closed the hour at 8.11 VND with a trading volume of 386,900 shares."
2025-09-25 09:00:00,8.15,8.19,8.11,8.19,317600,AAA,"At 2025-09-25 09:00:00, the stock AAA opened at 8.15 VND, reached a high of 8.19 VND, a low of 8.11 VND, and closed the hour at 8.19 VND with a trading volume of 317,600 shares."
2025-09-25 10:00:00,8.19,8.27,8.16,8.23,593000,AAA,"At 2025-09-25 10:00:00, the stock AAA opened at 8.19 VND, reached a high of 8.27 VND, a low of 8.16 VND, and closed the hour at 8.23 VND with a trading volume of 593,000 shares."
2025-09-25 11:00:00,8.24,8.24,8.22,8.22,83200,AAA,"At 2025-09-25 11:00:00, the stock AAA opened at 8.24 VND, reached a high of 8.24 VND, a low of 8.22 VND, and closed the hour at 8.22 VND with a trading volume of 83,200 shares."
2025-09-25 13:00:00,8.22,8.26,8.21,8.24,305800,AAA,"At 2025-09-25 13:00:00, the stock AAA opened at 8.22 VND, reached a high of 8.26 VND, a low of 8.21 VND, and closed the hour at 8.24 VND with a trading volume of 305,800 shares."
2025-09-25 14:00:00,8.24,8.25,8.18,8.21,361500,AAA,"At 2025-09-25 14:00:00, the stock AAA opened at 8.24 VND, reached a high of 8.25 VND, a low of 8.18 VND, and closed the hour at 8.21 VND with a trading volume of 361,500 shares."
2025-09-26 09:00:00,8.2,8.64,8.11,8.54,4135500,AAA,"At 2025-09-26 09:00:00, the stock AAA opened at 8.20 VND, reached a high of 8.64 VND, a low of 8.11 VND, and closed the hour at 8.54 VND with a trading volume of 4,135,500 shares."
2025-09-26 10:00:00,8.53,8.59,8.52,8.55,1456600,AAA,"At 2025-09-26 10:00:00, the stock AAA opened at 8.53 VND, reached a high of 8.59 VND, a low of 8.52 VND, and closed the hour at 8.55 VND with a trading volume of 1,456,600 shares."
2025-09-26 11:00:00,8.55,8.57,8.52,8.55,689300,AAA,"At 2025-09-26 11:00:00, the stock AAA opened at 8.55 VND, reached a high of 8.57 VND, a low of 8.52 VND, and closed the hour at 8.55 VND with a trading volume of 689,300 shares."
2025-09-26 13:00:00,8.55,8.69,8.54,8.67,3023400,AAA,"At 2025-09-26 13:00:00, the stock AAA opened at 8.55 VND, reached a high of 8.69 VND, a low of 8.54 VND, and closed the hour at 8.67 VND with a trading volume of 3,023,400 shares."
2025-09-26 14:00:00,8.66,8.67,8.52,8.59,1023600,AAA,"At 2025-09-26 14:00:00, the stock AAA opened at 8.66 VND, reached a high of 8.67 VND, a low of 8.52 VND, and closed the hour at 8.59 VND with a trading volume of 1,023,600 shares."
2025-09-29 09:00:00,8.62,8.62,8.49,8.5,681600,AAA,"At 2025-09-29 09:00:00, the stock AAA opened at 8.62 VND, reached a high of 8.62 VND, a low of 8.49 VND, and closed the hour at 8.50 VND with a trading volume of 681,600 shares."
2025-09-29 10:00:00,8.49,8.51,8.45,8.5,485700,AAA,"At 2025-09-29 10:00:00, the stock AAA opened at 8.49 VND, reached a high of 8.51 VND, a low of 8.45 VND, and closed the hour at 8.50 VND with a trading volume of 485,700 shares."
2025-09-29 11:00:00,8.5,8.5,8.45,8.47,122600,AAA,"At 2025-09-29 11:00:00, the stock AAA opened at 8.50 VND, reached a high of 8.50 VND, a low of 8.45 VND, and closed the hour at 8.47 VND with a trading volume of 122,600 shares."
2025-09-29 13:00:00,8.47,8.47,8.4,8.42,747000,AAA,"At 2025-09-29 13:00:00, the stock AAA opened at 8.47 VND, reached a high of 8.47 VND, a low of 8.40 VND, and closed the hour at 8.42 VND with a trading volume of 747,000 shares."
2025-09-29 14:00:00,8.42,8.43,8.35,8.4,418400,AAA,"At 2025-09-29 14:00:00, the stock AAA opened at 8.42 VND, reached a high of 8.43 VND, a low of 8.35 VND, and closed the hour at 8.40 VND with a trading volume of 418,400 shares."
2025-09-30 09:00:00,8.45,8.45,8.34,8.36,242600,AAA,"At 2025-09-30 09:00:00, the stock AAA opened at 8.45 VND, reached a high of 8.45 VND, a low of 8.34 VND, and closed the hour at 8.36 VND with a trading volume of 242,600 shares."
2025-09-30 10:00:00,8.36,8.39,8.22,8.27,744300,AAA,"At 2025-09-30 10:00:00, the stock AAA opened at 8.36 VND, reached a high of 8.39 VND, a low of 8.22 VND, and closed the hour at 8.27 VND with a trading volume of 744,300 shares."
2025-09-30 11:00:00,8.27,8.27,8.23,8.26,155600,AAA,"At 2025-09-30 11:00:00, the stock AAA opened at 8.27 VND, reached a high of 8.27 VND, a low of 8.23 VND, and closed the hour at 8.26 VND with a trading volume of 155,600 shares."
2025-09-30 13:00:00,8.25,8.25,8.14,8.21,1539100,AAA,"At 2025-09-30 13:00:00, the stock AAA opened at 8.25 VND, reached a high of 8.25 VND, a low of 8.14 VND, and closed the hour at 8.21 VND with a trading volume of 1,539,100 shares."
2025-09-30 14:00:00,8.2,8.26,8.15,8.2,765100,AAA,"At 2025-09-30 14:00:00, the stock AAA opened at 8.20 VND, reached a high of 8.26 VND, a low of 8.15 VND, and closed the hour at 8.20 VND with a trading volume of 765,100 shares."
2025-10-01 09:00:00,8.25,8.25,8.19,8.25,205000,AAA,"At 2025-10-01 09:00:00, the stock AAA opened at 8.25 VND, reached a high of 8.25 VND, a low of 8.19 VND, and closed the hour at 8.25 VND with a trading volume of 205,000 shares."
2025-10-01 10:00:00,8.25,8.25,8.23,8.24,186900,AAA,"At 2025-10-01 10:00:00, the stock AAA opened at 8.25 VND, reached a high of 8.25 VND, a low of 8.23 VND, and closed the hour at 8.24 VND with a trading volume of 186,900 shares."
2025-10-01 11:00:00,8.24,8.27,8.23,8.27,91600,AAA,"At 2025-10-01 11:00:00, the stock AAA opened at 8.24 VND, reached a high of 8.27 VND, a low of 8.23 VND, and closed the hour at 8.27 VND with a trading volume of 91,600 shares."
2025-10-01 13:00:00,8.27,8.28,8.24,8.27,297600,AAA,"At 2025-10-01 13:00:00, the stock AAA opened at 8.27 VND, reached a high of 8.28 VND, a low of 8.24 VND, and closed the hour at 8.27 VND with a trading volume of 297,600 shares."
2025-10-01 14:00:00,8.28,8.38,8.26,8.38,427100,AAA,"At 2025-10-01 14:00:00, the stock AAA opened at 8.28 VND, reached a high of 8.38 VND, a low of 8.26 VND, and closed the hour at 8.38 VND with a trading volume of 427,100 shares."
2025-10-02 09:00:00,8.38,8.44,8.35,8.4,327600,AAA,"At 2025-10-02 09:00:00, the stock AAA opened at 8.38 VND, reached a high of 8.44 VND, a low of 8.35 VND, and closed the hour at 8.40 VND with a trading volume of 327,600 shares."
2025-10-02 10:00:00,8.4,8.41,8.32,8.32,354000,AAA,"At 2025-10-02 10:00:00, the stock AAA opened at 8.40 VND, reached a high of 8.41 VND, a low of 8.32 VND, and closed the hour at 8.32 VND with a trading volume of 354,000 shares."
2025-10-02 11:00:00,8.32,8.33,8.25,8.26,131200,AAA,"At 2025-10-02 11:00:00, the stock AAA opened at 8.32 VND, reached a high of 8.33 VND, a low of 8.25 VND, and closed the hour at 8.26 VND with a trading volume of 131,200 shares."
2025-10-02 13:00:00,8.25,8.3,8.24,8.27,332700,AAA,"At 2025-10-02 13:00:00, the stock AAA opened at 8.25 VND, reached a high of 8.30 VND, a low of 8.24 VND, and closed the hour at 8.27 VND with a trading volume of 332,700 shares."
2025-10-02 14:00:00,8.27,8.29,8.13,8.17,693000,AAA,"At 2025-10-02 14:00:00, the stock AAA opened at 8.27 VND, reached a high of 8.29 VND, a low of 8.13 VND, and closed the hour at 8.17 VND with a trading volume of 693,000 shares."
2025-10-03 09:00:00,8.17,8.21,8.08,8.16,613000,AAA,"At 2025-10-03 09:00:00, the stock AAA opened at 8.17 VND, reached a high of 8.21 VND, a low of 8.08 VND, and closed the hour at 8.16 VND with a trading volume of 613,000 shares."
2025-10-03 10:00:00,8.16,8.17,8.09,8.09,393900,AAA,"At 2025-10-03 10:00:00, the stock AAA opened at 8.16 VND, reached a high of 8.17 VND, a low of 8.09 VND, and closed the hour at 8.09 VND with a trading volume of 393,900 shares."
2025-10-03 11:00:00,8.11,8.13,8.09,8.12,133700,AAA,"At 2025-10-03 11:00:00, the stock AAA opened at 8.11 VND, reached a high of 8.13 VND, a low of 8.09 VND, and closed the hour at 8.12 VND with a trading volume of 133,700 shares."
2025-10-03 13:00:00,8.12,8.2,8.11,8.18,265700,AAA,"At 2025-10-03 13:00:00, the stock AAA opened at 8.12 VND, reached a high of 8.20 VND, a low of 8.11 VND, and closed the hour at 8.18 VND with a trading volume of 265,700 shares."
2025-10-03 14:00:00,8.18,8.2,8.15,8.15,316600,AAA,"At 2025-10-03 14:00:00, the stock AAA opened at 8.18 VND, reached a high of 8.20 VND, a low of 8.15 VND, and closed the hour at 8.15 VND with a trading volume of 316,600 shares."
2025-10-06 09:00:00,8.2,8.22,8.16,8.2,137400,AAA,"At 2025-10-06 09:00:00, the stock AAA opened at 8.20 VND, reached a high of 8.22 VND, a low of 8.16 VND, and closed the hour at 8.20 VND with a trading volume of 137,400 shares."
2025-10-06 10:00:00,8.19,8.32,8.17,8.25,440800,AAA,"At 2025-10-06 10:00:00, the stock AAA opened at 8.19 VND, reached a high of 8.32 VND, a low of 8.17 VND, and closed the hour at 8.25 VND with a trading volume of 440,800 shares."
2025-10-06 11:00:00,8.26,8.26,8.24,8.24,82700,AAA,"At 2025-10-06 11:00:00, the stock AAA opened at 8.26 VND, reached a high of 8.26 VND, a low of 8.24 VND, and closed the hour at 8.24 VND with a trading volume of 82,700 shares."
2025-10-06 13:00:00,8.24,8.32,8.2,8.29,1186400,AAA,"At 2025-10-06 13:00:00, the stock AAA opened at 8.24 VND, reached a high of 8.32 VND, a low of 8.20 VND, and closed the hour at 8.29 VND with a trading volume of 1,186,400 shares."
2025-10-06 14:00:00,8.28,8.31,8.27,8.31,306900,AAA,"At 2025-10-06 14:00:00, the stock AAA opened at 8.28 VND, reached a high of 8.31 VND, a low of 8.27 VND, and closed the hour at 8.31 VND with a trading volume of 306,900 shares."
2025-10-07 09:00:00,8.37,8.37,8.26,8.29,345100,AAA,"At 2025-10-07 09:00:00, the stock AAA opened at 8.37 VND, reached a high of 8.37 VND, a low of 8.26 VND, and closed the hour at 8.29 VND with a trading volume of 345,100 shares."
2025-10-07 10:00:00,8.28,8.3,8.26,8.27,268800,AAA,"At 2025-10-07 10:00:00, the stock AAA opened at 8.28 VND, reached a high of 8.30 VND, a low of 8.26 VND, and closed the hour at 8.27 VND with a trading volume of 268,800 shares."
2025-10-07 11:00:00,8.27,8.27,8.23,8.25,151900,AAA,"At 2025-10-07 11:00:00, the stock AAA opened at 8.27 VND, reached a high of 8.27 VND, a low of 8.23 VND, and closed the hour at 8.25 VND with a trading volume of 151,900 shares."
2025-10-07 13:00:00,8.25,8.25,8.18,8.2,379000,AAA,"At 2025-10-07 13:00:00, the stock AAA opened at 8.25 VND, reached a high of 8.25 VND, a low of 8.18 VND, and closed the hour at 8.20 VND with a trading volume of 379,000 shares."
2025-10-07 14:00:00,8.2,8.22,8.18,8.18,323600,AAA,"At 2025-10-07 14:00:00, the stock AAA opened at 8.20 VND, reached a high of 8.22 VND, a low of 8.18 VND, and closed the hour at 8.18 VND with a trading volume of 323,600 shares."
2025-10-08 09:00:00,8.25,8.27,8.19,8.19,262000,AAA,"At 2025-10-08 09:00:00, the stock AAA opened at 8.25 VND, reached a high of 8.27 VND, a low of 8.19 VND, and closed the hour at 8.19 VND with a trading volume of 262,000 shares."
2025-10-08 10:00:00,8.2,8.2,8.17,8.17,261800,AAA,"At 2025-10-08 10:00:00, the stock AAA opened at 8.20 VND, reached a high of 8.20 VND, a low of 8.17 VND, and closed the hour at 8.17 VND with a trading volume of 261,800 shares."
2025-10-08 11:00:00,8.18,8.18,8.14,8.16,212800,AAA,"At 2025-10-08 11:00:00, the stock AAA opened at 8.18 VND, reached a high of 8.18 VND, a low of 8.14 VND, and closed the hour at 8.16 VND with a trading volume of 212,800 shares."
2025-10-08 13:00:00,8.17,8.19,8.14,8.19,243500,AAA,"At 2025-10-08 13:00:00, the stock AAA opened at 8.17 VND, reached a high of 8.19 VND, a low of 8.14 VND, and closed the hour at 8.19 VND with a trading volume of 243,500 shares."
2025-10-08 14:00:00,8.19,8.22,8.18,8.2,285800,AAA,"At 2025-10-08 14:00:00, the stock AAA opened at 8.19 VND, reached a high of 8.22 VND, a low of 8.18 VND, and closed the hour at 8.20 VND with a trading volume of 285,800 shares."
2025-10-09 09:00:00,8.2,8.3,8.2,8.22,373900,AAA,"At 2025-10-09 09:00:00, the stock AAA opened at 8.20 VND, reached a high of 8.30 VND, a low of 8.20 VND, and closed the hour at 8.22 VND with a trading volume of 373,900 shares."
2025-10-09 10:00:00,8.22,8.22,8.19,8.19,143100,AAA,"At 2025-10-09 10:00:00, the stock AAA opened at 8.22 VND, reached a high of 8.22 VND, a low of 8.19 VND, and closed the hour at 8.19 VND with a trading volume of 143,100 shares."
2025-10-09 11:00:00,8.2,8.2,8.19,8.2,22900,AAA,"At 2025-10-09 11:00:00, the stock AAA opened at 8.20 VND, reached a high of 8.20 VND, a low of 8.19 VND, and closed the hour at 8.20 VND with a trading volume of 22,900 shares."
2025-10-09 13:00:00,8.19,8.2,8.19,8.2,209400,AAA,"At 2025-10-09 13:00:00, the stock AAA opened at 8.19 VND, reached a high of 8.20 VND, a low of 8.19 VND, and closed the hour at 8.20 VND with a trading volume of 209,400 shares."
2025-10-09 14:00:00,8.2,8.22,8.2,8.22,229800,AAA,"At 2025-10-09 14:00:00, the stock AAA opened at 8.20 VND, reached a high of 8.22 VND, a low of 8.20 VND, and closed the hour at 8.22 VND with a trading volume of 229,800 shares."
2025-10-10 09:00:00,8.23,8.28,8.15,8.22,385300,AAA,"At 2025-10-10 09:00:00, the stock AAA opened at 8.23 VND, reached a high of 8.28 VND, a low of 8.15 VND, and closed the hour at 8.22 VND with a trading volume of 385,300 shares."
2025-10-10 10:00:00,8.22,8.25,8.21,8.22,179200,AAA,"At 2025-10-10 10:00:00, the stock AAA opened at 8.22 VND, reached a high of 8.25 VND, a low of 8.21 VND, and closed the hour at 8.22 VND with a trading volume of 179,200 shares."
2025-10-10 11:00:00,8.22,8.23,8.21,8.22,67800,AAA,"At 2025-10-10 11:00:00, the stock AAA opened at 8.22 VND, reached a high of 8.23 VND, a low of 8.21 VND, and closed the hour at 8.22 VND with a trading volume of 67,800 shares."
2025-10-10 13:00:00,8.22,8.26,8.21,8.22,304500,AAA,"At 2025-10-10 13:00:00, the stock AAA opened at 8.22 VND, reached a high of 8.26 VND, a low of 8.21 VND, and closed the hour at 8.22 VND with a trading volume of 304,500 shares."
2025-10-10 14:00:00,8.23,8.24,8.2,8.22,593700,AAA,"At 2025-10-10 14:00:00, the stock AAA opened at 8.23 VND, reached a high of 8.24 VND, a low of 8.20 VND, and closed the hour at 8.22 VND with a trading volume of 593,700 shares."
2025-10-13 09:00:00,8.12,8.2,8.11,8.18,979600,AAA,"At 2025-10-13 09:00:00, the stock AAA opened at 8.12 VND, reached a high of 8.20 VND, a low of 8.11 VND, and closed the hour at 8.18 VND with a trading volume of 979,600 shares."
2025-10-13 10:00:00,8.15,8.18,8.14,8.17,281800,AAA,"At 2025-10-13 10:00:00, the stock AAA opened at 8.15 VND, reached a high of 8.18 VND, a low of 8.14 VND, and closed the hour at 8.17 VND with a trading volume of 281,800 shares."
2025-10-13 11:00:00,8.17,8.17,8.14,8.17,142500,AAA,"At 2025-10-13 11:00:00, the stock AAA opened at 8.17 VND, reached a high of 8.17 VND, a low of 8.14 VND, and closed the hour at 8.17 VND with a trading volume of 142,500 shares."
2025-10-13 13:00:00,8.17,8.17,8.12,8.13,443400,AAA,"At 2025-10-13 13:00:00, the stock AAA opened at 8.17 VND, reached a high of 8.17 VND, a low of 8.12 VND, and closed the hour at 8.13 VND with a trading volume of 443,400 shares."
2025-10-13 14:00:00,8.13,8.15,8.1,8.12,681600,AAA,"At 2025-10-13 14:00:00, the stock AAA opened at 8.13 VND, reached a high of 8.15 VND, a low of 8.10 VND, and closed the hour at 8.12 VND with a trading volume of 681,600 shares."
2025-10-14 09:00:00,8.14,8.18,8.13,8.15,416100,AAA,"At 2025-10-14 09:00:00, the stock AAA opened at 8.14 VND, reached a high of 8.18 VND, a low of 8.13 VND, and closed the hour at 8.15 VND with a trading volume of 416,100 shares."
2025-10-14 10:00:00,8.15,8.16,8.12,8.13,405600,AAA,"At 2025-10-14 10:00:00, the stock AAA opened at 8.15 VND, reached a high of 8.16 VND, a low of 8.12 VND, and closed the hour at 8.13 VND with a trading volume of 405,600 shares."
2025-10-14 11:00:00,8.14,8.14,8.12,8.12,110700,AAA,"At 2025-10-14 11:00:00, the stock AAA opened at 8.14 VND, reached a high of 8.14 VND, a low of 8.12 VND, and closed the hour at 8.12 VND with a trading volume of 110,700 shares."
2025-10-14 13:00:00,8.12,8.13,8.05,8.1,643100,AAA,"At 2025-10-14 13:00:00, the stock AAA opened at 8.12 VND, reached a high of 8.13 VND, a low of 8.05 VND, and closed the hour at 8.10 VND with a trading volume of 643,100 shares."
2025-10-14 14:00:00,8.09,8.1,7.99,7.99,1118700,AAA,"At 2025-10-14 14:00:00, the stock AAA opened at 8.09 VND, reached a high of 8.10 VND, a low of 7.99 VND, and closed the hour at 7.99 VND with a trading volume of 1,118,700 shares."
2025-10-15 09:00:00,7.99,8.07,7.99,8.04,448600,AAA,"At 2025-10-15 09:00:00, the stock AAA opened at 7.99 VND, reached a high of 8.07 VND, a low of 7.99 VND, and closed the hour at 8.04 VND with a trading volume of 448,600 shares."
2025-10-15 10:00:00,8.05,8.06,7.96,7.96,857600,AAA,"At 2025-10-15 10:00:00, the stock AAA opened at 8.05 VND, reached a high of 8.06 VND, a low of 7.96 VND, and closed the hour at 7.96 VND with a trading volume of 857,600 shares."
2025-10-15 11:00:00,7.97,7.97,7.95,7.95,258000,AAA,"At 2025-10-15 11:00:00, the stock AAA opened at 7.97 VND, reached a high of 7.97 VND, a low of 7.95 VND, and closed the hour at 7.95 VND with a trading volume of 258,000 shares."
2025-10-15 13:00:00,7.96,7.99,7.94,7.95,386700,AAA,"At 2025-10-15 13:00:00, the stock AAA opened at 7.96 VND, reached a high of 7.99 VND, a low of 7.94 VND, and closed the hour at 7.95 VND with a trading volume of 386,700 shares."
2025-10-15 14:00:00,7.96,7.99,7.95,7.95,249100,AAA,"At 2025-10-15 14:00:00, the stock AAA opened at 7.96 VND, reached a high of 7.99 VND, a low of 7.95 VND, and closed the hour at 7.95 VND with a trading volume of 249,100 shares."
2025-10-16 09:00:00,8.0,8.01,7.95,8.01,304400,AAA,"At 2025-10-16 09:00:00, the stock AAA opened at 8.00 VND, reached a high of 8.01 VND, a low of 7.95 VND, and closed the hour at 8.01 VND with a trading volume of 304,400 shares."
2025-10-16 10:00:00,8.01,8.04,7.94,7.95,588000,AAA,"At 2025-10-16 10:00:00, the stock AAA opened at 8.01 VND, reached a high of 8.04 VND, a low of 7.94 VND, and closed the hour at 7.95 VND with a trading volume of 588,000 shares."
2025-10-16 11:00:00,7.95,7.98,7.95,7.98,95600,AAA,"At 2025-10-16 11:00:00, the stock AAA opened at 7.95 VND, reached a high of 7.98 VND, a low of 7.95 VND, and closed the hour at 7.98 VND with a trading volume of 95,600 shares."
2025-10-16 13:00:00,7.96,8.0,7.94,7.95,367300,AAA,"At 2025-10-16 13:00:00, the stock AAA opened at 7.96 VND, reached a high of 8.00 VND, a low of 7.94 VND, and closed the hour at 7.95 VND with a trading volume of 367,300 shares."
2025-10-16 14:00:00,7.95,7.98,7.94,7.98,201300,AAA,"At 2025-10-16 14:00:00, the stock AAA opened at 7.95 VND, reached a high of 7.98 VND, a low of 7.94 VND, and closed the hour at 7.98 VND with a trading volume of 201,300 shares."
2025-10-17 09:00:00,8.0,8.04,7.99,8.0,175400,AAA,"At 2025-10-17 09:00:00, the stock AAA opened at 8.00 VND, reached a high of 8.04 VND, a low of 7.99 VND, and closed the hour at 8.00 VND with a trading volume of 175,400 shares."
2025-10-17 10:00:00,8.0,8.01,7.95,7.98,279300,AAA,"At 2025-10-17 10:00:00, the stock AAA opened at 8.00 VND, reached a high of 8.01 VND, a low of 7.95 VND, and closed the hour at 7.98 VND with a trading volume of 279,300 shares."
2025-10-17 11:00:00,7.99,7.99,7.97,7.98,142500,AAA,"At 2025-10-17 11:00:00, the stock AAA opened at 7.99 VND, reached a high of 7.99 VND, a low of 7.97 VND, and closed the hour at 7.98 VND with a trading volume of 142,500 shares."
2025-10-17 13:00:00,7.97,7.99,7.96,7.96,285200,AAA,"At 2025-10-17 13:00:00, the stock AAA opened at 7.97 VND, reached a high of 7.99 VND, a low of 7.96 VND, and closed the hour at 7.96 VND with a trading volume of 285,200 shares."
2025-10-17 14:00:00,7.97,8.0,7.94,7.94,468400,AAA,"At 2025-10-17 14:00:00, the stock AAA opened at 7.97 VND, reached a high of 8.00 VND, a low of 7.94 VND, and closed the hour at 7.94 VND with a trading volume of 468,400 shares."
2025-10-20 09:00:00,7.92,7.97,7.91,7.95,227100,AAA,"At 2025-10-20 09:00:00, the stock AAA opened at 7.92 VND, reached a high of 7.97 VND, a low of 7.91 VND, and closed the hour at 7.95 VND with a trading volume of 227,100 shares."
2025-10-20 10:00:00,7.95,8.01,7.95,7.98,276400,AAA,"At 2025-10-20 10:00:00, the stock AAA opened at 7.95 VND, reached a high of 8.01 VND, a low of 7.95 VND, and closed the hour at 7.98 VND with a trading volume of 276,400 shares."
2025-10-20 11:00:00,8.0,8.02,7.96,7.97,60700,AAA,"At 2025-10-20 11:00:00, the stock AAA opened at 8.00 VND, reached a high of 8.02 VND, a low of 7.96 VND, and closed the hour at 7.97 VND with a trading volume of 60,700 shares."
2025-10-20 13:00:00,7.97,7.97,7.91,7.91,402600,AAA,"At 2025-10-20 13:00:00, the stock AAA opened at 7.97 VND, reached a high of 7.97 VND, a low of 7.91 VND, and closed the hour at 7.91 VND with a trading volume of 402,600 shares."
2025-10-20 14:00:00,7.93,7.93,7.39,7.39,2875300,AAA,"At 2025-10-20 14:00:00, the stock AAA opened at 7.93 VND, reached a high of 7.93 VND, a low of 7.39 VND, and closed the hour at 7.39 VND with a trading volume of 2,875,300 shares."
2025-10-21 09:00:00,7.44,7.67,7.44,7.53,1771500,AAA,"At 2025-10-21 09:00:00, the stock AAA opened at 7.44 VND, reached a high of 7.67 VND, a low of 7.44 VND, and closed the hour at 7.53 VND with a trading volume of 1,771,500 shares."
2025-10-21 10:00:00,7.52,7.52,7.4,7.42,528900,AAA,"At 2025-10-21 10:00:00, the stock AAA opened at 7.52 VND, reached a high of 7.52 VND, a low of 7.40 VND, and closed the hour at 7.42 VND with a trading volume of 528,900 shares."
2025-10-21 11:00:00,7.44,7.44,7.39,7.4,339500,AAA,"At 2025-10-21 11:00:00, the stock AAA opened at 7.44 VND, reached a high of 7.44 VND, a low of 7.39 VND, and closed the hour at 7.40 VND with a trading volume of 339,500 shares."
2025-10-21 13:00:00,7.4,7.57,7.4,7.54,773500,AAA,"At 2025-10-21 13:00:00, the stock AAA opened at 7.40 VND, reached a high of 7.57 VND, a low of 7.40 VND, and closed the hour at 7.54 VND with a trading volume of 773,500 shares."
2025-10-21 14:00:00,7.55,7.6,7.53,7.55,349500,AAA,"At 2025-10-21 14:00:00, the stock AAA opened at 7.55 VND, reached a high of 7.60 VND, a low of 7.53 VND, and closed the hour at 7.55 VND with a trading volume of 349,500 shares."
2025-10-22 09:00:00,7.65,7.65,7.57,7.57,211200,AAA,"At 2025-10-22 09:00:00, the stock AAA opened at 7.65 VND, reached a high of 7.65 VND, a low of 7.57 VND, and closed the hour at 7.57 VND with a trading volume of 211,200 shares."
2025-10-22 10:00:00,7.58,7.6,7.55,7.55,187300,AAA,"At 2025-10-22 10:00:00, the stock AAA opened at 7.58 VND, reached a high of 7.60 VND, a low of 7.55 VND, and closed the hour at 7.55 VND with a trading volume of 187,300 shares."
2025-10-22 11:00:00,7.56,7.58,7.54,7.56,62300,AAA,"At 2025-10-22 11:00:00, the stock AAA opened at 7.56 VND, reached a high of 7.58 VND, a low of 7.54 VND, and closed the hour at 7.56 VND with a trading volume of 62,300 shares."
2025-10-22 13:00:00,7.55,7.57,7.52,7.54,167800,AAA,"At 2025-10-22 13:00:00, the stock AAA opened at 7.55 VND, reached a high of 7.57 VND, a low of 7.52 VND, and closed the hour at 7.54 VND with a trading volume of 167,800 shares."
2025-10-22 14:00:00,7.54,7.63,7.52,7.63,251500,AAA,"At 2025-10-22 14:00:00, the stock AAA opened at 7.54 VND, reached a high of 7.63 VND, a low of 7.52 VND, and closed the hour at 7.63 VND with a trading volume of 251,500 shares."
2025-10-23 09:00:00,7.67,7.77,7.67,7.77,383600,AAA,"At 2025-10-23 09:00:00, the stock AAA opened at 7.67 VND, reached a high of 7.77 VND, a low of 7.67 VND, and closed the hour at 7.77 VND with a trading volume of 383,600 shares."
2025-10-23 10:00:00,7.78,7.79,7.72,7.73,117600,AAA,"At 2025-10-23 10:00:00, the stock AAA opened at 7.78 VND, reached a high of 7.79 VND, a low of 7.72 VND, and closed the hour at 7.73 VND with a trading volume of 117,600 shares."
2025-10-23 11:00:00,7.74,7.77,7.71,7.75,54900,AAA,"At 2025-10-23 11:00:00, the stock AAA opened at 7.74 VND, reached a high of 7.77 VND, a low of 7.71 VND, and closed the hour at 7.75 VND with a trading volume of 54,900 shares."
2025-10-23 13:00:00,7.75,7.75,7.68,7.71,182200,AAA,"At 2025-10-23 13:00:00, the stock AAA opened at 7.75 VND, reached a high of 7.75 VND, a low of 7.68 VND, and closed the hour at 7.71 VND with a trading volume of 182,200 shares."
2025-10-23 14:00:00,7.71,7.72,7.69,7.69,189100,AAA,"At 2025-10-23 14:00:00, the stock AAA opened at 7.71 VND, reached a high of 7.72 VND, a low of 7.69 VND, and closed the hour at 7.69 VND with a trading volume of 189,100 shares."
2025-10-24 09:00:00,7.7,7.7,7.58,7.6,256800,AAA,"At 2025-10-24 09:00:00, the stock AAA opened at 7.70 VND, reached a high of 7.70 VND, a low of 7.58 VND, and closed the hour at 7.60 VND with a trading volume of 256,800 shares."
2025-10-24 10:00:00,7.64,7.64,7.56,7.56,323900,AAA,"At 2025-10-24 10:00:00, the stock AAA opened at 7.64 VND, reached a high of 7.64 VND, a low of 7.56 VND, and closed the hour at 7.56 VND with a trading volume of 323,900 shares."
2025-10-24 11:00:00,7.57,7.6,7.55,7.58,70800,AAA,"At 2025-10-24 11:00:00, the stock AAA opened at 7.57 VND, reached a high of 7.60 VND, a low of 7.55 VND, and closed the hour at 7.58 VND with a trading volume of 70,800 shares."
2025-10-24 13:00:00,7.58,7.66,7.57,7.65,133600,AAA,"At 2025-10-24 13:00:00, the stock AAA opened at 7.58 VND, reached a high of 7.66 VND, a low of 7.57 VND, and closed the hour at 7.65 VND with a trading volume of 133,600 shares."
2025-10-24 14:00:00,7.65,7.66,7.62,7.64,94500,AAA,"At 2025-10-24 14:00:00, the stock AAA opened at 7.65 VND, reached a high of 7.66 VND, a low of 7.62 VND, and closed the hour at 7.64 VND with a trading volume of 94,500 shares."
2025-10-27 09:00:00,7.65,7.75,7.65,7.66,201300,AAA,"At 2025-10-27 09:00:00, the stock AAA opened at 7.65 VND, reached a high of 7.75 VND, a low of 7.65 VND, and closed the hour at 7.66 VND with a trading volume of 201,300 shares."
2025-10-27 10:00:00,7.66,7.66,7.6,7.6,138700,AAA,"At 2025-10-27 10:00:00, the stock AAA opened at 7.66 VND, reached a high of 7.66 VND, a low of 7.60 VND, and closed the hour at 7.60 VND with a trading volume of 138,700 shares."
2025-10-27 11:00:00,7.61,7.64,7.61,7.64,129000,AAA,"At 2025-10-27 11:00:00, the stock AAA opened at 7.61 VND, reached a high of 7.64 VND, a low of 7.61 VND, and closed the hour at 7.64 VND with a trading volume of 129,000 shares."
2025-10-27 13:00:00,7.64,7.69,7.61,7.69,147700,AAA,"At 2025-10-27 13:00:00, the stock AAA opened at 7.64 VND, reached a high of 7.69 VND, a low of 7.61 VND, and closed the hour at 7.69 VND with a trading volume of 147,700 shares."
2025-10-27 14:00:00,7.69,7.69,7.59,7.59,177700,AAA,"At 2025-10-27 14:00:00, the stock AAA opened at 7.69 VND, reached a high of 7.69 VND, a low of 7.59 VND, and closed the hour at 7.59 VND with a trading volume of 177,700 shares."
2025-10-28 09:00:00,7.59,7.64,7.58,7.59,77100,AAA,"At 2025-10-28 09:00:00, the stock AAA opened at 7.59 VND, reached a high of 7.64 VND, a low of 7.58 VND, and closed the hour at 7.59 VND with a trading volume of 77,100 shares."
2025-10-28 10:00:00,7.58,7.6,7.57,7.58,113700,AAA,"At 2025-10-28 10:00:00, the stock AAA opened at 7.58 VND, reached a high of 7.60 VND, a low of 7.57 VND, and closed the hour at 7.58 VND with a trading volume of 113,700 shares."
2025-10-28 11:00:00,7.58,7.58,7.54,7.54,233700,AAA,"At 2025-10-28 11:00:00, the stock AAA opened at 7.58 VND, reached a high of 7.58 VND, a low of 7.54 VND, and closed the hour at 7.54 VND with a trading volume of 233,700 shares."
2025-10-28 13:00:00,7.55,7.56,7.51,7.56,389400,AAA,"At 2025-10-28 13:00:00, the stock AAA opened at 7.55 VND, reached a high of 7.56 VND, a low of 7.51 VND, and closed the hour at 7.56 VND with a trading volume of 389,400 shares."
2025-10-28 14:00:00,7.57,7.65,7.57,7.61,355100,AAA,"At 2025-10-28 14:00:00, the stock AAA opened at 7.57 VND, reached a high of 7.65 VND, a low of 7.57 VND, and closed the hour at 7.61 VND with a trading volume of 355,100 shares."
2025-10-29 09:00:00,7.75,7.9,7.75,7.87,857400,AAA,"At 2025-10-29 09:00:00, the stock AAA opened at 7.75 VND, reached a high of 7.90 VND, a low of 7.75 VND, and closed the hour at 7.87 VND with a trading volume of 857,400 shares."
2025-10-29 10:00:00,7.88,7.94,7.86,7.91,509100,AAA,"At 2025-10-29 10:00:00, the stock AAA opened at 7.88 VND, reached a high of 7.94 VND, a low of 7.86 VND, and closed the hour at 7.91 VND with a trading volume of 509,100 shares."
2025-10-29 11:00:00,7.91,7.92,7.9,7.91,72700,AAA,"At 2025-10-29 11:00:00, the stock AAA opened at 7.91 VND, reached a high of 7.92 VND, a low of 7.90 VND, and closed the hour at 7.91 VND with a trading volume of 72,700 shares."
2025-10-29 13:00:00,7.91,8.08,7.89,8.04,1022700,AAA,"At 2025-10-29 13:00:00, the stock AAA opened at 7.91 VND, reached a high of 8.08 VND, a low of 7.89 VND, and closed the hour at 8.04 VND with a trading volume of 1,022,700 shares."
2025-10-29 14:00:00,8.04,8.06,7.98,8.04,500100,AAA,"At 2025-10-29 14:00:00, the stock AAA opened at 8.04 VND, reached a high of 8.06 VND, a low of 7.98 VND, and closed the hour at 8.04 VND with a trading volume of 500,100 shares."
2025-10-30 09:00:00,8.12,8.26,8.08,8.16,1032900,AAA,"At 2025-10-30 09:00:00, the stock AAA opened at 8.12 VND, reached a high of 8.26 VND, a low of 8.08 VND, and closed the hour at 8.16 VND with a trading volume of 1,032,900 shares."
2025-10-30 10:00:00,8.15,8.18,8.11,8.13,520300,AAA,"At 2025-10-30 10:00:00, the stock AAA opened at 8.15 VND, reached a high of 8.18 VND, a low of 8.11 VND, and closed the hour at 8.13 VND with a trading volume of 520,300 shares."
2025-10-30 11:00:00,8.13,8.14,8.1,8.12,195800,AAA,"At 2025-10-30 11:00:00, the stock AAA opened at 8.13 VND, reached a high of 8.14 VND, a low of 8.10 VND, and closed the hour at 8.12 VND with a trading volume of 195,800 shares."
2025-10-30 13:00:00,8.12,8.3,8.1,8.22,1073800,AAA,"At 2025-10-30 13:00:00, the stock AAA opened at 8.12 VND, reached a high of 8.30 VND, a low of 8.10 VND, and closed the hour at 8.22 VND with a trading volume of 1,073,800 shares."
2025-10-30 14:00:00,8.2,8.24,8.17,8.23,545500,AAA,"At 2025-10-30 14:00:00, the stock AAA opened at 8.20 VND, reached a high of 8.24 VND, a low of 8.17 VND, and closed the hour at 8.23 VND with a trading volume of 545,500 shares."
2025-10-31 09:00:00,8.23,8.31,8.23,8.23,554200,AAA,"At 2025-10-31 09:00:00, the stock AAA opened at 8.23 VND, reached a high of 8.31 VND, a low of 8.23 VND, and closed the hour at 8.23 VND with a trading volume of 554,200 shares."
2025-10-31 10:00:00,8.22,8.28,8.2,8.24,308200,AAA,"At 2025-10-31 10:00:00, the stock AAA opened at 8.22 VND, reached a high of 8.28 VND, a low of 8.20 VND, and closed the hour at 8.24 VND with a trading volume of 308,200 shares."
2025-10-31 11:00:00,8.24,8.24,8.22,8.23,44800,AAA,"At 2025-10-31 11:00:00, the stock AAA opened at 8.24 VND, reached a high of 8.24 VND, a low of 8.22 VND, and closed the hour at 8.23 VND with a trading volume of 44,800 shares."
2025-10-31 13:00:00,8.22,8.23,8.18,8.2,325000,AAA,"At 2025-10-31 13:00:00, the stock AAA opened at 8.22 VND, reached a high of 8.23 VND, a low of 8.18 VND, and closed the hour at 8.20 VND with a trading volume of 325,000 shares."
2025-10-31 14:00:00,8.2,8.22,8.15,8.15,384700,AAA,"At 2025-10-31 14:00:00, the stock AAA opened at 8.20 VND, reached a high of 8.22 VND, a low of 8.15 VND, and closed the hour at 8.15 VND with a trading volume of 384,700 shares."
2025-11-03 09:00:00,8.15,8.19,8.11,8.14,284000,AAA,"At 2025-11-03 09:00:00, the stock AAA opened at 8.15 VND, reached a high of 8.19 VND, a low of 8.11 VND, and closed the hour at 8.14 VND with a trading volume of 284,000 shares."
2025-11-03 10:00:00,8.13,8.16,8.08,8.14,422400,AAA,"At 2025-11-03 10:00:00, the stock AAA opened at 8.13 VND, reached a high of 8.16 VND, a low of 8.08 VND, and closed the hour at 8.14 VND with a trading volume of 422,400 shares."
2025-11-03 11:00:00,8.15,8.16,8.11,8.15,101900,AAA,"At 2025-11-03 11:00:00, the stock AAA opened at 8.15 VND, reached a high of 8.16 VND, a low of 8.11 VND, and closed the hour at 8.15 VND with a trading volume of 101,900 shares."
2025-11-03 13:00:00,8.15,8.15,8.08,8.1,409800,AAA,"At 2025-11-03 13:00:00, the stock AAA opened at 8.15 VND, reached a high of 8.15 VND, a low of 8.08 VND, and closed the hour at 8.10 VND with a trading volume of 409,800 shares."
2025-11-03 14:00:00,8.1,8.16,8.0,8.0,886900,AAA,"At 2025-11-03 14:00:00, the stock AAA opened at 8.10 VND, reached a high of 8.16 VND, a low of 8.00 VND, and closed the hour at 8.00 VND with a trading volume of 886,900 shares."
2025-11-04 09:00:00,8.0,8.05,7.99,8.04,423300,AAA,"At 2025-11-04 09:00:00, the stock AAA opened at 8.00 VND, reached a high of 8.05 VND, a low of 7.99 VND, and closed the hour at 8.04 VND with a trading volume of 423,300 shares."
2025-11-04 10:00:00,8.04,8.04,7.88,7.89,720500,AAA,"At 2025-11-04 10:00:00, the stock AAA opened at 8.04 VND, reached a high of 8.04 VND, a low of 7.88 VND, and closed the hour at 7.89 VND with a trading volume of 720,500 shares."
2025-11-04 11:00:00,7.9,7.93,7.85,7.9,227300,AAA,"At 2025-11-04 11:00:00, the stock AAA opened at 7.90 VND, reached a high of 7.93 VND, a low of 7.85 VND, and closed the hour at 7.90 VND with a trading volume of 227,300 shares."
2025-11-04 13:00:00,7.9,8.03,7.79,8.01,972800,AAA,"At 2025-11-04 13:00:00, the stock AAA opened at 7.90 VND, reached a high of 8.03 VND, a low of 7.79 VND, and closed the hour at 8.01 VND with a trading volume of 972,800 shares."
2025-11-04 14:00:00,8.01,8.3,7.96,8.12,674800,AAA,"At 2025-11-04 14:00:00, the stock AAA opened at 8.01 VND, reached a high of 8.30 VND, a low of 7.96 VND, and closed the hour at 8.12 VND with a trading volume of 674,800 shares."
2025-11-05 09:00:00,8.09,8.15,8.09,8.15,325900,AAA,"At 2025-11-05 09:00:00, the stock AAA opened at 8.09 VND, reached a high of 8.15 VND, a low of 8.09 VND, and closed the hour at 8.15 VND with a trading volume of 325,900 shares."
2025-11-05 10:00:00,8.15,8.15,8.07,8.09,158400,AAA,"At 2025-11-05 10:00:00, the stock AAA opened at 8.15 VND, reached a high of 8.15 VND, a low of 8.07 VND, and closed the hour at 8.09 VND with a trading volume of 158,400 shares."
2025-11-05 11:00:00,8.09,8.11,8.08,8.11,63600,AAA,"At 2025-11-05 11:00:00, the stock AAA opened at 8.09 VND, reached a high of 8.11 VND, a low of 8.08 VND, and closed the hour at 8.11 VND with a trading volume of 63,600 shares."
2025-11-05 13:00:00,8.09,8.1,8.03,8.07,167900,AAA,"At 2025-11-05 13:00:00, the stock AAA opened at 8.09 VND, reached a high of 8.10 VND, a low of 8.03 VND, and closed the hour at 8.07 VND with a trading volume of 167,900 shares."
2025-11-05 14:00:00,8.07,8.1,8.06,8.07,227900,AAA,"At 2025-11-05 14:00:00, the stock AAA opened at 8.07 VND, reached a high of 8.10 VND, a low of 8.06 VND, and closed the hour at 8.07 VND with a trading volume of 227,900 shares."
2025-11-06 09:00:00,8.08,8.15,8.08,8.13,258300,AAA,"At 2025-11-06 09:00:00, the stock AAA opened at 8.08 VND, reached a high of 8.15 VND, a low of 8.08 VND, and closed the hour at 8.13 VND with a trading volume of 258,300 shares."
2025-11-06 10:00:00,8.12,8.12,8.07,8.09,170000,AAA,"At 2025-11-06 10:00:00, the stock AAA opened at 8.12 VND, reached a high of 8.12 VND, a low of 8.07 VND, and closed the hour at 8.09 VND with a trading volume of 170,000 shares."
2025-11-06 11:00:00,8.09,8.09,8.05,8.07,148600,AAA,"At 2025-11-06 11:00:00, the stock AAA opened at 8.09 VND, reached a high of 8.09 VND, a low of 8.05 VND, and closed the hour at 8.07 VND with a trading volume of 148,600 shares."
2025-11-06 13:00:00,8.06,8.11,8.04,8.08,291200,AAA,"At 2025-11-06 13:00:00, the stock AAA opened at 8.06 VND, reached a high of 8.11 VND, a low of 8.04 VND, and closed the hour at 8.08 VND with a trading volume of 291,200 shares."
2025-11-06 14:00:00,8.08,8.12,8.06,8.12,335800,AAA,"At 2025-11-06 14:00:00, the stock AAA opened at 8.08 VND, reached a high of 8.12 VND, a low of 8.06 VND, and closed the hour at 8.12 VND with a trading volume of 335,800 shares."
2025-11-07 09:00:00,8.12,8.12,8.08,8.08,72900,AAA,"At 2025-11-07 09:00:00, the stock AAA opened at 8.12 VND, reached a high of 8.12 VND, a low of 8.08 VND, and closed the hour at 8.08 VND with a trading volume of 72,900 shares."
2025-11-07 10:00:00,8.08,8.13,8.03,8.13,185100,AAA,"At 2025-11-07 10:00:00, the stock AAA opened at 8.08 VND, reached a high of 8.13 VND, a low of 8.03 VND, and closed the hour at 8.13 VND with a trading volume of 185,100 shares."
2025-11-07 11:00:00,8.13,8.14,8.05,8.05,91000,AAA,"At 2025-11-07 11:00:00, the stock AAA opened at 8.13 VND, reached a high of 8.14 VND, a low of 8.05 VND, and closed the hour at 8.05 VND with a trading volume of 91,000 shares."
2025-11-07 13:00:00,8.05,8.07,8.0,8.04,234400,AAA,"At 2025-11-07 13:00:00, the stock AAA opened at 8.05 VND, reached a high of 8.07 VND, a low of 8.00 VND, and closed the hour at 8.04 VND with a trading volume of 234,400 shares."
2025-11-07 14:00:00,8.03,8.03,7.93,7.95,458100,AAA,"At 2025-11-07 14:00:00, the stock AAA opened at 8.03 VND, reached a high of 8.03 VND, a low of 7.93 VND, and closed the hour at 7.95 VND with a trading volume of 458,100 shares."
2025-11-10 09:00:00,7.95,7.95,7.9,7.93,152300,AAA,"At 2025-11-10 09:00:00, the stock AAA opened at 7.95 VND, reached a high of 7.95 VND, a low of 7.90 VND, and closed the hour at 7.93 VND with a trading volume of 152,300 shares."
2025-11-10 10:00:00,7.93,8.06,7.87,7.89,378900,AAA,"At 2025-11-10 10:00:00, the stock AAA opened at 7.93 VND, reached a high of 8.06 VND, a low of 7.87 VND, and closed the hour at 7.89 VND with a trading volume of 378,900 shares."
2025-11-10 11:00:00,7.9,7.96,7.88,7.95,67600,AAA,"At 2025-11-10 11:00:00, the stock AAA opened at 7.90 VND, reached a high of 7.96 VND, a low of 7.88 VND, and closed the hour at 7.95 VND with a trading volume of 67,600 shares."
2025-11-10 13:00:00,7.96,7.98,7.88,7.96,408900,AAA,"At 2025-11-10 13:00:00, the stock AAA opened at 7.96 VND, reached a high of 7.98 VND, a low of 7.88 VND, and closed the hour at 7.96 VND with a trading volume of 408,900 shares."
2025-11-10 14:00:00,7.94,7.98,7.8,7.8,464400,AAA,"At 2025-11-10 14:00:00, the stock AAA opened at 7.94 VND, reached a high of 7.98 VND, a low of 7.80 VND, and closed the hour at 7.80 VND with a trading volume of 464,400 shares."
2025-11-11 09:00:00,7.85,7.9,7.85,7.89,156900,AAA,"At 2025-11-11 09:00:00, the stock AAA opened at 7.85 VND, reached a high of 7.90 VND, a low of 7.85 VND, and closed the hour at 7.89 VND with a trading volume of 156,900 shares."
2025-11-11 10:00:00,7.87,7.89,7.8,7.84,141300,AAA,"At 2025-11-11 10:00:00, the stock AAA opened at 7.87 VND, reached a high of 7.89 VND, a low of 7.80 VND, and closed the hour at 7.84 VND with a trading volume of 141,300 shares."
2025-11-11 11:00:00,7.83,7.83,7.8,7.82,37100,AAA,"At 2025-11-11 11:00:00, the stock AAA opened at 7.83 VND, reached a high of 7.83 VND, a low of 7.80 VND, and closed the hour at 7.82 VND with a trading volume of 37,100 shares."
2025-11-11 13:00:00,7.82,7.87,7.79,7.85,257000,AAA,"At 2025-11-11 13:00:00, the stock AAA opened at 7.82 VND, reached a high of 7.87 VND, a low of 7.79 VND, and closed the hour at 7.85 VND with a trading volume of 257,000 shares."
2025-11-11 14:00:00,7.85,7.91,7.8,7.91,365000,AAA,"At 2025-11-11 14:00:00, the stock AAA opened at 7.85 VND, reached a high of 7.91 VND, a low of 7.80 VND, and closed the hour at 7.91 VND with a trading volume of 365,000 shares."
2025-11-12 09:00:00,7.91,7.97,7.91,7.93,148500,AAA,"At 2025-11-12 09:00:00, the stock AAA opened at 7.91 VND, reached a high of 7.97 VND, a low of 7.91 VND, and closed the hour at 7.93 VND with a trading volume of 148,500 shares."
2025-11-12 10:00:00,7.93,7.94,7.9,7.92,121400,AAA,"At 2025-11-12 10:00:00, the stock AAA opened at 7.93 VND, reached a high of 7.94 VND, a low of 7.90 VND, and closed the hour at 7.92 VND with a trading volume of 121,400 shares."
2025-11-12 11:00:00,7.92,7.94,7.92,7.93,54800,AAA,"At 2025-11-12 11:00:00, the stock AAA opened at 7.92 VND, reached a high of 7.94 VND, a low of 7.92 VND, and closed the hour at 7.93 VND with a trading volume of 54,800 shares."
2025-11-12 13:00:00,7.92,7.99,7.92,7.98,297200,AAA,"At 2025-11-12 13:00:00, the stock AAA opened at 7.92 VND, reached a high of 7.99 VND, a low of 7.92 VND, and closed the hour at 7.98 VND with a trading volume of 297,200 shares."
2025-11-12 14:00:00,7.99,8.02,7.97,8.02,395400,AAA,"At 2025-11-12 14:00:00, the stock AAA opened at 7.99 VND, reached a high of 8.02 VND, a low of 7.97 VND, and closed the hour at 8.02 VND with a trading volume of 395,400 shares."
2025-11-13 09:00:00,8.02,8.03,7.98,8.02,145100,AAA,"At 2025-11-13 09:00:00, the stock AAA opened at 8.02 VND, reached a high of 8.03 VND, a low of 7.98 VND, and closed the hour at 8.02 VND with a trading volume of 145,100 shares."
2025-11-13 10:00:00,8.0,8.02,7.99,8.01,96600,AAA,"At 2025-11-13 10:00:00, the stock AAA opened at 8.00 VND, reached a high of 8.02 VND, a low of 7.99 VND, and closed the hour at 8.01 VND with a trading volume of 96,600 shares."
2025-11-13 11:00:00,8.0,8.01,8.0,8.01,40900,AAA,"At 2025-11-13 11:00:00, the stock AAA opened at 8.00 VND, reached a high of 8.01 VND, a low of 8.00 VND, and closed the hour at 8.01 VND with a trading volume of 40,900 shares."
2025-11-13 13:00:00,8.0,8.01,7.96,7.98,367500,AAA,"At 2025-11-13 13:00:00, the stock AAA opened at 8.00 VND, reached a high of 8.01 VND, a low of 7.96 VND, and closed the hour at 7.98 VND with a trading volume of 367,500 shares."
2025-11-13 14:00:00,7.98,8.0,7.96,7.96,285300,AAA,"At 2025-11-13 14:00:00, the stock AAA opened at 7.98 VND, reached a high of 8.00 VND, a low of 7.96 VND, and closed the hour at 7.96 VND with a trading volume of 285,300 shares."
2025-11-14 09:00:00,7.97,7.97,7.93,7.95,216700,AAA,"At 2025-11-14 09:00:00, the stock AAA opened at 7.97 VND, reached a high of 7.97 VND, a low of 7.93 VND, and closed the hour at 7.95 VND with a trading volume of 216,700 shares."
2025-11-14 10:00:00,7.95,7.96,7.89,7.89,274400,AAA,"At 2025-11-14 10:00:00, the stock AAA opened at 7.95 VND, reached a high of 7.96 VND, a low of 7.89 VND, and closed the hour at 7.89 VND with a trading volume of 274,400 shares."
2025-11-14 11:00:00,7.93,7.93,7.89,7.92,151700,AAA,"At 2025-11-14 11:00:00, the stock AAA opened at 7.93 VND, reached a high of 7.93 VND, a low of 7.89 VND, and closed the hour at 7.92 VND with a trading volume of 151,700 shares."
2025-11-14 13:00:00,7.93,7.96,7.88,7.91,460700,AAA,"At 2025-11-14 13:00:00, the stock AAA opened at 7.93 VND, reached a high of 7.96 VND, a low of 7.88 VND, and closed the hour at 7.91 VND with a trading volume of 460,700 shares."
2025-11-14 14:00:00,7.92,7.95,7.9,7.9,356500,AAA,"At 2025-11-14 14:00:00, the stock AAA opened at 7.92 VND, reached a high of 7.95 VND, a low of 7.90 VND, and closed the hour at 7.90 VND with a trading volume of 356,500 shares."
2025-11-17 09:00:00,7.95,7.96,7.92,7.95,201400,AAA,"At 2025-11-17 09:00:00, the stock AAA opened at 7.95 VND, reached a high of 7.96 VND, a low of 7.92 VND, and closed the hour at 7.95 VND with a trading volume of 201,400 shares."
2025-11-17 10:00:00,7.95,8.1,7.95,8.03,367900,AAA,"At 2025-11-17 10:00:00, the stock AAA opened at 7.95 VND, reached a high of 8.10 VND, a low of 7.95 VND, and closed the hour at 8.03 VND with a trading volume of 367,900 shares."
2025-11-17 11:00:00,8.03,8.06,8.03,8.06,33900,AAA,"At 2025-11-17 11:00:00, the stock AAA opened at 8.03 VND, reached a high of 8.06 VND, a low of 8.03 VND, and closed the hour at 8.06 VND with a trading volume of 33,900 shares."
2025-11-17 13:00:00,8.05,8.12,8.04,8.08,541400,AAA,"At 2025-11-17 13:00:00, the stock AAA opened at 8.05 VND, reached a high of 8.12 VND, a low of 8.04 VND, and closed the hour at 8.08 VND with a trading volume of 541,400 shares."
2025-11-17 14:00:00,8.08,8.11,8.05,8.05,430500,AAA,"At 2025-11-17 14:00:00, the stock AAA opened at 8.08 VND, reached a high of 8.11 VND, a low of 8.05 VND, and closed the hour at 8.05 VND with a trading volume of 430,500 shares."
2025-11-18 09:00:00,8.06,8.39,8.05,8.28,1859700,AAA,"At 2025-11-18 09:00:00, the stock AAA opened at 8.06 VND, reached a high of 8.39 VND, a low of 8.05 VND, and closed the hour at 8.28 VND with a trading volume of 1,859,700 shares."
2025-11-18 10:00:00,8.28,8.34,8.25,8.27,971500,AAA,"At 2025-11-18 10:00:00, the stock AAA opened at 8.28 VND, reached a high of 8.34 VND, a low of 8.25 VND, and closed the hour at 8.27 VND with a trading volume of 971,500 shares."
2025-11-18 11:00:00,8.28,8.28,8.24,8.24,137300,AAA,"At 2025-11-18 11:00:00, the stock AAA opened at 8.28 VND, reached a high of 8.28 VND, a low of 8.24 VND, and closed the hour at 8.24 VND with a trading volume of 137,300 shares."
2025-11-18 13:00:00,8.24,8.25,8.16,8.22,562300,AAA,"At 2025-11-18 13:00:00, the stock AAA opened at 8.24 VND, reached a high of 8.25 VND, a low of 8.16 VND, and closed the hour at 8.22 VND with a trading volume of 562,300 shares."
2025-11-18 14:00:00,8.21,8.23,8.15,8.18,412600,AAA,"At 2025-11-18 14:00:00, the stock AAA opened at 8.21 VND, reached a high of 8.23 VND, a low of 8.15 VND, and closed the hour at 8.18 VND with a trading volume of 412,600 shares."
2025-11-19 09:00:00,8.19,8.23,8.18,8.19,191000,AAA,"At 2025-11-19 09:00:00, the stock AAA opened at 8.19 VND, reached a high of 8.23 VND, a low of 8.18 VND, and closed the hour at 8.19 VND with a trading volume of 191,000 shares."
2025-11-19 10:00:00,8.18,8.2,8.16,8.18,388600,AAA,"At 2025-11-19 10:00:00, the stock AAA opened at 8.18 VND, reached a high of 8.20 VND, a low of 8.16 VND, and closed the hour at 8.18 VND with a trading volume of 388,600 shares."
2025-11-19 11:00:00,8.17,8.2,8.17,8.19,36300,AAA,"At 2025-11-19 11:00:00, the stock AAA opened at 8.17 VND, reached a high of 8.20 VND, a low of 8.17 VND, and closed the hour at 8.19 VND with a trading volume of 36,300 shares."
2025-11-19 13:00:00,8.18,8.21,8.12,8.18,380400,AAA,"At 2025-11-19 13:00:00, the stock AAA opened at 8.18 VND, reached a high of 8.21 VND, a low of 8.12 VND, and closed the hour at 8.18 VND with a trading volume of 380,400 shares."
2025-11-19 14:00:00,8.17,8.19,8.13,8.19,394900,AAA,"At 2025-11-19 14:00:00, the stock AAA opened at 8.17 VND, reached a high of 8.19 VND, a low of 8.13 VND, and closed the hour at 8.19 VND with a trading volume of 394,900 shares."
2025-11-20 09:00:00,8.2,8.76,8.2,8.66,7468200,AAA,"At 2025-11-20 09:00:00, the stock AAA opened at 8.20 VND, reached a high of 8.76 VND, a low of 8.20 VND, and closed the hour at 8.66 VND with a trading volume of 7,468,200 shares."
2025-11-20 10:00:00,8.65,8.75,8.65,8.68,1441500,AAA,"At 2025-11-20 10:00:00, the stock AAA opened at 8.65 VND, reached a high of 8.75 VND, a low of 8.65 VND, and closed the hour at 8.68 VND with a trading volume of 1,441,500 shares."
2025-11-20 11:00:00,8.68,8.68,8.56,8.59,409100,AAA,"At 2025-11-20 11:00:00, the stock AAA opened at 8.68 VND, reached a high of 8.68 VND, a low of 8.56 VND, and closed the hour at 8.59 VND with a trading volume of 409,100 shares."
2025-11-20 13:00:00,8.59,8.73,8.56,8.62,1845400,AAA,"At 2025-11-20 13:00:00, the stock AAA opened at 8.59 VND, reached a high of 8.73 VND, a low of 8.56 VND, and closed the hour at 8.62 VND with a trading volume of 1,845,400 shares."
2025-11-20 14:00:00,8.61,8.7,8.6,8.68,548700,AAA,"At 2025-11-20 14:00:00, the stock AAA opened at 8.61 VND, reached a high of 8.70 VND, a low of 8.60 VND, and closed the hour at 8.68 VND with a trading volume of 548,700 shares."
2025-11-21 09:00:00,8.59,8.72,8.5,8.55,716600,AAA,"At 2025-11-21 09:00:00, the stock AAA opened at 8.59 VND, reached a high of 8.72 VND, a low of 8.50 VND, and closed the hour at 8.55 VND with a trading volume of 716,600 shares."
2025-11-21 10:00:00,8.53,8.58,8.51,8.55,304700,AAA,"At 2025-11-21 10:00:00, the stock AAA opened at 8.53 VND, reached a high of 8.58 VND, a low of 8.51 VND, and closed the hour at 8.55 VND with a trading volume of 304,700 shares."
2025-11-21 11:00:00,8.55,8.56,8.44,8.45,303000,AAA,"At 2025-11-21 11:00:00, the stock AAA opened at 8.55 VND, reached a high of 8.56 VND, a low of 8.44 VND, and closed the hour at 8.45 VND with a trading volume of 303,000 shares."
2025-11-21 13:00:00,8.45,8.63,8.45,8.58,602600,AAA,"At 2025-11-21 13:00:00, the stock AAA opened at 8.45 VND, reached a high of 8.63 VND, a low of 8.45 VND, and closed the hour at 8.58 VND with a trading volume of 602,600 shares."
2025-11-21 14:00:00,8.54,8.6,8.52,8.6,417500,AAA,"At 2025-11-21 14:00:00, the stock AAA opened at 8.54 VND, reached a high of 8.60 VND, a low of 8.52 VND, and closed the hour at 8.60 VND with a trading volume of 417,500 shares."
2025-11-24 09:00:00,8.6,8.68,8.6,8.61,460500,AAA,"At 2025-11-24 09:00:00, the stock AAA opened at 8.60 VND, reached a high of 8.68 VND, a low of 8.60 VND, and closed the hour at 8.61 VND with a trading volume of 460,500 shares."
2025-11-24 10:00:00,8.6,8.62,8.52,8.52,377000,AAA,"At 2025-11-24 10:00:00, the stock AAA opened at 8.60 VND, reached a high of 8.62 VND, a low of 8.52 VND, and closed the hour at 8.52 VND with a trading volume of 377,000 shares."
2025-11-24 11:00:00,8.51,8.58,8.51,8.58,136700,AAA,"At 2025-11-24 11:00:00, the stock AAA opened at 8.51 VND, reached a high of 8.58 VND, a low of 8.51 VND, and closed the hour at 8.58 VND with a trading volume of 136,700 shares."
2025-11-24 13:00:00,8.58,8.58,8.4,8.45,2517800,AAA,"At 2025-11-24 13:00:00, the stock AAA opened at 8.58 VND, reached a high of 8.58 VND, a low of 8.40 VND, and closed the hour at 8.45 VND with a trading volume of 2,517,800 shares."
2025-11-24 14:00:00,8.45,8.47,8.35,8.35,1162800,AAA,"At 2025-11-24 14:00:00, the stock AAA opened at 8.45 VND, reached a high of 8.47 VND, a low of 8.35 VND, and closed the hour at 8.35 VND with a trading volume of 1,162,800 shares."
2025-11-25 09:00:00,8.37,8.4,8.3,8.33,789800,AAA,"At 2025-11-25 09:00:00, the stock AAA opened at 8.37 VND, reached a high of 8.40 VND, a low of 8.30 VND, and closed the hour at 8.33 VND with a trading volume of 789,800 shares."
2025-11-25 10:00:00,8.33,8.49,8.33,8.46,627400,AAA,"At 2025-11-25 10:00:00, the stock AAA opened at 8.33 VND, reached a high of 8.49 VND, a low of 8.33 VND, and closed the hour at 8.46 VND with a trading volume of 627,400 shares."
2025-11-25 11:00:00,8.46,8.47,8.39,8.39,241900,AAA,"At 2025-11-25 11:00:00, the stock AAA opened at 8.46 VND, reached a high of 8.47 VND, a low of 8.39 VND, and closed the hour at 8.39 VND with a trading volume of 241,900 shares."
2025-11-25 13:00:00,8.39,8.47,8.36,8.43,695300,AAA,"At 2025-11-25 13:00:00, the stock AAA opened at 8.39 VND, reached a high of 8.47 VND, a low of 8.36 VND, and closed the hour at 8.43 VND with a trading volume of 695,300 shares."
2025-11-25 14:00:00,8.43,8.44,8.31,8.31,723800,AAA,"At 2025-11-25 14:00:00, the stock AAA opened at 8.43 VND, reached a high of 8.44 VND, a low of 8.31 VND, and closed the hour at 8.31 VND with a trading volume of 723,800 shares."
2025-11-26 09:00:00,8.35,8.43,8.32,8.38,241200,AAA,"At 2025-11-26 09:00:00, the stock AAA opened at 8.35 VND, reached a high of 8.43 VND, a low of 8.32 VND, and closed the hour at 8.38 VND with a trading volume of 241,200 shares."
2025-11-26 10:00:00,8.38,8.4,8.35,8.36,292700,AAA,"At 2025-11-26 10:00:00, the stock AAA opened at 8.38 VND, reached a high of 8.40 VND, a low of 8.35 VND, and closed the hour at 8.36 VND with a trading volume of 292,700 shares."
2025-11-26 11:00:00,8.36,8.37,8.36,8.37,41700,AAA,"At 2025-11-26 11:00:00, the stock AAA opened at 8.36 VND, reached a high of 8.37 VND, a low of 8.36 VND, and closed the hour at 8.37 VND with a trading volume of 41,700 shares."
2025-11-26 13:00:00,8.36,8.39,8.33,8.38,665300,AAA,"At 2025-11-26 13:00:00, the stock AAA opened at 8.36 VND, reached a high of 8.39 VND, a low of 8.33 VND, and closed the hour at 8.38 VND with a trading volume of 665,300 shares."
2025-11-26 14:00:00,8.36,8.39,8.34,8.39,300700,AAA,"At 2025-11-26 14:00:00, the stock AAA opened at 8.36 VND, reached a high of 8.39 VND, a low of 8.34 VND, and closed the hour at 8.39 VND with a trading volume of 300,700 shares."
2025-11-27 09:00:00,8.45,8.55,8.41,8.48,776600,AAA,"At 2025-11-27 09:00:00, the stock AAA opened at 8.45 VND, reached a high of 8.55 VND, a low of 8.41 VND, and closed the hour at 8.48 VND with a trading volume of 776,600 shares."
2025-11-27 10:00:00,8.48,8.49,8.43,8.43,414000,AAA,"At 2025-11-27 10:00:00, the stock AAA opened at 8.48 VND, reached a high of 8.49 VND, a low of 8.43 VND, and closed the hour at 8.43 VND with a trading volume of 414,000 shares."
2025-11-27 11:00:00,8.44,8.48,8.41,8.48,251300,AAA,"At 2025-11-27 11:00:00, the stock AAA opened at 8.44 VND, reached a high of 8.48 VND, a low of 8.41 VND, and closed the hour at 8.48 VND with a trading volume of 251,300 shares."
2025-11-27 13:00:00,8.45,8.48,8.41,8.45,302700,AAA,"At 2025-11-27 13:00:00, the stock AAA opened at 8.45 VND, reached a high of 8.48 VND, a low of 8.41 VND, and closed the hour at 8.45 VND with a trading volume of 302,700 shares."
2025-11-27 14:00:00,8.44,8.44,8.31,8.39,464500,AAA,"At 2025-11-27 14:00:00, the stock AAA opened at 8.44 VND, reached a high of 8.44 VND, a low of 8.31 VND, and closed the hour at 8.39 VND with a trading volume of 464,500 shares."
2025-11-28 09:00:00,8.39,8.47,8.32,8.38,273400,AAA,"At 2025-11-28 09:00:00, the stock AAA opened at 8.39 VND, reached a high of 8.47 VND, a low of 8.32 VND, and closed the hour at 8.38 VND with a trading volume of 273,400 shares."
2025-11-28 10:00:00,8.38,8.52,8.38,8.42,588200,AAA,"At 2025-11-28 10:00:00, the stock AAA opened at 8.38 VND, reached a high of 8.52 VND, a low of 8.38 VND, and closed the hour at 8.42 VND with a trading volume of 588,200 shares."
2025-11-28 11:00:00,8.42,8.42,8.4,8.4,162500,AAA,"At 2025-11-28 11:00:00, the stock AAA opened at 8.42 VND, reached a high of 8.42 VND, a low of 8.40 VND, and closed the hour at 8.40 VND with a trading volume of 162,500 shares."
2025-11-28 13:00:00,8.39,8.4,8.34,8.35,540800,AAA,"At 2025-11-28 13:00:00, the stock AAA opened at 8.39 VND, reached a high of 8.40 VND, a low of 8.34 VND, and closed the hour at 8.35 VND with a trading volume of 540,800 shares."
2025-11-28 14:00:00,8.35,8.38,8.3,8.35,639000,AAA,"At 2025-11-28 14:00:00, the stock AAA opened at 8.35 VND, reached a high of 8.38 VND, a low of 8.30 VND, and closed the hour at 8.35 VND with a trading volume of 639,000 shares."
2025-12-01 09:00:00,8.35,8.42,8.35,8.37,203300,AAA,"At 2025-12-01 09:00:00, the stock AAA opened at 8.35 VND, reached a high of 8.42 VND, a low of 8.35 VND, and closed the hour at 8.37 VND with a trading volume of 203,300 shares."
2025-12-01 10:00:00,8.37,8.41,8.36,8.4,267900,AAA,"At 2025-12-01 10:00:00, the stock AAA opened at 8.37 VND, reached a high of 8.41 VND, a low of 8.36 VND, and closed the hour at 8.40 VND with a trading volume of 267,900 shares."
2025-12-01 11:00:00,8.41,8.43,8.39,8.39,74900,AAA,"At 2025-12-01 11:00:00, the stock AAA opened at 8.41 VND, reached a high of 8.43 VND, a low of 8.39 VND, and closed the hour at 8.39 VND with a trading volume of 74,900 shares."
2025-12-01 13:00:00,8.39,8.64,8.36,8.52,1819100,AAA,"At 2025-12-01 13:00:00, the stock AAA opened at 8.39 VND, reached a high of 8.64 VND, a low of 8.36 VND, and closed the hour at 8.52 VND with a trading volume of 1,819,100 shares."
2025-12-01 14:00:00,8.51,8.54,8.38,8.4,643300,AAA,"At 2025-12-01 14:00:00, the stock AAA opened at 8.51 VND, reached a high of 8.54 VND, a low of 8.38 VND, and closed the hour at 8.40 VND with a trading volume of 643,300 shares."
2025-12-02 09:00:00,8.44,8.45,8.38,8.39,215200,AAA,"At 2025-12-02 09:00:00, the stock AAA opened at 8.44 VND, reached a high of 8.45 VND, a low of 8.38 VND, and closed the hour at 8.39 VND with a trading volume of 215,200 shares."
2025-12-02 10:00:00,8.39,8.4,8.32,8.38,702700,AAA,"At 2025-12-02 10:00:00, the stock AAA opened at 8.39 VND, reached a high of 8.40 VND, a low of 8.32 VND, and closed the hour at 8.38 VND with a trading volume of 702,700 shares."
2025-12-02 11:00:00,8.39,8.39,8.33,8.36,148100,AAA,"At 2025-12-02 11:00:00, the stock AAA opened at 8.39 VND, reached a high of 8.39 VND, a low of 8.33 VND, and closed the hour at 8.36 VND with a trading volume of 148,100 shares."
2025-12-02 13:00:00,8.36,8.38,8.33,8.37,274300,AAA,"At 2025-12-02 13:00:00, the stock AAA opened at 8.36 VND, reached a high of 8.38 VND, a low of 8.33 VND, and closed the hour at 8.37 VND with a trading volume of 274,300 shares."
2025-12-02 14:00:00,8.37,8.4,8.35,8.4,221600,AAA,"At 2025-12-02 14:00:00, the stock AAA opened at 8.37 VND, reached a high of 8.40 VND, a low of 8.35 VND, and closed the hour at 8.40 VND with a trading volume of 221,600 shares."
2025-12-03 09:00:00,8.4,8.57,8.4,8.45,971100,AAA,"At 2025-12-03 09:00:00, the stock AAA opened at 8.40 VND, reached a high of 8.57 VND, a low of 8.40 VND, and closed the hour at 8.45 VND with a trading volume of 971,100 shares."
2025-12-03 10:00:00,8.45,8.65,8.45,8.58,1329400,AAA,"At 2025-12-03 10:00:00, the stock AAA opened at 8.45 VND, reached a high of 8.65 VND, a low of 8.45 VND, and closed the hour at 8.58 VND with a trading volume of 1,329,400 shares."
2025-12-03 11:00:00,8.58,8.58,8.55,8.55,143000,AAA,"At 2025-12-03 11:00:00, the stock AAA opened at 8.58 VND, reached a high of 8.58 VND, a low of 8.55 VND, and closed the hour at 8.55 VND with a trading volume of 143,000 shares."
2025-12-03 13:00:00,8.56,8.57,8.48,8.5,648200,AAA,"At 2025-12-03 13:00:00, the stock AAA opened at 8.56 VND, reached a high of 8.57 VND, a low of 8.48 VND, and closed the hour at 8.50 VND with a trading volume of 648,200 shares."
2025-12-03 14:00:00,8.5,8.51,8.46,8.46,647300,AAA,"At 2025-12-03 14:00:00, the stock AAA opened at 8.50 VND, reached a high of 8.51 VND, a low of 8.46 VND, and closed the hour at 8.46 VND with a trading volume of 647,300 shares."
2025-12-04 09:00:00,8.52,8.86,8.49,8.73,2660300,AAA,"At 2025-12-04 09:00:00, the stock AAA opened at 8.52 VND, reached a high of 8.86 VND, a low of 8.49 VND, and closed the hour at 8.73 VND with a trading volume of 2,660,300 shares."
2025-12-04 10:00:00,8.74,8.77,8.7,8.73,1129200,AAA,"At 2025-12-04 10:00:00, the stock AAA opened at 8.74 VND, reached a high of 8.77 VND, a low of 8.70 VND, and closed the hour at 8.73 VND with a trading volume of 1,129,200 shares."
2025-12-04 11:00:00,8.72,8.73,8.69,8.7,258300,AAA,"At 2025-12-04 11:00:00, the stock AAA opened at 8.72 VND, reached a high of 8.73 VND, a low of 8.69 VND, and closed the hour at 8.70 VND with a trading volume of 258,300 shares."
2025-12-04 13:00:00,8.69,8.73,8.61,8.63,898800,AAA,"At 2025-12-04 13:00:00, the stock AAA opened at 8.69 VND, reached a high of 8.73 VND, a low of 8.61 VND, and closed the hour at 8.63 VND with a trading volume of 898,800 shares."
2025-12-04 14:00:00,8.63,8.66,8.58,8.62,564400,AAA,"At 2025-12-04 14:00:00, the stock AAA opened at 8.63 VND, reached a high of 8.66 VND, a low of 8.58 VND, and closed the hour at 8.62 VND with a trading volume of 564,400 shares."
2025-12-05 09:00:00,8.7,8.76,8.65,8.7,824100,AAA,"At 2025-12-05 09:00:00, the stock AAA opened at 8.70 VND, reached a high of 8.76 VND, a low of 8.65 VND, and closed the hour at 8.70 VND with a trading volume of 824,100 shares."
2025-12-05 10:00:00,8.7,8.78,8.67,8.76,1343800,AAA,"At 2025-12-05 10:00:00, the stock AAA opened at 8.70 VND, reached a high of 8.78 VND, a low of 8.67 VND, and closed the hour at 8.76 VND with a trading volume of 1,343,800 shares."
2025-12-05 11:00:00,8.76,8.76,8.72,8.73,206600,AAA,"At 2025-12-05 11:00:00, the stock AAA opened at 8.76 VND, reached a high of 8.76 VND, a low of 8.72 VND, and closed the hour at 8.73 VND with a trading volume of 206,600 shares."
2025-12-05 13:00:00,8.73,8.74,8.68,8.72,692600,AAA,"At 2025-12-05 13:00:00, the stock AAA opened at 8.73 VND, reached a high of 8.74 VND, a low of 8.68 VND, and closed the hour at 8.72 VND with a trading volume of 692,600 shares."
2025-12-05 14:00:00,8.71,8.73,8.62,8.62,1059700,AAA,"At 2025-12-05 14:00:00, the stock AAA opened at 8.71 VND, reached a high of 8.73 VND, a low of 8.62 VND, and closed the hour at 8.62 VND with a trading volume of 1,059,700 shares."
2025-12-08 09:00:00,8.66,8.66,8.53,8.56,457000,AAA,"At 2025-12-08 09:00:00, the stock AAA opened at 8.66 VND, reached a high of 8.66 VND, a low of 8.53 VND, and closed the hour at 8.56 VND with a trading volume of 457,000 shares."
2025-12-08 10:00:00,8.57,8.64,8.56,8.6,442500,AAA,"At 2025-12-08 10:00:00, the stock AAA opened at 8.57 VND, reached a high of 8.64 VND, a low of 8.56 VND, and closed the hour at 8.60 VND with a trading volume of 442,500 shares."
2025-12-08 11:00:00,8.62,8.62,8.59,8.59,111600,AAA,"At 2025-12-08 11:00:00, the stock AAA opened at 8.62 VND, reached a high of 8.62 VND, a low of 8.59 VND, and closed the hour at 8.59 VND with a trading volume of 111,600 shares."
2025-12-08 13:00:00,8.59,8.59,8.49,8.51,885500,AAA,"At 2025-12-08 13:00:00, the stock AAA opened at 8.59 VND, reached a high of 8.59 VND, a low of 8.49 VND, and closed the hour at 8.51 VND with a trading volume of 885,500 shares."
2025-12-08 14:00:00,8.5,8.53,8.46,8.48,489300,AAA,"At 2025-12-08 14:00:00, the stock AAA opened at 8.50 VND, reached a high of 8.53 VND, a low of 8.46 VND, and closed the hour at 8.48 VND with a trading volume of 489,300 shares."
2025-12-09 09:00:00,8.49,8.97,8.46,8.97,2402300,AAA,"At 2025-12-09 09:00:00, the stock AAA opened at 8.49 VND, reached a high of 8.97 VND, a low of 8.46 VND, and closed the hour at 8.97 VND with a trading volume of 2,402,300 shares."
2025-12-09 10:00:00,8.96,8.96,8.7,8.71,2398200,AAA,"At 2025-12-09 10:00:00, the stock AAA opened at 8.96 VND, reached a high of 8.96 VND, a low of 8.70 VND, and closed the hour at 8.71 VND with a trading volume of 2,398,200 shares."
2025-12-09 11:00:00,8.72,8.75,8.7,8.71,191300,AAA,"At 2025-12-09 11:00:00, the stock AAA opened at 8.72 VND, reached a high of 8.75 VND, a low of 8.70 VND, and closed the hour at 8.71 VND with a trading volume of 191,300 shares."
2025-12-09 13:00:00,8.7,8.94,8.66,8.79,2750600,AAA,"At 2025-12-09 13:00:00, the stock AAA opened at 8.70 VND, reached a high of 8.94 VND, a low of 8.66 VND, and closed the hour at 8.79 VND with a trading volume of 2,750,600 shares."
2025-12-09 14:00:00,8.8,8.85,8.77,8.85,810000,AAA,"At 2025-12-09 14:00:00, the stock AAA opened at 8.80 VND, reached a high of 8.85 VND, a low of 8.77 VND, and closed the hour at 8.85 VND with a trading volume of 810,000 shares."
2025-12-10 09:00:00,8.9,8.94,8.72,8.74,665200,AAA,"At 2025-12-10 09:00:00, the stock AAA opened at 8.90 VND, reached a high of 8.94 VND, a low of 8.72 VND, and closed the hour at 8.74 VND with a trading volume of 665,200 shares."
2025-12-10 10:00:00,8.74,8.78,8.67,8.71,513900,AAA,"At 2025-12-10 10:00:00, the stock AAA opened at 8.74 VND, reached a high of 8.78 VND, a low of 8.67 VND, and closed the hour at 8.71 VND with a trading volume of 513,900 shares."
2025-12-10 11:00:00,8.7,8.72,8.69,8.7,53200,AAA,"At 2025-12-10 11:00:00, the stock AAA opened at 8.70 VND, reached a high of 8.72 VND, a low of 8.69 VND, and closed the hour at 8.70 VND with a trading volume of 53,200 shares."
2025-12-10 13:00:00,8.7,8.72,8.65,8.68,807700,AAA,"At 2025-12-10 13:00:00, the stock AAA opened at 8.70 VND, reached a high of 8.72 VND, a low of 8.65 VND, and closed the hour at 8.68 VND with a trading volume of 807,700 shares."
2025-12-10 14:00:00,8.68,8.7,8.64,8.64,507200,AAA,"At 2025-12-10 14:00:00, the stock AAA opened at 8.68 VND, reached a high of 8.70 VND, a low of 8.64 VND, and closed the hour at 8.64 VND with a trading volume of 507,200 shares."
2025-12-11 09:00:00,8.7,8.71,8.63,8.65,239400,AAA,"At 2025-12-11 09:00:00, the stock AAA opened at 8.70 VND, reached a high of 8.71 VND, a low of 8.63 VND, and closed the hour at 8.65 VND with a trading volume of 239,400 shares."
2025-12-11 10:00:00,8.65,8.65,8.59,8.65,256000,AAA,"At 2025-12-11 10:00:00, the stock AAA opened at 8.65 VND, reached a high of 8.65 VND, a low of 8.59 VND, and closed the hour at 8.65 VND with a trading volume of 256,000 shares."
2025-12-11 11:00:00,8.65,8.66,8.63,8.64,68200,AAA,"At 2025-12-11 11:00:00, the stock AAA opened at 8.65 VND, reached a high of 8.66 VND, a low of 8.63 VND, and closed the hour at 8.64 VND with a trading volume of 68,200 shares."
2025-12-11 13:00:00,8.64,8.64,8.46,8.53,2091300,AAA,"At 2025-12-11 13:00:00, the stock AAA opened at 8.64 VND, reached a high of 8.64 VND, a low of 8.46 VND, and closed the hour at 8.53 VND with a trading volume of 2,091,300 shares."
2025-12-11 14:00:00,8.53,8.55,8.41,8.43,1080100,AAA,"At 2025-12-11 14:00:00, the stock AAA opened at 8.53 VND, reached a high of 8.55 VND, a low of 8.41 VND, and closed the hour at 8.43 VND with a trading volume of 1,080,100 shares."
2025-12-12 09:00:00,8.45,8.5,8.41,8.44,660800,AAA,"At 2025-12-12 09:00:00, the stock AAA opened at 8.45 VND, reached a high of 8.50 VND, a low of 8.41 VND, and closed the hour at 8.44 VND with a trading volume of 660,800 shares."
2025-12-12 10:00:00,8.44,8.46,8.31,8.33,882300,AAA,"At 2025-12-12 10:00:00, the stock AAA opened at 8.44 VND, reached a high of 8.46 VND, a low of 8.31 VND, and closed the hour at 8.33 VND with a trading volume of 882,300 shares."
2025-12-12 11:00:00,8.33,8.35,8.3,8.3,449100,AAA,"At 2025-12-12 11:00:00, the stock AAA opened at 8.33 VND, reached a high of 8.35 VND, a low of 8.30 VND, and closed the hour at 8.30 VND with a trading volume of 449,100 shares."
2025-12-12 13:00:00,8.31,8.32,8.16,8.2,1557600,AAA,"At 2025-12-12 13:00:00, the stock AAA opened at 8.31 VND, reached a high of 8.32 VND, a low of 8.16 VND, and closed the hour at 8.20 VND with a trading volume of 1,557,600 shares."
2025-12-12 14:00:00,8.22,8.24,7.95,7.95,2957300,AAA,"At 2025-12-12 14:00:00, the stock AAA opened at 8.22 VND, reached a high of 8.24 VND, a low of 7.95 VND, and closed the hour at 7.95 VND with a trading volume of 2,957,300 shares."
2025-12-15 09:00:00,8.04,8.08,7.98,8.06,554200,AAA,"At 2025-12-15 09:00:00, the stock AAA opened at 8.04 VND, reached a high of 8.08 VND, a low of 7.98 VND, and closed the hour at 8.06 VND with a trading volume of 554,200 shares."
2025-12-15 10:00:00,8.06,8.09,8.04,8.06,183300,AAA,"At 2025-12-15 10:00:00, the stock AAA opened at 8.06 VND, reached a high of 8.09 VND, a low of 8.04 VND, and closed the hour at 8.06 VND with a trading volume of 183,300 shares."
2025-12-15 11:00:00,8.06,8.07,8.0,8.0,442000,AAA,"At 2025-12-15 11:00:00, the stock AAA opened at 8.06 VND, reached a high of 8.07 VND, a low of 8.00 VND, and closed the hour at 8.00 VND with a trading volume of 442,000 shares."
2025-12-15 13:00:00,8.0,8.05,7.95,7.95,478700,AAA,"At 2025-12-15 13:00:00, the stock AAA opened at 8.00 VND, reached a high of 8.05 VND, a low of 7.95 VND, and closed the hour at 7.95 VND with a trading volume of 478,700 shares."
2025-12-15 14:00:00,7.97,8.04,7.95,7.98,548600,AAA,"At 2025-12-15 14:00:00, the stock AAA opened at 7.97 VND, reached a high of 8.04 VND, a low of 7.95 VND, and closed the hour at 7.98 VND with a trading volume of 548,600 shares."
2025-12-16 09:00:00,7.99,8.09,7.99,8.03,147400,AAA,"At 2025-12-16 09:00:00, the stock AAA opened at 7.99 VND, reached a high of 8.09 VND, a low of 7.99 VND, and closed the hour at 8.03 VND with a trading volume of 147,400 shares."
2025-12-16 10:00:00,8.02,8.03,7.94,7.97,398500,AAA,"At 2025-12-16 10:00:00, the stock AAA opened at 8.02 VND, reached a high of 8.03 VND, a low of 7.94 VND, and closed the hour at 7.97 VND with a trading volume of 398,500 shares."
2025-12-16 11:00:00,7.97,8.0,7.95,7.96,157200,AAA,"At 2025-12-16 11:00:00, the stock AAA opened at 7.97 VND, reached a high of 8.00 VND, a low of 7.95 VND, and closed the hour at 7.96 VND with a trading volume of 157,200 shares."
2025-12-16 13:00:00,7.96,8.14,7.95,8.12,407500,AAA,"At 2025-12-16 13:00:00, the stock AAA opened at 7.96 VND, reached a high of 8.14 VND, a low of 7.95 VND, and closed the hour at 8.12 VND with a trading volume of 407,500 shares."
2025-12-16 14:00:00,8.13,8.22,8.1,8.14,389700,AAA,"At 2025-12-16 14:00:00, the stock AAA opened at 8.13 VND, reached a high of 8.22 VND, a low of 8.10 VND, and closed the hour at 8.14 VND with a trading volume of 389,700 shares."
2025-12-17 09:00:00,8.1,8.19,8.1,8.14,198600,AAA,"At 2025-12-17 09:00:00, the stock AAA opened at 8.10 VND, reached a high of 8.19 VND, a low of 8.10 VND, and closed the hour at 8.14 VND with a trading volume of 198,600 shares."
2025-12-17 10:00:00,8.15,8.16,8.12,8.15,138300,AAA,"At 2025-12-17 10:00:00, the stock AAA opened at 8.15 VND, reached a high of 8.16 VND, a low of 8.12 VND, and closed the hour at 8.15 VND with a trading volume of 138,300 shares."
2025-12-17 11:00:00,8.14,8.14,8.12,8.14,98800,AAA,"At 2025-12-17 11:00:00, the stock AAA opened at 8.14 VND, reached a high of 8.14 VND, a low of 8.12 VND, and closed the hour at 8.14 VND with a trading volume of 98,800 shares."
2025-12-17 13:00:00,8.14,8.15,8.01,8.11,602600,AAA,"At 2025-12-17 13:00:00, the stock AAA opened at 8.14 VND, reached a high of 8.15 VND, a low of 8.01 VND, and closed the hour at 8.11 VND with a trading volume of 602,600 shares."
2025-12-17 14:00:00,8.11,8.13,8.06,8.06,184100,AAA,"At 2025-12-17 14:00:00, the stock AAA opened at 8.11 VND, reached a high of 8.13 VND, a low of 8.06 VND, and closed the hour at 8.06 VND with a trading volume of 184,100 shares."
2025-12-18 09:00:00,8.1,8.12,8.05,8.09,124500,AAA,"At 2025-12-18 09:00:00, the stock AAA opened at 8.10 VND, reached a high of 8.12 VND, a low of 8.05 VND, and closed the hour at 8.09 VND with a trading volume of 124,500 shares."
2025-12-18 10:00:00,8.07,8.11,8.05,8.1,184100,AAA,"At 2025-12-18 10:00:00, the stock AAA opened at 8.07 VND, reached a high of 8.11 VND, a low of 8.05 VND, and closed the hour at 8.10 VND with a trading volume of 184,100 shares."
2025-12-18 11:00:00,8.1,8.1,8.07,8.08,14600,AAA,"At 2025-12-18 11:00:00, the stock AAA opened at 8.10 VND, reached a high of 8.10 VND, a low of 8.07 VND, and closed the hour at 8.08 VND with a trading volume of 14,600 shares."
2025-12-18 13:00:00,8.08,8.1,8.05,8.08,250300,AAA,"At 2025-12-18 13:00:00, the stock AAA opened at 8.08 VND, reached a high of 8.10 VND, a low of 8.05 VND, and closed the hour at 8.08 VND with a trading volume of 250,300 shares."
2025-12-18 14:00:00,8.08,8.1,8.07,8.09,172700,AAA,"At 2025-12-18 14:00:00, the stock AAA opened at 8.08 VND, reached a high of 8.10 VND, a low of 8.07 VND, and closed the hour at 8.09 VND with a trading volume of 172,700 shares."
2025-12-19 09:00:00,8.15,8.15,8.06,8.09,129600,AAA,"At 2025-12-19 09:00:00, the stock AAA opened at 8.15 VND, reached a high of 8.15 VND, a low of 8.06 VND, and closed the hour at 8.09 VND with a trading volume of 129,600 shares."
2025-12-19 10:00:00,8.09,8.09,8.05,8.05,367400,AAA,"At 2025-12-19 10:00:00, the stock AAA opened at 8.09 VND, reached a high of 8.09 VND, a low of 8.05 VND, and closed the hour at 8.05 VND with a trading volume of 367,400 shares."
2025-12-19 11:00:00,8.05,8.08,8.05,8.08,87600,AAA,"At 2025-12-19 11:00:00, the stock AAA opened at 8.05 VND, reached a high of 8.08 VND, a low of 8.05 VND, and closed the hour at 8.08 VND with a trading volume of 87,600 shares."
2025-12-19 13:00:00,8.06,8.08,8.02,8.04,304800,AAA,"At 2025-12-19 13:00:00, the stock AAA opened at 8.06 VND, reached a high of 8.08 VND, a low of 8.02 VND, and closed the hour at 8.04 VND with a trading volume of 304,800 shares."
2025-12-19 14:00:00,8.04,8.06,8.02,8.02,361500,AAA,"At 2025-12-19 14:00:00, the stock AAA opened at 8.04 VND, reached a high of 8.06 VND, a low of 8.02 VND, and closed the hour at 8.02 VND with a trading volume of 361,500 shares."
2025-12-22 09:00:00,8.03,8.08,8.03,8.05,246200,AAA,"At 2025-12-22 09:00:00, the stock AAA opened at 8.03 VND, reached a high of 8.08 VND, a low of 8.03 VND, and closed the hour at 8.05 VND with a trading volume of 246,200 shares."
2025-12-22 10:00:00,8.05,8.05,8.01,8.04,343400,AAA,"At 2025-12-22 10:00:00, the stock AAA opened at 8.05 VND, reached a high of 8.05 VND, a low of 8.01 VND, and closed the hour at 8.04 VND with a trading volume of 343,400 shares."
2025-12-22 11:00:00,8.04,8.06,8.03,8.05,114000,AAA,"At 2025-12-22 11:00:00, the stock AAA opened at 8.04 VND, reached a high of 8.06 VND, a low of 8.03 VND, and closed the hour at 8.05 VND with a trading volume of 114,000 shares."
2025-12-22 13:00:00,8.05,8.09,8.04,8.05,336400,AAA,"At 2025-12-22 13:00:00, the stock AAA opened at 8.05 VND, reached a high of 8.09 VND, a low of 8.04 VND, and closed the hour at 8.05 VND with a trading volume of 336,400 shares."
2025-12-22 14:00:00,8.06,8.08,8.04,8.05,374700,AAA,"At 2025-12-22 14:00:00, the stock AAA opened at 8.06 VND, reached a high of 8.08 VND, a low of 8.04 VND, and closed the hour at 8.05 VND with a trading volume of 374,700 shares."
2025-12-23 09:00:00,8.09,8.11,8.06,8.06,314500,AAA,"At 2025-12-23 09:00:00, the stock AAA opened at 8.09 VND, reached a high of 8.11 VND, a low of 8.06 VND, and closed the hour at 8.06 VND with a trading volume of 314,500 shares."
2025-12-23 10:00:00,8.06,8.07,8.02,8.05,504200,AAA,"At 2025-12-23 10:00:00, the stock AAA opened at 8.06 VND, reached a high of 8.07 VND, a low of 8.02 VND, and closed the hour at 8.05 VND with a trading volume of 504,200 shares."
2025-12-23 11:00:00,8.05,8.05,8.03,8.05,173900,AAA,"At 2025-12-23 11:00:00, the stock AAA opened at 8.05 VND, reached a high of 8.05 VND, a low of 8.03 VND, and closed the hour at 8.05 VND with a trading volume of 173,900 shares."
2025-12-23 13:00:00,8.05,8.05,8.02,8.02,565500,AAA,"At 2025-12-23 13:00:00, the stock AAA opened at 8.05 VND, reached a high of 8.05 VND, a low of 8.02 VND, and closed the hour at 8.02 VND with a trading volume of 565,500 shares."
2025-12-23 14:00:00,8.03,8.03,7.96,7.97,938000,AAA,"At 2025-12-23 14:00:00, the stock AAA opened at 8.03 VND, reached a high of 8.03 VND, a low of 7.96 VND, and closed the hour at 7.97 VND with a trading volume of 938,000 shares."
2025-12-24 09:00:00,7.99,8.02,7.96,8.0,338500,AAA,"At 2025-12-24 09:00:00, the stock AAA opened at 7.99 VND, reached a high of 8.02 VND, a low of 7.96 VND, and closed the hour at 8.00 VND with a trading volume of 338,500 shares."
2025-12-24 10:00:00,8.0,8.01,7.98,7.98,312200,AAA,"At 2025-12-24 10:00:00, the stock AAA opened at 8.00 VND, reached a high of 8.01 VND, a low of 7.98 VND, and closed the hour at 7.98 VND with a trading volume of 312,200 shares."
2025-12-24 11:00:00,7.97,7.98,7.97,7.98,131700,AAA,"At 2025-12-24 11:00:00, the stock AAA opened at 7.97 VND, reached a high of 7.98 VND, a low of 7.97 VND, and closed the hour at 7.98 VND with a trading volume of 131,700 shares."
2025-12-24 13:00:00,7.98,8.0,7.96,7.98,267900,AAA,"At 2025-12-24 13:00:00, the stock AAA opened at 7.98 VND, reached a high of 8.00 VND, a low of 7.96 VND, and closed the hour at 7.98 VND with a trading volume of 267,900 shares."
2025-12-24 14:00:00,7.98,7.98,7.95,7.95,394600,AAA,"At 2025-12-24 14:00:00, the stock AAA opened at 7.98 VND, reached a high of 7.98 VND, a low of 7.95 VND, and closed the hour at 7.95 VND with a trading volume of 394,600 shares."
2025-12-25 09:00:00,7.95,8.01,7.95,7.98,256200,AAA,"At 2025-12-25 09:00:00, the stock AAA opened at 7.95 VND, reached a high of 8.01 VND, a low of 7.95 VND, and closed the hour at 7.98 VND with a trading volume of 256,200 shares."
2025-12-25 10:00:00,7.98,7.98,7.95,7.96,251500,AAA,"At 2025-12-25 10:00:00, the stock AAA opened at 7.98 VND, reached a high of 7.98 VND, a low of 7.95 VND, and closed the hour at 7.96 VND with a trading volume of 251,500 shares."
2025-12-25 11:00:00,7.96,7.97,7.95,7.96,61700,AAA,"At 2025-12-25 11:00:00, the stock AAA opened at 7.96 VND, reached a high of 7.97 VND, a low of 7.95 VND, and closed the hour at 7.96 VND with a trading volume of 61,700 shares."
2025-12-25 13:00:00,7.96,7.96,7.92,7.94,399600,AAA,"At 2025-12-25 13:00:00, the stock AAA opened at 7.96 VND, reached a high of 7.96 VND, a low of 7.92 VND, and closed the hour at 7.94 VND with a trading volume of 399,600 shares."
2025-12-25 14:00:00,7.94,7.95,7.91,7.91,319600,AAA,"At 2025-12-25 14:00:00, the stock AAA opened at 7.94 VND, reached a high of 7.95 VND, a low of 7.91 VND, and closed the hour at 7.91 VND with a trading volume of 319,600 shares."
2025-12-26 09:00:00,7.91,7.93,7.87,7.88,326200,AAA,"At 2025-12-26 09:00:00, the stock AAA opened at 7.91 VND, reached a high of 7.93 VND, a low of 7.87 VND, and closed the hour at 7.88 VND with a trading volume of 326,200 shares."
2025-12-26 10:00:00,7.88,7.89,7.76,7.8,950800,AAA,"At 2025-12-26 10:00:00, the stock AAA opened at 7.88 VND, reached a high of 7.89 VND, a low of 7.76 VND, and closed the hour at 7.80 VND with a trading volume of 950,800 shares."
2025-12-26 11:00:00,7.83,7.83,7.66,7.7,465600,AAA,"At 2025-12-26 11:00:00, the stock AAA opened at 7.83 VND, reached a high of 7.83 VND, a low of 7.66 VND, and closed the hour at 7.70 VND with a trading volume of 465,600 shares."
2025-12-26 13:00:00,7.7,7.88,7.69,7.82,580600,AAA,"At 2025-12-26 13:00:00, the stock AAA opened at 7.70 VND, reached a high of 7.88 VND, a low of 7.69 VND, and closed the hour at 7.82 VND with a trading volume of 580,600 shares."
2025-12-26 14:00:00,7.82,7.89,7.8,7.8,469200,AAA,"At 2025-12-26 14:00:00, the stock AAA opened at 7.82 VND, reached a high of 7.89 VND, a low of 7.80 VND, and closed the hour at 7.80 VND with a trading volume of 469,200 shares."
2025-12-29 09:00:00,7.81,7.88,7.8,7.86,262900,AAA,"At 2025-12-29 09:00:00, the stock AAA opened at 7.81 VND, reached a high of 7.88 VND, a low of 7.80 VND, and closed the hour at 7.86 VND with a trading volume of 262,900 shares."
2025-12-29 10:00:00,7.86,7.87,7.85,7.87,76300,AAA,"At 2025-12-29 10:00:00, the stock AAA opened at 7.86 VND, reached a high of 7.87 VND, a low of 7.85 VND, and closed the hour at 7.87 VND with a trading volume of 76,300 shares."
2025-12-29 11:00:00,7.87,7.87,7.84,7.86,97400,AAA,"At 2025-12-29 11:00:00, the stock AAA opened at 7.87 VND, reached a high of 7.87 VND, a low of 7.84 VND, and closed the hour at 7.86 VND with a trading volume of 97,400 shares."
2025-12-29 13:00:00,7.85,7.87,7.82,7.86,241200,AAA,"At 2025-12-29 13:00:00, the stock AAA opened at 7.85 VND, reached a high of 7.87 VND, a low of 7.82 VND, and closed the hour at 7.86 VND with a trading volume of 241,200 shares."
2025-12-29 14:00:00,7.87,7.88,7.83,7.83,253900,AAA,"At 2025-12-29 14:00:00, the stock AAA opened at 7.87 VND, reached a high of 7.88 VND, a low of 7.83 VND, and closed the hour at 7.83 VND with a trading volume of 253,900 shares."
2025-12-30 09:00:00,7.85,7.95,7.85,7.9,233600,AAA,"At 2025-12-30 09:00:00, the stock AAA opened at 7.85 VND, reached a high of 7.95 VND, a low of 7.85 VND, and closed the hour at 7.90 VND with a trading volume of 233,600 shares."
2025-12-30 10:00:00,7.9,7.9,7.85,7.86,117300,AAA,"At 2025-12-30 10:00:00, the stock AAA opened at 7.90 VND, reached a high of 7.90 VND, a low of 7.85 VND, and closed the hour at 7.86 VND with a trading volume of 117,300 shares."
2025-12-30 11:00:00,7.86,7.9,7.86,7.89,20600,AAA,"At 2025-12-30 11:00:00, the stock AAA opened at 7.86 VND, reached a high of 7.90 VND, a low of 7.86 VND, and closed the hour at 7.89 VND with a trading volume of 20,600 shares."
2025-12-30 13:00:00,7.89,7.92,7.86,7.92,340700,AAA,"At 2025-12-30 13:00:00, the stock AAA opened at 7.89 VND, reached a high of 7.92 VND, a low of 7.86 VND, and closed the hour at 7.92 VND with a trading volume of 340,700 shares."
2025-12-30 14:00:00,7.92,7.93,7.85,7.85,151300,AAA,"At 2025-12-30 14:00:00, the stock AAA opened at 7.92 VND, reached a high of 7.93 VND, a low of 7.85 VND, and closed the hour at 7.85 VND with a trading volume of 151,300 shares."
2025-12-31 09:00:00,7.9,7.9,7.88,7.89,81200,AAA,"At 2025-12-31 09:00:00, the stock AAA opened at 7.90 VND, reached a high of 7.90 VND, a low of 7.88 VND, and closed the hour at 7.89 VND with a trading volume of 81,200 shares."
2025-12-31 10:00:00,7.89,7.91,7.87,7.88,177800,AAA,"At 2025-12-31 10:00:00, the stock AAA opened at 7.89 VND, reached a high of 7.91 VND, a low of 7.87 VND, and closed the hour at 7.88 VND with a trading volume of 177,800 shares."
2025-12-31 11:00:00,7.89,7.95,7.88,7.91,215600,AAA,"At 2025-12-31 11:00:00, the stock AAA opened at 7.89 VND, reached a high of 7.95 VND, a low of 7.88 VND, and closed the hour at 7.91 VND with a trading volume of 215,600 shares."
2025-12-31 13:00:00,7.92,7.94,7.88,7.88,270700,AAA,"At 2025-12-31 13:00:00, the stock AAA opened at 7.92 VND, reached a high of 7.94 VND, a low of 7.88 VND, and closed the hour at 7.88 VND with a trading volume of 270,700 shares."
2025-12-31 14:00:00,7.89,7.91,7.85,7.88,314900,AAA,"At 2025-12-31 14:00:00, the stock AAA opened at 7.89 VND, reached a high of 7.91 VND, a low of 7.85 VND, and closed the hour at 7.88 VND with a trading volume of 314,900 shares."
2026-01-05 09:00:00,7.89,7.94,7.88,7.89,195000,AAA,"At 2026-01-05 09:00:00, the stock AAA opened at 7.89 VND, reached a high of 7.94 VND, a low of 7.88 VND, and closed the hour at 7.89 VND with a trading volume of 195,000 shares."
2026-01-05 10:00:00,7.89,7.93,7.89,7.91,252100,AAA,"At 2026-01-05 10:00:00, the stock AAA opened at 7.89 VND, reached a high of 7.93 VND, a low of 7.89 VND, and closed the hour at 7.91 VND with a trading volume of 252,100 shares."
2026-01-05 11:00:00,7.91,7.92,7.91,7.92,29900,AAA,"At 2026-01-05 11:00:00, the stock AAA opened at 7.91 VND, reached a high of 7.92 VND, a low of 7.91 VND, and closed the hour at 7.92 VND with a trading volume of 29,900 shares."
2026-01-05 13:00:00,7.92,7.93,7.87,7.87,376600,AAA,"At 2026-01-05 13:00:00, the stock AAA opened at 7.92 VND, reached a high of 7.93 VND, a low of 7.87 VND, and closed the hour at 7.87 VND with a trading volume of 376,600 shares."
2026-01-05 14:00:00,7.87,7.87,7.7,7.7,850600,AAA,"At 2026-01-05 14:00:00, the stock AAA opened at 7.87 VND, reached a high of 7.87 VND, a low of 7.70 VND, and closed the hour at 7.70 VND with a trading volume of 850,600 shares."
2026-01-06 09:00:00,7.71,7.83,7.71,7.78,225200,AAA,"At 2026-01-06 09:00:00, the stock AAA opened at 7.71 VND, reached a high of 7.83 VND, a low of 7.71 VND, and closed the hour at 7.78 VND with a trading volume of 225,200 shares."
2026-01-06 10:00:00,7.78,7.8,7.69,7.7,318500,AAA,"At 2026-01-06 10:00:00, the stock AAA opened at 7.78 VND, reached a high of 7.80 VND, a low of 7.69 VND, and closed the hour at 7.70 VND with a trading volume of 318,500 shares."
2026-01-06 11:00:00,7.73,7.73,7.7,7.7,35100,AAA,"At 2026-01-06 11:00:00, the stock AAA opened at 7.73 VND, reached a high of 7.73 VND, a low of 7.70 VND, and closed the hour at 7.70 VND with a trading volume of 35,100 shares."
2026-01-06 13:00:00,7.7,7.77,7.69,7.76,297200,AAA,"At 2026-01-06 13:00:00, the stock AAA opened at 7.70 VND, reached a high of 7.77 VND, a low of 7.69 VND, and closed the hour at 7.76 VND with a trading volume of 297,200 shares."
2026-01-06 14:00:00,7.75,7.78,7.67,7.67,315000,AAA,"At 2026-01-06 14:00:00, the stock AAA opened at 7.75 VND, reached a high of 7.78 VND, a low of 7.67 VND, and closed the hour at 7.67 VND with a trading volume of 315,000 shares."
2026-01-07 09:00:00,7.75,7.78,7.72,7.73,187500,AAA,"At 2026-01-07 09:00:00, the stock AAA opened at 7.75 VND, reached a high of 7.78 VND, a low of 7.72 VND, and closed the hour at 7.73 VND with a trading volume of 187,500 shares."
2026-01-07 10:00:00,7.74,7.74,7.69,7.72,323000,AAA,"At 2026-01-07 10:00:00, the stock AAA opened at 7.74 VND, reached a high of 7.74 VND, a low of 7.69 VND, and closed the hour at 7.72 VND with a trading volume of 323,000 shares."
2026-01-07 11:00:00,7.72,7.74,7.72,7.72,94100,AAA,"At 2026-01-07 11:00:00, the stock AAA opened at 7.72 VND, reached a high of 7.74 VND, a low of 7.72 VND, and closed the hour at 7.72 VND with a trading volume of 94,100 shares."
2026-01-07 13:00:00,7.73,7.82,7.71,7.8,449900,AAA,"At 2026-01-07 13:00:00, the stock AAA opened at 7.73 VND, reached a high of 7.82 VND, a low of 7.71 VND, and closed the hour at 7.80 VND with a trading volume of 449,900 shares."
2026-01-07 14:00:00,7.8,7.87,7.8,7.83,395400,AAA,"At 2026-01-07 14:00:00, the stock AAA opened at 7.80 VND, reached a high of 7.87 VND, a low of 7.80 VND, and closed the hour at 7.83 VND with a trading volume of 395,400 shares."
2026-01-08 09:00:00,7.88,7.92,7.86,7.87,385100,AAA,"At 2026-01-08 09:00:00, the stock AAA opened at 7.88 VND, reached a high of 7.92 VND, a low of 7.86 VND, and closed the hour at 7.87 VND with a trading volume of 385,100 shares."
2026-01-08 10:00:00,7.88,7.9,7.87,7.88,119800,AAA,"At 2026-01-08 10:00:00, the stock AAA opened at 7.88 VND, reached a high of 7.90 VND, a low of 7.87 VND, and closed the hour at 7.88 VND with a trading volume of 119,800 shares."
2026-01-08 11:00:00,7.88,7.88,7.86,7.87,100300,AAA,"At 2026-01-08 11:00:00, the stock AAA opened at 7.88 VND, reached a high of 7.88 VND, a low of 7.86 VND, and closed the hour at 7.87 VND with a trading volume of 100,300 shares."
2026-01-08 13:00:00,7.87,7.91,7.83,7.86,388000,AAA,"At 2026-01-08 13:00:00, the stock AAA opened at 7.87 VND, reached a high of 7.91 VND, a low of 7.83 VND, and closed the hour at 7.86 VND with a trading volume of 388,000 shares."
2026-01-08 14:00:00,7.86,7.89,7.82,7.83,140800,AAA,"At 2026-01-08 14:00:00, the stock AAA opened at 7.86 VND, reached a high of 7.89 VND, a low of 7.82 VND, and closed the hour at 7.83 VND with a trading volume of 140,800 shares."
2026-01-09 09:00:00,7.89,7.9,7.84,7.84,107100,AAA,"At 2026-01-09 09:00:00, the stock AAA opened at 7.89 VND, reached a high of 7.90 VND, a low of 7.84 VND, and closed the hour at 7.84 VND with a trading volume of 107,100 shares."
2026-01-09 10:00:00,7.84,7.85,7.79,7.82,268500,AAA,"At 2026-01-09 10:00:00, the stock AAA opened at 7.84 VND, reached a high of 7.85 VND, a low of 7.79 VND, and closed the hour at 7.82 VND with a trading volume of 268,500 shares."
2026-01-09 11:00:00,7.82,7.82,7.79,7.79,147200,AAA,"At 2026-01-09 11:00:00, the stock AAA opened at 7.82 VND, reached a high of 7.82 VND, a low of 7.79 VND, and closed the hour at 7.79 VND with a trading volume of 147,200 shares."
2026-01-09 13:00:00,7.8,7.8,7.74,7.8,552500,AAA,"At 2026-01-09 13:00:00, the stock AAA opened at 7.80 VND, reached a high of 7.80 VND, a low of 7.74 VND, and closed the hour at 7.80 VND with a trading volume of 552,500 shares."
2026-01-09 14:00:00,7.82,7.83,7.76,7.76,258400,AAA,"At 2026-01-09 14:00:00, the stock AAA opened at 7.82 VND, reached a high of 7.83 VND, a low of 7.76 VND, and closed the hour at 7.76 VND with a trading volume of 258,400 shares."
2026-01-12 09:00:00,7.77,7.88,7.74,7.85,421400,AAA,"At 2026-01-12 09:00:00, the stock AAA opened at 7.77 VND, reached a high of 7.88 VND, a low of 7.74 VND, and closed the hour at 7.85 VND with a trading volume of 421,400 shares."
2026-01-12 10:00:00,7.85,7.86,7.79,7.79,177000,AAA,"At 2026-01-12 10:00:00, the stock AAA opened at 7.85 VND, reached a high of 7.86 VND, a low of 7.79 VND, and closed the hour at 7.79 VND with a trading volume of 177,000 shares."
2026-01-12 11:00:00,7.79,7.88,7.79,7.87,151800,AAA,"At 2026-01-12 11:00:00, the stock AAA opened at 7.79 VND, reached a high of 7.88 VND, a low of 7.79 VND, and closed the hour at 7.87 VND with a trading volume of 151,800 shares."
2026-01-12 13:00:00,7.87,7.97,7.86,7.97,562100,AAA,"At 2026-01-12 13:00:00, the stock AAA opened at 7.87 VND, reached a high of 7.97 VND, a low of 7.86 VND, and closed the hour at 7.97 VND with a trading volume of 562,100 shares."
2026-01-12 14:00:00,7.97,8.07,7.97,8.06,631600,AAA,"At 2026-01-12 14:00:00, the stock AAA opened at 7.97 VND, reached a high of 8.07 VND, a low of 7.97 VND, and closed the hour at 8.06 VND with a trading volume of 631,600 shares."
2026-01-13 09:00:00,8.09,8.09,8.0,8.05,453700,AAA,"At 2026-01-13 09:00:00, the stock AAA opened at 8.09 VND, reached a high of 8.09 VND, a low of 8.00 VND, and closed the hour at 8.05 VND with a trading volume of 453,700 shares."
2026-01-13 10:00:00,8.04,8.05,8.0,8.02,252600,AAA,"At 2026-01-13 10:00:00, the stock AAA opened at 8.04 VND, reached a high of 8.05 VND, a low of 8.00 VND, and closed the hour at 8.02 VND with a trading volume of 252,600 shares."
2026-01-13 11:00:00,8.02,8.02,7.98,8.0,131800,AAA,"At 2026-01-13 11:00:00, the stock AAA opened at 8.02 VND, reached a high of 8.02 VND, a low of 7.98 VND, and closed the hour at 8.00 VND with a trading volume of 131,800 shares."
2026-01-13 13:00:00,8.0,8.01,7.97,8.01,482000,AAA,"At 2026-01-13 13:00:00, the stock AAA opened at 8.00 VND, reached a high of 8.01 VND, a low of 7.97 VND, and closed the hour at 8.01 VND with a trading volume of 482,000 shares."
2026-01-13 14:00:00,8.01,8.01,7.97,7.99,189100,AAA,"At 2026-01-13 14:00:00, the stock AAA opened at 8.01 VND, reached a high of 8.01 VND, a low of 7.97 VND, and closed the hour at 7.99 VND with a trading volume of 189,100 shares."
2026-01-14 09:00:00,8.0,8.03,7.95,8.02,412600,AAA,"At 2026-01-14 09:00:00, the stock AAA opened at 8.00 VND, reached a high of 8.03 VND, a low of 7.95 VND, and closed the hour at 8.02 VND with a trading volume of 412,600 shares."
2026-01-14 10:00:00,8.01,8.12,7.99,8.11,504600,AAA,"At 2026-01-14 10:00:00, the stock AAA opened at 8.01 VND, reached a high of 8.12 VND, a low of 7.99 VND, and closed the hour at 8.11 VND with a trading volume of 504,600 shares."
2026-01-14 11:00:00,8.11,8.12,8.0,8.03,435000,AAA,"At 2026-01-14 11:00:00, the stock AAA opened at 8.11 VND, reached a high of 8.12 VND, a low of 8.00 VND, and closed the hour at 8.03 VND with a trading volume of 435,000 shares."
2026-01-14 13:00:00,8.01,8.13,8.01,8.08,1096300,AAA,"At 2026-01-14 13:00:00, the stock AAA opened at 8.01 VND, reached a high of 8.13 VND, a low of 8.01 VND, and closed the hour at 8.08 VND with a trading volume of 1,096,300 shares."
2026-01-14 14:00:00,8.08,8.13,7.99,8.12,989000,AAA,"At 2026-01-14 14:00:00, the stock AAA opened at 8.08 VND, reached a high of 8.13 VND, a low of 7.99 VND, and closed the hour at 8.12 VND with a trading volume of 989,000 shares."
2026-01-15 09:00:00,8.15,8.21,8.02,8.15,332400,AAA,"At 2026-01-15 09:00:00, the stock AAA opened at 8.15 VND, reached a high of 8.21 VND, a low of 8.02 VND, and closed the hour at 8.15 VND with a trading volume of 332,400 shares."
2026-01-15 10:00:00,8.15,8.15,8.05,8.11,258600,AAA,"At 2026-01-15 10:00:00, the stock AAA opened at 8.15 VND, reached a high of 8.15 VND, a low of 8.05 VND, and closed the hour at 8.11 VND with a trading volume of 258,600 shares."
2026-01-15 11:00:00,8.11,8.12,8.05,8.05,96400,AAA,"At 2026-01-15 11:00:00, the stock AAA opened at 8.11 VND, reached a high of 8.12 VND, a low of 8.05 VND, and closed the hour at 8.05 VND with a trading volume of 96,400 shares."
2026-01-15 13:00:00,8.05,8.12,8.0,8.09,591700,AAA,"At 2026-01-15 13:00:00, the stock AAA opened at 8.05 VND, reached a high of 8.12 VND, a low of 8.00 VND, and closed the hour at 8.09 VND with a trading volume of 591,700 shares."
2026-01-15 14:00:00,8.09,8.11,8.07,8.09,335500,AAA,"At 2026-01-15 14:00:00, the stock AAA opened at 8.09 VND, reached a high of 8.11 VND, a low of 8.07 VND, and closed the hour at 8.09 VND with a trading volume of 335,500 shares."
2026-01-16 09:00:00,8.1,8.14,8.09,8.1,189400,AAA,"At 2026-01-16 09:00:00, the stock AAA opened at 8.10 VND, reached a high of 8.14 VND, a low of 8.09 VND, and closed the hour at 8.10 VND with a trading volume of 189,400 shares."
2026-01-16 10:00:00,8.1,8.12,8.05,8.08,231300,AAA,"At 2026-01-16 10:00:00, the stock AAA opened at 8.10 VND, reached a high of 8.12 VND, a low of 8.05 VND, and closed the hour at 8.08 VND with a trading volume of 231,300 shares."
2026-01-16 11:00:00,8.07,8.07,8.05,8.06,75700,AAA,"At 2026-01-16 11:00:00, the stock AAA opened at 8.07 VND, reached a high of 8.07 VND, a low of 8.05 VND, and closed the hour at 8.06 VND with a trading volume of 75,700 shares."
2026-01-16 13:00:00,8.05,8.12,8.04,8.07,442300,AAA,"At 2026-01-16 13:00:00, the stock AAA opened at 8.05 VND, reached a high of 8.12 VND, a low of 8.04 VND, and closed the hour at 8.07 VND with a trading volume of 442,300 shares."
2026-01-16 14:00:00,8.08,8.09,8.04,8.04,253400,AAA,"At 2026-01-16 14:00:00, the stock AAA opened at 8.08 VND, reached a high of 8.09 VND, a low of 8.04 VND, and closed the hour at 8.04 VND with a trading volume of 253,400 shares."
2026-01-19 09:00:00,8.05,8.1,8.04,8.04,212900,AAA,"At 2026-01-19 09:00:00, the stock AAA opened at 8.05 VND, reached a high of 8.10 VND, a low of 8.04 VND, and closed the hour at 8.04 VND with a trading volume of 212,900 shares."
2026-01-19 10:00:00,8.04,8.1,8.0,8.09,259000,AAA,"At 2026-01-19 10:00:00, the stock AAA opened at 8.04 VND, reached a high of 8.10 VND, a low of 8.00 VND, and closed the hour at 8.09 VND with a trading volume of 259,000 shares."
2026-01-19 11:00:00,8.08,8.08,8.04,8.04,76000,AAA,"At 2026-01-19 11:00:00, the stock AAA opened at 8.08 VND, reached a high of 8.08 VND, a low of 8.04 VND, and closed the hour at 8.04 VND with a trading volume of 76,000 shares."
2026-01-19 13:00:00,8.05,8.08,8.03,8.04,358500,AAA,"At 2026-01-19 13:00:00, the stock AAA opened at 8.05 VND, reached a high of 8.08 VND, a low of 8.03 VND, and closed the hour at 8.04 VND with a trading volume of 358,500 shares."
2026-01-19 14:00:00,8.04,8.06,8.03,8.04,324300,AAA,"At 2026-01-19 14:00:00, the stock AAA opened at 8.04 VND, reached a high of 8.06 VND, a low of 8.03 VND, and closed the hour at 8.04 VND with a trading volume of 324,300 shares."
2026-01-20 09:00:00,8.05,8.13,8.05,8.1,273700,AAA,"At 2026-01-20 09:00:00, the stock AAA opened at 8.05 VND, reached a high of 8.13 VND, a low of 8.05 VND, and closed the hour at 8.10 VND with a trading volume of 273,700 shares."
2026-01-20 10:00:00,8.1,8.1,8.04,8.06,316700,AAA,"At 2026-01-20 10:00:00, the stock AAA opened at 8.10 VND, reached a high of 8.10 VND, a low of 8.04 VND, and closed the hour at 8.06 VND with a trading volume of 316,700 shares."
2026-01-20 11:00:00,8.05,8.07,8.05,8.06,133300,AAA,"At 2026-01-20 11:00:00, the stock AAA opened at 8.05 VND, reached a high of 8.07 VND, a low of 8.05 VND, and closed the hour at 8.06 VND with a trading volume of 133,300 shares."
2026-01-20 13:00:00,8.05,8.08,8.03,8.07,302600,AAA,"At 2026-01-20 13:00:00, the stock AAA opened at 8.05 VND, reached a high of 8.08 VND, a low of 8.03 VND, and closed the hour at 8.07 VND with a trading volume of 302,600 shares."
2026-01-20 14:00:00,8.07,8.07,8.02,8.02,522300,AAA,"At 2026-01-20 14:00:00, the stock AAA opened at 8.07 VND, reached a high of 8.07 VND, a low of 8.02 VND, and closed the hour at 8.02 VND with a trading volume of 522,300 shares."
2026-01-21 09:00:00,8.02,8.06,8.0,8.04,191700,AAA,"At 2026-01-21 09:00:00, the stock AAA opened at 8.02 VND, reached a high of 8.06 VND, a low of 8.00 VND, and closed the hour at 8.04 VND with a trading volume of 191,700 shares."
2026-01-21 10:00:00,8.04,8.05,8.0,8.02,417200,AAA,"At 2026-01-21 10:00:00, the stock AAA opened at 8.04 VND, reached a high of 8.05 VND, a low of 8.00 VND, and closed the hour at 8.02 VND with a trading volume of 417,200 shares."
2026-01-21 11:00:00,8.02,8.03,8.01,8.02,94600,AAA,"At 2026-01-21 11:00:00, the stock AAA opened at 8.02 VND, reached a high of 8.03 VND, a low of 8.01 VND, and closed the hour at 8.02 VND with a trading volume of 94,600 shares."
2026-01-21 13:00:00,8.01,8.02,7.89,7.91,611800,AAA,"At 2026-01-21 13:00:00, the stock AAA opened at 8.01 VND, reached a high of 8.02 VND, a low of 7.89 VND, and closed the hour at 7.91 VND with a trading volume of 611,800 shares."
2026-01-21 14:00:00,7.9,8.02,7.9,7.97,434200,AAA,"At 2026-01-21 14:00:00, the stock AAA opened at 7.90 VND, reached a high of 8.02 VND, a low of 7.90 VND, and closed the hour at 7.97 VND with a trading volume of 434,200 shares."
2026-01-22 09:00:00,8.0,8.06,7.99,8.06,184700,AAA,"At 2026-01-22 09:00:00, the stock AAA opened at 8.00 VND, reached a high of 8.06 VND, a low of 7.99 VND, and closed the hour at 8.06 VND with a trading volume of 184,700 shares."
2026-01-22 10:00:00,8.06,8.25,8.06,8.16,731000,AAA,"At 2026-01-22 10:00:00, the stock AAA opened at 8.06 VND, reached a high of 8.25 VND, a low of 8.06 VND, and closed the hour at 8.16 VND with a trading volume of 731,000 shares."
2026-01-22 11:00:00,8.16,8.17,8.14,8.15,64900,AAA,"At 2026-01-22 11:00:00, the stock AAA opened at 8.16 VND, reached a high of 8.17 VND, a low of 8.14 VND, and closed the hour at 8.15 VND with a trading volume of 64,900 shares."
2026-01-22 13:00:00,8.14,8.17,8.12,8.14,349400,AAA,"At 2026-01-22 13:00:00, the stock AAA opened at 8.14 VND, reached a high of 8.17 VND, a low of 8.12 VND, and closed the hour at 8.14 VND with a trading volume of 349,400 shares."
2026-01-22 14:00:00,8.15,8.16,8.1,8.11,404900,AAA,"At 2026-01-22 14:00:00, the stock AAA opened at 8.15 VND, reached a high of 8.16 VND, a low of 8.10 VND, and closed the hour at 8.11 VND with a trading volume of 404,900 shares."
2026-01-23 09:00:00,8.11,8.17,8.1,8.1,180600,AAA,"At 2026-01-23 09:00:00, the stock AAA opened at 8.11 VND, reached a high of 8.17 VND, a low of 8.10 VND, and closed the hour at 8.10 VND with a trading volume of 180,600 shares."
2026-01-23 10:00:00,8.1,8.11,8.08,8.09,91000,AAA,"At 2026-01-23 10:00:00, the stock AAA opened at 8.10 VND, reached a high of 8.11 VND, a low of 8.08 VND, and closed the hour at 8.09 VND with a trading volume of 91,000 shares."
2026-01-23 11:00:00,8.09,8.1,8.08,8.08,24700,AAA,"At 2026-01-23 11:00:00, the stock AAA opened at 8.09 VND, reached a high of 8.10 VND, a low of 8.08 VND, and closed the hour at 8.08 VND with a trading volume of 24,700 shares."
2026-01-23 13:00:00,8.08,8.09,8.03,8.04,195000,AAA,"At 2026-01-23 13:00:00, the stock AAA opened at 8.08 VND, reached a high of 8.09 VND, a low of 8.03 VND, and closed the hour at 8.04 VND with a trading volume of 195,000 shares."
2026-01-23 14:00:00,8.04,8.05,7.99,8.0,493100,AAA,"At 2026-01-23 14:00:00, the stock AAA opened at 8.04 VND, reached a high of 8.05 VND, a low of 7.99 VND, and closed the hour at 8.00 VND with a trading volume of 493,100 shares."
2026-01-26 09:00:00,8.0,8.01,7.96,7.97,207000,AAA,"At 2026-01-26 09:00:00, the stock AAA opened at 8.00 VND, reached a high of 8.01 VND, a low of 7.96 VND, and closed the hour at 7.97 VND with a trading volume of 207,000 shares."
2026-01-26 10:00:00,7.98,7.99,7.94,7.96,173300,AAA,"At 2026-01-26 10:00:00, the stock AAA opened at 7.98 VND, reached a high of 7.99 VND, a low of 7.94 VND, and closed the hour at 7.96 VND with a trading volume of 173,300 shares."
2026-01-26 11:00:00,7.95,7.95,7.94,7.94,43200,AAA,"At 2026-01-26 11:00:00, the stock AAA opened at 7.95 VND, reached a high of 7.95 VND, a low of 7.94 VND, and closed the hour at 7.94 VND with a trading volume of 43,200 shares."
2026-01-26 13:00:00,7.94,7.95,7.81,7.84,881600,AAA,"At 2026-01-26 13:00:00, the stock AAA opened at 7.94 VND, reached a high of 7.95 VND, a low of 7.81 VND, and closed the hour at 7.84 VND with a trading volume of 881,600 shares."
2026-01-26 14:00:00,7.84,7.84,7.76,7.81,788800,AAA,"At 2026-01-26 14:00:00, the stock AAA opened at 7.84 VND, reached a high of 7.84 VND, a low of 7.76 VND, and closed the hour at 7.81 VND with a trading volume of 788,800 shares."
2026-01-27 09:00:00,7.81,7.84,7.78,7.8,262400,AAA,"At 2026-01-27 09:00:00, the stock AAA opened at 7.81 VND, reached a high of 7.84 VND, a low of 7.78 VND, and closed the hour at 7.80 VND with a trading volume of 262,400 shares."
2026-01-27 10:00:00,7.8,7.82,7.75,7.81,317700,AAA,"At 2026-01-27 10:00:00, the stock AAA opened at 7.80 VND, reached a high of 7.82 VND, a low of 7.75 VND, and closed the hour at 7.81 VND with a trading volume of 317,700 shares."
2026-01-27 11:00:00,7.81,7.81,7.77,7.79,64000,AAA,"At 2026-01-27 11:00:00, the stock AAA opened at 7.81 VND, reached a high of 7.81 VND, a low of 7.77 VND, and closed the hour at 7.79 VND with a trading volume of 64,000 shares."
2026-01-27 13:00:00,7.79,7.84,7.75,7.84,213300,AAA,"At 2026-01-27 13:00:00, the stock AAA opened at 7.79 VND, reached a high of 7.84 VND, a low of 7.75 VND, and closed the hour at 7.84 VND with a trading volume of 213,300 shares."
2026-01-27 14:00:00,7.83,7.83,7.8,7.8,144900,AAA,"At 2026-01-27 14:00:00, the stock AAA opened at 7.83 VND, reached a high of 7.83 VND, a low of 7.80 VND, and closed the hour at 7.80 VND with a trading volume of 144,900 shares."
2026-01-28 09:00:00,7.82,7.89,7.82,7.86,43400,AAA,"At 2026-01-28 09:00:00, the stock AAA opened at 7.82 VND, reached a high of 7.89 VND, a low of 7.82 VND, and closed the hour at 7.86 VND with a trading volume of 43,400 shares."
2026-01-28 10:00:00,7.86,7.88,7.79,7.8,251600,AAA,"At 2026-01-28 10:00:00, the stock AAA opened at 7.86 VND, reached a high of 7.88 VND, a low of 7.79 VND, and closed the hour at 7.80 VND with a trading volume of 251,600 shares."
2026-01-28 11:00:00,7.79,7.79,7.77,7.78,49800,AAA,"At 2026-01-28 11:00:00, the stock AAA opened at 7.79 VND, reached a high of 7.79 VND, a low of 7.77 VND, and closed the hour at 7.78 VND with a trading volume of 49,800 shares."
2026-01-28 13:00:00,7.8,7.86,7.75,7.81,558300,AAA,"At 2026-01-28 13:00:00, the stock AAA opened at 7.80 VND, reached a high of 7.86 VND, a low of 7.75 VND, and closed the hour at 7.81 VND with a trading volume of 558,300 shares."
2026-01-28 14:00:00,7.82,7.84,7.8,7.82,333200,AAA,"At 2026-01-28 14:00:00, the stock AAA opened at 7.82 VND, reached a high of 7.84 VND, a low of 7.80 VND, and closed the hour at 7.82 VND with a trading volume of 333,200 shares."
2026-01-29 09:00:00,7.9,8.04,7.86,7.94,502500,AAA,"At 2026-01-29 09:00:00, the stock AAA opened at 7.90 VND, reached a high of 8.04 VND, a low of 7.86 VND, and closed the hour at 7.94 VND with a trading volume of 502,500 shares."
2026-01-29 10:00:00,7.93,7.95,7.9,7.93,221700,AAA,"At 2026-01-29 10:00:00, the stock AAA opened at 7.93 VND, reached a high of 7.95 VND, a low of 7.90 VND, and closed the hour at 7.93 VND with a trading volume of 221,700 shares."
2026-01-29 11:00:00,7.93,7.93,7.86,7.89,68600,AAA,"At 2026-01-29 11:00:00, the stock AAA opened at 7.93 VND, reached a high of 7.93 VND, a low of 7.86 VND, and closed the hour at 7.89 VND with a trading volume of 68,600 shares."
2026-01-29 13:00:00,7.89,7.96,7.88,7.96,206700,AAA,"At 2026-01-29 13:00:00, the stock AAA opened at 7.89 VND, reached a high of 7.96 VND, a low of 7.88 VND, and closed the hour at 7.96 VND with a trading volume of 206,700 shares."
2026-01-29 14:00:00,7.94,7.96,7.93,7.95,199800,AAA,"At 2026-01-29 14:00:00, the stock AAA opened at 7.94 VND, reached a high of 7.96 VND, a low of 7.93 VND, and closed the hour at 7.95 VND with a trading volume of 199,800 shares."
2026-01-30 09:00:00,7.95,8.02,7.95,8.0,277700,AAA,"At 2026-01-30 09:00:00, the stock AAA opened at 7.95 VND, reached a high of 8.02 VND, a low of 7.95 VND, and closed the hour at 8.00 VND with a trading volume of 277,700 shares."
2026-01-30 10:00:00,7.98,8.01,7.92,7.99,520300,AAA,"At 2026-01-30 10:00:00, the stock AAA opened at 7.98 VND, reached a high of 8.01 VND, a low of 7.92 VND, and closed the hour at 7.99 VND with a trading volume of 520,300 shares."
2026-01-30 11:00:00,7.99,7.99,7.96,7.96,24200,AAA,"At 2026-01-30 11:00:00, the stock AAA opened at 7.99 VND, reached a high of 7.99 VND, a low of 7.96 VND, and closed the hour at 7.96 VND with a trading volume of 24,200 shares."
2026-01-30 13:00:00,7.96,7.99,7.94,7.95,239500,AAA,"At 2026-01-30 13:00:00, the stock AAA opened at 7.96 VND, reached a high of 7.99 VND, a low of 7.94 VND, and closed the hour at 7.95 VND with a trading volume of 239,500 shares."
2026-01-30 14:00:00,7.95,7.96,7.9,7.95,448600,AAA,"At 2026-01-30 14:00:00, the stock AAA opened at 7.95 VND, reached a high of 7.96 VND, a low of 7.90 VND, and closed the hour at 7.95 VND with a trading volume of 448,600 shares."
2026-02-02 09:00:00,7.97,7.98,7.88,7.91,282700,AAA,"At 2026-02-02 09:00:00, the stock AAA opened at 7.97 VND, reached a high of 7.98 VND, a low of 7.88 VND, and closed the hour at 7.91 VND with a trading volume of 282,700 shares."
2026-02-02 10:00:00,7.91,7.91,7.85,7.85,276400,AAA,"At 2026-02-02 10:00:00, the stock AAA opened at 7.91 VND, reached a high of 7.91 VND, a low of 7.85 VND, and closed the hour at 7.85 VND with a trading volume of 276,400 shares."
2026-02-02 11:00:00,7.85,7.86,7.8,7.81,267800,AAA,"At 2026-02-02 11:00:00, the stock AAA opened at 7.85 VND, reached a high of 7.86 VND, a low of 7.80 VND, and closed the hour at 7.81 VND with a trading volume of 267,800 shares."
2026-02-02 13:00:00,7.81,7.85,7.79,7.83,312100,AAA,"At 2026-02-02 13:00:00, the stock AAA opened at 7.81 VND, reached a high of 7.85 VND, a low of 7.79 VND, and closed the hour at 7.83 VND with a trading volume of 312,100 shares."
2026-02-02 14:00:00,7.84,7.86,7.82,7.83,209700,AAA,"At 2026-02-02 14:00:00, the stock AAA opened at 7.84 VND, reached a high of 7.86 VND, a low of 7.82 VND, and closed the hour at 7.83 VND with a trading volume of 209,700 shares."
2026-02-03 09:00:00,7.87,7.93,7.86,7.91,365200,AAA,"At 2026-02-03 09:00:00, the stock AAA opened at 7.87 VND, reached a high of 7.93 VND, a low of 7.86 VND, and closed the hour at 7.91 VND with a trading volume of 365,200 shares."
2026-02-03 10:00:00,7.91,7.91,7.86,7.88,232700,AAA,"At 2026-02-03 10:00:00, the stock AAA opened at 7.91 VND, reached a high of 7.91 VND, a low of 7.86 VND, and closed the hour at 7.88 VND with a trading volume of 232,700 shares."
2026-02-03 11:00:00,7.88,7.89,7.86,7.88,178700,AAA,"At 2026-02-03 11:00:00, the stock AAA opened at 7.88 VND, reached a high of 7.89 VND, a low of 7.86 VND, and closed the hour at 7.88 VND with a trading volume of 178,700 shares."
2026-02-03 13:00:00,7.87,7.91,7.87,7.88,314400,AAA,"At 2026-02-03 13:00:00, the stock AAA opened at 7.87 VND, reached a high of 7.91 VND, a low of 7.87 VND, and closed the hour at 7.88 VND with a trading volume of 314,400 shares."
2026-02-03 14:00:00,7.87,7.89,7.86,7.87,257500,AAA,"At 2026-02-03 14:00:00, the stock AAA opened at 7.87 VND, reached a high of 7.89 VND, a low of 7.86 VND, and closed the hour at 7.87 VND with a trading volume of 257,500 shares."
2026-02-04 09:00:00,7.88,7.94,7.88,7.92,409900,AAA,"At 2026-02-04 09:00:00, the stock AAA opened at 7.88 VND, reached a high of 7.94 VND, a low of 7.88 VND, and closed the hour at 7.92 VND with a trading volume of 409,900 shares."
2026-02-04 10:00:00,7.93,7.95,7.9,7.9,540300,AAA,"At 2026-02-04 10:00:00, the stock AAA opened at 7.93 VND, reached a high of 7.95 VND, a low of 7.90 VND, and closed the hour at 7.90 VND with a trading volume of 540,300 shares."
2026-02-04 11:00:00,7.9,7.94,7.88,7.9,307300,AAA,"At 2026-02-04 11:00:00, the stock AAA opened at 7.90 VND, reached a high of 7.94 VND, a low of 7.88 VND, and closed the hour at 7.90 VND with a trading volume of 307,300 shares."
2026-02-04 13:00:00,7.92,8.08,7.91,8.0,1033700,AAA,"At 2026-02-04 13:00:00, the stock AAA opened at 7.92 VND, reached a high of 8.08 VND, a low of 7.91 VND, and closed the hour at 8.00 VND with a trading volume of 1,033,700 shares."
2026-02-04 14:00:00,8.0,8.04,7.99,8.04,348900,AAA,"At 2026-02-04 14:00:00, the stock AAA opened at 8.00 VND, reached a high of 8.04 VND, a low of 7.99 VND, and closed the hour at 8.04 VND with a trading volume of 348,900 shares."
2026-02-05 09:00:00,8.05,8.15,8.04,8.12,850300,AAA,"At 2026-02-05 09:00:00, the stock AAA opened at 8.05 VND, reached a high of 8.15 VND, a low of 8.04 VND, and closed the hour at 8.12 VND with a trading volume of 850,300 shares."
2026-02-05 10:00:00,8.13,8.16,8.07,8.08,637600,AAA,"At 2026-02-05 10:00:00, the stock AAA opened at 8.13 VND, reached a high of 8.16 VND, a low of 8.07 VND, and closed the hour at 8.08 VND with a trading volume of 637,600 shares."
2026-02-05 11:00:00,8.08,8.08,8.05,8.05,73500,AAA,"At 2026-02-05 11:00:00, the stock AAA opened at 8.08 VND, reached a high of 8.08 VND, a low of 8.05 VND, and closed the hour at 8.05 VND with a trading volume of 73,500 shares."
2026-02-05 13:00:00,8.05,8.05,8.0,8.03,148300,AAA,"At 2026-02-05 13:00:00, the stock AAA opened at 8.05 VND, reached a high of 8.05 VND, a low of 8.00 VND, and closed the hour at 8.03 VND with a trading volume of 148,300 shares."
2026-02-05 14:00:00,8.03,8.03,7.99,7.99,204600,AAA,"At 2026-02-05 14:00:00, the stock AAA opened at 8.03 VND, reached a high of 8.03 VND, a low of 7.99 VND, and closed the hour at 7.99 VND with a trading volume of 204,600 shares."
2026-02-06 09:00:00,7.97,7.98,7.9,7.92,302200,AAA,"At 2026-02-06 09:00:00, the stock AAA opened at 7.97 VND, reached a high of 7.98 VND, a low of 7.90 VND, and closed the hour at 7.92 VND with a trading volume of 302,200 shares."
2026-02-06 10:00:00,7.91,7.95,7.85,7.87,228200,AAA,"At 2026-02-06 10:00:00, the stock AAA opened at 7.91 VND, reached a high of 7.95 VND, a low of 7.85 VND, and closed the hour at 7.87 VND with a trading volume of 228,200 shares."
2026-02-06 11:00:00,7.87,7.88,7.85,7.87,70000,AAA,"At 2026-02-06 11:00:00, the stock AAA opened at 7.87 VND, reached a high of 7.88 VND, a low of 7.85 VND, and closed the hour at 7.87 VND with a trading volume of 70,000 shares."
2026-02-06 13:00:00,7.87,7.89,7.83,7.84,437100,AAA,"At 2026-02-06 13:00:00, the stock AAA opened at 7.87 VND, reached a high of 7.89 VND, a low of 7.83 VND, and closed the hour at 7.84 VND with a trading volume of 437,100 shares."
2026-02-06 14:00:00,7.84,7.87,7.77,7.77,539000,AAA,"At 2026-02-06 14:00:00, the stock AAA opened at 7.84 VND, reached a high of 7.87 VND, a low of 7.77 VND, and closed the hour at 7.77 VND with a trading volume of 539,000 shares."
2026-02-09 09:00:00,7.81,7.85,7.77,7.78,247900,AAA,"At 2026-02-09 09:00:00, the stock AAA opened at 7.81 VND, reached a high of 7.85 VND, a low of 7.77 VND, and closed the hour at 7.78 VND with a trading volume of 247,900 shares."
2026-02-09 10:00:00,7.78,7.81,7.78,7.79,130700,AAA,"At 2026-02-09 10:00:00, the stock AAA opened at 7.78 VND, reached a high of 7.81 VND, a low of 7.78 VND, and closed the hour at 7.79 VND with a trading volume of 130,700 shares."
2026-02-09 11:00:00,7.79,7.8,7.78,7.79,67100,AAA,"At 2026-02-09 11:00:00, the stock AAA opened at 7.79 VND, reached a high of 7.80 VND, a low of 7.78 VND, and closed the hour at 7.79 VND with a trading volume of 67,100 shares."
2026-02-09 13:00:00,7.79,7.79,7.75,7.76,274300,AAA,"At 2026-02-09 13:00:00, the stock AAA opened at 7.79 VND, reached a high of 7.79 VND, a low of 7.75 VND, and closed the hour at 7.76 VND with a trading volume of 274,300 shares."
2026-02-09 14:00:00,7.76,7.76,7.74,7.75,199500,AAA,"At 2026-02-09 14:00:00, the stock AAA opened at 7.76 VND, reached a high of 7.76 VND, a low of 7.74 VND, and closed the hour at 7.75 VND with a trading volume of 199,500 shares."
2026-02-10 09:00:00,7.75,7.82,7.74,7.82,221900,AAA,"At 2026-02-10 09:00:00, the stock AAA opened at 7.75 VND, reached a high of 7.82 VND, a low of 7.74 VND, and closed the hour at 7.82 VND with a trading volume of 221,900 shares."
2026-02-10 10:00:00,7.82,7.87,7.79,7.8,369100,AAA,"At 2026-02-10 10:00:00, the stock AAA opened at 7.82 VND, reached a high of 7.87 VND, a low of 7.79 VND, and closed the hour at 7.80 VND with a trading volume of 369,100 shares."
2026-02-10 11:00:00,7.8,7.85,7.8,7.85,173400,AAA,"At 2026-02-10 11:00:00, the stock AAA opened at 7.80 VND, reached a high of 7.85 VND, a low of 7.80 VND, and closed the hour at 7.85 VND with a trading volume of 173,400 shares."
2026-02-10 13:00:00,7.81,7.86,7.74,7.74,445700,AAA,"At 2026-02-10 13:00:00, the stock AAA opened at 7.81 VND, reached a high of 7.86 VND, a low of 7.74 VND, and closed the hour at 7.74 VND with a trading volume of 445,700 shares."
2026-02-10 14:00:00,7.74,7.84,7.74,7.84,165600,AAA,"At 2026-02-10 14:00:00, the stock AAA opened at 7.74 VND, reached a high of 7.84 VND, a low of 7.74 VND, and closed the hour at 7.84 VND with a trading volume of 165,600 shares."
2026-02-11 09:00:00,7.87,7.87,7.81,7.85,57600,AAA,"At 2026-02-11 09:00:00, the stock AAA opened at 7.87 VND, reached a high of 7.87 VND, a low of 7.81 VND, and closed the hour at 7.85 VND with a trading volume of 57,600 shares."
2026-02-11 10:00:00,7.85,7.85,7.81,7.84,124500,AAA,"At 2026-02-11 10:00:00, the stock AAA opened at 7.85 VND, reached a high of 7.85 VND, a low of 7.81 VND, and closed the hour at 7.84 VND with a trading volume of 124,500 shares."
2026-02-11 11:00:00,7.84,7.85,7.84,7.84,39900,AAA,"At 2026-02-11 11:00:00, the stock AAA opened at 7.84 VND, reached a high of 7.85 VND, a low of 7.84 VND, and closed the hour at 7.84 VND with a trading volume of 39,900 shares."
2026-02-11 13:00:00,7.84,7.86,7.82,7.86,309100,AAA,"At 2026-02-11 13:00:00, the stock AAA opened at 7.84 VND, reached a high of 7.86 VND, a low of 7.82 VND, and closed the hour at 7.86 VND with a trading volume of 309,100 shares."
2026-02-11 14:00:00,7.86,7.87,7.83,7.85,167900,AAA,"At 2026-02-11 14:00:00, the stock AAA opened at 7.86 VND, reached a high of 7.87 VND, a low of 7.83 VND, and closed the hour at 7.85 VND with a trading volume of 167,900 shares."
2026-02-12 09:00:00,7.86,7.93,7.86,7.89,99600,AAA,"At 2026-02-12 09:00:00, the stock AAA opened at 7.86 VND, reached a high of 7.93 VND, a low of 7.86 VND, and closed the hour at 7.89 VND with a trading volume of 99,600 shares."
2026-02-12 10:00:00,7.88,7.9,7.88,7.88,81900,AAA,"At 2026-02-12 10:00:00, the stock AAA opened at 7.88 VND, reached a high of 7.90 VND, a low of 7.88 VND, and closed the hour at 7.88 VND with a trading volume of 81,900 shares."
2026-02-12 11:00:00,7.88,7.88,7.85,7.85,28700,AAA,"At 2026-02-12 11:00:00, the stock AAA opened at 7.88 VND, reached a high of 7.88 VND, a low of 7.85 VND, and closed the hour at 7.85 VND with a trading volume of 28,700 shares."
2026-02-12 13:00:00,7.84,7.87,7.84,7.84,123700,AAA,"At 2026-02-12 13:00:00, the stock AAA opened at 7.84 VND, reached a high of 7.87 VND, a low of 7.84 VND, and closed the hour at 7.84 VND with a trading volume of 123,700 shares."
2026-02-12 14:00:00,7.84,7.85,7.81,7.85,136800,AAA,"At 2026-02-12 14:00:00, the stock AAA opened at 7.84 VND, reached a high of 7.85 VND, a low of 7.81 VND, and closed the hour at 7.85 VND with a trading volume of 136,800 shares."
2026-02-13 09:00:00,7.83,7.85,7.81,7.84,26500,AAA,"At 2026-02-13 09:00:00, the stock AAA opened at 7.83 VND, reached a high of 7.85 VND, a low of 7.81 VND, and closed the hour at 7.84 VND with a trading volume of 26,500 shares."
2026-02-13 10:00:00,7.84,7.84,7.8,7.83,80200,AAA,"At 2026-02-13 10:00:00, the stock AAA opened at 7.84 VND, reached a high of 7.84 VND, a low of 7.80 VND, and closed the hour at 7.83 VND with a trading volume of 80,200 shares."
2026-02-13 11:00:00,7.83,7.83,7.81,7.82,45700,AAA,"At 2026-02-13 11:00:00, the stock AAA opened at 7.83 VND, reached a high of 7.83 VND, a low of 7.81 VND, and closed the hour at 7.82 VND with a trading volume of 45,700 shares."
2026-02-13 13:00:00,7.82,7.86,7.81,7.84,174400,AAA,"At 2026-02-13 13:00:00, the stock AAA opened at 7.82 VND, reached a high of 7.86 VND, a low of 7.81 VND, and closed the hour at 7.84 VND with a trading volume of 174,400 shares."
2026-02-13 14:00:00,7.85,7.86,7.81,7.81,312700,AAA,"At 2026-02-13 14:00:00, the stock AAA opened at 7.85 VND, reached a high of 7.86 VND, a low of 7.81 VND, and closed the hour at 7.81 VND with a trading volume of 312,700 shares."
2026-02-23 09:00:00,7.97,7.97,7.87,7.93,161200,AAA,"At 2026-02-23 09:00:00, the stock AAA opened at 7.97 VND, reached a high of 7.97 VND, a low of 7.87 VND, and closed the hour at 7.93 VND with a trading volume of 161,200 shares."
2026-02-23 10:00:00,7.93,7.93,7.9,7.91,56100,AAA,"At 2026-02-23 10:00:00, the stock AAA opened at 7.93 VND, reached a high of 7.93 VND, a low of 7.90 VND, and closed the hour at 7.91 VND with a trading volume of 56,100 shares."
2026-02-23 11:00:00,7.9,7.92,7.9,7.92,27100,AAA,"At 2026-02-23 11:00:00, the stock AAA opened at 7.90 VND, reached a high of 7.92 VND, a low of 7.90 VND, and closed the hour at 7.92 VND with a trading volume of 27,100 shares."
2026-02-23 13:00:00,7.92,7.99,7.9,7.95,345900,AAA,"At 2026-02-23 13:00:00, the stock AAA opened at 7.92 VND, reached a high of 7.99 VND, a low of 7.90 VND, and closed the hour at 7.95 VND with a trading volume of 345,900 shares."
2026-02-23 14:00:00,7.96,7.97,7.94,7.94,136800,AAA,"At 2026-02-23 14:00:00, the stock AAA opened at 7.96 VND, reached a high of 7.97 VND, a low of 7.94 VND, and closed the hour at 7.94 VND with a trading volume of 136,800 shares."
2026-02-24 09:00:00,7.91,8.16,7.91,8.1,1065200,AAA,"At 2026-02-24 09:00:00, the stock AAA opened at 7.91 VND, reached a high of 8.16 VND, a low of 7.91 VND, and closed the hour at 8.10 VND with a trading volume of 1,065,200 shares."
2026-02-24 10:00:00,8.1,8.11,8.05,8.05,206100,AAA,"At 2026-02-24 10:00:00, the stock AAA opened at 8.10 VND, reached a high of 8.11 VND, a low of 8.05 VND, and closed the hour at 8.05 VND with a trading volume of 206,100 shares."
2026-02-24 11:00:00,8.05,8.08,8.04,8.07,90700,AAA,"At 2026-02-24 11:00:00, the stock AAA opened at 8.05 VND, reached a high of 8.08 VND, a low of 8.04 VND, and closed the hour at 8.07 VND with a trading volume of 90,700 shares."
2026-02-24 13:00:00,8.06,8.08,8.0,8.05,300700,AAA,"At 2026-02-24 13:00:00, the stock AAA opened at 8.06 VND, reached a high of 8.08 VND, a low of 8.00 VND, and closed the hour at 8.05 VND with a trading volume of 300,700 shares."
2026-02-24 14:00:00,8.05,8.05,8.0,8.04,152400,AAA,"At 2026-02-24 14:00:00, the stock AAA opened at 8.05 VND, reached a high of 8.05 VND, a low of 8.00 VND, and closed the hour at 8.04 VND with a trading volume of 152,400 shares."
2026-02-25 09:00:00,8.05,8.11,8.05,8.05,365500,AAA,"At 2026-02-25 09:00:00, the stock AAA opened at 8.05 VND, reached a high of 8.11 VND, a low of 8.05 VND, and closed the hour at 8.05 VND with a trading volume of 365,500 shares."
2026-02-25 10:00:00,8.05,8.09,8.05,8.06,274400,AAA,"At 2026-02-25 10:00:00, the stock AAA opened at 8.05 VND, reached a high of 8.09 VND, a low of 8.05 VND, and closed the hour at 8.06 VND with a trading volume of 274,400 shares."
2026-02-25 11:00:00,8.06,8.06,8.0,8.01,253900,AAA,"At 2026-02-25 11:00:00, the stock AAA opened at 8.06 VND, reached a high of 8.06 VND, a low of 8.00 VND, and closed the hour at 8.01 VND with a trading volume of 253,900 shares."
2026-02-25 13:00:00,8.01,8.1,8.0,8.05,725500,AAA,"At 2026-02-25 13:00:00, the stock AAA opened at 8.01 VND, reached a high of 8.10 VND, a low of 8.00 VND, and closed the hour at 8.05 VND with a trading volume of 725,500 shares."
2026-02-25 14:00:00,8.06,8.06,8.03,8.06,298000,AAA,"At 2026-02-25 14:00:00, the stock AAA opened at 8.06 VND, reached a high of 8.06 VND, a low of 8.03 VND, and closed the hour at 8.06 VND with a trading volume of 298,000 shares."
2026-02-26 09:00:00,8.07,8.14,8.06,8.09,257300,AAA,"At 2026-02-26 09:00:00, the stock AAA opened at 8.07 VND, reached a high of 8.14 VND, a low of 8.06 VND, and closed the hour at 8.09 VND with a trading volume of 257,300 shares."
2026-02-26 10:00:00,8.09,8.1,8.06,8.06,124100,AAA,"At 2026-02-26 10:00:00, the stock AAA opened at 8.09 VND, reached a high of 8.10 VND, a low of 8.06 VND, and closed the hour at 8.06 VND with a trading volume of 124,100 shares."
2026-02-26 11:00:00,8.06,8.1,8.06,8.08,105800,AAA,"At 2026-02-26 11:00:00, the stock AAA opened at 8.06 VND, reached a high of 8.10 VND, a low of 8.06 VND, and closed the hour at 8.08 VND with a trading volume of 105,800 shares."
2026-02-26 13:00:00,8.08,8.09,8.02,8.05,251300,AAA,"At 2026-02-26 13:00:00, the stock AAA opened at 8.08 VND, reached a high of 8.09 VND, a low of 8.02 VND, and closed the hour at 8.05 VND with a trading volume of 251,300 shares."
2026-02-26 14:00:00,8.05,8.08,8.04,8.06,167200,AAA,"At 2026-02-26 14:00:00, the stock AAA opened at 8.05 VND, reached a high of 8.08 VND, a low of 8.04 VND, and closed the hour at 8.06 VND with a trading volume of 167,200 shares."
2026-02-27 09:00:00,8.04,8.09,8.02,8.05,253900,AAA,"At 2026-02-27 09:00:00, the stock AAA opened at 8.04 VND, reached a high of 8.09 VND, a low of 8.02 VND, and closed the hour at 8.05 VND with a trading volume of 253,900 shares."
2026-02-27 10:00:00,8.04,8.05,7.96,8.0,396600,AAA,"At 2026-02-27 10:00:00, the stock AAA opened at 8.04 VND, reached a high of 8.05 VND, a low of 7.96 VND, and closed the hour at 8.00 VND with a trading volume of 396,600 shares."
2026-02-27 11:00:00,8.0,8.02,8.0,8.01,54400,AAA,"At 2026-02-27 11:00:00, the stock AAA opened at 8.00 VND, reached a high of 8.02 VND, a low of 8.00 VND, and closed the hour at 8.01 VND with a trading volume of 54,400 shares."
2026-02-27 13:00:00,8.01,8.01,7.97,8.0,157700,AAA,"At 2026-02-27 13:00:00, the stock AAA opened at 8.01 VND, reached a high of 8.01 VND, a low of 7.97 VND, and closed the hour at 8.00 VND with a trading volume of 157,700 shares."
2026-02-27 14:00:00,7.99,7.99,7.9,7.9,460500,AAA,"At 2026-02-27 14:00:00, the stock AAA opened at 7.99 VND, reached a high of 7.99 VND, a low of 7.90 VND, and closed the hour at 7.90 VND with a trading volume of 460,500 shares."
2026-03-02 09:00:00,7.78,7.8,7.69,7.78,939200,AAA,"At 2026-03-02 09:00:00, the stock AAA opened at 7.78 VND, reached a high of 7.80 VND, a low of 7.69 VND, and closed the hour at 7.78 VND with a trading volume of 939,200 shares."
2026-03-02 10:00:00,7.78,7.8,7.72,7.77,601000,AAA,"At 2026-03-02 10:00:00, the stock AAA opened at 7.78 VND, reached a high of 7.80 VND, a low of 7.72 VND, and closed the hour at 7.77 VND with a trading volume of 601,000 shares."
2026-03-02 11:00:00,7.77,7.89,7.77,7.8,189200,AAA,"At 2026-03-02 11:00:00, the stock AAA opened at 7.77 VND, reached a high of 7.89 VND, a low of 7.77 VND, and closed the hour at 7.80 VND with a trading volume of 189,200 shares."
2026-03-02 13:00:00,7.81,7.81,7.69,7.77,834300,AAA,"At 2026-03-02 13:00:00, the stock AAA opened at 7.81 VND, reached a high of 7.81 VND, a low of 7.69 VND, and closed the hour at 7.77 VND with a trading volume of 834,300 shares."
2026-03-02 14:00:00,7.77,7.77,7.68,7.7,735800,AAA,"At 2026-03-02 14:00:00, the stock AAA opened at 7.77 VND, reached a high of 7.77 VND, a low of 7.68 VND, and closed the hour at 7.70 VND with a trading volume of 735,800 shares."
2026-03-03 09:00:00,7.77,7.77,7.7,7.7,308700,AAA,"At 2026-03-03 09:00:00, the stock AAA opened at 7.77 VND, reached a high of 7.77 VND, a low of 7.70 VND, and closed the hour at 7.70 VND with a trading volume of 308,700 shares."
2026-03-03 10:00:00,7.7,7.74,7.7,7.73,323700,AAA,"At 2026-03-03 10:00:00, the stock AAA opened at 7.70 VND, reached a high of 7.74 VND, a low of 7.70 VND, and closed the hour at 7.73 VND with a trading volume of 323,700 shares."
2026-03-03 11:00:00,7.73,7.74,7.71,7.72,62500,AAA,"At 2026-03-03 11:00:00, the stock AAA opened at 7.73 VND, reached a high of 7.74 VND, a low of 7.71 VND, and closed the hour at 7.72 VND with a trading volume of 62,500 shares."
2026-03-03 13:00:00,7.72,7.74,7.67,7.69,610700,AAA,"At 2026-03-03 13:00:00, the stock AAA opened at 7.72 VND, reached a high of 7.74 VND, a low of 7.67 VND, and closed the hour at 7.69 VND with a trading volume of 610,700 shares."
2026-03-03 14:00:00,7.68,7.7,7.67,7.68,227500,AAA,"At 2026-03-03 14:00:00, the stock AAA opened at 7.68 VND, reached a high of 7.70 VND, a low of 7.67 VND, and closed the hour at 7.68 VND with a trading volume of 227,500 shares."
2026-03-04 09:00:00,7.68,7.73,7.65,7.68,599200,AAA,"At 2026-03-04 09:00:00, the stock AAA opened at 7.68 VND, reached a high of 7.73 VND, a low of 7.65 VND, and closed the hour at 7.68 VND with a trading volume of 599,200 shares."
2026-03-04 10:00:00,7.67,7.67,7.53,7.54,507500,AAA,"At 2026-03-04 10:00:00, the stock AAA opened at 7.67 VND, reached a high of 7.67 VND, a low of 7.53 VND, and closed the hour at 7.54 VND with a trading volume of 507,500 shares."
2026-03-04 11:00:00,7.53,7.59,7.48,7.51,297300,AAA,"At 2026-03-04 11:00:00, the stock AAA opened at 7.53 VND, reached a high of 7.59 VND, a low of 7.48 VND, and closed the hour at 7.51 VND with a trading volume of 297,300 shares."
2026-03-04 13:00:00,7.51,7.58,7.44,7.5,1047700,AAA,"At 2026-03-04 13:00:00, the stock AAA opened at 7.51 VND, reached a high of 7.58 VND, a low of 7.44 VND, and closed the hour at 7.50 VND with a trading volume of 1,047,700 shares."
2026-03-04 14:00:00,7.53,7.58,7.48,7.55,276700,AAA,"At 2026-03-04 14:00:00, the stock AAA opened at 7.53 VND, reached a high of 7.58 VND, a low of 7.48 VND, and closed the hour at 7.55 VND with a trading volume of 276,700 shares."
2026-03-05 09:00:00,7.6,7.66,7.6,7.65,315300,AAA,"At 2026-03-05 09:00:00, the stock AAA opened at 7.60 VND, reached a high of 7.66 VND, a low of 7.60 VND, and closed the hour at 7.65 VND with a trading volume of 315,300 shares."
2026-03-05 10:00:00,7.65,7.67,7.62,7.64,262700,AAA,"At 2026-03-05 10:00:00, the stock AAA opened at 7.65 VND, reached a high of 7.67 VND, a low of 7.62 VND, and closed the hour at 7.64 VND with a trading volume of 262,700 shares."
2026-03-05 11:00:00,7.64,7.64,7.6,7.62,84500,AAA,"At 2026-03-05 11:00:00, the stock AAA opened at 7.64 VND, reached a high of 7.64 VND, a low of 7.60 VND, and closed the hour at 7.62 VND with a trading volume of 84,500 shares."
2026-03-05 13:00:00,7.62,7.63,7.55,7.55,292200,AAA,"At 2026-03-05 13:00:00, the stock AAA opened at 7.62 VND, reached a high of 7.63 VND, a low of 7.55 VND, and closed the hour at 7.55 VND with a trading volume of 292,200 shares."
2026-03-05 14:00:00,7.55,7.6,7.55,7.58,162100,AAA,"At 2026-03-05 14:00:00, the stock AAA opened at 7.55 VND, reached a high of 7.60 VND, a low of 7.55 VND, and closed the hour at 7.58 VND with a trading volume of 162,100 shares."
2026-03-06 09:00:00,7.55,7.55,7.5,7.51,206000,AAA,"At 2026-03-06 09:00:00, the stock AAA opened at 7.55 VND, reached a high of 7.55 VND, a low of 7.50 VND, and closed the hour at 7.51 VND with a trading volume of 206,000 shares."
2026-03-06 10:00:00,7.51,7.53,7.49,7.5,230300,AAA,"At 2026-03-06 10:00:00, the stock AAA opened at 7.51 VND, reached a high of 7.53 VND, a low of 7.49 VND, and closed the hour at 7.50 VND with a trading volume of 230,300 shares."
2026-03-06 11:00:00,7.5,7.53,7.49,7.51,128200,AAA,"At 2026-03-06 11:00:00, the stock AAA opened at 7.50 VND, reached a high of 7.53 VND, a low of 7.49 VND, and closed the hour at 7.51 VND with a trading volume of 128,200 shares."
2026-03-06 13:00:00,7.5,7.52,7.45,7.49,387900,AAA,"At 2026-03-06 13:00:00, the stock AAA opened at 7.50 VND, reached a high of 7.52 VND, a low of 7.45 VND, and closed the hour at 7.49 VND with a trading volume of 387,900 shares."
2026-03-06 14:00:00,7.49,7.49,7.44,7.44,240400,AAA,"At 2026-03-06 14:00:00, the stock AAA opened at 7.49 VND, reached a high of 7.49 VND, a low of 7.44 VND, and closed the hour at 7.44 VND with a trading volume of 240,400 shares."
2026-03-09 09:00:00,6.92,6.99,6.92,6.92,2341100,AAA,"At 2026-03-09 09:00:00, the stock AAA opened at 6.92 VND, reached a high of 6.99 VND, a low of 6.92 VND, and closed the hour at 6.92 VND with a trading volume of 2,341,100 shares."
2026-03-09 10:00:00,6.92,6.92,6.92,6.92,193600,AAA,"At 2026-03-09 10:00:00, the stock AAA opened at 6.92 VND, reached a high of 6.92 VND, a low of 6.92 VND, and closed the hour at 6.92 VND with a trading volume of 193,600 shares."
2026-03-09 11:00:00,6.92,6.92,6.92,6.92,36700,AAA,"At 2026-03-09 11:00:00, the stock AAA opened at 6.92 VND, reached a high of 6.92 VND, a low of 6.92 VND, and closed the hour at 6.92 VND with a trading volume of 36,700 shares."
2026-03-09 13:00:00,6.92,6.92,6.92,6.92,1969700,AAA,"At 2026-03-09 13:00:00, the stock AAA opened at 6.92 VND, reached a high of 6.92 VND, a low of 6.92 VND, and closed the hour at 6.92 VND with a trading volume of 1,969,700 shares."
2026-03-09 14:00:00,6.92,6.92,6.92,6.92,169700,AAA,"At 2026-03-09 14:00:00, the stock AAA opened at 6.92 VND, reached a high of 6.92 VND, a low of 6.92 VND, and closed the hour at 6.92 VND with a trading volume of 169,700 shares."
2026-03-10 09:00:00,7.0,7.09,6.89,6.98,774800,AAA,"At 2026-03-10 09:00:00, the stock AAA opened at 7.00 VND, reached a high of 7.09 VND, a low of 6.89 VND, and closed the hour at 6.98 VND with a trading volume of 774,800 shares."
2026-03-10 10:00:00,7.0,7.05,6.93,6.97,378700,AAA,"At 2026-03-10 10:00:00, the stock AAA opened at 7.00 VND, reached a high of 7.05 VND, a low of 6.93 VND, and closed the hour at 6.97 VND with a trading volume of 378,700 shares."
2026-03-10 11:00:00,6.97,7.01,6.95,6.98,97400,AAA,"At 2026-03-10 11:00:00, the stock AAA opened at 6.97 VND, reached a high of 7.01 VND, a low of 6.95 VND, and closed the hour at 6.98 VND with a trading volume of 97,400 shares."
2026-03-10 13:00:00,6.99,6.99,6.86,6.91,652400,AAA,"At 2026-03-10 13:00:00, the stock AAA opened at 6.99 VND, reached a high of 6.99 VND, a low of 6.86 VND, and closed the hour at 6.91 VND with a trading volume of 652,400 shares."
2026-03-10 14:00:00,6.89,6.94,6.88,6.91,235600,AAA,"At 2026-03-10 14:00:00, the stock AAA opened at 6.89 VND, reached a high of 6.94 VND, a low of 6.88 VND, and closed the hour at 6.91 VND with a trading volume of 235,600 shares."
2026-03-11 09:00:00,6.89,7.02,6.89,6.91,200200,AAA,"At 2026-03-11 09:00:00, the stock AAA opened at 6.89 VND, reached a high of 7.02 VND, a low of 6.89 VND, and closed the hour at 6.91 VND with a trading volume of 200,200 shares."
2026-03-11 10:00:00,6.93,6.99,6.93,6.99,68400,AAA,"At 2026-03-11 10:00:00, the stock AAA opened at 6.93 VND, reached a high of 6.99 VND, a low of 6.93 VND, and closed the hour at 6.99 VND with a trading volume of 68,400 shares."
2026-03-11 11:00:00,6.99,7.0,6.97,6.99,70000,AAA,"At 2026-03-11 11:00:00, the stock AAA opened at 6.99 VND, reached a high of 7.00 VND, a low of 6.97 VND, and closed the hour at 6.99 VND with a trading volume of 70,000 shares."
2026-03-11 13:00:00,6.99,7.14,6.99,7.11,416700,AAA,"At 2026-03-11 13:00:00, the stock AAA opened at 6.99 VND, reached a high of 7.14 VND, a low of 6.99 VND, and closed the hour at 7.11 VND with a trading volume of 416,700 shares."
2026-03-11 14:00:00,7.1,7.13,7.05,7.13,277800,AAA,"At 2026-03-11 14:00:00, the stock AAA opened at 7.10 VND, reached a high of 7.13 VND, a low of 7.05 VND, and closed the hour at 7.13 VND with a trading volume of 277,800 shares."
2026-03-12 09:00:00,7.1,7.18,7.0,7.12,197500,AAA,"At 2026-03-12 09:00:00, the stock AAA opened at 7.10 VND, reached a high of 7.18 VND, a low of 7.00 VND, and closed the hour at 7.12 VND with a trading volume of 197,500 shares."
2026-03-12 10:00:00,7.12,7.13,7.09,7.1,162500,AAA,"At 2026-03-12 10:00:00, the stock AAA opened at 7.12 VND, reached a high of 7.13 VND, a low of 7.09 VND, and closed the hour at 7.10 VND with a trading volume of 162,500 shares."
2026-03-12 11:00:00,7.1,7.1,7.08,7.08,45700,AAA,"At 2026-03-12 11:00:00, the stock AAA opened at 7.10 VND, reached a high of 7.10 VND, a low of 7.08 VND, and closed the hour at 7.08 VND with a trading volume of 45,700 shares."
2026-03-12 13:00:00,7.08,7.1,7.06,7.09,251400,AAA,"At 2026-03-12 13:00:00, the stock AAA opened at 7.08 VND, reached a high of 7.10 VND, a low of 7.06 VND, and closed the hour at 7.09 VND with a trading volume of 251,400 shares."
2026-03-12 14:00:00,7.1,7.11,7.08,7.09,113100,AAA,"At 2026-03-12 14:00:00, the stock AAA opened at 7.10 VND, reached a high of 7.11 VND, a low of 7.08 VND, and closed the hour at 7.09 VND with a trading volume of 113,100 shares."
2026-03-13 09:00:00,7.07,7.08,7.0,7.04,257500,AAA,"At 2026-03-13 09:00:00, the stock AAA opened at 7.07 VND, reached a high of 7.08 VND, a low of 7.00 VND, and closed the hour at 7.04 VND with a trading volume of 257,500 shares."
2026-03-13 10:00:00,7.04,7.09,7.02,7.07,331500,AAA,"At 2026-03-13 10:00:00, the stock AAA opened at 7.04 VND, reached a high of 7.09 VND, a low of 7.02 VND, and closed the hour at 7.07 VND with a trading volume of 331,500 shares."
2026-03-13 11:00:00,7.06,7.11,7.06,7.1,294400,AAA,"At 2026-03-13 11:00:00, the stock AAA opened at 7.06 VND, reached a high of 7.11 VND, a low of 7.06 VND, and closed the hour at 7.10 VND with a trading volume of 294,400 shares."
2026-03-13 13:00:00,7.1,7.26,7.1,7.16,702200,AAA,"At 2026-03-13 13:00:00, the stock AAA opened at 7.10 VND, reached a high of 7.26 VND, a low of 7.10 VND, and closed the hour at 7.16 VND with a trading volume of 702,200 shares."
2026-03-13 14:00:00,7.15,7.17,7.09,7.09,578400,AAA,"At 2026-03-13 14:00:00, the stock AAA opened at 7.15 VND, reached a high of 7.17 VND, a low of 7.09 VND, and closed the hour at 7.09 VND with a trading volume of 578,400 shares."
2026-03-16 09:00:00,7.23,7.24,7.13,7.22,514000,AAA,"At 2026-03-16 09:00:00, the stock AAA opened at 7.23 VND, reached a high of 7.24 VND, a low of 7.13 VND, and closed the hour at 7.22 VND with a trading volume of 514,000 shares."
2026-03-16 10:00:00,7.22,7.35,7.22,7.23,368600,AAA,"At 2026-03-16 10:00:00, the stock AAA opened at 7.22 VND, reached a high of 7.35 VND, a low of 7.22 VND, and closed the hour at 7.23 VND with a trading volume of 368,600 shares."
2026-03-16 11:00:00,7.24,7.25,7.23,7.23,15800,AAA,"At 2026-03-16 11:00:00, the stock AAA opened at 7.24 VND, reached a high of 7.25 VND, a low of 7.23 VND, and closed the hour at 7.23 VND with a trading volume of 15,800 shares."
2026-03-16 13:00:00,7.23,7.24,7.16,7.18,209200,AAA,"At 2026-03-16 13:00:00, the stock AAA opened at 7.23 VND, reached a high of 7.24 VND, a low of 7.16 VND, and closed the hour at 7.18 VND with a trading volume of 209,200 shares."
2026-03-16 14:00:00,7.17,7.25,7.17,7.25,161200,AAA,"At 2026-03-16 14:00:00, the stock AAA opened at 7.17 VND, reached a high of 7.25 VND, a low of 7.17 VND, and closed the hour at 7.25 VND with a trading volume of 161,200 shares."
2026-03-17 09:00:00,7.25,7.32,7.25,7.26,297700,AAA,"At 2026-03-17 09:00:00, the stock AAA opened at 7.25 VND, reached a high of 7.32 VND, a low of 7.25 VND, and closed the hour at 7.26 VND with a trading volume of 297,700 shares."
2026-03-17 10:00:00,7.27,7.28,7.22,7.24,111300,AAA,"At 2026-03-17 10:00:00, the stock AAA opened at 7.27 VND, reached a high of 7.28 VND, a low of 7.22 VND, and closed the hour at 7.24 VND with a trading volume of 111,300 shares."
2026-03-17 11:00:00,7.24,7.25,7.2,7.25,235300,AAA,"At 2026-03-17 11:00:00, the stock AAA opened at 7.24 VND, reached a high of 7.25 VND, a low of 7.20 VND, and closed the hour at 7.25 VND with a trading volume of 235,300 shares."
2026-03-17 13:00:00,7.25,7.26,7.19,7.2,176300,AAA,"At 2026-03-17 13:00:00, the stock AAA opened at 7.25 VND, reached a high of 7.26 VND, a low of 7.19 VND, and closed the hour at 7.20 VND with a trading volume of 176,300 shares."
2026-03-17 14:00:00,7.2,7.23,7.14,7.19,211200,AAA,"At 2026-03-17 14:00:00, the stock AAA opened at 7.20 VND, reached a high of 7.23 VND, a low of 7.14 VND, and closed the hour at 7.19 VND with a trading volume of 211,200 shares."
2026-03-18 09:00:00,7.2,7.21,7.18,7.19,216400,AAA,"At 2026-03-18 09:00:00, the stock AAA opened at 7.20 VND, reached a high of 7.21 VND, a low of 7.18 VND, and closed the hour at 7.19 VND with a trading volume of 216,400 shares."
2026-03-18 10:00:00,7.19,7.2,7.14,7.15,162500,AAA,"At 2026-03-18 10:00:00, the stock AAA opened at 7.19 VND, reached a high of 7.20 VND, a low of 7.14 VND, and closed the hour at 7.15 VND with a trading volume of 162,500 shares."
2026-03-18 11:00:00,7.15,7.16,7.1,7.1,77900,AAA,"At 2026-03-18 11:00:00, the stock AAA opened at 7.15 VND, reached a high of 7.16 VND, a low of 7.10 VND, and closed the hour at 7.10 VND with a trading volume of 77,900 shares."
2026-03-18 13:00:00,7.11,7.15,7.1,7.13,298500,AAA,"At 2026-03-18 13:00:00, the stock AAA opened at 7.11 VND, reached a high of 7.15 VND, a low of 7.10 VND, and closed the hour at 7.13 VND with a trading volume of 298,500 shares."
2026-03-18 14:00:00,7.14,7.14,7.11,7.11,73100,AAA,"At 2026-03-18 14:00:00, the stock AAA opened at 7.14 VND, reached a high of 7.14 VND, a low of 7.11 VND, and closed the hour at 7.11 VND with a trading volume of 73,100 shares."
2026-03-19 09:00:00,7.1,7.1,7.01,7.08,290700,AAA,"At 2026-03-19 09:00:00, the stock AAA opened at 7.10 VND, reached a high of 7.10 VND, a low of 7.01 VND, and closed the hour at 7.08 VND with a trading volume of 290,700 shares."
2026-03-19 10:00:00,7.08,7.08,7.02,7.06,186600,AAA,"At 2026-03-19 10:00:00, the stock AAA opened at 7.08 VND, reached a high of 7.08 VND, a low of 7.02 VND, and closed the hour at 7.06 VND with a trading volume of 186,600 shares."
2026-03-19 11:00:00,7.06,7.06,7.0,7.04,410400,AAA,"At 2026-03-19 11:00:00, the stock AAA opened at 7.06 VND, reached a high of 7.06 VND, a low of 7.00 VND, and closed the hour at 7.04 VND with a trading volume of 410,400 shares."
2026-03-19 13:00:00,7.03,7.04,6.98,6.98,677800,AAA,"At 2026-03-19 13:00:00, the stock AAA opened at 7.03 VND, reached a high of 7.04 VND, a low of 6.98 VND, and closed the hour at 6.98 VND with a trading volume of 677,800 shares."
2026-03-19 14:00:00,6.99,7.03,6.97,7.0,517200,AAA,"At 2026-03-19 14:00:00, the stock AAA opened at 6.99 VND, reached a high of 7.03 VND, a low of 6.97 VND, and closed the hour at 7.00 VND with a trading volume of 517,200 shares."
2026-03-20 09:00:00,7.0,7.02,6.98,7.0,57400,AAA,"At 2026-03-20 09:00:00, the stock AAA opened at 7.00 VND, reached a high of 7.02 VND, a low of 6.98 VND, and closed the hour at 7.00 VND with a trading volume of 57,400 shares."
2026-03-20 10:00:00,7.0,7.01,6.98,6.99,160800,AAA,"At 2026-03-20 10:00:00, the stock AAA opened at 7.00 VND, reached a high of 7.01 VND, a low of 6.98 VND, and closed the hour at 6.99 VND with a trading volume of 160,800 shares."
2026-03-20 11:00:00,6.99,7.0,6.98,6.98,50400,AAA,"At 2026-03-20 11:00:00, the stock AAA opened at 6.99 VND, reached a high of 7.00 VND, a low of 6.98 VND, and closed the hour at 6.98 VND with a trading volume of 50,400 shares."
2026-03-20 13:00:00,6.98,7.0,6.95,6.97,219300,AAA,"At 2026-03-20 13:00:00, the stock AAA opened at 6.98 VND, reached a high of 7.00 VND, a low of 6.95 VND, and closed the hour at 6.97 VND with a trading volume of 219,300 shares."
2026-03-20 14:00:00,6.97,6.98,6.95,6.95,129500,AAA,"At 2026-03-20 14:00:00, the stock AAA opened at 6.97 VND, reached a high of 6.98 VND, a low of 6.95 VND, and closed the hour at 6.95 VND with a trading volume of 129,500 shares."
