time,open,high,low,close,volume,ticker,llm_text
2025-09-10 14:00:00,19.55,19.8,19.45,19.8,163100,AGG,"At 2025-09-10 14:00:00, the stock AGG opened at 19.55 VND, reached a high of 19.80 VND, a low of 19.45 VND, and closed the hour at 19.80 VND with a trading volume of 163,100 shares."
2025-09-11 09:00:00,19.7,19.7,19.0,19.2,154000,AGG,"At 2025-09-11 09:00:00, the stock AGG opened at 19.70 VND, reached a high of 19.70 VND, a low of 19.00 VND, and closed the hour at 19.20 VND with a trading volume of 154,000 shares."
2025-09-11 10:00:00,19.2,19.3,19.05,19.2,116400,AGG,"At 2025-09-11 10:00:00, the stock AGG opened at 19.20 VND, reached a high of 19.30 VND, a low of 19.05 VND, and closed the hour at 19.20 VND with a trading volume of 116,400 shares."
2025-09-11 11:00:00,19.15,19.3,19.1,19.2,65100,AGG,"At 2025-09-11 11:00:00, the stock AGG opened at 19.15 VND, reached a high of 19.30 VND, a low of 19.10 VND, and closed the hour at 19.20 VND with a trading volume of 65,100 shares."
2025-09-11 13:00:00,19.3,19.6,19.25,19.6,90700,AGG,"At 2025-09-11 13:00:00, the stock AGG opened at 19.30 VND, reached a high of 19.60 VND, a low of 19.25 VND, and closed the hour at 19.60 VND with a trading volume of 90,700 shares."
2025-09-11 14:00:00,19.6,19.8,19.5,19.8,127600,AGG,"At 2025-09-11 14:00:00, the stock AGG opened at 19.60 VND, reached a high of 19.80 VND, a low of 19.50 VND, and closed the hour at 19.80 VND with a trading volume of 127,600 shares."
2025-09-12 09:00:00,19.9,20.0,19.8,19.85,259700,AGG,"At 2025-09-12 09:00:00, the stock AGG opened at 19.90 VND, reached a high of 20.00 VND, a low of 19.80 VND, and closed the hour at 19.85 VND with a trading volume of 259,700 shares."
2025-09-12 10:00:00,19.85,19.9,19.8,19.85,93100,AGG,"At 2025-09-12 10:00:00, the stock AGG opened at 19.85 VND, reached a high of 19.90 VND, a low of 19.80 VND, and closed the hour at 19.85 VND with a trading volume of 93,100 shares."
2025-09-12 11:00:00,19.85,19.85,19.8,19.85,31200,AGG,"At 2025-09-12 11:00:00, the stock AGG opened at 19.85 VND, reached a high of 19.85 VND, a low of 19.80 VND, and closed the hour at 19.85 VND with a trading volume of 31,200 shares."
2025-09-12 13:00:00,19.85,19.85,19.75,19.75,86500,AGG,"At 2025-09-12 13:00:00, the stock AGG opened at 19.85 VND, reached a high of 19.85 VND, a low of 19.75 VND, and closed the hour at 19.75 VND with a trading volume of 86,500 shares."
2025-09-12 14:00:00,19.75,19.8,19.7,19.8,116700,AGG,"At 2025-09-12 14:00:00, the stock AGG opened at 19.75 VND, reached a high of 19.80 VND, a low of 19.70 VND, and closed the hour at 19.80 VND with a trading volume of 116,700 shares."
2025-09-15 09:00:00,19.9,20.0,19.85,20.0,160000,AGG,"At 2025-09-15 09:00:00, the stock AGG opened at 19.90 VND, reached a high of 20.00 VND, a low of 19.85 VND, and closed the hour at 20.00 VND with a trading volume of 160,000 shares."
2025-09-15 10:00:00,20.0,20.05,19.8,19.8,95400,AGG,"At 2025-09-15 10:00:00, the stock AGG opened at 20.00 VND, reached a high of 20.05 VND, a low of 19.80 VND, and closed the hour at 19.80 VND with a trading volume of 95,400 shares."
2025-09-15 11:00:00,19.8,19.9,19.75,19.9,119000,AGG,"At 2025-09-15 11:00:00, the stock AGG opened at 19.80 VND, reached a high of 19.90 VND, a low of 19.75 VND, and closed the hour at 19.90 VND with a trading volume of 119,000 shares."
2025-09-15 13:00:00,19.9,19.9,19.75,19.75,175100,AGG,"At 2025-09-15 13:00:00, the stock AGG opened at 19.90 VND, reached a high of 19.90 VND, a low of 19.75 VND, and closed the hour at 19.75 VND with a trading volume of 175,100 shares."
2025-09-15 14:00:00,19.8,20.0,19.8,20.0,142100,AGG,"At 2025-09-15 14:00:00, the stock AGG opened at 19.80 VND, reached a high of 20.00 VND, a low of 19.80 VND, and closed the hour at 20.00 VND with a trading volume of 142,100 shares."
2025-09-16 09:00:00,20.3,20.3,20.0,20.05,105100,AGG,"At 2025-09-16 09:00:00, the stock AGG opened at 20.30 VND, reached a high of 20.30 VND, a low of 20.00 VND, and closed the hour at 20.05 VND with a trading volume of 105,100 shares."
2025-09-16 10:00:00,20.05,20.05,19.95,20.05,85700,AGG,"At 2025-09-16 10:00:00, the stock AGG opened at 20.05 VND, reached a high of 20.05 VND, a low of 19.95 VND, and closed the hour at 20.05 VND with a trading volume of 85,700 shares."
2025-09-16 11:00:00,20.05,20.05,20.0,20.0,21400,AGG,"At 2025-09-16 11:00:00, the stock AGG opened at 20.05 VND, reached a high of 20.05 VND, a low of 20.00 VND, and closed the hour at 20.00 VND with a trading volume of 21,400 shares."
2025-09-16 13:00:00,19.95,20.0,19.85,19.85,125800,AGG,"At 2025-09-16 13:00:00, the stock AGG opened at 19.95 VND, reached a high of 20.00 VND, a low of 19.85 VND, and closed the hour at 19.85 VND with a trading volume of 125,800 shares."
2025-09-16 14:00:00,19.85,20.0,19.7,20.0,105400,AGG,"At 2025-09-16 14:00:00, the stock AGG opened at 19.85 VND, reached a high of 20.00 VND, a low of 19.70 VND, and closed the hour at 20.00 VND with a trading volume of 105,400 shares."
2025-09-17 09:00:00,19.6,19.95,19.6,19.9,56400,AGG,"At 2025-09-17 09:00:00, the stock AGG opened at 19.60 VND, reached a high of 19.95 VND, a low of 19.60 VND, and closed the hour at 19.90 VND with a trading volume of 56,400 shares."
2025-09-17 10:00:00,19.9,20.0,19.9,19.95,123100,AGG,"At 2025-09-17 10:00:00, the stock AGG opened at 19.90 VND, reached a high of 20.00 VND, a low of 19.90 VND, and closed the hour at 19.95 VND with a trading volume of 123,100 shares."
2025-09-17 11:00:00,19.95,19.95,19.85,19.85,17300,AGG,"At 2025-09-17 11:00:00, the stock AGG opened at 19.95 VND, reached a high of 19.95 VND, a low of 19.85 VND, and closed the hour at 19.85 VND with a trading volume of 17,300 shares."
2025-09-17 13:00:00,19.9,19.9,19.7,19.85,106300,AGG,"At 2025-09-17 13:00:00, the stock AGG opened at 19.90 VND, reached a high of 19.90 VND, a low of 19.70 VND, and closed the hour at 19.85 VND with a trading volume of 106,300 shares."
2025-09-17 14:00:00,19.85,19.9,19.7,19.8,116400,AGG,"At 2025-09-17 14:00:00, the stock AGG opened at 19.85 VND, reached a high of 19.90 VND, a low of 19.70 VND, and closed the hour at 19.80 VND with a trading volume of 116,400 shares."
2025-09-18 09:00:00,19.8,19.8,19.5,19.5,74800,AGG,"At 2025-09-18 09:00:00, the stock AGG opened at 19.80 VND, reached a high of 19.80 VND, a low of 19.50 VND, and closed the hour at 19.50 VND with a trading volume of 74,800 shares."
2025-09-18 10:00:00,19.5,19.7,19.5,19.55,55800,AGG,"At 2025-09-18 10:00:00, the stock AGG opened at 19.50 VND, reached a high of 19.70 VND, a low of 19.50 VND, and closed the hour at 19.55 VND with a trading volume of 55,800 shares."
2025-09-18 11:00:00,19.55,19.8,19.5,19.75,79000,AGG,"At 2025-09-18 11:00:00, the stock AGG opened at 19.55 VND, reached a high of 19.80 VND, a low of 19.50 VND, and closed the hour at 19.75 VND with a trading volume of 79,000 shares."
2025-09-18 13:00:00,19.65,19.75,19.55,19.7,90400,AGG,"At 2025-09-18 13:00:00, the stock AGG opened at 19.65 VND, reached a high of 19.75 VND, a low of 19.55 VND, and closed the hour at 19.70 VND with a trading volume of 90,400 shares."
2025-09-18 14:00:00,19.7,20.0,19.5,20.0,127000,AGG,"At 2025-09-18 14:00:00, the stock AGG opened at 19.70 VND, reached a high of 20.00 VND, a low of 19.50 VND, and closed the hour at 20.00 VND with a trading volume of 127,000 shares."
2025-09-19 09:00:00,20.0,20.05,19.85,19.9,68800,AGG,"At 2025-09-19 09:00:00, the stock AGG opened at 20.00 VND, reached a high of 20.05 VND, a low of 19.85 VND, and closed the hour at 19.90 VND with a trading volume of 68,800 shares."
2025-09-19 10:00:00,19.85,19.95,19.85,19.9,44100,AGG,"At 2025-09-19 10:00:00, the stock AGG opened at 19.85 VND, reached a high of 19.95 VND, a low of 19.85 VND, and closed the hour at 19.90 VND with a trading volume of 44,100 shares."
2025-09-19 11:00:00,19.9,19.95,19.8,19.8,23000,AGG,"At 2025-09-19 11:00:00, the stock AGG opened at 19.90 VND, reached a high of 19.95 VND, a low of 19.80 VND, and closed the hour at 19.80 VND with a trading volume of 23,000 shares."
2025-09-19 13:00:00,19.85,19.9,19.8,19.9,41600,AGG,"At 2025-09-19 13:00:00, the stock AGG opened at 19.85 VND, reached a high of 19.90 VND, a low of 19.80 VND, and closed the hour at 19.90 VND with a trading volume of 41,600 shares."
2025-09-19 14:00:00,19.85,20.1,19.85,19.95,167500,AGG,"At 2025-09-19 14:00:00, the stock AGG opened at 19.85 VND, reached a high of 20.10 VND, a low of 19.85 VND, and closed the hour at 19.95 VND with a trading volume of 167,500 shares."
2025-09-22 09:00:00,19.95,20.1,19.85,19.85,45600,AGG,"At 2025-09-22 09:00:00, the stock AGG opened at 19.95 VND, reached a high of 20.10 VND, a low of 19.85 VND, and closed the hour at 19.85 VND with a trading volume of 45,600 shares."
2025-09-22 10:00:00,19.9,20.15,19.75,20.0,288200,AGG,"At 2025-09-22 10:00:00, the stock AGG opened at 19.90 VND, reached a high of 20.15 VND, a low of 19.75 VND, and closed the hour at 20.00 VND with a trading volume of 288,200 shares."
2025-09-22 11:00:00,19.95,19.95,19.8,19.85,39100,AGG,"At 2025-09-22 11:00:00, the stock AGG opened at 19.95 VND, reached a high of 19.95 VND, a low of 19.80 VND, and closed the hour at 19.85 VND with a trading volume of 39,100 shares."
2025-09-22 13:00:00,19.85,19.85,19.65,19.65,118500,AGG,"At 2025-09-22 13:00:00, the stock AGG opened at 19.85 VND, reached a high of 19.85 VND, a low of 19.65 VND, and closed the hour at 19.65 VND with a trading volume of 118,500 shares."
2025-09-22 14:00:00,19.65,19.9,19.6,19.85,67600,AGG,"At 2025-09-22 14:00:00, the stock AGG opened at 19.65 VND, reached a high of 19.90 VND, a low of 19.60 VND, and closed the hour at 19.85 VND with a trading volume of 67,600 shares."
2025-09-23 09:00:00,20.0,20.0,19.6,19.8,106400,AGG,"At 2025-09-23 09:00:00, the stock AGG opened at 20.00 VND, reached a high of 20.00 VND, a low of 19.60 VND, and closed the hour at 19.80 VND with a trading volume of 106,400 shares."
2025-09-23 10:00:00,19.8,19.8,19.7,19.7,34100,AGG,"At 2025-09-23 10:00:00, the stock AGG opened at 19.80 VND, reached a high of 19.80 VND, a low of 19.70 VND, and closed the hour at 19.70 VND with a trading volume of 34,100 shares."
2025-09-23 11:00:00,19.7,19.8,19.7,19.75,4100,AGG,"At 2025-09-23 11:00:00, the stock AGG opened at 19.70 VND, reached a high of 19.80 VND, a low of 19.70 VND, and closed the hour at 19.75 VND with a trading volume of 4,100 shares."
2025-09-23 13:00:00,19.7,19.75,19.65,19.65,90600,AGG,"At 2025-09-23 13:00:00, the stock AGG opened at 19.70 VND, reached a high of 19.75 VND, a low of 19.65 VND, and closed the hour at 19.65 VND with a trading volume of 90,600 shares."
2025-09-23 14:00:00,19.65,19.8,19.55,19.8,99100,AGG,"At 2025-09-23 14:00:00, the stock AGG opened at 19.65 VND, reached a high of 19.80 VND, a low of 19.55 VND, and closed the hour at 19.80 VND with a trading volume of 99,100 shares."
2025-09-24 09:00:00,19.8,19.8,19.6,19.65,24500,AGG,"At 2025-09-24 09:00:00, the stock AGG opened at 19.80 VND, reached a high of 19.80 VND, a low of 19.60 VND, and closed the hour at 19.65 VND with a trading volume of 24,500 shares."
2025-09-24 10:00:00,19.65,20.05,19.65,19.95,254300,AGG,"At 2025-09-24 10:00:00, the stock AGG opened at 19.65 VND, reached a high of 20.05 VND, a low of 19.65 VND, and closed the hour at 19.95 VND with a trading volume of 254,300 shares."
2025-09-24 11:00:00,19.95,19.95,19.9,19.9,23600,AGG,"At 2025-09-24 11:00:00, the stock AGG opened at 19.95 VND, reached a high of 19.95 VND, a low of 19.90 VND, and closed the hour at 19.90 VND with a trading volume of 23,600 shares."
2025-09-24 13:00:00,19.85,19.85,19.75,19.8,63500,AGG,"At 2025-09-24 13:00:00, the stock AGG opened at 19.85 VND, reached a high of 19.85 VND, a low of 19.75 VND, and closed the hour at 19.80 VND with a trading volume of 63,500 shares."
2025-09-24 14:00:00,19.8,20.25,19.8,20.25,474300,AGG,"At 2025-09-24 14:00:00, the stock AGG opened at 19.80 VND, reached a high of 20.25 VND, a low of 19.80 VND, and closed the hour at 20.25 VND with a trading volume of 474,300 shares."
2025-09-25 09:00:00,20.6,20.6,20.25,20.5,316000,AGG,"At 2025-09-25 09:00:00, the stock AGG opened at 20.60 VND, reached a high of 20.60 VND, a low of 20.25 VND, and closed the hour at 20.50 VND with a trading volume of 316,000 shares."
2025-09-25 10:00:00,20.5,20.5,20.3,20.3,135500,AGG,"At 2025-09-25 10:00:00, the stock AGG opened at 20.50 VND, reached a high of 20.50 VND, a low of 20.30 VND, and closed the hour at 20.30 VND with a trading volume of 135,500 shares."
2025-09-25 11:00:00,20.3,20.35,20.3,20.35,20900,AGG,"At 2025-09-25 11:00:00, the stock AGG opened at 20.30 VND, reached a high of 20.35 VND, a low of 20.30 VND, and closed the hour at 20.35 VND with a trading volume of 20,900 shares."
2025-09-25 13:00:00,20.35,20.4,20.25,20.25,225900,AGG,"At 2025-09-25 13:00:00, the stock AGG opened at 20.35 VND, reached a high of 20.40 VND, a low of 20.25 VND, and closed the hour at 20.25 VND with a trading volume of 225,900 shares."
2025-09-25 14:00:00,20.25,20.35,20.1,20.2,126900,AGG,"At 2025-09-25 14:00:00, the stock AGG opened at 20.25 VND, reached a high of 20.35 VND, a low of 20.10 VND, and closed the hour at 20.20 VND with a trading volume of 126,900 shares."
2025-09-26 09:00:00,20.05,20.35,20.05,20.2,59300,AGG,"At 2025-09-26 09:00:00, the stock AGG opened at 20.05 VND, reached a high of 20.35 VND, a low of 20.05 VND, and closed the hour at 20.20 VND with a trading volume of 59,300 shares."
2025-09-26 10:00:00,20.15,20.15,20.0,20.0,94400,AGG,"At 2025-09-26 10:00:00, the stock AGG opened at 20.15 VND, reached a high of 20.15 VND, a low of 20.00 VND, and closed the hour at 20.00 VND with a trading volume of 94,400 shares."
2025-09-26 11:00:00,20.0,20.0,19.9,20.0,24100,AGG,"At 2025-09-26 11:00:00, the stock AGG opened at 20.00 VND, reached a high of 20.00 VND, a low of 19.90 VND, and closed the hour at 20.00 VND with a trading volume of 24,100 shares."
2025-09-26 13:00:00,19.95,20.3,19.85,20.25,197300,AGG,"At 2025-09-26 13:00:00, the stock AGG opened at 19.95 VND, reached a high of 20.30 VND, a low of 19.85 VND, and closed the hour at 20.25 VND with a trading volume of 197,300 shares."
2025-09-26 14:00:00,20.25,20.25,19.95,20.2,146600,AGG,"At 2025-09-26 14:00:00, the stock AGG opened at 20.25 VND, reached a high of 20.25 VND, a low of 19.95 VND, and closed the hour at 20.20 VND with a trading volume of 146,600 shares."
2025-09-29 09:00:00,20.1,20.5,20.1,20.25,195700,AGG,"At 2025-09-29 09:00:00, the stock AGG opened at 20.10 VND, reached a high of 20.50 VND, a low of 20.10 VND, and closed the hour at 20.25 VND with a trading volume of 195,700 shares."
2025-09-29 10:00:00,20.25,20.25,20.1,20.2,71800,AGG,"At 2025-09-29 10:00:00, the stock AGG opened at 20.25 VND, reached a high of 20.25 VND, a low of 20.10 VND, and closed the hour at 20.20 VND with a trading volume of 71,800 shares."
2025-09-29 11:00:00,20.2,20.2,20.05,20.05,45100,AGG,"At 2025-09-29 11:00:00, the stock AGG opened at 20.20 VND, reached a high of 20.20 VND, a low of 20.05 VND, and closed the hour at 20.05 VND with a trading volume of 45,100 shares."
2025-09-29 13:00:00,20.05,20.05,19.8,19.85,193000,AGG,"At 2025-09-29 13:00:00, the stock AGG opened at 20.05 VND, reached a high of 20.05 VND, a low of 19.80 VND, and closed the hour at 19.85 VND with a trading volume of 193,000 shares."
2025-09-29 14:00:00,19.85,20.05,19.65,20.05,192200,AGG,"At 2025-09-29 14:00:00, the stock AGG opened at 19.85 VND, reached a high of 20.05 VND, a low of 19.65 VND, and closed the hour at 20.05 VND with a trading volume of 192,200 shares."
2025-09-30 09:00:00,20.05,20.05,19.5,19.65,90200,AGG,"At 2025-09-30 09:00:00, the stock AGG opened at 20.05 VND, reached a high of 20.05 VND, a low of 19.50 VND, and closed the hour at 19.65 VND with a trading volume of 90,200 shares."
2025-09-30 10:00:00,19.65,19.8,19.15,19.4,238500,AGG,"At 2025-09-30 10:00:00, the stock AGG opened at 19.65 VND, reached a high of 19.80 VND, a low of 19.15 VND, and closed the hour at 19.40 VND with a trading volume of 238,500 shares."
2025-09-30 11:00:00,19.35,19.35,19.15,19.3,62500,AGG,"At 2025-09-30 11:00:00, the stock AGG opened at 19.35 VND, reached a high of 19.35 VND, a low of 19.15 VND, and closed the hour at 19.30 VND with a trading volume of 62,500 shares."
2025-09-30 13:00:00,19.3,19.35,19.05,19.35,220300,AGG,"At 2025-09-30 13:00:00, the stock AGG opened at 19.30 VND, reached a high of 19.35 VND, a low of 19.05 VND, and closed the hour at 19.35 VND with a trading volume of 220,300 shares."
2025-09-30 14:00:00,19.4,19.7,19.35,19.7,149800,AGG,"At 2025-09-30 14:00:00, the stock AGG opened at 19.40 VND, reached a high of 19.70 VND, a low of 19.35 VND, and closed the hour at 19.70 VND with a trading volume of 149,800 shares."
2025-10-01 09:00:00,19.35,19.65,19.35,19.45,57600,AGG,"At 2025-10-01 09:00:00, the stock AGG opened at 19.35 VND, reached a high of 19.65 VND, a low of 19.35 VND, and closed the hour at 19.45 VND with a trading volume of 57,600 shares."
2025-10-01 10:00:00,19.45,19.45,19.3,19.45,74200,AGG,"At 2025-10-01 10:00:00, the stock AGG opened at 19.45 VND, reached a high of 19.45 VND, a low of 19.30 VND, and closed the hour at 19.45 VND with a trading volume of 74,200 shares."
2025-10-01 11:00:00,19.35,19.45,19.35,19.4,18600,AGG,"At 2025-10-01 11:00:00, the stock AGG opened at 19.35 VND, reached a high of 19.45 VND, a low of 19.35 VND, and closed the hour at 19.40 VND with a trading volume of 18,600 shares."
2025-10-01 13:00:00,19.35,19.45,19.1,19.4,186400,AGG,"At 2025-10-01 13:00:00, the stock AGG opened at 19.35 VND, reached a high of 19.45 VND, a low of 19.10 VND, and closed the hour at 19.40 VND with a trading volume of 186,400 shares."
2025-10-01 14:00:00,19.45,19.5,19.35,19.35,172700,AGG,"At 2025-10-01 14:00:00, the stock AGG opened at 19.45 VND, reached a high of 19.50 VND, a low of 19.35 VND, and closed the hour at 19.35 VND with a trading volume of 172,700 shares."
2025-10-02 09:00:00,18.8,19.2,18.8,18.95,468400,AGG,"At 2025-10-02 09:00:00, the stock AGG opened at 18.80 VND, reached a high of 19.20 VND, a low of 18.80 VND, and closed the hour at 18.95 VND with a trading volume of 468,400 shares."
2025-10-02 10:00:00,18.95,19.0,18.75,18.85,266800,AGG,"At 2025-10-02 10:00:00, the stock AGG opened at 18.95 VND, reached a high of 19.00 VND, a low of 18.75 VND, and closed the hour at 18.85 VND with a trading volume of 266,800 shares."
2025-10-02 11:00:00,18.85,18.95,18.8,18.9,75300,AGG,"At 2025-10-02 11:00:00, the stock AGG opened at 18.85 VND, reached a high of 18.95 VND, a low of 18.80 VND, and closed the hour at 18.90 VND with a trading volume of 75,300 shares."
2025-10-02 13:00:00,18.85,18.9,18.75,18.75,153400,AGG,"At 2025-10-02 13:00:00, the stock AGG opened at 18.85 VND, reached a high of 18.90 VND, a low of 18.75 VND, and closed the hour at 18.75 VND with a trading volume of 153,400 shares."
2025-10-02 14:00:00,18.8,19.4,18.5,19.4,614100,AGG,"At 2025-10-02 14:00:00, the stock AGG opened at 18.80 VND, reached a high of 19.40 VND, a low of 18.50 VND, and closed the hour at 19.40 VND with a trading volume of 614,100 shares."
2025-10-03 09:00:00,18.9,19.0,18.65,18.75,64100,AGG,"At 2025-10-03 09:00:00, the stock AGG opened at 18.90 VND, reached a high of 19.00 VND, a low of 18.65 VND, and closed the hour at 18.75 VND with a trading volume of 64,100 shares."
2025-10-03 10:00:00,18.7,18.75,18.65,18.7,55200,AGG,"At 2025-10-03 10:00:00, the stock AGG opened at 18.70 VND, reached a high of 18.75 VND, a low of 18.65 VND, and closed the hour at 18.70 VND with a trading volume of 55,200 shares."
2025-10-03 11:00:00,18.7,18.75,18.65,18.65,28700,AGG,"At 2025-10-03 11:00:00, the stock AGG opened at 18.70 VND, reached a high of 18.75 VND, a low of 18.65 VND, and closed the hour at 18.65 VND with a trading volume of 28,700 shares."
2025-10-03 13:00:00,18.65,18.95,18.65,18.9,46300,AGG,"At 2025-10-03 13:00:00, the stock AGG opened at 18.65 VND, reached a high of 18.95 VND, a low of 18.65 VND, and closed the hour at 18.90 VND with a trading volume of 46,300 shares."
2025-10-03 14:00:00,18.9,19.2,18.6,18.6,154200,AGG,"At 2025-10-03 14:00:00, the stock AGG opened at 18.90 VND, reached a high of 19.20 VND, a low of 18.60 VND, and closed the hour at 18.60 VND with a trading volume of 154,200 shares."
2025-10-06 09:00:00,18.6,18.85,18.6,18.7,48200,AGG,"At 2025-10-06 09:00:00, the stock AGG opened at 18.60 VND, reached a high of 18.85 VND, a low of 18.60 VND, and closed the hour at 18.70 VND with a trading volume of 48,200 shares."
2025-10-06 10:00:00,18.7,19.25,18.7,18.95,120900,AGG,"At 2025-10-06 10:00:00, the stock AGG opened at 18.70 VND, reached a high of 19.25 VND, a low of 18.70 VND, and closed the hour at 18.95 VND with a trading volume of 120,900 shares."
2025-10-06 11:00:00,18.95,19.0,18.95,19.0,18600,AGG,"At 2025-10-06 11:00:00, the stock AGG opened at 18.95 VND, reached a high of 19.00 VND, a low of 18.95 VND, and closed the hour at 19.00 VND with a trading volume of 18,600 shares."
2025-10-06 13:00:00,19.0,19.0,18.95,18.95,45900,AGG,"At 2025-10-06 13:00:00, the stock AGG opened at 19.00 VND, reached a high of 19.00 VND, a low of 18.95 VND, and closed the hour at 18.95 VND with a trading volume of 45,900 shares."
2025-10-06 14:00:00,19.0,19.1,18.9,19.0,55100,AGG,"At 2025-10-06 14:00:00, the stock AGG opened at 19.00 VND, reached a high of 19.10 VND, a low of 18.90 VND, and closed the hour at 19.00 VND with a trading volume of 55,100 shares."
2025-10-07 09:00:00,19.15,19.15,18.9,18.95,46200,AGG,"At 2025-10-07 09:00:00, the stock AGG opened at 19.15 VND, reached a high of 19.15 VND, a low of 18.90 VND, and closed the hour at 18.95 VND with a trading volume of 46,200 shares."
2025-10-07 10:00:00,18.9,18.9,18.85,18.9,18200,AGG,"At 2025-10-07 10:00:00, the stock AGG opened at 18.90 VND, reached a high of 18.90 VND, a low of 18.85 VND, and closed the hour at 18.90 VND with a trading volume of 18,200 shares."
2025-10-07 11:00:00,18.9,18.9,18.9,18.9,1000,AGG,"At 2025-10-07 11:00:00, the stock AGG opened at 18.90 VND, reached a high of 18.90 VND, a low of 18.90 VND, and closed the hour at 18.90 VND with a trading volume of 1,000 shares."
2025-10-07 13:00:00,18.9,18.95,18.85,18.9,51500,AGG,"At 2025-10-07 13:00:00, the stock AGG opened at 18.90 VND, reached a high of 18.95 VND, a low of 18.85 VND, and closed the hour at 18.90 VND with a trading volume of 51,500 shares."
2025-10-07 14:00:00,18.9,18.9,18.8,18.8,33600,AGG,"At 2025-10-07 14:00:00, the stock AGG opened at 18.90 VND, reached a high of 18.90 VND, a low of 18.80 VND, and closed the hour at 18.80 VND with a trading volume of 33,600 shares."
2025-10-08 09:00:00,18.9,19.15,18.55,18.55,101800,AGG,"At 2025-10-08 09:00:00, the stock AGG opened at 18.90 VND, reached a high of 19.15 VND, a low of 18.55 VND, and closed the hour at 18.55 VND with a trading volume of 101,800 shares."
2025-10-08 10:00:00,18.6,18.8,18.5,18.65,54600,AGG,"At 2025-10-08 10:00:00, the stock AGG opened at 18.60 VND, reached a high of 18.80 VND, a low of 18.50 VND, and closed the hour at 18.65 VND with a trading volume of 54,600 shares."
2025-10-08 11:00:00,18.65,18.7,18.5,18.7,14000,AGG,"At 2025-10-08 11:00:00, the stock AGG opened at 18.65 VND, reached a high of 18.70 VND, a low of 18.50 VND, and closed the hour at 18.70 VND with a trading volume of 14,000 shares."
2025-10-08 13:00:00,18.65,18.7,18.55,18.65,46000,AGG,"At 2025-10-08 13:00:00, the stock AGG opened at 18.65 VND, reached a high of 18.70 VND, a low of 18.55 VND, and closed the hour at 18.65 VND with a trading volume of 46,000 shares."
2025-10-08 14:00:00,18.65,18.8,18.5,18.8,119800,AGG,"At 2025-10-08 14:00:00, the stock AGG opened at 18.65 VND, reached a high of 18.80 VND, a low of 18.50 VND, and closed the hour at 18.80 VND with a trading volume of 119,800 shares."
2025-10-09 09:00:00,18.8,18.8,18.65,18.65,42100,AGG,"At 2025-10-09 09:00:00, the stock AGG opened at 18.80 VND, reached a high of 18.80 VND, a low of 18.65 VND, and closed the hour at 18.65 VND with a trading volume of 42,100 shares."
2025-10-09 10:00:00,18.65,18.7,18.6,18.6,37400,AGG,"At 2025-10-09 10:00:00, the stock AGG opened at 18.65 VND, reached a high of 18.70 VND, a low of 18.60 VND, and closed the hour at 18.60 VND with a trading volume of 37,400 shares."
2025-10-09 11:00:00,18.6,18.6,18.55,18.6,35100,AGG,"At 2025-10-09 11:00:00, the stock AGG opened at 18.60 VND, reached a high of 18.60 VND, a low of 18.55 VND, and closed the hour at 18.60 VND with a trading volume of 35,100 shares."
2025-10-09 13:00:00,18.6,18.7,18.5,18.65,39800,AGG,"At 2025-10-09 13:00:00, the stock AGG opened at 18.60 VND, reached a high of 18.70 VND, a low of 18.50 VND, and closed the hour at 18.65 VND with a trading volume of 39,800 shares."
2025-10-09 14:00:00,18.65,18.8,18.55,18.8,68300,AGG,"At 2025-10-09 14:00:00, the stock AGG opened at 18.65 VND, reached a high of 18.80 VND, a low of 18.55 VND, and closed the hour at 18.80 VND with a trading volume of 68,300 shares."
2025-10-10 09:00:00,18.9,18.9,18.7,18.8,69400,AGG,"At 2025-10-10 09:00:00, the stock AGG opened at 18.90 VND, reached a high of 18.90 VND, a low of 18.70 VND, and closed the hour at 18.80 VND with a trading volume of 69,400 shares."
2025-10-10 10:00:00,18.8,18.8,18.65,18.65,88900,AGG,"At 2025-10-10 10:00:00, the stock AGG opened at 18.80 VND, reached a high of 18.80 VND, a low of 18.65 VND, and closed the hour at 18.65 VND with a trading volume of 88,900 shares."
2025-10-10 11:00:00,18.65,18.65,18.55,18.6,56100,AGG,"At 2025-10-10 11:00:00, the stock AGG opened at 18.65 VND, reached a high of 18.65 VND, a low of 18.55 VND, and closed the hour at 18.60 VND with a trading volume of 56,100 shares."
2025-10-10 13:00:00,18.6,18.7,18.55,18.65,150500,AGG,"At 2025-10-10 13:00:00, the stock AGG opened at 18.60 VND, reached a high of 18.70 VND, a low of 18.55 VND, and closed the hour at 18.65 VND with a trading volume of 150,500 shares."
2025-10-10 14:00:00,18.6,18.65,18.5,18.5,161900,AGG,"At 2025-10-10 14:00:00, the stock AGG opened at 18.60 VND, reached a high of 18.65 VND, a low of 18.50 VND, and closed the hour at 18.50 VND with a trading volume of 161,900 shares."
2025-10-13 09:00:00,18.25,18.35,18.0,18.2,299600,AGG,"At 2025-10-13 09:00:00, the stock AGG opened at 18.25 VND, reached a high of 18.35 VND, a low of 18.00 VND, and closed the hour at 18.20 VND with a trading volume of 299,600 shares."
2025-10-13 10:00:00,18.2,18.3,18.05,18.1,172400,AGG,"At 2025-10-13 10:00:00, the stock AGG opened at 18.20 VND, reached a high of 18.30 VND, a low of 18.05 VND, and closed the hour at 18.10 VND with a trading volume of 172,400 shares."
2025-10-13 11:00:00,18.1,18.2,18.05,18.15,57400,AGG,"At 2025-10-13 11:00:00, the stock AGG opened at 18.10 VND, reached a high of 18.20 VND, a low of 18.05 VND, and closed the hour at 18.15 VND with a trading volume of 57,400 shares."
2025-10-13 13:00:00,18.1,18.15,17.95,18.1,320700,AGG,"At 2025-10-13 13:00:00, the stock AGG opened at 18.10 VND, reached a high of 18.15 VND, a low of 17.95 VND, and closed the hour at 18.10 VND with a trading volume of 320,700 shares."
2025-10-13 14:00:00,18.15,18.5,18.15,18.25,161100,AGG,"At 2025-10-13 14:00:00, the stock AGG opened at 18.15 VND, reached a high of 18.50 VND, a low of 18.15 VND, and closed the hour at 18.25 VND with a trading volume of 161,100 shares."
2025-10-14 09:00:00,18.55,18.55,18.0,18.0,131400,AGG,"At 2025-10-14 09:00:00, the stock AGG opened at 18.55 VND, reached a high of 18.55 VND, a low of 18.00 VND, and closed the hour at 18.00 VND with a trading volume of 131,400 shares."
2025-10-14 10:00:00,18.2,18.2,17.95,18.05,55800,AGG,"At 2025-10-14 10:00:00, the stock AGG opened at 18.20 VND, reached a high of 18.20 VND, a low of 17.95 VND, and closed the hour at 18.05 VND with a trading volume of 55,800 shares."
2025-10-14 11:00:00,18.05,18.1,18.0,18.1,31700,AGG,"At 2025-10-14 11:00:00, the stock AGG opened at 18.05 VND, reached a high of 18.10 VND, a low of 18.00 VND, and closed the hour at 18.10 VND with a trading volume of 31,700 shares."
2025-10-14 13:00:00,18.15,18.15,17.85,17.95,238500,AGG,"At 2025-10-14 13:00:00, the stock AGG opened at 18.15 VND, reached a high of 18.15 VND, a low of 17.85 VND, and closed the hour at 17.95 VND with a trading volume of 238,500 shares."
2025-10-14 14:00:00,17.95,18.0,17.7,17.7,207000,AGG,"At 2025-10-14 14:00:00, the stock AGG opened at 17.95 VND, reached a high of 18.00 VND, a low of 17.70 VND, and closed the hour at 17.70 VND with a trading volume of 207,000 shares."
2025-10-15 09:00:00,17.6,18.05,17.5,18.0,119300,AGG,"At 2025-10-15 09:00:00, the stock AGG opened at 17.60 VND, reached a high of 18.05 VND, a low of 17.50 VND, and closed the hour at 18.00 VND with a trading volume of 119,300 shares."
2025-10-15 10:00:00,17.95,17.95,17.6,17.65,67500,AGG,"At 2025-10-15 10:00:00, the stock AGG opened at 17.95 VND, reached a high of 17.95 VND, a low of 17.60 VND, and closed the hour at 17.65 VND with a trading volume of 67,500 shares."
2025-10-15 11:00:00,17.65,17.65,17.5,17.6,55500,AGG,"At 2025-10-15 11:00:00, the stock AGG opened at 17.65 VND, reached a high of 17.65 VND, a low of 17.50 VND, and closed the hour at 17.60 VND with a trading volume of 55,500 shares."
2025-10-15 13:00:00,17.6,17.7,17.4,17.6,205100,AGG,"At 2025-10-15 13:00:00, the stock AGG opened at 17.60 VND, reached a high of 17.70 VND, a low of 17.40 VND, and closed the hour at 17.60 VND with a trading volume of 205,100 shares."
2025-10-15 14:00:00,17.6,17.7,17.55,17.7,73800,AGG,"At 2025-10-15 14:00:00, the stock AGG opened at 17.60 VND, reached a high of 17.70 VND, a low of 17.55 VND, and closed the hour at 17.70 VND with a trading volume of 73,800 shares."
2025-10-16 09:00:00,17.8,18.2,17.8,18.2,222300,AGG,"At 2025-10-16 09:00:00, the stock AGG opened at 17.80 VND, reached a high of 18.20 VND, a low of 17.80 VND, and closed the hour at 18.20 VND with a trading volume of 222,300 shares."
2025-10-16 10:00:00,18.15,18.2,17.8,18.05,268100,AGG,"At 2025-10-16 10:00:00, the stock AGG opened at 18.15 VND, reached a high of 18.20 VND, a low of 17.80 VND, and closed the hour at 18.05 VND with a trading volume of 268,100 shares."
2025-10-16 11:00:00,18.05,18.05,17.9,17.95,16200,AGG,"At 2025-10-16 11:00:00, the stock AGG opened at 18.05 VND, reached a high of 18.05 VND, a low of 17.90 VND, and closed the hour at 17.95 VND with a trading volume of 16,200 shares."
2025-10-16 13:00:00,18.0,18.0,17.85,17.85,59000,AGG,"At 2025-10-16 13:00:00, the stock AGG opened at 18.00 VND, reached a high of 18.00 VND, a low of 17.85 VND, and closed the hour at 17.85 VND with a trading volume of 59,000 shares."
2025-10-16 14:00:00,17.85,18.1,17.85,18.0,62900,AGG,"At 2025-10-16 14:00:00, the stock AGG opened at 17.85 VND, reached a high of 18.10 VND, a low of 17.85 VND, and closed the hour at 18.00 VND with a trading volume of 62,900 shares."
2025-10-17 09:00:00,18.1,18.1,17.85,18.05,83600,AGG,"At 2025-10-17 09:00:00, the stock AGG opened at 18.10 VND, reached a high of 18.10 VND, a low of 17.85 VND, and closed the hour at 18.05 VND with a trading volume of 83,600 shares."
2025-10-17 10:00:00,18.05,18.05,17.95,17.95,31500,AGG,"At 2025-10-17 10:00:00, the stock AGG opened at 18.05 VND, reached a high of 18.05 VND, a low of 17.95 VND, and closed the hour at 17.95 VND with a trading volume of 31,500 shares."
2025-10-17 11:00:00,17.95,17.95,17.85,17.85,23200,AGG,"At 2025-10-17 11:00:00, the stock AGG opened at 17.95 VND, reached a high of 17.95 VND, a low of 17.85 VND, and closed the hour at 17.85 VND with a trading volume of 23,200 shares."
2025-10-17 13:00:00,17.9,17.9,17.8,17.85,89800,AGG,"At 2025-10-17 13:00:00, the stock AGG opened at 17.90 VND, reached a high of 17.90 VND, a low of 17.80 VND, and closed the hour at 17.85 VND with a trading volume of 89,800 shares."
2025-10-17 14:00:00,17.8,17.95,17.65,17.95,197300,AGG,"At 2025-10-17 14:00:00, the stock AGG opened at 17.80 VND, reached a high of 17.95 VND, a low of 17.65 VND, and closed the hour at 17.95 VND with a trading volume of 197,300 shares."
2025-10-20 09:00:00,17.75,17.8,17.7,17.75,29700,AGG,"At 2025-10-20 09:00:00, the stock AGG opened at 17.75 VND, reached a high of 17.80 VND, a low of 17.70 VND, and closed the hour at 17.75 VND with a trading volume of 29,700 shares."
2025-10-20 10:00:00,17.7,17.8,17.7,17.75,32700,AGG,"At 2025-10-20 10:00:00, the stock AGG opened at 17.70 VND, reached a high of 17.80 VND, a low of 17.70 VND, and closed the hour at 17.75 VND with a trading volume of 32,700 shares."
2025-10-20 11:00:00,17.85,17.85,17.75,17.75,15200,AGG,"At 2025-10-20 11:00:00, the stock AGG opened at 17.85 VND, reached a high of 17.85 VND, a low of 17.75 VND, and closed the hour at 17.75 VND with a trading volume of 15,200 shares."
2025-10-20 13:00:00,17.7,17.75,17.6,17.65,116800,AGG,"At 2025-10-20 13:00:00, the stock AGG opened at 17.70 VND, reached a high of 17.75 VND, a low of 17.60 VND, and closed the hour at 17.65 VND with a trading volume of 116,800 shares."
2025-10-20 14:00:00,17.6,17.6,16.7,16.75,412300,AGG,"At 2025-10-20 14:00:00, the stock AGG opened at 17.60 VND, reached a high of 17.60 VND, a low of 16.70 VND, and closed the hour at 16.75 VND with a trading volume of 412,300 shares."
2025-10-21 09:00:00,16.5,16.65,16.0,16.1,182400,AGG,"At 2025-10-21 09:00:00, the stock AGG opened at 16.50 VND, reached a high of 16.65 VND, a low of 16.00 VND, and closed the hour at 16.10 VND with a trading volume of 182,400 shares."
2025-10-21 10:00:00,16.15,16.25,15.8,15.9,232200,AGG,"At 2025-10-21 10:00:00, the stock AGG opened at 16.15 VND, reached a high of 16.25 VND, a low of 15.80 VND, and closed the hour at 15.90 VND with a trading volume of 232,200 shares."
2025-10-21 11:00:00,15.9,16.0,15.75,15.75,156400,AGG,"At 2025-10-21 11:00:00, the stock AGG opened at 15.90 VND, reached a high of 16.00 VND, a low of 15.75 VND, and closed the hour at 15.75 VND with a trading volume of 156,400 shares."
2025-10-21 13:00:00,15.8,16.3,15.6,16.2,309700,AGG,"At 2025-10-21 13:00:00, the stock AGG opened at 15.80 VND, reached a high of 16.30 VND, a low of 15.60 VND, and closed the hour at 16.20 VND with a trading volume of 309,700 shares."
2025-10-21 14:00:00,16.25,16.4,15.95,16.0,135300,AGG,"At 2025-10-21 14:00:00, the stock AGG opened at 16.25 VND, reached a high of 16.40 VND, a low of 15.95 VND, and closed the hour at 16.00 VND with a trading volume of 135,300 shares."
2025-10-22 09:00:00,16.0,16.3,15.75,15.8,159800,AGG,"At 2025-10-22 09:00:00, the stock AGG opened at 16.00 VND, reached a high of 16.30 VND, a low of 15.75 VND, and closed the hour at 15.80 VND with a trading volume of 159,800 shares."
2025-10-22 10:00:00,15.8,15.8,15.55,15.55,141900,AGG,"At 2025-10-22 10:00:00, the stock AGG opened at 15.80 VND, reached a high of 15.80 VND, a low of 15.55 VND, and closed the hour at 15.55 VND with a trading volume of 141,900 shares."
2025-10-22 11:00:00,15.55,15.6,15.55,15.6,57800,AGG,"At 2025-10-22 11:00:00, the stock AGG opened at 15.55 VND, reached a high of 15.60 VND, a low of 15.55 VND, and closed the hour at 15.60 VND with a trading volume of 57,800 shares."
2025-10-22 13:00:00,15.6,16.05,15.4,15.8,398500,AGG,"At 2025-10-22 13:00:00, the stock AGG opened at 15.60 VND, reached a high of 16.05 VND, a low of 15.40 VND, and closed the hour at 15.80 VND with a trading volume of 398,500 shares."
2025-10-22 14:00:00,15.9,16.1,15.55,16.0,148800,AGG,"At 2025-10-22 14:00:00, the stock AGG opened at 15.90 VND, reached a high of 16.10 VND, a low of 15.55 VND, and closed the hour at 16.00 VND with a trading volume of 148,800 shares."
2025-10-23 09:00:00,16.0,16.0,15.85,16.0,89800,AGG,"At 2025-10-23 09:00:00, the stock AGG opened at 16.00 VND, reached a high of 16.00 VND, a low of 15.85 VND, and closed the hour at 16.00 VND with a trading volume of 89,800 shares."
2025-10-23 10:00:00,16.0,16.05,15.95,16.0,47800,AGG,"At 2025-10-23 10:00:00, the stock AGG opened at 16.00 VND, reached a high of 16.05 VND, a low of 15.95 VND, and closed the hour at 16.00 VND with a trading volume of 47,800 shares."
2025-10-23 11:00:00,16.0,16.05,16.0,16.05,8700,AGG,"At 2025-10-23 11:00:00, the stock AGG opened at 16.00 VND, reached a high of 16.05 VND, a low of 16.00 VND, and closed the hour at 16.05 VND with a trading volume of 8,700 shares."
2025-10-23 13:00:00,16.05,16.2,16.0,16.1,114300,AGG,"At 2025-10-23 13:00:00, the stock AGG opened at 16.05 VND, reached a high of 16.20 VND, a low of 16.00 VND, and closed the hour at 16.10 VND with a trading volume of 114,300 shares."
2025-10-23 14:00:00,16.1,16.15,16.1,16.1,54200,AGG,"At 2025-10-23 14:00:00, the stock AGG opened at 16.10 VND, reached a high of 16.15 VND, a low of 16.10 VND, and closed the hour at 16.10 VND with a trading volume of 54,200 shares."
2025-10-24 09:00:00,16.1,16.1,15.8,15.85,95900,AGG,"At 2025-10-24 09:00:00, the stock AGG opened at 16.10 VND, reached a high of 16.10 VND, a low of 15.80 VND, and closed the hour at 15.85 VND with a trading volume of 95,900 shares."
2025-10-24 10:00:00,15.85,15.9,15.7,15.7,51000,AGG,"At 2025-10-24 10:00:00, the stock AGG opened at 15.85 VND, reached a high of 15.90 VND, a low of 15.70 VND, and closed the hour at 15.70 VND with a trading volume of 51,000 shares."
2025-10-24 11:00:00,15.7,15.75,15.7,15.75,41600,AGG,"At 2025-10-24 11:00:00, the stock AGG opened at 15.70 VND, reached a high of 15.75 VND, a low of 15.70 VND, and closed the hour at 15.75 VND with a trading volume of 41,600 shares."
2025-10-24 13:00:00,15.7,15.9,15.7,15.85,60100,AGG,"At 2025-10-24 13:00:00, the stock AGG opened at 15.70 VND, reached a high of 15.90 VND, a low of 15.70 VND, and closed the hour at 15.85 VND with a trading volume of 60,100 shares."
2025-10-24 14:00:00,15.9,16.0,15.9,15.95,43000,AGG,"At 2025-10-24 14:00:00, the stock AGG opened at 15.90 VND, reached a high of 16.00 VND, a low of 15.90 VND, and closed the hour at 15.95 VND with a trading volume of 43,000 shares."
2025-10-27 09:00:00,16.2,16.5,16.2,16.2,273200,AGG,"At 2025-10-27 09:00:00, the stock AGG opened at 16.20 VND, reached a high of 16.50 VND, a low of 16.20 VND, and closed the hour at 16.20 VND with a trading volume of 273,200 shares."
2025-10-27 10:00:00,16.25,16.25,15.95,16.0,220500,AGG,"At 2025-10-27 10:00:00, the stock AGG opened at 16.25 VND, reached a high of 16.25 VND, a low of 15.95 VND, and closed the hour at 16.00 VND with a trading volume of 220,500 shares."
2025-10-27 11:00:00,16.0,16.25,16.0,16.25,68500,AGG,"At 2025-10-27 11:00:00, the stock AGG opened at 16.00 VND, reached a high of 16.25 VND, a low of 16.00 VND, and closed the hour at 16.25 VND with a trading volume of 68,500 shares."
2025-10-27 13:00:00,16.3,16.5,16.2,16.45,198300,AGG,"At 2025-10-27 13:00:00, the stock AGG opened at 16.30 VND, reached a high of 16.50 VND, a low of 16.20 VND, and closed the hour at 16.45 VND with a trading volume of 198,300 shares."
2025-10-27 14:00:00,16.45,16.5,16.1,16.1,146100,AGG,"At 2025-10-27 14:00:00, the stock AGG opened at 16.45 VND, reached a high of 16.50 VND, a low of 16.10 VND, and closed the hour at 16.10 VND with a trading volume of 146,100 shares."
2025-10-28 09:00:00,16.1,16.15,16.05,16.1,98100,AGG,"At 2025-10-28 09:00:00, the stock AGG opened at 16.10 VND, reached a high of 16.15 VND, a low of 16.05 VND, and closed the hour at 16.10 VND with a trading volume of 98,100 shares."
2025-10-28 10:00:00,16.1,16.1,15.9,16.0,147900,AGG,"At 2025-10-28 10:00:00, the stock AGG opened at 16.10 VND, reached a high of 16.10 VND, a low of 15.90 VND, and closed the hour at 16.00 VND with a trading volume of 147,900 shares."
2025-10-28 11:00:00,16.05,16.1,16.05,16.1,6300,AGG,"At 2025-10-28 11:00:00, the stock AGG opened at 16.05 VND, reached a high of 16.10 VND, a low of 16.05 VND, and closed the hour at 16.10 VND with a trading volume of 6,300 shares."
2025-10-28 13:00:00,16.1,16.1,15.8,16.0,110500,AGG,"At 2025-10-28 13:00:00, the stock AGG opened at 16.10 VND, reached a high of 16.10 VND, a low of 15.80 VND, and closed the hour at 16.00 VND with a trading volume of 110,500 shares."
2025-10-28 14:00:00,16.05,16.25,16.05,16.25,64700,AGG,"At 2025-10-28 14:00:00, the stock AGG opened at 16.05 VND, reached a high of 16.25 VND, a low of 16.05 VND, and closed the hour at 16.25 VND with a trading volume of 64,700 shares."
2025-10-29 09:00:00,16.25,16.5,16.15,16.4,145300,AGG,"At 2025-10-29 09:00:00, the stock AGG opened at 16.25 VND, reached a high of 16.50 VND, a low of 16.15 VND, and closed the hour at 16.40 VND with a trading volume of 145,300 shares."
2025-10-29 10:00:00,16.4,16.45,16.35,16.45,44400,AGG,"At 2025-10-29 10:00:00, the stock AGG opened at 16.40 VND, reached a high of 16.45 VND, a low of 16.35 VND, and closed the hour at 16.45 VND with a trading volume of 44,400 shares."
2025-10-29 11:00:00,16.45,16.5,16.45,16.5,36400,AGG,"At 2025-10-29 11:00:00, the stock AGG opened at 16.45 VND, reached a high of 16.50 VND, a low of 16.45 VND, and closed the hour at 16.50 VND with a trading volume of 36,400 shares."
2025-10-29 13:00:00,16.5,16.65,16.45,16.55,182300,AGG,"At 2025-10-29 13:00:00, the stock AGG opened at 16.50 VND, reached a high of 16.65 VND, a low of 16.45 VND, and closed the hour at 16.55 VND with a trading volume of 182,300 shares."
2025-10-29 14:00:00,16.5,16.55,16.4,16.45,58200,AGG,"At 2025-10-29 14:00:00, the stock AGG opened at 16.50 VND, reached a high of 16.55 VND, a low of 16.40 VND, and closed the hour at 16.45 VND with a trading volume of 58,200 shares."
2025-10-30 09:00:00,16.4,16.45,16.25,16.4,199300,AGG,"At 2025-10-30 09:00:00, the stock AGG opened at 16.40 VND, reached a high of 16.45 VND, a low of 16.25 VND, and closed the hour at 16.40 VND with a trading volume of 199,300 shares."
2025-10-30 10:00:00,16.4,16.4,16.3,16.3,55400,AGG,"At 2025-10-30 10:00:00, the stock AGG opened at 16.40 VND, reached a high of 16.40 VND, a low of 16.30 VND, and closed the hour at 16.30 VND with a trading volume of 55,400 shares."
2025-10-30 11:00:00,16.3,16.3,16.25,16.3,19100,AGG,"At 2025-10-30 11:00:00, the stock AGG opened at 16.30 VND, reached a high of 16.30 VND, a low of 16.25 VND, and closed the hour at 16.30 VND with a trading volume of 19,100 shares."
2025-10-30 13:00:00,16.3,16.4,16.2,16.25,83600,AGG,"At 2025-10-30 13:00:00, the stock AGG opened at 16.30 VND, reached a high of 16.40 VND, a low of 16.20 VND, and closed the hour at 16.25 VND with a trading volume of 83,600 shares."
2025-10-30 14:00:00,16.25,16.4,16.2,16.3,50900,AGG,"At 2025-10-30 14:00:00, the stock AGG opened at 16.25 VND, reached a high of 16.40 VND, a low of 16.20 VND, and closed the hour at 16.30 VND with a trading volume of 50,900 shares."
2025-10-31 09:00:00,16.2,16.25,16.15,16.25,85400,AGG,"At 2025-10-31 09:00:00, the stock AGG opened at 16.20 VND, reached a high of 16.25 VND, a low of 16.15 VND, and closed the hour at 16.25 VND with a trading volume of 85,400 shares."
2025-10-31 10:00:00,16.25,16.3,16.2,16.3,87300,AGG,"At 2025-10-31 10:00:00, the stock AGG opened at 16.25 VND, reached a high of 16.30 VND, a low of 16.20 VND, and closed the hour at 16.30 VND with a trading volume of 87,300 shares."
2025-10-31 11:00:00,16.3,16.4,16.25,16.25,33100,AGG,"At 2025-10-31 11:00:00, the stock AGG opened at 16.30 VND, reached a high of 16.40 VND, a low of 16.25 VND, and closed the hour at 16.25 VND with a trading volume of 33,100 shares."
2025-10-31 13:00:00,16.3,16.35,16.1,16.3,155700,AGG,"At 2025-10-31 13:00:00, the stock AGG opened at 16.30 VND, reached a high of 16.35 VND, a low of 16.10 VND, and closed the hour at 16.30 VND with a trading volume of 155,700 shares."
2025-10-31 14:00:00,16.3,16.35,16.2,16.2,90600,AGG,"At 2025-10-31 14:00:00, the stock AGG opened at 16.30 VND, reached a high of 16.35 VND, a low of 16.20 VND, and closed the hour at 16.20 VND with a trading volume of 90,600 shares."
2025-11-03 09:00:00,16.15,16.3,16.05,16.25,78900,AGG,"At 2025-11-03 09:00:00, the stock AGG opened at 16.15 VND, reached a high of 16.30 VND, a low of 16.05 VND, and closed the hour at 16.25 VND with a trading volume of 78,900 shares."
2025-11-03 10:00:00,16.3,16.35,16.15,16.35,111400,AGG,"At 2025-11-03 10:00:00, the stock AGG opened at 16.30 VND, reached a high of 16.35 VND, a low of 16.15 VND, and closed the hour at 16.35 VND with a trading volume of 111,400 shares."
2025-11-03 11:00:00,16.35,16.9,16.35,16.65,65400,AGG,"At 2025-11-03 11:00:00, the stock AGG opened at 16.35 VND, reached a high of 16.90 VND, a low of 16.35 VND, and closed the hour at 16.65 VND with a trading volume of 65,400 shares."
2025-11-03 13:00:00,16.65,16.8,16.5,16.65,163700,AGG,"At 2025-11-03 13:00:00, the stock AGG opened at 16.65 VND, reached a high of 16.80 VND, a low of 16.50 VND, and closed the hour at 16.65 VND with a trading volume of 163,700 shares."
2025-11-03 14:00:00,16.65,16.7,16.45,16.5,142600,AGG,"At 2025-11-03 14:00:00, the stock AGG opened at 16.65 VND, reached a high of 16.70 VND, a low of 16.45 VND, and closed the hour at 16.50 VND with a trading volume of 142,600 shares."
2025-11-04 09:00:00,16.45,16.5,16.15,16.4,83400,AGG,"At 2025-11-04 09:00:00, the stock AGG opened at 16.45 VND, reached a high of 16.50 VND, a low of 16.15 VND, and closed the hour at 16.40 VND with a trading volume of 83,400 shares."
2025-11-04 10:00:00,16.3,16.35,16.15,16.15,59200,AGG,"At 2025-11-04 10:00:00, the stock AGG opened at 16.30 VND, reached a high of 16.35 VND, a low of 16.15 VND, and closed the hour at 16.15 VND with a trading volume of 59,200 shares."
2025-11-04 11:00:00,16.2,16.2,15.9,15.95,85800,AGG,"At 2025-11-04 11:00:00, the stock AGG opened at 16.20 VND, reached a high of 16.20 VND, a low of 15.90 VND, and closed the hour at 15.95 VND with a trading volume of 85,800 shares."
2025-11-04 13:00:00,15.95,16.4,15.8,16.25,156200,AGG,"At 2025-11-04 13:00:00, the stock AGG opened at 15.95 VND, reached a high of 16.40 VND, a low of 15.80 VND, and closed the hour at 16.25 VND with a trading volume of 156,200 shares."
2025-11-04 14:00:00,16.3,16.75,16.25,16.5,127200,AGG,"At 2025-11-04 14:00:00, the stock AGG opened at 16.30 VND, reached a high of 16.75 VND, a low of 16.25 VND, and closed the hour at 16.50 VND with a trading volume of 127,200 shares."
2025-11-05 09:00:00,16.6,16.6,16.4,16.55,64300,AGG,"At 2025-11-05 09:00:00, the stock AGG opened at 16.60 VND, reached a high of 16.60 VND, a low of 16.40 VND, and closed the hour at 16.55 VND with a trading volume of 64,300 shares."
2025-11-05 10:00:00,16.6,16.6,16.35,16.4,43700,AGG,"At 2025-11-05 10:00:00, the stock AGG opened at 16.60 VND, reached a high of 16.60 VND, a low of 16.35 VND, and closed the hour at 16.40 VND with a trading volume of 43,700 shares."
2025-11-05 11:00:00,16.35,16.4,16.25,16.25,15800,AGG,"At 2025-11-05 11:00:00, the stock AGG opened at 16.35 VND, reached a high of 16.40 VND, a low of 16.25 VND, and closed the hour at 16.25 VND with a trading volume of 15,800 shares."
2025-11-05 13:00:00,16.25,16.3,16.2,16.2,55800,AGG,"At 2025-11-05 13:00:00, the stock AGG opened at 16.25 VND, reached a high of 16.30 VND, a low of 16.20 VND, and closed the hour at 16.20 VND with a trading volume of 55,800 shares."
2025-11-05 14:00:00,16.25,16.35,16.2,16.35,51100,AGG,"At 2025-11-05 14:00:00, the stock AGG opened at 16.25 VND, reached a high of 16.35 VND, a low of 16.20 VND, and closed the hour at 16.35 VND with a trading volume of 51,100 shares."
2025-11-06 09:00:00,16.35,16.35,16.25,16.3,10600,AGG,"At 2025-11-06 09:00:00, the stock AGG opened at 16.35 VND, reached a high of 16.35 VND, a low of 16.25 VND, and closed the hour at 16.30 VND with a trading volume of 10,600 shares."
2025-11-06 10:00:00,16.25,16.3,16.1,16.15,30100,AGG,"At 2025-11-06 10:00:00, the stock AGG opened at 16.25 VND, reached a high of 16.30 VND, a low of 16.10 VND, and closed the hour at 16.15 VND with a trading volume of 30,100 shares."
2025-11-06 11:00:00,16.15,16.25,16.15,16.25,8700,AGG,"At 2025-11-06 11:00:00, the stock AGG opened at 16.15 VND, reached a high of 16.25 VND, a low of 16.15 VND, and closed the hour at 16.25 VND with a trading volume of 8,700 shares."
2025-11-06 13:00:00,16.25,16.35,16.15,16.25,63200,AGG,"At 2025-11-06 13:00:00, the stock AGG opened at 16.25 VND, reached a high of 16.35 VND, a low of 16.15 VND, and closed the hour at 16.25 VND with a trading volume of 63,200 shares."
2025-11-06 14:00:00,16.25,16.4,16.2,16.25,87300,AGG,"At 2025-11-06 14:00:00, the stock AGG opened at 16.25 VND, reached a high of 16.40 VND, a low of 16.20 VND, and closed the hour at 16.25 VND with a trading volume of 87,300 shares."
2025-11-07 09:00:00,16.25,16.25,16.15,16.2,17100,AGG,"At 2025-11-07 09:00:00, the stock AGG opened at 16.25 VND, reached a high of 16.25 VND, a low of 16.15 VND, and closed the hour at 16.20 VND with a trading volume of 17,100 shares."
2025-11-07 10:00:00,16.2,16.2,16.0,16.0,257700,AGG,"At 2025-11-07 10:00:00, the stock AGG opened at 16.20 VND, reached a high of 16.20 VND, a low of 16.00 VND, and closed the hour at 16.00 VND with a trading volume of 257,700 shares."
2025-11-07 11:00:00,16.1,16.1,15.95,16.0,64000,AGG,"At 2025-11-07 11:00:00, the stock AGG opened at 16.10 VND, reached a high of 16.10 VND, a low of 15.95 VND, and closed the hour at 16.00 VND with a trading volume of 64,000 shares."
2025-11-07 13:00:00,16.0,16.0,15.9,15.95,163500,AGG,"At 2025-11-07 13:00:00, the stock AGG opened at 16.00 VND, reached a high of 16.00 VND, a low of 15.90 VND, and closed the hour at 15.95 VND with a trading volume of 163,500 shares."
2025-11-07 14:00:00,15.95,15.95,15.7,15.7,259100,AGG,"At 2025-11-07 14:00:00, the stock AGG opened at 15.95 VND, reached a high of 15.95 VND, a low of 15.70 VND, and closed the hour at 15.70 VND with a trading volume of 259,100 shares."
2025-11-10 09:00:00,15.8,15.8,15.7,15.7,33100,AGG,"At 2025-11-10 09:00:00, the stock AGG opened at 15.80 VND, reached a high of 15.80 VND, a low of 15.70 VND, and closed the hour at 15.70 VND with a trading volume of 33,100 shares."
2025-11-10 10:00:00,15.7,15.7,15.55,15.65,61500,AGG,"At 2025-11-10 10:00:00, the stock AGG opened at 15.70 VND, reached a high of 15.70 VND, a low of 15.55 VND, and closed the hour at 15.65 VND with a trading volume of 61,500 shares."
2025-11-10 11:00:00,15.7,15.75,15.5,15.5,62000,AGG,"At 2025-11-10 11:00:00, the stock AGG opened at 15.70 VND, reached a high of 15.75 VND, a low of 15.50 VND, and closed the hour at 15.50 VND with a trading volume of 62,000 shares."
2025-11-10 13:00:00,15.65,15.75,15.55,15.7,186600,AGG,"At 2025-11-10 13:00:00, the stock AGG opened at 15.65 VND, reached a high of 15.75 VND, a low of 15.55 VND, and closed the hour at 15.70 VND with a trading volume of 186,600 shares."
2025-11-10 14:00:00,15.7,15.7,15.55,15.55,174000,AGG,"At 2025-11-10 14:00:00, the stock AGG opened at 15.70 VND, reached a high of 15.70 VND, a low of 15.55 VND, and closed the hour at 15.55 VND with a trading volume of 174,000 shares."
2025-11-11 09:00:00,15.55,15.8,15.55,15.65,25700,AGG,"At 2025-11-11 09:00:00, the stock AGG opened at 15.55 VND, reached a high of 15.80 VND, a low of 15.55 VND, and closed the hour at 15.65 VND with a trading volume of 25,700 shares."
2025-11-11 10:00:00,15.65,15.65,15.55,15.55,64000,AGG,"At 2025-11-11 10:00:00, the stock AGG opened at 15.65 VND, reached a high of 15.65 VND, a low of 15.55 VND, and closed the hour at 15.55 VND with a trading volume of 64,000 shares."
2025-11-11 11:00:00,15.55,15.55,15.5,15.5,111000,AGG,"At 2025-11-11 11:00:00, the stock AGG opened at 15.55 VND, reached a high of 15.55 VND, a low of 15.50 VND, and closed the hour at 15.50 VND with a trading volume of 111,000 shares."
2025-11-11 13:00:00,15.5,15.5,15.4,15.5,103300,AGG,"At 2025-11-11 13:00:00, the stock AGG opened at 15.50 VND, reached a high of 15.50 VND, a low of 15.40 VND, and closed the hour at 15.50 VND with a trading volume of 103,300 shares."
2025-11-11 14:00:00,15.45,15.55,15.4,15.55,85100,AGG,"At 2025-11-11 14:00:00, the stock AGG opened at 15.45 VND, reached a high of 15.55 VND, a low of 15.40 VND, and closed the hour at 15.55 VND with a trading volume of 85,100 shares."
2025-11-12 09:00:00,15.6,15.8,15.6,15.7,42900,AGG,"At 2025-11-12 09:00:00, the stock AGG opened at 15.60 VND, reached a high of 15.80 VND, a low of 15.60 VND, and closed the hour at 15.70 VND with a trading volume of 42,900 shares."
2025-11-12 10:00:00,15.7,15.75,15.65,15.75,28200,AGG,"At 2025-11-12 10:00:00, the stock AGG opened at 15.70 VND, reached a high of 15.75 VND, a low of 15.65 VND, and closed the hour at 15.75 VND with a trading volume of 28,200 shares."
2025-11-12 11:00:00,15.75,15.95,15.75,15.85,19800,AGG,"At 2025-11-12 11:00:00, the stock AGG opened at 15.75 VND, reached a high of 15.95 VND, a low of 15.75 VND, and closed the hour at 15.85 VND with a trading volume of 19,800 shares."
2025-11-12 13:00:00,15.85,16.0,15.8,15.9,63600,AGG,"At 2025-11-12 13:00:00, the stock AGG opened at 15.85 VND, reached a high of 16.00 VND, a low of 15.80 VND, and closed the hour at 15.90 VND with a trading volume of 63,600 shares."
2025-11-12 14:00:00,15.9,15.95,15.85,15.85,68300,AGG,"At 2025-11-12 14:00:00, the stock AGG opened at 15.90 VND, reached a high of 15.95 VND, a low of 15.85 VND, and closed the hour at 15.85 VND with a trading volume of 68,300 shares."
2025-11-13 09:00:00,15.95,16.0,15.85,16.0,23600,AGG,"At 2025-11-13 09:00:00, the stock AGG opened at 15.95 VND, reached a high of 16.00 VND, a low of 15.85 VND, and closed the hour at 16.00 VND with a trading volume of 23,600 shares."
2025-11-13 10:00:00,16.0,16.0,15.85,15.9,39800,AGG,"At 2025-11-13 10:00:00, the stock AGG opened at 16.00 VND, reached a high of 16.00 VND, a low of 15.85 VND, and closed the hour at 15.90 VND with a trading volume of 39,800 shares."
2025-11-13 11:00:00,15.9,16.0,15.9,15.9,6100,AGG,"At 2025-11-13 11:00:00, the stock AGG opened at 15.90 VND, reached a high of 16.00 VND, a low of 15.90 VND, and closed the hour at 15.90 VND with a trading volume of 6,100 shares."
2025-11-13 13:00:00,15.85,15.9,15.7,15.8,94900,AGG,"At 2025-11-13 13:00:00, the stock AGG opened at 15.85 VND, reached a high of 15.90 VND, a low of 15.70 VND, and closed the hour at 15.80 VND with a trading volume of 94,900 shares."
2025-11-13 14:00:00,15.8,15.85,15.75,15.85,13700,AGG,"At 2025-11-13 14:00:00, the stock AGG opened at 15.80 VND, reached a high of 15.85 VND, a low of 15.75 VND, and closed the hour at 15.85 VND with a trading volume of 13,700 shares."
2025-11-14 09:00:00,15.85,16.25,15.8,16.05,140000,AGG,"At 2025-11-14 09:00:00, the stock AGG opened at 15.85 VND, reached a high of 16.25 VND, a low of 15.80 VND, and closed the hour at 16.05 VND with a trading volume of 140,000 shares."
2025-11-14 10:00:00,16.05,16.05,15.95,16.0,80400,AGG,"At 2025-11-14 10:00:00, the stock AGG opened at 16.05 VND, reached a high of 16.05 VND, a low of 15.95 VND, and closed the hour at 16.00 VND with a trading volume of 80,400 shares."
2025-11-14 11:00:00,16.0,16.05,16.0,16.0,6900,AGG,"At 2025-11-14 11:00:00, the stock AGG opened at 16.00 VND, reached a high of 16.05 VND, a low of 16.00 VND, and closed the hour at 16.00 VND with a trading volume of 6,900 shares."
2025-11-14 13:00:00,16.05,16.15,16.05,16.15,43100,AGG,"At 2025-11-14 13:00:00, the stock AGG opened at 16.05 VND, reached a high of 16.15 VND, a low of 16.05 VND, and closed the hour at 16.15 VND with a trading volume of 43,100 shares."
2025-11-14 14:00:00,16.15,16.15,15.95,16.0,54800,AGG,"At 2025-11-14 14:00:00, the stock AGG opened at 16.15 VND, reached a high of 16.15 VND, a low of 15.95 VND, and closed the hour at 16.00 VND with a trading volume of 54,800 shares."
2025-11-17 09:00:00,16.05,16.35,16.05,16.15,48500,AGG,"At 2025-11-17 09:00:00, the stock AGG opened at 16.05 VND, reached a high of 16.35 VND, a low of 16.05 VND, and closed the hour at 16.15 VND with a trading volume of 48,500 shares."
2025-11-17 10:00:00,16.1,16.2,16.1,16.2,37600,AGG,"At 2025-11-17 10:00:00, the stock AGG opened at 16.10 VND, reached a high of 16.20 VND, a low of 16.10 VND, and closed the hour at 16.20 VND with a trading volume of 37,600 shares."
2025-11-17 11:00:00,16.2,16.4,16.2,16.3,95700,AGG,"At 2025-11-17 11:00:00, the stock AGG opened at 16.20 VND, reached a high of 16.40 VND, a low of 16.20 VND, and closed the hour at 16.30 VND with a trading volume of 95,700 shares."
2025-11-17 13:00:00,16.3,16.5,16.3,16.45,135800,AGG,"At 2025-11-17 13:00:00, the stock AGG opened at 16.30 VND, reached a high of 16.50 VND, a low of 16.30 VND, and closed the hour at 16.45 VND with a trading volume of 135,800 shares."
2025-11-17 14:00:00,16.45,16.5,16.35,16.4,76400,AGG,"At 2025-11-17 14:00:00, the stock AGG opened at 16.45 VND, reached a high of 16.50 VND, a low of 16.35 VND, and closed the hour at 16.40 VND with a trading volume of 76,400 shares."
2025-11-18 09:00:00,16.4,16.55,16.3,16.3,70200,AGG,"At 2025-11-18 09:00:00, the stock AGG opened at 16.40 VND, reached a high of 16.55 VND, a low of 16.30 VND, and closed the hour at 16.30 VND with a trading volume of 70,200 shares."
2025-11-18 10:00:00,16.3,16.4,16.25,16.3,47600,AGG,"At 2025-11-18 10:00:00, the stock AGG opened at 16.30 VND, reached a high of 16.40 VND, a low of 16.25 VND, and closed the hour at 16.30 VND with a trading volume of 47,600 shares."
2025-11-18 11:00:00,16.3,16.35,16.25,16.3,18900,AGG,"At 2025-11-18 11:00:00, the stock AGG opened at 16.30 VND, reached a high of 16.35 VND, a low of 16.25 VND, and closed the hour at 16.30 VND with a trading volume of 18,900 shares."
2025-11-18 13:00:00,16.3,16.35,16.2,16.35,84000,AGG,"At 2025-11-18 13:00:00, the stock AGG opened at 16.30 VND, reached a high of 16.35 VND, a low of 16.20 VND, and closed the hour at 16.35 VND with a trading volume of 84,000 shares."
2025-11-18 14:00:00,16.3,16.4,16.3,16.35,33000,AGG,"At 2025-11-18 14:00:00, the stock AGG opened at 16.30 VND, reached a high of 16.40 VND, a low of 16.30 VND, and closed the hour at 16.35 VND with a trading volume of 33,000 shares."
2025-11-19 09:00:00,16.35,16.4,16.2,16.3,51100,AGG,"At 2025-11-19 09:00:00, the stock AGG opened at 16.35 VND, reached a high of 16.40 VND, a low of 16.20 VND, and closed the hour at 16.30 VND with a trading volume of 51,100 shares."
2025-11-19 10:00:00,16.3,16.3,16.15,16.2,32800,AGG,"At 2025-11-19 10:00:00, the stock AGG opened at 16.30 VND, reached a high of 16.30 VND, a low of 16.15 VND, and closed the hour at 16.20 VND with a trading volume of 32,800 shares."
2025-11-19 11:00:00,16.2,16.2,16.2,16.2,2300,AGG,"At 2025-11-19 11:00:00, the stock AGG opened at 16.20 VND, reached a high of 16.20 VND, a low of 16.20 VND, and closed the hour at 16.20 VND with a trading volume of 2,300 shares."
2025-11-19 13:00:00,16.2,16.2,16.1,16.15,113200,AGG,"At 2025-11-19 13:00:00, the stock AGG opened at 16.20 VND, reached a high of 16.20 VND, a low of 16.10 VND, and closed the hour at 16.15 VND with a trading volume of 113,200 shares."
2025-11-19 14:00:00,16.1,16.15,16.05,16.1,83600,AGG,"At 2025-11-19 14:00:00, the stock AGG opened at 16.10 VND, reached a high of 16.15 VND, a low of 16.05 VND, and closed the hour at 16.10 VND with a trading volume of 83,600 shares."
2025-11-20 09:00:00,16.2,16.2,16.05,16.05,57200,AGG,"At 2025-11-20 09:00:00, the stock AGG opened at 16.20 VND, reached a high of 16.20 VND, a low of 16.05 VND, and closed the hour at 16.05 VND with a trading volume of 57,200 shares."
2025-11-20 10:00:00,16.15,16.15,16.0,16.1,36300,AGG,"At 2025-11-20 10:00:00, the stock AGG opened at 16.15 VND, reached a high of 16.15 VND, a low of 16.00 VND, and closed the hour at 16.10 VND with a trading volume of 36,300 shares."
2025-11-20 11:00:00,16.1,16.1,16.1,16.1,1900,AGG,"At 2025-11-20 11:00:00, the stock AGG opened at 16.10 VND, reached a high of 16.10 VND, a low of 16.10 VND, and closed the hour at 16.10 VND with a trading volume of 1,900 shares."
2025-11-20 13:00:00,16.05,16.05,15.95,16.0,69300,AGG,"At 2025-11-20 13:00:00, the stock AGG opened at 16.05 VND, reached a high of 16.05 VND, a low of 15.95 VND, and closed the hour at 16.00 VND with a trading volume of 69,300 shares."
2025-11-20 14:00:00,16.0,16.15,15.9,16.0,60500,AGG,"At 2025-11-20 14:00:00, the stock AGG opened at 16.00 VND, reached a high of 16.15 VND, a low of 15.90 VND, and closed the hour at 16.00 VND with a trading volume of 60,500 shares."
2025-11-21 09:00:00,16.0,16.0,15.9,15.9,19600,AGG,"At 2025-11-21 09:00:00, the stock AGG opened at 16.00 VND, reached a high of 16.00 VND, a low of 15.90 VND, and closed the hour at 15.90 VND with a trading volume of 19,600 shares."
2025-11-21 10:00:00,15.95,16.1,15.9,15.95,65500,AGG,"At 2025-11-21 10:00:00, the stock AGG opened at 15.95 VND, reached a high of 16.10 VND, a low of 15.90 VND, and closed the hour at 15.95 VND with a trading volume of 65,500 shares."
2025-11-21 11:00:00,15.95,15.95,15.85,15.9,44700,AGG,"At 2025-11-21 11:00:00, the stock AGG opened at 15.95 VND, reached a high of 15.95 VND, a low of 15.85 VND, and closed the hour at 15.90 VND with a trading volume of 44,700 shares."
2025-11-21 13:00:00,15.95,16.0,15.85,16.0,50400,AGG,"At 2025-11-21 13:00:00, the stock AGG opened at 15.95 VND, reached a high of 16.00 VND, a low of 15.85 VND, and closed the hour at 16.00 VND with a trading volume of 50,400 shares."
2025-11-21 14:00:00,16.0,16.05,15.95,16.0,40000,AGG,"At 2025-11-21 14:00:00, the stock AGG opened at 16.00 VND, reached a high of 16.05 VND, a low of 15.95 VND, and closed the hour at 16.00 VND with a trading volume of 40,000 shares."
2025-11-24 09:00:00,16.25,16.25,16.1,16.1,27100,AGG,"At 2025-11-24 09:00:00, the stock AGG opened at 16.25 VND, reached a high of 16.25 VND, a low of 16.10 VND, and closed the hour at 16.10 VND with a trading volume of 27,100 shares."
2025-11-24 10:00:00,16.05,16.1,16.05,16.05,17300,AGG,"At 2025-11-24 10:00:00, the stock AGG opened at 16.05 VND, reached a high of 16.10 VND, a low of 16.05 VND, and closed the hour at 16.05 VND with a trading volume of 17,300 shares."
2025-11-24 11:00:00,16.1,16.1,16.05,16.05,21200,AGG,"At 2025-11-24 11:00:00, the stock AGG opened at 16.10 VND, reached a high of 16.10 VND, a low of 16.05 VND, and closed the hour at 16.05 VND with a trading volume of 21,200 shares."
2025-11-24 13:00:00,16.05,16.1,16.0,16.1,47700,AGG,"At 2025-11-24 13:00:00, the stock AGG opened at 16.05 VND, reached a high of 16.10 VND, a low of 16.00 VND, and closed the hour at 16.10 VND with a trading volume of 47,700 shares."
2025-11-24 14:00:00,16.1,16.1,16.0,16.0,58900,AGG,"At 2025-11-24 14:00:00, the stock AGG opened at 16.10 VND, reached a high of 16.10 VND, a low of 16.00 VND, and closed the hour at 16.00 VND with a trading volume of 58,900 shares."
2025-11-25 09:00:00,16.15,16.15,15.95,15.95,25600,AGG,"At 2025-11-25 09:00:00, the stock AGG opened at 16.15 VND, reached a high of 16.15 VND, a low of 15.95 VND, and closed the hour at 15.95 VND with a trading volume of 25,600 shares."
2025-11-25 10:00:00,16.0,16.05,15.95,15.95,56000,AGG,"At 2025-11-25 10:00:00, the stock AGG opened at 16.00 VND, reached a high of 16.05 VND, a low of 15.95 VND, and closed the hour at 15.95 VND with a trading volume of 56,000 shares."
2025-11-25 11:00:00,15.95,15.95,15.7,15.8,41900,AGG,"At 2025-11-25 11:00:00, the stock AGG opened at 15.95 VND, reached a high of 15.95 VND, a low of 15.70 VND, and closed the hour at 15.80 VND with a trading volume of 41,900 shares."
2025-11-25 13:00:00,15.8,15.9,15.75,15.8,49400,AGG,"At 2025-11-25 13:00:00, the stock AGG opened at 15.80 VND, reached a high of 15.90 VND, a low of 15.75 VND, and closed the hour at 15.80 VND with a trading volume of 49,400 shares."
2025-11-25 14:00:00,15.8,15.8,15.65,15.65,188000,AGG,"At 2025-11-25 14:00:00, the stock AGG opened at 15.80 VND, reached a high of 15.80 VND, a low of 15.65 VND, and closed the hour at 15.65 VND with a trading volume of 188,000 shares."
2025-11-26 09:00:00,15.7,15.8,15.7,15.8,26600,AGG,"At 2025-11-26 09:00:00, the stock AGG opened at 15.70 VND, reached a high of 15.80 VND, a low of 15.70 VND, and closed the hour at 15.80 VND with a trading volume of 26,600 shares."
2025-11-26 10:00:00,15.8,15.85,15.75,15.75,25800,AGG,"At 2025-11-26 10:00:00, the stock AGG opened at 15.80 VND, reached a high of 15.85 VND, a low of 15.75 VND, and closed the hour at 15.75 VND with a trading volume of 25,800 shares."
2025-11-26 11:00:00,15.75,15.8,15.75,15.8,300,AGG,"At 2025-11-26 11:00:00, the stock AGG opened at 15.75 VND, reached a high of 15.80 VND, a low of 15.75 VND, and closed the hour at 15.80 VND with a trading volume of 300 shares."
2025-11-26 13:00:00,15.8,15.9,15.7,15.8,93200,AGG,"At 2025-11-26 13:00:00, the stock AGG opened at 15.80 VND, reached a high of 15.90 VND, a low of 15.70 VND, and closed the hour at 15.80 VND with a trading volume of 93,200 shares."
2025-11-26 14:00:00,15.85,16.2,15.8,16.2,157600,AGG,"At 2025-11-26 14:00:00, the stock AGG opened at 15.85 VND, reached a high of 16.20 VND, a low of 15.80 VND, and closed the hour at 16.20 VND with a trading volume of 157,600 shares."
2025-11-27 09:00:00,16.15,16.2,16.05,16.1,38900,AGG,"At 2025-11-27 09:00:00, the stock AGG opened at 16.15 VND, reached a high of 16.20 VND, a low of 16.05 VND, and closed the hour at 16.10 VND with a trading volume of 38,900 shares."
2025-11-27 10:00:00,16.1,16.15,16.05,16.1,49000,AGG,"At 2025-11-27 10:00:00, the stock AGG opened at 16.10 VND, reached a high of 16.15 VND, a low of 16.05 VND, and closed the hour at 16.10 VND with a trading volume of 49,000 shares."
2025-11-27 11:00:00,16.05,16.1,16.05,16.05,10000,AGG,"At 2025-11-27 11:00:00, the stock AGG opened at 16.05 VND, reached a high of 16.10 VND, a low of 16.05 VND, and closed the hour at 16.05 VND with a trading volume of 10,000 shares."
2025-11-27 13:00:00,16.05,16.1,16.0,16.1,43500,AGG,"At 2025-11-27 13:00:00, the stock AGG opened at 16.05 VND, reached a high of 16.10 VND, a low of 16.00 VND, and closed the hour at 16.10 VND with a trading volume of 43,500 shares."
2025-11-27 14:00:00,16.1,16.1,16.0,16.0,40600,AGG,"At 2025-11-27 14:00:00, the stock AGG opened at 16.10 VND, reached a high of 16.10 VND, a low of 16.00 VND, and closed the hour at 16.00 VND with a trading volume of 40,600 shares."
2025-11-28 09:00:00,16.15,16.15,15.95,15.95,18700,AGG,"At 2025-11-28 09:00:00, the stock AGG opened at 16.15 VND, reached a high of 16.15 VND, a low of 15.95 VND, and closed the hour at 15.95 VND with a trading volume of 18,700 shares."
2025-11-28 10:00:00,15.95,16.0,15.9,16.0,26600,AGG,"At 2025-11-28 10:00:00, the stock AGG opened at 15.95 VND, reached a high of 16.00 VND, a low of 15.90 VND, and closed the hour at 16.00 VND with a trading volume of 26,600 shares."
2025-11-28 11:00:00,16.0,16.0,15.9,15.9,10500,AGG,"At 2025-11-28 11:00:00, the stock AGG opened at 16.00 VND, reached a high of 16.00 VND, a low of 15.90 VND, and closed the hour at 15.90 VND with a trading volume of 10,500 shares."
2025-11-28 13:00:00,15.9,15.95,15.85,15.85,21700,AGG,"At 2025-11-28 13:00:00, the stock AGG opened at 15.90 VND, reached a high of 15.95 VND, a low of 15.85 VND, and closed the hour at 15.85 VND with a trading volume of 21,700 shares."
2025-11-28 14:00:00,15.85,15.9,15.8,15.85,58300,AGG,"At 2025-11-28 14:00:00, the stock AGG opened at 15.85 VND, reached a high of 15.90 VND, a low of 15.80 VND, and closed the hour at 15.85 VND with a trading volume of 58,300 shares."
2025-12-01 09:00:00,15.85,15.9,15.8,15.8,72200,AGG,"At 2025-12-01 09:00:00, the stock AGG opened at 15.85 VND, reached a high of 15.90 VND, a low of 15.80 VND, and closed the hour at 15.80 VND with a trading volume of 72,200 shares."
2025-12-01 10:00:00,15.8,15.8,15.75,15.8,49400,AGG,"At 2025-12-01 10:00:00, the stock AGG opened at 15.80 VND, reached a high of 15.80 VND, a low of 15.75 VND, and closed the hour at 15.80 VND with a trading volume of 49,400 shares."
2025-12-01 11:00:00,15.8,15.8,15.7,15.7,27100,AGG,"At 2025-12-01 11:00:00, the stock AGG opened at 15.80 VND, reached a high of 15.80 VND, a low of 15.70 VND, and closed the hour at 15.70 VND with a trading volume of 27,100 shares."
2025-12-01 13:00:00,15.75,15.75,15.6,15.65,139400,AGG,"At 2025-12-01 13:00:00, the stock AGG opened at 15.75 VND, reached a high of 15.75 VND, a low of 15.60 VND, and closed the hour at 15.65 VND with a trading volume of 139,400 shares."
2025-12-01 14:00:00,15.65,15.7,15.65,15.7,21900,AGG,"At 2025-12-01 14:00:00, the stock AGG opened at 15.65 VND, reached a high of 15.70 VND, a low of 15.65 VND, and closed the hour at 15.70 VND with a trading volume of 21,900 shares."
2025-12-02 09:00:00,15.7,15.8,15.6,15.6,38800,AGG,"At 2025-12-02 09:00:00, the stock AGG opened at 15.70 VND, reached a high of 15.80 VND, a low of 15.60 VND, and closed the hour at 15.60 VND with a trading volume of 38,800 shares."
2025-12-02 10:00:00,15.6,15.6,15.4,15.5,161700,AGG,"At 2025-12-02 10:00:00, the stock AGG opened at 15.60 VND, reached a high of 15.60 VND, a low of 15.40 VND, and closed the hour at 15.50 VND with a trading volume of 161,700 shares."
2025-12-02 11:00:00,15.5,15.55,15.4,15.4,29300,AGG,"At 2025-12-02 11:00:00, the stock AGG opened at 15.50 VND, reached a high of 15.55 VND, a low of 15.40 VND, and closed the hour at 15.40 VND with a trading volume of 29,300 shares."
2025-12-02 13:00:00,15.5,15.6,15.4,15.55,100600,AGG,"At 2025-12-02 13:00:00, the stock AGG opened at 15.50 VND, reached a high of 15.60 VND, a low of 15.40 VND, and closed the hour at 15.55 VND with a trading volume of 100,600 shares."
2025-12-02 14:00:00,15.55,15.8,15.5,15.8,35400,AGG,"At 2025-12-02 14:00:00, the stock AGG opened at 15.55 VND, reached a high of 15.80 VND, a low of 15.50 VND, and closed the hour at 15.80 VND with a trading volume of 35,400 shares."
2025-12-03 09:00:00,15.8,15.8,15.55,15.65,75800,AGG,"At 2025-12-03 09:00:00, the stock AGG opened at 15.80 VND, reached a high of 15.80 VND, a low of 15.55 VND, and closed the hour at 15.65 VND with a trading volume of 75,800 shares."
2025-12-03 10:00:00,15.6,15.65,15.55,15.65,99000,AGG,"At 2025-12-03 10:00:00, the stock AGG opened at 15.60 VND, reached a high of 15.65 VND, a low of 15.55 VND, and closed the hour at 15.65 VND with a trading volume of 99,000 shares."
2025-12-03 11:00:00,15.65,15.65,15.65,15.65,12300,AGG,"At 2025-12-03 11:00:00, the stock AGG opened at 15.65 VND, reached a high of 15.65 VND, a low of 15.65 VND, and closed the hour at 15.65 VND with a trading volume of 12,300 shares."
2025-12-03 13:00:00,15.7,15.75,15.6,15.7,95300,AGG,"At 2025-12-03 13:00:00, the stock AGG opened at 15.70 VND, reached a high of 15.75 VND, a low of 15.60 VND, and closed the hour at 15.70 VND with a trading volume of 95,300 shares."
2025-12-03 14:00:00,15.75,15.8,15.75,15.8,76100,AGG,"At 2025-12-03 14:00:00, the stock AGG opened at 15.75 VND, reached a high of 15.80 VND, a low of 15.75 VND, and closed the hour at 15.80 VND with a trading volume of 76,100 shares."
2025-12-04 09:00:00,15.8,15.85,15.75,15.8,53900,AGG,"At 2025-12-04 09:00:00, the stock AGG opened at 15.80 VND, reached a high of 15.85 VND, a low of 15.75 VND, and closed the hour at 15.80 VND with a trading volume of 53,900 shares."
2025-12-04 10:00:00,15.8,15.8,15.75,15.8,18100,AGG,"At 2025-12-04 10:00:00, the stock AGG opened at 15.80 VND, reached a high of 15.80 VND, a low of 15.75 VND, and closed the hour at 15.80 VND with a trading volume of 18,100 shares."
2025-12-04 11:00:00,15.75,15.75,15.7,15.7,39700,AGG,"At 2025-12-04 11:00:00, the stock AGG opened at 15.75 VND, reached a high of 15.75 VND, a low of 15.70 VND, and closed the hour at 15.70 VND with a trading volume of 39,700 shares."
2025-12-04 13:00:00,15.7,15.95,15.7,15.95,193100,AGG,"At 2025-12-04 13:00:00, the stock AGG opened at 15.70 VND, reached a high of 15.95 VND, a low of 15.70 VND, and closed the hour at 15.95 VND with a trading volume of 193,100 shares."
2025-12-04 14:00:00,15.95,15.95,15.85,15.85,33400,AGG,"At 2025-12-04 14:00:00, the stock AGG opened at 15.95 VND, reached a high of 15.95 VND, a low of 15.85 VND, and closed the hour at 15.85 VND with a trading volume of 33,400 shares."
2025-12-05 09:00:00,15.85,15.85,15.75,15.75,26200,AGG,"At 2025-12-05 09:00:00, the stock AGG opened at 15.85 VND, reached a high of 15.85 VND, a low of 15.75 VND, and closed the hour at 15.75 VND with a trading volume of 26,200 shares."
2025-12-05 10:00:00,15.75,15.75,15.7,15.7,51600,AGG,"At 2025-12-05 10:00:00, the stock AGG opened at 15.75 VND, reached a high of 15.75 VND, a low of 15.70 VND, and closed the hour at 15.70 VND with a trading volume of 51,600 shares."
2025-12-05 11:00:00,15.7,15.75,15.7,15.7,11900,AGG,"At 2025-12-05 11:00:00, the stock AGG opened at 15.70 VND, reached a high of 15.75 VND, a low of 15.70 VND, and closed the hour at 15.70 VND with a trading volume of 11,900 shares."
2025-12-05 13:00:00,15.7,15.7,15.65,15.65,65800,AGG,"At 2025-12-05 13:00:00, the stock AGG opened at 15.70 VND, reached a high of 15.70 VND, a low of 15.65 VND, and closed the hour at 15.65 VND with a trading volume of 65,800 shares."
2025-12-05 14:00:00,15.7,15.7,15.5,15.65,111300,AGG,"At 2025-12-05 14:00:00, the stock AGG opened at 15.70 VND, reached a high of 15.70 VND, a low of 15.50 VND, and closed the hour at 15.65 VND with a trading volume of 111,300 shares."
2025-12-08 09:00:00,15.65,15.65,15.5,15.55,57500,AGG,"At 2025-12-08 09:00:00, the stock AGG opened at 15.65 VND, reached a high of 15.65 VND, a low of 15.50 VND, and closed the hour at 15.55 VND with a trading volume of 57,500 shares."
2025-12-08 10:00:00,15.5,15.55,15.5,15.5,87300,AGG,"At 2025-12-08 10:00:00, the stock AGG opened at 15.50 VND, reached a high of 15.55 VND, a low of 15.50 VND, and closed the hour at 15.50 VND with a trading volume of 87,300 shares."
2025-12-08 11:00:00,15.5,15.5,15.5,15.5,16400,AGG,"At 2025-12-08 11:00:00, the stock AGG opened at 15.50 VND, reached a high of 15.50 VND, a low of 15.50 VND, and closed the hour at 15.50 VND with a trading volume of 16,400 shares."
2025-12-08 13:00:00,15.5,15.55,15.45,15.45,96800,AGG,"At 2025-12-08 13:00:00, the stock AGG opened at 15.50 VND, reached a high of 15.55 VND, a low of 15.45 VND, and closed the hour at 15.45 VND with a trading volume of 96,800 shares."
2025-12-08 14:00:00,15.45,15.5,15.45,15.45,80700,AGG,"At 2025-12-08 14:00:00, the stock AGG opened at 15.45 VND, reached a high of 15.50 VND, a low of 15.45 VND, and closed the hour at 15.45 VND with a trading volume of 80,700 shares."
2025-12-09 09:00:00,15.45,15.45,15.05,15.25,135200,AGG,"At 2025-12-09 09:00:00, the stock AGG opened at 15.45 VND, reached a high of 15.45 VND, a low of 15.05 VND, and closed the hour at 15.25 VND with a trading volume of 135,200 shares."
2025-12-09 10:00:00,15.25,15.25,15.1,15.15,109900,AGG,"At 2025-12-09 10:00:00, the stock AGG opened at 15.25 VND, reached a high of 15.25 VND, a low of 15.10 VND, and closed the hour at 15.15 VND with a trading volume of 109,900 shares."
2025-12-09 11:00:00,15.15,15.15,15.1,15.15,7000,AGG,"At 2025-12-09 11:00:00, the stock AGG opened at 15.15 VND, reached a high of 15.15 VND, a low of 15.10 VND, and closed the hour at 15.15 VND with a trading volume of 7,000 shares."
2025-12-09 13:00:00,15.15,15.2,15.1,15.2,144100,AGG,"At 2025-12-09 13:00:00, the stock AGG opened at 15.15 VND, reached a high of 15.20 VND, a low of 15.10 VND, and closed the hour at 15.20 VND with a trading volume of 144,100 shares."
2025-12-09 14:00:00,15.2,15.25,15.1,15.15,113400,AGG,"At 2025-12-09 14:00:00, the stock AGG opened at 15.20 VND, reached a high of 15.25 VND, a low of 15.10 VND, and closed the hour at 15.15 VND with a trading volume of 113,400 shares."
2025-12-10 09:00:00,15.3,15.3,15.1,15.1,66100,AGG,"At 2025-12-10 09:00:00, the stock AGG opened at 15.30 VND, reached a high of 15.30 VND, a low of 15.10 VND, and closed the hour at 15.10 VND with a trading volume of 66,100 shares."
2025-12-10 10:00:00,15.15,15.15,15.05,15.1,111200,AGG,"At 2025-12-10 10:00:00, the stock AGG opened at 15.15 VND, reached a high of 15.15 VND, a low of 15.05 VND, and closed the hour at 15.10 VND with a trading volume of 111,200 shares."
2025-12-10 11:00:00,15.05,15.05,15.0,15.05,28200,AGG,"At 2025-12-10 11:00:00, the stock AGG opened at 15.05 VND, reached a high of 15.05 VND, a low of 15.00 VND, and closed the hour at 15.05 VND with a trading volume of 28,200 shares."
2025-12-10 13:00:00,15.05,15.15,15.0,15.1,73800,AGG,"At 2025-12-10 13:00:00, the stock AGG opened at 15.05 VND, reached a high of 15.15 VND, a low of 15.00 VND, and closed the hour at 15.10 VND with a trading volume of 73,800 shares."
2025-12-10 14:00:00,15.15,15.15,15.1,15.1,73000,AGG,"At 2025-12-10 14:00:00, the stock AGG opened at 15.15 VND, reached a high of 15.15 VND, a low of 15.10 VND, and closed the hour at 15.10 VND with a trading volume of 73,000 shares."
2025-12-11 09:00:00,15.1,15.2,15.0,15.0,53700,AGG,"At 2025-12-11 09:00:00, the stock AGG opened at 15.10 VND, reached a high of 15.20 VND, a low of 15.00 VND, and closed the hour at 15.00 VND with a trading volume of 53,700 shares."
2025-12-11 10:00:00,15.05,15.1,15.05,15.1,33300,AGG,"At 2025-12-11 10:00:00, the stock AGG opened at 15.05 VND, reached a high of 15.10 VND, a low of 15.05 VND, and closed the hour at 15.10 VND with a trading volume of 33,300 shares."
2025-12-11 11:00:00,15.1,15.1,15.05,15.1,19500,AGG,"At 2025-12-11 11:00:00, the stock AGG opened at 15.10 VND, reached a high of 15.10 VND, a low of 15.05 VND, and closed the hour at 15.10 VND with a trading volume of 19,500 shares."
2025-12-11 13:00:00,15.1,15.1,15.0,15.0,67500,AGG,"At 2025-12-11 13:00:00, the stock AGG opened at 15.10 VND, reached a high of 15.10 VND, a low of 15.00 VND, and closed the hour at 15.00 VND with a trading volume of 67,500 shares."
2025-12-11 14:00:00,15.05,15.1,14.95,14.95,81100,AGG,"At 2025-12-11 14:00:00, the stock AGG opened at 15.05 VND, reached a high of 15.10 VND, a low of 14.95 VND, and closed the hour at 14.95 VND with a trading volume of 81,100 shares."
2025-12-12 09:00:00,15.05,15.05,14.85,14.9,35700,AGG,"At 2025-12-12 09:00:00, the stock AGG opened at 15.05 VND, reached a high of 15.05 VND, a low of 14.85 VND, and closed the hour at 14.90 VND with a trading volume of 35,700 shares."
2025-12-12 10:00:00,14.9,15.0,14.85,14.85,66300,AGG,"At 2025-12-12 10:00:00, the stock AGG opened at 14.90 VND, reached a high of 15.00 VND, a low of 14.85 VND, and closed the hour at 14.85 VND with a trading volume of 66,300 shares."
2025-12-12 11:00:00,14.9,14.9,14.85,14.9,15300,AGG,"At 2025-12-12 11:00:00, the stock AGG opened at 14.90 VND, reached a high of 14.90 VND, a low of 14.85 VND, and closed the hour at 14.90 VND with a trading volume of 15,300 shares."
2025-12-12 13:00:00,14.9,14.95,14.75,14.8,197900,AGG,"At 2025-12-12 13:00:00, the stock AGG opened at 14.90 VND, reached a high of 14.95 VND, a low of 14.75 VND, and closed the hour at 14.80 VND with a trading volume of 197,900 shares."
2025-12-12 14:00:00,14.85,14.85,14.5,14.5,246800,AGG,"At 2025-12-12 14:00:00, the stock AGG opened at 14.85 VND, reached a high of 14.85 VND, a low of 14.50 VND, and closed the hour at 14.50 VND with a trading volume of 246,800 shares."
2025-12-15 09:00:00,14.7,14.7,14.45,14.55,53900,AGG,"At 2025-12-15 09:00:00, the stock AGG opened at 14.70 VND, reached a high of 14.70 VND, a low of 14.45 VND, and closed the hour at 14.55 VND with a trading volume of 53,900 shares."
2025-12-15 10:00:00,14.55,14.6,14.5,14.5,69500,AGG,"At 2025-12-15 10:00:00, the stock AGG opened at 14.55 VND, reached a high of 14.60 VND, a low of 14.50 VND, and closed the hour at 14.50 VND with a trading volume of 69,500 shares."
2025-12-15 11:00:00,14.55,14.55,14.4,14.4,16900,AGG,"At 2025-12-15 11:00:00, the stock AGG opened at 14.55 VND, reached a high of 14.55 VND, a low of 14.40 VND, and closed the hour at 14.40 VND with a trading volume of 16,900 shares."
2025-12-15 13:00:00,14.4,14.5,14.35,14.35,60400,AGG,"At 2025-12-15 13:00:00, the stock AGG opened at 14.40 VND, reached a high of 14.50 VND, a low of 14.35 VND, and closed the hour at 14.35 VND with a trading volume of 60,400 shares."
2025-12-15 14:00:00,14.35,14.45,14.3,14.3,49100,AGG,"At 2025-12-15 14:00:00, the stock AGG opened at 14.35 VND, reached a high of 14.45 VND, a low of 14.30 VND, and closed the hour at 14.30 VND with a trading volume of 49,100 shares."
2025-12-16 09:00:00,14.4,14.4,14.1,14.1,145400,AGG,"At 2025-12-16 09:00:00, the stock AGG opened at 14.40 VND, reached a high of 14.40 VND, a low of 14.10 VND, and closed the hour at 14.10 VND with a trading volume of 145,400 shares."
2025-12-16 10:00:00,14.1,14.15,14.0,14.05,154900,AGG,"At 2025-12-16 10:00:00, the stock AGG opened at 14.10 VND, reached a high of 14.15 VND, a low of 14.00 VND, and closed the hour at 14.05 VND with a trading volume of 154,900 shares."
2025-12-16 11:00:00,14.05,14.1,14.0,14.05,25200,AGG,"At 2025-12-16 11:00:00, the stock AGG opened at 14.05 VND, reached a high of 14.10 VND, a low of 14.00 VND, and closed the hour at 14.05 VND with a trading volume of 25,200 shares."
2025-12-16 13:00:00,14.05,14.65,14.05,14.6,101500,AGG,"At 2025-12-16 13:00:00, the stock AGG opened at 14.05 VND, reached a high of 14.65 VND, a low of 14.05 VND, and closed the hour at 14.60 VND with a trading volume of 101,500 shares."
2025-12-16 14:00:00,14.6,14.75,14.55,14.75,93000,AGG,"At 2025-12-16 14:00:00, the stock AGG opened at 14.60 VND, reached a high of 14.75 VND, a low of 14.55 VND, and closed the hour at 14.75 VND with a trading volume of 93,000 shares."
2025-12-17 09:00:00,14.75,14.75,14.45,14.55,41300,AGG,"At 2025-12-17 09:00:00, the stock AGG opened at 14.75 VND, reached a high of 14.75 VND, a low of 14.45 VND, and closed the hour at 14.55 VND with a trading volume of 41,300 shares."
2025-12-17 10:00:00,14.55,14.55,14.45,14.45,32500,AGG,"At 2025-12-17 10:00:00, the stock AGG opened at 14.55 VND, reached a high of 14.55 VND, a low of 14.45 VND, and closed the hour at 14.45 VND with a trading volume of 32,500 shares."
2025-12-17 11:00:00,14.45,14.45,14.4,14.45,8500,AGG,"At 2025-12-17 11:00:00, the stock AGG opened at 14.45 VND, reached a high of 14.45 VND, a low of 14.40 VND, and closed the hour at 14.45 VND with a trading volume of 8,500 shares."
2025-12-17 13:00:00,14.5,14.6,14.45,14.55,31000,AGG,"At 2025-12-17 13:00:00, the stock AGG opened at 14.50 VND, reached a high of 14.60 VND, a low of 14.45 VND, and closed the hour at 14.55 VND with a trading volume of 31,000 shares."
2025-12-17 14:00:00,14.5,14.5,14.4,14.4,48000,AGG,"At 2025-12-17 14:00:00, the stock AGG opened at 14.50 VND, reached a high of 14.50 VND, a low of 14.40 VND, and closed the hour at 14.40 VND with a trading volume of 48,000 shares."
2025-12-18 09:00:00,14.4,14.4,14.25,14.4,30800,AGG,"At 2025-12-18 09:00:00, the stock AGG opened at 14.40 VND, reached a high of 14.40 VND, a low of 14.25 VND, and closed the hour at 14.40 VND with a trading volume of 30,800 shares."
2025-12-18 10:00:00,14.4,14.4,14.25,14.4,25000,AGG,"At 2025-12-18 10:00:00, the stock AGG opened at 14.40 VND, reached a high of 14.40 VND, a low of 14.25 VND, and closed the hour at 14.40 VND with a trading volume of 25,000 shares."
2025-12-18 11:00:00,14.4,14.4,14.3,14.35,16700,AGG,"At 2025-12-18 11:00:00, the stock AGG opened at 14.40 VND, reached a high of 14.40 VND, a low of 14.30 VND, and closed the hour at 14.35 VND with a trading volume of 16,700 shares."
2025-12-18 13:00:00,14.35,14.4,14.25,14.35,77600,AGG,"At 2025-12-18 13:00:00, the stock AGG opened at 14.35 VND, reached a high of 14.40 VND, a low of 14.25 VND, and closed the hour at 14.35 VND with a trading volume of 77,600 shares."
2025-12-18 14:00:00,14.35,14.4,14.3,14.35,40900,AGG,"At 2025-12-18 14:00:00, the stock AGG opened at 14.35 VND, reached a high of 14.40 VND, a low of 14.30 VND, and closed the hour at 14.35 VND with a trading volume of 40,900 shares."
2025-12-19 09:00:00,14.4,14.4,14.2,14.35,55500,AGG,"At 2025-12-19 09:00:00, the stock AGG opened at 14.40 VND, reached a high of 14.40 VND, a low of 14.20 VND, and closed the hour at 14.35 VND with a trading volume of 55,500 shares."
2025-12-19 10:00:00,14.35,14.4,14.25,14.3,40100,AGG,"At 2025-12-19 10:00:00, the stock AGG opened at 14.35 VND, reached a high of 14.40 VND, a low of 14.25 VND, and closed the hour at 14.30 VND with a trading volume of 40,100 shares."
2025-12-19 11:00:00,14.3,14.3,14.25,14.3,31300,AGG,"At 2025-12-19 11:00:00, the stock AGG opened at 14.30 VND, reached a high of 14.30 VND, a low of 14.25 VND, and closed the hour at 14.30 VND with a trading volume of 31,300 shares."
2025-12-19 13:00:00,14.3,14.4,14.2,14.4,112500,AGG,"At 2025-12-19 13:00:00, the stock AGG opened at 14.30 VND, reached a high of 14.40 VND, a low of 14.20 VND, and closed the hour at 14.40 VND with a trading volume of 112,500 shares."
2025-12-19 14:00:00,14.4,14.45,14.35,14.4,47300,AGG,"At 2025-12-19 14:00:00, the stock AGG opened at 14.40 VND, reached a high of 14.45 VND, a low of 14.35 VND, and closed the hour at 14.40 VND with a trading volume of 47,300 shares."
2025-12-22 09:00:00,14.45,14.45,14.35,14.45,83400,AGG,"At 2025-12-22 09:00:00, the stock AGG opened at 14.45 VND, reached a high of 14.45 VND, a low of 14.35 VND, and closed the hour at 14.45 VND with a trading volume of 83,400 shares."
2025-12-22 10:00:00,14.4,14.4,14.3,14.4,66500,AGG,"At 2025-12-22 10:00:00, the stock AGG opened at 14.40 VND, reached a high of 14.40 VND, a low of 14.30 VND, and closed the hour at 14.40 VND with a trading volume of 66,500 shares."
2025-12-22 11:00:00,14.35,14.45,14.25,14.45,29500,AGG,"At 2025-12-22 11:00:00, the stock AGG opened at 14.35 VND, reached a high of 14.45 VND, a low of 14.25 VND, and closed the hour at 14.45 VND with a trading volume of 29,500 shares."
2025-12-22 13:00:00,14.45,14.5,14.4,14.45,73200,AGG,"At 2025-12-22 13:00:00, the stock AGG opened at 14.45 VND, reached a high of 14.50 VND, a low of 14.40 VND, and closed the hour at 14.45 VND with a trading volume of 73,200 shares."
2025-12-22 14:00:00,14.45,14.55,14.45,14.55,38600,AGG,"At 2025-12-22 14:00:00, the stock AGG opened at 14.45 VND, reached a high of 14.55 VND, a low of 14.45 VND, and closed the hour at 14.55 VND with a trading volume of 38,600 shares."
2025-12-23 09:00:00,14.55,14.75,14.45,14.55,90300,AGG,"At 2025-12-23 09:00:00, the stock AGG opened at 14.55 VND, reached a high of 14.75 VND, a low of 14.45 VND, and closed the hour at 14.55 VND with a trading volume of 90,300 shares."
2025-12-23 10:00:00,14.5,14.55,14.4,14.5,60300,AGG,"At 2025-12-23 10:00:00, the stock AGG opened at 14.50 VND, reached a high of 14.55 VND, a low of 14.40 VND, and closed the hour at 14.50 VND with a trading volume of 60,300 shares."
2025-12-23 11:00:00,14.4,14.55,14.4,14.55,23900,AGG,"At 2025-12-23 11:00:00, the stock AGG opened at 14.40 VND, reached a high of 14.55 VND, a low of 14.40 VND, and closed the hour at 14.55 VND with a trading volume of 23,900 shares."
2025-12-23 13:00:00,14.55,14.55,14.35,14.5,153300,AGG,"At 2025-12-23 13:00:00, the stock AGG opened at 14.55 VND, reached a high of 14.55 VND, a low of 14.35 VND, and closed the hour at 14.50 VND with a trading volume of 153,300 shares."
2025-12-23 14:00:00,14.5,14.5,14.4,14.4,30900,AGG,"At 2025-12-23 14:00:00, the stock AGG opened at 14.50 VND, reached a high of 14.50 VND, a low of 14.40 VND, and closed the hour at 14.40 VND with a trading volume of 30,900 shares."
2025-12-24 09:00:00,14.4,14.5,14.3,14.4,63100,AGG,"At 2025-12-24 09:00:00, the stock AGG opened at 14.40 VND, reached a high of 14.50 VND, a low of 14.30 VND, and closed the hour at 14.40 VND with a trading volume of 63,100 shares."
2025-12-24 10:00:00,14.4,14.45,14.35,14.45,98400,AGG,"At 2025-12-24 10:00:00, the stock AGG opened at 14.40 VND, reached a high of 14.45 VND, a low of 14.35 VND, and closed the hour at 14.45 VND with a trading volume of 98,400 shares."
2025-12-24 11:00:00,14.45,14.5,14.4,14.5,26000,AGG,"At 2025-12-24 11:00:00, the stock AGG opened at 14.45 VND, reached a high of 14.50 VND, a low of 14.40 VND, and closed the hour at 14.50 VND with a trading volume of 26,000 shares."
2025-12-24 13:00:00,14.5,14.5,14.35,14.45,120200,AGG,"At 2025-12-24 13:00:00, the stock AGG opened at 14.50 VND, reached a high of 14.50 VND, a low of 14.35 VND, and closed the hour at 14.45 VND with a trading volume of 120,200 shares."
2025-12-24 14:00:00,14.4,14.45,14.4,14.4,36400,AGG,"At 2025-12-24 14:00:00, the stock AGG opened at 14.40 VND, reached a high of 14.45 VND, a low of 14.40 VND, and closed the hour at 14.40 VND with a trading volume of 36,400 shares."
2025-12-25 09:00:00,14.4,14.5,14.3,14.35,150600,AGG,"At 2025-12-25 09:00:00, the stock AGG opened at 14.40 VND, reached a high of 14.50 VND, a low of 14.30 VND, and closed the hour at 14.35 VND with a trading volume of 150,600 shares."
2025-12-25 10:00:00,14.35,14.45,14.3,14.35,108000,AGG,"At 2025-12-25 10:00:00, the stock AGG opened at 14.35 VND, reached a high of 14.45 VND, a low of 14.30 VND, and closed the hour at 14.35 VND with a trading volume of 108,000 shares."
2025-12-25 11:00:00,14.35,14.35,14.3,14.3,45400,AGG,"At 2025-12-25 11:00:00, the stock AGG opened at 14.35 VND, reached a high of 14.35 VND, a low of 14.30 VND, and closed the hour at 14.30 VND with a trading volume of 45,400 shares."
2025-12-25 13:00:00,14.3,14.45,14.3,14.4,84700,AGG,"At 2025-12-25 13:00:00, the stock AGG opened at 14.30 VND, reached a high of 14.45 VND, a low of 14.30 VND, and closed the hour at 14.40 VND with a trading volume of 84,700 shares."
2025-12-25 14:00:00,14.4,14.4,14.3,14.3,79200,AGG,"At 2025-12-25 14:00:00, the stock AGG opened at 14.40 VND, reached a high of 14.40 VND, a low of 14.30 VND, and closed the hour at 14.30 VND with a trading volume of 79,200 shares."
2025-12-26 09:00:00,14.2,14.3,14.15,14.25,164500,AGG,"At 2025-12-26 09:00:00, the stock AGG opened at 14.20 VND, reached a high of 14.30 VND, a low of 14.15 VND, and closed the hour at 14.25 VND with a trading volume of 164,500 shares."
2025-12-26 10:00:00,14.2,14.25,14.15,14.15,48900,AGG,"At 2025-12-26 10:00:00, the stock AGG opened at 14.20 VND, reached a high of 14.25 VND, a low of 14.15 VND, and closed the hour at 14.15 VND with a trading volume of 48,900 shares."
2025-12-26 11:00:00,14.2,14.25,14.1,14.1,36100,AGG,"At 2025-12-26 11:00:00, the stock AGG opened at 14.20 VND, reached a high of 14.25 VND, a low of 14.10 VND, and closed the hour at 14.10 VND with a trading volume of 36,100 shares."
2025-12-26 13:00:00,14.1,14.4,14.05,14.35,236900,AGG,"At 2025-12-26 13:00:00, the stock AGG opened at 14.10 VND, reached a high of 14.40 VND, a low of 14.05 VND, and closed the hour at 14.35 VND with a trading volume of 236,900 shares."
2025-12-26 14:00:00,14.35,14.45,14.3,14.45,91700,AGG,"At 2025-12-26 14:00:00, the stock AGG opened at 14.35 VND, reached a high of 14.45 VND, a low of 14.30 VND, and closed the hour at 14.45 VND with a trading volume of 91,700 shares."
2025-12-29 09:00:00,14.45,14.8,14.45,14.7,251500,AGG,"At 2025-12-29 09:00:00, the stock AGG opened at 14.45 VND, reached a high of 14.80 VND, a low of 14.45 VND, and closed the hour at 14.70 VND with a trading volume of 251,500 shares."
2025-12-29 10:00:00,14.65,15.0,14.6,14.95,238500,AGG,"At 2025-12-29 10:00:00, the stock AGG opened at 14.65 VND, reached a high of 15.00 VND, a low of 14.60 VND, and closed the hour at 14.95 VND with a trading volume of 238,500 shares."
2025-12-29 11:00:00,14.95,15.0,14.9,14.95,37500,AGG,"At 2025-12-29 11:00:00, the stock AGG opened at 14.95 VND, reached a high of 15.00 VND, a low of 14.90 VND, and closed the hour at 14.95 VND with a trading volume of 37,500 shares."
2025-12-29 13:00:00,14.95,15.0,14.8,14.8,146200,AGG,"At 2025-12-29 13:00:00, the stock AGG opened at 14.95 VND, reached a high of 15.00 VND, a low of 14.80 VND, and closed the hour at 14.80 VND with a trading volume of 146,200 shares."
2025-12-29 14:00:00,14.85,14.9,14.85,14.85,58300,AGG,"At 2025-12-29 14:00:00, the stock AGG opened at 14.85 VND, reached a high of 14.90 VND, a low of 14.85 VND, and closed the hour at 14.85 VND with a trading volume of 58,300 shares."
2025-12-30 09:00:00,14.9,14.9,14.6,14.75,98400,AGG,"At 2025-12-30 09:00:00, the stock AGG opened at 14.90 VND, reached a high of 14.90 VND, a low of 14.60 VND, and closed the hour at 14.75 VND with a trading volume of 98,400 shares."
2025-12-30 10:00:00,14.7,14.7,14.55,14.65,24200,AGG,"At 2025-12-30 10:00:00, the stock AGG opened at 14.70 VND, reached a high of 14.70 VND, a low of 14.55 VND, and closed the hour at 14.65 VND with a trading volume of 24,200 shares."
2025-12-30 11:00:00,14.65,14.65,14.6,14.65,16600,AGG,"At 2025-12-30 11:00:00, the stock AGG opened at 14.65 VND, reached a high of 14.65 VND, a low of 14.60 VND, and closed the hour at 14.65 VND with a trading volume of 16,600 shares."
2025-12-30 13:00:00,14.7,14.7,14.55,14.55,97800,AGG,"At 2025-12-30 13:00:00, the stock AGG opened at 14.70 VND, reached a high of 14.70 VND, a low of 14.55 VND, and closed the hour at 14.55 VND with a trading volume of 97,800 shares."
2025-12-30 14:00:00,14.55,14.7,14.5,14.7,51100,AGG,"At 2025-12-30 14:00:00, the stock AGG opened at 14.55 VND, reached a high of 14.70 VND, a low of 14.50 VND, and closed the hour at 14.70 VND with a trading volume of 51,100 shares."
2025-12-31 09:00:00,14.7,14.7,14.45,14.5,88400,AGG,"At 2025-12-31 09:00:00, the stock AGG opened at 14.70 VND, reached a high of 14.70 VND, a low of 14.45 VND, and closed the hour at 14.50 VND with a trading volume of 88,400 shares."
2025-12-31 10:00:00,14.45,14.55,14.45,14.45,58400,AGG,"At 2025-12-31 10:00:00, the stock AGG opened at 14.45 VND, reached a high of 14.55 VND, a low of 14.45 VND, and closed the hour at 14.45 VND with a trading volume of 58,400 shares."
2025-12-31 11:00:00,14.45,14.5,14.4,14.5,47300,AGG,"At 2025-12-31 11:00:00, the stock AGG opened at 14.45 VND, reached a high of 14.50 VND, a low of 14.40 VND, and closed the hour at 14.50 VND with a trading volume of 47,300 shares."
2025-12-31 13:00:00,14.5,14.5,14.3,14.4,220900,AGG,"At 2025-12-31 13:00:00, the stock AGG opened at 14.50 VND, reached a high of 14.50 VND, a low of 14.30 VND, and closed the hour at 14.40 VND with a trading volume of 220,900 shares."
2025-12-31 14:00:00,14.35,14.4,14.25,14.25,174000,AGG,"At 2025-12-31 14:00:00, the stock AGG opened at 14.35 VND, reached a high of 14.40 VND, a low of 14.25 VND, and closed the hour at 14.25 VND with a trading volume of 174,000 shares."
2026-01-05 09:00:00,14.15,14.25,14.1,14.15,97100,AGG,"At 2026-01-05 09:00:00, the stock AGG opened at 14.15 VND, reached a high of 14.25 VND, a low of 14.10 VND, and closed the hour at 14.15 VND with a trading volume of 97,100 shares."
2026-01-05 10:00:00,14.15,14.15,14.1,14.15,101200,AGG,"At 2026-01-05 10:00:00, the stock AGG opened at 14.15 VND, reached a high of 14.15 VND, a low of 14.10 VND, and closed the hour at 14.15 VND with a trading volume of 101,200 shares."
2026-01-05 11:00:00,14.15,14.15,14.05,14.15,40100,AGG,"At 2026-01-05 11:00:00, the stock AGG opened at 14.15 VND, reached a high of 14.15 VND, a low of 14.05 VND, and closed the hour at 14.15 VND with a trading volume of 40,100 shares."
2026-01-05 13:00:00,14.15,14.2,14.1,14.15,73500,AGG,"At 2026-01-05 13:00:00, the stock AGG opened at 14.15 VND, reached a high of 14.20 VND, a low of 14.10 VND, and closed the hour at 14.15 VND with a trading volume of 73,500 shares."
2026-01-05 14:00:00,14.1,14.15,13.95,14.15,165500,AGG,"At 2026-01-05 14:00:00, the stock AGG opened at 14.10 VND, reached a high of 14.15 VND, a low of 13.95 VND, and closed the hour at 14.15 VND with a trading volume of 165,500 shares."
2026-01-06 09:00:00,14.2,14.2,14.05,14.05,44100,AGG,"At 2026-01-06 09:00:00, the stock AGG opened at 14.20 VND, reached a high of 14.20 VND, a low of 14.05 VND, and closed the hour at 14.05 VND with a trading volume of 44,100 shares."
2026-01-06 10:00:00,14.05,14.1,13.95,14.0,195700,AGG,"At 2026-01-06 10:00:00, the stock AGG opened at 14.05 VND, reached a high of 14.10 VND, a low of 13.95 VND, and closed the hour at 14.00 VND with a trading volume of 195,700 shares."
2026-01-06 11:00:00,14.0,14.05,13.95,13.95,40200,AGG,"At 2026-01-06 11:00:00, the stock AGG opened at 14.00 VND, reached a high of 14.05 VND, a low of 13.95 VND, and closed the hour at 13.95 VND with a trading volume of 40,200 shares."
2026-01-06 13:00:00,14.0,14.1,13.9,14.1,104400,AGG,"At 2026-01-06 13:00:00, the stock AGG opened at 14.00 VND, reached a high of 14.10 VND, a low of 13.90 VND, and closed the hour at 14.10 VND with a trading volume of 104,400 shares."
2026-01-06 14:00:00,14.05,14.15,14.0,14.0,63400,AGG,"At 2026-01-06 14:00:00, the stock AGG opened at 14.05 VND, reached a high of 14.15 VND, a low of 14.00 VND, and closed the hour at 14.00 VND with a trading volume of 63,400 shares."
2026-01-07 09:00:00,14.0,14.0,13.95,13.95,57600,AGG,"At 2026-01-07 09:00:00, the stock AGG opened at 14.00 VND, reached a high of 14.00 VND, a low of 13.95 VND, and closed the hour at 13.95 VND with a trading volume of 57,600 shares."
2026-01-07 10:00:00,14.0,14.1,13.95,14.0,91200,AGG,"At 2026-01-07 10:00:00, the stock AGG opened at 14.00 VND, reached a high of 14.10 VND, a low of 13.95 VND, and closed the hour at 14.00 VND with a trading volume of 91,200 shares."
2026-01-07 11:00:00,14.1,14.1,13.95,14.0,47300,AGG,"At 2026-01-07 11:00:00, the stock AGG opened at 14.10 VND, reached a high of 14.10 VND, a low of 13.95 VND, and closed the hour at 14.00 VND with a trading volume of 47,300 shares."
2026-01-07 13:00:00,14.0,14.2,13.9,14.2,182600,AGG,"At 2026-01-07 13:00:00, the stock AGG opened at 14.00 VND, reached a high of 14.20 VND, a low of 13.90 VND, and closed the hour at 14.20 VND with a trading volume of 182,600 shares."
2026-01-07 14:00:00,14.2,14.2,14.05,14.05,34400,AGG,"At 2026-01-07 14:00:00, the stock AGG opened at 14.20 VND, reached a high of 14.20 VND, a low of 14.05 VND, and closed the hour at 14.05 VND with a trading volume of 34,400 shares."
2026-01-08 09:00:00,14.05,14.2,14.05,14.1,113500,AGG,"At 2026-01-08 09:00:00, the stock AGG opened at 14.05 VND, reached a high of 14.20 VND, a low of 14.05 VND, and closed the hour at 14.10 VND with a trading volume of 113,500 shares."
2026-01-08 10:00:00,14.1,14.25,14.1,14.2,130800,AGG,"At 2026-01-08 10:00:00, the stock AGG opened at 14.10 VND, reached a high of 14.25 VND, a low of 14.10 VND, and closed the hour at 14.20 VND with a trading volume of 130,800 shares."
2026-01-08 11:00:00,14.2,14.2,14.1,14.15,37700,AGG,"At 2026-01-08 11:00:00, the stock AGG opened at 14.20 VND, reached a high of 14.20 VND, a low of 14.10 VND, and closed the hour at 14.15 VND with a trading volume of 37,700 shares."
2026-01-08 13:00:00,14.15,14.3,14.15,14.2,103600,AGG,"At 2026-01-08 13:00:00, the stock AGG opened at 14.15 VND, reached a high of 14.30 VND, a low of 14.15 VND, and closed the hour at 14.20 VND with a trading volume of 103,600 shares."
2026-01-08 14:00:00,14.2,14.25,14.15,14.15,94600,AGG,"At 2026-01-08 14:00:00, the stock AGG opened at 14.20 VND, reached a high of 14.25 VND, a low of 14.15 VND, and closed the hour at 14.15 VND with a trading volume of 94,600 shares."
2026-01-09 09:00:00,14.3,14.3,14.05,14.1,120500,AGG,"At 2026-01-09 09:00:00, the stock AGG opened at 14.30 VND, reached a high of 14.30 VND, a low of 14.05 VND, and closed the hour at 14.10 VND with a trading volume of 120,500 shares."
2026-01-09 10:00:00,14.1,14.15,14.05,14.1,114700,AGG,"At 2026-01-09 10:00:00, the stock AGG opened at 14.10 VND, reached a high of 14.15 VND, a low of 14.05 VND, and closed the hour at 14.10 VND with a trading volume of 114,700 shares."
2026-01-09 11:00:00,14.05,14.1,14.05,14.05,42900,AGG,"At 2026-01-09 11:00:00, the stock AGG opened at 14.05 VND, reached a high of 14.10 VND, a low of 14.05 VND, and closed the hour at 14.05 VND with a trading volume of 42,900 shares."
2026-01-09 13:00:00,14.0,14.05,13.95,14.0,224300,AGG,"At 2026-01-09 13:00:00, the stock AGG opened at 14.00 VND, reached a high of 14.05 VND, a low of 13.95 VND, and closed the hour at 14.00 VND with a trading volume of 224,300 shares."
2026-01-09 14:00:00,14.0,14.1,13.95,14.0,90100,AGG,"At 2026-01-09 14:00:00, the stock AGG opened at 14.00 VND, reached a high of 14.10 VND, a low of 13.95 VND, and closed the hour at 14.00 VND with a trading volume of 90,100 shares."
2026-01-12 09:00:00,14.0,14.1,13.8,14.0,98600,AGG,"At 2026-01-12 09:00:00, the stock AGG opened at 14.00 VND, reached a high of 14.10 VND, a low of 13.80 VND, and closed the hour at 14.00 VND with a trading volume of 98,600 shares."
2026-01-12 10:00:00,14.0,14.25,14.0,14.2,152600,AGG,"At 2026-01-12 10:00:00, the stock AGG opened at 14.00 VND, reached a high of 14.25 VND, a low of 14.00 VND, and closed the hour at 14.20 VND with a trading volume of 152,600 shares."
2026-01-12 11:00:00,14.25,14.35,14.2,14.3,144000,AGG,"At 2026-01-12 11:00:00, the stock AGG opened at 14.25 VND, reached a high of 14.35 VND, a low of 14.20 VND, and closed the hour at 14.30 VND with a trading volume of 144,000 shares."
2026-01-12 13:00:00,14.3,14.6,14.3,14.55,309700,AGG,"At 2026-01-12 13:00:00, the stock AGG opened at 14.30 VND, reached a high of 14.60 VND, a low of 14.30 VND, and closed the hour at 14.55 VND with a trading volume of 309,700 shares."
2026-01-12 14:00:00,14.55,14.65,14.55,14.6,100200,AGG,"At 2026-01-12 14:00:00, the stock AGG opened at 14.55 VND, reached a high of 14.65 VND, a low of 14.55 VND, and closed the hour at 14.60 VND with a trading volume of 100,200 shares."
2026-01-13 09:00:00,14.65,14.95,14.65,14.8,133600,AGG,"At 2026-01-13 09:00:00, the stock AGG opened at 14.65 VND, reached a high of 14.95 VND, a low of 14.65 VND, and closed the hour at 14.80 VND with a trading volume of 133,600 shares."
2026-01-13 10:00:00,14.75,14.75,14.65,14.7,89600,AGG,"At 2026-01-13 10:00:00, the stock AGG opened at 14.75 VND, reached a high of 14.75 VND, a low of 14.65 VND, and closed the hour at 14.70 VND with a trading volume of 89,600 shares."
2026-01-13 11:00:00,14.7,14.85,14.7,14.8,72200,AGG,"At 2026-01-13 11:00:00, the stock AGG opened at 14.70 VND, reached a high of 14.85 VND, a low of 14.70 VND, and closed the hour at 14.80 VND with a trading volume of 72,200 shares."
2026-01-13 13:00:00,14.8,14.85,14.65,14.75,91300,AGG,"At 2026-01-13 13:00:00, the stock AGG opened at 14.80 VND, reached a high of 14.85 VND, a low of 14.65 VND, and closed the hour at 14.75 VND with a trading volume of 91,300 shares."
2026-01-13 14:00:00,14.75,14.8,14.55,14.8,184000,AGG,"At 2026-01-13 14:00:00, the stock AGG opened at 14.75 VND, reached a high of 14.80 VND, a low of 14.55 VND, and closed the hour at 14.80 VND with a trading volume of 184,000 shares."
2026-01-14 09:00:00,14.6,14.85,14.6,14.8,78500,AGG,"At 2026-01-14 09:00:00, the stock AGG opened at 14.60 VND, reached a high of 14.85 VND, a low of 14.60 VND, and closed the hour at 14.80 VND with a trading volume of 78,500 shares."
2026-01-14 10:00:00,14.8,14.85,14.65,14.8,97400,AGG,"At 2026-01-14 10:00:00, the stock AGG opened at 14.80 VND, reached a high of 14.85 VND, a low of 14.65 VND, and closed the hour at 14.80 VND with a trading volume of 97,400 shares."
2026-01-14 11:00:00,14.85,14.9,14.7,14.85,81600,AGG,"At 2026-01-14 11:00:00, the stock AGG opened at 14.85 VND, reached a high of 14.90 VND, a low of 14.70 VND, and closed the hour at 14.85 VND with a trading volume of 81,600 shares."
2026-01-14 13:00:00,14.85,14.9,14.7,14.7,177700,AGG,"At 2026-01-14 13:00:00, the stock AGG opened at 14.85 VND, reached a high of 14.90 VND, a low of 14.70 VND, and closed the hour at 14.70 VND with a trading volume of 177,700 shares."
2026-01-14 14:00:00,14.75,14.85,14.55,14.85,236400,AGG,"At 2026-01-14 14:00:00, the stock AGG opened at 14.75 VND, reached a high of 14.85 VND, a low of 14.55 VND, and closed the hour at 14.85 VND with a trading volume of 236,400 shares."
2026-01-15 09:00:00,14.85,14.85,14.55,14.55,35800,AGG,"At 2026-01-15 09:00:00, the stock AGG opened at 14.85 VND, reached a high of 14.85 VND, a low of 14.55 VND, and closed the hour at 14.55 VND with a trading volume of 35,800 shares."
2026-01-15 10:00:00,14.55,14.7,14.4,14.65,69700,AGG,"At 2026-01-15 10:00:00, the stock AGG opened at 14.55 VND, reached a high of 14.70 VND, a low of 14.40 VND, and closed the hour at 14.65 VND with a trading volume of 69,700 shares."
2026-01-15 11:00:00,14.65,14.7,14.6,14.6,17000,AGG,"At 2026-01-15 11:00:00, the stock AGG opened at 14.65 VND, reached a high of 14.70 VND, a low of 14.60 VND, and closed the hour at 14.60 VND with a trading volume of 17,000 shares."
2026-01-15 13:00:00,14.55,14.65,14.5,14.65,34500,AGG,"At 2026-01-15 13:00:00, the stock AGG opened at 14.55 VND, reached a high of 14.65 VND, a low of 14.50 VND, and closed the hour at 14.65 VND with a trading volume of 34,500 shares."
2026-01-15 14:00:00,14.6,14.7,14.55,14.6,48700,AGG,"At 2026-01-15 14:00:00, the stock AGG opened at 14.60 VND, reached a high of 14.70 VND, a low of 14.55 VND, and closed the hour at 14.60 VND with a trading volume of 48,700 shares."
2026-01-16 09:00:00,14.6,14.6,14.4,14.5,66200,AGG,"At 2026-01-16 09:00:00, the stock AGG opened at 14.60 VND, reached a high of 14.60 VND, a low of 14.40 VND, and closed the hour at 14.50 VND with a trading volume of 66,200 shares."
2026-01-16 10:00:00,14.55,14.6,14.45,14.45,49900,AGG,"At 2026-01-16 10:00:00, the stock AGG opened at 14.55 VND, reached a high of 14.60 VND, a low of 14.45 VND, and closed the hour at 14.45 VND with a trading volume of 49,900 shares."
2026-01-16 11:00:00,14.45,14.5,14.4,14.5,54200,AGG,"At 2026-01-16 11:00:00, the stock AGG opened at 14.45 VND, reached a high of 14.50 VND, a low of 14.40 VND, and closed the hour at 14.50 VND with a trading volume of 54,200 shares."
2026-01-16 13:00:00,14.5,14.55,14.5,14.5,136000,AGG,"At 2026-01-16 13:00:00, the stock AGG opened at 14.50 VND, reached a high of 14.55 VND, a low of 14.50 VND, and closed the hour at 14.50 VND with a trading volume of 136,000 shares."
2026-01-16 14:00:00,14.55,14.6,14.5,14.6,69200,AGG,"At 2026-01-16 14:00:00, the stock AGG opened at 14.55 VND, reached a high of 14.60 VND, a low of 14.50 VND, and closed the hour at 14.60 VND with a trading volume of 69,200 shares."
2026-01-19 09:00:00,14.6,14.6,14.4,14.45,79700,AGG,"At 2026-01-19 09:00:00, the stock AGG opened at 14.60 VND, reached a high of 14.60 VND, a low of 14.40 VND, and closed the hour at 14.45 VND with a trading volume of 79,700 shares."
2026-01-19 10:00:00,14.5,14.7,14.5,14.7,60500,AGG,"At 2026-01-19 10:00:00, the stock AGG opened at 14.50 VND, reached a high of 14.70 VND, a low of 14.50 VND, and closed the hour at 14.70 VND with a trading volume of 60,500 shares."
2026-01-19 11:00:00,14.7,14.75,14.65,14.65,26000,AGG,"At 2026-01-19 11:00:00, the stock AGG opened at 14.70 VND, reached a high of 14.75 VND, a low of 14.65 VND, and closed the hour at 14.65 VND with a trading volume of 26,000 shares."
2026-01-19 13:00:00,14.65,14.65,14.55,14.65,38800,AGG,"At 2026-01-19 13:00:00, the stock AGG opened at 14.65 VND, reached a high of 14.65 VND, a low of 14.55 VND, and closed the hour at 14.65 VND with a trading volume of 38,800 shares."
2026-01-19 14:00:00,14.6,14.6,14.45,14.45,56800,AGG,"At 2026-01-19 14:00:00, the stock AGG opened at 14.60 VND, reached a high of 14.60 VND, a low of 14.45 VND, and closed the hour at 14.45 VND with a trading volume of 56,800 shares."
2026-01-20 09:00:00,14.45,14.6,14.45,14.5,14300,AGG,"At 2026-01-20 09:00:00, the stock AGG opened at 14.45 VND, reached a high of 14.60 VND, a low of 14.45 VND, and closed the hour at 14.50 VND with a trading volume of 14,300 shares."
2026-01-20 10:00:00,14.55,14.6,14.5,14.55,25400,AGG,"At 2026-01-20 10:00:00, the stock AGG opened at 14.55 VND, reached a high of 14.60 VND, a low of 14.50 VND, and closed the hour at 14.55 VND with a trading volume of 25,400 shares."
2026-01-20 11:00:00,14.5,14.5,14.45,14.5,9800,AGG,"At 2026-01-20 11:00:00, the stock AGG opened at 14.50 VND, reached a high of 14.50 VND, a low of 14.45 VND, and closed the hour at 14.50 VND with a trading volume of 9,800 shares."
2026-01-20 13:00:00,14.5,14.5,14.45,14.5,34600,AGG,"At 2026-01-20 13:00:00, the stock AGG opened at 14.50 VND, reached a high of 14.50 VND, a low of 14.45 VND, and closed the hour at 14.50 VND with a trading volume of 34,600 shares."
2026-01-20 14:00:00,14.45,14.5,14.45,14.45,80400,AGG,"At 2026-01-20 14:00:00, the stock AGG opened at 14.45 VND, reached a high of 14.50 VND, a low of 14.45 VND, and closed the hour at 14.45 VND with a trading volume of 80,400 shares."
2026-01-21 09:00:00,14.4,14.8,14.35,14.6,170500,AGG,"At 2026-01-21 09:00:00, the stock AGG opened at 14.40 VND, reached a high of 14.80 VND, a low of 14.35 VND, and closed the hour at 14.60 VND with a trading volume of 170,500 shares."
2026-01-21 10:00:00,14.6,14.65,14.45,14.5,73900,AGG,"At 2026-01-21 10:00:00, the stock AGG opened at 14.60 VND, reached a high of 14.65 VND, a low of 14.45 VND, and closed the hour at 14.50 VND with a trading volume of 73,900 shares."
2026-01-21 11:00:00,14.5,14.55,14.5,14.5,4200,AGG,"At 2026-01-21 11:00:00, the stock AGG opened at 14.50 VND, reached a high of 14.55 VND, a low of 14.50 VND, and closed the hour at 14.50 VND with a trading volume of 4,200 shares."
2026-01-21 13:00:00,14.5,14.5,14.3,14.4,90800,AGG,"At 2026-01-21 13:00:00, the stock AGG opened at 14.50 VND, reached a high of 14.50 VND, a low of 14.30 VND, and closed the hour at 14.40 VND with a trading volume of 90,800 shares."
2026-01-21 14:00:00,14.4,14.65,14.35,14.65,69900,AGG,"At 2026-01-21 14:00:00, the stock AGG opened at 14.40 VND, reached a high of 14.65 VND, a low of 14.35 VND, and closed the hour at 14.65 VND with a trading volume of 69,900 shares."
2026-01-22 09:00:00,14.7,15.2,14.6,14.9,404100,AGG,"At 2026-01-22 09:00:00, the stock AGG opened at 14.70 VND, reached a high of 15.20 VND, a low of 14.60 VND, and closed the hour at 14.90 VND with a trading volume of 404,100 shares."
2026-01-22 10:00:00,14.9,15.0,14.8,14.85,115100,AGG,"At 2026-01-22 10:00:00, the stock AGG opened at 14.90 VND, reached a high of 15.00 VND, a low of 14.80 VND, and closed the hour at 14.85 VND with a trading volume of 115,100 shares."
2026-01-22 11:00:00,14.9,15.3,14.9,15.2,295600,AGG,"At 2026-01-22 11:00:00, the stock AGG opened at 14.90 VND, reached a high of 15.30 VND, a low of 14.90 VND, and closed the hour at 15.20 VND with a trading volume of 295,600 shares."
2026-01-22 13:00:00,15.2,15.3,15.1,15.15,403900,AGG,"At 2026-01-22 13:00:00, the stock AGG opened at 15.20 VND, reached a high of 15.30 VND, a low of 15.10 VND, and closed the hour at 15.15 VND with a trading volume of 403,900 shares."
2026-01-22 14:00:00,15.1,15.2,14.9,15.15,189800,AGG,"At 2026-01-22 14:00:00, the stock AGG opened at 15.10 VND, reached a high of 15.20 VND, a low of 14.90 VND, and closed the hour at 15.15 VND with a trading volume of 189,800 shares."
2026-01-23 09:00:00,15.15,15.15,14.85,14.95,76500,AGG,"At 2026-01-23 09:00:00, the stock AGG opened at 15.15 VND, reached a high of 15.15 VND, a low of 14.85 VND, and closed the hour at 14.95 VND with a trading volume of 76,500 shares."
2026-01-23 10:00:00,14.9,14.9,14.8,14.9,76900,AGG,"At 2026-01-23 10:00:00, the stock AGG opened at 14.90 VND, reached a high of 14.90 VND, a low of 14.80 VND, and closed the hour at 14.90 VND with a trading volume of 76,900 shares."
2026-01-23 11:00:00,14.9,14.95,14.9,14.95,15000,AGG,"At 2026-01-23 11:00:00, the stock AGG opened at 14.90 VND, reached a high of 14.95 VND, a low of 14.90 VND, and closed the hour at 14.95 VND with a trading volume of 15,000 shares."
2026-01-23 13:00:00,14.9,14.95,14.7,14.7,85000,AGG,"At 2026-01-23 13:00:00, the stock AGG opened at 14.90 VND, reached a high of 14.95 VND, a low of 14.70 VND, and closed the hour at 14.70 VND with a trading volume of 85,000 shares."
2026-01-23 14:00:00,14.7,14.9,14.7,14.7,57500,AGG,"At 2026-01-23 14:00:00, the stock AGG opened at 14.70 VND, reached a high of 14.90 VND, a low of 14.70 VND, and closed the hour at 14.70 VND with a trading volume of 57,500 shares."
2026-01-26 09:00:00,14.6,14.7,14.55,14.55,24900,AGG,"At 2026-01-26 09:00:00, the stock AGG opened at 14.60 VND, reached a high of 14.70 VND, a low of 14.55 VND, and closed the hour at 14.55 VND with a trading volume of 24,900 shares."
2026-01-26 10:00:00,14.6,14.65,14.5,14.5,26200,AGG,"At 2026-01-26 10:00:00, the stock AGG opened at 14.60 VND, reached a high of 14.65 VND, a low of 14.50 VND, and closed the hour at 14.50 VND with a trading volume of 26,200 shares."
2026-01-26 11:00:00,14.5,14.65,14.5,14.65,3700,AGG,"At 2026-01-26 11:00:00, the stock AGG opened at 14.50 VND, reached a high of 14.65 VND, a low of 14.50 VND, and closed the hour at 14.65 VND with a trading volume of 3,700 shares."
2026-01-26 13:00:00,14.55,14.6,14.2,14.4,228000,AGG,"At 2026-01-26 13:00:00, the stock AGG opened at 14.55 VND, reached a high of 14.60 VND, a low of 14.20 VND, and closed the hour at 14.40 VND with a trading volume of 228,000 shares."
2026-01-26 14:00:00,14.45,14.9,14.3,14.65,187800,AGG,"At 2026-01-26 14:00:00, the stock AGG opened at 14.45 VND, reached a high of 14.90 VND, a low of 14.30 VND, and closed the hour at 14.65 VND with a trading volume of 187,800 shares."
2026-01-27 09:00:00,14.45,14.5,14.3,14.3,72000,AGG,"At 2026-01-27 09:00:00, the stock AGG opened at 14.45 VND, reached a high of 14.50 VND, a low of 14.30 VND, and closed the hour at 14.30 VND with a trading volume of 72,000 shares."
2026-01-27 10:00:00,14.3,14.5,14.3,14.5,24200,AGG,"At 2026-01-27 10:00:00, the stock AGG opened at 14.30 VND, reached a high of 14.50 VND, a low of 14.30 VND, and closed the hour at 14.50 VND with a trading volume of 24,200 shares."
2026-01-27 11:00:00,14.5,14.5,14.5,14.5,4800,AGG,"At 2026-01-27 11:00:00, the stock AGG opened at 14.50 VND, reached a high of 14.50 VND, a low of 14.50 VND, and closed the hour at 14.50 VND with a trading volume of 4,800 shares."
2026-01-27 13:00:00,14.5,14.5,14.45,14.45,32000,AGG,"At 2026-01-27 13:00:00, the stock AGG opened at 14.50 VND, reached a high of 14.50 VND, a low of 14.45 VND, and closed the hour at 14.45 VND with a trading volume of 32,000 shares."
2026-01-27 14:00:00,14.45,14.5,14.3,14.5,106700,AGG,"At 2026-01-27 14:00:00, the stock AGG opened at 14.45 VND, reached a high of 14.50 VND, a low of 14.30 VND, and closed the hour at 14.50 VND with a trading volume of 106,700 shares."
2026-01-28 09:00:00,14.55,14.75,14.5,14.75,100600,AGG,"At 2026-01-28 09:00:00, the stock AGG opened at 14.55 VND, reached a high of 14.75 VND, a low of 14.50 VND, and closed the hour at 14.75 VND with a trading volume of 100,600 shares."
2026-01-28 10:00:00,14.75,14.75,14.6,14.7,96300,AGG,"At 2026-01-28 10:00:00, the stock AGG opened at 14.75 VND, reached a high of 14.75 VND, a low of 14.60 VND, and closed the hour at 14.70 VND with a trading volume of 96,300 shares."
2026-01-28 11:00:00,14.7,14.75,14.65,14.7,38300,AGG,"At 2026-01-28 11:00:00, the stock AGG opened at 14.70 VND, reached a high of 14.75 VND, a low of 14.65 VND, and closed the hour at 14.70 VND with a trading volume of 38,300 shares."
2026-01-28 13:00:00,14.7,14.9,14.65,14.75,105400,AGG,"At 2026-01-28 13:00:00, the stock AGG opened at 14.70 VND, reached a high of 14.90 VND, a low of 14.65 VND, and closed the hour at 14.75 VND with a trading volume of 105,400 shares."
2026-01-28 14:00:00,14.7,14.75,14.65,14.75,45100,AGG,"At 2026-01-28 14:00:00, the stock AGG opened at 14.70 VND, reached a high of 14.75 VND, a low of 14.65 VND, and closed the hour at 14.75 VND with a trading volume of 45,100 shares."
2026-01-29 09:00:00,15.1,15.2,14.95,14.95,150000,AGG,"At 2026-01-29 09:00:00, the stock AGG opened at 15.10 VND, reached a high of 15.20 VND, a low of 14.95 VND, and closed the hour at 14.95 VND with a trading volume of 150,000 shares."
2026-01-29 10:00:00,14.95,15.0,14.9,14.95,31100,AGG,"At 2026-01-29 10:00:00, the stock AGG opened at 14.95 VND, reached a high of 15.00 VND, a low of 14.90 VND, and closed the hour at 14.95 VND with a trading volume of 31,100 shares."
2026-01-29 11:00:00,14.9,14.9,14.9,14.9,12900,AGG,"At 2026-01-29 11:00:00, the stock AGG opened at 14.90 VND, reached a high of 14.90 VND, a low of 14.90 VND, and closed the hour at 14.90 VND with a trading volume of 12,900 shares."
2026-01-29 13:00:00,14.9,15.0,14.8,14.95,66700,AGG,"At 2026-01-29 13:00:00, the stock AGG opened at 14.90 VND, reached a high of 15.00 VND, a low of 14.80 VND, and closed the hour at 14.95 VND with a trading volume of 66,700 shares."
2026-01-29 14:00:00,14.9,14.9,14.85,14.9,66000,AGG,"At 2026-01-29 14:00:00, the stock AGG opened at 14.90 VND, reached a high of 14.90 VND, a low of 14.85 VND, and closed the hour at 14.90 VND with a trading volume of 66,000 shares."
2026-01-30 09:00:00,15.0,15.0,14.8,14.95,57500,AGG,"At 2026-01-30 09:00:00, the stock AGG opened at 15.00 VND, reached a high of 15.00 VND, a low of 14.80 VND, and closed the hour at 14.95 VND with a trading volume of 57,500 shares."
2026-01-30 10:00:00,14.95,15.05,14.9,15.0,55700,AGG,"At 2026-01-30 10:00:00, the stock AGG opened at 14.95 VND, reached a high of 15.05 VND, a low of 14.90 VND, and closed the hour at 15.00 VND with a trading volume of 55,700 shares."
2026-01-30 11:00:00,14.95,14.95,14.9,14.9,12400,AGG,"At 2026-01-30 11:00:00, the stock AGG opened at 14.95 VND, reached a high of 14.95 VND, a low of 14.90 VND, and closed the hour at 14.90 VND with a trading volume of 12,400 shares."
2026-01-30 13:00:00,14.95,15.05,14.85,15.05,125300,AGG,"At 2026-01-30 13:00:00, the stock AGG opened at 14.95 VND, reached a high of 15.05 VND, a low of 14.85 VND, and closed the hour at 15.05 VND with a trading volume of 125,300 shares."
2026-01-30 14:00:00,15.05,15.05,14.85,14.85,99600,AGG,"At 2026-01-30 14:00:00, the stock AGG opened at 15.05 VND, reached a high of 15.05 VND, a low of 14.85 VND, and closed the hour at 14.85 VND with a trading volume of 99,600 shares."
2026-02-02 09:00:00,14.85,14.85,14.65,14.75,40700,AGG,"At 2026-02-02 09:00:00, the stock AGG opened at 14.85 VND, reached a high of 14.85 VND, a low of 14.65 VND, and closed the hour at 14.75 VND with a trading volume of 40,700 shares."
2026-02-02 10:00:00,14.75,14.75,14.6,14.65,60700,AGG,"At 2026-02-02 10:00:00, the stock AGG opened at 14.75 VND, reached a high of 14.75 VND, a low of 14.60 VND, and closed the hour at 14.65 VND with a trading volume of 60,700 shares."
2026-02-02 11:00:00,14.65,14.65,14.4,14.45,86300,AGG,"At 2026-02-02 11:00:00, the stock AGG opened at 14.65 VND, reached a high of 14.65 VND, a low of 14.40 VND, and closed the hour at 14.45 VND with a trading volume of 86,300 shares."
2026-02-02 13:00:00,14.4,14.55,14.35,14.5,55300,AGG,"At 2026-02-02 13:00:00, the stock AGG opened at 14.40 VND, reached a high of 14.55 VND, a low of 14.35 VND, and closed the hour at 14.50 VND with a trading volume of 55,300 shares."
2026-02-02 14:00:00,14.5,14.6,14.45,14.5,70200,AGG,"At 2026-02-02 14:00:00, the stock AGG opened at 14.50 VND, reached a high of 14.60 VND, a low of 14.45 VND, and closed the hour at 14.50 VND with a trading volume of 70,200 shares."
2026-02-03 09:00:00,14.35,14.8,14.35,14.45,110600,AGG,"At 2026-02-03 09:00:00, the stock AGG opened at 14.35 VND, reached a high of 14.80 VND, a low of 14.35 VND, and closed the hour at 14.45 VND with a trading volume of 110,600 shares."
2026-02-03 10:00:00,14.5,14.65,14.45,14.55,160400,AGG,"At 2026-02-03 10:00:00, the stock AGG opened at 14.50 VND, reached a high of 14.65 VND, a low of 14.45 VND, and closed the hour at 14.55 VND with a trading volume of 160,400 shares."
2026-02-03 11:00:00,14.5,14.65,14.5,14.6,29100,AGG,"At 2026-02-03 11:00:00, the stock AGG opened at 14.50 VND, reached a high of 14.65 VND, a low of 14.50 VND, and closed the hour at 14.60 VND with a trading volume of 29,100 shares."
2026-02-03 13:00:00,14.6,14.7,14.5,14.5,112800,AGG,"At 2026-02-03 13:00:00, the stock AGG opened at 14.60 VND, reached a high of 14.70 VND, a low of 14.50 VND, and closed the hour at 14.50 VND with a trading volume of 112,800 shares."
2026-02-03 14:00:00,14.5,14.6,14.5,14.5,120600,AGG,"At 2026-02-03 14:00:00, the stock AGG opened at 14.50 VND, reached a high of 14.60 VND, a low of 14.50 VND, and closed the hour at 14.50 VND with a trading volume of 120,600 shares."
2026-02-04 09:00:00,14.6,14.6,14.5,14.6,92800,AGG,"At 2026-02-04 09:00:00, the stock AGG opened at 14.60 VND, reached a high of 14.60 VND, a low of 14.50 VND, and closed the hour at 14.60 VND with a trading volume of 92,800 shares."
2026-02-04 10:00:00,14.6,14.6,14.45,14.5,151000,AGG,"At 2026-02-04 10:00:00, the stock AGG opened at 14.60 VND, reached a high of 14.60 VND, a low of 14.45 VND, and closed the hour at 14.50 VND with a trading volume of 151,000 shares."
2026-02-04 11:00:00,14.5,14.55,14.45,14.5,22100,AGG,"At 2026-02-04 11:00:00, the stock AGG opened at 14.50 VND, reached a high of 14.55 VND, a low of 14.45 VND, and closed the hour at 14.50 VND with a trading volume of 22,100 shares."
2026-02-04 13:00:00,14.6,14.8,14.55,14.55,184200,AGG,"At 2026-02-04 13:00:00, the stock AGG opened at 14.60 VND, reached a high of 14.80 VND, a low of 14.55 VND, and closed the hour at 14.55 VND with a trading volume of 184,200 shares."
2026-02-04 14:00:00,14.55,14.6,14.55,14.6,38500,AGG,"At 2026-02-04 14:00:00, the stock AGG opened at 14.55 VND, reached a high of 14.60 VND, a low of 14.55 VND, and closed the hour at 14.60 VND with a trading volume of 38,500 shares."
2026-02-05 09:00:00,14.6,14.75,14.6,14.75,72300,AGG,"At 2026-02-05 09:00:00, the stock AGG opened at 14.60 VND, reached a high of 14.75 VND, a low of 14.60 VND, and closed the hour at 14.75 VND with a trading volume of 72,300 shares."
2026-02-05 10:00:00,14.75,14.75,14.7,14.7,61200,AGG,"At 2026-02-05 10:00:00, the stock AGG opened at 14.75 VND, reached a high of 14.75 VND, a low of 14.70 VND, and closed the hour at 14.70 VND with a trading volume of 61,200 shares."
2026-02-05 11:00:00,14.65,14.65,14.6,14.6,29400,AGG,"At 2026-02-05 11:00:00, the stock AGG opened at 14.65 VND, reached a high of 14.65 VND, a low of 14.60 VND, and closed the hour at 14.60 VND with a trading volume of 29,400 shares."
2026-02-05 13:00:00,14.6,14.7,14.55,14.55,62400,AGG,"At 2026-02-05 13:00:00, the stock AGG opened at 14.60 VND, reached a high of 14.70 VND, a low of 14.55 VND, and closed the hour at 14.55 VND with a trading volume of 62,400 shares."
2026-02-05 14:00:00,14.6,14.6,14.55,14.55,20700,AGG,"At 2026-02-05 14:00:00, the stock AGG opened at 14.60 VND, reached a high of 14.60 VND, a low of 14.55 VND, and closed the hour at 14.55 VND with a trading volume of 20,700 shares."
2026-02-06 09:00:00,14.5,14.65,14.5,14.5,114300,AGG,"At 2026-02-06 09:00:00, the stock AGG opened at 14.50 VND, reached a high of 14.65 VND, a low of 14.50 VND, and closed the hour at 14.50 VND with a trading volume of 114,300 shares."
2026-02-06 10:00:00,14.5,14.5,14.3,14.4,192300,AGG,"At 2026-02-06 10:00:00, the stock AGG opened at 14.50 VND, reached a high of 14.50 VND, a low of 14.30 VND, and closed the hour at 14.40 VND with a trading volume of 192,300 shares."
2026-02-06 11:00:00,14.4,14.4,14.4,14.4,11900,AGG,"At 2026-02-06 11:00:00, the stock AGG opened at 14.40 VND, reached a high of 14.40 VND, a low of 14.40 VND, and closed the hour at 14.40 VND with a trading volume of 11,900 shares."
2026-02-06 13:00:00,14.4,14.45,14.35,14.35,43900,AGG,"At 2026-02-06 13:00:00, the stock AGG opened at 14.40 VND, reached a high of 14.45 VND, a low of 14.35 VND, and closed the hour at 14.35 VND with a trading volume of 43,900 shares."
2026-02-06 14:00:00,14.35,14.4,14.35,14.35,84000,AGG,"At 2026-02-06 14:00:00, the stock AGG opened at 14.35 VND, reached a high of 14.40 VND, a low of 14.35 VND, and closed the hour at 14.35 VND with a trading volume of 84,000 shares."
2026-02-09 09:00:00,14.4,14.45,14.25,14.25,76600,AGG,"At 2026-02-09 09:00:00, the stock AGG opened at 14.40 VND, reached a high of 14.45 VND, a low of 14.25 VND, and closed the hour at 14.25 VND with a trading volume of 76,600 shares."
2026-02-09 10:00:00,14.3,14.35,14.25,14.35,25800,AGG,"At 2026-02-09 10:00:00, the stock AGG opened at 14.30 VND, reached a high of 14.35 VND, a low of 14.25 VND, and closed the hour at 14.35 VND with a trading volume of 25,800 shares."
2026-02-09 11:00:00,14.3,14.35,14.3,14.3,8300,AGG,"At 2026-02-09 11:00:00, the stock AGG opened at 14.30 VND, reached a high of 14.35 VND, a low of 14.30 VND, and closed the hour at 14.30 VND with a trading volume of 8,300 shares."
2026-02-09 13:00:00,14.35,14.5,14.25,14.4,106900,AGG,"At 2026-02-09 13:00:00, the stock AGG opened at 14.35 VND, reached a high of 14.50 VND, a low of 14.25 VND, and closed the hour at 14.40 VND with a trading volume of 106,900 shares."
2026-02-09 14:00:00,14.4,14.45,14.35,14.45,16300,AGG,"At 2026-02-09 14:00:00, the stock AGG opened at 14.40 VND, reached a high of 14.45 VND, a low of 14.35 VND, and closed the hour at 14.45 VND with a trading volume of 16,300 shares."
2026-02-10 09:00:00,14.4,14.6,14.4,14.6,14000,AGG,"At 2026-02-10 09:00:00, the stock AGG opened at 14.40 VND, reached a high of 14.60 VND, a low of 14.40 VND, and closed the hour at 14.60 VND with a trading volume of 14,000 shares."
2026-02-10 10:00:00,14.55,14.55,14.45,14.5,66400,AGG,"At 2026-02-10 10:00:00, the stock AGG opened at 14.55 VND, reached a high of 14.55 VND, a low of 14.45 VND, and closed the hour at 14.50 VND with a trading volume of 66,400 shares."
2026-02-10 11:00:00,14.5,14.5,14.5,14.5,11300,AGG,"At 2026-02-10 11:00:00, the stock AGG opened at 14.50 VND, reached a high of 14.50 VND, a low of 14.50 VND, and closed the hour at 14.50 VND with a trading volume of 11,300 shares."
2026-02-10 13:00:00,14.5,14.5,14.4,14.45,54000,AGG,"At 2026-02-10 13:00:00, the stock AGG opened at 14.50 VND, reached a high of 14.50 VND, a low of 14.40 VND, and closed the hour at 14.45 VND with a trading volume of 54,000 shares."
2026-02-10 14:00:00,14.45,14.5,14.4,14.4,57800,AGG,"At 2026-02-10 14:00:00, the stock AGG opened at 14.45 VND, reached a high of 14.50 VND, a low of 14.40 VND, and closed the hour at 14.40 VND with a trading volume of 57,800 shares."
2026-02-11 09:00:00,14.45,14.5,14.45,14.45,34600,AGG,"At 2026-02-11 09:00:00, the stock AGG opened at 14.45 VND, reached a high of 14.50 VND, a low of 14.45 VND, and closed the hour at 14.45 VND with a trading volume of 34,600 shares."
2026-02-11 10:00:00,14.45,14.65,14.45,14.65,68600,AGG,"At 2026-02-11 10:00:00, the stock AGG opened at 14.45 VND, reached a high of 14.65 VND, a low of 14.45 VND, and closed the hour at 14.65 VND with a trading volume of 68,600 shares."
2026-02-11 11:00:00,14.6,14.6,14.55,14.55,24800,AGG,"At 2026-02-11 11:00:00, the stock AGG opened at 14.60 VND, reached a high of 14.60 VND, a low of 14.55 VND, and closed the hour at 14.55 VND with a trading volume of 24,800 shares."
2026-02-11 13:00:00,14.55,14.8,14.55,14.8,121800,AGG,"At 2026-02-11 13:00:00, the stock AGG opened at 14.55 VND, reached a high of 14.80 VND, a low of 14.55 VND, and closed the hour at 14.80 VND with a trading volume of 121,800 shares."
2026-02-11 14:00:00,14.75,14.85,14.7,14.85,105400,AGG,"At 2026-02-11 14:00:00, the stock AGG opened at 14.75 VND, reached a high of 14.85 VND, a low of 14.70 VND, and closed the hour at 14.85 VND with a trading volume of 105,400 shares."
2026-02-12 09:00:00,14.85,14.85,14.8,14.8,4700,AGG,"At 2026-02-12 09:00:00, the stock AGG opened at 14.85 VND, reached a high of 14.85 VND, a low of 14.80 VND, and closed the hour at 14.80 VND with a trading volume of 4,700 shares."
2026-02-12 10:00:00,14.75,14.85,14.7,14.8,19300,AGG,"At 2026-02-12 10:00:00, the stock AGG opened at 14.75 VND, reached a high of 14.85 VND, a low of 14.70 VND, and closed the hour at 14.80 VND with a trading volume of 19,300 shares."
2026-02-12 11:00:00,14.8,14.8,14.8,14.8,2400,AGG,"At 2026-02-12 11:00:00, the stock AGG opened at 14.80 VND, reached a high of 14.80 VND, a low of 14.80 VND, and closed the hour at 14.80 VND with a trading volume of 2,400 shares."
2026-02-12 13:00:00,14.8,14.8,14.7,14.75,5300,AGG,"At 2026-02-12 13:00:00, the stock AGG opened at 14.80 VND, reached a high of 14.80 VND, a low of 14.70 VND, and closed the hour at 14.75 VND with a trading volume of 5,300 shares."
2026-02-12 14:00:00,14.75,14.75,14.65,14.7,39900,AGG,"At 2026-02-12 14:00:00, the stock AGG opened at 14.75 VND, reached a high of 14.75 VND, a low of 14.65 VND, and closed the hour at 14.70 VND with a trading volume of 39,900 shares."
2026-02-13 09:00:00,14.65,14.65,14.5,14.6,24500,AGG,"At 2026-02-13 09:00:00, the stock AGG opened at 14.65 VND, reached a high of 14.65 VND, a low of 14.50 VND, and closed the hour at 14.60 VND with a trading volume of 24,500 shares."
2026-02-13 10:00:00,14.6,14.65,14.45,14.5,81300,AGG,"At 2026-02-13 10:00:00, the stock AGG opened at 14.60 VND, reached a high of 14.65 VND, a low of 14.45 VND, and closed the hour at 14.50 VND with a trading volume of 81,300 shares."
2026-02-13 11:00:00,14.55,14.55,14.55,14.55,900,AGG,"At 2026-02-13 11:00:00, the stock AGG opened at 14.55 VND, reached a high of 14.55 VND, a low of 14.55 VND, and closed the hour at 14.55 VND with a trading volume of 900 shares."
2026-02-13 13:00:00,14.55,14.6,14.5,14.55,69100,AGG,"At 2026-02-13 13:00:00, the stock AGG opened at 14.55 VND, reached a high of 14.60 VND, a low of 14.50 VND, and closed the hour at 14.55 VND with a trading volume of 69,100 shares."
2026-02-13 14:00:00,14.55,14.6,14.4,14.45,158500,AGG,"At 2026-02-13 14:00:00, the stock AGG opened at 14.55 VND, reached a high of 14.60 VND, a low of 14.40 VND, and closed the hour at 14.45 VND with a trading volume of 158,500 shares."
2026-02-23 09:00:00,14.5,14.6,14.45,14.6,48700,AGG,"At 2026-02-23 09:00:00, the stock AGG opened at 14.50 VND, reached a high of 14.60 VND, a low of 14.45 VND, and closed the hour at 14.60 VND with a trading volume of 48,700 shares."
2026-02-23 10:00:00,14.5,14.6,14.5,14.55,8000,AGG,"At 2026-02-23 10:00:00, the stock AGG opened at 14.50 VND, reached a high of 14.60 VND, a low of 14.50 VND, and closed the hour at 14.55 VND with a trading volume of 8,000 shares."
2026-02-23 11:00:00,14.55,14.6,14.55,14.55,9300,AGG,"At 2026-02-23 11:00:00, the stock AGG opened at 14.55 VND, reached a high of 14.60 VND, a low of 14.55 VND, and closed the hour at 14.55 VND with a trading volume of 9,300 shares."
2026-02-23 13:00:00,14.55,14.6,14.5,14.55,37200,AGG,"At 2026-02-23 13:00:00, the stock AGG opened at 14.55 VND, reached a high of 14.60 VND, a low of 14.50 VND, and closed the hour at 14.55 VND with a trading volume of 37,200 shares."
2026-02-23 14:00:00,14.55,14.6,14.5,14.6,58600,AGG,"At 2026-02-23 14:00:00, the stock AGG opened at 14.55 VND, reached a high of 14.60 VND, a low of 14.50 VND, and closed the hour at 14.60 VND with a trading volume of 58,600 shares."
2026-02-24 09:00:00,14.5,14.7,14.5,14.65,18400,AGG,"At 2026-02-24 09:00:00, the stock AGG opened at 14.50 VND, reached a high of 14.70 VND, a low of 14.50 VND, and closed the hour at 14.65 VND with a trading volume of 18,400 shares."
2026-02-24 10:00:00,14.65,14.65,14.55,14.6,48400,AGG,"At 2026-02-24 10:00:00, the stock AGG opened at 14.65 VND, reached a high of 14.65 VND, a low of 14.55 VND, and closed the hour at 14.60 VND with a trading volume of 48,400 shares."
2026-02-24 11:00:00,14.6,14.6,14.55,14.6,25100,AGG,"At 2026-02-24 11:00:00, the stock AGG opened at 14.60 VND, reached a high of 14.60 VND, a low of 14.55 VND, and closed the hour at 14.60 VND with a trading volume of 25,100 shares."
2026-02-24 13:00:00,14.6,14.6,14.55,14.55,72500,AGG,"At 2026-02-24 13:00:00, the stock AGG opened at 14.60 VND, reached a high of 14.60 VND, a low of 14.55 VND, and closed the hour at 14.55 VND with a trading volume of 72,500 shares."
2026-02-24 14:00:00,14.55,14.6,14.55,14.6,18500,AGG,"At 2026-02-24 14:00:00, the stock AGG opened at 14.55 VND, reached a high of 14.60 VND, a low of 14.55 VND, and closed the hour at 14.60 VND with a trading volume of 18,500 shares."
2026-02-25 09:00:00,14.65,14.7,14.55,14.6,62700,AGG,"At 2026-02-25 09:00:00, the stock AGG opened at 14.65 VND, reached a high of 14.70 VND, a low of 14.55 VND, and closed the hour at 14.60 VND with a trading volume of 62,700 shares."
2026-02-25 10:00:00,14.6,14.6,14.5,14.55,97600,AGG,"At 2026-02-25 10:00:00, the stock AGG opened at 14.60 VND, reached a high of 14.60 VND, a low of 14.50 VND, and closed the hour at 14.55 VND with a trading volume of 97,600 shares."
2026-02-25 11:00:00,14.6,14.6,14.6,14.6,10300,AGG,"At 2026-02-25 11:00:00, the stock AGG opened at 14.60 VND, reached a high of 14.60 VND, a low of 14.60 VND, and closed the hour at 14.60 VND with a trading volume of 10,300 shares."
2026-02-25 13:00:00,14.6,14.6,14.55,14.55,53400,AGG,"At 2026-02-25 13:00:00, the stock AGG opened at 14.60 VND, reached a high of 14.60 VND, a low of 14.55 VND, and closed the hour at 14.55 VND with a trading volume of 53,400 shares."
2026-02-25 14:00:00,14.55,14.65,14.55,14.65,28400,AGG,"At 2026-02-25 14:00:00, the stock AGG opened at 14.55 VND, reached a high of 14.65 VND, a low of 14.55 VND, and closed the hour at 14.65 VND with a trading volume of 28,400 shares."
2026-02-26 09:00:00,14.7,14.7,14.55,14.65,27100,AGG,"At 2026-02-26 09:00:00, the stock AGG opened at 14.70 VND, reached a high of 14.70 VND, a low of 14.55 VND, and closed the hour at 14.65 VND with a trading volume of 27,100 shares."
2026-02-26 10:00:00,14.65,14.65,14.55,14.6,32000,AGG,"At 2026-02-26 10:00:00, the stock AGG opened at 14.65 VND, reached a high of 14.65 VND, a low of 14.55 VND, and closed the hour at 14.60 VND with a trading volume of 32,000 shares."
2026-02-26 11:00:00,14.6,14.6,14.55,14.6,20700,AGG,"At 2026-02-26 11:00:00, the stock AGG opened at 14.60 VND, reached a high of 14.60 VND, a low of 14.55 VND, and closed the hour at 14.60 VND with a trading volume of 20,700 shares."
2026-02-26 13:00:00,14.55,14.65,14.5,14.55,45300,AGG,"At 2026-02-26 13:00:00, the stock AGG opened at 14.55 VND, reached a high of 14.65 VND, a low of 14.50 VND, and closed the hour at 14.55 VND with a trading volume of 45,300 shares."
2026-02-26 14:00:00,14.55,14.65,14.5,14.5,20700,AGG,"At 2026-02-26 14:00:00, the stock AGG opened at 14.55 VND, reached a high of 14.65 VND, a low of 14.50 VND, and closed the hour at 14.50 VND with a trading volume of 20,700 shares."
2026-02-27 09:00:00,14.5,14.55,14.3,14.4,105200,AGG,"At 2026-02-27 09:00:00, the stock AGG opened at 14.50 VND, reached a high of 14.55 VND, a low of 14.30 VND, and closed the hour at 14.40 VND with a trading volume of 105,200 shares."
2026-02-27 10:00:00,14.45,14.5,14.35,14.35,77100,AGG,"At 2026-02-27 10:00:00, the stock AGG opened at 14.45 VND, reached a high of 14.50 VND, a low of 14.35 VND, and closed the hour at 14.35 VND with a trading volume of 77,100 shares."
2026-02-27 11:00:00,14.35,14.4,14.35,14.4,17700,AGG,"At 2026-02-27 11:00:00, the stock AGG opened at 14.35 VND, reached a high of 14.40 VND, a low of 14.35 VND, and closed the hour at 14.40 VND with a trading volume of 17,700 shares."
2026-02-27 13:00:00,14.4,14.4,14.35,14.4,80800,AGG,"At 2026-02-27 13:00:00, the stock AGG opened at 14.40 VND, reached a high of 14.40 VND, a low of 14.35 VND, and closed the hour at 14.40 VND with a trading volume of 80,800 shares."
2026-02-27 14:00:00,14.4,14.45,14.35,14.4,91900,AGG,"At 2026-02-27 14:00:00, the stock AGG opened at 14.40 VND, reached a high of 14.45 VND, a low of 14.35 VND, and closed the hour at 14.40 VND with a trading volume of 91,900 shares."
2026-03-02 09:00:00,14.0,14.15,14.0,14.15,310900,AGG,"At 2026-03-02 09:00:00, the stock AGG opened at 14.00 VND, reached a high of 14.15 VND, a low of 14.00 VND, and closed the hour at 14.15 VND with a trading volume of 310,900 shares."
2026-03-02 10:00:00,14.15,14.2,14.05,14.1,71100,AGG,"At 2026-03-02 10:00:00, the stock AGG opened at 14.15 VND, reached a high of 14.20 VND, a low of 14.05 VND, and closed the hour at 14.10 VND with a trading volume of 71,100 shares."
2026-03-02 11:00:00,14.1,14.15,14.1,14.15,51800,AGG,"At 2026-03-02 11:00:00, the stock AGG opened at 14.10 VND, reached a high of 14.15 VND, a low of 14.10 VND, and closed the hour at 14.15 VND with a trading volume of 51,800 shares."
2026-03-02 13:00:00,14.15,14.15,14.05,14.1,106500,AGG,"At 2026-03-02 13:00:00, the stock AGG opened at 14.15 VND, reached a high of 14.15 VND, a low of 14.05 VND, and closed the hour at 14.10 VND with a trading volume of 106,500 shares."
2026-03-02 14:00:00,14.1,14.1,14.05,14.05,68100,AGG,"At 2026-03-02 14:00:00, the stock AGG opened at 14.10 VND, reached a high of 14.10 VND, a low of 14.05 VND, and closed the hour at 14.05 VND with a trading volume of 68,100 shares."
2026-03-03 09:00:00,14.0,14.1,13.95,14.0,370700,AGG,"At 2026-03-03 09:00:00, the stock AGG opened at 14.00 VND, reached a high of 14.10 VND, a low of 13.95 VND, and closed the hour at 14.00 VND with a trading volume of 370,700 shares."
2026-03-03 10:00:00,14.05,14.15,13.9,14.05,303000,AGG,"At 2026-03-03 10:00:00, the stock AGG opened at 14.05 VND, reached a high of 14.15 VND, a low of 13.90 VND, and closed the hour at 14.05 VND with a trading volume of 303,000 shares."
2026-03-03 11:00:00,14.05,14.15,14.05,14.1,51300,AGG,"At 2026-03-03 11:00:00, the stock AGG opened at 14.05 VND, reached a high of 14.15 VND, a low of 14.05 VND, and closed the hour at 14.10 VND with a trading volume of 51,300 shares."
2026-03-03 13:00:00,14.1,14.15,13.9,13.9,246300,AGG,"At 2026-03-03 13:00:00, the stock AGG opened at 14.10 VND, reached a high of 14.15 VND, a low of 13.90 VND, and closed the hour at 13.90 VND with a trading volume of 246,300 shares."
2026-03-03 14:00:00,13.9,14.05,13.8,13.9,161600,AGG,"At 2026-03-03 14:00:00, the stock AGG opened at 13.90 VND, reached a high of 14.05 VND, a low of 13.80 VND, and closed the hour at 13.90 VND with a trading volume of 161,600 shares."
2026-03-04 09:00:00,13.85,13.9,13.8,13.8,107700,AGG,"At 2026-03-04 09:00:00, the stock AGG opened at 13.85 VND, reached a high of 13.90 VND, a low of 13.80 VND, and closed the hour at 13.80 VND with a trading volume of 107,700 shares."
2026-03-04 10:00:00,13.85,13.9,13.55,13.55,253100,AGG,"At 2026-03-04 10:00:00, the stock AGG opened at 13.85 VND, reached a high of 13.90 VND, a low of 13.55 VND, and closed the hour at 13.55 VND with a trading volume of 253,100 shares."
2026-03-04 11:00:00,13.55,13.6,13.5,13.6,82000,AGG,"At 2026-03-04 11:00:00, the stock AGG opened at 13.55 VND, reached a high of 13.60 VND, a low of 13.50 VND, and closed the hour at 13.60 VND with a trading volume of 82,000 shares."
2026-03-04 13:00:00,13.6,13.6,13.3,13.5,204500,AGG,"At 2026-03-04 13:00:00, the stock AGG opened at 13.60 VND, reached a high of 13.60 VND, a low of 13.30 VND, and closed the hour at 13.50 VND with a trading volume of 204,500 shares."
2026-03-04 14:00:00,13.5,13.9,13.4,13.9,109900,AGG,"At 2026-03-04 14:00:00, the stock AGG opened at 13.50 VND, reached a high of 13.90 VND, a low of 13.40 VND, and closed the hour at 13.90 VND with a trading volume of 109,900 shares."
2026-03-05 09:00:00,13.9,13.95,13.9,13.9,50500,AGG,"At 2026-03-05 09:00:00, the stock AGG opened at 13.90 VND, reached a high of 13.95 VND, a low of 13.90 VND, and closed the hour at 13.90 VND with a trading volume of 50,500 shares."
2026-03-05 10:00:00,13.9,14.1,13.85,14.0,38800,AGG,"At 2026-03-05 10:00:00, the stock AGG opened at 13.90 VND, reached a high of 14.10 VND, a low of 13.85 VND, and closed the hour at 14.00 VND with a trading volume of 38,800 shares."
2026-03-05 11:00:00,14.0,14.0,14.0,14.0,5000,AGG,"At 2026-03-05 11:00:00, the stock AGG opened at 14.00 VND, reached a high of 14.00 VND, a low of 14.00 VND, and closed the hour at 14.00 VND with a trading volume of 5,000 shares."
2026-03-05 13:00:00,13.95,13.95,13.8,13.85,38000,AGG,"At 2026-03-05 13:00:00, the stock AGG opened at 13.95 VND, reached a high of 13.95 VND, a low of 13.80 VND, and closed the hour at 13.85 VND with a trading volume of 38,000 shares."
2026-03-05 14:00:00,13.8,13.8,13.6,13.6,47500,AGG,"At 2026-03-05 14:00:00, the stock AGG opened at 13.80 VND, reached a high of 13.80 VND, a low of 13.60 VND, and closed the hour at 13.60 VND with a trading volume of 47,500 shares."
2026-03-06 09:00:00,13.6,13.6,13.45,13.55,132700,AGG,"At 2026-03-06 09:00:00, the stock AGG opened at 13.60 VND, reached a high of 13.60 VND, a low of 13.45 VND, and closed the hour at 13.55 VND with a trading volume of 132,700 shares."
2026-03-06 10:00:00,13.55,13.7,13.5,13.6,46000,AGG,"At 2026-03-06 10:00:00, the stock AGG opened at 13.55 VND, reached a high of 13.70 VND, a low of 13.50 VND, and closed the hour at 13.60 VND with a trading volume of 46,000 shares."
2026-03-06 11:00:00,13.55,13.6,13.55,13.55,10600,AGG,"At 2026-03-06 11:00:00, the stock AGG opened at 13.55 VND, reached a high of 13.60 VND, a low of 13.55 VND, and closed the hour at 13.55 VND with a trading volume of 10,600 shares."
2026-03-06 13:00:00,13.55,13.55,13.5,13.5,66500,AGG,"At 2026-03-06 13:00:00, the stock AGG opened at 13.55 VND, reached a high of 13.55 VND, a low of 13.50 VND, and closed the hour at 13.50 VND with a trading volume of 66,500 shares."
2026-03-06 14:00:00,13.5,13.6,13.45,13.45,53300,AGG,"At 2026-03-06 14:00:00, the stock AGG opened at 13.50 VND, reached a high of 13.60 VND, a low of 13.45 VND, and closed the hour at 13.45 VND with a trading volume of 53,300 shares."
2026-03-09 09:00:00,12.65,12.9,12.55,12.55,560800,AGG,"At 2026-03-09 09:00:00, the stock AGG opened at 12.65 VND, reached a high of 12.90 VND, a low of 12.55 VND, and closed the hour at 12.55 VND with a trading volume of 560,800 shares."
2026-03-09 10:00:00,12.55,12.6,12.55,12.55,79800,AGG,"At 2026-03-09 10:00:00, the stock AGG opened at 12.55 VND, reached a high of 12.60 VND, a low of 12.55 VND, and closed the hour at 12.55 VND with a trading volume of 79,800 shares."
2026-03-09 11:00:00,12.55,12.55,12.55,12.55,11200,AGG,"At 2026-03-09 11:00:00, the stock AGG opened at 12.55 VND, reached a high of 12.55 VND, a low of 12.55 VND, and closed the hour at 12.55 VND with a trading volume of 11,200 shares."
2026-03-09 13:00:00,12.55,12.55,12.55,12.55,97100,AGG,"At 2026-03-09 13:00:00, the stock AGG opened at 12.55 VND, reached a high of 12.55 VND, a low of 12.55 VND, and closed the hour at 12.55 VND with a trading volume of 97,100 shares."
2026-03-09 14:00:00,12.55,12.55,12.55,12.55,17400,AGG,"At 2026-03-09 14:00:00, the stock AGG opened at 12.55 VND, reached a high of 12.55 VND, a low of 12.55 VND, and closed the hour at 12.55 VND with a trading volume of 17,400 shares."
2026-03-10 09:00:00,13.0,13.0,12.6,12.7,88200,AGG,"At 2026-03-10 09:00:00, the stock AGG opened at 13.00 VND, reached a high of 13.00 VND, a low of 12.60 VND, and closed the hour at 12.70 VND with a trading volume of 88,200 shares."
2026-03-10 10:00:00,12.7,12.8,12.7,12.8,101100,AGG,"At 2026-03-10 10:00:00, the stock AGG opened at 12.70 VND, reached a high of 12.80 VND, a low of 12.70 VND, and closed the hour at 12.80 VND with a trading volume of 101,100 shares."
2026-03-10 11:00:00,12.75,12.75,12.7,12.7,80100,AGG,"At 2026-03-10 11:00:00, the stock AGG opened at 12.75 VND, reached a high of 12.75 VND, a low of 12.70 VND, and closed the hour at 12.70 VND with a trading volume of 80,100 shares."
2026-03-10 13:00:00,12.7,12.75,12.5,12.5,66200,AGG,"At 2026-03-10 13:00:00, the stock AGG opened at 12.70 VND, reached a high of 12.75 VND, a low of 12.50 VND, and closed the hour at 12.50 VND with a trading volume of 66,200 shares."
2026-03-10 14:00:00,12.5,12.65,12.5,12.65,33900,AGG,"At 2026-03-10 14:00:00, the stock AGG opened at 12.50 VND, reached a high of 12.65 VND, a low of 12.50 VND, and closed the hour at 12.65 VND with a trading volume of 33,900 shares."
2026-03-11 09:00:00,12.65,12.8,12.6,12.7,68100,AGG,"At 2026-03-11 09:00:00, the stock AGG opened at 12.65 VND, reached a high of 12.80 VND, a low of 12.60 VND, and closed the hour at 12.70 VND with a trading volume of 68,100 shares."
2026-03-11 10:00:00,12.75,12.9,12.7,12.9,57400,AGG,"At 2026-03-11 10:00:00, the stock AGG opened at 12.75 VND, reached a high of 12.90 VND, a low of 12.70 VND, and closed the hour at 12.90 VND with a trading volume of 57,400 shares."
2026-03-11 11:00:00,12.9,12.9,12.85,12.85,21700,AGG,"At 2026-03-11 11:00:00, the stock AGG opened at 12.90 VND, reached a high of 12.90 VND, a low of 12.85 VND, and closed the hour at 12.85 VND with a trading volume of 21,700 shares."
2026-03-11 13:00:00,12.85,13.1,12.85,13.0,99900,AGG,"At 2026-03-11 13:00:00, the stock AGG opened at 12.85 VND, reached a high of 13.10 VND, a low of 12.85 VND, and closed the hour at 13.00 VND with a trading volume of 99,900 shares."
2026-03-11 14:00:00,13.0,13.05,12.9,12.9,39200,AGG,"At 2026-03-11 14:00:00, the stock AGG opened at 13.00 VND, reached a high of 13.05 VND, a low of 12.90 VND, and closed the hour at 12.90 VND with a trading volume of 39,200 shares."
2026-03-12 09:00:00,12.8,12.8,12.7,12.75,56000,AGG,"At 2026-03-12 09:00:00, the stock AGG opened at 12.80 VND, reached a high of 12.80 VND, a low of 12.70 VND, and closed the hour at 12.75 VND with a trading volume of 56,000 shares."
2026-03-12 10:00:00,12.8,12.8,12.7,12.75,47800,AGG,"At 2026-03-12 10:00:00, the stock AGG opened at 12.80 VND, reached a high of 12.80 VND, a low of 12.70 VND, and closed the hour at 12.75 VND with a trading volume of 47,800 shares."
2026-03-12 11:00:00,12.7,12.75,12.65,12.65,49700,AGG,"At 2026-03-12 11:00:00, the stock AGG opened at 12.70 VND, reached a high of 12.75 VND, a low of 12.65 VND, and closed the hour at 12.65 VND with a trading volume of 49,700 shares."
2026-03-12 13:00:00,12.7,12.85,12.6,12.85,110600,AGG,"At 2026-03-12 13:00:00, the stock AGG opened at 12.70 VND, reached a high of 12.85 VND, a low of 12.60 VND, and closed the hour at 12.85 VND with a trading volume of 110,600 shares."
2026-03-12 14:00:00,12.9,12.95,12.85,12.85,20400,AGG,"At 2026-03-12 14:00:00, the stock AGG opened at 12.90 VND, reached a high of 12.95 VND, a low of 12.85 VND, and closed the hour at 12.85 VND with a trading volume of 20,400 shares."
2026-03-13 09:00:00,12.85,13.15,12.75,13.0,129500,AGG,"At 2026-03-13 09:00:00, the stock AGG opened at 12.85 VND, reached a high of 13.15 VND, a low of 12.75 VND, and closed the hour at 13.00 VND with a trading volume of 129,500 shares."
2026-03-13 10:00:00,13.0,13.1,13.0,13.05,60900,AGG,"At 2026-03-13 10:00:00, the stock AGG opened at 13.00 VND, reached a high of 13.10 VND, a low of 13.00 VND, and closed the hour at 13.05 VND with a trading volume of 60,900 shares."
2026-03-13 11:00:00,13.05,13.1,13.05,13.1,24000,AGG,"At 2026-03-13 11:00:00, the stock AGG opened at 13.05 VND, reached a high of 13.10 VND, a low of 13.05 VND, and closed the hour at 13.10 VND with a trading volume of 24,000 shares."
2026-03-13 13:00:00,13.1,13.1,12.95,13.0,158600,AGG,"At 2026-03-13 13:00:00, the stock AGG opened at 13.10 VND, reached a high of 13.10 VND, a low of 12.95 VND, and closed the hour at 13.00 VND with a trading volume of 158,600 shares."
2026-03-13 14:00:00,13.05,13.2,12.95,13.2,126800,AGG,"At 2026-03-13 14:00:00, the stock AGG opened at 13.05 VND, reached a high of 13.20 VND, a low of 12.95 VND, and closed the hour at 13.20 VND with a trading volume of 126,800 shares."
2026-03-16 09:00:00,13.1,13.2,13.0,13.15,111000,AGG,"At 2026-03-16 09:00:00, the stock AGG opened at 13.10 VND, reached a high of 13.20 VND, a low of 13.00 VND, and closed the hour at 13.15 VND with a trading volume of 111,000 shares."
2026-03-16 10:00:00,13.15,13.2,13.1,13.15,43900,AGG,"At 2026-03-16 10:00:00, the stock AGG opened at 13.15 VND, reached a high of 13.20 VND, a low of 13.10 VND, and closed the hour at 13.15 VND with a trading volume of 43,900 shares."
2026-03-16 11:00:00,13.1,13.15,13.1,13.1,24600,AGG,"At 2026-03-16 11:00:00, the stock AGG opened at 13.10 VND, reached a high of 13.15 VND, a low of 13.10 VND, and closed the hour at 13.10 VND with a trading volume of 24,600 shares."
2026-03-16 13:00:00,13.1,13.25,13.1,13.2,76600,AGG,"At 2026-03-16 13:00:00, the stock AGG opened at 13.10 VND, reached a high of 13.25 VND, a low of 13.10 VND, and closed the hour at 13.20 VND with a trading volume of 76,600 shares."
2026-03-16 14:00:00,13.15,13.3,13.15,13.3,48200,AGG,"At 2026-03-16 14:00:00, the stock AGG opened at 13.15 VND, reached a high of 13.30 VND, a low of 13.15 VND, and closed the hour at 13.30 VND with a trading volume of 48,200 shares."
2026-03-17 09:00:00,13.3,13.3,13.15,13.25,85200,AGG,"At 2026-03-17 09:00:00, the stock AGG opened at 13.30 VND, reached a high of 13.30 VND, a low of 13.15 VND, and closed the hour at 13.25 VND with a trading volume of 85,200 shares."
2026-03-17 10:00:00,13.2,13.3,13.2,13.3,20800,AGG,"At 2026-03-17 10:00:00, the stock AGG opened at 13.20 VND, reached a high of 13.30 VND, a low of 13.20 VND, and closed the hour at 13.30 VND with a trading volume of 20,800 shares."
2026-03-17 11:00:00,13.2,13.2,13.15,13.15,24800,AGG,"At 2026-03-17 11:00:00, the stock AGG opened at 13.20 VND, reached a high of 13.20 VND, a low of 13.15 VND, and closed the hour at 13.15 VND with a trading volume of 24,800 shares."
2026-03-17 13:00:00,13.15,13.15,13.1,13.15,73400,AGG,"At 2026-03-17 13:00:00, the stock AGG opened at 13.15 VND, reached a high of 13.15 VND, a low of 13.10 VND, and closed the hour at 13.15 VND with a trading volume of 73,400 shares."
2026-03-17 14:00:00,13.15,13.15,13.0,13.05,72100,AGG,"At 2026-03-17 14:00:00, the stock AGG opened at 13.15 VND, reached a high of 13.15 VND, a low of 13.00 VND, and closed the hour at 13.05 VND with a trading volume of 72,100 shares."
2026-03-18 09:00:00,13.05,13.05,12.95,13.0,57900,AGG,"At 2026-03-18 09:00:00, the stock AGG opened at 13.05 VND, reached a high of 13.05 VND, a low of 12.95 VND, and closed the hour at 13.00 VND with a trading volume of 57,900 shares."
2026-03-18 10:00:00,12.95,12.95,12.9,12.9,106700,AGG,"At 2026-03-18 10:00:00, the stock AGG opened at 12.95 VND, reached a high of 12.95 VND, a low of 12.90 VND, and closed the hour at 12.90 VND with a trading volume of 106,700 shares."
2026-03-18 11:00:00,12.9,12.9,12.85,12.85,21400,AGG,"At 2026-03-18 11:00:00, the stock AGG opened at 12.90 VND, reached a high of 12.90 VND, a low of 12.85 VND, and closed the hour at 12.85 VND with a trading volume of 21,400 shares."
2026-03-18 13:00:00,12.8,12.9,12.75,12.85,73700,AGG,"At 2026-03-18 13:00:00, the stock AGG opened at 12.80 VND, reached a high of 12.90 VND, a low of 12.75 VND, and closed the hour at 12.85 VND with a trading volume of 73,700 shares."
2026-03-18 14:00:00,12.85,12.9,12.8,12.85,42400,AGG,"At 2026-03-18 14:00:00, the stock AGG opened at 12.85 VND, reached a high of 12.90 VND, a low of 12.80 VND, and closed the hour at 12.85 VND with a trading volume of 42,400 shares."
2026-03-19 09:00:00,12.75,12.85,12.7,12.8,144100,AGG,"At 2026-03-19 09:00:00, the stock AGG opened at 12.75 VND, reached a high of 12.85 VND, a low of 12.70 VND, and closed the hour at 12.80 VND with a trading volume of 144,100 shares."
2026-03-19 10:00:00,12.8,13.05,12.75,13.0,167100,AGG,"At 2026-03-19 10:00:00, the stock AGG opened at 12.80 VND, reached a high of 13.05 VND, a low of 12.75 VND, and closed the hour at 13.00 VND with a trading volume of 167,100 shares."
2026-03-19 11:00:00,13.0,13.0,12.95,13.0,41600,AGG,"At 2026-03-19 11:00:00, the stock AGG opened at 13.00 VND, reached a high of 13.00 VND, a low of 12.95 VND, and closed the hour at 13.00 VND with a trading volume of 41,600 shares."
2026-03-19 13:00:00,13.0,13.0,12.8,12.9,112300,AGG,"At 2026-03-19 13:00:00, the stock AGG opened at 13.00 VND, reached a high of 13.00 VND, a low of 12.80 VND, and closed the hour at 12.90 VND with a trading volume of 112,300 shares."
2026-03-19 14:00:00,12.85,12.95,12.85,12.9,30100,AGG,"At 2026-03-19 14:00:00, the stock AGG opened at 12.85 VND, reached a high of 12.95 VND, a low of 12.85 VND, and closed the hour at 12.90 VND with a trading volume of 30,100 shares."
2026-03-20 09:00:00,12.85,12.85,12.7,12.7,125900,AGG,"At 2026-03-20 09:00:00, the stock AGG opened at 12.85 VND, reached a high of 12.85 VND, a low of 12.70 VND, and closed the hour at 12.70 VND with a trading volume of 125,900 shares."
2026-03-20 10:00:00,12.75,12.85,12.7,12.8,169200,AGG,"At 2026-03-20 10:00:00, the stock AGG opened at 12.75 VND, reached a high of 12.85 VND, a low of 12.70 VND, and closed the hour at 12.80 VND with a trading volume of 169,200 shares."
2026-03-20 11:00:00,12.8,12.8,12.7,12.75,20700,AGG,"At 2026-03-20 11:00:00, the stock AGG opened at 12.80 VND, reached a high of 12.80 VND, a low of 12.70 VND, and closed the hour at 12.75 VND with a trading volume of 20,700 shares."
2026-03-20 13:00:00,12.75,12.8,12.7,12.75,68900,AGG,"At 2026-03-20 13:00:00, the stock AGG opened at 12.75 VND, reached a high of 12.80 VND, a low of 12.70 VND, and closed the hour at 12.75 VND with a trading volume of 68,900 shares."
2026-03-20 14:00:00,12.75,12.75,12.7,12.7,95100,AGG,"At 2026-03-20 14:00:00, the stock AGG opened at 12.75 VND, reached a high of 12.75 VND, a low of 12.70 VND, and closed the hour at 12.70 VND with a trading volume of 95,100 shares."
