time,open,high,low,close,volume,ticker,llm_text
2025-09-04 13:00:00,28.3,28.7,28.2,28.7,4900,BKC,"At 2025-09-04 13:00:00, the stock BKC opened at 28.30 VND, reached a high of 28.70 VND, a low of 28.20 VND, and closed the hour at 28.70 VND with a trading volume of 4,900 shares."
2025-09-04 14:00:00,28.5,28.5,28.3,28.3,1900,BKC,"At 2025-09-04 14:00:00, the stock BKC opened at 28.50 VND, reached a high of 28.50 VND, a low of 28.30 VND, and closed the hour at 28.30 VND with a trading volume of 1,900 shares."
2025-09-05 09:00:00,28.3,28.3,28.3,28.3,1200,BKC,"At 2025-09-05 09:00:00, the stock BKC opened at 28.30 VND, reached a high of 28.30 VND, a low of 28.30 VND, and closed the hour at 28.30 VND with a trading volume of 1,200 shares."
2025-09-05 10:00:00,28.4,29.0,28.4,28.8,7300,BKC,"At 2025-09-05 10:00:00, the stock BKC opened at 28.40 VND, reached a high of 29.00 VND, a low of 28.40 VND, and closed the hour at 28.80 VND with a trading volume of 7,300 shares."
2025-09-05 11:00:00,28.7,28.7,28.6,28.6,2100,BKC,"At 2025-09-05 11:00:00, the stock BKC opened at 28.70 VND, reached a high of 28.70 VND, a low of 28.60 VND, and closed the hour at 28.60 VND with a trading volume of 2,100 shares."
2025-09-05 13:00:00,28.5,28.6,28.2,28.2,5000,BKC,"At 2025-09-05 13:00:00, the stock BKC opened at 28.50 VND, reached a high of 28.60 VND, a low of 28.20 VND, and closed the hour at 28.20 VND with a trading volume of 5,000 shares."
2025-09-05 14:00:00,28.3,28.5,28.2,28.2,8400,BKC,"At 2025-09-05 14:00:00, the stock BKC opened at 28.30 VND, reached a high of 28.50 VND, a low of 28.20 VND, and closed the hour at 28.20 VND with a trading volume of 8,400 shares."
2025-09-08 09:00:00,28.5,28.5,28.0,28.0,5000,BKC,"At 2025-09-08 09:00:00, the stock BKC opened at 28.50 VND, reached a high of 28.50 VND, a low of 28.00 VND, and closed the hour at 28.00 VND with a trading volume of 5,000 shares."
2025-09-08 10:00:00,27.9,27.9,27.5,27.5,4600,BKC,"At 2025-09-08 10:00:00, the stock BKC opened at 27.90 VND, reached a high of 27.90 VND, a low of 27.50 VND, and closed the hour at 27.50 VND with a trading volume of 4,600 shares."
2025-09-08 13:00:00,27.5,27.7,27.2,27.5,4000,BKC,"At 2025-09-08 13:00:00, the stock BKC opened at 27.50 VND, reached a high of 27.70 VND, a low of 27.20 VND, and closed the hour at 27.50 VND with a trading volume of 4,000 shares."
2025-09-08 14:00:00,27.5,27.5,27.0,27.0,8200,BKC,"At 2025-09-08 14:00:00, the stock BKC opened at 27.50 VND, reached a high of 27.50 VND, a low of 27.00 VND, and closed the hour at 27.00 VND with a trading volume of 8,200 shares."
2025-09-09 09:00:00,26.2,28.7,26.2,27.7,1500,BKC,"At 2025-09-09 09:00:00, the stock BKC opened at 26.20 VND, reached a high of 28.70 VND, a low of 26.20 VND, and closed the hour at 27.70 VND with a trading volume of 1,500 shares."
2025-09-09 10:00:00,26.6,26.8,26.6,26.8,700,BKC,"At 2025-09-09 10:00:00, the stock BKC opened at 26.60 VND, reached a high of 26.80 VND, a low of 26.60 VND, and closed the hour at 26.80 VND with a trading volume of 700 shares."
2025-09-09 11:00:00,27.2,27.2,27.2,27.2,1600,BKC,"At 2025-09-09 11:00:00, the stock BKC opened at 27.20 VND, reached a high of 27.20 VND, a low of 27.20 VND, and closed the hour at 27.20 VND with a trading volume of 1,600 shares."
2025-09-09 13:00:00,27.0,27.0,26.9,26.9,4300,BKC,"At 2025-09-09 13:00:00, the stock BKC opened at 27.00 VND, reached a high of 27.00 VND, a low of 26.90 VND, and closed the hour at 26.90 VND with a trading volume of 4,300 shares."
2025-09-09 14:00:00,26.9,26.9,26.9,26.9,1000,BKC,"At 2025-09-09 14:00:00, the stock BKC opened at 26.90 VND, reached a high of 26.90 VND, a low of 26.90 VND, and closed the hour at 26.90 VND with a trading volume of 1,000 shares."
2025-09-10 09:00:00,26.7,27.0,26.7,27.0,1700,BKC,"At 2025-09-10 09:00:00, the stock BKC opened at 26.70 VND, reached a high of 27.00 VND, a low of 26.70 VND, and closed the hour at 27.00 VND with a trading volume of 1,700 shares."
2025-09-10 10:00:00,27.0,27.0,26.6,26.7,5100,BKC,"At 2025-09-10 10:00:00, the stock BKC opened at 27.00 VND, reached a high of 27.00 VND, a low of 26.60 VND, and closed the hour at 26.70 VND with a trading volume of 5,100 shares."
2025-09-10 13:00:00,26.7,26.7,26.7,26.7,1500,BKC,"At 2025-09-10 13:00:00, the stock BKC opened at 26.70 VND, reached a high of 26.70 VND, a low of 26.70 VND, and closed the hour at 26.70 VND with a trading volume of 1,500 shares."
2025-09-10 14:00:00,26.7,27.2,26.6,27.0,7900,BKC,"At 2025-09-10 14:00:00, the stock BKC opened at 26.70 VND, reached a high of 27.20 VND, a low of 26.60 VND, and closed the hour at 27.00 VND with a trading volume of 7,900 shares."
2025-09-11 09:00:00,27.0,27.0,26.8,26.8,2800,BKC,"At 2025-09-11 09:00:00, the stock BKC opened at 27.00 VND, reached a high of 27.00 VND, a low of 26.80 VND, and closed the hour at 26.80 VND with a trading volume of 2,800 shares."
2025-09-11 10:00:00,26.8,26.8,26.6,26.6,900,BKC,"At 2025-09-11 10:00:00, the stock BKC opened at 26.80 VND, reached a high of 26.80 VND, a low of 26.60 VND, and closed the hour at 26.60 VND with a trading volume of 900 shares."
2025-09-11 11:00:00,26.6,26.6,26.6,26.6,400,BKC,"At 2025-09-11 11:00:00, the stock BKC opened at 26.60 VND, reached a high of 26.60 VND, a low of 26.60 VND, and closed the hour at 26.60 VND with a trading volume of 400 shares."
2025-09-11 13:00:00,26.9,26.9,26.7,26.7,700,BKC,"At 2025-09-11 13:00:00, the stock BKC opened at 26.90 VND, reached a high of 26.90 VND, a low of 26.70 VND, and closed the hour at 26.70 VND with a trading volume of 700 shares."
2025-09-11 14:00:00,26.9,27.1,26.7,27.1,1700,BKC,"At 2025-09-11 14:00:00, the stock BKC opened at 26.90 VND, reached a high of 27.10 VND, a low of 26.70 VND, and closed the hour at 27.10 VND with a trading volume of 1,700 shares."
2025-09-12 09:00:00,27.1,27.5,27.0,27.0,1800,BKC,"At 2025-09-12 09:00:00, the stock BKC opened at 27.10 VND, reached a high of 27.50 VND, a low of 27.00 VND, and closed the hour at 27.00 VND with a trading volume of 1,800 shares."
2025-09-12 10:00:00,27.0,27.3,26.9,27.1,5500,BKC,"At 2025-09-12 10:00:00, the stock BKC opened at 27.00 VND, reached a high of 27.30 VND, a low of 26.90 VND, and closed the hour at 27.10 VND with a trading volume of 5,500 shares."
2025-09-12 11:00:00,27.0,27.1,27.0,27.1,600,BKC,"At 2025-09-12 11:00:00, the stock BKC opened at 27.00 VND, reached a high of 27.10 VND, a low of 27.00 VND, and closed the hour at 27.10 VND with a trading volume of 600 shares."
2025-09-12 13:00:00,27.1,27.1,26.9,26.9,6200,BKC,"At 2025-09-12 13:00:00, the stock BKC opened at 27.10 VND, reached a high of 27.10 VND, a low of 26.90 VND, and closed the hour at 26.90 VND with a trading volume of 6,200 shares."
2025-09-12 14:00:00,26.9,26.9,26.9,26.9,800,BKC,"At 2025-09-12 14:00:00, the stock BKC opened at 26.90 VND, reached a high of 26.90 VND, a low of 26.90 VND, and closed the hour at 26.90 VND with a trading volume of 800 shares."
2025-09-15 09:00:00,25.8,27.0,25.8,26.9,2300,BKC,"At 2025-09-15 09:00:00, the stock BKC opened at 25.80 VND, reached a high of 27.00 VND, a low of 25.80 VND, and closed the hour at 26.90 VND with a trading volume of 2,300 shares."
2025-09-15 10:00:00,26.9,27.0,26.9,27.0,3600,BKC,"At 2025-09-15 10:00:00, the stock BKC opened at 26.90 VND, reached a high of 27.00 VND, a low of 26.90 VND, and closed the hour at 27.00 VND with a trading volume of 3,600 shares."
2025-09-15 11:00:00,27.0,27.0,27.0,27.0,500,BKC,"At 2025-09-15 11:00:00, the stock BKC opened at 27.00 VND, reached a high of 27.00 VND, a low of 27.00 VND, and closed the hour at 27.00 VND with a trading volume of 500 shares."
2025-09-15 13:00:00,27.0,27.5,27.0,27.1,2600,BKC,"At 2025-09-15 13:00:00, the stock BKC opened at 27.00 VND, reached a high of 27.50 VND, a low of 27.00 VND, and closed the hour at 27.10 VND with a trading volume of 2,600 shares."
2025-09-15 14:00:00,27.0,27.1,27.0,27.1,3200,BKC,"At 2025-09-15 14:00:00, the stock BKC opened at 27.00 VND, reached a high of 27.10 VND, a low of 27.00 VND, and closed the hour at 27.10 VND with a trading volume of 3,200 shares."
2025-09-16 09:00:00,28.6,28.6,27.1,27.1,1100,BKC,"At 2025-09-16 09:00:00, the stock BKC opened at 28.60 VND, reached a high of 28.60 VND, a low of 27.10 VND, and closed the hour at 27.10 VND with a trading volume of 1,100 shares."
2025-09-16 10:00:00,27.4,27.9,27.2,27.9,6300,BKC,"At 2025-09-16 10:00:00, the stock BKC opened at 27.40 VND, reached a high of 27.90 VND, a low of 27.20 VND, and closed the hour at 27.90 VND with a trading volume of 6,300 shares."
2025-09-16 11:00:00,27.4,27.4,27.4,27.4,800,BKC,"At 2025-09-16 11:00:00, the stock BKC opened at 27.40 VND, reached a high of 27.40 VND, a low of 27.40 VND, and closed the hour at 27.40 VND with a trading volume of 800 shares."
2025-09-16 13:00:00,27.3,27.3,27.0,27.0,3800,BKC,"At 2025-09-16 13:00:00, the stock BKC opened at 27.30 VND, reached a high of 27.30 VND, a low of 27.00 VND, and closed the hour at 27.00 VND with a trading volume of 3,800 shares."
2025-09-16 14:00:00,27.4,27.4,27.1,27.1,800,BKC,"At 2025-09-16 14:00:00, the stock BKC opened at 27.40 VND, reached a high of 27.40 VND, a low of 27.10 VND, and closed the hour at 27.10 VND with a trading volume of 800 shares."
2025-09-17 09:00:00,27.0,27.0,27.0,27.0,200,BKC,"At 2025-09-17 09:00:00, the stock BKC opened at 27.00 VND, reached a high of 27.00 VND, a low of 27.00 VND, and closed the hour at 27.00 VND with a trading volume of 200 shares."
2025-09-17 10:00:00,27.0,27.0,26.9,27.0,2700,BKC,"At 2025-09-17 10:00:00, the stock BKC opened at 27.00 VND, reached a high of 27.00 VND, a low of 26.90 VND, and closed the hour at 27.00 VND with a trading volume of 2,700 shares."
2025-09-17 11:00:00,27.0,27.0,27.0,27.0,1100,BKC,"At 2025-09-17 11:00:00, the stock BKC opened at 27.00 VND, reached a high of 27.00 VND, a low of 27.00 VND, and closed the hour at 27.00 VND with a trading volume of 1,100 shares."
2025-09-17 13:00:00,26.9,26.9,26.8,26.9,1600,BKC,"At 2025-09-17 13:00:00, the stock BKC opened at 26.90 VND, reached a high of 26.90 VND, a low of 26.80 VND, and closed the hour at 26.90 VND with a trading volume of 1,600 shares."
2025-09-17 14:00:00,26.9,26.9,26.9,26.9,400,BKC,"At 2025-09-17 14:00:00, the stock BKC opened at 26.90 VND, reached a high of 26.90 VND, a low of 26.90 VND, and closed the hour at 26.90 VND with a trading volume of 400 shares."
2025-09-18 09:00:00,28.0,28.0,28.0,28.0,100,BKC,"At 2025-09-18 09:00:00, the stock BKC opened at 28.00 VND, reached a high of 28.00 VND, a low of 28.00 VND, and closed the hour at 28.00 VND with a trading volume of 100 shares."
2025-09-18 11:00:00,27.2,27.2,26.7,26.7,5700,BKC,"At 2025-09-18 11:00:00, the stock BKC opened at 27.20 VND, reached a high of 27.20 VND, a low of 26.70 VND, and closed the hour at 26.70 VND with a trading volume of 5,700 shares."
2025-09-18 13:00:00,26.8,26.8,26.7,26.7,5200,BKC,"At 2025-09-18 13:00:00, the stock BKC opened at 26.80 VND, reached a high of 26.80 VND, a low of 26.70 VND, and closed the hour at 26.70 VND with a trading volume of 5,200 shares."
2025-09-18 14:00:00,26.7,26.7,26.6,26.7,2800,BKC,"At 2025-09-18 14:00:00, the stock BKC opened at 26.70 VND, reached a high of 26.70 VND, a low of 26.60 VND, and closed the hour at 26.70 VND with a trading volume of 2,800 shares."
2025-09-19 09:00:00,26.2,27.1,26.1,27.1,1600,BKC,"At 2025-09-19 09:00:00, the stock BKC opened at 26.20 VND, reached a high of 27.10 VND, a low of 26.10 VND, and closed the hour at 27.10 VND with a trading volume of 1,600 shares."
2025-09-19 13:00:00,26.9,26.9,26.3,26.3,3400,BKC,"At 2025-09-19 13:00:00, the stock BKC opened at 26.90 VND, reached a high of 26.90 VND, a low of 26.30 VND, and closed the hour at 26.30 VND with a trading volume of 3,400 shares."
2025-09-19 14:00:00,26.4,26.7,26.3,26.7,1200,BKC,"At 2025-09-19 14:00:00, the stock BKC opened at 26.40 VND, reached a high of 26.70 VND, a low of 26.30 VND, and closed the hour at 26.70 VND with a trading volume of 1,200 shares."
2025-09-22 09:00:00,26.7,26.9,26.4,26.4,4800,BKC,"At 2025-09-22 09:00:00, the stock BKC opened at 26.70 VND, reached a high of 26.90 VND, a low of 26.40 VND, and closed the hour at 26.40 VND with a trading volume of 4,800 shares."
2025-09-22 10:00:00,26.4,26.4,26.4,26.4,3300,BKC,"At 2025-09-22 10:00:00, the stock BKC opened at 26.40 VND, reached a high of 26.40 VND, a low of 26.40 VND, and closed the hour at 26.40 VND with a trading volume of 3,300 shares."
2025-09-22 11:00:00,26.4,26.4,26.1,26.1,2600,BKC,"At 2025-09-22 11:00:00, the stock BKC opened at 26.40 VND, reached a high of 26.40 VND, a low of 26.10 VND, and closed the hour at 26.10 VND with a trading volume of 2,600 shares."
2025-09-22 13:00:00,26.1,26.4,26.1,26.1,4600,BKC,"At 2025-09-22 13:00:00, the stock BKC opened at 26.10 VND, reached a high of 26.40 VND, a low of 26.10 VND, and closed the hour at 26.10 VND with a trading volume of 4,600 shares."
2025-09-22 14:00:00,26.0,26.7,26.0,26.7,6000,BKC,"At 2025-09-22 14:00:00, the stock BKC opened at 26.00 VND, reached a high of 26.70 VND, a low of 26.00 VND, and closed the hour at 26.70 VND with a trading volume of 6,000 shares."
2025-09-23 09:00:00,26.6,26.6,26.6,26.6,200,BKC,"At 2025-09-23 09:00:00, the stock BKC opened at 26.60 VND, reached a high of 26.60 VND, a low of 26.60 VND, and closed the hour at 26.60 VND with a trading volume of 200 shares."
2025-09-23 10:00:00,26.6,26.6,26.2,26.2,6000,BKC,"At 2025-09-23 10:00:00, the stock BKC opened at 26.60 VND, reached a high of 26.60 VND, a low of 26.20 VND, and closed the hour at 26.20 VND with a trading volume of 6,000 shares."
2025-09-23 11:00:00,26.1,26.1,25.9,26.0,2100,BKC,"At 2025-09-23 11:00:00, the stock BKC opened at 26.10 VND, reached a high of 26.10 VND, a low of 25.90 VND, and closed the hour at 26.00 VND with a trading volume of 2,100 shares."
2025-09-23 13:00:00,26.1,26.2,26.1,26.1,4300,BKC,"At 2025-09-23 13:00:00, the stock BKC opened at 26.10 VND, reached a high of 26.20 VND, a low of 26.10 VND, and closed the hour at 26.10 VND with a trading volume of 4,300 shares."
2025-09-23 14:00:00,26.1,26.1,25.6,25.6,4100,BKC,"At 2025-09-23 14:00:00, the stock BKC opened at 26.10 VND, reached a high of 26.10 VND, a low of 25.60 VND, and closed the hour at 25.60 VND with a trading volume of 4,100 shares."
2025-09-24 09:00:00,25.5,25.5,25.5,25.5,2000,BKC,"At 2025-09-24 09:00:00, the stock BKC opened at 25.50 VND, reached a high of 25.50 VND, a low of 25.50 VND, and closed the hour at 25.50 VND with a trading volume of 2,000 shares."
2025-09-24 10:00:00,25.5,25.5,24.2,24.2,7900,BKC,"At 2025-09-24 10:00:00, the stock BKC opened at 25.50 VND, reached a high of 25.50 VND, a low of 24.20 VND, and closed the hour at 24.20 VND with a trading volume of 7,900 shares."
2025-09-24 11:00:00,24.4,24.5,24.4,24.5,900,BKC,"At 2025-09-24 11:00:00, the stock BKC opened at 24.40 VND, reached a high of 24.50 VND, a low of 24.40 VND, and closed the hour at 24.50 VND with a trading volume of 900 shares."
2025-09-24 13:00:00,25.0,25.3,25.0,25.1,4500,BKC,"At 2025-09-24 13:00:00, the stock BKC opened at 25.00 VND, reached a high of 25.30 VND, a low of 25.00 VND, and closed the hour at 25.10 VND with a trading volume of 4,500 shares."
2025-09-24 14:00:00,25.1,25.5,25.0,25.5,4200,BKC,"At 2025-09-24 14:00:00, the stock BKC opened at 25.10 VND, reached a high of 25.50 VND, a low of 25.00 VND, and closed the hour at 25.50 VND with a trading volume of 4,200 shares."
2025-09-25 09:00:00,25.2,25.5,25.2,25.5,4600,BKC,"At 2025-09-25 09:00:00, the stock BKC opened at 25.20 VND, reached a high of 25.50 VND, a low of 25.20 VND, and closed the hour at 25.50 VND with a trading volume of 4,600 shares."
2025-09-25 10:00:00,25.4,25.5,25.4,25.5,1300,BKC,"At 2025-09-25 10:00:00, the stock BKC opened at 25.40 VND, reached a high of 25.50 VND, a low of 25.40 VND, and closed the hour at 25.50 VND with a trading volume of 1,300 shares."
2025-09-25 11:00:00,25.5,25.5,25.5,25.5,1200,BKC,"At 2025-09-25 11:00:00, the stock BKC opened at 25.50 VND, reached a high of 25.50 VND, a low of 25.50 VND, and closed the hour at 25.50 VND with a trading volume of 1,200 shares."
2025-09-25 13:00:00,25.5,25.5,25.2,25.3,3400,BKC,"At 2025-09-25 13:00:00, the stock BKC opened at 25.50 VND, reached a high of 25.50 VND, a low of 25.20 VND, and closed the hour at 25.30 VND with a trading volume of 3,400 shares."
2025-09-25 14:00:00,25.3,25.3,25.3,25.3,500,BKC,"At 2025-09-25 14:00:00, the stock BKC opened at 25.30 VND, reached a high of 25.30 VND, a low of 25.30 VND, and closed the hour at 25.30 VND with a trading volume of 500 shares."
2025-09-26 09:00:00,25.7,27.8,25.7,27.8,28700,BKC,"At 2025-09-26 09:00:00, the stock BKC opened at 25.70 VND, reached a high of 27.80 VND, a low of 25.70 VND, and closed the hour at 27.80 VND with a trading volume of 28,700 shares."
2025-09-26 10:00:00,27.8,27.8,27.8,27.8,4200,BKC,"At 2025-09-26 10:00:00, the stock BKC opened at 27.80 VND, reached a high of 27.80 VND, a low of 27.80 VND, and closed the hour at 27.80 VND with a trading volume of 4,200 shares."
2025-09-26 13:00:00,27.8,27.8,27.8,27.8,4800,BKC,"At 2025-09-26 13:00:00, the stock BKC opened at 27.80 VND, reached a high of 27.80 VND, a low of 27.80 VND, and closed the hour at 27.80 VND with a trading volume of 4,800 shares."
2025-09-26 14:00:00,27.8,27.8,27.8,27.8,1800,BKC,"At 2025-09-26 14:00:00, the stock BKC opened at 27.80 VND, reached a high of 27.80 VND, a low of 27.80 VND, and closed the hour at 27.80 VND with a trading volume of 1,800 shares."
2025-09-29 09:00:00,30.5,30.5,28.5,28.8,83600,BKC,"At 2025-09-29 09:00:00, the stock BKC opened at 30.50 VND, reached a high of 30.50 VND, a low of 28.50 VND, and closed the hour at 28.80 VND with a trading volume of 83,600 shares."
2025-09-29 10:00:00,28.8,29.2,28.6,29.2,13900,BKC,"At 2025-09-29 10:00:00, the stock BKC opened at 28.80 VND, reached a high of 29.20 VND, a low of 28.60 VND, and closed the hour at 29.20 VND with a trading volume of 13,900 shares."
2025-09-29 11:00:00,29.2,29.2,29.2,29.2,600,BKC,"At 2025-09-29 11:00:00, the stock BKC opened at 29.20 VND, reached a high of 29.20 VND, a low of 29.20 VND, and closed the hour at 29.20 VND with a trading volume of 600 shares."
2025-09-29 13:00:00,28.6,29.0,28.6,28.7,4100,BKC,"At 2025-09-29 13:00:00, the stock BKC opened at 28.60 VND, reached a high of 29.00 VND, a low of 28.60 VND, and closed the hour at 28.70 VND with a trading volume of 4,100 shares."
2025-09-29 14:00:00,28.7,29.7,28.5,29.5,16600,BKC,"At 2025-09-29 14:00:00, the stock BKC opened at 28.70 VND, reached a high of 29.70 VND, a low of 28.50 VND, and closed the hour at 29.50 VND with a trading volume of 16,600 shares."
2025-09-30 09:00:00,29.5,29.5,28.1,28.1,11300,BKC,"At 2025-09-30 09:00:00, the stock BKC opened at 29.50 VND, reached a high of 29.50 VND, a low of 28.10 VND, and closed the hour at 28.10 VND with a trading volume of 11,300 shares."
2025-09-30 10:00:00,28.9,28.9,28.2,28.2,5200,BKC,"At 2025-09-30 10:00:00, the stock BKC opened at 28.90 VND, reached a high of 28.90 VND, a low of 28.20 VND, and closed the hour at 28.20 VND with a trading volume of 5,200 shares."
2025-09-30 11:00:00,28.0,28.2,28.0,28.0,2100,BKC,"At 2025-09-30 11:00:00, the stock BKC opened at 28.00 VND, reached a high of 28.20 VND, a low of 28.00 VND, and closed the hour at 28.00 VND with a trading volume of 2,100 shares."
2025-09-30 13:00:00,28.1,28.1,27.6,28.0,17800,BKC,"At 2025-09-30 13:00:00, the stock BKC opened at 28.10 VND, reached a high of 28.10 VND, a low of 27.60 VND, and closed the hour at 28.00 VND with a trading volume of 17,800 shares."
2025-09-30 14:00:00,28.0,28.4,28.0,28.4,2900,BKC,"At 2025-09-30 14:00:00, the stock BKC opened at 28.00 VND, reached a high of 28.40 VND, a low of 28.00 VND, and closed the hour at 28.40 VND with a trading volume of 2,900 shares."
2025-10-01 09:00:00,27.1,27.1,26.6,26.9,44300,BKC,"At 2025-10-01 09:00:00, the stock BKC opened at 27.10 VND, reached a high of 27.10 VND, a low of 26.60 VND, and closed the hour at 26.90 VND with a trading volume of 44,300 shares."
2025-10-01 10:00:00,26.8,26.8,25.9,25.9,55900,BKC,"At 2025-10-01 10:00:00, the stock BKC opened at 26.80 VND, reached a high of 26.80 VND, a low of 25.90 VND, and closed the hour at 25.90 VND with a trading volume of 55,900 shares."
2025-10-01 11:00:00,26.0,26.2,25.6,26.0,23300,BKC,"At 2025-10-01 11:00:00, the stock BKC opened at 26.00 VND, reached a high of 26.20 VND, a low of 25.60 VND, and closed the hour at 26.00 VND with a trading volume of 23,300 shares."
2025-10-01 13:00:00,25.9,26.0,25.6,25.7,71900,BKC,"At 2025-10-01 13:00:00, the stock BKC opened at 25.90 VND, reached a high of 26.00 VND, a low of 25.60 VND, and closed the hour at 25.70 VND with a trading volume of 71,900 shares."
2025-10-01 14:00:00,25.7,26.3,25.6,26.0,21800,BKC,"At 2025-10-01 14:00:00, the stock BKC opened at 25.70 VND, reached a high of 26.30 VND, a low of 25.60 VND, and closed the hour at 26.00 VND with a trading volume of 21,800 shares."
2025-10-02 09:00:00,26.0,26.5,25.6,25.6,7200,BKC,"At 2025-10-02 09:00:00, the stock BKC opened at 26.00 VND, reached a high of 26.50 VND, a low of 25.60 VND, and closed the hour at 25.60 VND with a trading volume of 7,200 shares."
2025-10-02 10:00:00,25.7,25.7,25.6,25.6,6700,BKC,"At 2025-10-02 10:00:00, the stock BKC opened at 25.70 VND, reached a high of 25.70 VND, a low of 25.60 VND, and closed the hour at 25.60 VND with a trading volume of 6,700 shares."
2025-10-02 11:00:00,25.6,26.0,25.6,26.0,500,BKC,"At 2025-10-02 11:00:00, the stock BKC opened at 25.60 VND, reached a high of 26.00 VND, a low of 25.60 VND, and closed the hour at 26.00 VND with a trading volume of 500 shares."
2025-10-02 13:00:00,26.0,26.1,25.7,25.9,5100,BKC,"At 2025-10-02 13:00:00, the stock BKC opened at 26.00 VND, reached a high of 26.10 VND, a low of 25.70 VND, and closed the hour at 25.90 VND with a trading volume of 5,100 shares."
2025-10-02 14:00:00,25.9,25.9,25.1,25.3,19400,BKC,"At 2025-10-02 14:00:00, the stock BKC opened at 25.90 VND, reached a high of 25.90 VND, a low of 25.10 VND, and closed the hour at 25.30 VND with a trading volume of 19,400 shares."
2025-10-03 09:00:00,25.3,25.3,22.8,23.8,13200,BKC,"At 2025-10-03 09:00:00, the stock BKC opened at 25.30 VND, reached a high of 25.30 VND, a low of 22.80 VND, and closed the hour at 23.80 VND with a trading volume of 13,200 shares."
2025-10-03 10:00:00,23.8,24.0,23.6,23.6,8600,BKC,"At 2025-10-03 10:00:00, the stock BKC opened at 23.80 VND, reached a high of 24.00 VND, a low of 23.60 VND, and closed the hour at 23.60 VND with a trading volume of 8,600 shares."
2025-10-03 11:00:00,23.7,23.7,23.6,23.6,700,BKC,"At 2025-10-03 11:00:00, the stock BKC opened at 23.70 VND, reached a high of 23.70 VND, a low of 23.60 VND, and closed the hour at 23.60 VND with a trading volume of 700 shares."
2025-10-03 13:00:00,23.6,24.0,23.4,23.4,23800,BKC,"At 2025-10-03 13:00:00, the stock BKC opened at 23.60 VND, reached a high of 24.00 VND, a low of 23.40 VND, and closed the hour at 23.40 VND with a trading volume of 23,800 shares."
2025-10-03 14:00:00,23.4,23.7,23.3,23.5,24800,BKC,"At 2025-10-03 14:00:00, the stock BKC opened at 23.40 VND, reached a high of 23.70 VND, a low of 23.30 VND, and closed the hour at 23.50 VND with a trading volume of 24,800 shares."
2025-10-06 09:00:00,23.5,23.5,22.1,23.3,22600,BKC,"At 2025-10-06 09:00:00, the stock BKC opened at 23.50 VND, reached a high of 23.50 VND, a low of 22.10 VND, and closed the hour at 23.30 VND with a trading volume of 22,600 shares."
2025-10-06 10:00:00,23.2,24.4,23.2,24.4,12300,BKC,"At 2025-10-06 10:00:00, the stock BKC opened at 23.20 VND, reached a high of 24.40 VND, a low of 23.20 VND, and closed the hour at 24.40 VND with a trading volume of 12,300 shares."
2025-10-06 11:00:00,24.4,24.4,24.1,24.3,2000,BKC,"At 2025-10-06 11:00:00, the stock BKC opened at 24.40 VND, reached a high of 24.40 VND, a low of 24.10 VND, and closed the hour at 24.30 VND with a trading volume of 2,000 shares."
2025-10-06 13:00:00,24.4,25.1,24.3,24.6,8200,BKC,"At 2025-10-06 13:00:00, the stock BKC opened at 24.40 VND, reached a high of 25.10 VND, a low of 24.30 VND, and closed the hour at 24.60 VND with a trading volume of 8,200 shares."
2025-10-06 14:00:00,24.6,24.8,24.4,24.4,5100,BKC,"At 2025-10-06 14:00:00, the stock BKC opened at 24.60 VND, reached a high of 24.80 VND, a low of 24.40 VND, and closed the hour at 24.40 VND with a trading volume of 5,100 shares."
2025-10-07 09:00:00,23.1,24.9,22.0,24.5,10300,BKC,"At 2025-10-07 09:00:00, the stock BKC opened at 23.10 VND, reached a high of 24.90 VND, a low of 22.00 VND, and closed the hour at 24.50 VND with a trading volume of 10,300 shares."
2025-10-07 10:00:00,24.4,24.4,24.0,24.0,4400,BKC,"At 2025-10-07 10:00:00, the stock BKC opened at 24.40 VND, reached a high of 24.40 VND, a low of 24.00 VND, and closed the hour at 24.00 VND with a trading volume of 4,400 shares."
2025-10-07 11:00:00,24.0,24.0,24.0,24.0,200,BKC,"At 2025-10-07 11:00:00, the stock BKC opened at 24.00 VND, reached a high of 24.00 VND, a low of 24.00 VND, and closed the hour at 24.00 VND with a trading volume of 200 shares."
2025-10-07 13:00:00,24.0,24.0,23.8,23.8,5100,BKC,"At 2025-10-07 13:00:00, the stock BKC opened at 24.00 VND, reached a high of 24.00 VND, a low of 23.80 VND, and closed the hour at 23.80 VND with a trading volume of 5,100 shares."
2025-10-07 14:00:00,23.9,23.9,23.6,23.7,5700,BKC,"At 2025-10-07 14:00:00, the stock BKC opened at 23.90 VND, reached a high of 23.90 VND, a low of 23.60 VND, and closed the hour at 23.70 VND with a trading volume of 5,700 shares."
2025-10-08 09:00:00,24.2,24.3,23.8,23.9,9600,BKC,"At 2025-10-08 09:00:00, the stock BKC opened at 24.20 VND, reached a high of 24.30 VND, a low of 23.80 VND, and closed the hour at 23.90 VND with a trading volume of 9,600 shares."
2025-10-08 10:00:00,24.0,24.4,23.8,24.1,23700,BKC,"At 2025-10-08 10:00:00, the stock BKC opened at 24.00 VND, reached a high of 24.40 VND, a low of 23.80 VND, and closed the hour at 24.10 VND with a trading volume of 23,700 shares."
2025-10-08 11:00:00,24.1,24.1,24.0,24.0,3700,BKC,"At 2025-10-08 11:00:00, the stock BKC opened at 24.10 VND, reached a high of 24.10 VND, a low of 24.00 VND, and closed the hour at 24.00 VND with a trading volume of 3,700 shares."
2025-10-08 13:00:00,24.0,24.4,24.0,24.1,11800,BKC,"At 2025-10-08 13:00:00, the stock BKC opened at 24.00 VND, reached a high of 24.40 VND, a low of 24.00 VND, and closed the hour at 24.10 VND with a trading volume of 11,800 shares."
2025-10-08 14:00:00,24.1,24.4,24.1,24.1,7800,BKC,"At 2025-10-08 14:00:00, the stock BKC opened at 24.10 VND, reached a high of 24.40 VND, a low of 24.10 VND, and closed the hour at 24.10 VND with a trading volume of 7,800 shares."
2025-10-09 09:00:00,24.2,24.6,23.8,23.9,10300,BKC,"At 2025-10-09 09:00:00, the stock BKC opened at 24.20 VND, reached a high of 24.60 VND, a low of 23.80 VND, and closed the hour at 23.90 VND with a trading volume of 10,300 shares."
2025-10-09 10:00:00,24.0,24.0,23.8,23.8,12900,BKC,"At 2025-10-09 10:00:00, the stock BKC opened at 24.00 VND, reached a high of 24.00 VND, a low of 23.80 VND, and closed the hour at 23.80 VND with a trading volume of 12,900 shares."
2025-10-09 11:00:00,23.8,24.0,23.8,24.0,1000,BKC,"At 2025-10-09 11:00:00, the stock BKC opened at 23.80 VND, reached a high of 24.00 VND, a low of 23.80 VND, and closed the hour at 24.00 VND with a trading volume of 1,000 shares."
2025-10-09 13:00:00,23.8,24.1,23.7,23.7,11100,BKC,"At 2025-10-09 13:00:00, the stock BKC opened at 23.80 VND, reached a high of 24.10 VND, a low of 23.70 VND, and closed the hour at 23.70 VND with a trading volume of 11,100 shares."
2025-10-09 14:00:00,23.8,24.1,23.7,24.1,12700,BKC,"At 2025-10-09 14:00:00, the stock BKC opened at 23.80 VND, reached a high of 24.10 VND, a low of 23.70 VND, and closed the hour at 24.10 VND with a trading volume of 12,700 shares."
2025-10-10 09:00:00,24.1,24.4,24.1,24.1,11800,BKC,"At 2025-10-10 09:00:00, the stock BKC opened at 24.10 VND, reached a high of 24.40 VND, a low of 24.10 VND, and closed the hour at 24.10 VND with a trading volume of 11,800 shares."
2025-10-10 10:00:00,24.1,24.1,23.8,23.9,12500,BKC,"At 2025-10-10 10:00:00, the stock BKC opened at 24.10 VND, reached a high of 24.10 VND, a low of 23.80 VND, and closed the hour at 23.90 VND with a trading volume of 12,500 shares."
2025-10-10 11:00:00,23.9,24.0,23.9,23.9,6200,BKC,"At 2025-10-10 11:00:00, the stock BKC opened at 23.90 VND, reached a high of 24.00 VND, a low of 23.90 VND, and closed the hour at 23.90 VND with a trading volume of 6,200 shares."
2025-10-10 13:00:00,23.9,24.0,23.6,23.8,31300,BKC,"At 2025-10-10 13:00:00, the stock BKC opened at 23.90 VND, reached a high of 24.00 VND, a low of 23.60 VND, and closed the hour at 23.80 VND with a trading volume of 31,300 shares."
2025-10-10 14:00:00,23.9,24.2,23.9,24.1,12100,BKC,"At 2025-10-10 14:00:00, the stock BKC opened at 23.90 VND, reached a high of 24.20 VND, a low of 23.90 VND, and closed the hour at 24.10 VND with a trading volume of 12,100 shares."
2025-10-13 09:00:00,25.1,26.5,25.0,26.5,69100,BKC,"At 2025-10-13 09:00:00, the stock BKC opened at 25.10 VND, reached a high of 26.50 VND, a low of 25.00 VND, and closed the hour at 26.50 VND with a trading volume of 69,100 shares."
2025-10-13 10:00:00,26.5,26.5,26.5,26.5,6500,BKC,"At 2025-10-13 10:00:00, the stock BKC opened at 26.50 VND, reached a high of 26.50 VND, a low of 26.50 VND, and closed the hour at 26.50 VND with a trading volume of 6,500 shares."
2025-10-13 13:00:00,26.5,26.5,26.5,26.5,6400,BKC,"At 2025-10-13 13:00:00, the stock BKC opened at 26.50 VND, reached a high of 26.50 VND, a low of 26.50 VND, and closed the hour at 26.50 VND with a trading volume of 6,400 shares."
2025-10-13 14:00:00,26.5,26.5,26.5,26.5,3400,BKC,"At 2025-10-13 14:00:00, the stock BKC opened at 26.50 VND, reached a high of 26.50 VND, a low of 26.50 VND, and closed the hour at 26.50 VND with a trading volume of 3,400 shares."
2025-10-14 09:00:00,29.0,29.0,26.8,26.8,93100,BKC,"At 2025-10-14 09:00:00, the stock BKC opened at 29.00 VND, reached a high of 29.00 VND, a low of 26.80 VND, and closed the hour at 26.80 VND with a trading volume of 93,100 shares."
2025-10-14 10:00:00,26.9,26.9,25.5,26.1,25600,BKC,"At 2025-10-14 10:00:00, the stock BKC opened at 26.90 VND, reached a high of 26.90 VND, a low of 25.50 VND, and closed the hour at 26.10 VND with a trading volume of 25,600 shares."
2025-10-14 11:00:00,26.1,26.4,26.1,26.2,3900,BKC,"At 2025-10-14 11:00:00, the stock BKC opened at 26.10 VND, reached a high of 26.40 VND, a low of 26.10 VND, and closed the hour at 26.20 VND with a trading volume of 3,900 shares."
2025-10-14 13:00:00,26.2,26.2,25.6,25.7,25300,BKC,"At 2025-10-14 13:00:00, the stock BKC opened at 26.20 VND, reached a high of 26.20 VND, a low of 25.60 VND, and closed the hour at 25.70 VND with a trading volume of 25,300 shares."
2025-10-14 14:00:00,25.7,25.8,25.3,25.4,15300,BKC,"At 2025-10-14 14:00:00, the stock BKC opened at 25.70 VND, reached a high of 25.80 VND, a low of 25.30 VND, and closed the hour at 25.40 VND with a trading volume of 15,300 shares."
2025-10-15 09:00:00,25.4,26.0,24.9,26.0,4400,BKC,"At 2025-10-15 09:00:00, the stock BKC opened at 25.40 VND, reached a high of 26.00 VND, a low of 24.90 VND, and closed the hour at 26.00 VND with a trading volume of 4,400 shares."
2025-10-15 10:00:00,25.2,25.5,24.0,25.5,8700,BKC,"At 2025-10-15 10:00:00, the stock BKC opened at 25.20 VND, reached a high of 25.50 VND, a low of 24.00 VND, and closed the hour at 25.50 VND with a trading volume of 8,700 shares."
2025-10-15 11:00:00,25.3,25.3,25.3,25.3,1100,BKC,"At 2025-10-15 11:00:00, the stock BKC opened at 25.30 VND, reached a high of 25.30 VND, a low of 25.30 VND, and closed the hour at 25.30 VND with a trading volume of 1,100 shares."
2025-10-15 13:00:00,25.3,25.3,24.0,24.6,37100,BKC,"At 2025-10-15 13:00:00, the stock BKC opened at 25.30 VND, reached a high of 25.30 VND, a low of 24.00 VND, and closed the hour at 24.60 VND with a trading volume of 37,100 shares."
2025-10-15 14:00:00,24.6,25.3,24.6,24.6,18400,BKC,"At 2025-10-15 14:00:00, the stock BKC opened at 24.60 VND, reached a high of 25.30 VND, a low of 24.60 VND, and closed the hour at 24.60 VND with a trading volume of 18,400 shares."
2025-10-16 09:00:00,24.6,25.0,24.2,24.9,6500,BKC,"At 2025-10-16 09:00:00, the stock BKC opened at 24.60 VND, reached a high of 25.00 VND, a low of 24.20 VND, and closed the hour at 24.90 VND with a trading volume of 6,500 shares."
2025-10-16 10:00:00,24.9,25.0,24.8,24.8,7000,BKC,"At 2025-10-16 10:00:00, the stock BKC opened at 24.90 VND, reached a high of 25.00 VND, a low of 24.80 VND, and closed the hour at 24.80 VND with a trading volume of 7,000 shares."
2025-10-16 11:00:00,25.3,25.3,24.9,24.9,3100,BKC,"At 2025-10-16 11:00:00, the stock BKC opened at 25.30 VND, reached a high of 25.30 VND, a low of 24.90 VND, and closed the hour at 24.90 VND with a trading volume of 3,100 shares."
2025-10-16 13:00:00,24.9,24.9,24.5,24.5,13500,BKC,"At 2025-10-16 13:00:00, the stock BKC opened at 24.90 VND, reached a high of 24.90 VND, a low of 24.50 VND, and closed the hour at 24.50 VND with a trading volume of 13,500 shares."
2025-10-16 14:00:00,24.6,24.6,24.5,24.5,5900,BKC,"At 2025-10-16 14:00:00, the stock BKC opened at 24.60 VND, reached a high of 24.60 VND, a low of 24.50 VND, and closed the hour at 24.50 VND with a trading volume of 5,900 shares."
2025-10-17 09:00:00,26.0,26.0,24.6,25.0,12100,BKC,"At 2025-10-17 09:00:00, the stock BKC opened at 26.00 VND, reached a high of 26.00 VND, a low of 24.60 VND, and closed the hour at 25.00 VND with a trading volume of 12,100 shares."
2025-10-17 10:00:00,25.0,25.6,24.7,25.0,16400,BKC,"At 2025-10-17 10:00:00, the stock BKC opened at 25.00 VND, reached a high of 25.60 VND, a low of 24.70 VND, and closed the hour at 25.00 VND with a trading volume of 16,400 shares."
2025-10-17 11:00:00,25.3,25.5,25.0,25.1,3400,BKC,"At 2025-10-17 11:00:00, the stock BKC opened at 25.30 VND, reached a high of 25.50 VND, a low of 25.00 VND, and closed the hour at 25.10 VND with a trading volume of 3,400 shares."
2025-10-17 13:00:00,25.0,26.9,25.0,26.3,90900,BKC,"At 2025-10-17 13:00:00, the stock BKC opened at 25.00 VND, reached a high of 26.90 VND, a low of 25.00 VND, and closed the hour at 26.30 VND with a trading volume of 90,900 shares."
2025-10-17 14:00:00,26.3,26.6,26.1,26.1,23800,BKC,"At 2025-10-17 14:00:00, the stock BKC opened at 26.30 VND, reached a high of 26.60 VND, a low of 26.10 VND, and closed the hour at 26.10 VND with a trading volume of 23,800 shares."
2025-10-20 09:00:00,26.0,28.0,25.9,27.5,62900,BKC,"At 2025-10-20 09:00:00, the stock BKC opened at 26.00 VND, reached a high of 28.00 VND, a low of 25.90 VND, and closed the hour at 27.50 VND with a trading volume of 62,900 shares."
2025-10-20 10:00:00,27.1,27.5,27.0,27.4,13200,BKC,"At 2025-10-20 10:00:00, the stock BKC opened at 27.10 VND, reached a high of 27.50 VND, a low of 27.00 VND, and closed the hour at 27.40 VND with a trading volume of 13,200 shares."
2025-10-20 11:00:00,27.3,27.3,27.0,27.0,1700,BKC,"At 2025-10-20 11:00:00, the stock BKC opened at 27.30 VND, reached a high of 27.30 VND, a low of 27.00 VND, and closed the hour at 27.00 VND with a trading volume of 1,700 shares."
2025-10-20 13:00:00,27.0,27.4,27.0,27.0,17100,BKC,"At 2025-10-20 13:00:00, the stock BKC opened at 27.00 VND, reached a high of 27.40 VND, a low of 27.00 VND, and closed the hour at 27.00 VND with a trading volume of 17,100 shares."
2025-10-20 14:00:00,26.9,26.9,24.7,25.0,24100,BKC,"At 2025-10-20 14:00:00, the stock BKC opened at 26.90 VND, reached a high of 26.90 VND, a low of 24.70 VND, and closed the hour at 25.00 VND with a trading volume of 24,100 shares."
2025-10-21 09:00:00,25.0,25.5,25.0,25.5,3500,BKC,"At 2025-10-21 09:00:00, the stock BKC opened at 25.00 VND, reached a high of 25.50 VND, a low of 25.00 VND, and closed the hour at 25.50 VND with a trading volume of 3,500 shares."
2025-10-21 10:00:00,25.5,25.5,24.1,24.1,26100,BKC,"At 2025-10-21 10:00:00, the stock BKC opened at 25.50 VND, reached a high of 25.50 VND, a low of 24.10 VND, and closed the hour at 24.10 VND with a trading volume of 26,100 shares."
2025-10-21 11:00:00,24.5,24.5,24.5,24.5,500,BKC,"At 2025-10-21 11:00:00, the stock BKC opened at 24.50 VND, reached a high of 24.50 VND, a low of 24.50 VND, and closed the hour at 24.50 VND with a trading volume of 500 shares."
2025-10-21 13:00:00,24.5,24.6,24.0,24.6,49500,BKC,"At 2025-10-21 13:00:00, the stock BKC opened at 24.50 VND, reached a high of 24.60 VND, a low of 24.00 VND, and closed the hour at 24.60 VND with a trading volume of 49,500 shares."
2025-10-21 14:00:00,24.5,24.6,24.2,24.2,19300,BKC,"At 2025-10-21 14:00:00, the stock BKC opened at 24.50 VND, reached a high of 24.60 VND, a low of 24.20 VND, and closed the hour at 24.20 VND with a trading volume of 19,300 shares."
2025-10-22 09:00:00,24.3,24.3,24.2,24.2,9200,BKC,"At 2025-10-22 09:00:00, the stock BKC opened at 24.30 VND, reached a high of 24.30 VND, a low of 24.20 VND, and closed the hour at 24.20 VND with a trading volume of 9,200 shares."
2025-10-22 10:00:00,24.1,24.1,24.1,24.1,4200,BKC,"At 2025-10-22 10:00:00, the stock BKC opened at 24.10 VND, reached a high of 24.10 VND, a low of 24.10 VND, and closed the hour at 24.10 VND with a trading volume of 4,200 shares."
2025-10-22 11:00:00,24.2,24.2,23.9,23.9,12400,BKC,"At 2025-10-22 11:00:00, the stock BKC opened at 24.20 VND, reached a high of 24.20 VND, a low of 23.90 VND, and closed the hour at 23.90 VND with a trading volume of 12,400 shares."
2025-10-22 13:00:00,23.9,24.0,23.5,23.5,25100,BKC,"At 2025-10-22 13:00:00, the stock BKC opened at 23.90 VND, reached a high of 24.00 VND, a low of 23.50 VND, and closed the hour at 23.50 VND with a trading volume of 25,100 shares."
2025-10-22 14:00:00,23.7,24.2,23.3,24.2,15500,BKC,"At 2025-10-22 14:00:00, the stock BKC opened at 23.70 VND, reached a high of 24.20 VND, a low of 23.30 VND, and closed the hour at 24.20 VND with a trading volume of 15,500 shares."
2025-10-23 09:00:00,24.0,24.0,23.9,23.9,800,BKC,"At 2025-10-23 09:00:00, the stock BKC opened at 24.00 VND, reached a high of 24.00 VND, a low of 23.90 VND, and closed the hour at 23.90 VND with a trading volume of 800 shares."
2025-10-23 10:00:00,24.1,25.0,24.1,24.4,9400,BKC,"At 2025-10-23 10:00:00, the stock BKC opened at 24.10 VND, reached a high of 25.00 VND, a low of 24.10 VND, and closed the hour at 24.40 VND with a trading volume of 9,400 shares."
2025-10-23 11:00:00,24.5,24.5,24.5,24.5,1600,BKC,"At 2025-10-23 11:00:00, the stock BKC opened at 24.50 VND, reached a high of 24.50 VND, a low of 24.50 VND, and closed the hour at 24.50 VND with a trading volume of 1,600 shares."
2025-10-23 13:00:00,24.5,24.6,24.3,24.4,5900,BKC,"At 2025-10-23 13:00:00, the stock BKC opened at 24.50 VND, reached a high of 24.60 VND, a low of 24.30 VND, and closed the hour at 24.40 VND with a trading volume of 5,900 shares."
2025-10-23 14:00:00,24.3,24.5,24.1,24.1,16300,BKC,"At 2025-10-23 14:00:00, the stock BKC opened at 24.30 VND, reached a high of 24.50 VND, a low of 24.10 VND, and closed the hour at 24.10 VND with a trading volume of 16,300 shares."
2025-10-24 09:00:00,24.1,24.1,24.0,24.1,2900,BKC,"At 2025-10-24 09:00:00, the stock BKC opened at 24.10 VND, reached a high of 24.10 VND, a low of 24.00 VND, and closed the hour at 24.10 VND with a trading volume of 2,900 shares."
2025-10-24 10:00:00,24.0,24.0,23.8,23.9,9000,BKC,"At 2025-10-24 10:00:00, the stock BKC opened at 24.00 VND, reached a high of 24.00 VND, a low of 23.80 VND, and closed the hour at 23.90 VND with a trading volume of 9,000 shares."
2025-10-24 11:00:00,23.9,24.0,23.9,24.0,1300,BKC,"At 2025-10-24 11:00:00, the stock BKC opened at 23.90 VND, reached a high of 24.00 VND, a low of 23.90 VND, and closed the hour at 24.00 VND with a trading volume of 1,300 shares."
2025-10-24 13:00:00,24.0,24.1,23.9,24.1,3000,BKC,"At 2025-10-24 13:00:00, the stock BKC opened at 24.00 VND, reached a high of 24.10 VND, a low of 23.90 VND, and closed the hour at 24.10 VND with a trading volume of 3,000 shares."
2025-10-24 14:00:00,24.1,24.1,23.9,23.9,3200,BKC,"At 2025-10-24 14:00:00, the stock BKC opened at 24.10 VND, reached a high of 24.10 VND, a low of 23.90 VND, and closed the hour at 23.90 VND with a trading volume of 3,200 shares."
2025-10-27 09:00:00,25.0,25.0,24.0,24.1,2300,BKC,"At 2025-10-27 09:00:00, the stock BKC opened at 25.00 VND, reached a high of 25.00 VND, a low of 24.00 VND, and closed the hour at 24.10 VND with a trading volume of 2,300 shares."
2025-10-27 10:00:00,24.1,24.1,24.0,24.0,3300,BKC,"At 2025-10-27 10:00:00, the stock BKC opened at 24.10 VND, reached a high of 24.10 VND, a low of 24.00 VND, and closed the hour at 24.00 VND with a trading volume of 3,300 shares."
2025-10-27 11:00:00,24.1,24.1,24.0,24.0,1500,BKC,"At 2025-10-27 11:00:00, the stock BKC opened at 24.10 VND, reached a high of 24.10 VND, a low of 24.00 VND, and closed the hour at 24.00 VND with a trading volume of 1,500 shares."
2025-10-27 13:00:00,24.1,24.3,24.0,24.3,1700,BKC,"At 2025-10-27 13:00:00, the stock BKC opened at 24.10 VND, reached a high of 24.30 VND, a low of 24.00 VND, and closed the hour at 24.30 VND with a trading volume of 1,700 shares."
2025-10-27 14:00:00,24.3,24.4,24.0,24.0,5000,BKC,"At 2025-10-27 14:00:00, the stock BKC opened at 24.30 VND, reached a high of 24.40 VND, a low of 24.00 VND, and closed the hour at 24.00 VND with a trading volume of 5,000 shares."
2025-10-28 09:00:00,24.0,24.0,23.9,24.0,20400,BKC,"At 2025-10-28 09:00:00, the stock BKC opened at 24.00 VND, reached a high of 24.00 VND, a low of 23.90 VND, and closed the hour at 24.00 VND with a trading volume of 20,400 shares."
2025-10-28 10:00:00,23.9,24.0,23.9,24.0,2700,BKC,"At 2025-10-28 10:00:00, the stock BKC opened at 23.90 VND, reached a high of 24.00 VND, a low of 23.90 VND, and closed the hour at 24.00 VND with a trading volume of 2,700 shares."
2025-10-28 11:00:00,24.0,24.0,23.8,23.8,9500,BKC,"At 2025-10-28 11:00:00, the stock BKC opened at 24.00 VND, reached a high of 24.00 VND, a low of 23.80 VND, and closed the hour at 23.80 VND with a trading volume of 9,500 shares."
2025-10-28 13:00:00,23.7,24.0,23.7,24.0,14600,BKC,"At 2025-10-28 13:00:00, the stock BKC opened at 23.70 VND, reached a high of 24.00 VND, a low of 23.70 VND, and closed the hour at 24.00 VND with a trading volume of 14,600 shares."
2025-10-28 14:00:00,24.0,24.5,23.9,24.5,9200,BKC,"At 2025-10-28 14:00:00, the stock BKC opened at 24.00 VND, reached a high of 24.50 VND, a low of 23.90 VND, and closed the hour at 24.50 VND with a trading volume of 9,200 shares."
2025-10-29 09:00:00,24.5,25.0,24.5,24.9,14900,BKC,"At 2025-10-29 09:00:00, the stock BKC opened at 24.50 VND, reached a high of 25.00 VND, a low of 24.50 VND, and closed the hour at 24.90 VND with a trading volume of 14,900 shares."
2025-10-29 10:00:00,24.7,24.9,24.7,24.9,4100,BKC,"At 2025-10-29 10:00:00, the stock BKC opened at 24.70 VND, reached a high of 24.90 VND, a low of 24.70 VND, and closed the hour at 24.90 VND with a trading volume of 4,100 shares."
2025-10-29 11:00:00,24.8,24.8,24.7,24.7,3200,BKC,"At 2025-10-29 11:00:00, the stock BKC opened at 24.80 VND, reached a high of 24.80 VND, a low of 24.70 VND, and closed the hour at 24.70 VND with a trading volume of 3,200 shares."
2025-10-29 13:00:00,24.7,24.9,24.7,24.8,9100,BKC,"At 2025-10-29 13:00:00, the stock BKC opened at 24.70 VND, reached a high of 24.90 VND, a low of 24.70 VND, and closed the hour at 24.80 VND with a trading volume of 9,100 shares."
2025-10-29 14:00:00,24.8,24.8,24.3,24.3,22100,BKC,"At 2025-10-29 14:00:00, the stock BKC opened at 24.80 VND, reached a high of 24.80 VND, a low of 24.30 VND, and closed the hour at 24.30 VND with a trading volume of 22,100 shares."
2025-10-30 09:00:00,24.5,24.5,24.1,24.2,2600,BKC,"At 2025-10-30 09:00:00, the stock BKC opened at 24.50 VND, reached a high of 24.50 VND, a low of 24.10 VND, and closed the hour at 24.20 VND with a trading volume of 2,600 shares."
2025-10-30 10:00:00,24.2,24.3,24.0,24.0,12800,BKC,"At 2025-10-30 10:00:00, the stock BKC opened at 24.20 VND, reached a high of 24.30 VND, a low of 24.00 VND, and closed the hour at 24.00 VND with a trading volume of 12,800 shares."
2025-10-30 11:00:00,24.0,24.3,24.0,24.3,1000,BKC,"At 2025-10-30 11:00:00, the stock BKC opened at 24.00 VND, reached a high of 24.30 VND, a low of 24.00 VND, and closed the hour at 24.30 VND with a trading volume of 1,000 shares."
2025-10-30 13:00:00,24.1,24.1,23.7,23.9,7600,BKC,"At 2025-10-30 13:00:00, the stock BKC opened at 24.10 VND, reached a high of 24.10 VND, a low of 23.70 VND, and closed the hour at 23.90 VND with a trading volume of 7,600 shares."
2025-10-30 14:00:00,23.9,24.0,23.8,23.9,4300,BKC,"At 2025-10-30 14:00:00, the stock BKC opened at 23.90 VND, reached a high of 24.00 VND, a low of 23.80 VND, and closed the hour at 23.90 VND with a trading volume of 4,300 shares."
2025-10-31 09:00:00,24.7,26.2,24.5,25.0,36100,BKC,"At 2025-10-31 09:00:00, the stock BKC opened at 24.70 VND, reached a high of 26.20 VND, a low of 24.50 VND, and closed the hour at 25.00 VND with a trading volume of 36,100 shares."
2025-10-31 10:00:00,25.0,25.3,25.0,25.0,9100,BKC,"At 2025-10-31 10:00:00, the stock BKC opened at 25.00 VND, reached a high of 25.30 VND, a low of 25.00 VND, and closed the hour at 25.00 VND with a trading volume of 9,100 shares."
2025-10-31 11:00:00,25.0,25.1,25.0,25.0,4000,BKC,"At 2025-10-31 11:00:00, the stock BKC opened at 25.00 VND, reached a high of 25.10 VND, a low of 25.00 VND, and closed the hour at 25.00 VND with a trading volume of 4,000 shares."
2025-10-31 13:00:00,24.7,24.7,24.5,24.5,7000,BKC,"At 2025-10-31 13:00:00, the stock BKC opened at 24.70 VND, reached a high of 24.70 VND, a low of 24.50 VND, and closed the hour at 24.50 VND with a trading volume of 7,000 shares."
2025-10-31 14:00:00,24.5,24.7,24.4,24.5,11000,BKC,"At 2025-10-31 14:00:00, the stock BKC opened at 24.50 VND, reached a high of 24.70 VND, a low of 24.40 VND, and closed the hour at 24.50 VND with a trading volume of 11,000 shares."
2025-11-03 09:00:00,24.5,26.9,24.5,25.4,45300,BKC,"At 2025-11-03 09:00:00, the stock BKC opened at 24.50 VND, reached a high of 26.90 VND, a low of 24.50 VND, and closed the hour at 25.40 VND with a trading volume of 45,300 shares."
2025-11-03 10:00:00,25.3,25.3,24.4,25.0,24600,BKC,"At 2025-11-03 10:00:00, the stock BKC opened at 25.30 VND, reached a high of 25.30 VND, a low of 24.40 VND, and closed the hour at 25.00 VND with a trading volume of 24,600 shares."
2025-11-03 11:00:00,25.0,25.0,24.9,25.0,3100,BKC,"At 2025-11-03 11:00:00, the stock BKC opened at 25.00 VND, reached a high of 25.00 VND, a low of 24.90 VND, and closed the hour at 25.00 VND with a trading volume of 3,100 shares."
2025-11-03 13:00:00,25.1,25.1,24.8,24.8,11800,BKC,"At 2025-11-03 13:00:00, the stock BKC opened at 25.10 VND, reached a high of 25.10 VND, a low of 24.80 VND, and closed the hour at 24.80 VND with a trading volume of 11,800 shares."
2025-11-03 14:00:00,24.8,25.0,24.6,25.0,9600,BKC,"At 2025-11-03 14:00:00, the stock BKC opened at 24.80 VND, reached a high of 25.00 VND, a low of 24.60 VND, and closed the hour at 25.00 VND with a trading volume of 9,600 shares."
2025-11-04 10:00:00,24.9,24.9,24.5,24.5,9600,BKC,"At 2025-11-04 10:00:00, the stock BKC opened at 24.90 VND, reached a high of 24.90 VND, a low of 24.50 VND, and closed the hour at 24.50 VND with a trading volume of 9,600 shares."
2025-11-04 11:00:00,24.2,24.2,24.2,24.2,1000,BKC,"At 2025-11-04 11:00:00, the stock BKC opened at 24.20 VND, reached a high of 24.20 VND, a low of 24.20 VND, and closed the hour at 24.20 VND with a trading volume of 1,000 shares."
2025-11-04 13:00:00,24.5,24.8,23.5,24.2,27400,BKC,"At 2025-11-04 13:00:00, the stock BKC opened at 24.50 VND, reached a high of 24.80 VND, a low of 23.50 VND, and closed the hour at 24.20 VND with a trading volume of 27,400 shares."
2025-11-04 14:00:00,24.4,24.4,24.0,24.3,9700,BKC,"At 2025-11-04 14:00:00, the stock BKC opened at 24.40 VND, reached a high of 24.40 VND, a low of 24.00 VND, and closed the hour at 24.30 VND with a trading volume of 9,700 shares."
2025-11-05 09:00:00,24.6,24.6,24.3,24.6,1900,BKC,"At 2025-11-05 09:00:00, the stock BKC opened at 24.60 VND, reached a high of 24.60 VND, a low of 24.30 VND, and closed the hour at 24.60 VND with a trading volume of 1,900 shares."
2025-11-05 10:00:00,24.6,24.6,24.6,24.6,900,BKC,"At 2025-11-05 10:00:00, the stock BKC opened at 24.60 VND, reached a high of 24.60 VND, a low of 24.60 VND, and closed the hour at 24.60 VND with a trading volume of 900 shares."
2025-11-05 11:00:00,24.5,24.6,24.3,24.3,1900,BKC,"At 2025-11-05 11:00:00, the stock BKC opened at 24.50 VND, reached a high of 24.60 VND, a low of 24.30 VND, and closed the hour at 24.30 VND with a trading volume of 1,900 shares."
2025-11-05 13:00:00,24.3,24.3,23.8,23.8,13600,BKC,"At 2025-11-05 13:00:00, the stock BKC opened at 24.30 VND, reached a high of 24.30 VND, a low of 23.80 VND, and closed the hour at 23.80 VND with a trading volume of 13,600 shares."
2025-11-05 14:00:00,24.0,24.0,23.6,23.7,12400,BKC,"At 2025-11-05 14:00:00, the stock BKC opened at 24.00 VND, reached a high of 24.00 VND, a low of 23.60 VND, and closed the hour at 23.70 VND with a trading volume of 12,400 shares."
2025-11-06 09:00:00,24.0,24.0,24.0,24.0,2500,BKC,"At 2025-11-06 09:00:00, the stock BKC opened at 24.00 VND, reached a high of 24.00 VND, a low of 24.00 VND, and closed the hour at 24.00 VND with a trading volume of 2,500 shares."
2025-11-06 10:00:00,23.7,23.7,23.6,23.6,10700,BKC,"At 2025-11-06 10:00:00, the stock BKC opened at 23.70 VND, reached a high of 23.70 VND, a low of 23.60 VND, and closed the hour at 23.60 VND with a trading volume of 10,700 shares."
2025-11-06 11:00:00,23.7,23.7,23.5,23.6,4600,BKC,"At 2025-11-06 11:00:00, the stock BKC opened at 23.70 VND, reached a high of 23.70 VND, a low of 23.50 VND, and closed the hour at 23.60 VND with a trading volume of 4,600 shares."
2025-11-06 13:00:00,23.6,23.8,23.5,23.7,7600,BKC,"At 2025-11-06 13:00:00, the stock BKC opened at 23.60 VND, reached a high of 23.80 VND, a low of 23.50 VND, and closed the hour at 23.70 VND with a trading volume of 7,600 shares."
2025-11-06 14:00:00,23.8,23.8,23.7,23.7,2600,BKC,"At 2025-11-06 14:00:00, the stock BKC opened at 23.80 VND, reached a high of 23.80 VND, a low of 23.70 VND, and closed the hour at 23.70 VND with a trading volume of 2,600 shares."
2025-11-07 09:00:00,24.2,24.2,24.2,24.2,100,BKC,"At 2025-11-07 09:00:00, the stock BKC opened at 24.20 VND, reached a high of 24.20 VND, a low of 24.20 VND, and closed the hour at 24.20 VND with a trading volume of 100 shares."
2025-11-07 10:00:00,23.5,23.7,23.5,23.6,3500,BKC,"At 2025-11-07 10:00:00, the stock BKC opened at 23.50 VND, reached a high of 23.70 VND, a low of 23.50 VND, and closed the hour at 23.60 VND with a trading volume of 3,500 shares."
2025-11-07 11:00:00,23.6,23.6,23.6,23.6,1400,BKC,"At 2025-11-07 11:00:00, the stock BKC opened at 23.60 VND, reached a high of 23.60 VND, a low of 23.60 VND, and closed the hour at 23.60 VND with a trading volume of 1,400 shares."
2025-11-07 13:00:00,23.6,23.6,23.5,23.6,14200,BKC,"At 2025-11-07 13:00:00, the stock BKC opened at 23.60 VND, reached a high of 23.60 VND, a low of 23.50 VND, and closed the hour at 23.60 VND with a trading volume of 14,200 shares."
2025-11-07 14:00:00,23.6,23.6,23.0,23.0,24200,BKC,"At 2025-11-07 14:00:00, the stock BKC opened at 23.60 VND, reached a high of 23.60 VND, a low of 23.00 VND, and closed the hour at 23.00 VND with a trading volume of 24,200 shares."
2025-11-10 09:00:00,23.0,23.0,22.8,22.8,800,BKC,"At 2025-11-10 09:00:00, the stock BKC opened at 23.00 VND, reached a high of 23.00 VND, a low of 22.80 VND, and closed the hour at 22.80 VND with a trading volume of 800 shares."
2025-11-10 10:00:00,23.0,23.0,22.8,22.8,2900,BKC,"At 2025-11-10 10:00:00, the stock BKC opened at 23.00 VND, reached a high of 23.00 VND, a low of 22.80 VND, and closed the hour at 22.80 VND with a trading volume of 2,900 shares."
2025-11-10 11:00:00,22.8,22.8,22.8,22.8,2000,BKC,"At 2025-11-10 11:00:00, the stock BKC opened at 22.80 VND, reached a high of 22.80 VND, a low of 22.80 VND, and closed the hour at 22.80 VND with a trading volume of 2,000 shares."
2025-11-10 13:00:00,22.9,23.0,22.8,23.0,3400,BKC,"At 2025-11-10 13:00:00, the stock BKC opened at 22.90 VND, reached a high of 23.00 VND, a low of 22.80 VND, and closed the hour at 23.00 VND with a trading volume of 3,400 shares."
2025-11-10 14:00:00,22.9,22.9,22.7,22.7,9500,BKC,"At 2025-11-10 14:00:00, the stock BKC opened at 22.90 VND, reached a high of 22.90 VND, a low of 22.70 VND, and closed the hour at 22.70 VND with a trading volume of 9,500 shares."
2025-11-11 09:00:00,23.0,23.0,22.9,23.0,9900,BKC,"At 2025-11-11 09:00:00, the stock BKC opened at 23.00 VND, reached a high of 23.00 VND, a low of 22.90 VND, and closed the hour at 23.00 VND with a trading volume of 9,900 shares."
2025-11-11 10:00:00,23.0,23.2,22.6,22.6,8800,BKC,"At 2025-11-11 10:00:00, the stock BKC opened at 23.00 VND, reached a high of 23.20 VND, a low of 22.60 VND, and closed the hour at 22.60 VND with a trading volume of 8,800 shares."
2025-11-11 11:00:00,22.6,23.0,22.5,22.7,9900,BKC,"At 2025-11-11 11:00:00, the stock BKC opened at 22.60 VND, reached a high of 23.00 VND, a low of 22.50 VND, and closed the hour at 22.70 VND with a trading volume of 9,900 shares."
2025-11-11 13:00:00,22.5,22.9,22.5,22.9,3200,BKC,"At 2025-11-11 13:00:00, the stock BKC opened at 22.50 VND, reached a high of 22.90 VND, a low of 22.50 VND, and closed the hour at 22.90 VND with a trading volume of 3,200 shares."
2025-11-11 14:00:00,22.9,23.0,22.6,22.6,2500,BKC,"At 2025-11-11 14:00:00, the stock BKC opened at 22.90 VND, reached a high of 23.00 VND, a low of 22.60 VND, and closed the hour at 22.60 VND with a trading volume of 2,500 shares."
2025-11-12 09:00:00,23.0,23.1,23.0,23.1,1000,BKC,"At 2025-11-12 09:00:00, the stock BKC opened at 23.00 VND, reached a high of 23.10 VND, a low of 23.00 VND, and closed the hour at 23.10 VND with a trading volume of 1,000 shares."
2025-11-12 10:00:00,23.0,23.1,23.0,23.1,1000,BKC,"At 2025-11-12 10:00:00, the stock BKC opened at 23.00 VND, reached a high of 23.10 VND, a low of 23.00 VND, and closed the hour at 23.10 VND with a trading volume of 1,000 shares."
2025-11-12 11:00:00,22.8,22.8,22.8,22.8,700,BKC,"At 2025-11-12 11:00:00, the stock BKC opened at 22.80 VND, reached a high of 22.80 VND, a low of 22.80 VND, and closed the hour at 22.80 VND with a trading volume of 700 shares."
2025-11-12 13:00:00,22.9,23.1,22.9,22.9,5600,BKC,"At 2025-11-12 13:00:00, the stock BKC opened at 22.90 VND, reached a high of 23.10 VND, a low of 22.90 VND, and closed the hour at 22.90 VND with a trading volume of 5,600 shares."
2025-11-12 14:00:00,22.8,23.3,22.7,23.3,11000,BKC,"At 2025-11-12 14:00:00, the stock BKC opened at 22.80 VND, reached a high of 23.30 VND, a low of 22.70 VND, and closed the hour at 23.30 VND with a trading volume of 11,000 shares."
2025-11-13 09:00:00,23.3,23.6,23.3,23.6,1800,BKC,"At 2025-11-13 09:00:00, the stock BKC opened at 23.30 VND, reached a high of 23.60 VND, a low of 23.30 VND, and closed the hour at 23.60 VND with a trading volume of 1,800 shares."
2025-11-13 13:00:00,23.3,23.3,23.1,23.1,1700,BKC,"At 2025-11-13 13:00:00, the stock BKC opened at 23.30 VND, reached a high of 23.30 VND, a low of 23.10 VND, and closed the hour at 23.10 VND with a trading volume of 1,700 shares."
2025-11-13 14:00:00,23.0,23.1,23.0,23.0,8000,BKC,"At 2025-11-13 14:00:00, the stock BKC opened at 23.00 VND, reached a high of 23.10 VND, a low of 23.00 VND, and closed the hour at 23.00 VND with a trading volume of 8,000 shares."
2025-11-14 09:00:00,22.7,22.9,22.5,22.5,10200,BKC,"At 2025-11-14 09:00:00, the stock BKC opened at 22.70 VND, reached a high of 22.90 VND, a low of 22.50 VND, and closed the hour at 22.50 VND with a trading volume of 10,200 shares."
2025-11-14 10:00:00,22.6,22.6,22.5,22.5,4700,BKC,"At 2025-11-14 10:00:00, the stock BKC opened at 22.60 VND, reached a high of 22.60 VND, a low of 22.50 VND, and closed the hour at 22.50 VND with a trading volume of 4,700 shares."
2025-11-14 11:00:00,22.5,22.8,22.5,22.6,10500,BKC,"At 2025-11-14 11:00:00, the stock BKC opened at 22.50 VND, reached a high of 22.80 VND, a low of 22.50 VND, and closed the hour at 22.60 VND with a trading volume of 10,500 shares."
2025-11-14 13:00:00,22.6,22.7,22.6,22.6,5200,BKC,"At 2025-11-14 13:00:00, the stock BKC opened at 22.60 VND, reached a high of 22.70 VND, a low of 22.60 VND, and closed the hour at 22.60 VND with a trading volume of 5,200 shares."
2025-11-14 14:00:00,22.6,22.9,22.5,22.7,12200,BKC,"At 2025-11-14 14:00:00, the stock BKC opened at 22.60 VND, reached a high of 22.90 VND, a low of 22.50 VND, and closed the hour at 22.70 VND with a trading volume of 12,200 shares."
2025-11-17 09:00:00,23.8,23.8,22.6,23.5,29900,BKC,"At 2025-11-17 09:00:00, the stock BKC opened at 23.80 VND, reached a high of 23.80 VND, a low of 22.60 VND, and closed the hour at 23.50 VND with a trading volume of 29,900 shares."
2025-11-17 10:00:00,22.9,23.5,22.9,23.3,5400,BKC,"At 2025-11-17 10:00:00, the stock BKC opened at 22.90 VND, reached a high of 23.50 VND, a low of 22.90 VND, and closed the hour at 23.30 VND with a trading volume of 5,400 shares."
2025-11-17 11:00:00,23.5,23.6,23.3,23.3,4600,BKC,"At 2025-11-17 11:00:00, the stock BKC opened at 23.50 VND, reached a high of 23.60 VND, a low of 23.30 VND, and closed the hour at 23.30 VND with a trading volume of 4,600 shares."
2025-11-17 13:00:00,23.0,23.4,23.0,23.1,3900,BKC,"At 2025-11-17 13:00:00, the stock BKC opened at 23.00 VND, reached a high of 23.40 VND, a low of 23.00 VND, and closed the hour at 23.10 VND with a trading volume of 3,900 shares."
2025-11-17 14:00:00,23.2,23.3,23.2,23.3,5200,BKC,"At 2025-11-17 14:00:00, the stock BKC opened at 23.20 VND, reached a high of 23.30 VND, a low of 23.20 VND, and closed the hour at 23.30 VND with a trading volume of 5,200 shares."
2025-11-18 09:00:00,23.1,23.1,23.1,23.1,1000,BKC,"At 2025-11-18 09:00:00, the stock BKC opened at 23.10 VND, reached a high of 23.10 VND, a low of 23.10 VND, and closed the hour at 23.10 VND with a trading volume of 1,000 shares."
2025-11-18 10:00:00,23.1,23.7,23.1,23.4,9300,BKC,"At 2025-11-18 10:00:00, the stock BKC opened at 23.10 VND, reached a high of 23.70 VND, a low of 23.10 VND, and closed the hour at 23.40 VND with a trading volume of 9,300 shares."
2025-11-18 11:00:00,23.4,23.4,23.4,23.4,500,BKC,"At 2025-11-18 11:00:00, the stock BKC opened at 23.40 VND, reached a high of 23.40 VND, a low of 23.40 VND, and closed the hour at 23.40 VND with a trading volume of 500 shares."
2025-11-18 13:00:00,23.3,23.3,22.8,22.9,9800,BKC,"At 2025-11-18 13:00:00, the stock BKC opened at 23.30 VND, reached a high of 23.30 VND, a low of 22.80 VND, and closed the hour at 22.90 VND with a trading volume of 9,800 shares."
2025-11-18 14:00:00,22.9,23.1,22.9,23.1,3300,BKC,"At 2025-11-18 14:00:00, the stock BKC opened at 22.90 VND, reached a high of 23.10 VND, a low of 22.90 VND, and closed the hour at 23.10 VND with a trading volume of 3,300 shares."
2025-11-19 09:00:00,23.7,23.7,23.4,23.4,600,BKC,"At 2025-11-19 09:00:00, the stock BKC opened at 23.70 VND, reached a high of 23.70 VND, a low of 23.40 VND, and closed the hour at 23.40 VND with a trading volume of 600 shares."
2025-11-19 10:00:00,23.3,23.4,23.3,23.4,1600,BKC,"At 2025-11-19 10:00:00, the stock BKC opened at 23.30 VND, reached a high of 23.40 VND, a low of 23.30 VND, and closed the hour at 23.40 VND with a trading volume of 1,600 shares."
2025-11-19 13:00:00,23.0,23.0,22.9,22.9,1400,BKC,"At 2025-11-19 13:00:00, the stock BKC opened at 23.00 VND, reached a high of 23.00 VND, a low of 22.90 VND, and closed the hour at 22.90 VND with a trading volume of 1,400 shares."
2025-11-19 14:00:00,22.9,22.9,22.7,22.7,8300,BKC,"At 2025-11-19 14:00:00, the stock BKC opened at 22.90 VND, reached a high of 22.90 VND, a low of 22.70 VND, and closed the hour at 22.70 VND with a trading volume of 8,300 shares."
2025-11-20 09:00:00,22.8,22.9,22.7,22.7,4200,BKC,"At 2025-11-20 09:00:00, the stock BKC opened at 22.80 VND, reached a high of 22.90 VND, a low of 22.70 VND, and closed the hour at 22.70 VND with a trading volume of 4,200 shares."
2025-11-20 10:00:00,22.7,22.7,22.7,22.7,3800,BKC,"At 2025-11-20 10:00:00, the stock BKC opened at 22.70 VND, reached a high of 22.70 VND, a low of 22.70 VND, and closed the hour at 22.70 VND with a trading volume of 3,800 shares."
2025-11-20 11:00:00,22.7,22.7,22.7,22.7,2700,BKC,"At 2025-11-20 11:00:00, the stock BKC opened at 22.70 VND, reached a high of 22.70 VND, a low of 22.70 VND, and closed the hour at 22.70 VND with a trading volume of 2,700 shares."
2025-11-20 13:00:00,22.7,22.9,22.6,22.7,9600,BKC,"At 2025-11-20 13:00:00, the stock BKC opened at 22.70 VND, reached a high of 22.90 VND, a low of 22.60 VND, and closed the hour at 22.70 VND with a trading volume of 9,600 shares."
2025-11-20 14:00:00,22.7,22.8,22.7,22.8,3400,BKC,"At 2025-11-20 14:00:00, the stock BKC opened at 22.70 VND, reached a high of 22.80 VND, a low of 22.70 VND, and closed the hour at 22.80 VND with a trading volume of 3,400 shares."
2025-11-21 09:00:00,22.6,22.7,22.6,22.6,6100,BKC,"At 2025-11-21 09:00:00, the stock BKC opened at 22.60 VND, reached a high of 22.70 VND, a low of 22.60 VND, and closed the hour at 22.60 VND with a trading volume of 6,100 shares."
2025-11-21 10:00:00,22.7,22.7,22.6,22.6,3000,BKC,"At 2025-11-21 10:00:00, the stock BKC opened at 22.70 VND, reached a high of 22.70 VND, a low of 22.60 VND, and closed the hour at 22.60 VND with a trading volume of 3,000 shares."
2025-11-21 11:00:00,22.6,22.6,22.6,22.6,3500,BKC,"At 2025-11-21 11:00:00, the stock BKC opened at 22.60 VND, reached a high of 22.60 VND, a low of 22.60 VND, and closed the hour at 22.60 VND with a trading volume of 3,500 shares."
2025-11-21 13:00:00,22.5,22.7,22.5,22.5,8900,BKC,"At 2025-11-21 13:00:00, the stock BKC opened at 22.50 VND, reached a high of 22.70 VND, a low of 22.50 VND, and closed the hour at 22.50 VND with a trading volume of 8,900 shares."
2025-11-21 14:00:00,22.5,22.7,22.5,22.7,2400,BKC,"At 2025-11-21 14:00:00, the stock BKC opened at 22.50 VND, reached a high of 22.70 VND, a low of 22.50 VND, and closed the hour at 22.70 VND with a trading volume of 2,400 shares."
2025-11-24 09:00:00,22.7,22.7,22.7,22.7,500,BKC,"At 2025-11-24 09:00:00, the stock BKC opened at 22.70 VND, reached a high of 22.70 VND, a low of 22.70 VND, and closed the hour at 22.70 VND with a trading volume of 500 shares."
2025-11-24 10:00:00,22.7,22.8,22.7,22.7,3300,BKC,"At 2025-11-24 10:00:00, the stock BKC opened at 22.70 VND, reached a high of 22.80 VND, a low of 22.70 VND, and closed the hour at 22.70 VND with a trading volume of 3,300 shares."
2025-11-24 11:00:00,23.0,23.0,22.8,22.8,800,BKC,"At 2025-11-24 11:00:00, the stock BKC opened at 23.00 VND, reached a high of 23.00 VND, a low of 22.80 VND, and closed the hour at 22.80 VND with a trading volume of 800 shares."
2025-11-24 13:00:00,22.7,22.8,22.6,22.7,1200,BKC,"At 2025-11-24 13:00:00, the stock BKC opened at 22.70 VND, reached a high of 22.80 VND, a low of 22.60 VND, and closed the hour at 22.70 VND with a trading volume of 1,200 shares."
2025-11-24 14:00:00,22.6,22.6,22.1,22.1,14700,BKC,"At 2025-11-24 14:00:00, the stock BKC opened at 22.60 VND, reached a high of 22.60 VND, a low of 22.10 VND, and closed the hour at 22.10 VND with a trading volume of 14,700 shares."
2025-11-25 09:00:00,22.5,22.5,22.5,22.5,2900,BKC,"At 2025-11-25 09:00:00, the stock BKC opened at 22.50 VND, reached a high of 22.50 VND, a low of 22.50 VND, and closed the hour at 22.50 VND with a trading volume of 2,900 shares."
2025-11-25 10:00:00,22.2,22.5,22.2,22.5,3100,BKC,"At 2025-11-25 10:00:00, the stock BKC opened at 22.20 VND, reached a high of 22.50 VND, a low of 22.20 VND, and closed the hour at 22.50 VND with a trading volume of 3,100 shares."
2025-11-25 11:00:00,22.5,22.5,22.4,22.4,500,BKC,"At 2025-11-25 11:00:00, the stock BKC opened at 22.50 VND, reached a high of 22.50 VND, a low of 22.40 VND, and closed the hour at 22.40 VND with a trading volume of 500 shares."
2025-11-25 13:00:00,22.4,22.4,22.4,22.4,200,BKC,"At 2025-11-25 13:00:00, the stock BKC opened at 22.40 VND, reached a high of 22.40 VND, a low of 22.40 VND, and closed the hour at 22.40 VND with a trading volume of 200 shares."
2025-11-25 14:00:00,22.2,22.4,22.2,22.4,2700,BKC,"At 2025-11-25 14:00:00, the stock BKC opened at 22.20 VND, reached a high of 22.40 VND, a low of 22.20 VND, and closed the hour at 22.40 VND with a trading volume of 2,700 shares."
2025-11-26 09:00:00,22.7,22.7,22.7,22.7,100,BKC,"At 2025-11-26 09:00:00, the stock BKC opened at 22.70 VND, reached a high of 22.70 VND, a low of 22.70 VND, and closed the hour at 22.70 VND with a trading volume of 100 shares."
2025-11-26 10:00:00,22.6,22.6,22.5,22.5,1200,BKC,"At 2025-11-26 10:00:00, the stock BKC opened at 22.60 VND, reached a high of 22.60 VND, a low of 22.50 VND, and closed the hour at 22.50 VND with a trading volume of 1,200 shares."
2025-11-26 11:00:00,22.5,22.5,22.2,22.2,1800,BKC,"At 2025-11-26 11:00:00, the stock BKC opened at 22.50 VND, reached a high of 22.50 VND, a low of 22.20 VND, and closed the hour at 22.20 VND with a trading volume of 1,800 shares."
2025-11-26 13:00:00,22.2,22.8,22.2,22.7,12400,BKC,"At 2025-11-26 13:00:00, the stock BKC opened at 22.20 VND, reached a high of 22.80 VND, a low of 22.20 VND, and closed the hour at 22.70 VND with a trading volume of 12,400 shares."
2025-11-26 14:00:00,22.8,22.8,22.6,22.6,3900,BKC,"At 2025-11-26 14:00:00, the stock BKC opened at 22.80 VND, reached a high of 22.80 VND, a low of 22.60 VND, and closed the hour at 22.60 VND with a trading volume of 3,900 shares."
2025-11-27 09:00:00,22.7,22.7,22.6,22.6,3300,BKC,"At 2025-11-27 09:00:00, the stock BKC opened at 22.70 VND, reached a high of 22.70 VND, a low of 22.60 VND, and closed the hour at 22.60 VND with a trading volume of 3,300 shares."
2025-11-27 10:00:00,22.6,22.8,22.5,22.6,4600,BKC,"At 2025-11-27 10:00:00, the stock BKC opened at 22.60 VND, reached a high of 22.80 VND, a low of 22.50 VND, and closed the hour at 22.60 VND with a trading volume of 4,600 shares."
2025-11-27 13:00:00,22.6,22.8,22.5,22.8,1600,BKC,"At 2025-11-27 13:00:00, the stock BKC opened at 22.60 VND, reached a high of 22.80 VND, a low of 22.50 VND, and closed the hour at 22.80 VND with a trading volume of 1,600 shares."
2025-11-27 14:00:00,22.8,24.0,22.8,23.2,18000,BKC,"At 2025-11-27 14:00:00, the stock BKC opened at 22.80 VND, reached a high of 24.00 VND, a low of 22.80 VND, and closed the hour at 23.20 VND with a trading volume of 18,000 shares."
2025-11-28 09:00:00,23.3,23.3,23.2,23.3,3700,BKC,"At 2025-11-28 09:00:00, the stock BKC opened at 23.30 VND, reached a high of 23.30 VND, a low of 23.20 VND, and closed the hour at 23.30 VND with a trading volume of 3,700 shares."
2025-11-28 10:00:00,23.3,24.0,23.3,23.4,7400,BKC,"At 2025-11-28 10:00:00, the stock BKC opened at 23.30 VND, reached a high of 24.00 VND, a low of 23.30 VND, and closed the hour at 23.40 VND with a trading volume of 7,400 shares."
2025-11-28 11:00:00,23.4,23.4,23.1,23.1,800,BKC,"At 2025-11-28 11:00:00, the stock BKC opened at 23.40 VND, reached a high of 23.40 VND, a low of 23.10 VND, and closed the hour at 23.10 VND with a trading volume of 800 shares."
2025-11-28 13:00:00,23.1,23.1,22.8,22.8,17500,BKC,"At 2025-11-28 13:00:00, the stock BKC opened at 23.10 VND, reached a high of 23.10 VND, a low of 22.80 VND, and closed the hour at 22.80 VND with a trading volume of 17,500 shares."
2025-11-28 14:00:00,22.7,23.0,22.5,22.6,5700,BKC,"At 2025-11-28 14:00:00, the stock BKC opened at 22.70 VND, reached a high of 23.00 VND, a low of 22.50 VND, and closed the hour at 22.60 VND with a trading volume of 5,700 shares."
2025-12-01 09:00:00,22.2,22.9,22.2,22.9,200,BKC,"At 2025-12-01 09:00:00, the stock BKC opened at 22.20 VND, reached a high of 22.90 VND, a low of 22.20 VND, and closed the hour at 22.90 VND with a trading volume of 200 shares."
2025-12-01 10:00:00,22.9,22.9,22.4,22.4,3900,BKC,"At 2025-12-01 10:00:00, the stock BKC opened at 22.90 VND, reached a high of 22.90 VND, a low of 22.40 VND, and closed the hour at 22.40 VND with a trading volume of 3,900 shares."
2025-12-01 13:00:00,22.4,22.4,22.3,22.4,8200,BKC,"At 2025-12-01 13:00:00, the stock BKC opened at 22.40 VND, reached a high of 22.40 VND, a low of 22.30 VND, and closed the hour at 22.40 VND with a trading volume of 8,200 shares."
2025-12-01 14:00:00,22.4,22.4,22.3,22.3,3200,BKC,"At 2025-12-01 14:00:00, the stock BKC opened at 22.40 VND, reached a high of 22.40 VND, a low of 22.30 VND, and closed the hour at 22.30 VND with a trading volume of 3,200 shares."
2025-12-02 09:00:00,22.2,22.3,22.2,22.3,500,BKC,"At 2025-12-02 09:00:00, the stock BKC opened at 22.20 VND, reached a high of 22.30 VND, a low of 22.20 VND, and closed the hour at 22.30 VND with a trading volume of 500 shares."
2025-12-02 10:00:00,22.3,22.3,22.2,22.2,2500,BKC,"At 2025-12-02 10:00:00, the stock BKC opened at 22.30 VND, reached a high of 22.30 VND, a low of 22.20 VND, and closed the hour at 22.20 VND with a trading volume of 2,500 shares."
2025-12-02 11:00:00,22.3,22.3,22.0,22.0,6000,BKC,"At 2025-12-02 11:00:00, the stock BKC opened at 22.30 VND, reached a high of 22.30 VND, a low of 22.00 VND, and closed the hour at 22.00 VND with a trading volume of 6,000 shares."
2025-12-02 13:00:00,22.0,22.2,22.0,22.2,6700,BKC,"At 2025-12-02 13:00:00, the stock BKC opened at 22.00 VND, reached a high of 22.20 VND, a low of 22.00 VND, and closed the hour at 22.20 VND with a trading volume of 6,700 shares."
2025-12-02 14:00:00,22.2,22.5,22.2,22.5,15700,BKC,"At 2025-12-02 14:00:00, the stock BKC opened at 22.20 VND, reached a high of 22.50 VND, a low of 22.20 VND, and closed the hour at 22.50 VND with a trading volume of 15,700 shares."
2025-12-03 09:00:00,22.3,22.3,22.2,22.3,9900,BKC,"At 2025-12-03 09:00:00, the stock BKC opened at 22.30 VND, reached a high of 22.30 VND, a low of 22.20 VND, and closed the hour at 22.30 VND with a trading volume of 9,900 shares."
2025-12-03 10:00:00,22.3,23.5,22.3,22.7,22500,BKC,"At 2025-12-03 10:00:00, the stock BKC opened at 22.30 VND, reached a high of 23.50 VND, a low of 22.30 VND, and closed the hour at 22.70 VND with a trading volume of 22,500 shares."
2025-12-03 11:00:00,22.8,22.8,22.8,22.8,500,BKC,"At 2025-12-03 11:00:00, the stock BKC opened at 22.80 VND, reached a high of 22.80 VND, a low of 22.80 VND, and closed the hour at 22.80 VND with a trading volume of 500 shares."
2025-12-03 13:00:00,22.8,23.3,22.7,23.1,5100,BKC,"At 2025-12-03 13:00:00, the stock BKC opened at 22.80 VND, reached a high of 23.30 VND, a low of 22.70 VND, and closed the hour at 23.10 VND with a trading volume of 5,100 shares."
2025-12-03 14:00:00,23.1,23.1,23.0,23.1,3400,BKC,"At 2025-12-03 14:00:00, the stock BKC opened at 23.10 VND, reached a high of 23.10 VND, a low of 23.00 VND, and closed the hour at 23.10 VND with a trading volume of 3,400 shares."
2025-12-04 09:00:00,23.1,23.1,23.1,23.1,200,BKC,"At 2025-12-04 09:00:00, the stock BKC opened at 23.10 VND, reached a high of 23.10 VND, a low of 23.10 VND, and closed the hour at 23.10 VND with a trading volume of 200 shares."
2025-12-04 10:00:00,23.1,23.1,22.9,22.9,1600,BKC,"At 2025-12-04 10:00:00, the stock BKC opened at 23.10 VND, reached a high of 23.10 VND, a low of 22.90 VND, and closed the hour at 22.90 VND with a trading volume of 1,600 shares."
2025-12-04 11:00:00,23.0,23.0,23.0,23.0,500,BKC,"At 2025-12-04 11:00:00, the stock BKC opened at 23.00 VND, reached a high of 23.00 VND, a low of 23.00 VND, and closed the hour at 23.00 VND with a trading volume of 500 shares."
2025-12-04 13:00:00,22.9,23.1,22.8,22.8,4900,BKC,"At 2025-12-04 13:00:00, the stock BKC opened at 22.90 VND, reached a high of 23.10 VND, a low of 22.80 VND, and closed the hour at 22.80 VND with a trading volume of 4,900 shares."
2025-12-04 14:00:00,22.8,22.8,22.8,22.8,3500,BKC,"At 2025-12-04 14:00:00, the stock BKC opened at 22.80 VND, reached a high of 22.80 VND, a low of 22.80 VND, and closed the hour at 22.80 VND with a trading volume of 3,500 shares."
2025-12-05 09:00:00,22.3,22.8,22.3,22.8,2000,BKC,"At 2025-12-05 09:00:00, the stock BKC opened at 22.30 VND, reached a high of 22.80 VND, a low of 22.30 VND, and closed the hour at 22.80 VND with a trading volume of 2,000 shares."
2025-12-05 10:00:00,22.8,22.8,22.7,22.7,1400,BKC,"At 2025-12-05 10:00:00, the stock BKC opened at 22.80 VND, reached a high of 22.80 VND, a low of 22.70 VND, and closed the hour at 22.70 VND with a trading volume of 1,400 shares."
2025-12-05 11:00:00,22.7,22.7,22.7,22.7,1500,BKC,"At 2025-12-05 11:00:00, the stock BKC opened at 22.70 VND, reached a high of 22.70 VND, a low of 22.70 VND, and closed the hour at 22.70 VND with a trading volume of 1,500 shares."
2025-12-05 13:00:00,22.7,22.8,22.5,22.5,13900,BKC,"At 2025-12-05 13:00:00, the stock BKC opened at 22.70 VND, reached a high of 22.80 VND, a low of 22.50 VND, and closed the hour at 22.50 VND with a trading volume of 13,900 shares."
2025-12-05 14:00:00,22.6,22.6,22.3,22.4,11400,BKC,"At 2025-12-05 14:00:00, the stock BKC opened at 22.60 VND, reached a high of 22.60 VND, a low of 22.30 VND, and closed the hour at 22.40 VND with a trading volume of 11,400 shares."
2025-12-08 09:00:00,22.4,22.4,22.4,22.4,600,BKC,"At 2025-12-08 09:00:00, the stock BKC opened at 22.40 VND, reached a high of 22.40 VND, a low of 22.40 VND, and closed the hour at 22.40 VND with a trading volume of 600 shares."
2025-12-08 10:00:00,22.4,22.4,22.4,22.4,200,BKC,"At 2025-12-08 10:00:00, the stock BKC opened at 22.40 VND, reached a high of 22.40 VND, a low of 22.40 VND, and closed the hour at 22.40 VND with a trading volume of 200 shares."
2025-12-08 13:00:00,22.5,22.5,22.2,22.3,3100,BKC,"At 2025-12-08 13:00:00, the stock BKC opened at 22.50 VND, reached a high of 22.50 VND, a low of 22.20 VND, and closed the hour at 22.30 VND with a trading volume of 3,100 shares."
2025-12-08 14:00:00,22.7,22.7,22.7,22.7,500,BKC,"At 2025-12-08 14:00:00, the stock BKC opened at 22.70 VND, reached a high of 22.70 VND, a low of 22.70 VND, and closed the hour at 22.70 VND with a trading volume of 500 shares."
2025-12-09 09:00:00,22.7,22.8,22.7,22.7,2300,BKC,"At 2025-12-09 09:00:00, the stock BKC opened at 22.70 VND, reached a high of 22.80 VND, a low of 22.70 VND, and closed the hour at 22.70 VND with a trading volume of 2,300 shares."
2025-12-09 10:00:00,22.4,22.4,22.0,22.2,5800,BKC,"At 2025-12-09 10:00:00, the stock BKC opened at 22.40 VND, reached a high of 22.40 VND, a low of 22.00 VND, and closed the hour at 22.20 VND with a trading volume of 5,800 shares."
2025-12-09 11:00:00,22.2,22.2,22.2,22.2,200,BKC,"At 2025-12-09 11:00:00, the stock BKC opened at 22.20 VND, reached a high of 22.20 VND, a low of 22.20 VND, and closed the hour at 22.20 VND with a trading volume of 200 shares."
2025-12-09 13:00:00,22.1,22.5,22.0,22.5,12900,BKC,"At 2025-12-09 13:00:00, the stock BKC opened at 22.10 VND, reached a high of 22.50 VND, a low of 22.00 VND, and closed the hour at 22.50 VND with a trading volume of 12,900 shares."
2025-12-09 14:00:00,22.5,22.6,22.2,22.2,1200,BKC,"At 2025-12-09 14:00:00, the stock BKC opened at 22.50 VND, reached a high of 22.60 VND, a low of 22.20 VND, and closed the hour at 22.20 VND with a trading volume of 1,200 shares."
2025-12-10 09:00:00,22.2,22.3,22.0,22.2,1500,BKC,"At 2025-12-10 09:00:00, the stock BKC opened at 22.20 VND, reached a high of 22.30 VND, a low of 22.00 VND, and closed the hour at 22.20 VND with a trading volume of 1,500 shares."
2025-12-10 10:00:00,22.1,22.1,22.0,22.0,2600,BKC,"At 2025-12-10 10:00:00, the stock BKC opened at 22.10 VND, reached a high of 22.10 VND, a low of 22.00 VND, and closed the hour at 22.00 VND with a trading volume of 2,600 shares."
2025-12-10 11:00:00,22.0,22.0,22.0,22.0,400,BKC,"At 2025-12-10 11:00:00, the stock BKC opened at 22.00 VND, reached a high of 22.00 VND, a low of 22.00 VND, and closed the hour at 22.00 VND with a trading volume of 400 shares."
2025-12-10 13:00:00,22.0,22.1,22.0,22.1,1000,BKC,"At 2025-12-10 13:00:00, the stock BKC opened at 22.00 VND, reached a high of 22.10 VND, a low of 22.00 VND, and closed the hour at 22.10 VND with a trading volume of 1,000 shares."
2025-12-10 14:00:00,22.1,22.1,22.0,22.0,2400,BKC,"At 2025-12-10 14:00:00, the stock BKC opened at 22.10 VND, reached a high of 22.10 VND, a low of 22.00 VND, and closed the hour at 22.00 VND with a trading volume of 2,400 shares."
2025-12-11 09:00:00,22.0,22.0,22.0,22.0,3600,BKC,"At 2025-12-11 09:00:00, the stock BKC opened at 22.00 VND, reached a high of 22.00 VND, a low of 22.00 VND, and closed the hour at 22.00 VND with a trading volume of 3,600 shares."
2025-12-11 10:00:00,22.0,22.0,22.0,22.0,3100,BKC,"At 2025-12-11 10:00:00, the stock BKC opened at 22.00 VND, reached a high of 22.00 VND, a low of 22.00 VND, and closed the hour at 22.00 VND with a trading volume of 3,100 shares."
2025-12-11 11:00:00,22.1,22.1,22.0,22.0,1000,BKC,"At 2025-12-11 11:00:00, the stock BKC opened at 22.10 VND, reached a high of 22.10 VND, a low of 22.00 VND, and closed the hour at 22.00 VND with a trading volume of 1,000 shares."
2025-12-11 13:00:00,22.1,22.1,22.0,22.0,2600,BKC,"At 2025-12-11 13:00:00, the stock BKC opened at 22.10 VND, reached a high of 22.10 VND, a low of 22.00 VND, and closed the hour at 22.00 VND with a trading volume of 2,600 shares."
2025-12-12 09:00:00,22.1,22.1,22.0,22.1,2700,BKC,"At 2025-12-12 09:00:00, the stock BKC opened at 22.10 VND, reached a high of 22.10 VND, a low of 22.00 VND, and closed the hour at 22.10 VND with a trading volume of 2,700 shares."
2025-12-12 10:00:00,22.0,22.0,22.0,22.0,4400,BKC,"At 2025-12-12 10:00:00, the stock BKC opened at 22.00 VND, reached a high of 22.00 VND, a low of 22.00 VND, and closed the hour at 22.00 VND with a trading volume of 4,400 shares."
2025-12-12 13:00:00,21.8,21.8,21.7,21.7,3600,BKC,"At 2025-12-12 13:00:00, the stock BKC opened at 21.80 VND, reached a high of 21.80 VND, a low of 21.70 VND, and closed the hour at 21.70 VND with a trading volume of 3,600 shares."
2025-12-12 14:00:00,21.8,21.8,21.5,21.5,8900,BKC,"At 2025-12-12 14:00:00, the stock BKC opened at 21.80 VND, reached a high of 21.80 VND, a low of 21.50 VND, and closed the hour at 21.50 VND with a trading volume of 8,900 shares."
2025-12-15 10:00:00,21.5,21.5,21.5,21.5,1400,BKC,"At 2025-12-15 10:00:00, the stock BKC opened at 21.50 VND, reached a high of 21.50 VND, a low of 21.50 VND, and closed the hour at 21.50 VND with a trading volume of 1,400 shares."
2025-12-15 11:00:00,21.2,21.2,21.2,21.2,200,BKC,"At 2025-12-15 11:00:00, the stock BKC opened at 21.20 VND, reached a high of 21.20 VND, a low of 21.20 VND, and closed the hour at 21.20 VND with a trading volume of 200 shares."
2025-12-15 13:00:00,21.5,21.5,21.2,21.2,4000,BKC,"At 2025-12-15 13:00:00, the stock BKC opened at 21.50 VND, reached a high of 21.50 VND, a low of 21.20 VND, and closed the hour at 21.20 VND with a trading volume of 4,000 shares."
2025-12-15 14:00:00,21.1,21.1,19.6,21.0,17300,BKC,"At 2025-12-15 14:00:00, the stock BKC opened at 21.10 VND, reached a high of 21.10 VND, a low of 19.60 VND, and closed the hour at 21.00 VND with a trading volume of 17,300 shares."
2025-12-16 09:00:00,21.0,21.0,21.0,21.0,500,BKC,"At 2025-12-16 09:00:00, the stock BKC opened at 21.00 VND, reached a high of 21.00 VND, a low of 21.00 VND, and closed the hour at 21.00 VND with a trading volume of 500 shares."
2025-12-16 10:00:00,20.4,20.4,20.4,20.4,2000,BKC,"At 2025-12-16 10:00:00, the stock BKC opened at 20.40 VND, reached a high of 20.40 VND, a low of 20.40 VND, and closed the hour at 20.40 VND with a trading volume of 2,000 shares."
2025-12-16 11:00:00,20.5,20.7,20.3,20.3,2900,BKC,"At 2025-12-16 11:00:00, the stock BKC opened at 20.50 VND, reached a high of 20.70 VND, a low of 20.30 VND, and closed the hour at 20.30 VND with a trading volume of 2,900 shares."
2025-12-16 13:00:00,20.3,20.5,19.7,20.3,21900,BKC,"At 2025-12-16 13:00:00, the stock BKC opened at 20.30 VND, reached a high of 20.50 VND, a low of 19.70 VND, and closed the hour at 20.30 VND with a trading volume of 21,900 shares."
2025-12-16 14:00:00,20.3,20.6,20.3,20.6,2900,BKC,"At 2025-12-16 14:00:00, the stock BKC opened at 20.30 VND, reached a high of 20.60 VND, a low of 20.30 VND, and closed the hour at 20.60 VND with a trading volume of 2,900 shares."
2025-12-17 09:00:00,20.6,21.9,20.0,20.0,4000,BKC,"At 2025-12-17 09:00:00, the stock BKC opened at 20.60 VND, reached a high of 21.90 VND, a low of 20.00 VND, and closed the hour at 20.00 VND with a trading volume of 4,000 shares."
2025-12-17 10:00:00,20.1,20.8,20.1,20.8,800,BKC,"At 2025-12-17 10:00:00, the stock BKC opened at 20.10 VND, reached a high of 20.80 VND, a low of 20.10 VND, and closed the hour at 20.80 VND with a trading volume of 800 shares."
2025-12-17 13:00:00,20.6,20.8,20.6,20.6,700,BKC,"At 2025-12-17 13:00:00, the stock BKC opened at 20.60 VND, reached a high of 20.80 VND, a low of 20.60 VND, and closed the hour at 20.60 VND with a trading volume of 700 shares."
2025-12-17 14:00:00,20.6,20.6,20.4,20.4,3400,BKC,"At 2025-12-17 14:00:00, the stock BKC opened at 20.60 VND, reached a high of 20.60 VND, a low of 20.40 VND, and closed the hour at 20.40 VND with a trading volume of 3,400 shares."
2025-12-18 09:00:00,19.8,21.0,19.8,20.9,700,BKC,"At 2025-12-18 09:00:00, the stock BKC opened at 19.80 VND, reached a high of 21.00 VND, a low of 19.80 VND, and closed the hour at 20.90 VND with a trading volume of 700 shares."
2025-12-18 10:00:00,20.5,20.5,20.5,20.5,100,BKC,"At 2025-12-18 10:00:00, the stock BKC opened at 20.50 VND, reached a high of 20.50 VND, a low of 20.50 VND, and closed the hour at 20.50 VND with a trading volume of 100 shares."
2025-12-18 11:00:00,20.5,20.5,20.0,20.0,2000,BKC,"At 2025-12-18 11:00:00, the stock BKC opened at 20.50 VND, reached a high of 20.50 VND, a low of 20.00 VND, and closed the hour at 20.00 VND with a trading volume of 2,000 shares."
2025-12-18 13:00:00,20.1,20.4,20.0,20.4,3700,BKC,"At 2025-12-18 13:00:00, the stock BKC opened at 20.10 VND, reached a high of 20.40 VND, a low of 20.00 VND, and closed the hour at 20.40 VND with a trading volume of 3,700 shares."
2025-12-18 14:00:00,19.9,20.4,19.8,20.4,3300,BKC,"At 2025-12-18 14:00:00, the stock BKC opened at 19.90 VND, reached a high of 20.40 VND, a low of 19.80 VND, and closed the hour at 20.40 VND with a trading volume of 3,300 shares."
2025-12-19 09:00:00,20.4,20.5,19.8,20.0,7400,BKC,"At 2025-12-19 09:00:00, the stock BKC opened at 20.40 VND, reached a high of 20.50 VND, a low of 19.80 VND, and closed the hour at 20.00 VND with a trading volume of 7,400 shares."
2025-12-19 10:00:00,20.0,20.1,19.8,20.1,4600,BKC,"At 2025-12-19 10:00:00, the stock BKC opened at 20.00 VND, reached a high of 20.10 VND, a low of 19.80 VND, and closed the hour at 20.10 VND with a trading volume of 4,600 shares."
2025-12-19 11:00:00,19.9,20.1,19.9,20.1,700,BKC,"At 2025-12-19 11:00:00, the stock BKC opened at 19.90 VND, reached a high of 20.10 VND, a low of 19.90 VND, and closed the hour at 20.10 VND with a trading volume of 700 shares."
2025-12-19 13:00:00,20.1,20.3,20.0,20.3,9900,BKC,"At 2025-12-19 13:00:00, the stock BKC opened at 20.10 VND, reached a high of 20.30 VND, a low of 20.00 VND, and closed the hour at 20.30 VND with a trading volume of 9,900 shares."
2025-12-19 14:00:00,20.4,20.4,20.3,20.3,1900,BKC,"At 2025-12-19 14:00:00, the stock BKC opened at 20.40 VND, reached a high of 20.40 VND, a low of 20.30 VND, and closed the hour at 20.30 VND with a trading volume of 1,900 shares."
2025-12-22 09:00:00,20.8,20.9,20.8,20.9,1900,BKC,"At 2025-12-22 09:00:00, the stock BKC opened at 20.80 VND, reached a high of 20.90 VND, a low of 20.80 VND, and closed the hour at 20.90 VND with a trading volume of 1,900 shares."
2025-12-22 10:00:00,20.8,20.8,20.7,20.7,3800,BKC,"At 2025-12-22 10:00:00, the stock BKC opened at 20.80 VND, reached a high of 20.80 VND, a low of 20.70 VND, and closed the hour at 20.70 VND with a trading volume of 3,800 shares."
2025-12-22 11:00:00,20.7,20.7,20.7,20.7,300,BKC,"At 2025-12-22 11:00:00, the stock BKC opened at 20.70 VND, reached a high of 20.70 VND, a low of 20.70 VND, and closed the hour at 20.70 VND with a trading volume of 300 shares."
2025-12-22 13:00:00,20.5,20.7,20.5,20.6,2700,BKC,"At 2025-12-22 13:00:00, the stock BKC opened at 20.50 VND, reached a high of 20.70 VND, a low of 20.50 VND, and closed the hour at 20.60 VND with a trading volume of 2,700 shares."
2025-12-22 14:00:00,20.6,20.9,20.6,20.8,10800,BKC,"At 2025-12-22 14:00:00, the stock BKC opened at 20.60 VND, reached a high of 20.90 VND, a low of 20.60 VND, and closed the hour at 20.80 VND with a trading volume of 10,800 shares."
2025-12-23 09:00:00,20.8,20.8,20.5,20.6,4300,BKC,"At 2025-12-23 09:00:00, the stock BKC opened at 20.80 VND, reached a high of 20.80 VND, a low of 20.50 VND, and closed the hour at 20.60 VND with a trading volume of 4,300 shares."
2025-12-23 10:00:00,20.6,20.6,20.6,20.6,1600,BKC,"At 2025-12-23 10:00:00, the stock BKC opened at 20.60 VND, reached a high of 20.60 VND, a low of 20.60 VND, and closed the hour at 20.60 VND with a trading volume of 1,600 shares."
2025-12-23 11:00:00,20.5,21.0,20.5,21.0,600,BKC,"At 2025-12-23 11:00:00, the stock BKC opened at 20.50 VND, reached a high of 21.00 VND, a low of 20.50 VND, and closed the hour at 21.00 VND with a trading volume of 600 shares."
2025-12-23 13:00:00,21.0,21.0,20.8,20.8,400,BKC,"At 2025-12-23 13:00:00, the stock BKC opened at 21.00 VND, reached a high of 21.00 VND, a low of 20.80 VND, and closed the hour at 20.80 VND with a trading volume of 400 shares."
2025-12-23 14:00:00,20.6,20.6,20.4,20.5,3600,BKC,"At 2025-12-23 14:00:00, the stock BKC opened at 20.60 VND, reached a high of 20.60 VND, a low of 20.40 VND, and closed the hour at 20.50 VND with a trading volume of 3,600 shares."
2025-12-24 09:00:00,20.1,20.2,20.1,20.1,1000,BKC,"At 2025-12-24 09:00:00, the stock BKC opened at 20.10 VND, reached a high of 20.20 VND, a low of 20.10 VND, and closed the hour at 20.10 VND with a trading volume of 1,000 shares."
2025-12-24 10:00:00,20.7,20.7,20.7,20.7,100,BKC,"At 2025-12-24 10:00:00, the stock BKC opened at 20.70 VND, reached a high of 20.70 VND, a low of 20.70 VND, and closed the hour at 20.70 VND with a trading volume of 100 shares."
2025-12-24 11:00:00,20.2,20.2,20.1,20.1,2000,BKC,"At 2025-12-24 11:00:00, the stock BKC opened at 20.20 VND, reached a high of 20.20 VND, a low of 20.10 VND, and closed the hour at 20.10 VND with a trading volume of 2,000 shares."
2025-12-24 13:00:00,20.1,20.2,20.0,20.2,6400,BKC,"At 2025-12-24 13:00:00, the stock BKC opened at 20.10 VND, reached a high of 20.20 VND, a low of 20.00 VND, and closed the hour at 20.20 VND with a trading volume of 6,400 shares."
2025-12-24 14:00:00,20.0,20.5,20.0,20.5,1000,BKC,"At 2025-12-24 14:00:00, the stock BKC opened at 20.00 VND, reached a high of 20.50 VND, a low of 20.00 VND, and closed the hour at 20.50 VND with a trading volume of 1,000 shares."
2025-12-25 09:00:00,20.5,20.5,20.5,20.5,100,BKC,"At 2025-12-25 09:00:00, the stock BKC opened at 20.50 VND, reached a high of 20.50 VND, a low of 20.50 VND, and closed the hour at 20.50 VND with a trading volume of 100 shares."
2025-12-25 10:00:00,20.1,20.1,19.7,19.9,14000,BKC,"At 2025-12-25 10:00:00, the stock BKC opened at 20.10 VND, reached a high of 20.10 VND, a low of 19.70 VND, and closed the hour at 19.90 VND with a trading volume of 14,000 shares."
2025-12-25 11:00:00,19.9,19.9,19.8,19.8,11600,BKC,"At 2025-12-25 11:00:00, the stock BKC opened at 19.90 VND, reached a high of 19.90 VND, a low of 19.80 VND, and closed the hour at 19.80 VND with a trading volume of 11,600 shares."
2025-12-25 13:00:00,19.9,19.9,19.7,19.9,16300,BKC,"At 2025-12-25 13:00:00, the stock BKC opened at 19.90 VND, reached a high of 19.90 VND, a low of 19.70 VND, and closed the hour at 19.90 VND with a trading volume of 16,300 shares."
2025-12-25 14:00:00,19.9,19.9,19.9,19.9,2200,BKC,"At 2025-12-25 14:00:00, the stock BKC opened at 19.90 VND, reached a high of 19.90 VND, a low of 19.90 VND, and closed the hour at 19.90 VND with a trading volume of 2,200 shares."
2025-12-26 09:00:00,19.9,19.9,19.9,19.9,100,BKC,"At 2025-12-26 09:00:00, the stock BKC opened at 19.90 VND, reached a high of 19.90 VND, a low of 19.90 VND, and closed the hour at 19.90 VND with a trading volume of 100 shares."
2025-12-26 10:00:00,19.6,19.6,19.0,19.0,3400,BKC,"At 2025-12-26 10:00:00, the stock BKC opened at 19.60 VND, reached a high of 19.60 VND, a low of 19.00 VND, and closed the hour at 19.00 VND with a trading volume of 3,400 shares."
2025-12-26 11:00:00,19.1,19.1,19.1,19.1,100,BKC,"At 2025-12-26 11:00:00, the stock BKC opened at 19.10 VND, reached a high of 19.10 VND, a low of 19.10 VND, and closed the hour at 19.10 VND with a trading volume of 100 shares."
2025-12-26 13:00:00,19.1,20.0,19.1,19.5,8300,BKC,"At 2025-12-26 13:00:00, the stock BKC opened at 19.10 VND, reached a high of 20.00 VND, a low of 19.10 VND, and closed the hour at 19.50 VND with a trading volume of 8,300 shares."
2025-12-26 14:00:00,20.0,20.0,19.5,19.9,1400,BKC,"At 2025-12-26 14:00:00, the stock BKC opened at 20.00 VND, reached a high of 20.00 VND, a low of 19.50 VND, and closed the hour at 19.90 VND with a trading volume of 1,400 shares."
2025-12-29 09:00:00,19.9,19.9,19.1,19.8,1800,BKC,"At 2025-12-29 09:00:00, the stock BKC opened at 19.90 VND, reached a high of 19.90 VND, a low of 19.10 VND, and closed the hour at 19.80 VND with a trading volume of 1,800 shares."
2025-12-29 10:00:00,19.3,19.3,19.2,19.3,1100,BKC,"At 2025-12-29 10:00:00, the stock BKC opened at 19.30 VND, reached a high of 19.30 VND, a low of 19.20 VND, and closed the hour at 19.30 VND with a trading volume of 1,100 shares."
2025-12-29 11:00:00,19.3,19.3,19.3,19.3,3800,BKC,"At 2025-12-29 11:00:00, the stock BKC opened at 19.30 VND, reached a high of 19.30 VND, a low of 19.30 VND, and closed the hour at 19.30 VND with a trading volume of 3,800 shares."
2025-12-29 13:00:00,19.3,19.7,19.3,19.7,1300,BKC,"At 2025-12-29 13:00:00, the stock BKC opened at 19.30 VND, reached a high of 19.70 VND, a low of 19.30 VND, and closed the hour at 19.70 VND with a trading volume of 1,300 shares."
2025-12-29 14:00:00,19.7,19.9,19.5,19.9,1500,BKC,"At 2025-12-29 14:00:00, the stock BKC opened at 19.70 VND, reached a high of 19.90 VND, a low of 19.50 VND, and closed the hour at 19.90 VND with a trading volume of 1,500 shares."
2025-12-30 09:00:00,19.2,19.9,19.2,19.9,1800,BKC,"At 2025-12-30 09:00:00, the stock BKC opened at 19.20 VND, reached a high of 19.90 VND, a low of 19.20 VND, and closed the hour at 19.90 VND with a trading volume of 1,800 shares."
2025-12-30 10:00:00,19.9,19.9,19.9,19.9,100,BKC,"At 2025-12-30 10:00:00, the stock BKC opened at 19.90 VND, reached a high of 19.90 VND, a low of 19.90 VND, and closed the hour at 19.90 VND with a trading volume of 100 shares."
2025-12-30 13:00:00,19.5,19.5,19.5,19.5,1000,BKC,"At 2025-12-30 13:00:00, the stock BKC opened at 19.50 VND, reached a high of 19.50 VND, a low of 19.50 VND, and closed the hour at 19.50 VND with a trading volume of 1,000 shares."
2025-12-30 14:00:00,19.8,19.9,19.6,19.6,1500,BKC,"At 2025-12-30 14:00:00, the stock BKC opened at 19.80 VND, reached a high of 19.90 VND, a low of 19.60 VND, and closed the hour at 19.60 VND with a trading volume of 1,500 shares."
2025-12-31 10:00:00,19.4,19.4,19.4,19.4,1200,BKC,"At 2025-12-31 10:00:00, the stock BKC opened at 19.40 VND, reached a high of 19.40 VND, a low of 19.40 VND, and closed the hour at 19.40 VND with a trading volume of 1,200 shares."
2025-12-31 11:00:00,19.7,19.7,19.7,19.7,100,BKC,"At 2025-12-31 11:00:00, the stock BKC opened at 19.70 VND, reached a high of 19.70 VND, a low of 19.70 VND, and closed the hour at 19.70 VND with a trading volume of 100 shares."
2025-12-31 13:00:00,19.6,20.7,19.6,20.7,13500,BKC,"At 2025-12-31 13:00:00, the stock BKC opened at 19.60 VND, reached a high of 20.70 VND, a low of 19.60 VND, and closed the hour at 20.70 VND with a trading volume of 13,500 shares."
2025-12-31 14:00:00,20.8,20.8,20.4,20.4,8100,BKC,"At 2025-12-31 14:00:00, the stock BKC opened at 20.80 VND, reached a high of 20.80 VND, a low of 20.40 VND, and closed the hour at 20.40 VND with a trading volume of 8,100 shares."
2026-01-05 09:00:00,20.3,21.3,20.3,20.5,15600,BKC,"At 2026-01-05 09:00:00, the stock BKC opened at 20.30 VND, reached a high of 21.30 VND, a low of 20.30 VND, and closed the hour at 20.50 VND with a trading volume of 15,600 shares."
2026-01-05 10:00:00,21.0,21.1,20.8,21.0,12500,BKC,"At 2026-01-05 10:00:00, the stock BKC opened at 21.00 VND, reached a high of 21.10 VND, a low of 20.80 VND, and closed the hour at 21.00 VND with a trading volume of 12,500 shares."
2026-01-05 11:00:00,21.0,21.0,20.8,21.0,2300,BKC,"At 2026-01-05 11:00:00, the stock BKC opened at 21.00 VND, reached a high of 21.00 VND, a low of 20.80 VND, and closed the hour at 21.00 VND with a trading volume of 2,300 shares."
2026-01-05 13:00:00,20.9,21.0,20.8,20.9,8500,BKC,"At 2026-01-05 13:00:00, the stock BKC opened at 20.90 VND, reached a high of 21.00 VND, a low of 20.80 VND, and closed the hour at 20.90 VND with a trading volume of 8,500 shares."
2026-01-05 14:00:00,20.9,21.1,20.7,20.8,11100,BKC,"At 2026-01-05 14:00:00, the stock BKC opened at 20.90 VND, reached a high of 21.10 VND, a low of 20.70 VND, and closed the hour at 20.80 VND with a trading volume of 11,100 shares."
2026-01-06 09:00:00,20.8,20.8,20.7,20.7,3000,BKC,"At 2026-01-06 09:00:00, the stock BKC opened at 20.80 VND, reached a high of 20.80 VND, a low of 20.70 VND, and closed the hour at 20.70 VND with a trading volume of 3,000 shares."
2026-01-06 10:00:00,20.7,21.0,20.7,20.8,8200,BKC,"At 2026-01-06 10:00:00, the stock BKC opened at 20.70 VND, reached a high of 21.00 VND, a low of 20.70 VND, and closed the hour at 20.80 VND with a trading volume of 8,200 shares."
2026-01-06 11:00:00,20.8,20.9,20.8,20.9,8600,BKC,"At 2026-01-06 11:00:00, the stock BKC opened at 20.80 VND, reached a high of 20.90 VND, a low of 20.80 VND, and closed the hour at 20.90 VND with a trading volume of 8,600 shares."
2026-01-06 13:00:00,20.8,20.9,20.7,20.8,18700,BKC,"At 2026-01-06 13:00:00, the stock BKC opened at 20.80 VND, reached a high of 20.90 VND, a low of 20.70 VND, and closed the hour at 20.80 VND with a trading volume of 18,700 shares."
2026-01-06 14:00:00,20.8,20.9,20.8,20.9,4700,BKC,"At 2026-01-06 14:00:00, the stock BKC opened at 20.80 VND, reached a high of 20.90 VND, a low of 20.80 VND, and closed the hour at 20.90 VND with a trading volume of 4,700 shares."
2026-01-07 09:00:00,21.3,22.9,21.3,22.9,50000,BKC,"At 2026-01-07 09:00:00, the stock BKC opened at 21.30 VND, reached a high of 22.90 VND, a low of 21.30 VND, and closed the hour at 22.90 VND with a trading volume of 50,000 shares."
2026-01-07 10:00:00,22.9,22.9,22.9,22.9,5600,BKC,"At 2026-01-07 10:00:00, the stock BKC opened at 22.90 VND, reached a high of 22.90 VND, a low of 22.90 VND, and closed the hour at 22.90 VND with a trading volume of 5,600 shares."
2026-01-07 11:00:00,22.9,22.9,22.9,22.9,200,BKC,"At 2026-01-07 11:00:00, the stock BKC opened at 22.90 VND, reached a high of 22.90 VND, a low of 22.90 VND, and closed the hour at 22.90 VND with a trading volume of 200 shares."
2026-01-07 13:00:00,22.9,22.9,22.9,22.9,300,BKC,"At 2026-01-07 13:00:00, the stock BKC opened at 22.90 VND, reached a high of 22.90 VND, a low of 22.90 VND, and closed the hour at 22.90 VND with a trading volume of 300 shares."
2026-01-07 14:00:00,22.9,22.9,22.9,22.9,400,BKC,"At 2026-01-07 14:00:00, the stock BKC opened at 22.90 VND, reached a high of 22.90 VND, a low of 22.90 VND, and closed the hour at 22.90 VND with a trading volume of 400 shares."
2026-01-08 09:00:00,25.1,25.1,25.1,25.1,26800,BKC,"At 2026-01-08 09:00:00, the stock BKC opened at 25.10 VND, reached a high of 25.10 VND, a low of 25.10 VND, and closed the hour at 25.10 VND with a trading volume of 26,800 shares."
2026-01-08 10:00:00,25.1,25.1,25.1,25.1,13000,BKC,"At 2026-01-08 10:00:00, the stock BKC opened at 25.10 VND, reached a high of 25.10 VND, a low of 25.10 VND, and closed the hour at 25.10 VND with a trading volume of 13,000 shares."
2026-01-08 11:00:00,25.1,25.1,25.1,25.1,500,BKC,"At 2026-01-08 11:00:00, the stock BKC opened at 25.10 VND, reached a high of 25.10 VND, a low of 25.10 VND, and closed the hour at 25.10 VND with a trading volume of 500 shares."
2026-01-08 13:00:00,25.1,25.1,25.1,25.1,1800,BKC,"At 2026-01-08 13:00:00, the stock BKC opened at 25.10 VND, reached a high of 25.10 VND, a low of 25.10 VND, and closed the hour at 25.10 VND with a trading volume of 1,800 shares."
2026-01-08 14:00:00,25.1,25.1,25.1,25.1,13000,BKC,"At 2026-01-08 14:00:00, the stock BKC opened at 25.10 VND, reached a high of 25.10 VND, a low of 25.10 VND, and closed the hour at 25.10 VND with a trading volume of 13,000 shares."
2026-01-09 09:00:00,27.0,27.6,25.1,27.0,400600,BKC,"At 2026-01-09 09:00:00, the stock BKC opened at 27.00 VND, reached a high of 27.60 VND, a low of 25.10 VND, and closed the hour at 27.00 VND with a trading volume of 400,600 shares."
2026-01-09 10:00:00,27.0,27.6,26.0,27.5,179700,BKC,"At 2026-01-09 10:00:00, the stock BKC opened at 27.00 VND, reached a high of 27.60 VND, a low of 26.00 VND, and closed the hour at 27.50 VND with a trading volume of 179,700 shares."
2026-01-09 11:00:00,27.4,27.4,26.9,26.9,6800,BKC,"At 2026-01-09 11:00:00, the stock BKC opened at 27.40 VND, reached a high of 27.40 VND, a low of 26.90 VND, and closed the hour at 26.90 VND with a trading volume of 6,800 shares."
2026-01-09 13:00:00,26.9,27.0,25.6,27.0,18300,BKC,"At 2026-01-09 13:00:00, the stock BKC opened at 26.90 VND, reached a high of 27.00 VND, a low of 25.60 VND, and closed the hour at 27.00 VND with a trading volume of 18,300 shares."
2026-01-09 14:00:00,27.0,27.1,25.7,25.7,11600,BKC,"At 2026-01-09 14:00:00, the stock BKC opened at 27.00 VND, reached a high of 27.10 VND, a low of 25.70 VND, and closed the hour at 25.70 VND with a trading volume of 11,600 shares."
2026-01-12 09:00:00,26.8,26.8,24.4,25.0,37500,BKC,"At 2026-01-12 09:00:00, the stock BKC opened at 26.80 VND, reached a high of 26.80 VND, a low of 24.40 VND, and closed the hour at 25.00 VND with a trading volume of 37,500 shares."
2026-01-12 10:00:00,24.9,24.9,24.4,24.6,9600,BKC,"At 2026-01-12 10:00:00, the stock BKC opened at 24.90 VND, reached a high of 24.90 VND, a low of 24.40 VND, and closed the hour at 24.60 VND with a trading volume of 9,600 shares."
2026-01-12 11:00:00,24.9,24.9,24.6,24.7,1500,BKC,"At 2026-01-12 11:00:00, the stock BKC opened at 24.90 VND, reached a high of 24.90 VND, a low of 24.60 VND, and closed the hour at 24.70 VND with a trading volume of 1,500 shares."
2026-01-12 13:00:00,24.6,25.7,24.5,25.7,14200,BKC,"At 2026-01-12 13:00:00, the stock BKC opened at 24.60 VND, reached a high of 25.70 VND, a low of 24.50 VND, and closed the hour at 25.70 VND with a trading volume of 14,200 shares."
2026-01-12 14:00:00,25.3,25.6,25.0,25.6,6600,BKC,"At 2026-01-12 14:00:00, the stock BKC opened at 25.30 VND, reached a high of 25.60 VND, a low of 25.00 VND, and closed the hour at 25.60 VND with a trading volume of 6,600 shares."
2026-01-13 09:00:00,25.2,25.2,24.5,24.5,10900,BKC,"At 2026-01-13 09:00:00, the stock BKC opened at 25.20 VND, reached a high of 25.20 VND, a low of 24.50 VND, and closed the hour at 24.50 VND with a trading volume of 10,900 shares."
2026-01-13 10:00:00,24.7,25.3,24.2,24.2,26800,BKC,"At 2026-01-13 10:00:00, the stock BKC opened at 24.70 VND, reached a high of 25.30 VND, a low of 24.20 VND, and closed the hour at 24.20 VND with a trading volume of 26,800 shares."
2026-01-13 11:00:00,24.3,24.6,24.0,24.5,7800,BKC,"At 2026-01-13 11:00:00, the stock BKC opened at 24.30 VND, reached a high of 24.60 VND, a low of 24.00 VND, and closed the hour at 24.50 VND with a trading volume of 7,800 shares."
2026-01-13 13:00:00,24.1,24.1,23.3,23.6,61700,BKC,"At 2026-01-13 13:00:00, the stock BKC opened at 24.10 VND, reached a high of 24.10 VND, a low of 23.30 VND, and closed the hour at 23.60 VND with a trading volume of 61,700 shares."
2026-01-13 14:00:00,23.6,23.8,23.2,23.2,20900,BKC,"At 2026-01-13 14:00:00, the stock BKC opened at 23.60 VND, reached a high of 23.80 VND, a low of 23.20 VND, and closed the hour at 23.20 VND with a trading volume of 20,900 shares."
2026-01-14 09:00:00,24.0,25.5,24.0,24.5,46700,BKC,"At 2026-01-14 09:00:00, the stock BKC opened at 24.00 VND, reached a high of 25.50 VND, a low of 24.00 VND, and closed the hour at 24.50 VND with a trading volume of 46,700 shares."
2026-01-14 10:00:00,24.6,25.5,24.5,25.5,27200,BKC,"At 2026-01-14 10:00:00, the stock BKC opened at 24.60 VND, reached a high of 25.50 VND, a low of 24.50 VND, and closed the hour at 25.50 VND with a trading volume of 27,200 shares."
2026-01-14 11:00:00,25.5,25.5,24.9,24.9,13700,BKC,"At 2026-01-14 11:00:00, the stock BKC opened at 25.50 VND, reached a high of 25.50 VND, a low of 24.90 VND, and closed the hour at 24.90 VND with a trading volume of 13,700 shares."
2026-01-14 13:00:00,25.1,25.5,24.5,24.5,32600,BKC,"At 2026-01-14 13:00:00, the stock BKC opened at 25.10 VND, reached a high of 25.50 VND, a low of 24.50 VND, and closed the hour at 24.50 VND with a trading volume of 32,600 shares."
2026-01-14 14:00:00,24.5,24.7,24.0,24.7,33400,BKC,"At 2026-01-14 14:00:00, the stock BKC opened at 24.50 VND, reached a high of 24.70 VND, a low of 24.00 VND, and closed the hour at 24.70 VND with a trading volume of 33,400 shares."
2026-01-15 09:00:00,24.9,25.0,24.4,24.6,21500,BKC,"At 2026-01-15 09:00:00, the stock BKC opened at 24.90 VND, reached a high of 25.00 VND, a low of 24.40 VND, and closed the hour at 24.60 VND with a trading volume of 21,500 shares."
2026-01-15 10:00:00,24.8,24.8,24.3,24.3,8300,BKC,"At 2026-01-15 10:00:00, the stock BKC opened at 24.80 VND, reached a high of 24.80 VND, a low of 24.30 VND, and closed the hour at 24.30 VND with a trading volume of 8,300 shares."
2026-01-15 11:00:00,24.1,24.3,23.8,24.0,10300,BKC,"At 2026-01-15 11:00:00, the stock BKC opened at 24.10 VND, reached a high of 24.30 VND, a low of 23.80 VND, and closed the hour at 24.00 VND with a trading volume of 10,300 shares."
2026-01-15 13:00:00,24.0,24.1,23.8,23.8,15800,BKC,"At 2026-01-15 13:00:00, the stock BKC opened at 24.00 VND, reached a high of 24.10 VND, a low of 23.80 VND, and closed the hour at 23.80 VND with a trading volume of 15,800 shares."
2026-01-15 14:00:00,24.0,24.4,23.7,24.0,16900,BKC,"At 2026-01-15 14:00:00, the stock BKC opened at 24.00 VND, reached a high of 24.40 VND, a low of 23.70 VND, and closed the hour at 24.00 VND with a trading volume of 16,900 shares."
2026-01-16 09:00:00,24.0,25.3,24.0,25.1,6700,BKC,"At 2026-01-16 09:00:00, the stock BKC opened at 24.00 VND, reached a high of 25.30 VND, a low of 24.00 VND, and closed the hour at 25.10 VND with a trading volume of 6,700 shares."
2026-01-16 10:00:00,24.5,24.5,24.0,24.0,10800,BKC,"At 2026-01-16 10:00:00, the stock BKC opened at 24.50 VND, reached a high of 24.50 VND, a low of 24.00 VND, and closed the hour at 24.00 VND with a trading volume of 10,800 shares."
2026-01-16 11:00:00,24.1,24.1,24.0,24.0,1900,BKC,"At 2026-01-16 11:00:00, the stock BKC opened at 24.10 VND, reached a high of 24.10 VND, a low of 24.00 VND, and closed the hour at 24.00 VND with a trading volume of 1,900 shares."
2026-01-16 13:00:00,24.0,24.0,23.5,23.8,23300,BKC,"At 2026-01-16 13:00:00, the stock BKC opened at 24.00 VND, reached a high of 24.00 VND, a low of 23.50 VND, and closed the hour at 23.80 VND with a trading volume of 23,300 shares."
2026-01-16 14:00:00,23.8,24.0,23.5,23.9,10400,BKC,"At 2026-01-16 14:00:00, the stock BKC opened at 23.80 VND, reached a high of 24.00 VND, a low of 23.50 VND, and closed the hour at 23.90 VND with a trading volume of 10,400 shares."
2026-01-19 09:00:00,23.9,24.0,23.2,23.2,14300,BKC,"At 2026-01-19 09:00:00, the stock BKC opened at 23.90 VND, reached a high of 24.00 VND, a low of 23.20 VND, and closed the hour at 23.20 VND with a trading volume of 14,300 shares."
2026-01-19 10:00:00,23.3,23.6,23.2,23.4,21400,BKC,"At 2026-01-19 10:00:00, the stock BKC opened at 23.30 VND, reached a high of 23.60 VND, a low of 23.20 VND, and closed the hour at 23.40 VND with a trading volume of 21,400 shares."
2026-01-19 11:00:00,23.4,24.8,23.4,24.8,1700,BKC,"At 2026-01-19 11:00:00, the stock BKC opened at 23.40 VND, reached a high of 24.80 VND, a low of 23.40 VND, and closed the hour at 24.80 VND with a trading volume of 1,700 shares."
2026-01-19 13:00:00,23.8,25.3,23.8,24.5,29100,BKC,"At 2026-01-19 13:00:00, the stock BKC opened at 23.80 VND, reached a high of 25.30 VND, a low of 23.80 VND, and closed the hour at 24.50 VND with a trading volume of 29,100 shares."
2026-01-19 14:00:00,24.5,24.5,24.0,24.0,5700,BKC,"At 2026-01-19 14:00:00, the stock BKC opened at 24.50 VND, reached a high of 24.50 VND, a low of 24.00 VND, and closed the hour at 24.00 VND with a trading volume of 5,700 shares."
2026-01-20 09:00:00,24.0,26.0,23.7,25.8,60700,BKC,"At 2026-01-20 09:00:00, the stock BKC opened at 24.00 VND, reached a high of 26.00 VND, a low of 23.70 VND, and closed the hour at 25.80 VND with a trading volume of 60,700 shares."
2026-01-20 10:00:00,25.9,26.0,25.0,25.1,29700,BKC,"At 2026-01-20 10:00:00, the stock BKC opened at 25.90 VND, reached a high of 26.00 VND, a low of 25.00 VND, and closed the hour at 25.10 VND with a trading volume of 29,700 shares."
2026-01-20 11:00:00,25.0,25.0,24.9,24.9,900,BKC,"At 2026-01-20 11:00:00, the stock BKC opened at 25.00 VND, reached a high of 25.00 VND, a low of 24.90 VND, and closed the hour at 24.90 VND with a trading volume of 900 shares."
2026-01-20 13:00:00,25.2,25.2,24.6,24.6,16900,BKC,"At 2026-01-20 13:00:00, the stock BKC opened at 25.20 VND, reached a high of 25.20 VND, a low of 24.60 VND, and closed the hour at 24.60 VND with a trading volume of 16,900 shares."
2026-01-20 14:00:00,24.8,24.9,24.5,24.7,10700,BKC,"At 2026-01-20 14:00:00, the stock BKC opened at 24.80 VND, reached a high of 24.90 VND, a low of 24.50 VND, and closed the hour at 24.70 VND with a trading volume of 10,700 shares."
2026-01-21 09:00:00,24.7,25.0,24.2,24.3,12500,BKC,"At 2026-01-21 09:00:00, the stock BKC opened at 24.70 VND, reached a high of 25.00 VND, a low of 24.20 VND, and closed the hour at 24.30 VND with a trading volume of 12,500 shares."
2026-01-21 10:00:00,24.3,24.4,24.0,24.2,12300,BKC,"At 2026-01-21 10:00:00, the stock BKC opened at 24.30 VND, reached a high of 24.40 VND, a low of 24.00 VND, and closed the hour at 24.20 VND with a trading volume of 12,300 shares."
2026-01-21 11:00:00,24.2,24.2,24.2,24.2,500,BKC,"At 2026-01-21 11:00:00, the stock BKC opened at 24.20 VND, reached a high of 24.20 VND, a low of 24.20 VND, and closed the hour at 24.20 VND with a trading volume of 500 shares."
2026-01-21 13:00:00,24.1,24.4,23.8,24.4,11700,BKC,"At 2026-01-21 13:00:00, the stock BKC opened at 24.10 VND, reached a high of 24.40 VND, a low of 23.80 VND, and closed the hour at 24.40 VND with a trading volume of 11,700 shares."
2026-01-21 14:00:00,24.1,24.3,23.8,23.8,12800,BKC,"At 2026-01-21 14:00:00, the stock BKC opened at 24.10 VND, reached a high of 24.30 VND, a low of 23.80 VND, and closed the hour at 23.80 VND with a trading volume of 12,800 shares."
2026-01-22 09:00:00,23.8,23.8,23.5,23.8,12100,BKC,"At 2026-01-22 09:00:00, the stock BKC opened at 23.80 VND, reached a high of 23.80 VND, a low of 23.50 VND, and closed the hour at 23.80 VND with a trading volume of 12,100 shares."
2026-01-22 10:00:00,23.8,24.0,23.8,23.9,3400,BKC,"At 2026-01-22 10:00:00, the stock BKC opened at 23.80 VND, reached a high of 24.00 VND, a low of 23.80 VND, and closed the hour at 23.90 VND with a trading volume of 3,400 shares."
2026-01-22 11:00:00,23.9,23.9,23.6,23.6,7600,BKC,"At 2026-01-22 11:00:00, the stock BKC opened at 23.90 VND, reached a high of 23.90 VND, a low of 23.60 VND, and closed the hour at 23.60 VND with a trading volume of 7,600 shares."
2026-01-22 13:00:00,23.6,24.2,23.2,23.4,36400,BKC,"At 2026-01-22 13:00:00, the stock BKC opened at 23.60 VND, reached a high of 24.20 VND, a low of 23.20 VND, and closed the hour at 23.40 VND with a trading volume of 36,400 shares."
2026-01-22 14:00:00,23.5,23.8,23.2,23.7,14700,BKC,"At 2026-01-22 14:00:00, the stock BKC opened at 23.50 VND, reached a high of 23.80 VND, a low of 23.20 VND, and closed the hour at 23.70 VND with a trading volume of 14,700 shares."
2026-01-23 09:00:00,23.8,23.8,23.2,23.4,7400,BKC,"At 2026-01-23 09:00:00, the stock BKC opened at 23.80 VND, reached a high of 23.80 VND, a low of 23.20 VND, and closed the hour at 23.40 VND with a trading volume of 7,400 shares."
2026-01-23 10:00:00,23.5,23.6,23.5,23.5,700,BKC,"At 2026-01-23 10:00:00, the stock BKC opened at 23.50 VND, reached a high of 23.60 VND, a low of 23.50 VND, and closed the hour at 23.50 VND with a trading volume of 700 shares."
2026-01-23 11:00:00,23.5,23.7,23.5,23.7,1100,BKC,"At 2026-01-23 11:00:00, the stock BKC opened at 23.50 VND, reached a high of 23.70 VND, a low of 23.50 VND, and closed the hour at 23.70 VND with a trading volume of 1,100 shares."
2026-01-23 13:00:00,23.4,23.7,23.3,23.4,5800,BKC,"At 2026-01-23 13:00:00, the stock BKC opened at 23.40 VND, reached a high of 23.70 VND, a low of 23.30 VND, and closed the hour at 23.40 VND with a trading volume of 5,800 shares."
2026-01-23 14:00:00,23.3,23.5,23.0,23.0,21900,BKC,"At 2026-01-23 14:00:00, the stock BKC opened at 23.30 VND, reached a high of 23.50 VND, a low of 23.00 VND, and closed the hour at 23.00 VND with a trading volume of 21,900 shares."
2026-01-26 09:00:00,24.5,25.2,24.5,24.7,21800,BKC,"At 2026-01-26 09:00:00, the stock BKC opened at 24.50 VND, reached a high of 25.20 VND, a low of 24.50 VND, and closed the hour at 24.70 VND with a trading volume of 21,800 shares."
2026-01-26 10:00:00,24.7,24.7,24.5,24.5,9600,BKC,"At 2026-01-26 10:00:00, the stock BKC opened at 24.70 VND, reached a high of 24.70 VND, a low of 24.50 VND, and closed the hour at 24.50 VND with a trading volume of 9,600 shares."
2026-01-26 11:00:00,24.5,24.6,24.5,24.5,4700,BKC,"At 2026-01-26 11:00:00, the stock BKC opened at 24.50 VND, reached a high of 24.60 VND, a low of 24.50 VND, and closed the hour at 24.50 VND with a trading volume of 4,700 shares."
2026-01-26 13:00:00,24.3,24.5,23.9,24.0,23100,BKC,"At 2026-01-26 13:00:00, the stock BKC opened at 24.30 VND, reached a high of 24.50 VND, a low of 23.90 VND, and closed the hour at 24.00 VND with a trading volume of 23,100 shares."
2026-01-26 14:00:00,24.0,24.2,23.8,24.1,10300,BKC,"At 2026-01-26 14:00:00, the stock BKC opened at 24.00 VND, reached a high of 24.20 VND, a low of 23.80 VND, and closed the hour at 24.10 VND with a trading volume of 10,300 shares."
2026-01-27 09:00:00,25.4,26.4,24.8,24.8,61900,BKC,"At 2026-01-27 09:00:00, the stock BKC opened at 25.40 VND, reached a high of 26.40 VND, a low of 24.80 VND, and closed the hour at 24.80 VND with a trading volume of 61,900 shares."
2026-01-27 10:00:00,25.0,25.1,24.8,24.8,20400,BKC,"At 2026-01-27 10:00:00, the stock BKC opened at 25.00 VND, reached a high of 25.10 VND, a low of 24.80 VND, and closed the hour at 24.80 VND with a trading volume of 20,400 shares."
2026-01-27 11:00:00,24.8,24.8,24.5,24.5,6200,BKC,"At 2026-01-27 11:00:00, the stock BKC opened at 24.80 VND, reached a high of 24.80 VND, a low of 24.50 VND, and closed the hour at 24.50 VND with a trading volume of 6,200 shares."
2026-01-27 13:00:00,24.4,25.0,24.2,24.7,23300,BKC,"At 2026-01-27 13:00:00, the stock BKC opened at 24.40 VND, reached a high of 25.00 VND, a low of 24.20 VND, and closed the hour at 24.70 VND with a trading volume of 23,300 shares."
2026-01-27 14:00:00,24.9,24.9,24.8,24.8,8600,BKC,"At 2026-01-27 14:00:00, the stock BKC opened at 24.90 VND, reached a high of 24.90 VND, a low of 24.80 VND, and closed the hour at 24.80 VND with a trading volume of 8,600 shares."
2026-01-28 09:00:00,25.0,25.3,25.0,25.3,19900,BKC,"At 2026-01-28 09:00:00, the stock BKC opened at 25.00 VND, reached a high of 25.30 VND, a low of 25.00 VND, and closed the hour at 25.30 VND with a trading volume of 19,900 shares."
2026-01-28 10:00:00,25.3,26.9,25.2,26.3,68500,BKC,"At 2026-01-28 10:00:00, the stock BKC opened at 25.30 VND, reached a high of 26.90 VND, a low of 25.20 VND, and closed the hour at 26.30 VND with a trading volume of 68,500 shares."
2026-01-28 11:00:00,26.0,26.0,25.8,25.9,15100,BKC,"At 2026-01-28 11:00:00, the stock BKC opened at 26.00 VND, reached a high of 26.00 VND, a low of 25.80 VND, and closed the hour at 25.90 VND with a trading volume of 15,100 shares."
2026-01-28 13:00:00,25.9,27.2,25.8,27.2,168200,BKC,"At 2026-01-28 13:00:00, the stock BKC opened at 25.90 VND, reached a high of 27.20 VND, a low of 25.80 VND, and closed the hour at 27.20 VND with a trading volume of 168,200 shares."
2026-01-28 14:00:00,27.2,27.2,27.2,27.2,40000,BKC,"At 2026-01-28 14:00:00, the stock BKC opened at 27.20 VND, reached a high of 27.20 VND, a low of 27.20 VND, and closed the hour at 27.20 VND with a trading volume of 40,000 shares."
2026-01-29 09:00:00,29.8,29.9,27.5,29.9,179700,BKC,"At 2026-01-29 09:00:00, the stock BKC opened at 29.80 VND, reached a high of 29.90 VND, a low of 27.50 VND, and closed the hour at 29.90 VND with a trading volume of 179,700 shares."
2026-01-29 10:00:00,29.9,29.9,29.9,29.9,3200,BKC,"At 2026-01-29 10:00:00, the stock BKC opened at 29.90 VND, reached a high of 29.90 VND, a low of 29.90 VND, and closed the hour at 29.90 VND with a trading volume of 3,200 shares."
2026-01-29 11:00:00,29.9,29.9,29.9,29.9,200,BKC,"At 2026-01-29 11:00:00, the stock BKC opened at 29.90 VND, reached a high of 29.90 VND, a low of 29.90 VND, and closed the hour at 29.90 VND with a trading volume of 200 shares."
2026-01-29 13:00:00,29.9,29.9,29.9,29.9,4000,BKC,"At 2026-01-29 13:00:00, the stock BKC opened at 29.90 VND, reached a high of 29.90 VND, a low of 29.90 VND, and closed the hour at 29.90 VND with a trading volume of 4,000 shares."
2026-01-29 14:00:00,29.9,29.9,29.9,29.9,1400,BKC,"At 2026-01-29 14:00:00, the stock BKC opened at 29.90 VND, reached a high of 29.90 VND, a low of 29.90 VND, and closed the hour at 29.90 VND with a trading volume of 1,400 shares."
2026-01-30 09:00:00,32.0,32.8,31.2,32.0,260900,BKC,"At 2026-01-30 09:00:00, the stock BKC opened at 32.00 VND, reached a high of 32.80 VND, a low of 31.20 VND, and closed the hour at 32.00 VND with a trading volume of 260,900 shares."
2026-01-30 10:00:00,31.8,32.8,31.8,31.9,46800,BKC,"At 2026-01-30 10:00:00, the stock BKC opened at 31.80 VND, reached a high of 32.80 VND, a low of 31.80 VND, and closed the hour at 31.90 VND with a trading volume of 46,800 shares."
2026-01-30 11:00:00,31.9,32.0,31.2,31.6,19200,BKC,"At 2026-01-30 11:00:00, the stock BKC opened at 31.90 VND, reached a high of 32.00 VND, a low of 31.20 VND, and closed the hour at 31.60 VND with a trading volume of 19,200 shares."
2026-01-30 13:00:00,31.5,32.7,30.0,32.0,97400,BKC,"At 2026-01-30 13:00:00, the stock BKC opened at 31.50 VND, reached a high of 32.70 VND, a low of 30.00 VND, and closed the hour at 32.00 VND with a trading volume of 97,400 shares."
2026-01-30 14:00:00,32.0,32.0,31.4,31.5,36800,BKC,"At 2026-01-30 14:00:00, the stock BKC opened at 32.00 VND, reached a high of 32.00 VND, a low of 31.40 VND, and closed the hour at 31.50 VND with a trading volume of 36,800 shares."
2026-02-02 09:00:00,31.5,31.5,28.4,29.0,165800,BKC,"At 2026-02-02 09:00:00, the stock BKC opened at 31.50 VND, reached a high of 31.50 VND, a low of 28.40 VND, and closed the hour at 29.00 VND with a trading volume of 165,800 shares."
2026-02-02 10:00:00,29.5,29.7,29.0,29.7,19700,BKC,"At 2026-02-02 10:00:00, the stock BKC opened at 29.50 VND, reached a high of 29.70 VND, a low of 29.00 VND, and closed the hour at 29.70 VND with a trading volume of 19,700 shares."
2026-02-02 11:00:00,29.2,29.5,29.0,29.5,5500,BKC,"At 2026-02-02 11:00:00, the stock BKC opened at 29.20 VND, reached a high of 29.50 VND, a low of 29.00 VND, and closed the hour at 29.50 VND with a trading volume of 5,500 shares."
2026-02-02 13:00:00,29.2,29.2,28.4,28.4,61500,BKC,"At 2026-02-02 13:00:00, the stock BKC opened at 29.20 VND, reached a high of 29.20 VND, a low of 28.40 VND, and closed the hour at 28.40 VND with a trading volume of 61,500 shares."
2026-02-02 14:00:00,28.4,28.5,28.4,28.4,18800,BKC,"At 2026-02-02 14:00:00, the stock BKC opened at 28.40 VND, reached a high of 28.50 VND, a low of 28.40 VND, and closed the hour at 28.40 VND with a trading volume of 18,800 shares."
2026-02-03 09:00:00,28.7,29.2,28.4,28.4,20600,BKC,"At 2026-02-03 09:00:00, the stock BKC opened at 28.70 VND, reached a high of 29.20 VND, a low of 28.40 VND, and closed the hour at 28.40 VND with a trading volume of 20,600 shares."
2026-02-03 10:00:00,28.3,30.3,28.0,29.5,28900,BKC,"At 2026-02-03 10:00:00, the stock BKC opened at 28.30 VND, reached a high of 30.30 VND, a low of 28.00 VND, and closed the hour at 29.50 VND with a trading volume of 28,900 shares."
2026-02-03 11:00:00,29.5,29.5,28.9,28.9,1100,BKC,"At 2026-02-03 11:00:00, the stock BKC opened at 29.50 VND, reached a high of 29.50 VND, a low of 28.90 VND, and closed the hour at 28.90 VND with a trading volume of 1,100 shares."
2026-02-03 13:00:00,28.8,28.8,27.7,27.9,75100,BKC,"At 2026-02-03 13:00:00, the stock BKC opened at 28.80 VND, reached a high of 28.80 VND, a low of 27.70 VND, and closed the hour at 27.90 VND with a trading volume of 75,100 shares."
2026-02-03 14:00:00,28.0,28.4,27.0,27.2,58200,BKC,"At 2026-02-03 14:00:00, the stock BKC opened at 28.00 VND, reached a high of 28.40 VND, a low of 27.00 VND, and closed the hour at 27.20 VND with a trading volume of 58,200 shares."
2026-02-04 09:00:00,27.8,29.5,27.8,29.0,11000,BKC,"At 2026-02-04 09:00:00, the stock BKC opened at 27.80 VND, reached a high of 29.50 VND, a low of 27.80 VND, and closed the hour at 29.00 VND with a trading volume of 11,000 shares."
2026-02-04 10:00:00,28.9,28.9,27.8,27.9,12900,BKC,"At 2026-02-04 10:00:00, the stock BKC opened at 28.90 VND, reached a high of 28.90 VND, a low of 27.80 VND, and closed the hour at 27.90 VND with a trading volume of 12,900 shares."
2026-02-04 11:00:00,28.5,28.5,27.7,27.7,3400,BKC,"At 2026-02-04 11:00:00, the stock BKC opened at 28.50 VND, reached a high of 28.50 VND, a low of 27.70 VND, and closed the hour at 27.70 VND with a trading volume of 3,400 shares."
2026-02-04 13:00:00,27.7,28.0,26.7,26.7,52600,BKC,"At 2026-02-04 13:00:00, the stock BKC opened at 27.70 VND, reached a high of 28.00 VND, a low of 26.70 VND, and closed the hour at 26.70 VND with a trading volume of 52,600 shares."
2026-02-04 14:00:00,27.5,27.6,26.7,27.3,24700,BKC,"At 2026-02-04 14:00:00, the stock BKC opened at 27.50 VND, reached a high of 27.60 VND, a low of 26.70 VND, and closed the hour at 27.30 VND with a trading volume of 24,700 shares."
2026-02-05 09:00:00,27.3,27.4,26.4,26.5,33600,BKC,"At 2026-02-05 09:00:00, the stock BKC opened at 27.30 VND, reached a high of 27.40 VND, a low of 26.40 VND, and closed the hour at 26.50 VND with a trading volume of 33,600 shares."
2026-02-05 10:00:00,26.4,26.7,26.2,26.5,31800,BKC,"At 2026-02-05 10:00:00, the stock BKC opened at 26.40 VND, reached a high of 26.70 VND, a low of 26.20 VND, and closed the hour at 26.50 VND with a trading volume of 31,800 shares."
2026-02-05 11:00:00,26.5,26.5,26.0,26.0,20400,BKC,"At 2026-02-05 11:00:00, the stock BKC opened at 26.50 VND, reached a high of 26.50 VND, a low of 26.00 VND, and closed the hour at 26.00 VND with a trading volume of 20,400 shares."
2026-02-05 13:00:00,26.3,26.3,25.3,25.6,29400,BKC,"At 2026-02-05 13:00:00, the stock BKC opened at 26.30 VND, reached a high of 26.30 VND, a low of 25.30 VND, and closed the hour at 25.60 VND with a trading volume of 29,400 shares."
2026-02-05 14:00:00,25.6,26.0,25.3,25.3,28700,BKC,"At 2026-02-05 14:00:00, the stock BKC opened at 25.60 VND, reached a high of 26.00 VND, a low of 25.30 VND, and closed the hour at 25.30 VND with a trading volume of 28,700 shares."
2026-02-06 09:00:00,25.0,25.0,24.1,24.6,63000,BKC,"At 2026-02-06 09:00:00, the stock BKC opened at 25.00 VND, reached a high of 25.00 VND, a low of 24.10 VND, and closed the hour at 24.60 VND with a trading volume of 63,000 shares."
2026-02-06 10:00:00,24.3,24.3,22.9,23.8,59600,BKC,"At 2026-02-06 10:00:00, the stock BKC opened at 24.30 VND, reached a high of 24.30 VND, a low of 22.90 VND, and closed the hour at 23.80 VND with a trading volume of 59,600 shares."
2026-02-06 11:00:00,24.0,24.0,23.7,23.7,8700,BKC,"At 2026-02-06 11:00:00, the stock BKC opened at 24.00 VND, reached a high of 24.00 VND, a low of 23.70 VND, and closed the hour at 23.70 VND with a trading volume of 8,700 shares."
2026-02-06 13:00:00,23.7,24.3,23.7,24.0,26300,BKC,"At 2026-02-06 13:00:00, the stock BKC opened at 23.70 VND, reached a high of 24.30 VND, a low of 23.70 VND, and closed the hour at 24.00 VND with a trading volume of 26,300 shares."
2026-02-06 14:00:00,24.0,24.0,23.6,23.6,13600,BKC,"At 2026-02-06 14:00:00, the stock BKC opened at 24.00 VND, reached a high of 24.00 VND, a low of 23.60 VND, and closed the hour at 23.60 VND with a trading volume of 13,600 shares."
2026-02-09 09:00:00,24.1,24.5,24.1,24.1,5500,BKC,"At 2026-02-09 09:00:00, the stock BKC opened at 24.10 VND, reached a high of 24.50 VND, a low of 24.10 VND, and closed the hour at 24.10 VND with a trading volume of 5,500 shares."
2026-02-09 10:00:00,24.1,24.1,23.8,23.8,3200,BKC,"At 2026-02-09 10:00:00, the stock BKC opened at 24.10 VND, reached a high of 24.10 VND, a low of 23.80 VND, and closed the hour at 23.80 VND with a trading volume of 3,200 shares."
2026-02-09 11:00:00,23.6,23.6,23.5,23.6,3600,BKC,"At 2026-02-09 11:00:00, the stock BKC opened at 23.60 VND, reached a high of 23.60 VND, a low of 23.50 VND, and closed the hour at 23.60 VND with a trading volume of 3,600 shares."
2026-02-09 13:00:00,23.7,24.9,23.7,24.0,9200,BKC,"At 2026-02-09 13:00:00, the stock BKC opened at 23.70 VND, reached a high of 24.90 VND, a low of 23.70 VND, and closed the hour at 24.00 VND with a trading volume of 9,200 shares."
2026-02-09 14:00:00,24.0,24.4,23.8,23.8,10900,BKC,"At 2026-02-09 14:00:00, the stock BKC opened at 24.00 VND, reached a high of 24.40 VND, a low of 23.80 VND, and closed the hour at 23.80 VND with a trading volume of 10,900 shares."
2026-02-10 09:00:00,24.5,24.5,23.7,23.7,10100,BKC,"At 2026-02-10 09:00:00, the stock BKC opened at 24.50 VND, reached a high of 24.50 VND, a low of 23.70 VND, and closed the hour at 23.70 VND with a trading volume of 10,100 shares."
2026-02-10 10:00:00,23.7,23.8,23.0,23.8,23700,BKC,"At 2026-02-10 10:00:00, the stock BKC opened at 23.70 VND, reached a high of 23.80 VND, a low of 23.00 VND, and closed the hour at 23.80 VND with a trading volume of 23,700 shares."
2026-02-10 11:00:00,23.2,23.8,23.1,23.8,2000,BKC,"At 2026-02-10 11:00:00, the stock BKC opened at 23.20 VND, reached a high of 23.80 VND, a low of 23.10 VND, and closed the hour at 23.80 VND with a trading volume of 2,000 shares."
2026-02-10 13:00:00,23.6,23.6,22.8,23.0,34900,BKC,"At 2026-02-10 13:00:00, the stock BKC opened at 23.60 VND, reached a high of 23.60 VND, a low of 22.80 VND, and closed the hour at 23.00 VND with a trading volume of 34,900 shares."
2026-02-10 14:00:00,23.0,23.5,22.8,22.9,16700,BKC,"At 2026-02-10 14:00:00, the stock BKC opened at 23.00 VND, reached a high of 23.50 VND, a low of 22.80 VND, and closed the hour at 22.90 VND with a trading volume of 16,700 shares."
2026-02-11 09:00:00,23.5,23.5,22.9,23.3,6200,BKC,"At 2026-02-11 09:00:00, the stock BKC opened at 23.50 VND, reached a high of 23.50 VND, a low of 22.90 VND, and closed the hour at 23.30 VND with a trading volume of 6,200 shares."
2026-02-11 10:00:00,23.4,23.6,23.4,23.4,26700,BKC,"At 2026-02-11 10:00:00, the stock BKC opened at 23.40 VND, reached a high of 23.60 VND, a low of 23.40 VND, and closed the hour at 23.40 VND with a trading volume of 26,700 shares."
2026-02-11 11:00:00,23.2,23.2,23.1,23.2,3200,BKC,"At 2026-02-11 11:00:00, the stock BKC opened at 23.20 VND, reached a high of 23.20 VND, a low of 23.10 VND, and closed the hour at 23.20 VND with a trading volume of 3,200 shares."
2026-02-11 13:00:00,23.2,23.6,23.2,23.6,11300,BKC,"At 2026-02-11 13:00:00, the stock BKC opened at 23.20 VND, reached a high of 23.60 VND, a low of 23.20 VND, and closed the hour at 23.60 VND with a trading volume of 11,300 shares."
2026-02-11 14:00:00,23.6,23.9,23.2,23.3,14600,BKC,"At 2026-02-11 14:00:00, the stock BKC opened at 23.60 VND, reached a high of 23.90 VND, a low of 23.20 VND, and closed the hour at 23.30 VND with a trading volume of 14,600 shares."
2026-02-12 09:00:00,23.9,24.2,23.7,24.2,7500,BKC,"At 2026-02-12 09:00:00, the stock BKC opened at 23.90 VND, reached a high of 24.20 VND, a low of 23.70 VND, and closed the hour at 24.20 VND with a trading volume of 7,500 shares."
2026-02-12 10:00:00,24.0,24.1,23.8,24.1,5900,BKC,"At 2026-02-12 10:00:00, the stock BKC opened at 24.00 VND, reached a high of 24.10 VND, a low of 23.80 VND, and closed the hour at 24.10 VND with a trading volume of 5,900 shares."
2026-02-12 11:00:00,24.2,24.3,24.1,24.2,4600,BKC,"At 2026-02-12 11:00:00, the stock BKC opened at 24.20 VND, reached a high of 24.30 VND, a low of 24.10 VND, and closed the hour at 24.20 VND with a trading volume of 4,600 shares."
2026-02-12 13:00:00,24.2,24.2,23.9,24.2,11700,BKC,"At 2026-02-12 13:00:00, the stock BKC opened at 24.20 VND, reached a high of 24.20 VND, a low of 23.90 VND, and closed the hour at 24.20 VND with a trading volume of 11,700 shares."
2026-02-12 14:00:00,24.2,24.2,23.9,24.0,8900,BKC,"At 2026-02-12 14:00:00, the stock BKC opened at 24.20 VND, reached a high of 24.20 VND, a low of 23.90 VND, and closed the hour at 24.00 VND with a trading volume of 8,900 shares."
2026-02-13 09:00:00,23.6,24.0,23.3,24.0,9700,BKC,"At 2026-02-13 09:00:00, the stock BKC opened at 23.60 VND, reached a high of 24.00 VND, a low of 23.30 VND, and closed the hour at 24.00 VND with a trading volume of 9,700 shares."
2026-02-13 10:00:00,24.0,24.5,24.0,24.3,14000,BKC,"At 2026-02-13 10:00:00, the stock BKC opened at 24.00 VND, reached a high of 24.50 VND, a low of 24.00 VND, and closed the hour at 24.30 VND with a trading volume of 14,000 shares."
2026-02-13 11:00:00,24.1,24.1,24.1,24.1,2200,BKC,"At 2026-02-13 11:00:00, the stock BKC opened at 24.10 VND, reached a high of 24.10 VND, a low of 24.10 VND, and closed the hour at 24.10 VND with a trading volume of 2,200 shares."
2026-02-13 13:00:00,24.2,24.2,24.0,24.1,11500,BKC,"At 2026-02-13 13:00:00, the stock BKC opened at 24.20 VND, reached a high of 24.20 VND, a low of 24.00 VND, and closed the hour at 24.10 VND with a trading volume of 11,500 shares."
2026-02-13 14:00:00,24.2,24.3,24.1,24.2,9500,BKC,"At 2026-02-13 14:00:00, the stock BKC opened at 24.20 VND, reached a high of 24.30 VND, a low of 24.10 VND, and closed the hour at 24.20 VND with a trading volume of 9,500 shares."
2026-02-23 09:00:00,24.2,26.3,24.2,25.5,18400,BKC,"At 2026-02-23 09:00:00, the stock BKC opened at 24.20 VND, reached a high of 26.30 VND, a low of 24.20 VND, and closed the hour at 25.50 VND with a trading volume of 18,400 shares."
2026-02-23 10:00:00,25.4,25.4,25.3,25.3,4400,BKC,"At 2026-02-23 10:00:00, the stock BKC opened at 25.40 VND, reached a high of 25.40 VND, a low of 25.30 VND, and closed the hour at 25.30 VND with a trading volume of 4,400 shares."
2026-02-23 11:00:00,25.3,25.5,25.2,25.2,4100,BKC,"At 2026-02-23 11:00:00, the stock BKC opened at 25.30 VND, reached a high of 25.50 VND, a low of 25.20 VND, and closed the hour at 25.20 VND with a trading volume of 4,100 shares."
2026-02-23 13:00:00,25.2,25.3,25.0,25.3,17700,BKC,"At 2026-02-23 13:00:00, the stock BKC opened at 25.20 VND, reached a high of 25.30 VND, a low of 25.00 VND, and closed the hour at 25.30 VND with a trading volume of 17,700 shares."
2026-02-23 14:00:00,25.3,25.3,25.0,25.0,5800,BKC,"At 2026-02-23 14:00:00, the stock BKC opened at 25.30 VND, reached a high of 25.30 VND, a low of 25.00 VND, and closed the hour at 25.00 VND with a trading volume of 5,800 shares."
2026-02-24 09:00:00,26.0,26.0,25.0,25.2,6500,BKC,"At 2026-02-24 09:00:00, the stock BKC opened at 26.00 VND, reached a high of 26.00 VND, a low of 25.00 VND, and closed the hour at 25.20 VND with a trading volume of 6,500 shares."
2026-02-24 10:00:00,25.0,25.0,24.7,24.7,13800,BKC,"At 2026-02-24 10:00:00, the stock BKC opened at 25.00 VND, reached a high of 25.00 VND, a low of 24.70 VND, and closed the hour at 24.70 VND with a trading volume of 13,800 shares."
2026-02-24 11:00:00,24.8,24.8,24.8,24.8,300,BKC,"At 2026-02-24 11:00:00, the stock BKC opened at 24.80 VND, reached a high of 24.80 VND, a low of 24.80 VND, and closed the hour at 24.80 VND with a trading volume of 300 shares."
2026-02-24 13:00:00,24.8,25.0,24.7,24.7,19200,BKC,"At 2026-02-24 13:00:00, the stock BKC opened at 24.80 VND, reached a high of 25.00 VND, a low of 24.70 VND, and closed the hour at 24.70 VND with a trading volume of 19,200 shares."
2026-02-24 14:00:00,24.8,25.0,24.6,25.0,13700,BKC,"At 2026-02-24 14:00:00, the stock BKC opened at 24.80 VND, reached a high of 25.00 VND, a low of 24.60 VND, and closed the hour at 25.00 VND with a trading volume of 13,700 shares."
2026-02-25 09:00:00,25.0,25.2,24.7,24.9,12400,BKC,"At 2026-02-25 09:00:00, the stock BKC opened at 25.00 VND, reached a high of 25.20 VND, a low of 24.70 VND, and closed the hour at 24.90 VND with a trading volume of 12,400 shares."
2026-02-25 10:00:00,24.9,24.9,24.7,24.9,11800,BKC,"At 2026-02-25 10:00:00, the stock BKC opened at 24.90 VND, reached a high of 24.90 VND, a low of 24.70 VND, and closed the hour at 24.90 VND with a trading volume of 11,800 shares."
2026-02-25 11:00:00,24.9,24.9,24.8,24.8,3800,BKC,"At 2026-02-25 11:00:00, the stock BKC opened at 24.90 VND, reached a high of 24.90 VND, a low of 24.80 VND, and closed the hour at 24.80 VND with a trading volume of 3,800 shares."
2026-02-25 13:00:00,24.8,25.5,24.7,25.4,35000,BKC,"At 2026-02-25 13:00:00, the stock BKC opened at 24.80 VND, reached a high of 25.50 VND, a low of 24.70 VND, and closed the hour at 25.40 VND with a trading volume of 35,000 shares."
2026-02-25 14:00:00,25.2,25.2,24.8,24.8,19600,BKC,"At 2026-02-25 14:00:00, the stock BKC opened at 25.20 VND, reached a high of 25.20 VND, a low of 24.80 VND, and closed the hour at 24.80 VND with a trading volume of 19,600 shares."
2026-02-26 09:00:00,24.9,25.7,24.8,25.1,14500,BKC,"At 2026-02-26 09:00:00, the stock BKC opened at 24.90 VND, reached a high of 25.70 VND, a low of 24.80 VND, and closed the hour at 25.10 VND with a trading volume of 14,500 shares."
2026-02-26 10:00:00,25.2,25.4,25.0,25.0,14000,BKC,"At 2026-02-26 10:00:00, the stock BKC opened at 25.20 VND, reached a high of 25.40 VND, a low of 25.00 VND, and closed the hour at 25.00 VND with a trading volume of 14,000 shares."
2026-02-26 11:00:00,25.0,25.0,24.7,24.8,6900,BKC,"At 2026-02-26 11:00:00, the stock BKC opened at 25.00 VND, reached a high of 25.00 VND, a low of 24.70 VND, and closed the hour at 24.80 VND with a trading volume of 6,900 shares."
2026-02-26 13:00:00,24.8,25.2,24.7,25.0,29400,BKC,"At 2026-02-26 13:00:00, the stock BKC opened at 24.80 VND, reached a high of 25.20 VND, a low of 24.70 VND, and closed the hour at 25.00 VND with a trading volume of 29,400 shares."
2026-02-26 14:00:00,25.0,25.0,24.6,25.0,22100,BKC,"At 2026-02-26 14:00:00, the stock BKC opened at 25.00 VND, reached a high of 25.00 VND, a low of 24.60 VND, and closed the hour at 25.00 VND with a trading volume of 22,100 shares."
2026-02-27 09:00:00,25.0,26.5,25.0,25.8,59500,BKC,"At 2026-02-27 09:00:00, the stock BKC opened at 25.00 VND, reached a high of 26.50 VND, a low of 25.00 VND, and closed the hour at 25.80 VND with a trading volume of 59,500 shares."
2026-02-27 10:00:00,25.8,25.9,25.3,25.8,29700,BKC,"At 2026-02-27 10:00:00, the stock BKC opened at 25.80 VND, reached a high of 25.90 VND, a low of 25.30 VND, and closed the hour at 25.80 VND with a trading volume of 29,700 shares."
2026-02-27 11:00:00,25.7,25.7,25.6,25.7,7000,BKC,"At 2026-02-27 11:00:00, the stock BKC opened at 25.70 VND, reached a high of 25.70 VND, a low of 25.60 VND, and closed the hour at 25.70 VND with a trading volume of 7,000 shares."
2026-02-27 13:00:00,25.6,25.7,25.5,25.5,16600,BKC,"At 2026-02-27 13:00:00, the stock BKC opened at 25.60 VND, reached a high of 25.70 VND, a low of 25.50 VND, and closed the hour at 25.50 VND with a trading volume of 16,600 shares."
2026-02-27 14:00:00,25.5,25.6,25.5,25.6,8300,BKC,"At 2026-02-27 14:00:00, the stock BKC opened at 25.50 VND, reached a high of 25.60 VND, a low of 25.50 VND, and closed the hour at 25.60 VND with a trading volume of 8,300 shares."
2026-03-02 09:00:00,26.0,27.8,25.1,27.5,131300,BKC,"At 2026-03-02 09:00:00, the stock BKC opened at 26.00 VND, reached a high of 27.80 VND, a low of 25.10 VND, and closed the hour at 27.50 VND with a trading volume of 131,300 shares."
2026-03-02 10:00:00,27.0,27.6,27.0,27.0,48600,BKC,"At 2026-03-02 10:00:00, the stock BKC opened at 27.00 VND, reached a high of 27.60 VND, a low of 27.00 VND, and closed the hour at 27.00 VND with a trading volume of 48,600 shares."
2026-03-02 11:00:00,27.1,27.1,26.9,27.1,18000,BKC,"At 2026-03-02 11:00:00, the stock BKC opened at 27.10 VND, reached a high of 27.10 VND, a low of 26.90 VND, and closed the hour at 27.10 VND with a trading volume of 18,000 shares."
2026-03-02 13:00:00,27.0,28.1,27.0,28.1,81400,BKC,"At 2026-03-02 13:00:00, the stock BKC opened at 27.00 VND, reached a high of 28.10 VND, a low of 27.00 VND, and closed the hour at 28.10 VND with a trading volume of 81,400 shares."
2026-03-02 14:00:00,28.1,28.1,28.1,28.1,9200,BKC,"At 2026-03-02 14:00:00, the stock BKC opened at 28.10 VND, reached a high of 28.10 VND, a low of 28.10 VND, and closed the hour at 28.10 VND with a trading volume of 9,200 shares."
2026-03-03 09:00:00,28.5,29.9,27.5,27.6,67100,BKC,"At 2026-03-03 09:00:00, the stock BKC opened at 28.50 VND, reached a high of 29.90 VND, a low of 27.50 VND, and closed the hour at 27.60 VND with a trading volume of 67,100 shares."
2026-03-03 10:00:00,27.6,28.2,26.9,28.2,31500,BKC,"At 2026-03-03 10:00:00, the stock BKC opened at 27.60 VND, reached a high of 28.20 VND, a low of 26.90 VND, and closed the hour at 28.20 VND with a trading volume of 31,500 shares."
2026-03-03 11:00:00,28.1,28.1,27.4,27.5,13900,BKC,"At 2026-03-03 11:00:00, the stock BKC opened at 28.10 VND, reached a high of 28.10 VND, a low of 27.40 VND, and closed the hour at 27.50 VND with a trading volume of 13,900 shares."
2026-03-03 13:00:00,27.5,27.5,27.0,27.1,49800,BKC,"At 2026-03-03 13:00:00, the stock BKC opened at 27.50 VND, reached a high of 27.50 VND, a low of 27.00 VND, and closed the hour at 27.10 VND with a trading volume of 49,800 shares."
2026-03-03 14:00:00,27.2,27.3,27.0,27.2,15700,BKC,"At 2026-03-03 14:00:00, the stock BKC opened at 27.20 VND, reached a high of 27.30 VND, a low of 27.00 VND, and closed the hour at 27.20 VND with a trading volume of 15,700 shares."
2026-03-04 09:00:00,27.0,27.0,25.5,25.7,23500,BKC,"At 2026-03-04 09:00:00, the stock BKC opened at 27.00 VND, reached a high of 27.00 VND, a low of 25.50 VND, and closed the hour at 25.70 VND with a trading volume of 23,500 shares."
2026-03-04 10:00:00,25.7,26.0,25.3,25.3,25400,BKC,"At 2026-03-04 10:00:00, the stock BKC opened at 25.70 VND, reached a high of 26.00 VND, a low of 25.30 VND, and closed the hour at 25.30 VND with a trading volume of 25,400 shares."
2026-03-04 11:00:00,25.3,25.6,25.3,25.5,11200,BKC,"At 2026-03-04 11:00:00, the stock BKC opened at 25.30 VND, reached a high of 25.60 VND, a low of 25.30 VND, and closed the hour at 25.50 VND with a trading volume of 11,200 shares."
2026-03-04 13:00:00,25.4,25.4,24.5,24.5,138500,BKC,"At 2026-03-04 13:00:00, the stock BKC opened at 25.40 VND, reached a high of 25.40 VND, a low of 24.50 VND, and closed the hour at 24.50 VND with a trading volume of 138,500 shares."
2026-03-04 14:00:00,24.5,25.1,24.5,24.5,19800,BKC,"At 2026-03-04 14:00:00, the stock BKC opened at 24.50 VND, reached a high of 25.10 VND, a low of 24.50 VND, and closed the hour at 24.50 VND with a trading volume of 19,800 shares."
2026-03-05 09:00:00,24.7,25.8,24.7,24.9,15500,BKC,"At 2026-03-05 09:00:00, the stock BKC opened at 24.70 VND, reached a high of 25.80 VND, a low of 24.70 VND, and closed the hour at 24.90 VND with a trading volume of 15,500 shares."
2026-03-05 10:00:00,24.8,25.0,24.6,25.0,12000,BKC,"At 2026-03-05 10:00:00, the stock BKC opened at 24.80 VND, reached a high of 25.00 VND, a low of 24.60 VND, and closed the hour at 25.00 VND with a trading volume of 12,000 shares."
2026-03-05 11:00:00,24.8,24.8,24.7,24.7,1900,BKC,"At 2026-03-05 11:00:00, the stock BKC opened at 24.80 VND, reached a high of 24.80 VND, a low of 24.70 VND, and closed the hour at 24.70 VND with a trading volume of 1,900 shares."
2026-03-05 13:00:00,24.7,24.8,24.0,24.2,33100,BKC,"At 2026-03-05 13:00:00, the stock BKC opened at 24.70 VND, reached a high of 24.80 VND, a low of 24.00 VND, and closed the hour at 24.20 VND with a trading volume of 33,100 shares."
2026-03-05 14:00:00,24.2,24.2,23.5,24.0,31700,BKC,"At 2026-03-05 14:00:00, the stock BKC opened at 24.20 VND, reached a high of 24.20 VND, a low of 23.50 VND, and closed the hour at 24.00 VND with a trading volume of 31,700 shares."
2026-03-06 09:00:00,23.9,24.0,23.5,23.8,19900,BKC,"At 2026-03-06 09:00:00, the stock BKC opened at 23.90 VND, reached a high of 24.00 VND, a low of 23.50 VND, and closed the hour at 23.80 VND with a trading volume of 19,900 shares."
2026-03-06 10:00:00,23.8,24.0,23.8,24.0,4200,BKC,"At 2026-03-06 10:00:00, the stock BKC opened at 23.80 VND, reached a high of 24.00 VND, a low of 23.80 VND, and closed the hour at 24.00 VND with a trading volume of 4,200 shares."
2026-03-06 11:00:00,24.6,24.6,24.6,24.6,500,BKC,"At 2026-03-06 11:00:00, the stock BKC opened at 24.60 VND, reached a high of 24.60 VND, a low of 24.60 VND, and closed the hour at 24.60 VND with a trading volume of 500 shares."
2026-03-06 13:00:00,24.0,24.0,23.8,23.9,18600,BKC,"At 2026-03-06 13:00:00, the stock BKC opened at 24.00 VND, reached a high of 24.00 VND, a low of 23.80 VND, and closed the hour at 23.90 VND with a trading volume of 18,600 shares."
2026-03-06 14:00:00,23.8,23.9,23.7,23.7,16100,BKC,"At 2026-03-06 14:00:00, the stock BKC opened at 23.80 VND, reached a high of 23.90 VND, a low of 23.70 VND, and closed the hour at 23.70 VND with a trading volume of 16,100 shares."
2026-03-09 09:00:00,23.8,23.8,21.4,21.4,81700,BKC,"At 2026-03-09 09:00:00, the stock BKC opened at 23.80 VND, reached a high of 23.80 VND, a low of 21.40 VND, and closed the hour at 21.40 VND with a trading volume of 81,700 shares."
2026-03-09 10:00:00,21.4,21.4,21.4,21.4,26300,BKC,"At 2026-03-09 10:00:00, the stock BKC opened at 21.40 VND, reached a high of 21.40 VND, a low of 21.40 VND, and closed the hour at 21.40 VND with a trading volume of 26,300 shares."
2026-03-09 11:00:00,21.4,21.4,21.4,21.4,3500,BKC,"At 2026-03-09 11:00:00, the stock BKC opened at 21.40 VND, reached a high of 21.40 VND, a low of 21.40 VND, and closed the hour at 21.40 VND with a trading volume of 3,500 shares."
2026-03-09 13:00:00,21.4,21.8,21.4,21.4,37600,BKC,"At 2026-03-09 13:00:00, the stock BKC opened at 21.40 VND, reached a high of 21.80 VND, a low of 21.40 VND, and closed the hour at 21.40 VND with a trading volume of 37,600 shares."
2026-03-09 14:00:00,21.4,21.4,21.4,21.4,10300,BKC,"At 2026-03-09 14:00:00, the stock BKC opened at 21.40 VND, reached a high of 21.40 VND, a low of 21.40 VND, and closed the hour at 21.40 VND with a trading volume of 10,300 shares."
2026-03-10 09:00:00,21.4,22.4,21.3,21.5,28200,BKC,"At 2026-03-10 09:00:00, the stock BKC opened at 21.40 VND, reached a high of 22.40 VND, a low of 21.30 VND, and closed the hour at 21.50 VND with a trading volume of 28,200 shares."
2026-03-10 10:00:00,22.0,22.9,22.0,22.2,7200,BKC,"At 2026-03-10 10:00:00, the stock BKC opened at 22.00 VND, reached a high of 22.90 VND, a low of 22.00 VND, and closed the hour at 22.20 VND with a trading volume of 7,200 shares."
2026-03-10 11:00:00,22.2,22.2,22.0,22.0,3000,BKC,"At 2026-03-10 11:00:00, the stock BKC opened at 22.20 VND, reached a high of 22.20 VND, a low of 22.00 VND, and closed the hour at 22.00 VND with a trading volume of 3,000 shares."
2026-03-10 13:00:00,22.0,22.6,21.5,22.0,23900,BKC,"At 2026-03-10 13:00:00, the stock BKC opened at 22.00 VND, reached a high of 22.60 VND, a low of 21.50 VND, and closed the hour at 22.00 VND with a trading volume of 23,900 shares."
2026-03-10 14:00:00,22.0,22.4,21.7,22.4,11800,BKC,"At 2026-03-10 14:00:00, the stock BKC opened at 22.00 VND, reached a high of 22.40 VND, a low of 21.70 VND, and closed the hour at 22.40 VND with a trading volume of 11,800 shares."
2026-03-11 09:00:00,22.4,22.5,22.1,22.5,8000,BKC,"At 2026-03-11 09:00:00, the stock BKC opened at 22.40 VND, reached a high of 22.50 VND, a low of 22.10 VND, and closed the hour at 22.50 VND with a trading volume of 8,000 shares."
2026-03-11 10:00:00,22.5,22.9,22.5,22.6,3400,BKC,"At 2026-03-11 10:00:00, the stock BKC opened at 22.50 VND, reached a high of 22.90 VND, a low of 22.50 VND, and closed the hour at 22.60 VND with a trading volume of 3,400 shares."
2026-03-11 11:00:00,22.6,22.8,22.4,22.8,3700,BKC,"At 2026-03-11 11:00:00, the stock BKC opened at 22.60 VND, reached a high of 22.80 VND, a low of 22.40 VND, and closed the hour at 22.80 VND with a trading volume of 3,700 shares."
2026-03-11 13:00:00,22.6,23.5,22.6,23.2,42600,BKC,"At 2026-03-11 13:00:00, the stock BKC opened at 22.60 VND, reached a high of 23.50 VND, a low of 22.60 VND, and closed the hour at 23.20 VND with a trading volume of 42,600 shares."
2026-03-11 14:00:00,23.2,23.2,22.7,22.8,7800,BKC,"At 2026-03-11 14:00:00, the stock BKC opened at 23.20 VND, reached a high of 23.20 VND, a low of 22.70 VND, and closed the hour at 22.80 VND with a trading volume of 7,800 shares."
2026-03-12 09:00:00,22.9,22.9,21.8,22.8,8800,BKC,"At 2026-03-12 09:00:00, the stock BKC opened at 22.90 VND, reached a high of 22.90 VND, a low of 21.80 VND, and closed the hour at 22.80 VND with a trading volume of 8,800 shares."
2026-03-12 10:00:00,22.8,23.2,22.6,23.1,11600,BKC,"At 2026-03-12 10:00:00, the stock BKC opened at 22.80 VND, reached a high of 23.20 VND, a low of 22.60 VND, and closed the hour at 23.10 VND with a trading volume of 11,600 shares."
2026-03-12 11:00:00,23.0,23.1,22.8,22.8,3700,BKC,"At 2026-03-12 11:00:00, the stock BKC opened at 23.00 VND, reached a high of 23.10 VND, a low of 22.80 VND, and closed the hour at 22.80 VND with a trading volume of 3,700 shares."
2026-03-12 13:00:00,22.8,22.9,22.6,22.7,23800,BKC,"At 2026-03-12 13:00:00, the stock BKC opened at 22.80 VND, reached a high of 22.90 VND, a low of 22.60 VND, and closed the hour at 22.70 VND with a trading volume of 23,800 shares."
2026-03-12 14:00:00,22.7,23.1,22.7,22.8,17500,BKC,"At 2026-03-12 14:00:00, the stock BKC opened at 22.70 VND, reached a high of 23.10 VND, a low of 22.70 VND, and closed the hour at 22.80 VND with a trading volume of 17,500 shares."
2026-03-13 09:00:00,22.8,23.0,22.8,23.0,8800,BKC,"At 2026-03-13 09:00:00, the stock BKC opened at 22.80 VND, reached a high of 23.00 VND, a low of 22.80 VND, and closed the hour at 23.00 VND with a trading volume of 8,800 shares."
2026-03-13 10:00:00,23.0,23.0,22.7,22.7,14900,BKC,"At 2026-03-13 10:00:00, the stock BKC opened at 23.00 VND, reached a high of 23.00 VND, a low of 22.70 VND, and closed the hour at 22.70 VND with a trading volume of 14,900 shares."
2026-03-13 11:00:00,22.8,22.8,22.7,22.8,1500,BKC,"At 2026-03-13 11:00:00, the stock BKC opened at 22.80 VND, reached a high of 22.80 VND, a low of 22.70 VND, and closed the hour at 22.80 VND with a trading volume of 1,500 shares."
2026-03-13 13:00:00,22.9,22.9,22.7,22.8,12500,BKC,"At 2026-03-13 13:00:00, the stock BKC opened at 22.90 VND, reached a high of 22.90 VND, a low of 22.70 VND, and closed the hour at 22.80 VND with a trading volume of 12,500 shares."
2026-03-13 14:00:00,22.8,22.8,22.6,22.7,12700,BKC,"At 2026-03-13 14:00:00, the stock BKC opened at 22.80 VND, reached a high of 22.80 VND, a low of 22.60 VND, and closed the hour at 22.70 VND with a trading volume of 12,700 shares."
2026-03-16 09:00:00,22.7,22.7,22.5,22.6,6400,BKC,"At 2026-03-16 09:00:00, the stock BKC opened at 22.70 VND, reached a high of 22.70 VND, a low of 22.50 VND, and closed the hour at 22.60 VND with a trading volume of 6,400 shares."
2026-03-16 10:00:00,22.6,22.6,22.3,22.4,19800,BKC,"At 2026-03-16 10:00:00, the stock BKC opened at 22.60 VND, reached a high of 22.60 VND, a low of 22.30 VND, and closed the hour at 22.40 VND with a trading volume of 19,800 shares."
2026-03-16 11:00:00,22.4,22.4,22.4,22.4,100,BKC,"At 2026-03-16 11:00:00, the stock BKC opened at 22.40 VND, reached a high of 22.40 VND, a low of 22.40 VND, and closed the hour at 22.40 VND with a trading volume of 100 shares."
2026-03-16 13:00:00,22.4,22.4,22.1,22.1,12400,BKC,"At 2026-03-16 13:00:00, the stock BKC opened at 22.40 VND, reached a high of 22.40 VND, a low of 22.10 VND, and closed the hour at 22.10 VND with a trading volume of 12,400 shares."
2026-03-16 14:00:00,22.2,22.8,22.1,22.8,6500,BKC,"At 2026-03-16 14:00:00, the stock BKC opened at 22.20 VND, reached a high of 22.80 VND, a low of 22.10 VND, and closed the hour at 22.80 VND with a trading volume of 6,500 shares."
2026-03-17 09:00:00,22.8,23.0,22.4,22.4,6100,BKC,"At 2026-03-17 09:00:00, the stock BKC opened at 22.80 VND, reached a high of 23.00 VND, a low of 22.40 VND, and closed the hour at 22.40 VND with a trading volume of 6,100 shares."
2026-03-17 10:00:00,22.9,22.9,22.5,22.5,2400,BKC,"At 2026-03-17 10:00:00, the stock BKC opened at 22.90 VND, reached a high of 22.90 VND, a low of 22.50 VND, and closed the hour at 22.50 VND with a trading volume of 2,400 shares."
2026-03-17 11:00:00,22.7,22.7,22.6,22.6,300,BKC,"At 2026-03-17 11:00:00, the stock BKC opened at 22.70 VND, reached a high of 22.70 VND, a low of 22.60 VND, and closed the hour at 22.60 VND with a trading volume of 300 shares."
2026-03-17 13:00:00,22.8,22.8,22.7,22.8,9100,BKC,"At 2026-03-17 13:00:00, the stock BKC opened at 22.80 VND, reached a high of 22.80 VND, a low of 22.70 VND, and closed the hour at 22.80 VND with a trading volume of 9,100 shares."
2026-03-17 14:00:00,22.8,23.0,22.7,22.7,16700,BKC,"At 2026-03-17 14:00:00, the stock BKC opened at 22.80 VND, reached a high of 23.00 VND, a low of 22.70 VND, and closed the hour at 22.70 VND with a trading volume of 16,700 shares."
2026-03-18 09:00:00,22.7,22.9,22.3,22.4,6300,BKC,"At 2026-03-18 09:00:00, the stock BKC opened at 22.70 VND, reached a high of 22.90 VND, a low of 22.30 VND, and closed the hour at 22.40 VND with a trading volume of 6,300 shares."
2026-03-18 10:00:00,22.7,22.8,22.4,22.5,1700,BKC,"At 2026-03-18 10:00:00, the stock BKC opened at 22.70 VND, reached a high of 22.80 VND, a low of 22.40 VND, and closed the hour at 22.50 VND with a trading volume of 1,700 shares."
2026-03-18 11:00:00,22.5,22.5,22.4,22.4,4900,BKC,"At 2026-03-18 11:00:00, the stock BKC opened at 22.50 VND, reached a high of 22.50 VND, a low of 22.40 VND, and closed the hour at 22.40 VND with a trading volume of 4,900 shares."
2026-03-18 13:00:00,22.4,22.5,22.1,22.2,14400,BKC,"At 2026-03-18 13:00:00, the stock BKC opened at 22.40 VND, reached a high of 22.50 VND, a low of 22.10 VND, and closed the hour at 22.20 VND with a trading volume of 14,400 shares."
2026-03-18 14:00:00,22.3,22.3,22.2,22.3,8000,BKC,"At 2026-03-18 14:00:00, the stock BKC opened at 22.30 VND, reached a high of 22.30 VND, a low of 22.20 VND, and closed the hour at 22.30 VND with a trading volume of 8,000 shares."
2026-03-19 09:00:00,22.1,22.7,22.0,22.1,7100,BKC,"At 2026-03-19 09:00:00, the stock BKC opened at 22.10 VND, reached a high of 22.70 VND, a low of 22.00 VND, and closed the hour at 22.10 VND with a trading volume of 7,100 shares."
2026-03-19 10:00:00,22.1,22.2,22.0,22.1,2400,BKC,"At 2026-03-19 10:00:00, the stock BKC opened at 22.10 VND, reached a high of 22.20 VND, a low of 22.00 VND, and closed the hour at 22.10 VND with a trading volume of 2,400 shares."
2026-03-19 13:00:00,22.2,22.2,21.9,21.9,25400,BKC,"At 2026-03-19 13:00:00, the stock BKC opened at 22.20 VND, reached a high of 22.20 VND, a low of 21.90 VND, and closed the hour at 21.90 VND with a trading volume of 25,400 shares."
2026-03-19 14:00:00,22.0,22.3,22.0,22.0,13000,BKC,"At 2026-03-19 14:00:00, the stock BKC opened at 22.00 VND, reached a high of 22.30 VND, a low of 22.00 VND, and closed the hour at 22.00 VND with a trading volume of 13,000 shares."
2026-03-20 09:00:00,22.5,22.7,22.4,22.4,20300,BKC,"At 2026-03-20 09:00:00, the stock BKC opened at 22.50 VND, reached a high of 22.70 VND, a low of 22.40 VND, and closed the hour at 22.40 VND with a trading volume of 20,300 shares."
2026-03-20 10:00:00,22.0,22.1,22.0,22.1,3400,BKC,"At 2026-03-20 10:00:00, the stock BKC opened at 22.00 VND, reached a high of 22.10 VND, a low of 22.00 VND, and closed the hour at 22.10 VND with a trading volume of 3,400 shares."
2026-03-20 11:00:00,22.1,22.1,22.0,22.0,1900,BKC,"At 2026-03-20 11:00:00, the stock BKC opened at 22.10 VND, reached a high of 22.10 VND, a low of 22.00 VND, and closed the hour at 22.00 VND with a trading volume of 1,900 shares."
2026-03-20 13:00:00,22.0,22.2,22.0,22.1,1400,BKC,"At 2026-03-20 13:00:00, the stock BKC opened at 22.00 VND, reached a high of 22.20 VND, a low of 22.00 VND, and closed the hour at 22.10 VND with a trading volume of 1,400 shares."
2026-03-20 14:00:00,22.0,22.0,21.8,21.9,8300,BKC,"At 2026-03-20 14:00:00, the stock BKC opened at 22.00 VND, reached a high of 22.00 VND, a low of 21.80 VND, and closed the hour at 21.90 VND with a trading volume of 8,300 shares."
