time,open,high,low,close,volume,ticker,llm_text
2024-12-26 09:00:00,14.17,17.05,14.17,16.23,14100,BMK,"At 2024-12-26 09:00:00, the stock BMK opened at 14.17 VND, reached a high of 17.05 VND, a low of 14.17 VND, and closed the hour at 16.23 VND with a trading volume of 14,100 shares."
2024-12-26 10:00:00,16.23,16.31,13.26,16.31,20800,BMK,"At 2024-12-26 10:00:00, the stock BMK opened at 16.23 VND, reached a high of 16.31 VND, a low of 13.26 VND, and closed the hour at 16.31 VND with a trading volume of 20,800 shares."
2024-12-26 11:00:00,16.31,17.05,16.31,17.05,5400,BMK,"At 2024-12-26 11:00:00, the stock BMK opened at 16.31 VND, reached a high of 17.05 VND, a low of 16.31 VND, and closed the hour at 17.05 VND with a trading volume of 5,400 shares."
2024-12-26 13:00:00,16.06,16.97,16.06,16.64,2700,BMK,"At 2024-12-26 13:00:00, the stock BMK opened at 16.06 VND, reached a high of 16.97 VND, a low of 16.06 VND, and closed the hour at 16.64 VND with a trading volume of 2,700 shares."
2024-12-26 14:00:00,16.8,17.05,16.56,17.05,8400,BMK,"At 2024-12-26 14:00:00, the stock BMK opened at 16.80 VND, reached a high of 17.05 VND, a low of 16.56 VND, and closed the hour at 17.05 VND with a trading volume of 8,400 shares."
2024-12-27 09:00:00,17.88,17.88,16.48,17.71,1400,BMK,"At 2024-12-27 09:00:00, the stock BMK opened at 17.88 VND, reached a high of 17.88 VND, a low of 16.48 VND, and closed the hour at 17.71 VND with a trading volume of 1,400 shares."
2024-12-27 10:00:00,17.63,17.71,17.63,17.71,1100,BMK,"At 2024-12-27 10:00:00, the stock BMK opened at 17.63 VND, reached a high of 17.71 VND, a low of 17.63 VND, and closed the hour at 17.71 VND with a trading volume of 1,100 shares."
2024-12-27 13:00:00,16.89,16.89,16.89,16.89,600,BMK,"At 2024-12-27 13:00:00, the stock BMK opened at 16.89 VND, reached a high of 16.89 VND, a low of 16.89 VND, and closed the hour at 16.89 VND with a trading volume of 600 shares."
2024-12-27 14:00:00,17.71,17.88,17.71,17.88,8300,BMK,"At 2024-12-27 14:00:00, the stock BMK opened at 17.71 VND, reached a high of 17.88 VND, a low of 17.71 VND, and closed the hour at 17.88 VND with a trading volume of 8,300 shares."
2024-12-30 09:00:00,17.88,17.88,17.88,17.88,1500,BMK,"At 2024-12-30 09:00:00, the stock BMK opened at 17.88 VND, reached a high of 17.88 VND, a low of 17.88 VND, and closed the hour at 17.88 VND with a trading volume of 1,500 shares."
2024-12-30 10:00:00,17.88,17.88,17.88,17.88,1500,BMK,"At 2024-12-30 10:00:00, the stock BMK opened at 17.88 VND, reached a high of 17.88 VND, a low of 17.88 VND, and closed the hour at 17.88 VND with a trading volume of 1,500 shares."
2024-12-30 13:00:00,14.99,15.07,14.99,14.99,10200,BMK,"At 2024-12-30 13:00:00, the stock BMK opened at 14.99 VND, reached a high of 15.07 VND, a low of 14.99 VND, and closed the hour at 14.99 VND with a trading volume of 10,200 shares."
2024-12-30 14:00:00,15.07,17.71,15.07,17.71,3600,BMK,"At 2024-12-30 14:00:00, the stock BMK opened at 15.07 VND, reached a high of 17.71 VND, a low of 15.07 VND, and closed the hour at 17.71 VND with a trading volume of 3,600 shares."
2024-12-31 10:00:00,15.65,15.65,15.65,15.65,200,BMK,"At 2024-12-31 10:00:00, the stock BMK opened at 15.65 VND, reached a high of 15.65 VND, a low of 15.65 VND, and closed the hour at 15.65 VND with a trading volume of 200 shares."
2024-12-31 13:00:00,15.65,16.06,15.65,16.06,1500,BMK,"At 2024-12-31 13:00:00, the stock BMK opened at 15.65 VND, reached a high of 16.06 VND, a low of 15.65 VND, and closed the hour at 16.06 VND with a trading volume of 1,500 shares."
2024-12-31 14:00:00,15.07,15.07,15.07,15.07,500,BMK,"At 2024-12-31 14:00:00, the stock BMK opened at 15.07 VND, reached a high of 15.07 VND, a low of 15.07 VND, and closed the hour at 15.07 VND with a trading volume of 500 shares."
2025-01-02 09:00:00,14.0,16.39,14.0,16.31,7600,BMK,"At 2025-01-02 09:00:00, the stock BMK opened at 14.00 VND, reached a high of 16.39 VND, a low of 14.00 VND, and closed the hour at 16.31 VND with a trading volume of 7,600 shares."
2025-01-02 10:00:00,16.31,16.31,14.17,16.31,400,BMK,"At 2025-01-02 10:00:00, the stock BMK opened at 16.31 VND, reached a high of 16.31 VND, a low of 14.17 VND, and closed the hour at 16.31 VND with a trading volume of 400 shares."
2025-01-02 14:00:00,16.31,16.31,14.58,16.23,3600,BMK,"At 2025-01-02 14:00:00, the stock BMK opened at 16.31 VND, reached a high of 16.31 VND, a low of 14.58 VND, and closed the hour at 16.23 VND with a trading volume of 3,600 shares."
2025-01-03 09:00:00,14.83,15.65,14.83,15.65,600,BMK,"At 2025-01-03 09:00:00, the stock BMK opened at 14.83 VND, reached a high of 15.65 VND, a low of 14.83 VND, and closed the hour at 15.65 VND with a trading volume of 600 shares."
2025-01-03 11:00:00,14.42,14.42,14.09,14.17,2600,BMK,"At 2025-01-03 11:00:00, the stock BMK opened at 14.42 VND, reached a high of 14.42 VND, a low of 14.09 VND, and closed the hour at 14.17 VND with a trading volume of 2,600 shares."
2025-01-03 13:00:00,14.17,15.65,14.09,15.65,1200,BMK,"At 2025-01-03 13:00:00, the stock BMK opened at 14.17 VND, reached a high of 15.65 VND, a low of 14.09 VND, and closed the hour at 15.65 VND with a trading volume of 1,200 shares."
2025-01-03 14:00:00,15.24,15.24,15.16,15.16,1000,BMK,"At 2025-01-03 14:00:00, the stock BMK opened at 15.24 VND, reached a high of 15.24 VND, a low of 15.16 VND, and closed the hour at 15.16 VND with a trading volume of 1,000 shares."
2025-01-06 09:00:00,14.42,14.42,14.42,14.42,100,BMK,"At 2025-01-06 09:00:00, the stock BMK opened at 14.42 VND, reached a high of 14.42 VND, a low of 14.42 VND, and closed the hour at 14.42 VND with a trading volume of 100 shares."
2025-01-06 10:00:00,14.42,14.83,14.42,14.83,1200,BMK,"At 2025-01-06 10:00:00, the stock BMK opened at 14.42 VND, reached a high of 14.83 VND, a low of 14.42 VND, and closed the hour at 14.83 VND with a trading volume of 1,200 shares."
2025-01-07 09:00:00,14.83,14.83,14.83,14.83,1500,BMK,"At 2025-01-07 09:00:00, the stock BMK opened at 14.83 VND, reached a high of 14.83 VND, a low of 14.83 VND, and closed the hour at 14.83 VND with a trading volume of 1,500 shares."
2025-01-07 13:00:00,14.09,14.42,14.09,14.42,200,BMK,"At 2025-01-07 13:00:00, the stock BMK opened at 14.09 VND, reached a high of 14.42 VND, a low of 14.09 VND, and closed the hour at 14.42 VND with a trading volume of 200 shares."
2025-01-07 14:00:00,14.17,14.17,14.0,14.0,2500,BMK,"At 2025-01-07 14:00:00, the stock BMK opened at 14.17 VND, reached a high of 14.17 VND, a low of 14.00 VND, and closed the hour at 14.00 VND with a trading volume of 2,500 shares."
2025-01-08 10:00:00,14.17,14.83,14.17,14.83,700,BMK,"At 2025-01-08 10:00:00, the stock BMK opened at 14.17 VND, reached a high of 14.83 VND, a low of 14.17 VND, and closed the hour at 14.83 VND with a trading volume of 700 shares."
2025-01-08 14:00:00,14.42,14.42,14.42,14.42,500,BMK,"At 2025-01-08 14:00:00, the stock BMK opened at 14.42 VND, reached a high of 14.42 VND, a low of 14.42 VND, and closed the hour at 14.42 VND with a trading volume of 500 shares."
2025-01-09 09:00:00,14.17,14.17,14.17,14.17,500,BMK,"At 2025-01-09 09:00:00, the stock BMK opened at 14.17 VND, reached a high of 14.17 VND, a low of 14.17 VND, and closed the hour at 14.17 VND with a trading volume of 500 shares."
2025-01-09 10:00:00,14.17,14.17,14.17,14.17,200,BMK,"At 2025-01-09 10:00:00, the stock BMK opened at 14.17 VND, reached a high of 14.17 VND, a low of 14.17 VND, and closed the hour at 14.17 VND with a trading volume of 200 shares."
2025-01-09 13:00:00,14.17,14.17,14.17,14.17,1000,BMK,"At 2025-01-09 13:00:00, the stock BMK opened at 14.17 VND, reached a high of 14.17 VND, a low of 14.17 VND, and closed the hour at 14.17 VND with a trading volume of 1,000 shares."
2025-01-10 11:00:00,12.77,12.77,12.44,12.44,200,BMK,"At 2025-01-10 11:00:00, the stock BMK opened at 12.77 VND, reached a high of 12.77 VND, a low of 12.44 VND, and closed the hour at 12.44 VND with a trading volume of 200 shares."
2025-01-10 13:00:00,12.36,14.0,12.11,14.0,12000,BMK,"At 2025-01-10 13:00:00, the stock BMK opened at 12.36 VND, reached a high of 14.00 VND, a low of 12.11 VND, and closed the hour at 14.00 VND with a trading volume of 12,000 shares."
2025-01-10 14:00:00,14.0,14.0,14.0,14.0,500,BMK,"At 2025-01-10 14:00:00, the stock BMK opened at 14.00 VND, reached a high of 14.00 VND, a low of 14.00 VND, and closed the hour at 14.00 VND with a trading volume of 500 shares."
2025-01-13 09:00:00,13.67,13.67,13.67,13.67,100,BMK,"At 2025-01-13 09:00:00, the stock BMK opened at 13.67 VND, reached a high of 13.67 VND, a low of 13.67 VND, and closed the hour at 13.67 VND with a trading volume of 100 shares."
2025-01-13 10:00:00,13.67,13.67,13.59,13.59,600,BMK,"At 2025-01-13 10:00:00, the stock BMK opened at 13.67 VND, reached a high of 13.67 VND, a low of 13.59 VND, and closed the hour at 13.59 VND with a trading volume of 600 shares."
2025-01-13 11:00:00,12.44,12.44,12.44,12.44,200,BMK,"At 2025-01-13 11:00:00, the stock BMK opened at 12.44 VND, reached a high of 12.44 VND, a low of 12.44 VND, and closed the hour at 12.44 VND with a trading volume of 200 shares."
2025-01-13 13:00:00,13.1,13.1,12.6,12.6,500,BMK,"At 2025-01-13 13:00:00, the stock BMK opened at 13.10 VND, reached a high of 13.10 VND, a low of 12.60 VND, and closed the hour at 12.60 VND with a trading volume of 500 shares."
2025-01-13 14:00:00,13.1,13.35,13.1,13.35,1300,BMK,"At 2025-01-13 14:00:00, the stock BMK opened at 13.10 VND, reached a high of 13.35 VND, a low of 13.10 VND, and closed the hour at 13.35 VND with a trading volume of 1,300 shares."
2025-01-14 10:00:00,13.18,13.18,13.18,13.18,200,BMK,"At 2025-01-14 10:00:00, the stock BMK opened at 13.18 VND, reached a high of 13.18 VND, a low of 13.18 VND, and closed the hour at 13.18 VND with a trading volume of 200 shares."
2025-01-14 13:00:00,12.77,12.77,12.36,12.36,1500,BMK,"At 2025-01-14 13:00:00, the stock BMK opened at 12.77 VND, reached a high of 12.77 VND, a low of 12.36 VND, and closed the hour at 12.36 VND with a trading volume of 1,500 shares."
2025-01-14 14:00:00,13.51,13.51,13.18,13.18,1400,BMK,"At 2025-01-14 14:00:00, the stock BMK opened at 13.51 VND, reached a high of 13.51 VND, a low of 13.18 VND, and closed the hour at 13.18 VND with a trading volume of 1,400 shares."
2025-01-15 09:00:00,13.02,13.02,13.02,13.02,200,BMK,"At 2025-01-15 09:00:00, the stock BMK opened at 13.02 VND, reached a high of 13.02 VND, a low of 13.02 VND, and closed the hour at 13.02 VND with a trading volume of 200 shares."
2025-01-15 13:00:00,13.02,13.02,12.93,12.93,500,BMK,"At 2025-01-15 13:00:00, the stock BMK opened at 13.02 VND, reached a high of 13.02 VND, a low of 12.93 VND, and closed the hour at 12.93 VND with a trading volume of 500 shares."
2025-01-15 14:00:00,12.11,13.18,12.11,13.18,11200,BMK,"At 2025-01-15 14:00:00, the stock BMK opened at 12.11 VND, reached a high of 13.18 VND, a low of 12.11 VND, and closed the hour at 13.18 VND with a trading volume of 11,200 shares."
2025-01-16 09:00:00,12.77,12.77,12.77,12.77,2400,BMK,"At 2025-01-16 09:00:00, the stock BMK opened at 12.77 VND, reached a high of 12.77 VND, a low of 12.77 VND, and closed the hour at 12.77 VND with a trading volume of 2,400 shares."
2025-01-16 10:00:00,12.77,13.18,12.77,13.18,300,BMK,"At 2025-01-16 10:00:00, the stock BMK opened at 12.77 VND, reached a high of 13.18 VND, a low of 12.77 VND, and closed the hour at 13.18 VND with a trading volume of 300 shares."
2025-01-16 13:00:00,12.85,13.18,12.85,13.1,1800,BMK,"At 2025-01-16 13:00:00, the stock BMK opened at 12.85 VND, reached a high of 13.18 VND, a low of 12.85 VND, and closed the hour at 13.10 VND with a trading volume of 1,800 shares."
2025-01-16 14:00:00,13.1,13.1,13.1,13.1,600,BMK,"At 2025-01-16 14:00:00, the stock BMK opened at 13.10 VND, reached a high of 13.10 VND, a low of 13.10 VND, and closed the hour at 13.10 VND with a trading volume of 600 shares."
2025-01-17 10:00:00,12.52,12.77,12.52,12.77,500,BMK,"At 2025-01-17 10:00:00, the stock BMK opened at 12.52 VND, reached a high of 12.77 VND, a low of 12.52 VND, and closed the hour at 12.77 VND with a trading volume of 500 shares."
2025-01-17 11:00:00,13.18,13.18,13.18,13.18,100,BMK,"At 2025-01-17 11:00:00, the stock BMK opened at 13.18 VND, reached a high of 13.18 VND, a low of 13.18 VND, and closed the hour at 13.18 VND with a trading volume of 100 shares."
2025-01-17 13:00:00,13.18,13.18,12.77,12.77,300,BMK,"At 2025-01-17 13:00:00, the stock BMK opened at 13.18 VND, reached a high of 13.18 VND, a low of 12.77 VND, and closed the hour at 12.77 VND with a trading volume of 300 shares."
2025-01-17 14:00:00,13.18,13.18,12.77,13.18,1400,BMK,"At 2025-01-17 14:00:00, the stock BMK opened at 13.18 VND, reached a high of 13.18 VND, a low of 12.77 VND, and closed the hour at 13.18 VND with a trading volume of 1,400 shares."
2025-01-20 09:00:00,12.77,13.59,12.77,13.59,300,BMK,"At 2025-01-20 09:00:00, the stock BMK opened at 12.77 VND, reached a high of 13.59 VND, a low of 12.77 VND, and closed the hour at 13.59 VND with a trading volume of 300 shares."
2025-01-20 10:00:00,13.59,14.0,13.59,14.0,200,BMK,"At 2025-01-20 10:00:00, the stock BMK opened at 13.59 VND, reached a high of 14.00 VND, a low of 13.59 VND, and closed the hour at 14.00 VND with a trading volume of 200 shares."
2025-01-20 13:00:00,13.84,13.84,13.84,13.84,600,BMK,"At 2025-01-20 13:00:00, the stock BMK opened at 13.84 VND, reached a high of 13.84 VND, a low of 13.84 VND, and closed the hour at 13.84 VND with a trading volume of 600 shares."
2025-01-20 14:00:00,13.92,13.92,13.92,13.92,500,BMK,"At 2025-01-20 14:00:00, the stock BMK opened at 13.92 VND, reached a high of 13.92 VND, a low of 13.92 VND, and closed the hour at 13.92 VND with a trading volume of 500 shares."
2025-01-21 09:00:00,13.84,14.17,12.36,14.17,6100,BMK,"At 2025-01-21 09:00:00, the stock BMK opened at 13.84 VND, reached a high of 14.17 VND, a low of 12.36 VND, and closed the hour at 14.17 VND with a trading volume of 6,100 shares."
2025-01-21 10:00:00,12.36,12.36,12.36,12.36,1900,BMK,"At 2025-01-21 10:00:00, the stock BMK opened at 12.36 VND, reached a high of 12.36 VND, a low of 12.36 VND, and closed the hour at 12.36 VND with a trading volume of 1,900 shares."
2025-01-21 11:00:00,12.36,12.36,12.36,12.36,4600,BMK,"At 2025-01-21 11:00:00, the stock BMK opened at 12.36 VND, reached a high of 12.36 VND, a low of 12.36 VND, and closed the hour at 12.36 VND with a trading volume of 4,600 shares."
2025-01-21 13:00:00,12.19,12.19,12.19,12.19,5000,BMK,"At 2025-01-21 13:00:00, the stock BMK opened at 12.19 VND, reached a high of 12.19 VND, a low of 12.19 VND, and closed the hour at 12.19 VND with a trading volume of 5,000 shares."
2025-01-21 14:00:00,12.36,13.84,11.94,13.84,12000,BMK,"At 2025-01-21 14:00:00, the stock BMK opened at 12.36 VND, reached a high of 13.84 VND, a low of 11.94 VND, and closed the hour at 13.84 VND with a trading volume of 12,000 shares."
2025-01-22 09:00:00,13.67,13.67,13.67,13.67,100,BMK,"At 2025-01-22 09:00:00, the stock BMK opened at 13.67 VND, reached a high of 13.67 VND, a low of 13.67 VND, and closed the hour at 13.67 VND with a trading volume of 100 shares."
2025-01-22 13:00:00,13.26,13.26,12.69,12.69,200,BMK,"At 2025-01-22 13:00:00, the stock BMK opened at 13.26 VND, reached a high of 13.26 VND, a low of 12.69 VND, and closed the hour at 12.69 VND with a trading volume of 200 shares."
2025-01-22 14:00:00,13.18,13.18,12.03,13.18,3600,BMK,"At 2025-01-22 14:00:00, the stock BMK opened at 13.18 VND, reached a high of 13.18 VND, a low of 12.03 VND, and closed the hour at 13.18 VND with a trading volume of 3,600 shares."
2025-01-22 15:00:00,13.35,13.35,13.35,13.35,200,BMK,"At 2025-01-22 15:00:00, the stock BMK opened at 13.35 VND, reached a high of 13.35 VND, a low of 13.35 VND, and closed the hour at 13.35 VND with a trading volume of 200 shares."
2025-01-23 09:00:00,13.18,13.18,13.18,13.18,100,BMK,"At 2025-01-23 09:00:00, the stock BMK opened at 13.18 VND, reached a high of 13.18 VND, a low of 13.18 VND, and closed the hour at 13.18 VND with a trading volume of 100 shares."
2025-01-23 10:00:00,13.02,13.02,13.02,13.02,100,BMK,"At 2025-01-23 10:00:00, the stock BMK opened at 13.02 VND, reached a high of 13.02 VND, a low of 13.02 VND, and closed the hour at 13.02 VND with a trading volume of 100 shares."
2025-01-23 11:00:00,13.18,13.18,13.18,13.18,200,BMK,"At 2025-01-23 11:00:00, the stock BMK opened at 13.18 VND, reached a high of 13.18 VND, a low of 13.18 VND, and closed the hour at 13.18 VND with a trading volume of 200 shares."
2025-01-23 13:00:00,12.77,13.1,12.77,13.1,1100,BMK,"At 2025-01-23 13:00:00, the stock BMK opened at 12.77 VND, reached a high of 13.10 VND, a low of 12.77 VND, and closed the hour at 13.10 VND with a trading volume of 1,100 shares."
2025-01-23 14:00:00,12.77,13.1,12.77,13.1,2100,BMK,"At 2025-01-23 14:00:00, the stock BMK opened at 12.77 VND, reached a high of 13.10 VND, a low of 12.77 VND, and closed the hour at 13.10 VND with a trading volume of 2,100 shares."
2025-01-24 10:00:00,13.18,13.18,13.18,13.18,300,BMK,"At 2025-01-24 10:00:00, the stock BMK opened at 13.18 VND, reached a high of 13.18 VND, a low of 13.18 VND, and closed the hour at 13.18 VND with a trading volume of 300 shares."
2025-01-24 13:00:00,13.1,13.18,13.1,13.18,3400,BMK,"At 2025-01-24 13:00:00, the stock BMK opened at 13.10 VND, reached a high of 13.18 VND, a low of 13.10 VND, and closed the hour at 13.18 VND with a trading volume of 3,400 shares."
2025-01-24 14:00:00,13.18,13.18,13.18,13.18,500,BMK,"At 2025-01-24 14:00:00, the stock BMK opened at 13.18 VND, reached a high of 13.18 VND, a low of 13.18 VND, and closed the hour at 13.18 VND with a trading volume of 500 shares."
2025-02-03 09:00:00,13.59,13.59,13.59,13.59,100,BMK,"At 2025-02-03 09:00:00, the stock BMK opened at 13.59 VND, reached a high of 13.59 VND, a low of 13.59 VND, and closed the hour at 13.59 VND with a trading volume of 100 shares."
2025-02-03 11:00:00,13.18,13.18,13.18,13.18,4000,BMK,"At 2025-02-03 11:00:00, the stock BMK opened at 13.18 VND, reached a high of 13.18 VND, a low of 13.18 VND, and closed the hour at 13.18 VND with a trading volume of 4,000 shares."
2025-02-03 13:00:00,13.02,13.1,13.02,13.1,3000,BMK,"At 2025-02-03 13:00:00, the stock BMK opened at 13.02 VND, reached a high of 13.10 VND, a low of 13.02 VND, and closed the hour at 13.10 VND with a trading volume of 3,000 shares."
2025-02-03 14:00:00,12.6,13.02,12.52,13.02,500,BMK,"At 2025-02-03 14:00:00, the stock BMK opened at 12.60 VND, reached a high of 13.02 VND, a low of 12.52 VND, and closed the hour at 13.02 VND with a trading volume of 500 shares."
2025-02-04 14:00:00,12.6,12.6,12.6,12.6,300,BMK,"At 2025-02-04 14:00:00, the stock BMK opened at 12.60 VND, reached a high of 12.60 VND, a low of 12.60 VND, and closed the hour at 12.60 VND with a trading volume of 300 shares."
2025-02-05 09:00:00,14.0,14.0,14.0,14.0,100,BMK,"At 2025-02-05 09:00:00, the stock BMK opened at 14.00 VND, reached a high of 14.00 VND, a low of 14.00 VND, and closed the hour at 14.00 VND with a trading volume of 100 shares."
2025-02-05 13:00:00,13.18,13.18,13.18,13.18,500,BMK,"At 2025-02-05 13:00:00, the stock BMK opened at 13.18 VND, reached a high of 13.18 VND, a low of 13.18 VND, and closed the hour at 13.18 VND with a trading volume of 500 shares."
2025-02-06 09:00:00,13.18,13.18,13.02,13.02,200,BMK,"At 2025-02-06 09:00:00, the stock BMK opened at 13.18 VND, reached a high of 13.18 VND, a low of 13.02 VND, and closed the hour at 13.02 VND with a trading volume of 200 shares."
2025-02-06 11:00:00,12.77,12.77,12.77,12.77,1000,BMK,"At 2025-02-06 11:00:00, the stock BMK opened at 12.77 VND, reached a high of 12.77 VND, a low of 12.77 VND, and closed the hour at 12.77 VND with a trading volume of 1,000 shares."
2025-02-06 13:00:00,12.77,12.77,12.77,12.77,100,BMK,"At 2025-02-06 13:00:00, the stock BMK opened at 12.77 VND, reached a high of 12.77 VND, a low of 12.77 VND, and closed the hour at 12.77 VND with a trading volume of 100 shares."
2025-02-06 14:00:00,13.18,13.18,13.18,13.18,2000,BMK,"At 2025-02-06 14:00:00, the stock BMK opened at 13.18 VND, reached a high of 13.18 VND, a low of 13.18 VND, and closed the hour at 13.18 VND with a trading volume of 2,000 shares."
2025-02-07 09:00:00,12.36,12.85,12.36,12.85,300,BMK,"At 2025-02-07 09:00:00, the stock BMK opened at 12.36 VND, reached a high of 12.85 VND, a low of 12.36 VND, and closed the hour at 12.85 VND with a trading volume of 300 shares."
2025-02-07 10:00:00,13.02,13.02,13.02,13.02,900,BMK,"At 2025-02-07 10:00:00, the stock BMK opened at 13.02 VND, reached a high of 13.02 VND, a low of 13.02 VND, and closed the hour at 13.02 VND with a trading volume of 900 shares."
2025-02-07 11:00:00,12.93,12.93,12.93,12.93,100,BMK,"At 2025-02-07 11:00:00, the stock BMK opened at 12.93 VND, reached a high of 12.93 VND, a low of 12.93 VND, and closed the hour at 12.93 VND with a trading volume of 100 shares."
2025-02-07 13:00:00,13.18,13.35,13.18,13.18,1900,BMK,"At 2025-02-07 13:00:00, the stock BMK opened at 13.18 VND, reached a high of 13.35 VND, a low of 13.18 VND, and closed the hour at 13.18 VND with a trading volume of 1,900 shares."
2025-02-07 14:00:00,13.26,13.26,13.26,13.26,100,BMK,"At 2025-02-07 14:00:00, the stock BMK opened at 13.26 VND, reached a high of 13.26 VND, a low of 13.26 VND, and closed the hour at 13.26 VND with a trading volume of 100 shares."
2025-02-10 09:00:00,13.02,13.26,13.02,13.26,500,BMK,"At 2025-02-10 09:00:00, the stock BMK opened at 13.02 VND, reached a high of 13.26 VND, a low of 13.02 VND, and closed the hour at 13.26 VND with a trading volume of 500 shares."
2025-02-10 10:00:00,13.18,13.59,13.18,13.59,500,BMK,"At 2025-02-10 10:00:00, the stock BMK opened at 13.18 VND, reached a high of 13.59 VND, a low of 13.18 VND, and closed the hour at 13.59 VND with a trading volume of 500 shares."
2025-02-10 14:00:00,13.59,13.59,13.59,13.59,900,BMK,"At 2025-02-10 14:00:00, the stock BMK opened at 13.59 VND, reached a high of 13.59 VND, a low of 13.59 VND, and closed the hour at 13.59 VND with a trading volume of 900 shares."
2025-02-11 09:00:00,13.59,13.76,13.59,13.76,500,BMK,"At 2025-02-11 09:00:00, the stock BMK opened at 13.59 VND, reached a high of 13.76 VND, a low of 13.59 VND, and closed the hour at 13.76 VND with a trading volume of 500 shares."
2025-02-11 10:00:00,13.76,13.76,13.76,13.76,100,BMK,"At 2025-02-11 10:00:00, the stock BMK opened at 13.76 VND, reached a high of 13.76 VND, a low of 13.76 VND, and closed the hour at 13.76 VND with a trading volume of 100 shares."
2025-02-11 13:00:00,13.59,13.59,13.59,13.59,100,BMK,"At 2025-02-11 13:00:00, the stock BMK opened at 13.59 VND, reached a high of 13.59 VND, a low of 13.59 VND, and closed the hour at 13.59 VND with a trading volume of 100 shares."
2025-02-12 09:00:00,13.51,13.51,13.51,13.51,200,BMK,"At 2025-02-12 09:00:00, the stock BMK opened at 13.51 VND, reached a high of 13.51 VND, a low of 13.51 VND, and closed the hour at 13.51 VND with a trading volume of 200 shares."
2025-02-12 10:00:00,13.43,13.43,13.18,13.18,400,BMK,"At 2025-02-12 10:00:00, the stock BMK opened at 13.43 VND, reached a high of 13.43 VND, a low of 13.18 VND, and closed the hour at 13.18 VND with a trading volume of 400 shares."
2025-02-12 11:00:00,13.35,13.35,12.36,12.36,5000,BMK,"At 2025-02-12 11:00:00, the stock BMK opened at 13.35 VND, reached a high of 13.35 VND, a low of 12.36 VND, and closed the hour at 12.36 VND with a trading volume of 5,000 shares."
2025-02-12 13:00:00,13.18,13.18,12.52,12.52,1100,BMK,"At 2025-02-12 13:00:00, the stock BMK opened at 13.18 VND, reached a high of 13.18 VND, a low of 12.52 VND, and closed the hour at 12.52 VND with a trading volume of 1,100 shares."
2025-02-12 14:00:00,13.26,13.26,13.26,13.26,100,BMK,"At 2025-02-12 14:00:00, the stock BMK opened at 13.26 VND, reached a high of 13.26 VND, a low of 13.26 VND, and closed the hour at 13.26 VND with a trading volume of 100 shares."
2025-02-13 09:00:00,13.35,13.35,13.26,13.26,800,BMK,"At 2025-02-13 09:00:00, the stock BMK opened at 13.35 VND, reached a high of 13.35 VND, a low of 13.26 VND, and closed the hour at 13.26 VND with a trading volume of 800 shares."
2025-02-13 10:00:00,13.26,13.26,13.26,13.26,100,BMK,"At 2025-02-13 10:00:00, the stock BMK opened at 13.26 VND, reached a high of 13.26 VND, a low of 13.26 VND, and closed the hour at 13.26 VND with a trading volume of 100 shares."
2025-02-13 14:00:00,12.6,12.6,12.6,12.6,200,BMK,"At 2025-02-13 14:00:00, the stock BMK opened at 12.60 VND, reached a high of 12.60 VND, a low of 12.60 VND, and closed the hour at 12.60 VND with a trading volume of 200 shares."
2025-02-14 10:00:00,13.1,13.1,13.1,13.1,100,BMK,"At 2025-02-14 10:00:00, the stock BMK opened at 13.10 VND, reached a high of 13.10 VND, a low of 13.10 VND, and closed the hour at 13.10 VND with a trading volume of 100 shares."
2025-02-14 13:00:00,13.02,13.1,13.02,13.1,400,BMK,"At 2025-02-14 13:00:00, the stock BMK opened at 13.02 VND, reached a high of 13.10 VND, a low of 13.02 VND, and closed the hour at 13.10 VND with a trading volume of 400 shares."
2025-02-17 09:00:00,13.02,13.02,13.02,13.02,200,BMK,"At 2025-02-17 09:00:00, the stock BMK opened at 13.02 VND, reached a high of 13.02 VND, a low of 13.02 VND, and closed the hour at 13.02 VND with a trading volume of 200 shares."
2025-02-17 10:00:00,13.02,13.02,13.02,13.02,800,BMK,"At 2025-02-17 10:00:00, the stock BMK opened at 13.02 VND, reached a high of 13.02 VND, a low of 13.02 VND, and closed the hour at 13.02 VND with a trading volume of 800 shares."
2025-02-17 11:00:00,13.1,13.18,13.1,13.18,800,BMK,"At 2025-02-17 11:00:00, the stock BMK opened at 13.10 VND, reached a high of 13.18 VND, a low of 13.10 VND, and closed the hour at 13.18 VND with a trading volume of 800 shares."
2025-02-17 13:00:00,13.18,13.18,13.18,13.18,3600,BMK,"At 2025-02-17 13:00:00, the stock BMK opened at 13.18 VND, reached a high of 13.18 VND, a low of 13.18 VND, and closed the hour at 13.18 VND with a trading volume of 3,600 shares."
2025-02-17 14:00:00,13.26,13.43,13.18,13.43,5000,BMK,"At 2025-02-17 14:00:00, the stock BMK opened at 13.26 VND, reached a high of 13.43 VND, a low of 13.18 VND, and closed the hour at 13.43 VND with a trading volume of 5,000 shares."
2025-02-18 09:00:00,13.18,13.26,12.6,12.6,400,BMK,"At 2025-02-18 09:00:00, the stock BMK opened at 13.18 VND, reached a high of 13.26 VND, a low of 12.60 VND, and closed the hour at 12.60 VND with a trading volume of 400 shares."
2025-02-18 10:00:00,13.26,13.26,13.26,13.26,400,BMK,"At 2025-02-18 10:00:00, the stock BMK opened at 13.26 VND, reached a high of 13.26 VND, a low of 13.26 VND, and closed the hour at 13.26 VND with a trading volume of 400 shares."
2025-02-18 11:00:00,13.02,13.02,13.02,13.02,500,BMK,"At 2025-02-18 11:00:00, the stock BMK opened at 13.02 VND, reached a high of 13.02 VND, a low of 13.02 VND, and closed the hour at 13.02 VND with a trading volume of 500 shares."
2025-02-18 14:00:00,13.18,13.26,13.18,13.26,3000,BMK,"At 2025-02-18 14:00:00, the stock BMK opened at 13.18 VND, reached a high of 13.26 VND, a low of 13.18 VND, and closed the hour at 13.26 VND with a trading volume of 3,000 shares."
2025-02-19 09:00:00,13.18,13.18,13.18,13.18,100,BMK,"At 2025-02-19 09:00:00, the stock BMK opened at 13.18 VND, reached a high of 13.18 VND, a low of 13.18 VND, and closed the hour at 13.18 VND with a trading volume of 100 shares."
2025-02-19 10:00:00,12.85,12.85,12.85,12.85,200,BMK,"At 2025-02-19 10:00:00, the stock BMK opened at 12.85 VND, reached a high of 12.85 VND, a low of 12.85 VND, and closed the hour at 12.85 VND with a trading volume of 200 shares."
2025-02-19 14:00:00,13.18,13.18,13.18,13.18,100,BMK,"At 2025-02-19 14:00:00, the stock BMK opened at 13.18 VND, reached a high of 13.18 VND, a low of 13.18 VND, and closed the hour at 13.18 VND with a trading volume of 100 shares."
2025-02-20 09:00:00,13.35,13.59,13.35,13.59,900,BMK,"At 2025-02-20 09:00:00, the stock BMK opened at 13.35 VND, reached a high of 13.59 VND, a low of 13.35 VND, and closed the hour at 13.59 VND with a trading volume of 900 shares."
2025-02-20 10:00:00,13.92,13.92,13.84,13.84,600,BMK,"At 2025-02-20 10:00:00, the stock BMK opened at 13.92 VND, reached a high of 13.92 VND, a low of 13.84 VND, and closed the hour at 13.84 VND with a trading volume of 600 shares."
2025-02-20 13:00:00,13.18,13.18,13.18,13.18,100,BMK,"At 2025-02-20 13:00:00, the stock BMK opened at 13.18 VND, reached a high of 13.18 VND, a low of 13.18 VND, and closed the hour at 13.18 VND with a trading volume of 100 shares."
2025-02-20 14:00:00,13.18,13.35,13.18,13.35,600,BMK,"At 2025-02-20 14:00:00, the stock BMK opened at 13.18 VND, reached a high of 13.35 VND, a low of 13.18 VND, and closed the hour at 13.35 VND with a trading volume of 600 shares."
2025-02-21 09:00:00,13.35,13.35,13.35,13.35,100,BMK,"At 2025-02-21 09:00:00, the stock BMK opened at 13.35 VND, reached a high of 13.35 VND, a low of 13.35 VND, and closed the hour at 13.35 VND with a trading volume of 100 shares."
2025-02-24 09:00:00,14.0,14.0,13.18,13.18,300,BMK,"At 2025-02-24 09:00:00, the stock BMK opened at 14.00 VND, reached a high of 14.00 VND, a low of 13.18 VND, and closed the hour at 13.18 VND with a trading volume of 300 shares."
2025-02-24 14:00:00,13.1,13.26,12.69,12.77,700,BMK,"At 2025-02-24 14:00:00, the stock BMK opened at 13.10 VND, reached a high of 13.26 VND, a low of 12.69 VND, and closed the hour at 12.77 VND with a trading volume of 700 shares."
2025-02-25 09:00:00,12.6,13.1,12.6,13.1,4100,BMK,"At 2025-02-25 09:00:00, the stock BMK opened at 12.60 VND, reached a high of 13.10 VND, a low of 12.60 VND, and closed the hour at 13.10 VND with a trading volume of 4,100 shares."
2025-02-25 10:00:00,12.6,12.6,12.44,12.44,700,BMK,"At 2025-02-25 10:00:00, the stock BMK opened at 12.60 VND, reached a high of 12.60 VND, a low of 12.44 VND, and closed the hour at 12.44 VND with a trading volume of 700 shares."
2025-02-25 11:00:00,12.77,12.77,12.52,12.52,300,BMK,"At 2025-02-25 11:00:00, the stock BMK opened at 12.77 VND, reached a high of 12.77 VND, a low of 12.52 VND, and closed the hour at 12.52 VND with a trading volume of 300 shares."
2025-02-25 13:00:00,13.1,13.1,12.52,13.02,3600,BMK,"At 2025-02-25 13:00:00, the stock BMK opened at 13.10 VND, reached a high of 13.10 VND, a low of 12.52 VND, and closed the hour at 13.02 VND with a trading volume of 3,600 shares."
2025-02-26 09:00:00,12.6,12.6,12.6,12.6,900,BMK,"At 2025-02-26 09:00:00, the stock BMK opened at 12.60 VND, reached a high of 12.60 VND, a low of 12.60 VND, and closed the hour at 12.60 VND with a trading volume of 900 shares."
2025-02-26 10:00:00,12.77,13.18,12.77,13.18,700,BMK,"At 2025-02-26 10:00:00, the stock BMK opened at 12.77 VND, reached a high of 13.18 VND, a low of 12.77 VND, and closed the hour at 13.18 VND with a trading volume of 700 shares."
2025-02-26 13:00:00,13.18,13.18,13.18,13.18,100,BMK,"At 2025-02-26 13:00:00, the stock BMK opened at 13.18 VND, reached a high of 13.18 VND, a low of 13.18 VND, and closed the hour at 13.18 VND with a trading volume of 100 shares."
2025-02-27 09:00:00,13.18,13.18,12.77,12.77,600,BMK,"At 2025-02-27 09:00:00, the stock BMK opened at 13.18 VND, reached a high of 13.18 VND, a low of 12.77 VND, and closed the hour at 12.77 VND with a trading volume of 600 shares."
2025-02-27 13:00:00,13.1,13.1,12.77,12.77,700,BMK,"At 2025-02-27 13:00:00, the stock BMK opened at 13.10 VND, reached a high of 13.10 VND, a low of 12.77 VND, and closed the hour at 12.77 VND with a trading volume of 700 shares."
2025-02-27 14:00:00,13.02,13.02,12.93,12.93,1100,BMK,"At 2025-02-27 14:00:00, the stock BMK opened at 13.02 VND, reached a high of 13.02 VND, a low of 12.93 VND, and closed the hour at 12.93 VND with a trading volume of 1,100 shares."
2025-02-28 11:00:00,13.02,13.02,13.02,13.02,200,BMK,"At 2025-02-28 11:00:00, the stock BMK opened at 13.02 VND, reached a high of 13.02 VND, a low of 13.02 VND, and closed the hour at 13.02 VND with a trading volume of 200 shares."
2025-02-28 13:00:00,13.02,13.02,13.02,13.02,500,BMK,"At 2025-02-28 13:00:00, the stock BMK opened at 13.02 VND, reached a high of 13.02 VND, a low of 13.02 VND, and closed the hour at 13.02 VND with a trading volume of 500 shares."
2025-02-28 14:00:00,13.02,13.02,13.02,13.02,800,BMK,"At 2025-02-28 14:00:00, the stock BMK opened at 13.02 VND, reached a high of 13.02 VND, a low of 13.02 VND, and closed the hour at 13.02 VND with a trading volume of 800 shares."
2025-03-03 09:00:00,12.36,12.36,12.36,12.36,100,BMK,"At 2025-03-03 09:00:00, the stock BMK opened at 12.36 VND, reached a high of 12.36 VND, a low of 12.36 VND, and closed the hour at 12.36 VND with a trading volume of 100 shares."
2025-03-03 10:00:00,13.26,13.26,13.26,13.26,200,BMK,"At 2025-03-03 10:00:00, the stock BMK opened at 13.26 VND, reached a high of 13.26 VND, a low of 13.26 VND, and closed the hour at 13.26 VND with a trading volume of 200 shares."
2025-03-03 13:00:00,13.18,13.18,13.18,13.18,300,BMK,"At 2025-03-03 13:00:00, the stock BMK opened at 13.18 VND, reached a high of 13.18 VND, a low of 13.18 VND, and closed the hour at 13.18 VND with a trading volume of 300 shares."
2025-03-03 14:00:00,13.18,13.18,13.02,13.02,300,BMK,"At 2025-03-03 14:00:00, the stock BMK opened at 13.18 VND, reached a high of 13.18 VND, a low of 13.02 VND, and closed the hour at 13.02 VND with a trading volume of 300 shares."
2025-03-04 09:00:00,13.18,13.18,13.18,13.18,1000,BMK,"At 2025-03-04 09:00:00, the stock BMK opened at 13.18 VND, reached a high of 13.18 VND, a low of 13.18 VND, and closed the hour at 13.18 VND with a trading volume of 1,000 shares."
2025-03-04 13:00:00,12.93,12.93,12.93,12.93,300,BMK,"At 2025-03-04 13:00:00, the stock BMK opened at 12.93 VND, reached a high of 12.93 VND, a low of 12.93 VND, and closed the hour at 12.93 VND with a trading volume of 300 shares."
2025-03-04 14:00:00,13.1,13.1,13.1,13.1,500,BMK,"At 2025-03-04 14:00:00, the stock BMK opened at 13.10 VND, reached a high of 13.10 VND, a low of 13.10 VND, and closed the hour at 13.10 VND with a trading volume of 500 shares."
2025-03-05 09:00:00,13.1,13.1,12.77,12.77,1100,BMK,"At 2025-03-05 09:00:00, the stock BMK opened at 13.10 VND, reached a high of 13.10 VND, a low of 12.77 VND, and closed the hour at 12.77 VND with a trading volume of 1,100 shares."
2025-03-05 10:00:00,13.18,13.18,13.18,13.18,100,BMK,"At 2025-03-05 10:00:00, the stock BMK opened at 13.18 VND, reached a high of 13.18 VND, a low of 13.18 VND, and closed the hour at 13.18 VND with a trading volume of 100 shares."
2025-03-05 11:00:00,12.6,12.6,12.6,12.6,300,BMK,"At 2025-03-05 11:00:00, the stock BMK opened at 12.60 VND, reached a high of 12.60 VND, a low of 12.60 VND, and closed the hour at 12.60 VND with a trading volume of 300 shares."
2025-03-05 13:00:00,12.6,13.1,12.6,12.69,7300,BMK,"At 2025-03-05 13:00:00, the stock BMK opened at 12.60 VND, reached a high of 13.10 VND, a low of 12.60 VND, and closed the hour at 12.69 VND with a trading volume of 7,300 shares."
2025-03-05 14:00:00,12.69,13.1,12.69,13.1,1200,BMK,"At 2025-03-05 14:00:00, the stock BMK opened at 12.69 VND, reached a high of 13.10 VND, a low of 12.69 VND, and closed the hour at 13.10 VND with a trading volume of 1,200 shares."
2025-03-06 09:00:00,12.36,12.36,12.36,12.36,100,BMK,"At 2025-03-06 09:00:00, the stock BMK opened at 12.36 VND, reached a high of 12.36 VND, a low of 12.36 VND, and closed the hour at 12.36 VND with a trading volume of 100 shares."
2025-03-06 13:00:00,12.77,12.77,12.77,12.77,1100,BMK,"At 2025-03-06 13:00:00, the stock BMK opened at 12.77 VND, reached a high of 12.77 VND, a low of 12.77 VND, and closed the hour at 12.77 VND with a trading volume of 1,100 shares."
2025-03-06 14:00:00,12.77,13.1,12.77,13.1,2500,BMK,"At 2025-03-06 14:00:00, the stock BMK opened at 12.77 VND, reached a high of 13.10 VND, a low of 12.77 VND, and closed the hour at 13.10 VND with a trading volume of 2,500 shares."
2025-03-07 13:00:00,12.85,13.02,12.69,12.93,2200,BMK,"At 2025-03-07 13:00:00, the stock BMK opened at 12.85 VND, reached a high of 13.02 VND, a low of 12.69 VND, and closed the hour at 12.93 VND with a trading volume of 2,200 shares."
2025-03-07 14:00:00,12.85,12.85,12.85,12.85,700,BMK,"At 2025-03-07 14:00:00, the stock BMK opened at 12.85 VND, reached a high of 12.85 VND, a low of 12.85 VND, and closed the hour at 12.85 VND with a trading volume of 700 shares."
2025-03-10 09:00:00,13.02,13.1,12.69,13.1,2700,BMK,"At 2025-03-10 09:00:00, the stock BMK opened at 13.02 VND, reached a high of 13.10 VND, a low of 12.69 VND, and closed the hour at 13.10 VND with a trading volume of 2,700 shares."
2025-03-10 10:00:00,13.1,13.1,12.77,12.77,3800,BMK,"At 2025-03-10 10:00:00, the stock BMK opened at 13.10 VND, reached a high of 13.10 VND, a low of 12.77 VND, and closed the hour at 12.77 VND with a trading volume of 3,800 shares."
2025-03-10 13:00:00,12.93,13.02,12.93,12.93,8100,BMK,"At 2025-03-10 13:00:00, the stock BMK opened at 12.93 VND, reached a high of 13.02 VND, a low of 12.93 VND, and closed the hour at 12.93 VND with a trading volume of 8,100 shares."
2025-03-11 09:00:00,13.1,13.1,13.1,13.1,200,BMK,"At 2025-03-11 09:00:00, the stock BMK opened at 13.10 VND, reached a high of 13.10 VND, a low of 13.10 VND, and closed the hour at 13.10 VND with a trading volume of 200 shares."
2025-03-11 10:00:00,12.77,12.77,12.69,12.69,2000,BMK,"At 2025-03-11 10:00:00, the stock BMK opened at 12.77 VND, reached a high of 12.77 VND, a low of 12.69 VND, and closed the hour at 12.69 VND with a trading volume of 2,000 shares."
2025-03-11 11:00:00,12.69,12.69,12.69,12.69,700,BMK,"At 2025-03-11 11:00:00, the stock BMK opened at 12.69 VND, reached a high of 12.69 VND, a low of 12.69 VND, and closed the hour at 12.69 VND with a trading volume of 700 shares."
2025-03-11 14:00:00,13.1,13.1,13.1,13.1,100,BMK,"At 2025-03-11 14:00:00, the stock BMK opened at 13.10 VND, reached a high of 13.10 VND, a low of 13.10 VND, and closed the hour at 13.10 VND with a trading volume of 100 shares."
2025-03-12 10:00:00,13.02,13.02,13.02,13.02,1800,BMK,"At 2025-03-12 10:00:00, the stock BMK opened at 13.02 VND, reached a high of 13.02 VND, a low of 13.02 VND, and closed the hour at 13.02 VND with a trading volume of 1,800 shares."
2025-03-12 11:00:00,12.93,12.93,12.93,12.93,2100,BMK,"At 2025-03-12 11:00:00, the stock BMK opened at 12.93 VND, reached a high of 12.93 VND, a low of 12.93 VND, and closed the hour at 12.93 VND with a trading volume of 2,100 shares."
2025-03-12 13:00:00,12.85,12.93,12.85,12.93,3700,BMK,"At 2025-03-12 13:00:00, the stock BMK opened at 12.85 VND, reached a high of 12.93 VND, a low of 12.85 VND, and closed the hour at 12.93 VND with a trading volume of 3,700 shares."
2025-03-12 14:00:00,13.1,13.1,13.1,13.1,1200,BMK,"At 2025-03-12 14:00:00, the stock BMK opened at 13.10 VND, reached a high of 13.10 VND, a low of 13.10 VND, and closed the hour at 13.10 VND with a trading volume of 1,200 shares."
2025-03-13 13:00:00,12.93,13.1,12.93,13.1,1200,BMK,"At 2025-03-13 13:00:00, the stock BMK opened at 12.93 VND, reached a high of 13.10 VND, a low of 12.93 VND, and closed the hour at 13.10 VND with a trading volume of 1,200 shares."
2025-03-13 14:00:00,12.85,12.85,12.85,12.85,100,BMK,"At 2025-03-13 14:00:00, the stock BMK opened at 12.85 VND, reached a high of 12.85 VND, a low of 12.85 VND, and closed the hour at 12.85 VND with a trading volume of 100 shares."
2025-03-14 10:00:00,13.1,13.1,13.1,13.1,2100,BMK,"At 2025-03-14 10:00:00, the stock BMK opened at 13.10 VND, reached a high of 13.10 VND, a low of 13.10 VND, and closed the hour at 13.10 VND with a trading volume of 2,100 shares."
2025-03-17 10:00:00,12.77,12.77,12.77,12.77,2800,BMK,"At 2025-03-17 10:00:00, the stock BMK opened at 12.77 VND, reached a high of 12.77 VND, a low of 12.77 VND, and closed the hour at 12.77 VND with a trading volume of 2,800 shares."
2025-03-17 11:00:00,12.77,12.77,12.77,12.77,100,BMK,"At 2025-03-17 11:00:00, the stock BMK opened at 12.77 VND, reached a high of 12.77 VND, a low of 12.77 VND, and closed the hour at 12.77 VND with a trading volume of 100 shares."
2025-03-17 14:00:00,12.77,13.1,12.69,13.1,2000,BMK,"At 2025-03-17 14:00:00, the stock BMK opened at 12.77 VND, reached a high of 13.10 VND, a low of 12.69 VND, and closed the hour at 13.10 VND with a trading volume of 2,000 shares."
2025-03-18 13:00:00,12.85,12.85,12.85,12.85,100,BMK,"At 2025-03-18 13:00:00, the stock BMK opened at 12.85 VND, reached a high of 12.85 VND, a low of 12.85 VND, and closed the hour at 12.85 VND with a trading volume of 100 shares."
2025-03-19 13:00:00,12.69,12.69,12.69,12.69,300,BMK,"At 2025-03-19 13:00:00, the stock BMK opened at 12.69 VND, reached a high of 12.69 VND, a low of 12.69 VND, and closed the hour at 12.69 VND with a trading volume of 300 shares."
2025-03-19 14:00:00,13.02,13.1,13.02,13.1,200,BMK,"At 2025-03-19 14:00:00, the stock BMK opened at 13.02 VND, reached a high of 13.10 VND, a low of 13.02 VND, and closed the hour at 13.10 VND with a trading volume of 200 shares."
2025-03-21 13:00:00,12.85,13.18,12.85,12.85,2600,BMK,"At 2025-03-21 13:00:00, the stock BMK opened at 12.85 VND, reached a high of 13.18 VND, a low of 12.85 VND, and closed the hour at 12.85 VND with a trading volume of 2,600 shares."
2025-03-21 14:00:00,13.26,13.26,13.26,13.26,100,BMK,"At 2025-03-21 14:00:00, the stock BMK opened at 13.26 VND, reached a high of 13.26 VND, a low of 13.26 VND, and closed the hour at 13.26 VND with a trading volume of 100 shares."
2025-03-24 09:00:00,12.93,12.93,12.93,12.93,900,BMK,"At 2025-03-24 09:00:00, the stock BMK opened at 12.93 VND, reached a high of 12.93 VND, a low of 12.93 VND, and closed the hour at 12.93 VND with a trading volume of 900 shares."
2025-03-24 13:00:00,12.93,12.93,12.93,12.93,1000,BMK,"At 2025-03-24 13:00:00, the stock BMK opened at 12.93 VND, reached a high of 12.93 VND, a low of 12.93 VND, and closed the hour at 12.93 VND with a trading volume of 1,000 shares."
2025-03-24 14:00:00,13.1,13.1,12.93,12.93,500,BMK,"At 2025-03-24 14:00:00, the stock BMK opened at 13.10 VND, reached a high of 13.10 VND, a low of 12.93 VND, and closed the hour at 12.93 VND with a trading volume of 500 shares."
2025-03-25 09:00:00,12.93,12.93,12.93,12.93,2000,BMK,"At 2025-03-25 09:00:00, the stock BMK opened at 12.93 VND, reached a high of 12.93 VND, a low of 12.93 VND, and closed the hour at 12.93 VND with a trading volume of 2,000 shares."
2025-03-25 10:00:00,12.93,12.93,12.93,12.93,2000,BMK,"At 2025-03-25 10:00:00, the stock BMK opened at 12.93 VND, reached a high of 12.93 VND, a low of 12.93 VND, and closed the hour at 12.93 VND with a trading volume of 2,000 shares."
2025-03-25 11:00:00,12.93,12.93,12.93,12.93,2000,BMK,"At 2025-03-25 11:00:00, the stock BMK opened at 12.93 VND, reached a high of 12.93 VND, a low of 12.93 VND, and closed the hour at 12.93 VND with a trading volume of 2,000 shares."
2025-03-25 13:00:00,12.93,12.93,12.93,12.93,2500,BMK,"At 2025-03-25 13:00:00, the stock BMK opened at 12.93 VND, reached a high of 12.93 VND, a low of 12.93 VND, and closed the hour at 12.93 VND with a trading volume of 2,500 shares."
2025-03-25 14:00:00,12.6,12.6,12.6,12.6,600,BMK,"At 2025-03-25 14:00:00, the stock BMK opened at 12.60 VND, reached a high of 12.60 VND, a low of 12.60 VND, and closed the hour at 12.60 VND with a trading volume of 600 shares."
2025-03-26 14:00:00,12.69,12.69,12.69,12.69,2600,BMK,"At 2025-03-26 14:00:00, the stock BMK opened at 12.69 VND, reached a high of 12.69 VND, a low of 12.69 VND, and closed the hour at 12.69 VND with a trading volume of 2,600 shares."
2025-03-27 13:00:00,12.69,12.69,12.69,12.69,2000,BMK,"At 2025-03-27 13:00:00, the stock BMK opened at 12.69 VND, reached a high of 12.69 VND, a low of 12.69 VND, and closed the hour at 12.69 VND with a trading volume of 2,000 shares."
2025-03-27 14:00:00,13.02,13.02,13.02,13.02,100,BMK,"At 2025-03-27 14:00:00, the stock BMK opened at 13.02 VND, reached a high of 13.02 VND, a low of 13.02 VND, and closed the hour at 13.02 VND with a trading volume of 100 shares."
2025-03-28 10:00:00,13.02,13.59,13.02,13.59,400,BMK,"At 2025-03-28 10:00:00, the stock BMK opened at 13.02 VND, reached a high of 13.59 VND, a low of 13.02 VND, and closed the hour at 13.59 VND with a trading volume of 400 shares."
2025-03-28 13:00:00,12.69,12.69,12.6,12.6,1100,BMK,"At 2025-03-28 13:00:00, the stock BMK opened at 12.69 VND, reached a high of 12.69 VND, a low of 12.60 VND, and closed the hour at 12.60 VND with a trading volume of 1,100 shares."
2025-03-28 14:00:00,12.6,13.18,12.6,13.18,600,BMK,"At 2025-03-28 14:00:00, the stock BMK opened at 12.60 VND, reached a high of 13.18 VND, a low of 12.60 VND, and closed the hour at 13.18 VND with a trading volume of 600 shares."
2025-03-31 11:00:00,12.93,12.93,12.93,12.93,1200,BMK,"At 2025-03-31 11:00:00, the stock BMK opened at 12.93 VND, reached a high of 12.93 VND, a low of 12.93 VND, and closed the hour at 12.93 VND with a trading volume of 1,200 shares."
2025-03-31 14:00:00,12.69,12.93,12.6,12.93,600,BMK,"At 2025-03-31 14:00:00, the stock BMK opened at 12.69 VND, reached a high of 12.93 VND, a low of 12.60 VND, and closed the hour at 12.93 VND with a trading volume of 600 shares."
2025-04-01 14:00:00,12.85,12.93,12.85,12.93,1800,BMK,"At 2025-04-01 14:00:00, the stock BMK opened at 12.85 VND, reached a high of 12.93 VND, a low of 12.85 VND, and closed the hour at 12.93 VND with a trading volume of 1,800 shares."
2025-04-02 13:00:00,12.93,12.93,12.6,12.6,500,BMK,"At 2025-04-02 13:00:00, the stock BMK opened at 12.93 VND, reached a high of 12.93 VND, a low of 12.60 VND, and closed the hour at 12.60 VND with a trading volume of 500 shares."
2025-04-03 09:00:00,13.59,13.59,13.59,13.59,100,BMK,"At 2025-04-03 09:00:00, the stock BMK opened at 13.59 VND, reached a high of 13.59 VND, a low of 13.59 VND, and closed the hour at 13.59 VND with a trading volume of 100 shares."
2025-04-03 11:00:00,12.93,13.02,12.93,13.02,700,BMK,"At 2025-04-03 11:00:00, the stock BMK opened at 12.93 VND, reached a high of 13.02 VND, a low of 12.93 VND, and closed the hour at 13.02 VND with a trading volume of 700 shares."
2025-04-03 13:00:00,12.6,12.6,12.6,12.6,500,BMK,"At 2025-04-03 13:00:00, the stock BMK opened at 12.60 VND, reached a high of 12.60 VND, a low of 12.60 VND, and closed the hour at 12.60 VND with a trading volume of 500 shares."
2025-04-03 14:00:00,12.6,12.6,12.6,12.6,700,BMK,"At 2025-04-03 14:00:00, the stock BMK opened at 12.60 VND, reached a high of 12.60 VND, a low of 12.60 VND, and closed the hour at 12.60 VND with a trading volume of 700 shares."
2025-04-04 09:00:00,13.26,13.26,13.26,13.26,200,BMK,"At 2025-04-04 09:00:00, the stock BMK opened at 13.26 VND, reached a high of 13.26 VND, a low of 13.26 VND, and closed the hour at 13.26 VND with a trading volume of 200 shares."
2025-04-04 14:00:00,13.1,13.18,12.77,12.77,1700,BMK,"At 2025-04-04 14:00:00, the stock BMK opened at 13.10 VND, reached a high of 13.18 VND, a low of 12.77 VND, and closed the hour at 12.77 VND with a trading volume of 1,700 shares."
2025-04-09 09:00:00,12.77,12.77,12.77,12.77,200,BMK,"At 2025-04-09 09:00:00, the stock BMK opened at 12.77 VND, reached a high of 12.77 VND, a low of 12.77 VND, and closed the hour at 12.77 VND with a trading volume of 200 shares."
2025-04-09 13:00:00,12.36,12.36,12.36,12.36,100,BMK,"At 2025-04-09 13:00:00, the stock BMK opened at 12.36 VND, reached a high of 12.36 VND, a low of 12.36 VND, and closed the hour at 12.36 VND with a trading volume of 100 shares."
2025-04-09 14:00:00,11.45,11.45,11.45,11.45,500,BMK,"At 2025-04-09 14:00:00, the stock BMK opened at 11.45 VND, reached a high of 11.45 VND, a low of 11.45 VND, and closed the hour at 11.45 VND with a trading volume of 500 shares."
2025-04-10 09:00:00,11.53,11.53,11.53,11.53,900,BMK,"At 2025-04-10 09:00:00, the stock BMK opened at 11.53 VND, reached a high of 11.53 VND, a low of 11.53 VND, and closed the hour at 11.53 VND with a trading volume of 900 shares."
2025-04-10 10:00:00,13.18,13.18,13.18,13.18,100,BMK,"At 2025-04-10 10:00:00, the stock BMK opened at 13.18 VND, reached a high of 13.18 VND, a low of 13.18 VND, and closed the hour at 13.18 VND with a trading volume of 100 shares."
2025-04-10 13:00:00,13.18,13.18,13.18,13.18,500,BMK,"At 2025-04-10 13:00:00, the stock BMK opened at 13.18 VND, reached a high of 13.18 VND, a low of 13.18 VND, and closed the hour at 13.18 VND with a trading volume of 500 shares."
2025-04-10 14:00:00,13.18,13.18,13.18,13.18,100,BMK,"At 2025-04-10 14:00:00, the stock BMK opened at 13.18 VND, reached a high of 13.18 VND, a low of 13.18 VND, and closed the hour at 13.18 VND with a trading volume of 100 shares."
2025-04-11 09:00:00,13.84,13.84,13.84,13.84,100,BMK,"At 2025-04-11 09:00:00, the stock BMK opened at 13.84 VND, reached a high of 13.84 VND, a low of 13.84 VND, and closed the hour at 13.84 VND with a trading volume of 100 shares."
2025-04-11 14:00:00,11.53,13.1,11.53,13.1,1400,BMK,"At 2025-04-11 14:00:00, the stock BMK opened at 11.53 VND, reached a high of 13.10 VND, a low of 11.53 VND, and closed the hour at 13.10 VND with a trading volume of 1,400 shares."
2025-04-14 09:00:00,11.62,11.62,11.62,11.62,100,BMK,"At 2025-04-14 09:00:00, the stock BMK opened at 11.62 VND, reached a high of 11.62 VND, a low of 11.62 VND, and closed the hour at 11.62 VND with a trading volume of 100 shares."
2025-04-14 10:00:00,11.86,11.86,11.86,11.86,100,BMK,"At 2025-04-14 10:00:00, the stock BMK opened at 11.86 VND, reached a high of 11.86 VND, a low of 11.86 VND, and closed the hour at 11.86 VND with a trading volume of 100 shares."
2025-04-14 13:00:00,11.94,11.94,11.86,11.86,400,BMK,"At 2025-04-14 13:00:00, the stock BMK opened at 11.94 VND, reached a high of 11.94 VND, a low of 11.86 VND, and closed the hour at 11.86 VND with a trading volume of 400 shares."
2025-04-14 14:00:00,12.93,12.93,12.93,12.93,100,BMK,"At 2025-04-14 14:00:00, the stock BMK opened at 12.93 VND, reached a high of 12.93 VND, a low of 12.93 VND, and closed the hour at 12.93 VND with a trading volume of 100 shares."
2025-04-15 13:00:00,12.85,12.85,12.85,12.85,200,BMK,"At 2025-04-15 13:00:00, the stock BMK opened at 12.85 VND, reached a high of 12.85 VND, a low of 12.85 VND, and closed the hour at 12.85 VND with a trading volume of 200 shares."
2025-04-15 14:00:00,12.44,12.44,12.44,12.44,100,BMK,"At 2025-04-15 14:00:00, the stock BMK opened at 12.44 VND, reached a high of 12.44 VND, a low of 12.44 VND, and closed the hour at 12.44 VND with a trading volume of 100 shares."
2025-04-16 14:00:00,12.69,12.69,12.69,12.69,100,BMK,"At 2025-04-16 14:00:00, the stock BMK opened at 12.69 VND, reached a high of 12.69 VND, a low of 12.69 VND, and closed the hour at 12.69 VND with a trading volume of 100 shares."
2025-04-18 09:00:00,12.36,12.36,12.36,12.36,1100,BMK,"At 2025-04-18 09:00:00, the stock BMK opened at 12.36 VND, reached a high of 12.36 VND, a low of 12.36 VND, and closed the hour at 12.36 VND with a trading volume of 1,100 shares."
2025-04-18 10:00:00,12.52,12.93,12.52,12.93,2300,BMK,"At 2025-04-18 10:00:00, the stock BMK opened at 12.52 VND, reached a high of 12.93 VND, a low of 12.52 VND, and closed the hour at 12.93 VND with a trading volume of 2,300 shares."
2025-04-21 13:00:00,12.93,12.93,12.93,12.93,400,BMK,"At 2025-04-21 13:00:00, the stock BMK opened at 12.93 VND, reached a high of 12.93 VND, a low of 12.93 VND, and closed the hour at 12.93 VND with a trading volume of 400 shares."
2025-04-23 13:00:00,12.36,12.93,12.36,12.93,300,BMK,"At 2025-04-23 13:00:00, the stock BMK opened at 12.36 VND, reached a high of 12.93 VND, a low of 12.36 VND, and closed the hour at 12.93 VND with a trading volume of 300 shares."
2025-04-24 11:00:00,12.36,12.36,12.36,12.36,600,BMK,"At 2025-04-24 11:00:00, the stock BMK opened at 12.36 VND, reached a high of 12.36 VND, a low of 12.36 VND, and closed the hour at 12.36 VND with a trading volume of 600 shares."
2025-04-24 13:00:00,12.36,12.36,12.36,12.36,700,BMK,"At 2025-04-24 13:00:00, the stock BMK opened at 12.36 VND, reached a high of 12.36 VND, a low of 12.36 VND, and closed the hour at 12.36 VND with a trading volume of 700 shares."
2025-04-24 14:00:00,11.53,11.53,11.12,11.12,1200,BMK,"At 2025-04-24 14:00:00, the stock BMK opened at 11.53 VND, reached a high of 11.53 VND, a low of 11.12 VND, and closed the hour at 11.12 VND with a trading volume of 1,200 shares."
2025-04-25 09:00:00,12.85,12.85,11.53,11.53,200,BMK,"At 2025-04-25 09:00:00, the stock BMK opened at 12.85 VND, reached a high of 12.85 VND, a low of 11.53 VND, and closed the hour at 11.53 VND with a trading volume of 200 shares."
2025-04-25 11:00:00,12.77,12.77,12.77,12.77,100,BMK,"At 2025-04-25 11:00:00, the stock BMK opened at 12.77 VND, reached a high of 12.77 VND, a low of 12.77 VND, and closed the hour at 12.77 VND with a trading volume of 100 shares."
2025-04-25 13:00:00,11.53,11.53,11.12,11.12,800,BMK,"At 2025-04-25 13:00:00, the stock BMK opened at 11.53 VND, reached a high of 11.53 VND, a low of 11.12 VND, and closed the hour at 11.12 VND with a trading volume of 800 shares."
2025-04-25 14:00:00,11.2,12.77,11.2,12.77,300,BMK,"At 2025-04-25 14:00:00, the stock BMK opened at 11.20 VND, reached a high of 12.77 VND, a low of 11.20 VND, and closed the hour at 12.77 VND with a trading volume of 300 shares."
2025-04-28 13:00:00,12.93,12.93,12.93,12.93,100,BMK,"At 2025-04-28 13:00:00, the stock BMK opened at 12.93 VND, reached a high of 12.93 VND, a low of 12.93 VND, and closed the hour at 12.93 VND with a trading volume of 100 shares."
2025-04-28 14:00:00,12.85,12.85,12.85,12.85,800,BMK,"At 2025-04-28 14:00:00, the stock BMK opened at 12.85 VND, reached a high of 12.85 VND, a low of 12.85 VND, and closed the hour at 12.85 VND with a trading volume of 800 shares."
2025-04-29 14:00:00,13.02,13.02,13.02,13.02,500,BMK,"At 2025-04-29 14:00:00, the stock BMK opened at 13.02 VND, reached a high of 13.02 VND, a low of 13.02 VND, and closed the hour at 13.02 VND with a trading volume of 500 shares."
2025-05-05 09:00:00,12.36,12.36,12.36,12.36,600,BMK,"At 2025-05-05 09:00:00, the stock BMK opened at 12.36 VND, reached a high of 12.36 VND, a low of 12.36 VND, and closed the hour at 12.36 VND with a trading volume of 600 shares."
2025-05-05 10:00:00,12.03,12.03,11.94,11.94,500,BMK,"At 2025-05-05 10:00:00, the stock BMK opened at 12.03 VND, reached a high of 12.03 VND, a low of 11.94 VND, and closed the hour at 11.94 VND with a trading volume of 500 shares."
2025-05-05 13:00:00,12.27,12.27,12.27,12.27,100,BMK,"At 2025-05-05 13:00:00, the stock BMK opened at 12.27 VND, reached a high of 12.27 VND, a low of 12.27 VND, and closed the hour at 12.27 VND with a trading volume of 100 shares."
2025-05-06 10:00:00,13.43,13.43,13.43,13.43,100,BMK,"At 2025-05-06 10:00:00, the stock BMK opened at 13.43 VND, reached a high of 13.43 VND, a low of 13.43 VND, and closed the hour at 13.43 VND with a trading volume of 100 shares."
2025-05-06 13:00:00,11.94,11.94,11.94,11.94,100,BMK,"At 2025-05-06 13:00:00, the stock BMK opened at 11.94 VND, reached a high of 11.94 VND, a low of 11.94 VND, and closed the hour at 11.94 VND with a trading volume of 100 shares."
2025-05-06 14:00:00,13.02,13.02,13.02,13.02,100,BMK,"At 2025-05-06 14:00:00, the stock BMK opened at 13.02 VND, reached a high of 13.02 VND, a low of 13.02 VND, and closed the hour at 13.02 VND with a trading volume of 100 shares."
2025-05-07 09:00:00,13.59,13.59,13.18,13.18,200,BMK,"At 2025-05-07 09:00:00, the stock BMK opened at 13.59 VND, reached a high of 13.59 VND, a low of 13.18 VND, and closed the hour at 13.18 VND with a trading volume of 200 shares."
2025-05-07 13:00:00,12.77,12.77,12.77,12.77,100,BMK,"At 2025-05-07 13:00:00, the stock BMK opened at 12.77 VND, reached a high of 12.77 VND, a low of 12.77 VND, and closed the hour at 12.77 VND with a trading volume of 100 shares."
2025-05-07 14:00:00,13.1,13.1,13.1,13.1,100,BMK,"At 2025-05-07 14:00:00, the stock BMK opened at 13.10 VND, reached a high of 13.10 VND, a low of 13.10 VND, and closed the hour at 13.10 VND with a trading volume of 100 shares."
2025-05-08 09:00:00,13.59,14.66,13.59,14.66,500,BMK,"At 2025-05-08 09:00:00, the stock BMK opened at 13.59 VND, reached a high of 14.66 VND, a low of 13.59 VND, and closed the hour at 14.66 VND with a trading volume of 500 shares."
2025-05-08 10:00:00,13.18,13.18,13.18,13.18,1000,BMK,"At 2025-05-08 10:00:00, the stock BMK opened at 13.18 VND, reached a high of 13.18 VND, a low of 13.18 VND, and closed the hour at 13.18 VND with a trading volume of 1,000 shares."
2025-05-08 13:00:00,12.77,12.77,12.77,12.77,100,BMK,"At 2025-05-08 13:00:00, the stock BMK opened at 12.77 VND, reached a high of 12.77 VND, a low of 12.77 VND, and closed the hour at 12.77 VND with a trading volume of 100 shares."
2025-05-08 14:00:00,12.77,14.17,12.36,14.17,800,BMK,"At 2025-05-08 14:00:00, the stock BMK opened at 12.77 VND, reached a high of 14.17 VND, a low of 12.36 VND, and closed the hour at 14.17 VND with a trading volume of 800 shares."
2025-05-12 13:00:00,12.77,13.18,12.77,13.18,1200,BMK,"At 2025-05-12 13:00:00, the stock BMK opened at 12.77 VND, reached a high of 13.18 VND, a low of 12.77 VND, and closed the hour at 13.18 VND with a trading volume of 1,200 shares."
2025-05-12 14:00:00,13.35,13.35,13.35,13.35,200,BMK,"At 2025-05-12 14:00:00, the stock BMK opened at 13.35 VND, reached a high of 13.35 VND, a low of 13.35 VND, and closed the hour at 13.35 VND with a trading volume of 200 shares."
2025-05-14 14:00:00,13.18,13.18,13.18,13.18,100,BMK,"At 2025-05-14 14:00:00, the stock BMK opened at 13.18 VND, reached a high of 13.18 VND, a low of 13.18 VND, and closed the hour at 13.18 VND with a trading volume of 100 shares."
2025-05-16 14:00:00,13.35,13.35,13.35,13.35,100,BMK,"At 2025-05-16 14:00:00, the stock BMK opened at 13.35 VND, reached a high of 13.35 VND, a low of 13.35 VND, and closed the hour at 13.35 VND with a trading volume of 100 shares."
2025-05-19 13:00:00,13.35,13.59,13.35,13.59,1800,BMK,"At 2025-05-19 13:00:00, the stock BMK opened at 13.35 VND, reached a high of 13.59 VND, a low of 13.35 VND, and closed the hour at 13.59 VND with a trading volume of 1,800 shares."
2025-05-20 09:00:00,13.67,13.67,11.94,11.94,600,BMK,"At 2025-05-20 09:00:00, the stock BMK opened at 13.67 VND, reached a high of 13.67 VND, a low of 11.94 VND, and closed the hour at 11.94 VND with a trading volume of 600 shares."
2025-05-20 13:00:00,13.67,13.67,13.67,13.67,100,BMK,"At 2025-05-20 13:00:00, the stock BMK opened at 13.67 VND, reached a high of 13.67 VND, a low of 13.67 VND, and closed the hour at 13.67 VND with a trading volume of 100 shares."
2025-05-21 10:00:00,13.59,13.59,12.77,12.77,400,BMK,"At 2025-05-21 10:00:00, the stock BMK opened at 13.59 VND, reached a high of 13.59 VND, a low of 12.77 VND, and closed the hour at 12.77 VND with a trading volume of 400 shares."
2025-05-21 14:00:00,12.77,12.93,12.77,12.93,1600,BMK,"At 2025-05-21 14:00:00, the stock BMK opened at 12.77 VND, reached a high of 12.93 VND, a low of 12.77 VND, and closed the hour at 12.93 VND with a trading volume of 1,600 shares."
2025-05-22 14:00:00,12.85,13.18,12.11,13.18,9200,BMK,"At 2025-05-22 14:00:00, the stock BMK opened at 12.85 VND, reached a high of 13.18 VND, a low of 12.11 VND, and closed the hour at 13.18 VND with a trading volume of 9,200 shares."
2025-05-23 10:00:00,12.77,12.77,12.77,12.77,1500,BMK,"At 2025-05-23 10:00:00, the stock BMK opened at 12.77 VND, reached a high of 12.77 VND, a low of 12.77 VND, and closed the hour at 12.77 VND with a trading volume of 1,500 shares."
2025-05-23 14:00:00,13.18,13.18,13.18,13.18,100,BMK,"At 2025-05-23 14:00:00, the stock BMK opened at 13.18 VND, reached a high of 13.18 VND, a low of 13.18 VND, and closed the hour at 13.18 VND with a trading volume of 100 shares."
2025-05-26 10:00:00,13.02,13.02,13.02,13.02,100,BMK,"At 2025-05-26 10:00:00, the stock BMK opened at 13.02 VND, reached a high of 13.02 VND, a low of 13.02 VND, and closed the hour at 13.02 VND with a trading volume of 100 shares."
2025-05-26 13:00:00,12.85,12.85,12.85,12.85,100,BMK,"At 2025-05-26 13:00:00, the stock BMK opened at 12.85 VND, reached a high of 12.85 VND, a low of 12.85 VND, and closed the hour at 12.85 VND with a trading volume of 100 shares."
2025-05-27 11:00:00,12.77,12.77,12.77,12.77,100,BMK,"At 2025-05-27 11:00:00, the stock BMK opened at 12.77 VND, reached a high of 12.77 VND, a low of 12.77 VND, and closed the hour at 12.77 VND with a trading volume of 100 shares."
2025-05-27 13:00:00,12.77,12.77,12.77,12.77,5100,BMK,"At 2025-05-27 13:00:00, the stock BMK opened at 12.77 VND, reached a high of 12.77 VND, a low of 12.77 VND, and closed the hour at 12.77 VND with a trading volume of 5,100 shares."
2025-05-27 14:00:00,12.77,12.93,12.77,12.85,6300,BMK,"At 2025-05-27 14:00:00, the stock BMK opened at 12.77 VND, reached a high of 12.93 VND, a low of 12.77 VND, and closed the hour at 12.85 VND with a trading volume of 6,300 shares."
2025-05-28 09:00:00,12.77,12.77,12.77,12.77,100,BMK,"At 2025-05-28 09:00:00, the stock BMK opened at 12.77 VND, reached a high of 12.77 VND, a low of 12.77 VND, and closed the hour at 12.77 VND with a trading volume of 100 shares."
2025-05-28 10:00:00,12.85,13.02,12.85,13.02,6000,BMK,"At 2025-05-28 10:00:00, the stock BMK opened at 12.85 VND, reached a high of 13.02 VND, a low of 12.85 VND, and closed the hour at 13.02 VND with a trading volume of 6,000 shares."
2025-05-28 13:00:00,13.02,13.02,13.02,13.02,700,BMK,"At 2025-05-28 13:00:00, the stock BMK opened at 13.02 VND, reached a high of 13.02 VND, a low of 13.02 VND, and closed the hour at 13.02 VND with a trading volume of 700 shares."
2025-05-29 09:00:00,13.84,13.84,13.84,13.84,3300,BMK,"At 2025-05-29 09:00:00, the stock BMK opened at 13.84 VND, reached a high of 13.84 VND, a low of 13.84 VND, and closed the hour at 13.84 VND with a trading volume of 3,300 shares."
2025-06-02 14:00:00,13.76,13.84,13.76,13.84,200,BMK,"At 2025-06-02 14:00:00, the stock BMK opened at 13.76 VND, reached a high of 13.84 VND, a low of 13.76 VND, and closed the hour at 13.84 VND with a trading volume of 200 shares."
2025-06-03 10:00:00,13.84,13.84,13.84,13.84,500,BMK,"At 2025-06-03 10:00:00, the stock BMK opened at 13.84 VND, reached a high of 13.84 VND, a low of 13.84 VND, and closed the hour at 13.84 VND with a trading volume of 500 shares."
2025-06-04 11:00:00,12.52,12.52,12.52,12.52,100,BMK,"At 2025-06-04 11:00:00, the stock BMK opened at 12.52 VND, reached a high of 12.52 VND, a low of 12.52 VND, and closed the hour at 12.52 VND with a trading volume of 100 shares."
2025-06-04 13:00:00,13.59,13.59,13.59,13.59,300,BMK,"At 2025-06-04 13:00:00, the stock BMK opened at 13.59 VND, reached a high of 13.59 VND, a low of 13.59 VND, and closed the hour at 13.59 VND with a trading volume of 300 shares."
2025-06-04 14:00:00,13.76,13.76,13.76,13.76,300,BMK,"At 2025-06-04 14:00:00, the stock BMK opened at 13.76 VND, reached a high of 13.76 VND, a low of 13.76 VND, and closed the hour at 13.76 VND with a trading volume of 300 shares."
2025-06-05 09:00:00,12.03,12.03,12.03,12.03,100,BMK,"At 2025-06-05 09:00:00, the stock BMK opened at 12.03 VND, reached a high of 12.03 VND, a low of 12.03 VND, and closed the hour at 12.03 VND with a trading volume of 100 shares."
2025-06-05 10:00:00,12.36,12.36,11.62,11.62,6700,BMK,"At 2025-06-05 10:00:00, the stock BMK opened at 12.36 VND, reached a high of 12.36 VND, a low of 11.62 VND, and closed the hour at 11.62 VND with a trading volume of 6,700 shares."
2025-06-05 13:00:00,13.1,13.1,11.78,11.78,5100,BMK,"At 2025-06-05 13:00:00, the stock BMK opened at 13.10 VND, reached a high of 13.10 VND, a low of 11.78 VND, and closed the hour at 11.78 VND with a trading volume of 5,100 shares."
2025-06-05 14:00:00,13.1,13.1,13.1,13.1,100,BMK,"At 2025-06-05 14:00:00, the stock BMK opened at 13.10 VND, reached a high of 13.10 VND, a low of 13.10 VND, and closed the hour at 13.10 VND with a trading volume of 100 shares."
2025-06-06 09:00:00,13.51,13.51,13.51,13.51,500,BMK,"At 2025-06-06 09:00:00, the stock BMK opened at 13.51 VND, reached a high of 13.51 VND, a low of 13.51 VND, and closed the hour at 13.51 VND with a trading volume of 500 shares."
2025-06-09 09:00:00,13.51,13.51,13.51,13.51,100,BMK,"At 2025-06-09 09:00:00, the stock BMK opened at 13.51 VND, reached a high of 13.51 VND, a low of 13.51 VND, and closed the hour at 13.51 VND with a trading volume of 100 shares."
2025-06-09 13:00:00,12.36,12.77,12.03,12.77,2400,BMK,"At 2025-06-09 13:00:00, the stock BMK opened at 12.36 VND, reached a high of 12.77 VND, a low of 12.03 VND, and closed the hour at 12.77 VND with a trading volume of 2,400 shares."
2025-06-09 14:00:00,12.11,12.93,11.86,12.93,3800,BMK,"At 2025-06-09 14:00:00, the stock BMK opened at 12.11 VND, reached a high of 12.93 VND, a low of 11.86 VND, and closed the hour at 12.93 VND with a trading volume of 3,800 shares."
2025-06-10 09:00:00,12.93,13.02,12.93,13.02,300,BMK,"At 2025-06-10 09:00:00, the stock BMK opened at 12.93 VND, reached a high of 13.02 VND, a low of 12.93 VND, and closed the hour at 13.02 VND with a trading volume of 300 shares."
2025-06-11 09:00:00,12.85,12.85,12.85,12.85,100,BMK,"At 2025-06-11 09:00:00, the stock BMK opened at 12.85 VND, reached a high of 12.85 VND, a low of 12.85 VND, and closed the hour at 12.85 VND with a trading volume of 100 shares."
2025-06-11 13:00:00,12.85,12.85,12.85,12.85,600,BMK,"At 2025-06-11 13:00:00, the stock BMK opened at 12.85 VND, reached a high of 12.85 VND, a low of 12.85 VND, and closed the hour at 12.85 VND with a trading volume of 600 shares."
2025-06-12 09:00:00,12.36,12.36,12.36,12.36,1300,BMK,"At 2025-06-12 09:00:00, the stock BMK opened at 12.36 VND, reached a high of 12.36 VND, a low of 12.36 VND, and closed the hour at 12.36 VND with a trading volume of 1,300 shares."
2025-06-12 10:00:00,12.6,12.6,12.36,12.36,2700,BMK,"At 2025-06-12 10:00:00, the stock BMK opened at 12.60 VND, reached a high of 12.60 VND, a low of 12.36 VND, and closed the hour at 12.36 VND with a trading volume of 2,700 shares."
2025-06-12 13:00:00,12.36,12.36,12.36,12.36,100,BMK,"At 2025-06-12 13:00:00, the stock BMK opened at 12.36 VND, reached a high of 12.36 VND, a low of 12.36 VND, and closed the hour at 12.36 VND with a trading volume of 100 shares."
2025-06-12 14:00:00,12.44,12.44,12.36,12.36,1200,BMK,"At 2025-06-12 14:00:00, the stock BMK opened at 12.44 VND, reached a high of 12.44 VND, a low of 12.36 VND, and closed the hour at 12.36 VND with a trading volume of 1,200 shares."
2025-06-13 09:00:00,12.6,12.6,12.6,12.6,100,BMK,"At 2025-06-13 09:00:00, the stock BMK opened at 12.60 VND, reached a high of 12.60 VND, a low of 12.60 VND, and closed the hour at 12.60 VND with a trading volume of 100 shares."
2025-06-13 13:00:00,12.36,12.44,12.36,12.44,800,BMK,"At 2025-06-13 13:00:00, the stock BMK opened at 12.36 VND, reached a high of 12.44 VND, a low of 12.36 VND, and closed the hour at 12.44 VND with a trading volume of 800 shares."
2025-06-16 09:00:00,12.36,12.36,12.36,12.36,200,BMK,"At 2025-06-16 09:00:00, the stock BMK opened at 12.36 VND, reached a high of 12.36 VND, a low of 12.36 VND, and closed the hour at 12.36 VND with a trading volume of 200 shares."
2025-06-16 10:00:00,12.36,12.36,12.36,12.36,400,BMK,"At 2025-06-16 10:00:00, the stock BMK opened at 12.36 VND, reached a high of 12.36 VND, a low of 12.36 VND, and closed the hour at 12.36 VND with a trading volume of 400 shares."
2025-06-16 11:00:00,12.36,12.36,12.36,12.36,600,BMK,"At 2025-06-16 11:00:00, the stock BMK opened at 12.36 VND, reached a high of 12.36 VND, a low of 12.36 VND, and closed the hour at 12.36 VND with a trading volume of 600 shares."
2025-06-16 13:00:00,12.36,12.36,12.27,12.36,2100,BMK,"At 2025-06-16 13:00:00, the stock BMK opened at 12.36 VND, reached a high of 12.36 VND, a low of 12.27 VND, and closed the hour at 12.36 VND with a trading volume of 2,100 shares."
2025-06-17 10:00:00,12.69,12.69,12.69,12.69,100,BMK,"At 2025-06-17 10:00:00, the stock BMK opened at 12.69 VND, reached a high of 12.69 VND, a low of 12.69 VND, and closed the hour at 12.69 VND with a trading volume of 100 shares."
2025-06-17 11:00:00,12.69,12.69,12.69,12.69,200,BMK,"At 2025-06-17 11:00:00, the stock BMK opened at 12.69 VND, reached a high of 12.69 VND, a low of 12.69 VND, and closed the hour at 12.69 VND with a trading volume of 200 shares."
2025-06-19 13:00:00,12.6,12.6,12.52,12.52,3100,BMK,"At 2025-06-19 13:00:00, the stock BMK opened at 12.60 VND, reached a high of 12.60 VND, a low of 12.52 VND, and closed the hour at 12.52 VND with a trading volume of 3,100 shares."
2025-06-19 14:00:00,12.52,12.6,12.52,12.52,3600,BMK,"At 2025-06-19 14:00:00, the stock BMK opened at 12.52 VND, reached a high of 12.60 VND, a low of 12.52 VND, and closed the hour at 12.52 VND with a trading volume of 3,600 shares."
2025-06-23 09:00:00,12.44,12.44,12.44,12.44,100,BMK,"At 2025-06-23 09:00:00, the stock BMK opened at 12.44 VND, reached a high of 12.44 VND, a low of 12.44 VND, and closed the hour at 12.44 VND with a trading volume of 100 shares."
2025-06-24 13:00:00,12.44,12.44,12.44,12.44,300,BMK,"At 2025-06-24 13:00:00, the stock BMK opened at 12.44 VND, reached a high of 12.44 VND, a low of 12.44 VND, and closed the hour at 12.44 VND with a trading volume of 300 shares."
2025-06-24 14:00:00,12.36,12.36,12.36,12.36,100,BMK,"At 2025-06-24 14:00:00, the stock BMK opened at 12.36 VND, reached a high of 12.36 VND, a low of 12.36 VND, and closed the hour at 12.36 VND with a trading volume of 100 shares."
2025-06-25 11:00:00,12.44,12.44,12.44,12.44,100,BMK,"At 2025-06-25 11:00:00, the stock BMK opened at 12.44 VND, reached a high of 12.44 VND, a low of 12.44 VND, and closed the hour at 12.44 VND with a trading volume of 100 shares."
2025-06-25 13:00:00,12.44,12.44,12.44,12.44,800,BMK,"At 2025-06-25 13:00:00, the stock BMK opened at 12.44 VND, reached a high of 12.44 VND, a low of 12.44 VND, and closed the hour at 12.44 VND with a trading volume of 800 shares."
2025-06-26 09:00:00,12.44,12.44,12.44,12.44,1500,BMK,"At 2025-06-26 09:00:00, the stock BMK opened at 12.44 VND, reached a high of 12.44 VND, a low of 12.44 VND, and closed the hour at 12.44 VND with a trading volume of 1,500 shares."
2025-06-27 14:00:00,13.43,13.43,13.43,13.43,100,BMK,"At 2025-06-27 14:00:00, the stock BMK opened at 13.43 VND, reached a high of 13.43 VND, a low of 13.43 VND, and closed the hour at 13.43 VND with a trading volume of 100 shares."
2025-06-30 09:00:00,15.32,15.32,15.32,15.32,100,BMK,"At 2025-06-30 09:00:00, the stock BMK opened at 15.32 VND, reached a high of 15.32 VND, a low of 15.32 VND, and closed the hour at 15.32 VND with a trading volume of 100 shares."
2025-06-30 10:00:00,13.35,13.35,13.35,13.35,100,BMK,"At 2025-06-30 10:00:00, the stock BMK opened at 13.35 VND, reached a high of 13.35 VND, a low of 13.35 VND, and closed the hour at 13.35 VND with a trading volume of 100 shares."
2025-07-01 11:00:00,12.36,12.44,12.36,12.36,2200,BMK,"At 2025-07-01 11:00:00, the stock BMK opened at 12.36 VND, reached a high of 12.44 VND, a low of 12.36 VND, and closed the hour at 12.36 VND with a trading volume of 2,200 shares."
2025-07-01 13:00:00,12.36,12.36,12.36,12.36,2000,BMK,"At 2025-07-01 13:00:00, the stock BMK opened at 12.36 VND, reached a high of 12.36 VND, a low of 12.36 VND, and closed the hour at 12.36 VND with a trading volume of 2,000 shares."
2025-07-01 14:00:00,12.77,13.18,12.36,13.18,1000,BMK,"At 2025-07-01 14:00:00, the stock BMK opened at 12.77 VND, reached a high of 13.18 VND, a low of 12.36 VND, and closed the hour at 13.18 VND with a trading volume of 1,000 shares."
2025-07-02 09:00:00,13.02,13.02,13.02,13.02,100,BMK,"At 2025-07-02 09:00:00, the stock BMK opened at 13.02 VND, reached a high of 13.02 VND, a low of 13.02 VND, and closed the hour at 13.02 VND with a trading volume of 100 shares."
2025-07-02 14:00:00,12.36,12.36,12.36,12.36,1000,BMK,"At 2025-07-02 14:00:00, the stock BMK opened at 12.36 VND, reached a high of 12.36 VND, a low of 12.36 VND, and closed the hour at 12.36 VND with a trading volume of 1,000 shares."
2025-07-03 09:00:00,11.53,11.53,11.53,11.53,100,BMK,"At 2025-07-03 09:00:00, the stock BMK opened at 11.53 VND, reached a high of 11.53 VND, a low of 11.53 VND, and closed the hour at 11.53 VND with a trading volume of 100 shares."
2025-07-04 09:00:00,13.18,13.18,13.18,13.18,200,BMK,"At 2025-07-04 09:00:00, the stock BMK opened at 13.18 VND, reached a high of 13.18 VND, a low of 13.18 VND, and closed the hour at 13.18 VND with a trading volume of 200 shares."
2025-07-04 10:00:00,12.69,12.69,12.69,12.69,600,BMK,"At 2025-07-04 10:00:00, the stock BMK opened at 12.69 VND, reached a high of 12.69 VND, a low of 12.69 VND, and closed the hour at 12.69 VND with a trading volume of 600 shares."
2025-07-07 10:00:00,12.6,12.77,12.36,12.36,2500,BMK,"At 2025-07-07 10:00:00, the stock BMK opened at 12.60 VND, reached a high of 12.77 VND, a low of 12.36 VND, and closed the hour at 12.36 VND with a trading volume of 2,500 shares."
2025-07-07 11:00:00,12.36,12.36,12.36,12.36,500,BMK,"At 2025-07-07 11:00:00, the stock BMK opened at 12.36 VND, reached a high of 12.36 VND, a low of 12.36 VND, and closed the hour at 12.36 VND with a trading volume of 500 shares."
2025-07-07 13:00:00,12.36,12.44,12.27,12.44,11100,BMK,"At 2025-07-07 13:00:00, the stock BMK opened at 12.36 VND, reached a high of 12.44 VND, a low of 12.27 VND, and closed the hour at 12.44 VND with a trading volume of 11,100 shares."
2025-07-07 14:00:00,12.36,13.02,12.36,13.02,1100,BMK,"At 2025-07-07 14:00:00, the stock BMK opened at 12.36 VND, reached a high of 13.02 VND, a low of 12.36 VND, and closed the hour at 13.02 VND with a trading volume of 1,100 shares."
2025-07-08 09:00:00,13.43,13.84,13.43,13.59,1000,BMK,"At 2025-07-08 09:00:00, the stock BMK opened at 13.43 VND, reached a high of 13.84 VND, a low of 13.43 VND, and closed the hour at 13.59 VND with a trading volume of 1,000 shares."
2025-07-08 13:00:00,13.1,13.18,13.02,13.02,800,BMK,"At 2025-07-08 13:00:00, the stock BMK opened at 13.10 VND, reached a high of 13.18 VND, a low of 13.02 VND, and closed the hour at 13.02 VND with a trading volume of 800 shares."
2025-07-08 14:00:00,13.02,13.02,12.6,12.6,400,BMK,"At 2025-07-08 14:00:00, the stock BMK opened at 13.02 VND, reached a high of 13.02 VND, a low of 12.60 VND, and closed the hour at 12.60 VND with a trading volume of 400 shares."
2025-07-10 09:00:00,13.26,15.24,13.26,15.24,3400,BMK,"At 2025-07-10 09:00:00, the stock BMK opened at 13.26 VND, reached a high of 15.24 VND, a low of 13.26 VND, and closed the hour at 15.24 VND with a trading volume of 3,400 shares."
2025-07-10 11:00:00,14.83,14.83,14.83,14.83,100,BMK,"At 2025-07-10 11:00:00, the stock BMK opened at 14.83 VND, reached a high of 14.83 VND, a low of 14.83 VND, and closed the hour at 14.83 VND with a trading volume of 100 shares."
2025-07-11 09:00:00,14.5,14.83,14.5,14.83,2200,BMK,"At 2025-07-11 09:00:00, the stock BMK opened at 14.50 VND, reached a high of 14.83 VND, a low of 14.50 VND, and closed the hour at 14.83 VND with a trading volume of 2,200 shares."
2025-07-14 09:00:00,14.83,14.83,14.83,14.83,200,BMK,"At 2025-07-14 09:00:00, the stock BMK opened at 14.83 VND, reached a high of 14.83 VND, a low of 14.83 VND, and closed the hour at 14.83 VND with a trading volume of 200 shares."
2025-07-14 10:00:00,14.42,14.42,14.42,14.42,100,BMK,"At 2025-07-14 10:00:00, the stock BMK opened at 14.42 VND, reached a high of 14.42 VND, a low of 14.42 VND, and closed the hour at 14.42 VND with a trading volume of 100 shares."
2025-07-15 09:00:00,15.76,15.93,14.66,14.66,800,BMK,"At 2025-07-15 09:00:00, the stock BMK opened at 15.76 VND, reached a high of 15.93 VND, a low of 14.66 VND, and closed the hour at 14.66 VND with a trading volume of 800 shares."
2025-07-15 13:00:00,14.58,14.58,14.58,14.58,100,BMK,"At 2025-07-15 13:00:00, the stock BMK opened at 14.58 VND, reached a high of 14.58 VND, a low of 14.58 VND, and closed the hour at 14.58 VND with a trading volume of 100 shares."
2025-07-16 09:00:00,15.09,15.09,14.58,14.58,400,BMK,"At 2025-07-16 09:00:00, the stock BMK opened at 15.09 VND, reached a high of 15.09 VND, a low of 14.58 VND, and closed the hour at 14.58 VND with a trading volume of 400 shares."
2025-07-16 10:00:00,13.14,13.14,13.14,13.14,700,BMK,"At 2025-07-16 10:00:00, the stock BMK opened at 13.14 VND, reached a high of 13.14 VND, a low of 13.14 VND, and closed the hour at 13.14 VND with a trading volume of 700 shares."
2025-07-16 13:00:00,13.14,13.14,13.14,13.14,1800,BMK,"At 2025-07-16 13:00:00, the stock BMK opened at 13.14 VND, reached a high of 13.14 VND, a low of 13.14 VND, and closed the hour at 13.14 VND with a trading volume of 1,800 shares."
2025-07-16 14:00:00,13.56,13.56,13.56,13.56,3900,BMK,"At 2025-07-16 14:00:00, the stock BMK opened at 13.56 VND, reached a high of 13.56 VND, a low of 13.56 VND, and closed the hour at 13.56 VND with a trading volume of 3,900 shares."
2025-07-17 09:00:00,15.42,15.42,15.26,15.26,600,BMK,"At 2025-07-17 09:00:00, the stock BMK opened at 15.42 VND, reached a high of 15.42 VND, a low of 15.26 VND, and closed the hour at 15.26 VND with a trading volume of 600 shares."
2025-07-17 11:00:00,13.48,13.48,13.48,13.48,500,BMK,"At 2025-07-17 11:00:00, the stock BMK opened at 13.48 VND, reached a high of 13.48 VND, a low of 13.48 VND, and closed the hour at 13.48 VND with a trading volume of 500 shares."
2025-07-17 13:00:00,13.48,13.48,13.14,13.14,7600,BMK,"At 2025-07-17 13:00:00, the stock BMK opened at 13.48 VND, reached a high of 13.48 VND, a low of 13.14 VND, and closed the hour at 13.14 VND with a trading volume of 7,600 shares."
2025-07-17 14:00:00,13.98,13.98,13.98,13.98,100,BMK,"At 2025-07-17 14:00:00, the stock BMK opened at 13.98 VND, reached a high of 13.98 VND, a low of 13.98 VND, and closed the hour at 13.98 VND with a trading volume of 100 shares."
2025-07-18 09:00:00,14.24,14.41,14.24,14.41,600,BMK,"At 2025-07-18 09:00:00, the stock BMK opened at 14.24 VND, reached a high of 14.41 VND, a low of 14.24 VND, and closed the hour at 14.41 VND with a trading volume of 600 shares."
2025-07-21 09:00:00,13.22,13.22,13.22,13.22,400,BMK,"At 2025-07-21 09:00:00, the stock BMK opened at 13.22 VND, reached a high of 13.22 VND, a low of 13.22 VND, and closed the hour at 13.22 VND with a trading volume of 400 shares."
2025-07-21 10:00:00,13.22,13.22,13.22,13.22,200,BMK,"At 2025-07-21 10:00:00, the stock BMK opened at 13.22 VND, reached a high of 13.22 VND, a low of 13.22 VND, and closed the hour at 13.22 VND with a trading volume of 200 shares."
2025-07-21 13:00:00,14.58,14.83,14.58,14.83,600,BMK,"At 2025-07-21 13:00:00, the stock BMK opened at 14.58 VND, reached a high of 14.83 VND, a low of 14.58 VND, and closed the hour at 14.83 VND with a trading volume of 600 shares."
2025-07-22 09:00:00,14.41,14.83,14.41,14.83,600,BMK,"At 2025-07-22 09:00:00, the stock BMK opened at 14.41 VND, reached a high of 14.83 VND, a low of 14.41 VND, and closed the hour at 14.83 VND with a trading volume of 600 shares."
2025-07-22 13:00:00,13.98,13.98,13.98,13.98,100,BMK,"At 2025-07-22 13:00:00, the stock BMK opened at 13.98 VND, reached a high of 13.98 VND, a low of 13.98 VND, and closed the hour at 13.98 VND with a trading volume of 100 shares."
2025-07-23 09:00:00,14.41,14.75,14.41,14.75,300,BMK,"At 2025-07-23 09:00:00, the stock BMK opened at 14.41 VND, reached a high of 14.75 VND, a low of 14.41 VND, and closed the hour at 14.75 VND with a trading volume of 300 shares."
2025-07-23 13:00:00,13.98,14.58,13.56,14.58,800,BMK,"At 2025-07-23 13:00:00, the stock BMK opened at 13.98 VND, reached a high of 14.58 VND, a low of 13.56 VND, and closed the hour at 14.58 VND with a trading volume of 800 shares."
2025-07-24 09:00:00,14.75,14.75,14.58,14.58,1000,BMK,"At 2025-07-24 09:00:00, the stock BMK opened at 14.75 VND, reached a high of 14.75 VND, a low of 14.58 VND, and closed the hour at 14.58 VND with a trading volume of 1,000 shares."
2025-07-24 13:00:00,14.15,14.58,14.15,14.58,2100,BMK,"At 2025-07-24 13:00:00, the stock BMK opened at 14.15 VND, reached a high of 14.58 VND, a low of 14.15 VND, and closed the hour at 14.58 VND with a trading volume of 2,100 shares."
2025-07-24 14:00:00,14.15,14.15,14.15,14.15,900,BMK,"At 2025-07-24 14:00:00, the stock BMK opened at 14.15 VND, reached a high of 14.15 VND, a low of 14.15 VND, and closed the hour at 14.15 VND with a trading volume of 900 shares."
2025-07-25 09:00:00,13.98,13.98,13.98,13.98,100,BMK,"At 2025-07-25 09:00:00, the stock BMK opened at 13.98 VND, reached a high of 13.98 VND, a low of 13.98 VND, and closed the hour at 13.98 VND with a trading volume of 100 shares."
2025-07-25 11:00:00,13.98,13.98,13.98,13.98,900,BMK,"At 2025-07-25 11:00:00, the stock BMK opened at 13.98 VND, reached a high of 13.98 VND, a low of 13.98 VND, and closed the hour at 13.98 VND with a trading volume of 900 shares."
2025-07-25 13:00:00,14.32,14.32,14.32,14.32,300,BMK,"At 2025-07-25 13:00:00, the stock BMK opened at 14.32 VND, reached a high of 14.32 VND, a low of 14.32 VND, and closed the hour at 14.32 VND with a trading volume of 300 shares."
2025-07-28 10:00:00,14.07,14.07,12.29,12.29,200,BMK,"At 2025-07-28 10:00:00, the stock BMK opened at 14.07 VND, reached a high of 14.07 VND, a low of 12.29 VND, and closed the hour at 12.29 VND with a trading volume of 200 shares."
2025-07-28 13:00:00,14.07,14.07,14.07,14.07,700,BMK,"At 2025-07-28 13:00:00, the stock BMK opened at 14.07 VND, reached a high of 14.07 VND, a low of 14.07 VND, and closed the hour at 14.07 VND with a trading volume of 700 shares."
2025-07-28 14:00:00,14.07,14.07,14.07,14.07,100,BMK,"At 2025-07-28 14:00:00, the stock BMK opened at 14.07 VND, reached a high of 14.07 VND, a low of 14.07 VND, and closed the hour at 14.07 VND with a trading volume of 100 shares."
2025-07-29 09:00:00,14.41,14.41,14.41,14.41,100,BMK,"At 2025-07-29 09:00:00, the stock BMK opened at 14.41 VND, reached a high of 14.41 VND, a low of 14.41 VND, and closed the hour at 14.41 VND with a trading volume of 100 shares."
2025-07-29 13:00:00,14.07,14.07,14.07,14.07,200,BMK,"At 2025-07-29 13:00:00, the stock BMK opened at 14.07 VND, reached a high of 14.07 VND, a low of 14.07 VND, and closed the hour at 14.07 VND with a trading volume of 200 shares."
2025-07-29 14:00:00,14.07,14.07,14.07,14.07,100,BMK,"At 2025-07-29 14:00:00, the stock BMK opened at 14.07 VND, reached a high of 14.07 VND, a low of 14.07 VND, and closed the hour at 14.07 VND with a trading volume of 100 shares."
2025-07-30 09:00:00,14.15,14.41,14.15,14.41,200,BMK,"At 2025-07-30 09:00:00, the stock BMK opened at 14.15 VND, reached a high of 14.41 VND, a low of 14.15 VND, and closed the hour at 14.41 VND with a trading volume of 200 shares."
2025-07-30 13:00:00,14.32,14.32,14.32,14.32,100,BMK,"At 2025-07-30 13:00:00, the stock BMK opened at 14.32 VND, reached a high of 14.32 VND, a low of 14.32 VND, and closed the hour at 14.32 VND with a trading volume of 100 shares."
2025-07-31 09:00:00,14.83,14.83,14.83,14.83,200,BMK,"At 2025-07-31 09:00:00, the stock BMK opened at 14.83 VND, reached a high of 14.83 VND, a low of 14.83 VND, and closed the hour at 14.83 VND with a trading volume of 200 shares."
2025-07-31 13:00:00,14.32,14.32,14.32,14.32,200,BMK,"At 2025-07-31 13:00:00, the stock BMK opened at 14.32 VND, reached a high of 14.32 VND, a low of 14.32 VND, and closed the hour at 14.32 VND with a trading volume of 200 shares."
2025-08-04 09:00:00,13.56,16.7,13.56,16.61,1000,BMK,"At 2025-08-04 09:00:00, the stock BMK opened at 13.56 VND, reached a high of 16.70 VND, a low of 13.56 VND, and closed the hour at 16.61 VND with a trading volume of 1,000 shares."
2025-08-05 09:00:00,16.27,16.7,16.27,16.7,600,BMK,"At 2025-08-05 09:00:00, the stock BMK opened at 16.27 VND, reached a high of 16.70 VND, a low of 16.27 VND, and closed the hour at 16.70 VND with a trading volume of 600 shares."
2025-08-06 09:00:00,18.48,18.48,18.48,18.48,300,BMK,"At 2025-08-06 09:00:00, the stock BMK opened at 18.48 VND, reached a high of 18.48 VND, a low of 18.48 VND, and closed the hour at 18.48 VND with a trading volume of 300 shares."
2025-08-07 09:00:00,18.48,18.48,18.48,18.48,100,BMK,"At 2025-08-07 09:00:00, the stock BMK opened at 18.48 VND, reached a high of 18.48 VND, a low of 18.48 VND, and closed the hour at 18.48 VND with a trading volume of 100 shares."
2025-08-08 09:00:00,18.64,18.64,18.64,18.64,100,BMK,"At 2025-08-08 09:00:00, the stock BMK opened at 18.64 VND, reached a high of 18.64 VND, a low of 18.64 VND, and closed the hour at 18.64 VND with a trading volume of 100 shares."
2025-08-11 10:00:00,16.95,16.95,16.1,16.1,1200,BMK,"At 2025-08-11 10:00:00, the stock BMK opened at 16.95 VND, reached a high of 16.95 VND, a low of 16.10 VND, and closed the hour at 16.10 VND with a trading volume of 1,200 shares."
2025-08-11 11:00:00,16.1,16.1,16.1,16.1,700,BMK,"At 2025-08-11 11:00:00, the stock BMK opened at 16.10 VND, reached a high of 16.10 VND, a low of 16.10 VND, and closed the hour at 16.10 VND with a trading volume of 700 shares."
2025-08-11 13:00:00,16.1,17.8,15.85,15.85,1800,BMK,"At 2025-08-11 13:00:00, the stock BMK opened at 16.10 VND, reached a high of 17.80 VND, a low of 15.85 VND, and closed the hour at 15.85 VND with a trading volume of 1,800 shares."
2025-08-11 14:00:00,15.85,15.85,15.85,15.85,200,BMK,"At 2025-08-11 14:00:00, the stock BMK opened at 15.85 VND, reached a high of 15.85 VND, a low of 15.85 VND, and closed the hour at 15.85 VND with a trading volume of 200 shares."
2025-08-12 09:00:00,15.85,15.85,14.41,14.41,2600,BMK,"At 2025-08-12 09:00:00, the stock BMK opened at 15.85 VND, reached a high of 15.85 VND, a low of 14.41 VND, and closed the hour at 14.41 VND with a trading volume of 2,600 shares."
2025-08-12 10:00:00,14.41,14.41,14.41,14.41,1000,BMK,"At 2025-08-12 10:00:00, the stock BMK opened at 14.41 VND, reached a high of 14.41 VND, a low of 14.41 VND, and closed the hour at 14.41 VND with a trading volume of 1,000 shares."
2025-08-12 11:00:00,14.49,14.49,14.49,14.49,200,BMK,"At 2025-08-12 11:00:00, the stock BMK opened at 14.49 VND, reached a high of 14.49 VND, a low of 14.49 VND, and closed the hour at 14.49 VND with a trading volume of 200 shares."
2025-08-12 13:00:00,14.49,14.49,14.49,14.49,800,BMK,"At 2025-08-12 13:00:00, the stock BMK opened at 14.49 VND, reached a high of 14.49 VND, a low of 14.49 VND, and closed the hour at 14.49 VND with a trading volume of 800 shares."
2025-08-13 09:00:00,14.75,14.75,14.49,14.49,1000,BMK,"At 2025-08-13 09:00:00, the stock BMK opened at 14.75 VND, reached a high of 14.75 VND, a low of 14.49 VND, and closed the hour at 14.49 VND with a trading volume of 1,000 shares."
2025-08-13 10:00:00,16.95,16.95,15.26,15.26,300,BMK,"At 2025-08-13 10:00:00, the stock BMK opened at 16.95 VND, reached a high of 16.95 VND, a low of 15.26 VND, and closed the hour at 15.26 VND with a trading volume of 300 shares."
2025-08-13 13:00:00,14.83,14.83,14.49,14.49,1900,BMK,"At 2025-08-13 13:00:00, the stock BMK opened at 14.83 VND, reached a high of 14.83 VND, a low of 14.49 VND, and closed the hour at 14.49 VND with a trading volume of 1,900 shares."
2025-08-14 09:00:00,16.53,16.53,14.49,14.49,5200,BMK,"At 2025-08-14 09:00:00, the stock BMK opened at 16.53 VND, reached a high of 16.53 VND, a low of 14.49 VND, and closed the hour at 14.49 VND with a trading volume of 5,200 shares."
2025-08-14 10:00:00,14.49,14.58,14.41,14.41,11800,BMK,"At 2025-08-14 10:00:00, the stock BMK opened at 14.49 VND, reached a high of 14.58 VND, a low of 14.41 VND, and closed the hour at 14.41 VND with a trading volume of 11,800 shares."
2025-08-14 13:00:00,14.58,14.58,14.58,14.58,600,BMK,"At 2025-08-14 13:00:00, the stock BMK opened at 14.58 VND, reached a high of 14.58 VND, a low of 14.58 VND, and closed the hour at 14.58 VND with a trading volume of 600 shares."
2025-08-14 14:00:00,14.58,14.58,14.58,14.58,600,BMK,"At 2025-08-14 14:00:00, the stock BMK opened at 14.58 VND, reached a high of 14.58 VND, a low of 14.58 VND, and closed the hour at 14.58 VND with a trading volume of 600 shares."
2025-08-15 09:00:00,16.02,16.02,14.66,15.85,1400,BMK,"At 2025-08-15 09:00:00, the stock BMK opened at 16.02 VND, reached a high of 16.02 VND, a low of 14.66 VND, and closed the hour at 15.85 VND with a trading volume of 1,400 shares."
2025-08-18 09:00:00,16.95,16.95,15.68,15.85,4900,BMK,"At 2025-08-18 09:00:00, the stock BMK opened at 16.95 VND, reached a high of 16.95 VND, a low of 15.68 VND, and closed the hour at 15.85 VND with a trading volume of 4,900 shares."
2025-08-18 10:00:00,15.85,15.85,15.85,15.85,300,BMK,"At 2025-08-18 10:00:00, the stock BMK opened at 15.85 VND, reached a high of 15.85 VND, a low of 15.85 VND, and closed the hour at 15.85 VND with a trading volume of 300 shares."
2025-08-18 11:00:00,15.76,15.76,15.76,15.76,100,BMK,"At 2025-08-18 11:00:00, the stock BMK opened at 15.76 VND, reached a high of 15.76 VND, a low of 15.76 VND, and closed the hour at 15.76 VND with a trading volume of 100 shares."
2025-08-19 09:00:00,14.66,16.53,14.66,16.53,2600,BMK,"At 2025-08-19 09:00:00, the stock BMK opened at 14.66 VND, reached a high of 16.53 VND, a low of 14.66 VND, and closed the hour at 16.53 VND with a trading volume of 2,600 shares."
2025-08-19 10:00:00,16.1,16.1,14.83,14.83,600,BMK,"At 2025-08-19 10:00:00, the stock BMK opened at 16.10 VND, reached a high of 16.10 VND, a low of 14.83 VND, and closed the hour at 14.83 VND with a trading volume of 600 shares."
2025-08-19 13:00:00,14.92,14.92,14.83,14.83,4100,BMK,"At 2025-08-19 13:00:00, the stock BMK opened at 14.92 VND, reached a high of 14.92 VND, a low of 14.83 VND, and closed the hour at 14.83 VND with a trading volume of 4,100 shares."
2025-08-19 14:00:00,14.83,14.83,14.75,14.75,1800,BMK,"At 2025-08-19 14:00:00, the stock BMK opened at 14.83 VND, reached a high of 14.83 VND, a low of 14.75 VND, and closed the hour at 14.75 VND with a trading volume of 1,800 shares."
2025-08-20 09:00:00,16.95,16.95,16.1,16.53,1900,BMK,"At 2025-08-20 09:00:00, the stock BMK opened at 16.95 VND, reached a high of 16.95 VND, a low of 16.10 VND, and closed the hour at 16.53 VND with a trading volume of 1,900 shares."
2025-08-20 10:00:00,14.83,14.83,14.83,14.83,100,BMK,"At 2025-08-20 10:00:00, the stock BMK opened at 14.83 VND, reached a high of 14.83 VND, a low of 14.83 VND, and closed the hour at 14.83 VND with a trading volume of 100 shares."
2025-08-20 11:00:00,14.83,14.83,14.83,14.83,300,BMK,"At 2025-08-20 11:00:00, the stock BMK opened at 14.83 VND, reached a high of 14.83 VND, a low of 14.83 VND, and closed the hour at 14.83 VND with a trading volume of 300 shares."
2025-08-20 13:00:00,14.83,14.83,14.83,14.83,500,BMK,"At 2025-08-20 13:00:00, the stock BMK opened at 14.83 VND, reached a high of 14.83 VND, a low of 14.83 VND, and closed the hour at 14.83 VND with a trading volume of 500 shares."
2025-08-20 14:00:00,14.83,14.83,14.83,14.83,400,BMK,"At 2025-08-20 14:00:00, the stock BMK opened at 14.83 VND, reached a high of 14.83 VND, a low of 14.83 VND, and closed the hour at 14.83 VND with a trading volume of 400 shares."
2025-08-21 09:00:00,15.68,16.02,15.68,15.93,1800,BMK,"At 2025-08-21 09:00:00, the stock BMK opened at 15.68 VND, reached a high of 16.02 VND, a low of 15.68 VND, and closed the hour at 15.93 VND with a trading volume of 1,800 shares."
2025-08-21 10:00:00,15.85,15.85,15.26,15.26,1800,BMK,"At 2025-08-21 10:00:00, the stock BMK opened at 15.85 VND, reached a high of 15.85 VND, a low of 15.26 VND, and closed the hour at 15.26 VND with a trading volume of 1,800 shares."
2025-08-21 13:00:00,14.83,15.26,14.83,15.26,600,BMK,"At 2025-08-21 13:00:00, the stock BMK opened at 14.83 VND, reached a high of 15.26 VND, a low of 14.83 VND, and closed the hour at 15.26 VND with a trading volume of 600 shares."
2025-08-21 14:00:00,14.83,14.83,14.83,14.83,100,BMK,"At 2025-08-21 14:00:00, the stock BMK opened at 14.83 VND, reached a high of 14.83 VND, a low of 14.83 VND, and closed the hour at 14.83 VND with a trading volume of 100 shares."
2025-08-22 09:00:00,15.26,16.53,15.26,15.34,2900,BMK,"At 2025-08-22 09:00:00, the stock BMK opened at 15.26 VND, reached a high of 16.53 VND, a low of 15.26 VND, and closed the hour at 15.34 VND with a trading volume of 2,900 shares."
2025-08-22 10:00:00,15.68,15.68,15.34,15.34,600,BMK,"At 2025-08-22 10:00:00, the stock BMK opened at 15.68 VND, reached a high of 15.68 VND, a low of 15.34 VND, and closed the hour at 15.34 VND with a trading volume of 600 shares."
2025-08-22 13:00:00,15.26,15.26,15.26,15.26,200,BMK,"At 2025-08-22 13:00:00, the stock BMK opened at 15.26 VND, reached a high of 15.26 VND, a low of 15.26 VND, and closed the hour at 15.26 VND with a trading volume of 200 shares."
2025-08-22 14:00:00,15.26,15.26,15.17,15.17,300,BMK,"At 2025-08-22 14:00:00, the stock BMK opened at 15.26 VND, reached a high of 15.26 VND, a low of 15.17 VND, and closed the hour at 15.17 VND with a trading volume of 300 shares."
2025-08-25 09:00:00,17.6,17.6,15.8,15.8,1400,BMK,"At 2025-08-25 09:00:00, the stock BMK opened at 17.60 VND, reached a high of 17.60 VND, a low of 15.80 VND, and closed the hour at 15.80 VND with a trading volume of 1,400 shares."
2025-08-26 13:00:00,15.0,15.0,15.0,15.0,100,BMK,"At 2025-08-26 13:00:00, the stock BMK opened at 15.00 VND, reached a high of 15.00 VND, a low of 15.00 VND, and closed the hour at 15.00 VND with a trading volume of 100 shares."
2025-08-26 14:00:00,15.1,15.3,15.1,15.3,2600,BMK,"At 2025-08-26 14:00:00, the stock BMK opened at 15.10 VND, reached a high of 15.30 VND, a low of 15.10 VND, and closed the hour at 15.30 VND with a trading volume of 2,600 shares."
2025-08-27 09:00:00,15.3,15.3,15.1,15.1,200,BMK,"At 2025-08-27 09:00:00, the stock BMK opened at 15.30 VND, reached a high of 15.30 VND, a low of 15.10 VND, and closed the hour at 15.10 VND with a trading volume of 200 shares."
2025-08-27 10:00:00,15.1,15.1,15.1,15.1,200,BMK,"At 2025-08-27 10:00:00, the stock BMK opened at 15.10 VND, reached a high of 15.10 VND, a low of 15.10 VND, and closed the hour at 15.10 VND with a trading volume of 200 shares."
2025-08-27 11:00:00,15.4,15.4,15.4,15.4,500,BMK,"At 2025-08-27 11:00:00, the stock BMK opened at 15.40 VND, reached a high of 15.40 VND, a low of 15.40 VND, and closed the hour at 15.40 VND with a trading volume of 500 shares."
2025-08-27 14:00:00,15.4,15.4,15.4,15.4,500,BMK,"At 2025-08-27 14:00:00, the stock BMK opened at 15.40 VND, reached a high of 15.40 VND, a low of 15.40 VND, and closed the hour at 15.40 VND with a trading volume of 500 shares."
2025-08-29 13:00:00,15.3,15.3,15.3,15.3,1400,BMK,"At 2025-08-29 13:00:00, the stock BMK opened at 15.30 VND, reached a high of 15.30 VND, a low of 15.30 VND, and closed the hour at 15.30 VND with a trading volume of 1,400 shares."
2025-08-29 14:00:00,15.3,15.3,15.3,15.3,3300,BMK,"At 2025-08-29 14:00:00, the stock BMK opened at 15.30 VND, reached a high of 15.30 VND, a low of 15.30 VND, and closed the hour at 15.30 VND with a trading volume of 3,300 shares."
2025-09-04 09:00:00,15.5,16.2,15.5,15.9,300,BMK,"At 2025-09-04 09:00:00, the stock BMK opened at 15.50 VND, reached a high of 16.20 VND, a low of 15.50 VND, and closed the hour at 15.90 VND with a trading volume of 300 shares."
2025-09-05 10:00:00,15.5,15.5,15.5,15.5,100,BMK,"At 2025-09-05 10:00:00, the stock BMK opened at 15.50 VND, reached a high of 15.50 VND, a low of 15.50 VND, and closed the hour at 15.50 VND with a trading volume of 100 shares."
2025-09-08 09:00:00,15.5,15.5,15.5,15.5,200,BMK,"At 2025-09-08 09:00:00, the stock BMK opened at 15.50 VND, reached a high of 15.50 VND, a low of 15.50 VND, and closed the hour at 15.50 VND with a trading volume of 200 shares."
2025-09-09 10:00:00,15.3,15.3,15.3,15.3,200,BMK,"At 2025-09-09 10:00:00, the stock BMK opened at 15.30 VND, reached a high of 15.30 VND, a low of 15.30 VND, and closed the hour at 15.30 VND with a trading volume of 200 shares."
2025-09-11 09:00:00,15.3,15.3,15.3,15.3,200,BMK,"At 2025-09-11 09:00:00, the stock BMK opened at 15.30 VND, reached a high of 15.30 VND, a low of 15.30 VND, and closed the hour at 15.30 VND with a trading volume of 200 shares."
2025-09-12 09:00:00,15.2,15.2,15.2,15.2,100,BMK,"At 2025-09-12 09:00:00, the stock BMK opened at 15.20 VND, reached a high of 15.20 VND, a low of 15.20 VND, and closed the hour at 15.20 VND with a trading volume of 100 shares."
2025-09-16 10:00:00,15.2,15.2,15.0,15.0,200,BMK,"At 2025-09-16 10:00:00, the stock BMK opened at 15.20 VND, reached a high of 15.20 VND, a low of 15.00 VND, and closed the hour at 15.00 VND with a trading volume of 200 shares."
2025-09-19 10:00:00,15.0,15.0,15.0,15.0,200,BMK,"At 2025-09-19 10:00:00, the stock BMK opened at 15.00 VND, reached a high of 15.00 VND, a low of 15.00 VND, and closed the hour at 15.00 VND with a trading volume of 200 shares."
2025-09-22 11:00:00,15.0,15.0,15.0,15.0,500,BMK,"At 2025-09-22 11:00:00, the stock BMK opened at 15.00 VND, reached a high of 15.00 VND, a low of 15.00 VND, and closed the hour at 15.00 VND with a trading volume of 500 shares."
2025-09-24 09:00:00,15.0,15.0,15.0,15.0,100,BMK,"At 2025-09-24 09:00:00, the stock BMK opened at 15.00 VND, reached a high of 15.00 VND, a low of 15.00 VND, and closed the hour at 15.00 VND with a trading volume of 100 shares."
2025-09-24 13:00:00,14.6,14.6,14.6,14.6,100,BMK,"At 2025-09-24 13:00:00, the stock BMK opened at 14.60 VND, reached a high of 14.60 VND, a low of 14.60 VND, and closed the hour at 14.60 VND with a trading volume of 100 shares."
2025-09-24 14:00:00,15.0,15.0,15.0,15.0,200,BMK,"At 2025-09-24 14:00:00, the stock BMK opened at 15.00 VND, reached a high of 15.00 VND, a low of 15.00 VND, and closed the hour at 15.00 VND with a trading volume of 200 shares."
2025-09-25 10:00:00,14.9,14.9,14.9,14.9,400,BMK,"At 2025-09-25 10:00:00, the stock BMK opened at 14.90 VND, reached a high of 14.90 VND, a low of 14.90 VND, and closed the hour at 14.90 VND with a trading volume of 400 shares."
2025-09-25 13:00:00,14.9,14.9,14.9,14.9,100,BMK,"At 2025-09-25 13:00:00, the stock BMK opened at 14.90 VND, reached a high of 14.90 VND, a low of 14.90 VND, and closed the hour at 14.90 VND with a trading volume of 100 shares."
2025-09-29 09:00:00,15.5,17.1,15.5,17.1,300,BMK,"At 2025-09-29 09:00:00, the stock BMK opened at 15.50 VND, reached a high of 17.10 VND, a low of 15.50 VND, and closed the hour at 17.10 VND with a trading volume of 300 shares."
2025-10-02 09:00:00,16.5,16.5,16.5,16.5,100,BMK,"At 2025-10-02 09:00:00, the stock BMK opened at 16.50 VND, reached a high of 16.50 VND, a low of 16.50 VND, and closed the hour at 16.50 VND with a trading volume of 100 shares."
2025-10-03 09:00:00,18.0,18.0,18.0,18.0,100,BMK,"At 2025-10-03 09:00:00, the stock BMK opened at 18.00 VND, reached a high of 18.00 VND, a low of 18.00 VND, and closed the hour at 18.00 VND with a trading volume of 100 shares."
2025-10-06 09:00:00,15.9,15.9,15.9,15.9,100,BMK,"At 2025-10-06 09:00:00, the stock BMK opened at 15.90 VND, reached a high of 15.90 VND, a low of 15.90 VND, and closed the hour at 15.90 VND with a trading volume of 100 shares."
2025-10-06 14:00:00,15.6,15.6,15.6,15.6,200,BMK,"At 2025-10-06 14:00:00, the stock BMK opened at 15.60 VND, reached a high of 15.60 VND, a low of 15.60 VND, and closed the hour at 15.60 VND with a trading volume of 200 shares."
2025-10-09 10:00:00,15.0,15.0,15.0,15.0,600,BMK,"At 2025-10-09 10:00:00, the stock BMK opened at 15.00 VND, reached a high of 15.00 VND, a low of 15.00 VND, and closed the hour at 15.00 VND with a trading volume of 600 shares."
2025-10-09 11:00:00,15.0,15.0,15.0,15.0,100,BMK,"At 2025-10-09 11:00:00, the stock BMK opened at 15.00 VND, reached a high of 15.00 VND, a low of 15.00 VND, and closed the hour at 15.00 VND with a trading volume of 100 shares."
2025-10-09 14:00:00,15.0,16.0,15.0,16.0,800,BMK,"At 2025-10-09 14:00:00, the stock BMK opened at 15.00 VND, reached a high of 16.00 VND, a low of 15.00 VND, and closed the hour at 16.00 VND with a trading volume of 800 shares."
2025-10-10 09:00:00,15.3,15.3,15.3,15.3,100,BMK,"At 2025-10-10 09:00:00, the stock BMK opened at 15.30 VND, reached a high of 15.30 VND, a low of 15.30 VND, and closed the hour at 15.30 VND with a trading volume of 100 shares."
2025-10-13 10:00:00,13.1,15.0,13.1,15.0,300,BMK,"At 2025-10-13 10:00:00, the stock BMK opened at 13.10 VND, reached a high of 15.00 VND, a low of 13.10 VND, and closed the hour at 15.00 VND with a trading volume of 300 shares."
2025-10-13 11:00:00,15.0,15.3,15.0,15.3,200,BMK,"At 2025-10-13 11:00:00, the stock BMK opened at 15.00 VND, reached a high of 15.30 VND, a low of 15.00 VND, and closed the hour at 15.30 VND with a trading volume of 200 shares."
2025-10-13 13:00:00,15.0,15.0,15.0,15.0,300,BMK,"At 2025-10-13 13:00:00, the stock BMK opened at 15.00 VND, reached a high of 15.00 VND, a low of 15.00 VND, and closed the hour at 15.00 VND with a trading volume of 300 shares."
2025-10-14 09:00:00,15.0,15.0,15.0,15.0,500,BMK,"At 2025-10-14 09:00:00, the stock BMK opened at 15.00 VND, reached a high of 15.00 VND, a low of 15.00 VND, and closed the hour at 15.00 VND with a trading volume of 500 shares."
2025-10-14 14:00:00,15.0,15.0,15.0,15.0,500,BMK,"At 2025-10-14 14:00:00, the stock BMK opened at 15.00 VND, reached a high of 15.00 VND, a low of 15.00 VND, and closed the hour at 15.00 VND with a trading volume of 500 shares."
2025-10-15 09:00:00,15.9,15.9,15.9,15.9,100,BMK,"At 2025-10-15 09:00:00, the stock BMK opened at 15.90 VND, reached a high of 15.90 VND, a low of 15.90 VND, and closed the hour at 15.90 VND with a trading volume of 100 shares."
2025-10-16 10:00:00,15.0,15.0,15.0,15.0,300,BMK,"At 2025-10-16 10:00:00, the stock BMK opened at 15.00 VND, reached a high of 15.00 VND, a low of 15.00 VND, and closed the hour at 15.00 VND with a trading volume of 300 shares."
2025-10-16 13:00:00,15.0,15.0,14.6,14.6,1200,BMK,"At 2025-10-16 13:00:00, the stock BMK opened at 15.00 VND, reached a high of 15.00 VND, a low of 14.60 VND, and closed the hour at 14.60 VND with a trading volume of 1,200 shares."
2025-10-16 14:00:00,15.0,15.0,15.0,15.0,500,BMK,"At 2025-10-16 14:00:00, the stock BMK opened at 15.00 VND, reached a high of 15.00 VND, a low of 15.00 VND, and closed the hour at 15.00 VND with a trading volume of 500 shares."
2025-10-17 13:00:00,15.0,15.0,15.0,15.0,200,BMK,"At 2025-10-17 13:00:00, the stock BMK opened at 15.00 VND, reached a high of 15.00 VND, a low of 15.00 VND, and closed the hour at 15.00 VND with a trading volume of 200 shares."
2025-10-17 14:00:00,15.0,15.0,15.0,15.0,2000,BMK,"At 2025-10-17 14:00:00, the stock BMK opened at 15.00 VND, reached a high of 15.00 VND, a low of 15.00 VND, and closed the hour at 15.00 VND with a trading volume of 2,000 shares."
2025-10-20 10:00:00,15.0,15.0,15.0,15.0,100,BMK,"At 2025-10-20 10:00:00, the stock BMK opened at 15.00 VND, reached a high of 15.00 VND, a low of 15.00 VND, and closed the hour at 15.00 VND with a trading volume of 100 shares."
2025-10-20 14:00:00,14.5,15.0,14.5,15.0,1400,BMK,"At 2025-10-20 14:00:00, the stock BMK opened at 14.50 VND, reached a high of 15.00 VND, a low of 14.50 VND, and closed the hour at 15.00 VND with a trading volume of 1,400 shares."
2025-10-21 09:00:00,15.8,15.8,15.8,15.8,500,BMK,"At 2025-10-21 09:00:00, the stock BMK opened at 15.80 VND, reached a high of 15.80 VND, a low of 15.80 VND, and closed the hour at 15.80 VND with a trading volume of 500 shares."
2025-10-24 09:00:00,16.0,16.5,16.0,16.5,600,BMK,"At 2025-10-24 09:00:00, the stock BMK opened at 16.00 VND, reached a high of 16.50 VND, a low of 16.00 VND, and closed the hour at 16.50 VND with a trading volume of 600 shares."
2025-10-24 13:00:00,15.5,15.6,15.5,15.6,3800,BMK,"At 2025-10-24 13:00:00, the stock BMK opened at 15.50 VND, reached a high of 15.60 VND, a low of 15.50 VND, and closed the hour at 15.60 VND with a trading volume of 3,800 shares."
2025-11-04 09:00:00,16.2,16.2,16.2,16.2,200,BMK,"At 2025-11-04 09:00:00, the stock BMK opened at 16.20 VND, reached a high of 16.20 VND, a low of 16.20 VND, and closed the hour at 16.20 VND with a trading volume of 200 shares."
2025-11-07 11:00:00,13.8,13.8,13.8,13.8,100,BMK,"At 2025-11-07 11:00:00, the stock BMK opened at 13.80 VND, reached a high of 13.80 VND, a low of 13.80 VND, and closed the hour at 13.80 VND with a trading volume of 100 shares."
2025-11-07 14:00:00,15.8,15.8,15.8,15.8,200,BMK,"At 2025-11-07 14:00:00, the stock BMK opened at 15.80 VND, reached a high of 15.80 VND, a low of 15.80 VND, and closed the hour at 15.80 VND with a trading volume of 200 shares."
2025-11-10 09:00:00,14.5,14.5,14.0,14.0,8000,BMK,"At 2025-11-10 09:00:00, the stock BMK opened at 14.50 VND, reached a high of 14.50 VND, a low of 14.00 VND, and closed the hour at 14.00 VND with a trading volume of 8,000 shares."
2025-11-10 10:00:00,14.8,14.9,14.8,14.9,5000,BMK,"At 2025-11-10 10:00:00, the stock BMK opened at 14.80 VND, reached a high of 14.90 VND, a low of 14.80 VND, and closed the hour at 14.90 VND with a trading volume of 5,000 shares."
2025-11-10 14:00:00,14.8,14.8,14.8,14.8,2000,BMK,"At 2025-11-10 14:00:00, the stock BMK opened at 14.80 VND, reached a high of 14.80 VND, a low of 14.80 VND, and closed the hour at 14.80 VND with a trading volume of 2,000 shares."
2025-11-11 09:00:00,14.8,14.8,14.8,14.8,800,BMK,"At 2025-11-11 09:00:00, the stock BMK opened at 14.80 VND, reached a high of 14.80 VND, a low of 14.80 VND, and closed the hour at 14.80 VND with a trading volume of 800 shares."
2025-11-11 14:00:00,14.4,14.4,14.4,14.4,200,BMK,"At 2025-11-11 14:00:00, the stock BMK opened at 14.40 VND, reached a high of 14.40 VND, a low of 14.40 VND, and closed the hour at 14.40 VND with a trading volume of 200 shares."
2025-11-12 13:00:00,15.0,15.0,15.0,15.0,200,BMK,"At 2025-11-12 13:00:00, the stock BMK opened at 15.00 VND, reached a high of 15.00 VND, a low of 15.00 VND, and closed the hour at 15.00 VND with a trading volume of 200 shares."
2025-11-17 13:00:00,15.0,15.0,15.0,15.0,100,BMK,"At 2025-11-17 13:00:00, the stock BMK opened at 15.00 VND, reached a high of 15.00 VND, a low of 15.00 VND, and closed the hour at 15.00 VND with a trading volume of 100 shares."
2025-11-17 14:00:00,15.0,15.0,15.0,15.0,100,BMK,"At 2025-11-17 14:00:00, the stock BMK opened at 15.00 VND, reached a high of 15.00 VND, a low of 15.00 VND, and closed the hour at 15.00 VND with a trading volume of 100 shares."
2025-11-18 10:00:00,15.8,15.8,15.8,15.8,100,BMK,"At 2025-11-18 10:00:00, the stock BMK opened at 15.80 VND, reached a high of 15.80 VND, a low of 15.80 VND, and closed the hour at 15.80 VND with a trading volume of 100 shares."
2025-11-20 09:00:00,13.5,13.5,13.5,13.5,500,BMK,"At 2025-11-20 09:00:00, the stock BMK opened at 13.50 VND, reached a high of 13.50 VND, a low of 13.50 VND, and closed the hour at 13.50 VND with a trading volume of 500 shares."
2025-11-20 10:00:00,14.0,14.0,13.5,14.0,3600,BMK,"At 2025-11-20 10:00:00, the stock BMK opened at 14.00 VND, reached a high of 14.00 VND, a low of 13.50 VND, and closed the hour at 14.00 VND with a trading volume of 3,600 shares."
2025-11-20 11:00:00,14.0,14.0,14.0,14.0,1900,BMK,"At 2025-11-20 11:00:00, the stock BMK opened at 14.00 VND, reached a high of 14.00 VND, a low of 14.00 VND, and closed the hour at 14.00 VND with a trading volume of 1,900 shares."
2025-11-21 13:00:00,14.5,14.5,14.5,14.5,200,BMK,"At 2025-11-21 13:00:00, the stock BMK opened at 14.50 VND, reached a high of 14.50 VND, a low of 14.50 VND, and closed the hour at 14.50 VND with a trading volume of 200 shares."
2025-11-24 13:00:00,14.4,14.5,14.4,14.5,1200,BMK,"At 2025-11-24 13:00:00, the stock BMK opened at 14.40 VND, reached a high of 14.50 VND, a low of 14.40 VND, and closed the hour at 14.50 VND with a trading volume of 1,200 shares."
2025-11-25 13:00:00,14.5,14.6,14.5,14.6,1500,BMK,"At 2025-11-25 13:00:00, the stock BMK opened at 14.50 VND, reached a high of 14.60 VND, a low of 14.50 VND, and closed the hour at 14.60 VND with a trading volume of 1,500 shares."
2025-11-26 13:00:00,14.6,14.6,14.6,14.6,100,BMK,"At 2025-11-26 13:00:00, the stock BMK opened at 14.60 VND, reached a high of 14.60 VND, a low of 14.60 VND, and closed the hour at 14.60 VND with a trading volume of 100 shares."
2025-11-26 14:00:00,14.6,14.6,14.6,14.6,100,BMK,"At 2025-11-26 14:00:00, the stock BMK opened at 14.60 VND, reached a high of 14.60 VND, a low of 14.60 VND, and closed the hour at 14.60 VND with a trading volume of 100 shares."
2025-11-27 11:00:00,14.6,14.6,14.6,14.6,500,BMK,"At 2025-11-27 11:00:00, the stock BMK opened at 14.60 VND, reached a high of 14.60 VND, a low of 14.60 VND, and closed the hour at 14.60 VND with a trading volume of 500 shares."
2025-11-27 14:00:00,14.8,14.8,14.8,14.8,100,BMK,"At 2025-11-27 14:00:00, the stock BMK opened at 14.80 VND, reached a high of 14.80 VND, a low of 14.80 VND, and closed the hour at 14.80 VND with a trading volume of 100 shares."
2025-11-28 10:00:00,14.5,14.5,14.5,14.5,200,BMK,"At 2025-11-28 10:00:00, the stock BMK opened at 14.50 VND, reached a high of 14.50 VND, a low of 14.50 VND, and closed the hour at 14.50 VND with a trading volume of 200 shares."
2025-12-02 10:00:00,14.8,14.8,14.8,14.8,400,BMK,"At 2025-12-02 10:00:00, the stock BMK opened at 14.80 VND, reached a high of 14.80 VND, a low of 14.80 VND, and closed the hour at 14.80 VND with a trading volume of 400 shares."
2025-12-03 13:00:00,14.8,14.8,14.8,14.8,600,BMK,"At 2025-12-03 13:00:00, the stock BMK opened at 14.80 VND, reached a high of 14.80 VND, a low of 14.80 VND, and closed the hour at 14.80 VND with a trading volume of 600 shares."
2025-12-04 09:00:00,15.8,15.8,15.0,15.0,2600,BMK,"At 2025-12-04 09:00:00, the stock BMK opened at 15.80 VND, reached a high of 15.80 VND, a low of 15.00 VND, and closed the hour at 15.00 VND with a trading volume of 2,600 shares."
2025-12-05 14:00:00,14.5,14.5,14.5,14.5,100,BMK,"At 2025-12-05 14:00:00, the stock BMK opened at 14.50 VND, reached a high of 14.50 VND, a low of 14.50 VND, and closed the hour at 14.50 VND with a trading volume of 100 shares."
2025-12-08 09:00:00,14.5,14.5,13.0,13.0,3300,BMK,"At 2025-12-08 09:00:00, the stock BMK opened at 14.50 VND, reached a high of 14.50 VND, a low of 13.00 VND, and closed the hour at 13.00 VND with a trading volume of 3,300 shares."
2025-12-08 10:00:00,12.7,14.8,12.5,14.8,6500,BMK,"At 2025-12-08 10:00:00, the stock BMK opened at 12.70 VND, reached a high of 14.80 VND, a low of 12.50 VND, and closed the hour at 14.80 VND with a trading volume of 6,500 shares."
2025-12-08 13:00:00,15.0,15.0,15.0,15.0,900,BMK,"At 2025-12-08 13:00:00, the stock BMK opened at 15.00 VND, reached a high of 15.00 VND, a low of 15.00 VND, and closed the hour at 15.00 VND with a trading volume of 900 shares."
2025-12-08 14:00:00,13.8,13.8,13.8,13.8,300,BMK,"At 2025-12-08 14:00:00, the stock BMK opened at 13.80 VND, reached a high of 13.80 VND, a low of 13.80 VND, and closed the hour at 13.80 VND with a trading volume of 300 shares."
2025-12-09 09:00:00,14.8,14.8,11.8,11.8,1200,BMK,"At 2025-12-09 09:00:00, the stock BMK opened at 14.80 VND, reached a high of 14.80 VND, a low of 11.80 VND, and closed the hour at 11.80 VND with a trading volume of 1,200 shares."
2025-12-09 10:00:00,14.5,14.5,14.0,14.0,300,BMK,"At 2025-12-09 10:00:00, the stock BMK opened at 14.50 VND, reached a high of 14.50 VND, a low of 14.00 VND, and closed the hour at 14.00 VND with a trading volume of 300 shares."
2025-12-09 11:00:00,14.0,14.0,14.0,14.0,500,BMK,"At 2025-12-09 11:00:00, the stock BMK opened at 14.00 VND, reached a high of 14.00 VND, a low of 14.00 VND, and closed the hour at 14.00 VND with a trading volume of 500 shares."
2025-12-09 13:00:00,12.2,13.5,11.2,13.5,9700,BMK,"At 2025-12-09 13:00:00, the stock BMK opened at 12.20 VND, reached a high of 13.50 VND, a low of 11.20 VND, and closed the hour at 13.50 VND with a trading volume of 9,700 shares."
2025-12-09 14:00:00,12.0,14.5,12.0,14.5,1600,BMK,"At 2025-12-09 14:00:00, the stock BMK opened at 12.00 VND, reached a high of 14.50 VND, a low of 12.00 VND, and closed the hour at 14.50 VND with a trading volume of 1,600 shares."
2025-12-10 09:00:00,13.0,13.6,13.0,13.6,3000,BMK,"At 2025-12-10 09:00:00, the stock BMK opened at 13.00 VND, reached a high of 13.60 VND, a low of 13.00 VND, and closed the hour at 13.60 VND with a trading volume of 3,000 shares."
2025-12-10 10:00:00,13.6,13.6,13.0,13.6,4000,BMK,"At 2025-12-10 10:00:00, the stock BMK opened at 13.60 VND, reached a high of 13.60 VND, a low of 13.00 VND, and closed the hour at 13.60 VND with a trading volume of 4,000 shares."
2025-12-10 11:00:00,13.6,13.6,13.6,13.6,1200,BMK,"At 2025-12-10 11:00:00, the stock BMK opened at 13.60 VND, reached a high of 13.60 VND, a low of 13.60 VND, and closed the hour at 13.60 VND with a trading volume of 1,200 shares."
2025-12-10 13:00:00,13.6,13.6,13.0,13.6,9600,BMK,"At 2025-12-10 13:00:00, the stock BMK opened at 13.60 VND, reached a high of 13.60 VND, a low of 13.00 VND, and closed the hour at 13.60 VND with a trading volume of 9,600 shares."
2025-12-10 14:00:00,13.6,13.6,13.6,13.6,2100,BMK,"At 2025-12-10 14:00:00, the stock BMK opened at 13.60 VND, reached a high of 13.60 VND, a low of 13.60 VND, and closed the hour at 13.60 VND with a trading volume of 2,100 shares."
2025-12-11 09:00:00,14.5,14.8,14.5,14.8,900,BMK,"At 2025-12-11 09:00:00, the stock BMK opened at 14.50 VND, reached a high of 14.80 VND, a low of 14.50 VND, and closed the hour at 14.80 VND with a trading volume of 900 shares."
2025-12-11 11:00:00,13.7,13.7,13.7,13.7,100,BMK,"At 2025-12-11 11:00:00, the stock BMK opened at 13.70 VND, reached a high of 13.70 VND, a low of 13.70 VND, and closed the hour at 13.70 VND with a trading volume of 100 shares."
2025-12-11 13:00:00,13.7,13.7,12.1,13.1,3500,BMK,"At 2025-12-11 13:00:00, the stock BMK opened at 13.70 VND, reached a high of 13.70 VND, a low of 12.10 VND, and closed the hour at 13.10 VND with a trading volume of 3,500 shares."
2025-12-11 14:00:00,13.1,13.6,13.0,13.6,2300,BMK,"At 2025-12-11 14:00:00, the stock BMK opened at 13.10 VND, reached a high of 13.60 VND, a low of 13.00 VND, and closed the hour at 13.60 VND with a trading volume of 2,300 shares."
2025-12-12 13:00:00,13.6,13.8,13.5,13.8,600,BMK,"At 2025-12-12 13:00:00, the stock BMK opened at 13.60 VND, reached a high of 13.80 VND, a low of 13.50 VND, and closed the hour at 13.80 VND with a trading volume of 600 shares."
2025-12-12 14:00:00,13.8,13.8,13.8,13.8,100,BMK,"At 2025-12-12 14:00:00, the stock BMK opened at 13.80 VND, reached a high of 13.80 VND, a low of 13.80 VND, and closed the hour at 13.80 VND with a trading volume of 100 shares."
2025-12-15 09:00:00,13.9,13.9,13.9,13.9,100,BMK,"At 2025-12-15 09:00:00, the stock BMK opened at 13.90 VND, reached a high of 13.90 VND, a low of 13.90 VND, and closed the hour at 13.90 VND with a trading volume of 100 shares."
2025-12-15 14:00:00,13.5,13.5,13.5,13.5,300,BMK,"At 2025-12-15 14:00:00, the stock BMK opened at 13.50 VND, reached a high of 13.50 VND, a low of 13.50 VND, and closed the hour at 13.50 VND with a trading volume of 300 shares."
2025-12-16 09:00:00,14.4,15.3,14.4,15.3,200,BMK,"At 2025-12-16 09:00:00, the stock BMK opened at 14.40 VND, reached a high of 15.30 VND, a low of 14.40 VND, and closed the hour at 15.30 VND with a trading volume of 200 shares."
2025-12-16 14:00:00,14.0,14.0,14.0,14.0,200,BMK,"At 2025-12-16 14:00:00, the stock BMK opened at 14.00 VND, reached a high of 14.00 VND, a low of 14.00 VND, and closed the hour at 14.00 VND with a trading volume of 200 shares."
2025-12-19 13:00:00,14.3,14.3,14.3,14.3,100,BMK,"At 2025-12-19 13:00:00, the stock BMK opened at 14.30 VND, reached a high of 14.30 VND, a low of 14.30 VND, and closed the hour at 14.30 VND with a trading volume of 100 shares."
2025-12-22 11:00:00,14.0,14.0,14.0,14.0,100,BMK,"At 2025-12-22 11:00:00, the stock BMK opened at 14.00 VND, reached a high of 14.00 VND, a low of 14.00 VND, and closed the hour at 14.00 VND with a trading volume of 100 shares."
2025-12-24 11:00:00,13.5,13.5,13.5,13.5,100,BMK,"At 2025-12-24 11:00:00, the stock BMK opened at 13.50 VND, reached a high of 13.50 VND, a low of 13.50 VND, and closed the hour at 13.50 VND with a trading volume of 100 shares."
2025-12-24 13:00:00,13.6,13.6,13.6,13.6,200,BMK,"At 2025-12-24 13:00:00, the stock BMK opened at 13.60 VND, reached a high of 13.60 VND, a low of 13.60 VND, and closed the hour at 13.60 VND with a trading volume of 200 shares."
2025-12-24 14:00:00,13.6,13.6,13.6,13.6,2000,BMK,"At 2025-12-24 14:00:00, the stock BMK opened at 13.60 VND, reached a high of 13.60 VND, a low of 13.60 VND, and closed the hour at 13.60 VND with a trading volume of 2,000 shares."
2025-12-26 13:00:00,13.6,13.6,13.6,13.6,2600,BMK,"At 2025-12-26 13:00:00, the stock BMK opened at 13.60 VND, reached a high of 13.60 VND, a low of 13.60 VND, and closed the hour at 13.60 VND with a trading volume of 2,600 shares."
2025-12-29 09:00:00,14.0,14.4,14.0,14.4,200,BMK,"At 2025-12-29 09:00:00, the stock BMK opened at 14.00 VND, reached a high of 14.40 VND, a low of 14.00 VND, and closed the hour at 14.40 VND with a trading volume of 200 shares."
2025-12-29 10:00:00,13.6,13.6,13.5,13.5,300,BMK,"At 2025-12-29 10:00:00, the stock BMK opened at 13.60 VND, reached a high of 13.60 VND, a low of 13.50 VND, and closed the hour at 13.50 VND with a trading volume of 300 shares."
2025-12-30 13:00:00,13.9,13.9,13.9,13.9,100,BMK,"At 2025-12-30 13:00:00, the stock BMK opened at 13.90 VND, reached a high of 13.90 VND, a low of 13.90 VND, and closed the hour at 13.90 VND with a trading volume of 100 shares."
2025-12-31 09:00:00,14.0,14.0,14.0,14.0,100,BMK,"At 2025-12-31 09:00:00, the stock BMK opened at 14.00 VND, reached a high of 14.00 VND, a low of 14.00 VND, and closed the hour at 14.00 VND with a trading volume of 100 shares."
2026-01-05 10:00:00,13.9,13.9,13.9,13.9,100,BMK,"At 2026-01-05 10:00:00, the stock BMK opened at 13.90 VND, reached a high of 13.90 VND, a low of 13.90 VND, and closed the hour at 13.90 VND with a trading volume of 100 shares."
2026-01-05 14:00:00,14.0,14.0,14.0,14.0,200,BMK,"At 2026-01-05 14:00:00, the stock BMK opened at 14.00 VND, reached a high of 14.00 VND, a low of 14.00 VND, and closed the hour at 14.00 VND with a trading volume of 200 shares."
2026-01-09 09:00:00,14.0,14.0,14.0,14.0,200,BMK,"At 2026-01-09 09:00:00, the stock BMK opened at 14.00 VND, reached a high of 14.00 VND, a low of 14.00 VND, and closed the hour at 14.00 VND with a trading volume of 200 shares."
2026-01-12 09:00:00,14.0,14.0,14.0,14.0,200,BMK,"At 2026-01-12 09:00:00, the stock BMK opened at 14.00 VND, reached a high of 14.00 VND, a low of 14.00 VND, and closed the hour at 14.00 VND with a trading volume of 200 shares."
2026-01-13 09:00:00,14.0,14.0,14.0,14.0,100,BMK,"At 2026-01-13 09:00:00, the stock BMK opened at 14.00 VND, reached a high of 14.00 VND, a low of 14.00 VND, and closed the hour at 14.00 VND with a trading volume of 100 shares."
2026-01-13 14:00:00,14.0,14.0,14.0,14.0,2500,BMK,"At 2026-01-13 14:00:00, the stock BMK opened at 14.00 VND, reached a high of 14.00 VND, a low of 14.00 VND, and closed the hour at 14.00 VND with a trading volume of 2,500 shares."
2026-01-14 09:00:00,14.0,14.0,14.0,14.0,6900,BMK,"At 2026-01-14 09:00:00, the stock BMK opened at 14.00 VND, reached a high of 14.00 VND, a low of 14.00 VND, and closed the hour at 14.00 VND with a trading volume of 6,900 shares."
2026-01-14 10:00:00,14.0,14.0,14.0,14.0,100,BMK,"At 2026-01-14 10:00:00, the stock BMK opened at 14.00 VND, reached a high of 14.00 VND, a low of 14.00 VND, and closed the hour at 14.00 VND with a trading volume of 100 shares."
2026-01-15 11:00:00,13.8,13.8,13.8,13.8,2300,BMK,"At 2026-01-15 11:00:00, the stock BMK opened at 13.80 VND, reached a high of 13.80 VND, a low of 13.80 VND, and closed the hour at 13.80 VND with a trading volume of 2,300 shares."
2026-01-15 14:00:00,14.0,14.0,14.0,14.0,4000,BMK,"At 2026-01-15 14:00:00, the stock BMK opened at 14.00 VND, reached a high of 14.00 VND, a low of 14.00 VND, and closed the hour at 14.00 VND with a trading volume of 4,000 shares."
2026-01-16 09:00:00,14.4,14.9,14.4,14.9,200,BMK,"At 2026-01-16 09:00:00, the stock BMK opened at 14.40 VND, reached a high of 14.90 VND, a low of 14.40 VND, and closed the hour at 14.90 VND with a trading volume of 200 shares."
2026-01-20 09:00:00,14.7,14.7,14.7,14.7,2100,BMK,"At 2026-01-20 09:00:00, the stock BMK opened at 14.70 VND, reached a high of 14.70 VND, a low of 14.70 VND, and closed the hour at 14.70 VND with a trading volume of 2,100 shares."
2026-01-22 09:00:00,15.3,15.3,15.3,15.3,200,BMK,"At 2026-01-22 09:00:00, the stock BMK opened at 15.30 VND, reached a high of 15.30 VND, a low of 15.30 VND, and closed the hour at 15.30 VND with a trading volume of 200 shares."
2026-01-23 09:00:00,15.3,15.3,15.3,15.3,100,BMK,"At 2026-01-23 09:00:00, the stock BMK opened at 15.30 VND, reached a high of 15.30 VND, a low of 15.30 VND, and closed the hour at 15.30 VND with a trading volume of 100 shares."
2026-02-02 09:00:00,15.0,15.3,15.0,15.3,200,BMK,"At 2026-02-02 09:00:00, the stock BMK opened at 15.00 VND, reached a high of 15.30 VND, a low of 15.00 VND, and closed the hour at 15.30 VND with a trading volume of 200 shares."
2026-02-05 14:00:00,14.0,14.0,14.0,14.0,500,BMK,"At 2026-02-05 14:00:00, the stock BMK opened at 14.00 VND, reached a high of 14.00 VND, a low of 14.00 VND, and closed the hour at 14.00 VND with a trading volume of 500 shares."
2026-02-06 09:00:00,14.9,14.9,14.9,14.9,100,BMK,"At 2026-02-06 09:00:00, the stock BMK opened at 14.90 VND, reached a high of 14.90 VND, a low of 14.90 VND, and closed the hour at 14.90 VND with a trading volume of 100 shares."
2026-02-10 14:00:00,14.0,14.0,14.0,14.0,7000,BMK,"At 2026-02-10 14:00:00, the stock BMK opened at 14.00 VND, reached a high of 14.00 VND, a low of 14.00 VND, and closed the hour at 14.00 VND with a trading volume of 7,000 shares."
2026-02-11 09:00:00,15.0,15.0,15.0,15.0,200,BMK,"At 2026-02-11 09:00:00, the stock BMK opened at 15.00 VND, reached a high of 15.00 VND, a low of 15.00 VND, and closed the hour at 15.00 VND with a trading volume of 200 shares."
2026-02-12 13:00:00,14.0,14.0,14.0,14.0,2000,BMK,"At 2026-02-12 13:00:00, the stock BMK opened at 14.00 VND, reached a high of 14.00 VND, a low of 14.00 VND, and closed the hour at 14.00 VND with a trading volume of 2,000 shares."
2026-02-12 14:00:00,14.0,14.0,14.0,14.0,500,BMK,"At 2026-02-12 14:00:00, the stock BMK opened at 14.00 VND, reached a high of 14.00 VND, a low of 14.00 VND, and closed the hour at 14.00 VND with a trading volume of 500 shares."
2026-02-13 09:00:00,14.9,14.9,14.9,14.9,100,BMK,"At 2026-02-13 09:00:00, the stock BMK opened at 14.90 VND, reached a high of 14.90 VND, a low of 14.90 VND, and closed the hour at 14.90 VND with a trading volume of 100 shares."
2026-02-23 10:00:00,15.0,15.3,15.0,15.3,300,BMK,"At 2026-02-23 10:00:00, the stock BMK opened at 15.00 VND, reached a high of 15.30 VND, a low of 15.00 VND, and closed the hour at 15.30 VND with a trading volume of 300 shares."
2026-02-24 14:00:00,15.1,15.2,15.1,15.2,2200,BMK,"At 2026-02-24 14:00:00, the stock BMK opened at 15.10 VND, reached a high of 15.20 VND, a low of 15.10 VND, and closed the hour at 15.20 VND with a trading volume of 2,200 shares."
2026-02-25 10:00:00,14.9,14.9,14.9,14.9,3000,BMK,"At 2026-02-25 10:00:00, the stock BMK opened at 14.90 VND, reached a high of 14.90 VND, a low of 14.90 VND, and closed the hour at 14.90 VND with a trading volume of 3,000 shares."
2026-02-25 13:00:00,14.9,14.9,14.2,14.2,1000,BMK,"At 2026-02-25 13:00:00, the stock BMK opened at 14.90 VND, reached a high of 14.90 VND, a low of 14.20 VND, and closed the hour at 14.20 VND with a trading volume of 1,000 shares."
2026-03-03 11:00:00,13.5,13.5,13.5,13.5,500,BMK,"At 2026-03-03 11:00:00, the stock BMK opened at 13.50 VND, reached a high of 13.50 VND, a low of 13.50 VND, and closed the hour at 13.50 VND with a trading volume of 500 shares."
2026-03-03 14:00:00,14.7,14.8,14.7,14.8,1100,BMK,"At 2026-03-03 14:00:00, the stock BMK opened at 14.70 VND, reached a high of 14.80 VND, a low of 14.70 VND, and closed the hour at 14.80 VND with a trading volume of 1,100 shares."
2026-03-04 14:00:00,14.2,14.3,14.1,14.1,1000,BMK,"At 2026-03-04 14:00:00, the stock BMK opened at 14.20 VND, reached a high of 14.30 VND, a low of 14.10 VND, and closed the hour at 14.10 VND with a trading volume of 1,000 shares."
2026-03-05 11:00:00,14.1,14.1,14.1,14.1,100,BMK,"At 2026-03-05 11:00:00, the stock BMK opened at 14.10 VND, reached a high of 14.10 VND, a low of 14.10 VND, and closed the hour at 14.10 VND with a trading volume of 100 shares."
2026-03-05 13:00:00,14.1,14.1,14.1,14.1,400,BMK,"At 2026-03-05 13:00:00, the stock BMK opened at 14.10 VND, reached a high of 14.10 VND, a low of 14.10 VND, and closed the hour at 14.10 VND with a trading volume of 400 shares."
2026-03-06 09:00:00,14.1,15.1,14.1,15.1,2000,BMK,"At 2026-03-06 09:00:00, the stock BMK opened at 14.10 VND, reached a high of 15.10 VND, a low of 14.10 VND, and closed the hour at 15.10 VND with a trading volume of 2,000 shares."
2026-03-06 14:00:00,13.8,13.8,13.8,13.8,100,BMK,"At 2026-03-06 14:00:00, the stock BMK opened at 13.80 VND, reached a high of 13.80 VND, a low of 13.80 VND, and closed the hour at 13.80 VND with a trading volume of 100 shares."
2026-03-11 13:00:00,14.7,14.7,14.7,14.7,2000,BMK,"At 2026-03-11 13:00:00, the stock BMK opened at 14.70 VND, reached a high of 14.70 VND, a low of 14.70 VND, and closed the hour at 14.70 VND with a trading volume of 2,000 shares."
2026-03-13 09:00:00,14.7,14.7,14.7,14.7,100,BMK,"At 2026-03-13 09:00:00, the stock BMK opened at 14.70 VND, reached a high of 14.70 VND, a low of 14.70 VND, and closed the hour at 14.70 VND with a trading volume of 100 shares."
2026-03-16 14:00:00,14.6,14.6,14.6,14.6,300,BMK,"At 2026-03-16 14:00:00, the stock BMK opened at 14.60 VND, reached a high of 14.60 VND, a low of 14.60 VND, and closed the hour at 14.60 VND with a trading volume of 300 shares."
