time,open,high,low,close,volume,ticker,llm_text
2024-04-04 14:00:00,2.9,2.9,2.9,2.9,1000,CIP,"At 2024-04-04 14:00:00, the stock CIP opened at 2.90 VND, reached a high of 2.90 VND, a low of 2.90 VND, and closed the hour at 2.90 VND with a trading volume of 1,000 shares."
2024-04-09 10:00:00,2.5,2.5,2.5,2.5,200,CIP,"At 2024-04-09 10:00:00, the stock CIP opened at 2.50 VND, reached a high of 2.50 VND, a low of 2.50 VND, and closed the hour at 2.50 VND with a trading volume of 200 shares."
2024-04-09 11:00:00,2.6,2.6,2.6,2.6,10900,CIP,"At 2024-04-09 11:00:00, the stock CIP opened at 2.60 VND, reached a high of 2.60 VND, a low of 2.60 VND, and closed the hour at 2.60 VND with a trading volume of 10,900 shares."
2024-04-09 13:00:00,2.6,2.6,2.6,2.6,13700,CIP,"At 2024-04-09 13:00:00, the stock CIP opened at 2.60 VND, reached a high of 2.60 VND, a low of 2.60 VND, and closed the hour at 2.60 VND with a trading volume of 13,700 shares."
2024-04-09 14:00:00,2.6,2.6,2.6,2.6,800,CIP,"At 2024-04-09 14:00:00, the stock CIP opened at 2.60 VND, reached a high of 2.60 VND, a low of 2.60 VND, and closed the hour at 2.60 VND with a trading volume of 800 shares."
2024-04-11 09:00:00,2.7,2.7,2.7,2.7,200,CIP,"At 2024-04-11 09:00:00, the stock CIP opened at 2.70 VND, reached a high of 2.70 VND, a low of 2.70 VND, and closed the hour at 2.70 VND with a trading volume of 200 shares."
2024-04-15 14:00:00,2.5,2.5,2.5,2.5,3100,CIP,"At 2024-04-15 14:00:00, the stock CIP opened at 2.50 VND, reached a high of 2.50 VND, a low of 2.50 VND, and closed the hour at 2.50 VND with a trading volume of 3,100 shares."
2024-04-16 10:00:00,2.4,2.4,2.4,2.4,1900,CIP,"At 2024-04-16 10:00:00, the stock CIP opened at 2.40 VND, reached a high of 2.40 VND, a low of 2.40 VND, and closed the hour at 2.40 VND with a trading volume of 1,900 shares."
2024-04-17 10:00:00,2.4,2.4,2.4,2.4,200,CIP,"At 2024-04-17 10:00:00, the stock CIP opened at 2.40 VND, reached a high of 2.40 VND, a low of 2.40 VND, and closed the hour at 2.40 VND with a trading volume of 200 shares."
2024-04-17 13:00:00,2.4,2.4,2.4,2.4,2800,CIP,"At 2024-04-17 13:00:00, the stock CIP opened at 2.40 VND, reached a high of 2.40 VND, a low of 2.40 VND, and closed the hour at 2.40 VND with a trading volume of 2,800 shares."
2024-04-22 11:00:00,2.7,2.7,2.7,2.7,100,CIP,"At 2024-04-22 11:00:00, the stock CIP opened at 2.70 VND, reached a high of 2.70 VND, a low of 2.70 VND, and closed the hour at 2.70 VND with a trading volume of 100 shares."
2024-04-22 13:00:00,2.4,2.4,2.4,2.4,300,CIP,"At 2024-04-22 13:00:00, the stock CIP opened at 2.40 VND, reached a high of 2.40 VND, a low of 2.40 VND, and closed the hour at 2.40 VND with a trading volume of 300 shares."
2024-04-25 09:00:00,2.6,2.6,2.6,2.6,200,CIP,"At 2024-04-25 09:00:00, the stock CIP opened at 2.60 VND, reached a high of 2.60 VND, a low of 2.60 VND, and closed the hour at 2.60 VND with a trading volume of 200 shares."
2024-05-07 11:00:00,2.8,2.8,2.8,2.8,800,CIP,"At 2024-05-07 11:00:00, the stock CIP opened at 2.80 VND, reached a high of 2.80 VND, a low of 2.80 VND, and closed the hour at 2.80 VND with a trading volume of 800 shares."
2024-05-09 09:00:00,2.4,2.4,2.4,2.4,500,CIP,"At 2024-05-09 09:00:00, the stock CIP opened at 2.40 VND, reached a high of 2.40 VND, a low of 2.40 VND, and closed the hour at 2.40 VND with a trading volume of 500 shares."
2024-05-14 13:00:00,2.4,2.4,2.4,2.4,100,CIP,"At 2024-05-14 13:00:00, the stock CIP opened at 2.40 VND, reached a high of 2.40 VND, a low of 2.40 VND, and closed the hour at 2.40 VND with a trading volume of 100 shares."
2024-05-14 14:00:00,2.4,2.4,2.4,2.4,2000,CIP,"At 2024-05-14 14:00:00, the stock CIP opened at 2.40 VND, reached a high of 2.40 VND, a low of 2.40 VND, and closed the hour at 2.40 VND with a trading volume of 2,000 shares."
2024-05-16 14:00:00,2.5,2.5,2.5,2.5,500,CIP,"At 2024-05-16 14:00:00, the stock CIP opened at 2.50 VND, reached a high of 2.50 VND, a low of 2.50 VND, and closed the hour at 2.50 VND with a trading volume of 500 shares."
2024-05-20 13:00:00,2.5,2.5,2.5,2.5,500,CIP,"At 2024-05-20 13:00:00, the stock CIP opened at 2.50 VND, reached a high of 2.50 VND, a low of 2.50 VND, and closed the hour at 2.50 VND with a trading volume of 500 shares."
2024-05-21 09:00:00,2.6,2.7,2.6,2.7,400,CIP,"At 2024-05-21 09:00:00, the stock CIP opened at 2.60 VND, reached a high of 2.70 VND, a low of 2.60 VND, and closed the hour at 2.70 VND with a trading volume of 400 shares."
2024-05-21 10:00:00,2.8,2.8,2.7,2.8,13900,CIP,"At 2024-05-21 10:00:00, the stock CIP opened at 2.80 VND, reached a high of 2.80 VND, a low of 2.70 VND, and closed the hour at 2.80 VND with a trading volume of 13,900 shares."
2024-05-21 13:00:00,2.8,2.8,2.8,2.8,1000,CIP,"At 2024-05-21 13:00:00, the stock CIP opened at 2.80 VND, reached a high of 2.80 VND, a low of 2.80 VND, and closed the hour at 2.80 VND with a trading volume of 1,000 shares."
2024-05-22 09:00:00,3.2,3.2,3.2,3.2,10500,CIP,"At 2024-05-22 09:00:00, the stock CIP opened at 3.20 VND, reached a high of 3.20 VND, a low of 3.20 VND, and closed the hour at 3.20 VND with a trading volume of 10,500 shares."
2024-05-22 10:00:00,3.2,3.2,3.2,3.2,4500,CIP,"At 2024-05-22 10:00:00, the stock CIP opened at 3.20 VND, reached a high of 3.20 VND, a low of 3.20 VND, and closed the hour at 3.20 VND with a trading volume of 4,500 shares."
2024-05-22 13:00:00,3.2,3.2,3.2,3.2,400,CIP,"At 2024-05-22 13:00:00, the stock CIP opened at 3.20 VND, reached a high of 3.20 VND, a low of 3.20 VND, and closed the hour at 3.20 VND with a trading volume of 400 shares."
2024-05-22 14:00:00,3.2,3.2,3.2,3.2,8100,CIP,"At 2024-05-22 14:00:00, the stock CIP opened at 3.20 VND, reached a high of 3.20 VND, a low of 3.20 VND, and closed the hour at 3.20 VND with a trading volume of 8,100 shares."
2024-05-23 09:00:00,3.6,3.6,3.6,3.6,4000,CIP,"At 2024-05-23 09:00:00, the stock CIP opened at 3.60 VND, reached a high of 3.60 VND, a low of 3.60 VND, and closed the hour at 3.60 VND with a trading volume of 4,000 shares."
2024-05-23 10:00:00,3.6,3.6,3.6,3.6,1800,CIP,"At 2024-05-23 10:00:00, the stock CIP opened at 3.60 VND, reached a high of 3.60 VND, a low of 3.60 VND, and closed the hour at 3.60 VND with a trading volume of 1,800 shares."
2024-05-23 13:00:00,3.3,3.3,3.3,3.3,900,CIP,"At 2024-05-23 13:00:00, the stock CIP opened at 3.30 VND, reached a high of 3.30 VND, a low of 3.30 VND, and closed the hour at 3.30 VND with a trading volume of 900 shares."
2024-05-23 14:00:00,3.4,3.6,3.4,3.6,600,CIP,"At 2024-05-23 14:00:00, the stock CIP opened at 3.40 VND, reached a high of 3.60 VND, a low of 3.40 VND, and closed the hour at 3.60 VND with a trading volume of 600 shares."
2024-05-24 09:00:00,3.6,3.6,3.6,3.6,5200,CIP,"At 2024-05-24 09:00:00, the stock CIP opened at 3.60 VND, reached a high of 3.60 VND, a low of 3.60 VND, and closed the hour at 3.60 VND with a trading volume of 5,200 shares."
2024-05-24 13:00:00,3.1,3.1,3.1,3.1,500,CIP,"At 2024-05-24 13:00:00, the stock CIP opened at 3.10 VND, reached a high of 3.10 VND, a low of 3.10 VND, and closed the hour at 3.10 VND with a trading volume of 500 shares."
2024-05-27 09:00:00,3.1,3.1,3.1,3.1,1100,CIP,"At 2024-05-27 09:00:00, the stock CIP opened at 3.10 VND, reached a high of 3.10 VND, a low of 3.10 VND, and closed the hour at 3.10 VND with a trading volume of 1,100 shares."
2024-05-27 10:00:00,3.1,3.1,3.1,3.1,1100,CIP,"At 2024-05-27 10:00:00, the stock CIP opened at 3.10 VND, reached a high of 3.10 VND, a low of 3.10 VND, and closed the hour at 3.10 VND with a trading volume of 1,100 shares."
2024-05-27 13:00:00,3.1,3.1,3.1,3.1,11900,CIP,"At 2024-05-27 13:00:00, the stock CIP opened at 3.10 VND, reached a high of 3.10 VND, a low of 3.10 VND, and closed the hour at 3.10 VND with a trading volume of 11,900 shares."
2024-05-27 14:00:00,3.1,3.1,3.1,3.1,900,CIP,"At 2024-05-27 14:00:00, the stock CIP opened at 3.10 VND, reached a high of 3.10 VND, a low of 3.10 VND, and closed the hour at 3.10 VND with a trading volume of 900 shares."
2024-05-28 09:00:00,3.1,3.3,3.0,3.0,4100,CIP,"At 2024-05-28 09:00:00, the stock CIP opened at 3.10 VND, reached a high of 3.30 VND, a low of 3.00 VND, and closed the hour at 3.00 VND with a trading volume of 4,100 shares."
2024-05-28 10:00:00,3.0,3.0,3.0,3.0,300,CIP,"At 2024-05-28 10:00:00, the stock CIP opened at 3.00 VND, reached a high of 3.00 VND, a low of 3.00 VND, and closed the hour at 3.00 VND with a trading volume of 300 shares."
2024-05-28 13:00:00,3.0,3.0,3.0,3.0,300,CIP,"At 2024-05-28 13:00:00, the stock CIP opened at 3.00 VND, reached a high of 3.00 VND, a low of 3.00 VND, and closed the hour at 3.00 VND with a trading volume of 300 shares."
2024-05-29 09:00:00,2.8,3.1,2.7,3.1,2100,CIP,"At 2024-05-29 09:00:00, the stock CIP opened at 2.80 VND, reached a high of 3.10 VND, a low of 2.70 VND, and closed the hour at 3.10 VND with a trading volume of 2,100 shares."
2024-05-29 10:00:00,3.1,3.1,3.1,3.1,1000,CIP,"At 2024-05-29 10:00:00, the stock CIP opened at 3.10 VND, reached a high of 3.10 VND, a low of 3.10 VND, and closed the hour at 3.10 VND with a trading volume of 1,000 shares."
2024-05-29 13:00:00,2.9,2.9,2.9,2.9,100,CIP,"At 2024-05-29 13:00:00, the stock CIP opened at 2.90 VND, reached a high of 2.90 VND, a low of 2.90 VND, and closed the hour at 2.90 VND with a trading volume of 100 shares."
2024-05-29 14:00:00,3.0,3.0,2.8,2.8,3000,CIP,"At 2024-05-29 14:00:00, the stock CIP opened at 3.00 VND, reached a high of 3.00 VND, a low of 2.80 VND, and closed the hour at 2.80 VND with a trading volume of 3,000 shares."
2024-05-30 14:00:00,3.0,3.0,3.0,3.0,100,CIP,"At 2024-05-30 14:00:00, the stock CIP opened at 3.00 VND, reached a high of 3.00 VND, a low of 3.00 VND, and closed the hour at 3.00 VND with a trading volume of 100 shares."
2024-05-31 09:00:00,3.1,3.1,3.0,3.0,300,CIP,"At 2024-05-31 09:00:00, the stock CIP opened at 3.10 VND, reached a high of 3.10 VND, a low of 3.00 VND, and closed the hour at 3.00 VND with a trading volume of 300 shares."
2024-05-31 11:00:00,2.9,2.9,2.9,2.9,100,CIP,"At 2024-05-31 11:00:00, the stock CIP opened at 2.90 VND, reached a high of 2.90 VND, a low of 2.90 VND, and closed the hour at 2.90 VND with a trading volume of 100 shares."
2024-05-31 13:00:00,2.9,2.9,2.9,2.9,500,CIP,"At 2024-05-31 13:00:00, the stock CIP opened at 2.90 VND, reached a high of 2.90 VND, a low of 2.90 VND, and closed the hour at 2.90 VND with a trading volume of 500 shares."
2024-05-31 14:00:00,2.9,2.9,2.9,2.9,1000,CIP,"At 2024-05-31 14:00:00, the stock CIP opened at 2.90 VND, reached a high of 2.90 VND, a low of 2.90 VND, and closed the hour at 2.90 VND with a trading volume of 1,000 shares."
2024-06-03 09:00:00,3.2,3.2,3.2,3.2,500,CIP,"At 2024-06-03 09:00:00, the stock CIP opened at 3.20 VND, reached a high of 3.20 VND, a low of 3.20 VND, and closed the hour at 3.20 VND with a trading volume of 500 shares."
2024-06-03 14:00:00,3.1,3.1,3.1,3.1,700,CIP,"At 2024-06-03 14:00:00, the stock CIP opened at 3.10 VND, reached a high of 3.10 VND, a low of 3.10 VND, and closed the hour at 3.10 VND with a trading volume of 700 shares."
2024-06-04 09:00:00,3.1,3.1,3.1,3.1,300,CIP,"At 2024-06-04 09:00:00, the stock CIP opened at 3.10 VND, reached a high of 3.10 VND, a low of 3.10 VND, and closed the hour at 3.10 VND with a trading volume of 300 shares."
2024-06-05 09:00:00,2.8,3.1,2.8,3.1,1400,CIP,"At 2024-06-05 09:00:00, the stock CIP opened at 2.80 VND, reached a high of 3.10 VND, a low of 2.80 VND, and closed the hour at 3.10 VND with a trading volume of 1,400 shares."
2024-06-05 11:00:00,3.0,3.0,3.0,3.0,100,CIP,"At 2024-06-05 11:00:00, the stock CIP opened at 3.00 VND, reached a high of 3.00 VND, a low of 3.00 VND, and closed the hour at 3.00 VND with a trading volume of 100 shares."
2024-06-05 13:00:00,3.0,3.0,3.0,3.0,2000,CIP,"At 2024-06-05 13:00:00, the stock CIP opened at 3.00 VND, reached a high of 3.00 VND, a low of 3.00 VND, and closed the hour at 3.00 VND with a trading volume of 2,000 shares."
2024-06-06 09:00:00,2.9,2.9,2.9,2.9,200,CIP,"At 2024-06-06 09:00:00, the stock CIP opened at 2.90 VND, reached a high of 2.90 VND, a low of 2.90 VND, and closed the hour at 2.90 VND with a trading volume of 200 shares."
2024-06-06 11:00:00,2.9,2.9,2.9,2.9,200,CIP,"At 2024-06-06 11:00:00, the stock CIP opened at 2.90 VND, reached a high of 2.90 VND, a low of 2.90 VND, and closed the hour at 2.90 VND with a trading volume of 200 shares."
2024-06-06 13:00:00,2.9,2.9,2.8,2.9,1100,CIP,"At 2024-06-06 13:00:00, the stock CIP opened at 2.90 VND, reached a high of 2.90 VND, a low of 2.80 VND, and closed the hour at 2.90 VND with a trading volume of 1,100 shares."
2024-06-06 14:00:00,2.9,2.9,2.9,2.9,2800,CIP,"At 2024-06-06 14:00:00, the stock CIP opened at 2.90 VND, reached a high of 2.90 VND, a low of 2.90 VND, and closed the hour at 2.90 VND with a trading volume of 2,800 shares."
2024-06-07 09:00:00,3.1,3.1,3.1,3.1,400,CIP,"At 2024-06-07 09:00:00, the stock CIP opened at 3.10 VND, reached a high of 3.10 VND, a low of 3.10 VND, and closed the hour at 3.10 VND with a trading volume of 400 shares."
2024-06-07 11:00:00,3.0,3.0,3.0,3.0,600,CIP,"At 2024-06-07 11:00:00, the stock CIP opened at 3.00 VND, reached a high of 3.00 VND, a low of 3.00 VND, and closed the hour at 3.00 VND with a trading volume of 600 shares."
2024-06-07 14:00:00,3.0,3.0,3.0,3.0,800,CIP,"At 2024-06-07 14:00:00, the stock CIP opened at 3.00 VND, reached a high of 3.00 VND, a low of 3.00 VND, and closed the hour at 3.00 VND with a trading volume of 800 shares."
2024-06-10 09:00:00,3.1,3.1,3.1,3.1,400,CIP,"At 2024-06-10 09:00:00, the stock CIP opened at 3.10 VND, reached a high of 3.10 VND, a low of 3.10 VND, and closed the hour at 3.10 VND with a trading volume of 400 shares."
2024-06-10 10:00:00,2.8,2.8,2.6,2.6,1400,CIP,"At 2024-06-10 10:00:00, the stock CIP opened at 2.80 VND, reached a high of 2.80 VND, a low of 2.60 VND, and closed the hour at 2.60 VND with a trading volume of 1,400 shares."
2024-06-10 11:00:00,2.8,2.8,2.8,2.8,200,CIP,"At 2024-06-10 11:00:00, the stock CIP opened at 2.80 VND, reached a high of 2.80 VND, a low of 2.80 VND, and closed the hour at 2.80 VND with a trading volume of 200 shares."
2024-06-10 13:00:00,2.8,2.8,2.8,2.8,100,CIP,"At 2024-06-10 13:00:00, the stock CIP opened at 2.80 VND, reached a high of 2.80 VND, a low of 2.80 VND, and closed the hour at 2.80 VND with a trading volume of 100 shares."
2024-06-11 10:00:00,2.8,2.8,2.8,2.8,800,CIP,"At 2024-06-11 10:00:00, the stock CIP opened at 2.80 VND, reached a high of 2.80 VND, a low of 2.80 VND, and closed the hour at 2.80 VND with a trading volume of 800 shares."
2024-06-11 13:00:00,2.9,3.0,2.9,3.0,900,CIP,"At 2024-06-11 13:00:00, the stock CIP opened at 2.90 VND, reached a high of 3.00 VND, a low of 2.90 VND, and closed the hour at 3.00 VND with a trading volume of 900 shares."
2024-06-11 14:00:00,2.9,2.9,2.9,2.9,900,CIP,"At 2024-06-11 14:00:00, the stock CIP opened at 2.90 VND, reached a high of 2.90 VND, a low of 2.90 VND, and closed the hour at 2.90 VND with a trading volume of 900 shares."
2024-06-12 09:00:00,3.0,3.0,3.0,3.0,300,CIP,"At 2024-06-12 09:00:00, the stock CIP opened at 3.00 VND, reached a high of 3.00 VND, a low of 3.00 VND, and closed the hour at 3.00 VND with a trading volume of 300 shares."
2024-06-12 13:00:00,2.9,2.9,2.9,2.9,700,CIP,"At 2024-06-12 13:00:00, the stock CIP opened at 2.90 VND, reached a high of 2.90 VND, a low of 2.90 VND, and closed the hour at 2.90 VND with a trading volume of 700 shares."
2024-06-13 09:00:00,2.8,2.8,2.8,2.8,1800,CIP,"At 2024-06-13 09:00:00, the stock CIP opened at 2.80 VND, reached a high of 2.80 VND, a low of 2.80 VND, and closed the hour at 2.80 VND with a trading volume of 1,800 shares."
2024-06-13 10:00:00,2.8,2.8,2.8,2.8,1400,CIP,"At 2024-06-13 10:00:00, the stock CIP opened at 2.80 VND, reached a high of 2.80 VND, a low of 2.80 VND, and closed the hour at 2.80 VND with a trading volume of 1,400 shares."
2024-06-13 11:00:00,2.8,2.8,2.8,2.8,100,CIP,"At 2024-06-13 11:00:00, the stock CIP opened at 2.80 VND, reached a high of 2.80 VND, a low of 2.80 VND, and closed the hour at 2.80 VND with a trading volume of 100 shares."
2024-06-13 13:00:00,2.8,2.8,2.8,2.8,100,CIP,"At 2024-06-13 13:00:00, the stock CIP opened at 2.80 VND, reached a high of 2.80 VND, a low of 2.80 VND, and closed the hour at 2.80 VND with a trading volume of 100 shares."
2024-06-13 14:00:00,2.8,2.8,2.8,2.8,7100,CIP,"At 2024-06-13 14:00:00, the stock CIP opened at 2.80 VND, reached a high of 2.80 VND, a low of 2.80 VND, and closed the hour at 2.80 VND with a trading volume of 7,100 shares."
2024-06-14 09:00:00,2.9,2.9,2.9,2.9,100,CIP,"At 2024-06-14 09:00:00, the stock CIP opened at 2.90 VND, reached a high of 2.90 VND, a low of 2.90 VND, and closed the hour at 2.90 VND with a trading volume of 100 shares."
2024-06-14 13:00:00,2.9,2.9,2.9,2.9,100,CIP,"At 2024-06-14 13:00:00, the stock CIP opened at 2.90 VND, reached a high of 2.90 VND, a low of 2.90 VND, and closed the hour at 2.90 VND with a trading volume of 100 shares."
2024-06-17 09:00:00,2.9,2.9,2.9,2.9,100,CIP,"At 2024-06-17 09:00:00, the stock CIP opened at 2.90 VND, reached a high of 2.90 VND, a low of 2.90 VND, and closed the hour at 2.90 VND with a trading volume of 100 shares."
2024-06-17 14:00:00,2.9,2.9,2.9,2.9,800,CIP,"At 2024-06-17 14:00:00, the stock CIP opened at 2.90 VND, reached a high of 2.90 VND, a low of 2.90 VND, and closed the hour at 2.90 VND with a trading volume of 800 shares."
2024-06-18 09:00:00,2.9,2.9,2.8,2.8,900,CIP,"At 2024-06-18 09:00:00, the stock CIP opened at 2.90 VND, reached a high of 2.90 VND, a low of 2.80 VND, and closed the hour at 2.80 VND with a trading volume of 900 shares."
2024-06-18 13:00:00,2.9,2.9,2.9,2.9,2000,CIP,"At 2024-06-18 13:00:00, the stock CIP opened at 2.90 VND, reached a high of 2.90 VND, a low of 2.90 VND, and closed the hour at 2.90 VND with a trading volume of 2,000 shares."
2024-06-18 14:00:00,2.9,2.9,2.9,2.9,400,CIP,"At 2024-06-18 14:00:00, the stock CIP opened at 2.90 VND, reached a high of 2.90 VND, a low of 2.90 VND, and closed the hour at 2.90 VND with a trading volume of 400 shares."
2024-06-19 09:00:00,2.5,2.5,2.5,2.5,200,CIP,"At 2024-06-19 09:00:00, the stock CIP opened at 2.50 VND, reached a high of 2.50 VND, a low of 2.50 VND, and closed the hour at 2.50 VND with a trading volume of 200 shares."
2024-06-20 09:00:00,2.7,2.7,2.7,2.7,100,CIP,"At 2024-06-20 09:00:00, the stock CIP opened at 2.70 VND, reached a high of 2.70 VND, a low of 2.70 VND, and closed the hour at 2.70 VND with a trading volume of 100 shares."
2024-06-20 10:00:00,2.9,2.9,2.9,2.9,700,CIP,"At 2024-06-20 10:00:00, the stock CIP opened at 2.90 VND, reached a high of 2.90 VND, a low of 2.90 VND, and closed the hour at 2.90 VND with a trading volume of 700 shares."
2024-06-20 11:00:00,2.9,2.9,2.9,2.9,500,CIP,"At 2024-06-20 11:00:00, the stock CIP opened at 2.90 VND, reached a high of 2.90 VND, a low of 2.90 VND, and closed the hour at 2.90 VND with a trading volume of 500 shares."
2024-06-20 13:00:00,2.7,2.7,2.7,2.7,100,CIP,"At 2024-06-20 13:00:00, the stock CIP opened at 2.70 VND, reached a high of 2.70 VND, a low of 2.70 VND, and closed the hour at 2.70 VND with a trading volume of 100 shares."
2024-06-20 14:00:00,2.9,2.9,2.8,2.8,6500,CIP,"At 2024-06-20 14:00:00, the stock CIP opened at 2.90 VND, reached a high of 2.90 VND, a low of 2.80 VND, and closed the hour at 2.80 VND with a trading volume of 6,500 shares."
2024-06-21 13:00:00,2.8,2.8,2.8,2.8,100,CIP,"At 2024-06-21 13:00:00, the stock CIP opened at 2.80 VND, reached a high of 2.80 VND, a low of 2.80 VND, and closed the hour at 2.80 VND with a trading volume of 100 shares."
2024-06-21 14:00:00,3.0,3.2,3.0,3.2,2100,CIP,"At 2024-06-21 14:00:00, the stock CIP opened at 3.00 VND, reached a high of 3.20 VND, a low of 3.00 VND, and closed the hour at 3.20 VND with a trading volume of 2,100 shares."
2024-06-24 09:00:00,3.4,3.4,3.4,3.4,6300,CIP,"At 2024-06-24 09:00:00, the stock CIP opened at 3.40 VND, reached a high of 3.40 VND, a low of 3.40 VND, and closed the hour at 3.40 VND with a trading volume of 6,300 shares."
2024-06-24 10:00:00,3.4,3.4,3.4,3.4,900,CIP,"At 2024-06-24 10:00:00, the stock CIP opened at 3.40 VND, reached a high of 3.40 VND, a low of 3.40 VND, and closed the hour at 3.40 VND with a trading volume of 900 shares."
2024-06-24 11:00:00,3.0,3.0,3.0,3.0,2000,CIP,"At 2024-06-24 11:00:00, the stock CIP opened at 3.00 VND, reached a high of 3.00 VND, a low of 3.00 VND, and closed the hour at 3.00 VND with a trading volume of 2,000 shares."
2024-06-24 13:00:00,3.0,3.0,3.0,3.0,100,CIP,"At 2024-06-24 13:00:00, the stock CIP opened at 3.00 VND, reached a high of 3.00 VND, a low of 3.00 VND, and closed the hour at 3.00 VND with a trading volume of 100 shares."
2024-06-24 14:00:00,3.1,3.1,3.1,3.1,300,CIP,"At 2024-06-24 14:00:00, the stock CIP opened at 3.10 VND, reached a high of 3.10 VND, a low of 3.10 VND, and closed the hour at 3.10 VND with a trading volume of 300 shares."
2024-06-26 10:00:00,3.1,3.3,3.1,3.3,500,CIP,"At 2024-06-26 10:00:00, the stock CIP opened at 3.10 VND, reached a high of 3.30 VND, a low of 3.10 VND, and closed the hour at 3.30 VND with a trading volume of 500 shares."
2024-07-01 13:00:00,3.0,3.0,3.0,3.0,100,CIP,"At 2024-07-01 13:00:00, the stock CIP opened at 3.00 VND, reached a high of 3.00 VND, a low of 3.00 VND, and closed the hour at 3.00 VND with a trading volume of 100 shares."
2024-07-01 14:00:00,3.0,3.0,3.0,3.0,800,CIP,"At 2024-07-01 14:00:00, the stock CIP opened at 3.00 VND, reached a high of 3.00 VND, a low of 3.00 VND, and closed the hour at 3.00 VND with a trading volume of 800 shares."
2024-07-02 09:00:00,3.4,3.4,3.3,3.4,300,CIP,"At 2024-07-02 09:00:00, the stock CIP opened at 3.40 VND, reached a high of 3.40 VND, a low of 3.30 VND, and closed the hour at 3.40 VND with a trading volume of 300 shares."
2024-07-02 13:00:00,3.3,3.3,3.3,3.3,200,CIP,"At 2024-07-02 13:00:00, the stock CIP opened at 3.30 VND, reached a high of 3.30 VND, a low of 3.30 VND, and closed the hour at 3.30 VND with a trading volume of 200 shares."
2024-07-04 09:00:00,3.3,3.6,3.1,3.1,900,CIP,"At 2024-07-04 09:00:00, the stock CIP opened at 3.30 VND, reached a high of 3.60 VND, a low of 3.10 VND, and closed the hour at 3.10 VND with a trading volume of 900 shares."
2024-07-04 10:00:00,3.1,3.1,3.1,3.1,200,CIP,"At 2024-07-04 10:00:00, the stock CIP opened at 3.10 VND, reached a high of 3.10 VND, a low of 3.10 VND, and closed the hour at 3.10 VND with a trading volume of 200 shares."
2024-07-04 13:00:00,3.1,3.1,3.1,3.1,100,CIP,"At 2024-07-04 13:00:00, the stock CIP opened at 3.10 VND, reached a high of 3.10 VND, a low of 3.10 VND, and closed the hour at 3.10 VND with a trading volume of 100 shares."
2024-07-04 14:00:00,3.3,3.3,3.3,3.3,400,CIP,"At 2024-07-04 14:00:00, the stock CIP opened at 3.30 VND, reached a high of 3.30 VND, a low of 3.30 VND, and closed the hour at 3.30 VND with a trading volume of 400 shares."
2024-07-05 11:00:00,3.1,3.1,3.1,3.1,400,CIP,"At 2024-07-05 11:00:00, the stock CIP opened at 3.10 VND, reached a high of 3.10 VND, a low of 3.10 VND, and closed the hour at 3.10 VND with a trading volume of 400 shares."
2024-07-05 14:00:00,3.1,3.1,3.1,3.1,3900,CIP,"At 2024-07-05 14:00:00, the stock CIP opened at 3.10 VND, reached a high of 3.10 VND, a low of 3.10 VND, and closed the hour at 3.10 VND with a trading volume of 3,900 shares."
2024-07-10 09:00:00,3.3,3.3,3.3,3.3,100,CIP,"At 2024-07-10 09:00:00, the stock CIP opened at 3.30 VND, reached a high of 3.30 VND, a low of 3.30 VND, and closed the hour at 3.30 VND with a trading volume of 100 shares."
2024-07-11 09:00:00,3.1,3.1,3.1,3.1,200,CIP,"At 2024-07-11 09:00:00, the stock CIP opened at 3.10 VND, reached a high of 3.10 VND, a low of 3.10 VND, and closed the hour at 3.10 VND with a trading volume of 200 shares."
2024-07-11 10:00:00,3.0,3.0,3.0,3.0,2000,CIP,"At 2024-07-11 10:00:00, the stock CIP opened at 3.00 VND, reached a high of 3.00 VND, a low of 3.00 VND, and closed the hour at 3.00 VND with a trading volume of 2,000 shares."
2024-07-11 13:00:00,3.0,3.0,3.0,3.0,1000,CIP,"At 2024-07-11 13:00:00, the stock CIP opened at 3.00 VND, reached a high of 3.00 VND, a low of 3.00 VND, and closed the hour at 3.00 VND with a trading volume of 1,000 shares."
2024-07-11 14:00:00,3.0,3.0,3.0,3.0,300,CIP,"At 2024-07-11 14:00:00, the stock CIP opened at 3.00 VND, reached a high of 3.00 VND, a low of 3.00 VND, and closed the hour at 3.00 VND with a trading volume of 300 shares."
2024-07-12 09:00:00,3.0,3.0,3.0,3.0,1200,CIP,"At 2024-07-12 09:00:00, the stock CIP opened at 3.00 VND, reached a high of 3.00 VND, a low of 3.00 VND, and closed the hour at 3.00 VND with a trading volume of 1,200 shares."
2024-07-12 10:00:00,3.0,3.0,3.0,3.0,1000,CIP,"At 2024-07-12 10:00:00, the stock CIP opened at 3.00 VND, reached a high of 3.00 VND, a low of 3.00 VND, and closed the hour at 3.00 VND with a trading volume of 1,000 shares."
2024-07-12 11:00:00,3.0,3.0,3.0,3.0,300,CIP,"At 2024-07-12 11:00:00, the stock CIP opened at 3.00 VND, reached a high of 3.00 VND, a low of 3.00 VND, and closed the hour at 3.00 VND with a trading volume of 300 shares."
2024-07-12 14:00:00,3.0,3.0,3.0,3.0,900,CIP,"At 2024-07-12 14:00:00, the stock CIP opened at 3.00 VND, reached a high of 3.00 VND, a low of 3.00 VND, and closed the hour at 3.00 VND with a trading volume of 900 shares."
2024-07-16 09:00:00,3.4,3.4,3.4,3.4,700,CIP,"At 2024-07-16 09:00:00, the stock CIP opened at 3.40 VND, reached a high of 3.40 VND, a low of 3.40 VND, and closed the hour at 3.40 VND with a trading volume of 700 shares."
2024-07-16 10:00:00,3.4,3.4,3.4,3.4,600,CIP,"At 2024-07-16 10:00:00, the stock CIP opened at 3.40 VND, reached a high of 3.40 VND, a low of 3.40 VND, and closed the hour at 3.40 VND with a trading volume of 600 shares."
2024-07-16 14:00:00,3.2,3.2,3.2,3.2,100,CIP,"At 2024-07-16 14:00:00, the stock CIP opened at 3.20 VND, reached a high of 3.20 VND, a low of 3.20 VND, and closed the hour at 3.20 VND with a trading volume of 100 shares."
2024-07-17 09:00:00,3.2,3.2,3.2,3.2,100,CIP,"At 2024-07-17 09:00:00, the stock CIP opened at 3.20 VND, reached a high of 3.20 VND, a low of 3.20 VND, and closed the hour at 3.20 VND with a trading volume of 100 shares."
2024-07-17 14:00:00,3.2,3.2,3.2,3.2,100,CIP,"At 2024-07-17 14:00:00, the stock CIP opened at 3.20 VND, reached a high of 3.20 VND, a low of 3.20 VND, and closed the hour at 3.20 VND with a trading volume of 100 shares."
2024-07-18 13:00:00,2.9,2.9,2.9,2.9,100,CIP,"At 2024-07-18 13:00:00, the stock CIP opened at 2.90 VND, reached a high of 2.90 VND, a low of 2.90 VND, and closed the hour at 2.90 VND with a trading volume of 100 shares."
2024-07-22 14:00:00,3.3,3.3,3.3,3.3,600,CIP,"At 2024-07-22 14:00:00, the stock CIP opened at 3.30 VND, reached a high of 3.30 VND, a low of 3.30 VND, and closed the hour at 3.30 VND with a trading volume of 600 shares."
2024-07-23 10:00:00,3.0,3.0,3.0,3.0,3400,CIP,"At 2024-07-23 10:00:00, the stock CIP opened at 3.00 VND, reached a high of 3.00 VND, a low of 3.00 VND, and closed the hour at 3.00 VND with a trading volume of 3,400 shares."
2024-07-23 14:00:00,3.0,3.2,3.0,3.2,3100,CIP,"At 2024-07-23 14:00:00, the stock CIP opened at 3.00 VND, reached a high of 3.20 VND, a low of 3.00 VND, and closed the hour at 3.20 VND with a trading volume of 3,100 shares."
2024-07-24 09:00:00,3.3,3.4,3.3,3.4,2000,CIP,"At 2024-07-24 09:00:00, the stock CIP opened at 3.30 VND, reached a high of 3.40 VND, a low of 3.30 VND, and closed the hour at 3.40 VND with a trading volume of 2,000 shares."
2024-07-24 13:00:00,3.2,3.2,3.2,3.2,200,CIP,"At 2024-07-24 13:00:00, the stock CIP opened at 3.20 VND, reached a high of 3.20 VND, a low of 3.20 VND, and closed the hour at 3.20 VND with a trading volume of 200 shares."
2024-07-26 13:00:00,3.0,3.0,3.0,3.0,6000,CIP,"At 2024-07-26 13:00:00, the stock CIP opened at 3.00 VND, reached a high of 3.00 VND, a low of 3.00 VND, and closed the hour at 3.00 VND with a trading volume of 6,000 shares."
2024-07-26 14:00:00,3.2,3.2,3.2,3.2,100,CIP,"At 2024-07-26 14:00:00, the stock CIP opened at 3.20 VND, reached a high of 3.20 VND, a low of 3.20 VND, and closed the hour at 3.20 VND with a trading volume of 100 shares."
2024-07-31 09:00:00,3.0,3.0,3.0,3.0,100,CIP,"At 2024-07-31 09:00:00, the stock CIP opened at 3.00 VND, reached a high of 3.00 VND, a low of 3.00 VND, and closed the hour at 3.00 VND with a trading volume of 100 shares."
2024-08-01 13:00:00,3.0,3.0,3.0,3.0,100,CIP,"At 2024-08-01 13:00:00, the stock CIP opened at 3.00 VND, reached a high of 3.00 VND, a low of 3.00 VND, and closed the hour at 3.00 VND with a trading volume of 100 shares."
2024-08-05 09:00:00,3.0,3.0,3.0,3.0,200,CIP,"At 2024-08-05 09:00:00, the stock CIP opened at 3.00 VND, reached a high of 3.00 VND, a low of 3.00 VND, and closed the hour at 3.00 VND with a trading volume of 200 shares."
2024-08-05 10:00:00,3.0,3.0,3.0,3.0,900,CIP,"At 2024-08-05 10:00:00, the stock CIP opened at 3.00 VND, reached a high of 3.00 VND, a low of 3.00 VND, and closed the hour at 3.00 VND with a trading volume of 900 shares."
2024-08-05 13:00:00,2.9,2.9,2.9,2.9,100,CIP,"At 2024-08-05 13:00:00, the stock CIP opened at 2.90 VND, reached a high of 2.90 VND, a low of 2.90 VND, and closed the hour at 2.90 VND with a trading volume of 100 shares."
2024-08-05 14:00:00,2.9,2.9,2.9,2.9,200,CIP,"At 2024-08-05 14:00:00, the stock CIP opened at 2.90 VND, reached a high of 2.90 VND, a low of 2.90 VND, and closed the hour at 2.90 VND with a trading volume of 200 shares."
2024-08-06 13:00:00,2.9,2.9,2.9,2.9,100,CIP,"At 2024-08-06 13:00:00, the stock CIP opened at 2.90 VND, reached a high of 2.90 VND, a low of 2.90 VND, and closed the hour at 2.90 VND with a trading volume of 100 shares."
2024-08-07 09:00:00,2.9,2.9,2.8,2.9,500,CIP,"At 2024-08-07 09:00:00, the stock CIP opened at 2.90 VND, reached a high of 2.90 VND, a low of 2.80 VND, and closed the hour at 2.90 VND with a trading volume of 500 shares."
2024-08-08 10:00:00,2.9,2.9,2.9,2.9,100,CIP,"At 2024-08-08 10:00:00, the stock CIP opened at 2.90 VND, reached a high of 2.90 VND, a low of 2.90 VND, and closed the hour at 2.90 VND with a trading volume of 100 shares."
2024-08-08 13:00:00,2.8,2.8,2.8,2.8,1800,CIP,"At 2024-08-08 13:00:00, the stock CIP opened at 2.80 VND, reached a high of 2.80 VND, a low of 2.80 VND, and closed the hour at 2.80 VND with a trading volume of 1,800 shares."
2024-08-08 14:00:00,2.8,2.8,2.8,2.8,200,CIP,"At 2024-08-08 14:00:00, the stock CIP opened at 2.80 VND, reached a high of 2.80 VND, a low of 2.80 VND, and closed the hour at 2.80 VND with a trading volume of 200 shares."
2024-08-09 10:00:00,2.8,2.8,2.8,2.8,2000,CIP,"At 2024-08-09 10:00:00, the stock CIP opened at 2.80 VND, reached a high of 2.80 VND, a low of 2.80 VND, and closed the hour at 2.80 VND with a trading volume of 2,000 shares."
2024-08-09 13:00:00,2.8,2.8,2.8,2.8,100,CIP,"At 2024-08-09 13:00:00, the stock CIP opened at 2.80 VND, reached a high of 2.80 VND, a low of 2.80 VND, and closed the hour at 2.80 VND with a trading volume of 100 shares."
2024-08-13 09:00:00,2.8,2.8,2.8,2.8,1700,CIP,"At 2024-08-13 09:00:00, the stock CIP opened at 2.80 VND, reached a high of 2.80 VND, a low of 2.80 VND, and closed the hour at 2.80 VND with a trading volume of 1,700 shares."
2024-08-13 10:00:00,2.8,2.8,2.8,2.8,100,CIP,"At 2024-08-13 10:00:00, the stock CIP opened at 2.80 VND, reached a high of 2.80 VND, a low of 2.80 VND, and closed the hour at 2.80 VND with a trading volume of 100 shares."
2024-08-14 09:00:00,2.8,3.2,2.8,3.1,1600,CIP,"At 2024-08-14 09:00:00, the stock CIP opened at 2.80 VND, reached a high of 3.20 VND, a low of 2.80 VND, and closed the hour at 3.10 VND with a trading volume of 1,600 shares."
2024-08-14 10:00:00,3.1,3.1,3.1,3.1,100,CIP,"At 2024-08-14 10:00:00, the stock CIP opened at 3.10 VND, reached a high of 3.10 VND, a low of 3.10 VND, and closed the hour at 3.10 VND with a trading volume of 100 shares."
2024-08-19 09:00:00,3.1,3.1,3.1,3.1,100,CIP,"At 2024-08-19 09:00:00, the stock CIP opened at 3.10 VND, reached a high of 3.10 VND, a low of 3.10 VND, and closed the hour at 3.10 VND with a trading volume of 100 shares."
2024-08-20 09:00:00,3.2,3.3,3.2,3.3,300,CIP,"At 2024-08-20 09:00:00, the stock CIP opened at 3.20 VND, reached a high of 3.30 VND, a low of 3.20 VND, and closed the hour at 3.30 VND with a trading volume of 300 shares."
2024-08-22 10:00:00,3.1,3.1,3.1,3.1,200,CIP,"At 2024-08-22 10:00:00, the stock CIP opened at 3.10 VND, reached a high of 3.10 VND, a low of 3.10 VND, and closed the hour at 3.10 VND with a trading volume of 200 shares."
2024-08-23 10:00:00,3.2,3.2,3.2,3.2,100,CIP,"At 2024-08-23 10:00:00, the stock CIP opened at 3.20 VND, reached a high of 3.20 VND, a low of 3.20 VND, and closed the hour at 3.20 VND with a trading volume of 100 shares."
2024-08-26 09:00:00,3.1,3.1,3.1,3.1,500,CIP,"At 2024-08-26 09:00:00, the stock CIP opened at 3.10 VND, reached a high of 3.10 VND, a low of 3.10 VND, and closed the hour at 3.10 VND with a trading volume of 500 shares."
2024-08-26 10:00:00,3.1,3.1,3.1,3.1,100,CIP,"At 2024-08-26 10:00:00, the stock CIP opened at 3.10 VND, reached a high of 3.10 VND, a low of 3.10 VND, and closed the hour at 3.10 VND with a trading volume of 100 shares."
2024-09-04 13:00:00,3.0,3.0,3.0,3.0,100,CIP,"At 2024-09-04 13:00:00, the stock CIP opened at 3.00 VND, reached a high of 3.00 VND, a low of 3.00 VND, and closed the hour at 3.00 VND with a trading volume of 100 shares."
2024-09-06 11:00:00,3.0,3.0,3.0,3.0,500,CIP,"At 2024-09-06 11:00:00, the stock CIP opened at 3.00 VND, reached a high of 3.00 VND, a low of 3.00 VND, and closed the hour at 3.00 VND with a trading volume of 500 shares."
2024-09-10 10:00:00,3.0,3.0,3.0,3.0,100,CIP,"At 2024-09-10 10:00:00, the stock CIP opened at 3.00 VND, reached a high of 3.00 VND, a low of 3.00 VND, and closed the hour at 3.00 VND with a trading volume of 100 shares."
2024-09-11 13:00:00,3.0,3.0,3.0,3.0,500,CIP,"At 2024-09-11 13:00:00, the stock CIP opened at 3.00 VND, reached a high of 3.00 VND, a low of 3.00 VND, and closed the hour at 3.00 VND with a trading volume of 500 shares."
2024-09-18 13:00:00,3.0,3.0,3.0,3.0,100,CIP,"At 2024-09-18 13:00:00, the stock CIP opened at 3.00 VND, reached a high of 3.00 VND, a low of 3.00 VND, and closed the hour at 3.00 VND with a trading volume of 100 shares."
2024-09-19 09:00:00,3.0,3.0,3.0,3.0,900,CIP,"At 2024-09-19 09:00:00, the stock CIP opened at 3.00 VND, reached a high of 3.00 VND, a low of 3.00 VND, and closed the hour at 3.00 VND with a trading volume of 900 shares."
2024-09-19 10:00:00,3.0,3.0,3.0,3.0,200,CIP,"At 2024-09-19 10:00:00, the stock CIP opened at 3.00 VND, reached a high of 3.00 VND, a low of 3.00 VND, and closed the hour at 3.00 VND with a trading volume of 200 shares."
2024-09-20 10:00:00,3.0,3.0,3.0,3.0,1200,CIP,"At 2024-09-20 10:00:00, the stock CIP opened at 3.00 VND, reached a high of 3.00 VND, a low of 3.00 VND, and closed the hour at 3.00 VND with a trading volume of 1,200 shares."
2024-09-20 13:00:00,2.6,2.6,2.6,2.6,100,CIP,"At 2024-09-20 13:00:00, the stock CIP opened at 2.60 VND, reached a high of 2.60 VND, a low of 2.60 VND, and closed the hour at 2.60 VND with a trading volume of 100 shares."
2024-09-20 14:00:00,2.6,2.6,2.6,2.6,1300,CIP,"At 2024-09-20 14:00:00, the stock CIP opened at 2.60 VND, reached a high of 2.60 VND, a low of 2.60 VND, and closed the hour at 2.60 VND with a trading volume of 1,300 shares."
2024-09-24 13:00:00,3.0,3.0,3.0,3.0,800,CIP,"At 2024-09-24 13:00:00, the stock CIP opened at 3.00 VND, reached a high of 3.00 VND, a low of 3.00 VND, and closed the hour at 3.00 VND with a trading volume of 800 shares."
2024-09-25 10:00:00,2.8,2.8,2.8,2.8,1900,CIP,"At 2024-09-25 10:00:00, the stock CIP opened at 2.80 VND, reached a high of 2.80 VND, a low of 2.80 VND, and closed the hour at 2.80 VND with a trading volume of 1,900 shares."
2024-09-27 09:00:00,3.2,3.2,3.2,3.2,100,CIP,"At 2024-09-27 09:00:00, the stock CIP opened at 3.20 VND, reached a high of 3.20 VND, a low of 3.20 VND, and closed the hour at 3.20 VND with a trading volume of 100 shares."
2024-09-27 13:00:00,3.0,3.0,3.0,3.0,100,CIP,"At 2024-09-27 13:00:00, the stock CIP opened at 3.00 VND, reached a high of 3.00 VND, a low of 3.00 VND, and closed the hour at 3.00 VND with a trading volume of 100 shares."
2024-10-01 13:00:00,2.8,2.9,2.7,2.9,6400,CIP,"At 2024-10-01 13:00:00, the stock CIP opened at 2.80 VND, reached a high of 2.90 VND, a low of 2.70 VND, and closed the hour at 2.90 VND with a trading volume of 6,400 shares."
2024-10-01 14:00:00,2.9,2.9,2.9,2.9,200,CIP,"At 2024-10-01 14:00:00, the stock CIP opened at 2.90 VND, reached a high of 2.90 VND, a low of 2.90 VND, and closed the hour at 2.90 VND with a trading volume of 200 shares."
2024-10-10 10:00:00,3.0,3.3,3.0,3.2,1700,CIP,"At 2024-10-10 10:00:00, the stock CIP opened at 3.00 VND, reached a high of 3.30 VND, a low of 3.00 VND, and closed the hour at 3.20 VND with a trading volume of 1,700 shares."
2024-10-16 11:00:00,3.1,3.1,3.1,3.1,700,CIP,"At 2024-10-16 11:00:00, the stock CIP opened at 3.10 VND, reached a high of 3.10 VND, a low of 3.10 VND, and closed the hour at 3.10 VND with a trading volume of 700 shares."
2024-10-16 13:00:00,3.3,3.7,3.3,3.7,6400,CIP,"At 2024-10-16 13:00:00, the stock CIP opened at 3.30 VND, reached a high of 3.70 VND, a low of 3.30 VND, and closed the hour at 3.70 VND with a trading volume of 6,400 shares."
2024-10-18 10:00:00,3.5,3.5,3.5,3.5,2100,CIP,"At 2024-10-18 10:00:00, the stock CIP opened at 3.50 VND, reached a high of 3.50 VND, a low of 3.50 VND, and closed the hour at 3.50 VND with a trading volume of 2,100 shares."
2024-10-21 11:00:00,3.4,3.4,3.4,3.4,5600,CIP,"At 2024-10-21 11:00:00, the stock CIP opened at 3.40 VND, reached a high of 3.40 VND, a low of 3.40 VND, and closed the hour at 3.40 VND with a trading volume of 5,600 shares."
2024-10-25 10:00:00,3.4,3.4,3.4,3.4,300,CIP,"At 2024-10-25 10:00:00, the stock CIP opened at 3.40 VND, reached a high of 3.40 VND, a low of 3.40 VND, and closed the hour at 3.40 VND with a trading volume of 300 shares."
2024-10-28 13:00:00,3.2,3.2,3.2,3.2,3800,CIP,"At 2024-10-28 13:00:00, the stock CIP opened at 3.20 VND, reached a high of 3.20 VND, a low of 3.20 VND, and closed the hour at 3.20 VND with a trading volume of 3,800 shares."
2024-10-29 13:00:00,3.2,3.2,3.2,3.2,100,CIP,"At 2024-10-29 13:00:00, the stock CIP opened at 3.20 VND, reached a high of 3.20 VND, a low of 3.20 VND, and closed the hour at 3.20 VND with a trading volume of 100 shares."
2024-10-31 14:00:00,2.8,2.8,2.8,2.8,1000,CIP,"At 2024-10-31 14:00:00, the stock CIP opened at 2.80 VND, reached a high of 2.80 VND, a low of 2.80 VND, and closed the hour at 2.80 VND with a trading volume of 1,000 shares."
2024-11-04 09:00:00,3.2,3.2,3.2,3.2,100,CIP,"At 2024-11-04 09:00:00, the stock CIP opened at 3.20 VND, reached a high of 3.20 VND, a low of 3.20 VND, and closed the hour at 3.20 VND with a trading volume of 100 shares."
2024-11-04 13:00:00,3.1,3.1,3.1,3.1,200,CIP,"At 2024-11-04 13:00:00, the stock CIP opened at 3.10 VND, reached a high of 3.10 VND, a low of 3.10 VND, and closed the hour at 3.10 VND with a trading volume of 200 shares."
2024-11-05 13:00:00,3.1,3.1,3.1,3.1,100,CIP,"At 2024-11-05 13:00:00, the stock CIP opened at 3.10 VND, reached a high of 3.10 VND, a low of 3.10 VND, and closed the hour at 3.10 VND with a trading volume of 100 shares."
2024-11-06 13:00:00,3.1,3.1,3.1,3.1,200,CIP,"At 2024-11-06 13:00:00, the stock CIP opened at 3.10 VND, reached a high of 3.10 VND, a low of 3.10 VND, and closed the hour at 3.10 VND with a trading volume of 200 shares."
2024-11-06 14:00:00,2.8,2.8,2.8,2.8,200,CIP,"At 2024-11-06 14:00:00, the stock CIP opened at 2.80 VND, reached a high of 2.80 VND, a low of 2.80 VND, and closed the hour at 2.80 VND with a trading volume of 200 shares."
2024-11-14 11:00:00,2.6,2.6,2.6,2.6,1400,CIP,"At 2024-11-14 11:00:00, the stock CIP opened at 2.60 VND, reached a high of 2.60 VND, a low of 2.60 VND, and closed the hour at 2.60 VND with a trading volume of 1,400 shares."
2024-11-14 13:00:00,3.0,3.0,3.0,3.0,700,CIP,"At 2024-11-14 13:00:00, the stock CIP opened at 3.00 VND, reached a high of 3.00 VND, a low of 3.00 VND, and closed the hour at 3.00 VND with a trading volume of 700 shares."
2024-11-14 14:00:00,3.0,3.0,3.0,3.0,800,CIP,"At 2024-11-14 14:00:00, the stock CIP opened at 3.00 VND, reached a high of 3.00 VND, a low of 3.00 VND, and closed the hour at 3.00 VND with a trading volume of 800 shares."
2024-11-15 13:00:00,2.8,2.8,2.8,2.8,100,CIP,"At 2024-11-15 13:00:00, the stock CIP opened at 2.80 VND, reached a high of 2.80 VND, a low of 2.80 VND, and closed the hour at 2.80 VND with a trading volume of 100 shares."
2024-11-15 14:00:00,3.2,3.2,3.2,3.2,300,CIP,"At 2024-11-15 14:00:00, the stock CIP opened at 3.20 VND, reached a high of 3.20 VND, a low of 3.20 VND, and closed the hour at 3.20 VND with a trading volume of 300 shares."
2024-12-02 10:00:00,3.0,3.0,3.0,3.0,100,CIP,"At 2024-12-02 10:00:00, the stock CIP opened at 3.00 VND, reached a high of 3.00 VND, a low of 3.00 VND, and closed the hour at 3.00 VND with a trading volume of 100 shares."
2024-12-03 14:00:00,2.8,2.8,2.8,2.8,300,CIP,"At 2024-12-03 14:00:00, the stock CIP opened at 2.80 VND, reached a high of 2.80 VND, a low of 2.80 VND, and closed the hour at 2.80 VND with a trading volume of 300 shares."
2024-12-04 13:00:00,2.4,2.4,2.4,2.4,11900,CIP,"At 2024-12-04 13:00:00, the stock CIP opened at 2.40 VND, reached a high of 2.40 VND, a low of 2.40 VND, and closed the hour at 2.40 VND with a trading volume of 11,900 shares."
2024-12-06 09:00:00,2.2,2.2,2.2,2.2,200,CIP,"At 2024-12-06 09:00:00, the stock CIP opened at 2.20 VND, reached a high of 2.20 VND, a low of 2.20 VND, and closed the hour at 2.20 VND with a trading volume of 200 shares."
2024-12-06 13:00:00,2.6,2.6,2.6,2.6,300,CIP,"At 2024-12-06 13:00:00, the stock CIP opened at 2.60 VND, reached a high of 2.60 VND, a low of 2.60 VND, and closed the hour at 2.60 VND with a trading volume of 300 shares."
2024-12-10 09:00:00,2.7,2.7,2.7,2.7,600,CIP,"At 2024-12-10 09:00:00, the stock CIP opened at 2.70 VND, reached a high of 2.70 VND, a low of 2.70 VND, and closed the hour at 2.70 VND with a trading volume of 600 shares."
2024-12-10 10:00:00,2.7,2.7,2.7,2.7,500,CIP,"At 2024-12-10 10:00:00, the stock CIP opened at 2.70 VND, reached a high of 2.70 VND, a low of 2.70 VND, and closed the hour at 2.70 VND with a trading volume of 500 shares."
2024-12-10 13:00:00,2.6,2.6,2.6,2.6,100,CIP,"At 2024-12-10 13:00:00, the stock CIP opened at 2.60 VND, reached a high of 2.60 VND, a low of 2.60 VND, and closed the hour at 2.60 VND with a trading volume of 100 shares."
2024-12-11 09:00:00,3.1,3.1,3.1,3.1,400,CIP,"At 2024-12-11 09:00:00, the stock CIP opened at 3.10 VND, reached a high of 3.10 VND, a low of 3.10 VND, and closed the hour at 3.10 VND with a trading volume of 400 shares."
2024-12-11 14:00:00,3.0,3.0,3.0,3.0,1500,CIP,"At 2024-12-11 14:00:00, the stock CIP opened at 3.00 VND, reached a high of 3.00 VND, a low of 3.00 VND, and closed the hour at 3.00 VND with a trading volume of 1,500 shares."
2024-12-13 13:00:00,2.7,3.0,2.7,3.0,400,CIP,"At 2024-12-13 13:00:00, the stock CIP opened at 2.70 VND, reached a high of 3.00 VND, a low of 2.70 VND, and closed the hour at 3.00 VND with a trading volume of 400 shares."
2024-12-13 14:00:00,3.0,3.0,3.0,3.0,100,CIP,"At 2024-12-13 14:00:00, the stock CIP opened at 3.00 VND, reached a high of 3.00 VND, a low of 3.00 VND, and closed the hour at 3.00 VND with a trading volume of 100 shares."
2024-12-16 14:00:00,2.6,2.6,2.5,2.5,700,CIP,"At 2024-12-16 14:00:00, the stock CIP opened at 2.60 VND, reached a high of 2.60 VND, a low of 2.50 VND, and closed the hour at 2.50 VND with a trading volume of 700 shares."
2024-12-18 10:00:00,2.9,2.9,2.9,2.9,100,CIP,"At 2024-12-18 10:00:00, the stock CIP opened at 2.90 VND, reached a high of 2.90 VND, a low of 2.90 VND, and closed the hour at 2.90 VND with a trading volume of 100 shares."
2024-12-18 13:00:00,2.8,2.9,2.4,2.4,7900,CIP,"At 2024-12-18 13:00:00, the stock CIP opened at 2.80 VND, reached a high of 2.90 VND, a low of 2.40 VND, and closed the hour at 2.40 VND with a trading volume of 7,900 shares."
2024-12-19 09:00:00,2.6,2.6,2.6,2.6,9400,CIP,"At 2024-12-19 09:00:00, the stock CIP opened at 2.60 VND, reached a high of 2.60 VND, a low of 2.60 VND, and closed the hour at 2.60 VND with a trading volume of 9,400 shares."
2024-12-20 09:00:00,2.7,2.7,2.7,2.7,200,CIP,"At 2024-12-20 09:00:00, the stock CIP opened at 2.70 VND, reached a high of 2.70 VND, a low of 2.70 VND, and closed the hour at 2.70 VND with a trading volume of 200 shares."
2024-12-20 10:00:00,2.7,2.7,2.7,2.7,300,CIP,"At 2024-12-20 10:00:00, the stock CIP opened at 2.70 VND, reached a high of 2.70 VND, a low of 2.70 VND, and closed the hour at 2.70 VND with a trading volume of 300 shares."
2024-12-20 13:00:00,2.7,2.7,2.7,2.7,100,CIP,"At 2024-12-20 13:00:00, the stock CIP opened at 2.70 VND, reached a high of 2.70 VND, a low of 2.70 VND, and closed the hour at 2.70 VND with a trading volume of 100 shares."
2024-12-20 14:00:00,2.7,2.7,2.7,2.7,300,CIP,"At 2024-12-20 14:00:00, the stock CIP opened at 2.70 VND, reached a high of 2.70 VND, a low of 2.70 VND, and closed the hour at 2.70 VND with a trading volume of 300 shares."
2024-12-23 09:00:00,2.7,2.7,2.7,2.7,500,CIP,"At 2024-12-23 09:00:00, the stock CIP opened at 2.70 VND, reached a high of 2.70 VND, a low of 2.70 VND, and closed the hour at 2.70 VND with a trading volume of 500 shares."
2024-12-24 13:00:00,2.7,2.7,2.7,2.7,400,CIP,"At 2024-12-24 13:00:00, the stock CIP opened at 2.70 VND, reached a high of 2.70 VND, a low of 2.70 VND, and closed the hour at 2.70 VND with a trading volume of 400 shares."
2024-12-25 14:00:00,2.7,2.7,2.7,2.7,3300,CIP,"At 2024-12-25 14:00:00, the stock CIP opened at 2.70 VND, reached a high of 2.70 VND, a low of 2.70 VND, and closed the hour at 2.70 VND with a trading volume of 3,300 shares."
2024-12-31 09:00:00,2.4,2.4,2.4,2.4,1700,CIP,"At 2024-12-31 09:00:00, the stock CIP opened at 2.40 VND, reached a high of 2.40 VND, a low of 2.40 VND, and closed the hour at 2.40 VND with a trading volume of 1,700 shares."
2024-12-31 14:00:00,3.1,3.1,3.1,3.1,200,CIP,"At 2024-12-31 14:00:00, the stock CIP opened at 3.10 VND, reached a high of 3.10 VND, a low of 3.10 VND, and closed the hour at 3.10 VND with a trading volume of 200 shares."
2025-01-02 13:00:00,2.8,2.8,2.8,2.8,100,CIP,"At 2025-01-02 13:00:00, the stock CIP opened at 2.80 VND, reached a high of 2.80 VND, a low of 2.80 VND, and closed the hour at 2.80 VND with a trading volume of 100 shares."
2025-01-03 10:00:00,2.8,2.8,2.8,2.8,200,CIP,"At 2025-01-03 10:00:00, the stock CIP opened at 2.80 VND, reached a high of 2.80 VND, a low of 2.80 VND, and closed the hour at 2.80 VND with a trading volume of 200 shares."
2025-01-03 14:00:00,2.7,2.7,2.6,2.6,600,CIP,"At 2025-01-03 14:00:00, the stock CIP opened at 2.70 VND, reached a high of 2.70 VND, a low of 2.60 VND, and closed the hour at 2.60 VND with a trading volume of 600 shares."
2025-01-06 10:00:00,2.4,2.4,2.4,2.4,700,CIP,"At 2025-01-06 10:00:00, the stock CIP opened at 2.40 VND, reached a high of 2.40 VND, a low of 2.40 VND, and closed the hour at 2.40 VND with a trading volume of 700 shares."
2025-01-07 10:00:00,2.6,2.6,2.6,2.6,1700,CIP,"At 2025-01-07 10:00:00, the stock CIP opened at 2.60 VND, reached a high of 2.60 VND, a low of 2.60 VND, and closed the hour at 2.60 VND with a trading volume of 1,700 shares."
2025-01-07 14:00:00,2.7,2.7,2.7,2.7,41400,CIP,"At 2025-01-07 14:00:00, the stock CIP opened at 2.70 VND, reached a high of 2.70 VND, a low of 2.70 VND, and closed the hour at 2.70 VND with a trading volume of 41,400 shares."
2025-01-08 13:00:00,2.7,2.7,2.7,2.7,500,CIP,"At 2025-01-08 13:00:00, the stock CIP opened at 2.70 VND, reached a high of 2.70 VND, a low of 2.70 VND, and closed the hour at 2.70 VND with a trading volume of 500 shares."
2025-01-09 09:00:00,3.1,3.1,3.0,3.0,1300,CIP,"At 2025-01-09 09:00:00, the stock CIP opened at 3.10 VND, reached a high of 3.10 VND, a low of 3.00 VND, and closed the hour at 3.00 VND with a trading volume of 1,300 shares."
2025-01-09 10:00:00,3.0,3.0,3.0,3.0,800,CIP,"At 2025-01-09 10:00:00, the stock CIP opened at 3.00 VND, reached a high of 3.00 VND, a low of 3.00 VND, and closed the hour at 3.00 VND with a trading volume of 800 shares."
2025-01-13 09:00:00,2.7,2.7,2.7,2.7,100,CIP,"At 2025-01-13 09:00:00, the stock CIP opened at 2.70 VND, reached a high of 2.70 VND, a low of 2.70 VND, and closed the hour at 2.70 VND with a trading volume of 100 shares."
2025-01-13 13:00:00,2.7,2.7,2.7,2.7,1000,CIP,"At 2025-01-13 13:00:00, the stock CIP opened at 2.70 VND, reached a high of 2.70 VND, a low of 2.70 VND, and closed the hour at 2.70 VND with a trading volume of 1,000 shares."
2025-01-14 09:00:00,2.4,2.4,2.4,2.4,200,CIP,"At 2025-01-14 09:00:00, the stock CIP opened at 2.40 VND, reached a high of 2.40 VND, a low of 2.40 VND, and closed the hour at 2.40 VND with a trading volume of 200 shares."
2025-01-15 14:00:00,2.8,2.8,2.8,2.8,100,CIP,"At 2025-01-15 14:00:00, the stock CIP opened at 2.80 VND, reached a high of 2.80 VND, a low of 2.80 VND, and closed the hour at 2.80 VND with a trading volume of 100 shares."
2025-01-21 10:00:00,3.0,3.0,3.0,3.0,100,CIP,"At 2025-01-21 10:00:00, the stock CIP opened at 3.00 VND, reached a high of 3.00 VND, a low of 3.00 VND, and closed the hour at 3.00 VND with a trading volume of 100 shares."
2025-01-22 13:00:00,2.8,2.8,2.8,2.8,100,CIP,"At 2025-01-22 13:00:00, the stock CIP opened at 2.80 VND, reached a high of 2.80 VND, a low of 2.80 VND, and closed the hour at 2.80 VND with a trading volume of 100 shares."
2025-02-04 13:00:00,2.8,2.8,2.8,2.8,1400,CIP,"At 2025-02-04 13:00:00, the stock CIP opened at 2.80 VND, reached a high of 2.80 VND, a low of 2.80 VND, and closed the hour at 2.80 VND with a trading volume of 1,400 shares."
2025-02-06 10:00:00,2.6,3.0,2.6,3.0,600,CIP,"At 2025-02-06 10:00:00, the stock CIP opened at 2.60 VND, reached a high of 3.00 VND, a low of 2.60 VND, and closed the hour at 3.00 VND with a trading volume of 600 shares."
2025-02-10 13:00:00,2.9,2.9,2.9,2.9,200,CIP,"At 2025-02-10 13:00:00, the stock CIP opened at 2.90 VND, reached a high of 2.90 VND, a low of 2.90 VND, and closed the hour at 2.90 VND with a trading volume of 200 shares."
2025-02-11 09:00:00,3.3,3.3,2.8,2.8,8200,CIP,"At 2025-02-11 09:00:00, the stock CIP opened at 3.30 VND, reached a high of 3.30 VND, a low of 2.80 VND, and closed the hour at 2.80 VND with a trading volume of 8,200 shares."
2025-02-11 11:00:00,2.8,2.8,2.8,2.8,500,CIP,"At 2025-02-11 11:00:00, the stock CIP opened at 2.80 VND, reached a high of 2.80 VND, a low of 2.80 VND, and closed the hour at 2.80 VND with a trading volume of 500 shares."
2025-02-11 13:00:00,2.8,2.8,2.8,2.8,10000,CIP,"At 2025-02-11 13:00:00, the stock CIP opened at 2.80 VND, reached a high of 2.80 VND, a low of 2.80 VND, and closed the hour at 2.80 VND with a trading volume of 10,000 shares."
2025-02-12 13:00:00,2.8,2.8,2.8,2.8,2000,CIP,"At 2025-02-12 13:00:00, the stock CIP opened at 2.80 VND, reached a high of 2.80 VND, a low of 2.80 VND, and closed the hour at 2.80 VND with a trading volume of 2,000 shares."
2025-02-13 09:00:00,2.9,2.9,2.9,2.9,700,CIP,"At 2025-02-13 09:00:00, the stock CIP opened at 2.90 VND, reached a high of 2.90 VND, a low of 2.90 VND, and closed the hour at 2.90 VND with a trading volume of 700 shares."
2025-02-13 11:00:00,2.9,2.9,2.9,2.9,2200,CIP,"At 2025-02-13 11:00:00, the stock CIP opened at 2.90 VND, reached a high of 2.90 VND, a low of 2.90 VND, and closed the hour at 2.90 VND with a trading volume of 2,200 shares."
2025-02-13 13:00:00,2.9,2.9,2.9,2.9,100,CIP,"At 2025-02-13 13:00:00, the stock CIP opened at 2.90 VND, reached a high of 2.90 VND, a low of 2.90 VND, and closed the hour at 2.90 VND with a trading volume of 100 shares."
2025-02-13 14:00:00,2.9,2.9,2.9,2.9,4000,CIP,"At 2025-02-13 14:00:00, the stock CIP opened at 2.90 VND, reached a high of 2.90 VND, a low of 2.90 VND, and closed the hour at 2.90 VND with a trading volume of 4,000 shares."
2025-02-14 10:00:00,2.9,2.9,2.9,2.9,5000,CIP,"At 2025-02-14 10:00:00, the stock CIP opened at 2.90 VND, reached a high of 2.90 VND, a low of 2.90 VND, and closed the hour at 2.90 VND with a trading volume of 5,000 shares."
2025-02-17 13:00:00,2.9,2.9,2.9,2.9,200,CIP,"At 2025-02-17 13:00:00, the stock CIP opened at 2.90 VND, reached a high of 2.90 VND, a low of 2.90 VND, and closed the hour at 2.90 VND with a trading volume of 200 shares."
2025-02-18 09:00:00,2.8,2.8,2.8,2.8,2500,CIP,"At 2025-02-18 09:00:00, the stock CIP opened at 2.80 VND, reached a high of 2.80 VND, a low of 2.80 VND, and closed the hour at 2.80 VND with a trading volume of 2,500 shares."
2025-02-18 10:00:00,2.7,2.7,2.7,2.7,6000,CIP,"At 2025-02-18 10:00:00, the stock CIP opened at 2.70 VND, reached a high of 2.70 VND, a low of 2.70 VND, and closed the hour at 2.70 VND with a trading volume of 6,000 shares."
2025-02-19 09:00:00,2.9,2.9,2.9,2.9,10100,CIP,"At 2025-02-19 09:00:00, the stock CIP opened at 2.90 VND, reached a high of 2.90 VND, a low of 2.90 VND, and closed the hour at 2.90 VND with a trading volume of 10,100 shares."
2025-02-19 11:00:00,2.9,2.9,2.9,2.9,6900,CIP,"At 2025-02-19 11:00:00, the stock CIP opened at 2.90 VND, reached a high of 2.90 VND, a low of 2.90 VND, and closed the hour at 2.90 VND with a trading volume of 6,900 shares."
2025-02-21 09:00:00,3.0,3.0,3.0,3.0,500,CIP,"At 2025-02-21 09:00:00, the stock CIP opened at 3.00 VND, reached a high of 3.00 VND, a low of 3.00 VND, and closed the hour at 3.00 VND with a trading volume of 500 shares."
2025-02-24 09:00:00,3.0,3.2,3.0,3.2,11000,CIP,"At 2025-02-24 09:00:00, the stock CIP opened at 3.00 VND, reached a high of 3.20 VND, a low of 3.00 VND, and closed the hour at 3.20 VND with a trading volume of 11,000 shares."
2025-02-24 11:00:00,3.1,3.1,3.1,3.1,1000,CIP,"At 2025-02-24 11:00:00, the stock CIP opened at 3.10 VND, reached a high of 3.10 VND, a low of 3.10 VND, and closed the hour at 3.10 VND with a trading volume of 1,000 shares."
2025-02-25 09:00:00,3.5,3.5,3.5,3.5,100,CIP,"At 2025-02-25 09:00:00, the stock CIP opened at 3.50 VND, reached a high of 3.50 VND, a low of 3.50 VND, and closed the hour at 3.50 VND with a trading volume of 100 shares."
2025-02-25 14:00:00,3.1,3.1,3.1,3.1,100,CIP,"At 2025-02-25 14:00:00, the stock CIP opened at 3.10 VND, reached a high of 3.10 VND, a low of 3.10 VND, and closed the hour at 3.10 VND with a trading volume of 100 shares."
2025-03-03 09:00:00,3.5,3.5,3.4,3.4,1500,CIP,"At 2025-03-03 09:00:00, the stock CIP opened at 3.50 VND, reached a high of 3.50 VND, a low of 3.40 VND, and closed the hour at 3.40 VND with a trading volume of 1,500 shares."
2025-03-03 13:00:00,3.3,3.3,3.3,3.3,200,CIP,"At 2025-03-03 13:00:00, the stock CIP opened at 3.30 VND, reached a high of 3.30 VND, a low of 3.30 VND, and closed the hour at 3.30 VND with a trading volume of 200 shares."
2025-03-04 09:00:00,3.6,3.6,3.6,3.6,1200,CIP,"At 2025-03-04 09:00:00, the stock CIP opened at 3.60 VND, reached a high of 3.60 VND, a low of 3.60 VND, and closed the hour at 3.60 VND with a trading volume of 1,200 shares."
2025-03-04 13:00:00,3.2,3.2,3.2,3.2,200,CIP,"At 2025-03-04 13:00:00, the stock CIP opened at 3.20 VND, reached a high of 3.20 VND, a low of 3.20 VND, and closed the hour at 3.20 VND with a trading volume of 200 shares."
2025-03-06 14:00:00,3.0,3.1,3.0,3.1,600,CIP,"At 2025-03-06 14:00:00, the stock CIP opened at 3.00 VND, reached a high of 3.10 VND, a low of 3.00 VND, and closed the hour at 3.10 VND with a trading volume of 600 shares."
2025-03-07 13:00:00,2.8,2.8,2.8,2.8,1500,CIP,"At 2025-03-07 13:00:00, the stock CIP opened at 2.80 VND, reached a high of 2.80 VND, a low of 2.80 VND, and closed the hour at 2.80 VND with a trading volume of 1,500 shares."
2025-03-10 09:00:00,3.1,3.1,3.1,3.1,4000,CIP,"At 2025-03-10 09:00:00, the stock CIP opened at 3.10 VND, reached a high of 3.10 VND, a low of 3.10 VND, and closed the hour at 3.10 VND with a trading volume of 4,000 shares."
2025-03-10 14:00:00,2.9,2.9,2.9,2.9,500,CIP,"At 2025-03-10 14:00:00, the stock CIP opened at 2.90 VND, reached a high of 2.90 VND, a low of 2.90 VND, and closed the hour at 2.90 VND with a trading volume of 500 shares."
2025-03-18 14:00:00,2.8,2.8,2.8,2.8,600,CIP,"At 2025-03-18 14:00:00, the stock CIP opened at 2.80 VND, reached a high of 2.80 VND, a low of 2.80 VND, and closed the hour at 2.80 VND with a trading volume of 600 shares."
2025-03-19 14:00:00,2.7,2.7,2.7,2.7,200,CIP,"At 2025-03-19 14:00:00, the stock CIP opened at 2.70 VND, reached a high of 2.70 VND, a low of 2.70 VND, and closed the hour at 2.70 VND with a trading volume of 200 shares."
2025-03-20 10:00:00,3.0,3.0,3.0,3.0,600,CIP,"At 2025-03-20 10:00:00, the stock CIP opened at 3.00 VND, reached a high of 3.00 VND, a low of 3.00 VND, and closed the hour at 3.00 VND with a trading volume of 600 shares."
2025-03-24 10:00:00,2.8,2.8,2.8,2.8,300,CIP,"At 2025-03-24 10:00:00, the stock CIP opened at 2.80 VND, reached a high of 2.80 VND, a low of 2.80 VND, and closed the hour at 2.80 VND with a trading volume of 300 shares."
2025-03-24 13:00:00,2.8,2.8,2.8,2.8,300,CIP,"At 2025-03-24 13:00:00, the stock CIP opened at 2.80 VND, reached a high of 2.80 VND, a low of 2.80 VND, and closed the hour at 2.80 VND with a trading volume of 300 shares."
2025-03-25 09:00:00,3.1,3.1,3.1,3.1,1900,CIP,"At 2025-03-25 09:00:00, the stock CIP opened at 3.10 VND, reached a high of 3.10 VND, a low of 3.10 VND, and closed the hour at 3.10 VND with a trading volume of 1,900 shares."
2025-03-25 13:00:00,3.0,3.0,3.0,3.0,100,CIP,"At 2025-03-25 13:00:00, the stock CIP opened at 3.00 VND, reached a high of 3.00 VND, a low of 3.00 VND, and closed the hour at 3.00 VND with a trading volume of 100 shares."
2025-03-26 09:00:00,3.4,3.4,3.1,3.1,1100,CIP,"At 2025-03-26 09:00:00, the stock CIP opened at 3.40 VND, reached a high of 3.40 VND, a low of 3.10 VND, and closed the hour at 3.10 VND with a trading volume of 1,100 shares."
2025-03-27 13:00:00,2.9,2.9,2.9,2.9,1000,CIP,"At 2025-03-27 13:00:00, the stock CIP opened at 2.90 VND, reached a high of 2.90 VND, a low of 2.90 VND, and closed the hour at 2.90 VND with a trading volume of 1,000 shares."
2025-03-27 14:00:00,2.9,2.9,2.9,2.9,300,CIP,"At 2025-03-27 14:00:00, the stock CIP opened at 2.90 VND, reached a high of 2.90 VND, a low of 2.90 VND, and closed the hour at 2.90 VND with a trading volume of 300 shares."
2025-03-28 13:00:00,2.7,2.7,2.7,2.7,100,CIP,"At 2025-03-28 13:00:00, the stock CIP opened at 2.70 VND, reached a high of 2.70 VND, a low of 2.70 VND, and closed the hour at 2.70 VND with a trading volume of 100 shares."
2025-03-31 11:00:00,2.7,2.7,2.7,2.7,600,CIP,"At 2025-03-31 11:00:00, the stock CIP opened at 2.70 VND, reached a high of 2.70 VND, a low of 2.70 VND, and closed the hour at 2.70 VND with a trading volume of 600 shares."
2025-04-02 13:00:00,2.4,2.4,2.4,2.4,900,CIP,"At 2025-04-02 13:00:00, the stock CIP opened at 2.40 VND, reached a high of 2.40 VND, a low of 2.40 VND, and closed the hour at 2.40 VND with a trading volume of 900 shares."
2025-04-03 13:00:00,2.6,2.7,2.6,2.7,700,CIP,"At 2025-04-03 13:00:00, the stock CIP opened at 2.60 VND, reached a high of 2.70 VND, a low of 2.60 VND, and closed the hour at 2.70 VND with a trading volume of 700 shares."
2025-04-03 14:00:00,2.7,2.7,2.7,2.7,200,CIP,"At 2025-04-03 14:00:00, the stock CIP opened at 2.70 VND, reached a high of 2.70 VND, a low of 2.70 VND, and closed the hour at 2.70 VND with a trading volume of 200 shares."
2025-04-04 09:00:00,2.5,2.5,2.5,2.5,700,CIP,"At 2025-04-04 09:00:00, the stock CIP opened at 2.50 VND, reached a high of 2.50 VND, a low of 2.50 VND, and closed the hour at 2.50 VND with a trading volume of 700 shares."
2025-04-08 10:00:00,2.3,2.3,2.3,2.3,2200,CIP,"At 2025-04-08 10:00:00, the stock CIP opened at 2.30 VND, reached a high of 2.30 VND, a low of 2.30 VND, and closed the hour at 2.30 VND with a trading volume of 2,200 shares."
2025-04-08 11:00:00,2.3,2.3,2.3,2.3,300,CIP,"At 2025-04-08 11:00:00, the stock CIP opened at 2.30 VND, reached a high of 2.30 VND, a low of 2.30 VND, and closed the hour at 2.30 VND with a trading volume of 300 shares."
2025-04-09 13:00:00,2.2,2.2,2.0,2.0,900,CIP,"At 2025-04-09 13:00:00, the stock CIP opened at 2.20 VND, reached a high of 2.20 VND, a low of 2.00 VND, and closed the hour at 2.00 VND with a trading volume of 900 shares."
2025-04-10 09:00:00,2.3,2.3,2.3,2.3,100,CIP,"At 2025-04-10 09:00:00, the stock CIP opened at 2.30 VND, reached a high of 2.30 VND, a low of 2.30 VND, and closed the hour at 2.30 VND with a trading volume of 100 shares."
2025-04-11 09:00:00,2.6,2.6,2.6,2.6,1000,CIP,"At 2025-04-11 09:00:00, the stock CIP opened at 2.60 VND, reached a high of 2.60 VND, a low of 2.60 VND, and closed the hour at 2.60 VND with a trading volume of 1,000 shares."
2025-04-11 10:00:00,2.6,2.6,2.6,2.6,600,CIP,"At 2025-04-11 10:00:00, the stock CIP opened at 2.60 VND, reached a high of 2.60 VND, a low of 2.60 VND, and closed the hour at 2.60 VND with a trading volume of 600 shares."
2025-04-11 14:00:00,2.5,2.5,2.4,2.4,15600,CIP,"At 2025-04-11 14:00:00, the stock CIP opened at 2.50 VND, reached a high of 2.50 VND, a low of 2.40 VND, and closed the hour at 2.40 VND with a trading volume of 15,600 shares."
2025-04-14 09:00:00,2.5,2.5,2.5,2.5,100,CIP,"At 2025-04-14 09:00:00, the stock CIP opened at 2.50 VND, reached a high of 2.50 VND, a low of 2.50 VND, and closed the hour at 2.50 VND with a trading volume of 100 shares."
2025-04-14 13:00:00,2.4,2.4,2.4,2.4,1900,CIP,"At 2025-04-14 13:00:00, the stock CIP opened at 2.40 VND, reached a high of 2.40 VND, a low of 2.40 VND, and closed the hour at 2.40 VND with a trading volume of 1,900 shares."
2025-04-14 14:00:00,2.5,2.5,2.5,2.5,200,CIP,"At 2025-04-14 14:00:00, the stock CIP opened at 2.50 VND, reached a high of 2.50 VND, a low of 2.50 VND, and closed the hour at 2.50 VND with a trading volume of 200 shares."
2025-04-15 09:00:00,2.5,2.5,2.5,2.5,100,CIP,"At 2025-04-15 09:00:00, the stock CIP opened at 2.50 VND, reached a high of 2.50 VND, a low of 2.50 VND, and closed the hour at 2.50 VND with a trading volume of 100 shares."
2025-04-15 14:00:00,2.5,2.5,2.5,2.5,300,CIP,"At 2025-04-15 14:00:00, the stock CIP opened at 2.50 VND, reached a high of 2.50 VND, a low of 2.50 VND, and closed the hour at 2.50 VND with a trading volume of 300 shares."
2025-04-16 10:00:00,2.7,2.8,2.7,2.8,300,CIP,"At 2025-04-16 10:00:00, the stock CIP opened at 2.70 VND, reached a high of 2.80 VND, a low of 2.70 VND, and closed the hour at 2.80 VND with a trading volume of 300 shares."
2025-04-16 13:00:00,2.8,2.8,2.8,2.8,100,CIP,"At 2025-04-16 13:00:00, the stock CIP opened at 2.80 VND, reached a high of 2.80 VND, a low of 2.80 VND, and closed the hour at 2.80 VND with a trading volume of 100 shares."
2025-04-16 14:00:00,2.7,2.7,2.7,2.7,100,CIP,"At 2025-04-16 14:00:00, the stock CIP opened at 2.70 VND, reached a high of 2.70 VND, a low of 2.70 VND, and closed the hour at 2.70 VND with a trading volume of 100 shares."
2025-04-18 09:00:00,2.7,3.0,2.7,3.0,900,CIP,"At 2025-04-18 09:00:00, the stock CIP opened at 2.70 VND, reached a high of 3.00 VND, a low of 2.70 VND, and closed the hour at 3.00 VND with a trading volume of 900 shares."
2025-04-22 09:00:00,3.1,3.1,3.1,3.1,800,CIP,"At 2025-04-22 09:00:00, the stock CIP opened at 3.10 VND, reached a high of 3.10 VND, a low of 3.10 VND, and closed the hour at 3.10 VND with a trading volume of 800 shares."
2025-04-23 09:00:00,3.1,3.1,3.1,3.1,600,CIP,"At 2025-04-23 09:00:00, the stock CIP opened at 3.10 VND, reached a high of 3.10 VND, a low of 3.10 VND, and closed the hour at 3.10 VND with a trading volume of 600 shares."
2025-04-23 14:00:00,2.8,2.8,2.8,2.8,100,CIP,"At 2025-04-23 14:00:00, the stock CIP opened at 2.80 VND, reached a high of 2.80 VND, a low of 2.80 VND, and closed the hour at 2.80 VND with a trading volume of 100 shares."
2025-05-08 13:00:00,2.8,2.8,2.8,2.8,900,CIP,"At 2025-05-08 13:00:00, the stock CIP opened at 2.80 VND, reached a high of 2.80 VND, a low of 2.80 VND, and closed the hour at 2.80 VND with a trading volume of 900 shares."
2025-05-12 09:00:00,2.9,2.9,2.9,2.9,100,CIP,"At 2025-05-12 09:00:00, the stock CIP opened at 2.90 VND, reached a high of 2.90 VND, a low of 2.90 VND, and closed the hour at 2.90 VND with a trading volume of 100 shares."
2025-05-12 11:00:00,3.0,3.0,3.0,3.0,100,CIP,"At 2025-05-12 11:00:00, the stock CIP opened at 3.00 VND, reached a high of 3.00 VND, a low of 3.00 VND, and closed the hour at 3.00 VND with a trading volume of 100 shares."
2025-05-12 14:00:00,3.0,3.0,3.0,3.0,200,CIP,"At 2025-05-12 14:00:00, the stock CIP opened at 3.00 VND, reached a high of 3.00 VND, a low of 3.00 VND, and closed the hour at 3.00 VND with a trading volume of 200 shares."
2025-05-13 09:00:00,3.1,3.1,3.1,3.1,100,CIP,"At 2025-05-13 09:00:00, the stock CIP opened at 3.10 VND, reached a high of 3.10 VND, a low of 3.10 VND, and closed the hour at 3.10 VND with a trading volume of 100 shares."
2025-05-14 14:00:00,3.0,3.0,3.0,3.0,500,CIP,"At 2025-05-14 14:00:00, the stock CIP opened at 3.00 VND, reached a high of 3.00 VND, a low of 3.00 VND, and closed the hour at 3.00 VND with a trading volume of 500 shares."
2025-05-15 09:00:00,3.2,3.2,3.2,3.2,2000,CIP,"At 2025-05-15 09:00:00, the stock CIP opened at 3.20 VND, reached a high of 3.20 VND, a low of 3.20 VND, and closed the hour at 3.20 VND with a trading volume of 2,000 shares."
2025-05-15 14:00:00,3.0,3.0,3.0,3.0,200,CIP,"At 2025-05-15 14:00:00, the stock CIP opened at 3.00 VND, reached a high of 3.00 VND, a low of 3.00 VND, and closed the hour at 3.00 VND with a trading volume of 200 shares."
2025-05-16 09:00:00,3.0,3.0,3.0,3.0,1100,CIP,"At 2025-05-16 09:00:00, the stock CIP opened at 3.00 VND, reached a high of 3.00 VND, a low of 3.00 VND, and closed the hour at 3.00 VND with a trading volume of 1,100 shares."
2025-05-19 14:00:00,2.8,2.8,2.8,2.8,100,CIP,"At 2025-05-19 14:00:00, the stock CIP opened at 2.80 VND, reached a high of 2.80 VND, a low of 2.80 VND, and closed the hour at 2.80 VND with a trading volume of 100 shares."
2025-05-20 09:00:00,3.1,3.1,3.1,3.1,400,CIP,"At 2025-05-20 09:00:00, the stock CIP opened at 3.10 VND, reached a high of 3.10 VND, a low of 3.10 VND, and closed the hour at 3.10 VND with a trading volume of 400 shares."
2025-05-20 11:00:00,3.0,3.0,3.0,3.0,500,CIP,"At 2025-05-20 11:00:00, the stock CIP opened at 3.00 VND, reached a high of 3.00 VND, a low of 3.00 VND, and closed the hour at 3.00 VND with a trading volume of 500 shares."
2025-05-20 13:00:00,3.1,3.1,3.1,3.1,500,CIP,"At 2025-05-20 13:00:00, the stock CIP opened at 3.10 VND, reached a high of 3.10 VND, a low of 3.10 VND, and closed the hour at 3.10 VND with a trading volume of 500 shares."
2025-05-23 09:00:00,3.2,3.2,3.2,3.2,700,CIP,"At 2025-05-23 09:00:00, the stock CIP opened at 3.20 VND, reached a high of 3.20 VND, a low of 3.20 VND, and closed the hour at 3.20 VND with a trading volume of 700 shares."
2025-05-27 13:00:00,2.8,2.8,2.8,2.8,100,CIP,"At 2025-05-27 13:00:00, the stock CIP opened at 2.80 VND, reached a high of 2.80 VND, a low of 2.80 VND, and closed the hour at 2.80 VND with a trading volume of 100 shares."
2025-05-28 13:00:00,3.0,3.0,3.0,3.0,100,CIP,"At 2025-05-28 13:00:00, the stock CIP opened at 3.00 VND, reached a high of 3.00 VND, a low of 3.00 VND, and closed the hour at 3.00 VND with a trading volume of 100 shares."
2025-06-02 14:00:00,3.0,3.0,3.0,3.0,2800,CIP,"At 2025-06-02 14:00:00, the stock CIP opened at 3.00 VND, reached a high of 3.00 VND, a low of 3.00 VND, and closed the hour at 3.00 VND with a trading volume of 2,800 shares."
2025-06-03 10:00:00,3.0,3.0,3.0,3.0,200,CIP,"At 2025-06-03 10:00:00, the stock CIP opened at 3.00 VND, reached a high of 3.00 VND, a low of 3.00 VND, and closed the hour at 3.00 VND with a trading volume of 200 shares."
2025-06-13 10:00:00,2.7,2.7,2.7,2.7,100,CIP,"At 2025-06-13 10:00:00, the stock CIP opened at 2.70 VND, reached a high of 2.70 VND, a low of 2.70 VND, and closed the hour at 2.70 VND with a trading volume of 100 shares."
2025-06-13 11:00:00,2.7,2.7,2.7,2.7,100,CIP,"At 2025-06-13 11:00:00, the stock CIP opened at 2.70 VND, reached a high of 2.70 VND, a low of 2.70 VND, and closed the hour at 2.70 VND with a trading volume of 100 shares."
2025-06-13 13:00:00,2.9,2.9,2.9,2.9,400,CIP,"At 2025-06-13 13:00:00, the stock CIP opened at 2.90 VND, reached a high of 2.90 VND, a low of 2.90 VND, and closed the hour at 2.90 VND with a trading volume of 400 shares."
2025-06-24 10:00:00,2.5,2.5,2.4,2.4,42800,CIP,"At 2025-06-24 10:00:00, the stock CIP opened at 2.50 VND, reached a high of 2.50 VND, a low of 2.40 VND, and closed the hour at 2.40 VND with a trading volume of 42,800 shares."
2025-06-24 11:00:00,2.4,2.4,2.4,2.4,4700,CIP,"At 2025-06-24 11:00:00, the stock CIP opened at 2.40 VND, reached a high of 2.40 VND, a low of 2.40 VND, and closed the hour at 2.40 VND with a trading volume of 4,700 shares."
2025-06-24 13:00:00,2.5,2.5,2.4,2.4,28000,CIP,"At 2025-06-24 13:00:00, the stock CIP opened at 2.50 VND, reached a high of 2.50 VND, a low of 2.40 VND, and closed the hour at 2.40 VND with a trading volume of 28,000 shares."
2025-06-25 10:00:00,2.7,2.7,2.6,2.6,900,CIP,"At 2025-06-25 10:00:00, the stock CIP opened at 2.70 VND, reached a high of 2.70 VND, a low of 2.60 VND, and closed the hour at 2.60 VND with a trading volume of 900 shares."
2025-06-25 11:00:00,2.6,2.6,2.6,2.6,500,CIP,"At 2025-06-25 11:00:00, the stock CIP opened at 2.60 VND, reached a high of 2.60 VND, a low of 2.60 VND, and closed the hour at 2.60 VND with a trading volume of 500 shares."
2025-06-26 11:00:00,2.7,2.7,2.7,2.7,100,CIP,"At 2025-06-26 11:00:00, the stock CIP opened at 2.70 VND, reached a high of 2.70 VND, a low of 2.70 VND, and closed the hour at 2.70 VND with a trading volume of 100 shares."
2025-06-26 13:00:00,2.7,2.7,2.5,2.5,800,CIP,"At 2025-06-26 13:00:00, the stock CIP opened at 2.70 VND, reached a high of 2.70 VND, a low of 2.50 VND, and closed the hour at 2.50 VND with a trading volume of 800 shares."
2025-06-26 14:00:00,2.5,2.5,2.5,2.5,1200,CIP,"At 2025-06-26 14:00:00, the stock CIP opened at 2.50 VND, reached a high of 2.50 VND, a low of 2.50 VND, and closed the hour at 2.50 VND with a trading volume of 1,200 shares."
2025-06-27 09:00:00,2.6,2.6,2.6,2.6,1300,CIP,"At 2025-06-27 09:00:00, the stock CIP opened at 2.60 VND, reached a high of 2.60 VND, a low of 2.60 VND, and closed the hour at 2.60 VND with a trading volume of 1,300 shares."
2025-06-27 10:00:00,2.6,2.6,2.6,2.6,6000,CIP,"At 2025-06-27 10:00:00, the stock CIP opened at 2.60 VND, reached a high of 2.60 VND, a low of 2.60 VND, and closed the hour at 2.60 VND with a trading volume of 6,000 shares."
2025-06-30 09:00:00,2.6,2.6,2.6,2.6,2100,CIP,"At 2025-06-30 09:00:00, the stock CIP opened at 2.60 VND, reached a high of 2.60 VND, a low of 2.60 VND, and closed the hour at 2.60 VND with a trading volume of 2,100 shares."
2025-06-30 10:00:00,2.5,2.5,2.5,2.5,4500,CIP,"At 2025-06-30 10:00:00, the stock CIP opened at 2.50 VND, reached a high of 2.50 VND, a low of 2.50 VND, and closed the hour at 2.50 VND with a trading volume of 4,500 shares."
2025-06-30 13:00:00,2.6,2.6,2.6,2.6,200,CIP,"At 2025-06-30 13:00:00, the stock CIP opened at 2.60 VND, reached a high of 2.60 VND, a low of 2.60 VND, and closed the hour at 2.60 VND with a trading volume of 200 shares."
2025-07-01 13:00:00,2.6,2.6,2.6,2.6,300,CIP,"At 2025-07-01 13:00:00, the stock CIP opened at 2.60 VND, reached a high of 2.60 VND, a low of 2.60 VND, and closed the hour at 2.60 VND with a trading volume of 300 shares."
2025-07-02 10:00:00,2.6,2.6,2.6,2.6,100,CIP,"At 2025-07-02 10:00:00, the stock CIP opened at 2.60 VND, reached a high of 2.60 VND, a low of 2.60 VND, and closed the hour at 2.60 VND with a trading volume of 100 shares."
2025-07-02 13:00:00,2.6,2.6,2.6,2.6,2800,CIP,"At 2025-07-02 13:00:00, the stock CIP opened at 2.60 VND, reached a high of 2.60 VND, a low of 2.60 VND, and closed the hour at 2.60 VND with a trading volume of 2,800 shares."
2025-07-03 09:00:00,2.6,2.6,2.6,2.6,100,CIP,"At 2025-07-03 09:00:00, the stock CIP opened at 2.60 VND, reached a high of 2.60 VND, a low of 2.60 VND, and closed the hour at 2.60 VND with a trading volume of 100 shares."
2025-07-03 10:00:00,2.5,2.5,2.5,2.5,2000,CIP,"At 2025-07-03 10:00:00, the stock CIP opened at 2.50 VND, reached a high of 2.50 VND, a low of 2.50 VND, and closed the hour at 2.50 VND with a trading volume of 2,000 shares."
2025-07-03 13:00:00,2.6,2.6,2.6,2.6,300,CIP,"At 2025-07-03 13:00:00, the stock CIP opened at 2.60 VND, reached a high of 2.60 VND, a low of 2.60 VND, and closed the hour at 2.60 VND with a trading volume of 300 shares."
2025-07-04 09:00:00,2.6,2.6,2.6,2.6,200,CIP,"At 2025-07-04 09:00:00, the stock CIP opened at 2.60 VND, reached a high of 2.60 VND, a low of 2.60 VND, and closed the hour at 2.60 VND with a trading volume of 200 shares."
2025-07-04 13:00:00,2.6,2.6,2.6,2.6,4400,CIP,"At 2025-07-04 13:00:00, the stock CIP opened at 2.60 VND, reached a high of 2.60 VND, a low of 2.60 VND, and closed the hour at 2.60 VND with a trading volume of 4,400 shares."
2025-07-09 11:00:00,2.6,2.6,2.6,2.6,100,CIP,"At 2025-07-09 11:00:00, the stock CIP opened at 2.60 VND, reached a high of 2.60 VND, a low of 2.60 VND, and closed the hour at 2.60 VND with a trading volume of 100 shares."
2025-07-09 13:00:00,2.5,2.5,2.5,2.5,4400,CIP,"At 2025-07-09 13:00:00, the stock CIP opened at 2.50 VND, reached a high of 2.50 VND, a low of 2.50 VND, and closed the hour at 2.50 VND with a trading volume of 4,400 shares."
2025-07-10 10:00:00,2.6,2.6,2.6,2.6,3900,CIP,"At 2025-07-10 10:00:00, the stock CIP opened at 2.60 VND, reached a high of 2.60 VND, a low of 2.60 VND, and closed the hour at 2.60 VND with a trading volume of 3,900 shares."
2025-07-10 14:00:00,2.5,2.5,2.5,2.5,3300,CIP,"At 2025-07-10 14:00:00, the stock CIP opened at 2.50 VND, reached a high of 2.50 VND, a low of 2.50 VND, and closed the hour at 2.50 VND with a trading volume of 3,300 shares."
2025-07-11 09:00:00,2.6,2.6,2.6,2.6,100,CIP,"At 2025-07-11 09:00:00, the stock CIP opened at 2.60 VND, reached a high of 2.60 VND, a low of 2.60 VND, and closed the hour at 2.60 VND with a trading volume of 100 shares."
2025-07-14 09:00:00,2.6,2.6,2.6,2.6,18600,CIP,"At 2025-07-14 09:00:00, the stock CIP opened at 2.60 VND, reached a high of 2.60 VND, a low of 2.60 VND, and closed the hour at 2.60 VND with a trading volume of 18,600 shares."
2025-07-14 14:00:00,2.6,2.6,2.6,2.6,28500,CIP,"At 2025-07-14 14:00:00, the stock CIP opened at 2.60 VND, reached a high of 2.60 VND, a low of 2.60 VND, and closed the hour at 2.60 VND with a trading volume of 28,500 shares."
2025-07-15 09:00:00,2.7,2.7,2.7,2.7,1500,CIP,"At 2025-07-15 09:00:00, the stock CIP opened at 2.70 VND, reached a high of 2.70 VND, a low of 2.70 VND, and closed the hour at 2.70 VND with a trading volume of 1,500 shares."
2025-07-16 09:00:00,2.7,2.7,2.7,2.7,300,CIP,"At 2025-07-16 09:00:00, the stock CIP opened at 2.70 VND, reached a high of 2.70 VND, a low of 2.70 VND, and closed the hour at 2.70 VND with a trading volume of 300 shares."
2025-07-16 14:00:00,2.7,2.7,2.7,2.7,500,CIP,"At 2025-07-16 14:00:00, the stock CIP opened at 2.70 VND, reached a high of 2.70 VND, a low of 2.70 VND, and closed the hour at 2.70 VND with a trading volume of 500 shares."
2025-07-17 13:00:00,2.6,2.7,2.6,2.7,2100,CIP,"At 2025-07-17 13:00:00, the stock CIP opened at 2.60 VND, reached a high of 2.70 VND, a low of 2.60 VND, and closed the hour at 2.70 VND with a trading volume of 2,100 shares."
2025-07-17 14:00:00,2.6,2.6,2.6,2.6,61000,CIP,"At 2025-07-17 14:00:00, the stock CIP opened at 2.60 VND, reached a high of 2.60 VND, a low of 2.60 VND, and closed the hour at 2.60 VND with a trading volume of 61,000 shares."
2025-07-21 09:00:00,2.6,2.6,2.6,2.6,100,CIP,"At 2025-07-21 09:00:00, the stock CIP opened at 2.60 VND, reached a high of 2.60 VND, a low of 2.60 VND, and closed the hour at 2.60 VND with a trading volume of 100 shares."
2025-07-22 11:00:00,2.7,2.7,2.6,2.6,900,CIP,"At 2025-07-22 11:00:00, the stock CIP opened at 2.70 VND, reached a high of 2.70 VND, a low of 2.60 VND, and closed the hour at 2.60 VND with a trading volume of 900 shares."
2025-07-23 11:00:00,2.6,2.6,2.6,2.6,1000,CIP,"At 2025-07-23 11:00:00, the stock CIP opened at 2.60 VND, reached a high of 2.60 VND, a low of 2.60 VND, and closed the hour at 2.60 VND with a trading volume of 1,000 shares."
2025-07-24 10:00:00,2.7,2.8,2.7,2.8,17400,CIP,"At 2025-07-24 10:00:00, the stock CIP opened at 2.70 VND, reached a high of 2.80 VND, a low of 2.70 VND, and closed the hour at 2.80 VND with a trading volume of 17,400 shares."
2025-07-24 11:00:00,2.8,2.8,2.8,2.8,1000,CIP,"At 2025-07-24 11:00:00, the stock CIP opened at 2.80 VND, reached a high of 2.80 VND, a low of 2.80 VND, and closed the hour at 2.80 VND with a trading volume of 1,000 shares."
2025-07-24 13:00:00,2.8,2.8,2.8,2.8,100,CIP,"At 2025-07-24 13:00:00, the stock CIP opened at 2.80 VND, reached a high of 2.80 VND, a low of 2.80 VND, and closed the hour at 2.80 VND with a trading volume of 100 shares."
2025-07-25 10:00:00,2.7,2.7,2.7,2.7,1000,CIP,"At 2025-07-25 10:00:00, the stock CIP opened at 2.70 VND, reached a high of 2.70 VND, a low of 2.70 VND, and closed the hour at 2.70 VND with a trading volume of 1,000 shares."
2025-07-25 14:00:00,2.8,2.8,2.8,2.8,100,CIP,"At 2025-07-25 14:00:00, the stock CIP opened at 2.80 VND, reached a high of 2.80 VND, a low of 2.80 VND, and closed the hour at 2.80 VND with a trading volume of 100 shares."
2025-07-28 09:00:00,2.8,2.8,2.8,2.8,3100,CIP,"At 2025-07-28 09:00:00, the stock CIP opened at 2.80 VND, reached a high of 2.80 VND, a low of 2.80 VND, and closed the hour at 2.80 VND with a trading volume of 3,100 shares."
2025-07-28 10:00:00,2.8,2.8,2.8,2.8,500,CIP,"At 2025-07-28 10:00:00, the stock CIP opened at 2.80 VND, reached a high of 2.80 VND, a low of 2.80 VND, and closed the hour at 2.80 VND with a trading volume of 500 shares."
2025-07-28 11:00:00,2.8,2.8,2.8,2.8,7700,CIP,"At 2025-07-28 11:00:00, the stock CIP opened at 2.80 VND, reached a high of 2.80 VND, a low of 2.80 VND, and closed the hour at 2.80 VND with a trading volume of 7,700 shares."
2025-07-28 13:00:00,2.8,2.8,2.7,2.7,4000,CIP,"At 2025-07-28 13:00:00, the stock CIP opened at 2.80 VND, reached a high of 2.80 VND, a low of 2.70 VND, and closed the hour at 2.70 VND with a trading volume of 4,000 shares."
2025-07-28 14:00:00,2.8,2.8,2.8,2.8,200,CIP,"At 2025-07-28 14:00:00, the stock CIP opened at 2.80 VND, reached a high of 2.80 VND, a low of 2.80 VND, and closed the hour at 2.80 VND with a trading volume of 200 shares."
2025-07-29 09:00:00,2.8,3.2,2.8,2.9,34800,CIP,"At 2025-07-29 09:00:00, the stock CIP opened at 2.80 VND, reached a high of 3.20 VND, a low of 2.80 VND, and closed the hour at 2.90 VND with a trading volume of 34,800 shares."
2025-07-29 10:00:00,2.8,2.8,2.8,2.8,8200,CIP,"At 2025-07-29 10:00:00, the stock CIP opened at 2.80 VND, reached a high of 2.80 VND, a low of 2.80 VND, and closed the hour at 2.80 VND with a trading volume of 8,200 shares."
2025-07-29 11:00:00,2.8,2.8,2.8,2.8,12000,CIP,"At 2025-07-29 11:00:00, the stock CIP opened at 2.80 VND, reached a high of 2.80 VND, a low of 2.80 VND, and closed the hour at 2.80 VND with a trading volume of 12,000 shares."
2025-07-30 09:00:00,3.2,3.2,3.2,3.2,4500,CIP,"At 2025-07-30 09:00:00, the stock CIP opened at 3.20 VND, reached a high of 3.20 VND, a low of 3.20 VND, and closed the hour at 3.20 VND with a trading volume of 4,500 shares."
2025-07-30 13:00:00,3.1,3.2,3.1,3.1,1200,CIP,"At 2025-07-30 13:00:00, the stock CIP opened at 3.10 VND, reached a high of 3.20 VND, a low of 3.10 VND, and closed the hour at 3.10 VND with a trading volume of 1,200 shares."
2025-07-31 09:00:00,2.8,2.8,2.8,2.8,8000,CIP,"At 2025-07-31 09:00:00, the stock CIP opened at 2.80 VND, reached a high of 2.80 VND, a low of 2.80 VND, and closed the hour at 2.80 VND with a trading volume of 8,000 shares."
2025-07-31 10:00:00,2.9,3.1,2.8,3.1,9500,CIP,"At 2025-07-31 10:00:00, the stock CIP opened at 2.90 VND, reached a high of 3.10 VND, a low of 2.80 VND, and closed the hour at 3.10 VND with a trading volume of 9,500 shares."
2025-07-31 11:00:00,3.0,3.2,3.0,3.2,10000,CIP,"At 2025-07-31 11:00:00, the stock CIP opened at 3.00 VND, reached a high of 3.20 VND, a low of 3.00 VND, and closed the hour at 3.20 VND with a trading volume of 10,000 shares."
2025-07-31 13:00:00,2.8,2.8,2.8,2.8,2200,CIP,"At 2025-07-31 13:00:00, the stock CIP opened at 2.80 VND, reached a high of 2.80 VND, a low of 2.80 VND, and closed the hour at 2.80 VND with a trading volume of 2,200 shares."
2025-07-31 14:00:00,2.8,2.8,2.8,2.8,1500,CIP,"At 2025-07-31 14:00:00, the stock CIP opened at 2.80 VND, reached a high of 2.80 VND, a low of 2.80 VND, and closed the hour at 2.80 VND with a trading volume of 1,500 shares."
2025-08-01 09:00:00,2.6,2.8,2.6,2.8,9100,CIP,"At 2025-08-01 09:00:00, the stock CIP opened at 2.60 VND, reached a high of 2.80 VND, a low of 2.60 VND, and closed the hour at 2.80 VND with a trading volume of 9,100 shares."
2025-08-01 13:00:00,2.7,2.7,2.6,2.6,5200,CIP,"At 2025-08-01 13:00:00, the stock CIP opened at 2.70 VND, reached a high of 2.70 VND, a low of 2.60 VND, and closed the hour at 2.60 VND with a trading volume of 5,200 shares."
2025-08-01 14:00:00,2.7,2.7,2.7,2.7,9900,CIP,"At 2025-08-01 14:00:00, the stock CIP opened at 2.70 VND, reached a high of 2.70 VND, a low of 2.70 VND, and closed the hour at 2.70 VND with a trading volume of 9,900 shares."
2025-08-04 09:00:00,2.7,2.7,2.7,2.7,100,CIP,"At 2025-08-04 09:00:00, the stock CIP opened at 2.70 VND, reached a high of 2.70 VND, a low of 2.70 VND, and closed the hour at 2.70 VND with a trading volume of 100 shares."
2025-08-04 10:00:00,2.7,2.7,2.7,2.7,3900,CIP,"At 2025-08-04 10:00:00, the stock CIP opened at 2.70 VND, reached a high of 2.70 VND, a low of 2.70 VND, and closed the hour at 2.70 VND with a trading volume of 3,900 shares."
2025-08-04 11:00:00,2.7,2.7,2.7,2.7,1600,CIP,"At 2025-08-04 11:00:00, the stock CIP opened at 2.70 VND, reached a high of 2.70 VND, a low of 2.70 VND, and closed the hour at 2.70 VND with a trading volume of 1,600 shares."
2025-08-04 14:00:00,2.7,2.7,2.7,2.7,3800,CIP,"At 2025-08-04 14:00:00, the stock CIP opened at 2.70 VND, reached a high of 2.70 VND, a low of 2.70 VND, and closed the hour at 2.70 VND with a trading volume of 3,800 shares."
2025-08-05 09:00:00,2.7,2.7,2.7,2.7,1400,CIP,"At 2025-08-05 09:00:00, the stock CIP opened at 2.70 VND, reached a high of 2.70 VND, a low of 2.70 VND, and closed the hour at 2.70 VND with a trading volume of 1,400 shares."
2025-08-05 10:00:00,2.7,2.7,2.7,2.7,100,CIP,"At 2025-08-05 10:00:00, the stock CIP opened at 2.70 VND, reached a high of 2.70 VND, a low of 2.70 VND, and closed the hour at 2.70 VND with a trading volume of 100 shares."
2025-08-05 11:00:00,2.7,2.7,2.6,2.6,800,CIP,"At 2025-08-05 11:00:00, the stock CIP opened at 2.70 VND, reached a high of 2.70 VND, a low of 2.60 VND, and closed the hour at 2.60 VND with a trading volume of 800 shares."
2025-08-05 13:00:00,2.7,2.7,2.6,2.6,700,CIP,"At 2025-08-05 13:00:00, the stock CIP opened at 2.70 VND, reached a high of 2.70 VND, a low of 2.60 VND, and closed the hour at 2.60 VND with a trading volume of 700 shares."
2025-08-05 14:00:00,2.6,2.6,2.6,2.6,2800,CIP,"At 2025-08-05 14:00:00, the stock CIP opened at 2.60 VND, reached a high of 2.60 VND, a low of 2.60 VND, and closed the hour at 2.60 VND with a trading volume of 2,800 shares."
2025-08-06 09:00:00,2.7,2.7,2.7,2.7,100,CIP,"At 2025-08-06 09:00:00, the stock CIP opened at 2.70 VND, reached a high of 2.70 VND, a low of 2.70 VND, and closed the hour at 2.70 VND with a trading volume of 100 shares."
2025-08-06 10:00:00,2.7,2.8,2.7,2.7,4100,CIP,"At 2025-08-06 10:00:00, the stock CIP opened at 2.70 VND, reached a high of 2.80 VND, a low of 2.70 VND, and closed the hour at 2.70 VND with a trading volume of 4,100 shares."
2025-08-06 11:00:00,2.7,2.7,2.7,2.7,100,CIP,"At 2025-08-06 11:00:00, the stock CIP opened at 2.70 VND, reached a high of 2.70 VND, a low of 2.70 VND, and closed the hour at 2.70 VND with a trading volume of 100 shares."
2025-08-06 13:00:00,2.7,2.7,2.7,2.7,1000,CIP,"At 2025-08-06 13:00:00, the stock CIP opened at 2.70 VND, reached a high of 2.70 VND, a low of 2.70 VND, and closed the hour at 2.70 VND with a trading volume of 1,000 shares."
2025-08-07 11:00:00,2.6,2.6,2.6,2.6,2000,CIP,"At 2025-08-07 11:00:00, the stock CIP opened at 2.60 VND, reached a high of 2.60 VND, a low of 2.60 VND, and closed the hour at 2.60 VND with a trading volume of 2,000 shares."
2025-08-07 13:00:00,2.6,2.6,2.6,2.6,7800,CIP,"At 2025-08-07 13:00:00, the stock CIP opened at 2.60 VND, reached a high of 2.60 VND, a low of 2.60 VND, and closed the hour at 2.60 VND with a trading volume of 7,800 shares."
2025-08-07 14:00:00,2.6,2.6,2.6,2.6,2800,CIP,"At 2025-08-07 14:00:00, the stock CIP opened at 2.60 VND, reached a high of 2.60 VND, a low of 2.60 VND, and closed the hour at 2.60 VND with a trading volume of 2,800 shares."
2025-08-08 09:00:00,2.6,2.6,2.6,2.6,11300,CIP,"At 2025-08-08 09:00:00, the stock CIP opened at 2.60 VND, reached a high of 2.60 VND, a low of 2.60 VND, and closed the hour at 2.60 VND with a trading volume of 11,300 shares."
2025-08-08 11:00:00,2.6,2.6,2.6,2.6,600,CIP,"At 2025-08-08 11:00:00, the stock CIP opened at 2.60 VND, reached a high of 2.60 VND, a low of 2.60 VND, and closed the hour at 2.60 VND with a trading volume of 600 shares."
2025-08-08 13:00:00,2.6,2.6,2.6,2.6,800,CIP,"At 2025-08-08 13:00:00, the stock CIP opened at 2.60 VND, reached a high of 2.60 VND, a low of 2.60 VND, and closed the hour at 2.60 VND with a trading volume of 800 shares."
2025-08-08 14:00:00,2.6,2.6,2.6,2.6,100,CIP,"At 2025-08-08 14:00:00, the stock CIP opened at 2.60 VND, reached a high of 2.60 VND, a low of 2.60 VND, and closed the hour at 2.60 VND with a trading volume of 100 shares."
2025-08-11 09:00:00,2.6,2.6,2.6,2.6,500,CIP,"At 2025-08-11 09:00:00, the stock CIP opened at 2.60 VND, reached a high of 2.60 VND, a low of 2.60 VND, and closed the hour at 2.60 VND with a trading volume of 500 shares."
2025-08-11 10:00:00,2.6,2.6,2.6,2.6,700,CIP,"At 2025-08-11 10:00:00, the stock CIP opened at 2.60 VND, reached a high of 2.60 VND, a low of 2.60 VND, and closed the hour at 2.60 VND with a trading volume of 700 shares."
2025-08-12 09:00:00,2.6,2.6,2.6,2.6,3000,CIP,"At 2025-08-12 09:00:00, the stock CIP opened at 2.60 VND, reached a high of 2.60 VND, a low of 2.60 VND, and closed the hour at 2.60 VND with a trading volume of 3,000 shares."
2025-08-13 09:00:00,2.6,2.6,2.6,2.6,500,CIP,"At 2025-08-13 09:00:00, the stock CIP opened at 2.60 VND, reached a high of 2.60 VND, a low of 2.60 VND, and closed the hour at 2.60 VND with a trading volume of 500 shares."
2025-08-14 10:00:00,2.6,2.6,2.6,2.6,100,CIP,"At 2025-08-14 10:00:00, the stock CIP opened at 2.60 VND, reached a high of 2.60 VND, a low of 2.60 VND, and closed the hour at 2.60 VND with a trading volume of 100 shares."
2025-08-14 13:00:00,2.6,2.6,2.6,2.6,4000,CIP,"At 2025-08-14 13:00:00, the stock CIP opened at 2.60 VND, reached a high of 2.60 VND, a low of 2.60 VND, and closed the hour at 2.60 VND with a trading volume of 4,000 shares."
2025-08-18 13:00:00,2.6,2.6,2.6,2.6,100,CIP,"At 2025-08-18 13:00:00, the stock CIP opened at 2.60 VND, reached a high of 2.60 VND, a low of 2.60 VND, and closed the hour at 2.60 VND with a trading volume of 100 shares."
2025-08-19 11:00:00,2.7,2.7,2.7,2.7,100,CIP,"At 2025-08-19 11:00:00, the stock CIP opened at 2.70 VND, reached a high of 2.70 VND, a low of 2.70 VND, and closed the hour at 2.70 VND with a trading volume of 100 shares."
2025-08-19 13:00:00,2.7,2.7,2.7,2.7,100,CIP,"At 2025-08-19 13:00:00, the stock CIP opened at 2.70 VND, reached a high of 2.70 VND, a low of 2.70 VND, and closed the hour at 2.70 VND with a trading volume of 100 shares."
2025-08-20 09:00:00,2.7,2.7,2.7,2.7,100,CIP,"At 2025-08-20 09:00:00, the stock CIP opened at 2.70 VND, reached a high of 2.70 VND, a low of 2.70 VND, and closed the hour at 2.70 VND with a trading volume of 100 shares."
2025-08-20 10:00:00,2.7,2.7,2.6,2.6,13000,CIP,"At 2025-08-20 10:00:00, the stock CIP opened at 2.70 VND, reached a high of 2.70 VND, a low of 2.60 VND, and closed the hour at 2.60 VND with a trading volume of 13,000 shares."
2025-08-21 09:00:00,2.6,2.7,2.6,2.7,300,CIP,"At 2025-08-21 09:00:00, the stock CIP opened at 2.60 VND, reached a high of 2.70 VND, a low of 2.60 VND, and closed the hour at 2.70 VND with a trading volume of 300 shares."
2025-08-21 10:00:00,2.7,2.7,2.7,2.7,200,CIP,"At 2025-08-21 10:00:00, the stock CIP opened at 2.70 VND, reached a high of 2.70 VND, a low of 2.70 VND, and closed the hour at 2.70 VND with a trading volume of 200 shares."
2025-08-21 11:00:00,2.7,2.7,2.7,2.7,500,CIP,"At 2025-08-21 11:00:00, the stock CIP opened at 2.70 VND, reached a high of 2.70 VND, a low of 2.70 VND, and closed the hour at 2.70 VND with a trading volume of 500 shares."
2025-08-22 14:00:00,2.6,2.6,2.6,2.6,5000,CIP,"At 2025-08-22 14:00:00, the stock CIP opened at 2.60 VND, reached a high of 2.60 VND, a low of 2.60 VND, and closed the hour at 2.60 VND with a trading volume of 5,000 shares."
2025-08-25 09:00:00,2.6,2.6,2.6,2.6,15000,CIP,"At 2025-08-25 09:00:00, the stock CIP opened at 2.60 VND, reached a high of 2.60 VND, a low of 2.60 VND, and closed the hour at 2.60 VND with a trading volume of 15,000 shares."
2025-08-25 11:00:00,2.6,2.6,2.6,2.6,4600,CIP,"At 2025-08-25 11:00:00, the stock CIP opened at 2.60 VND, reached a high of 2.60 VND, a low of 2.60 VND, and closed the hour at 2.60 VND with a trading volume of 4,600 shares."
2025-08-25 13:00:00,2.6,2.6,2.6,2.6,500,CIP,"At 2025-08-25 13:00:00, the stock CIP opened at 2.60 VND, reached a high of 2.60 VND, a low of 2.60 VND, and closed the hour at 2.60 VND with a trading volume of 500 shares."
2025-08-26 09:00:00,2.6,2.6,2.6,2.6,11400,CIP,"At 2025-08-26 09:00:00, the stock CIP opened at 2.60 VND, reached a high of 2.60 VND, a low of 2.60 VND, and closed the hour at 2.60 VND with a trading volume of 11,400 shares."
2025-08-26 13:00:00,2.6,2.6,2.6,2.6,100,CIP,"At 2025-08-26 13:00:00, the stock CIP opened at 2.60 VND, reached a high of 2.60 VND, a low of 2.60 VND, and closed the hour at 2.60 VND with a trading volume of 100 shares."
2025-08-27 09:00:00,2.6,2.6,2.6,2.6,8300,CIP,"At 2025-08-27 09:00:00, the stock CIP opened at 2.60 VND, reached a high of 2.60 VND, a low of 2.60 VND, and closed the hour at 2.60 VND with a trading volume of 8,300 shares."
2025-08-29 09:00:00,2.7,2.7,2.7,2.7,1000,CIP,"At 2025-08-29 09:00:00, the stock CIP opened at 2.70 VND, reached a high of 2.70 VND, a low of 2.70 VND, and closed the hour at 2.70 VND with a trading volume of 1,000 shares."
2025-08-29 13:00:00,2.7,2.7,2.7,2.7,300,CIP,"At 2025-08-29 13:00:00, the stock CIP opened at 2.70 VND, reached a high of 2.70 VND, a low of 2.70 VND, and closed the hour at 2.70 VND with a trading volume of 300 shares."
2025-09-04 09:00:00,2.7,2.7,2.7,2.7,9000,CIP,"At 2025-09-04 09:00:00, the stock CIP opened at 2.70 VND, reached a high of 2.70 VND, a low of 2.70 VND, and closed the hour at 2.70 VND with a trading volume of 9,000 shares."
2025-09-04 10:00:00,2.7,2.7,2.7,2.7,100,CIP,"At 2025-09-04 10:00:00, the stock CIP opened at 2.70 VND, reached a high of 2.70 VND, a low of 2.70 VND, and closed the hour at 2.70 VND with a trading volume of 100 shares."
2025-09-04 14:00:00,2.6,2.6,2.6,2.6,700,CIP,"At 2025-09-04 14:00:00, the stock CIP opened at 2.60 VND, reached a high of 2.60 VND, a low of 2.60 VND, and closed the hour at 2.60 VND with a trading volume of 700 shares."
2025-09-08 09:00:00,2.7,2.7,2.7,2.7,100,CIP,"At 2025-09-08 09:00:00, the stock CIP opened at 2.70 VND, reached a high of 2.70 VND, a low of 2.70 VND, and closed the hour at 2.70 VND with a trading volume of 100 shares."
2025-09-08 10:00:00,2.6,2.6,2.6,2.6,7000,CIP,"At 2025-09-08 10:00:00, the stock CIP opened at 2.60 VND, reached a high of 2.60 VND, a low of 2.60 VND, and closed the hour at 2.60 VND with a trading volume of 7,000 shares."
2025-09-08 14:00:00,2.6,2.6,2.6,2.6,100,CIP,"At 2025-09-08 14:00:00, the stock CIP opened at 2.60 VND, reached a high of 2.60 VND, a low of 2.60 VND, and closed the hour at 2.60 VND with a trading volume of 100 shares."
2025-09-10 09:00:00,2.6,2.6,2.6,2.6,5200,CIP,"At 2025-09-10 09:00:00, the stock CIP opened at 2.60 VND, reached a high of 2.60 VND, a low of 2.60 VND, and closed the hour at 2.60 VND with a trading volume of 5,200 shares."
2025-09-11 11:00:00,2.6,2.6,2.6,2.6,1000,CIP,"At 2025-09-11 11:00:00, the stock CIP opened at 2.60 VND, reached a high of 2.60 VND, a low of 2.60 VND, and closed the hour at 2.60 VND with a trading volume of 1,000 shares."
2025-09-12 09:00:00,2.6,2.6,2.6,2.6,100,CIP,"At 2025-09-12 09:00:00, the stock CIP opened at 2.60 VND, reached a high of 2.60 VND, a low of 2.60 VND, and closed the hour at 2.60 VND with a trading volume of 100 shares."
2025-09-12 10:00:00,2.6,2.6,2.6,2.6,400,CIP,"At 2025-09-12 10:00:00, the stock CIP opened at 2.60 VND, reached a high of 2.60 VND, a low of 2.60 VND, and closed the hour at 2.60 VND with a trading volume of 400 shares."
2025-09-12 13:00:00,2.6,2.6,2.6,2.6,200,CIP,"At 2025-09-12 13:00:00, the stock CIP opened at 2.60 VND, reached a high of 2.60 VND, a low of 2.60 VND, and closed the hour at 2.60 VND with a trading volume of 200 shares."
2025-09-16 14:00:00,2.6,2.6,2.6,2.6,100,CIP,"At 2025-09-16 14:00:00, the stock CIP opened at 2.60 VND, reached a high of 2.60 VND, a low of 2.60 VND, and closed the hour at 2.60 VND with a trading volume of 100 shares."
2025-09-17 09:00:00,2.6,2.6,2.6,2.6,10100,CIP,"At 2025-09-17 09:00:00, the stock CIP opened at 2.60 VND, reached a high of 2.60 VND, a low of 2.60 VND, and closed the hour at 2.60 VND with a trading volume of 10,100 shares."
2025-09-17 10:00:00,2.6,2.6,2.6,2.6,100,CIP,"At 2025-09-17 10:00:00, the stock CIP opened at 2.60 VND, reached a high of 2.60 VND, a low of 2.60 VND, and closed the hour at 2.60 VND with a trading volume of 100 shares."
2025-09-22 09:00:00,2.6,2.6,2.6,2.6,3700,CIP,"At 2025-09-22 09:00:00, the stock CIP opened at 2.60 VND, reached a high of 2.60 VND, a low of 2.60 VND, and closed the hour at 2.60 VND with a trading volume of 3,700 shares."
2025-09-22 11:00:00,2.6,2.6,2.6,2.6,10000,CIP,"At 2025-09-22 11:00:00, the stock CIP opened at 2.60 VND, reached a high of 2.60 VND, a low of 2.60 VND, and closed the hour at 2.60 VND with a trading volume of 10,000 shares."
2025-09-25 10:00:00,2.7,2.7,2.7,2.7,1000,CIP,"At 2025-09-25 10:00:00, the stock CIP opened at 2.70 VND, reached a high of 2.70 VND, a low of 2.70 VND, and closed the hour at 2.70 VND with a trading volume of 1,000 shares."
2025-09-25 13:00:00,2.7,2.7,2.7,2.7,1600,CIP,"At 2025-09-25 13:00:00, the stock CIP opened at 2.70 VND, reached a high of 2.70 VND, a low of 2.70 VND, and closed the hour at 2.70 VND with a trading volume of 1,600 shares."
2025-09-26 09:00:00,2.7,2.7,2.7,2.7,1000,CIP,"At 2025-09-26 09:00:00, the stock CIP opened at 2.70 VND, reached a high of 2.70 VND, a low of 2.70 VND, and closed the hour at 2.70 VND with a trading volume of 1,000 shares."
2025-09-29 10:00:00,2.7,2.7,2.7,2.7,900,CIP,"At 2025-09-29 10:00:00, the stock CIP opened at 2.70 VND, reached a high of 2.70 VND, a low of 2.70 VND, and closed the hour at 2.70 VND with a trading volume of 900 shares."
2025-09-30 09:00:00,2.5,2.7,2.5,2.7,6000,CIP,"At 2025-09-30 09:00:00, the stock CIP opened at 2.50 VND, reached a high of 2.70 VND, a low of 2.50 VND, and closed the hour at 2.70 VND with a trading volume of 6,000 shares."
2025-09-30 14:00:00,2.8,2.8,2.8,2.8,100,CIP,"At 2025-09-30 14:00:00, the stock CIP opened at 2.80 VND, reached a high of 2.80 VND, a low of 2.80 VND, and closed the hour at 2.80 VND with a trading volume of 100 shares."
2025-10-01 13:00:00,2.7,2.8,2.7,2.8,600,CIP,"At 2025-10-01 13:00:00, the stock CIP opened at 2.70 VND, reached a high of 2.80 VND, a low of 2.70 VND, and closed the hour at 2.80 VND with a trading volume of 600 shares."
2025-10-02 09:00:00,3.2,3.2,3.2,3.2,109500,CIP,"At 2025-10-02 09:00:00, the stock CIP opened at 3.20 VND, reached a high of 3.20 VND, a low of 3.20 VND, and closed the hour at 3.20 VND with a trading volume of 109,500 shares."
2025-10-02 10:00:00,3.2,3.2,3.2,3.2,10500,CIP,"At 2025-10-02 10:00:00, the stock CIP opened at 3.20 VND, reached a high of 3.20 VND, a low of 3.20 VND, and closed the hour at 3.20 VND with a trading volume of 10,500 shares."
2025-10-02 11:00:00,3.2,3.2,3.2,3.2,6000,CIP,"At 2025-10-02 11:00:00, the stock CIP opened at 3.20 VND, reached a high of 3.20 VND, a low of 3.20 VND, and closed the hour at 3.20 VND with a trading volume of 6,000 shares."
2025-10-02 13:00:00,3.2,3.2,3.2,3.2,6000,CIP,"At 2025-10-02 13:00:00, the stock CIP opened at 3.20 VND, reached a high of 3.20 VND, a low of 3.20 VND, and closed the hour at 3.20 VND with a trading volume of 6,000 shares."
2025-10-03 09:00:00,3.6,3.6,3.6,3.6,7100,CIP,"At 2025-10-03 09:00:00, the stock CIP opened at 3.60 VND, reached a high of 3.60 VND, a low of 3.60 VND, and closed the hour at 3.60 VND with a trading volume of 7,100 shares."
2025-10-03 10:00:00,3.6,3.6,3.6,3.6,1100,CIP,"At 2025-10-03 10:00:00, the stock CIP opened at 3.60 VND, reached a high of 3.60 VND, a low of 3.60 VND, and closed the hour at 3.60 VND with a trading volume of 1,100 shares."
2025-10-03 11:00:00,3.6,3.6,3.6,3.6,1100,CIP,"At 2025-10-03 11:00:00, the stock CIP opened at 3.60 VND, reached a high of 3.60 VND, a low of 3.60 VND, and closed the hour at 3.60 VND with a trading volume of 1,100 shares."
2025-10-03 13:00:00,3.6,3.6,3.6,3.6,1500,CIP,"At 2025-10-03 13:00:00, the stock CIP opened at 3.60 VND, reached a high of 3.60 VND, a low of 3.60 VND, and closed the hour at 3.60 VND with a trading volume of 1,500 shares."
2025-10-06 09:00:00,3.9,3.9,3.1,3.1,2100,CIP,"At 2025-10-06 09:00:00, the stock CIP opened at 3.90 VND, reached a high of 3.90 VND, a low of 3.10 VND, and closed the hour at 3.10 VND with a trading volume of 2,100 shares."
2025-10-06 10:00:00,3.7,3.8,3.7,3.8,300,CIP,"At 2025-10-06 10:00:00, the stock CIP opened at 3.70 VND, reached a high of 3.80 VND, a low of 3.70 VND, and closed the hour at 3.80 VND with a trading volume of 300 shares."
2025-10-06 13:00:00,3.1,3.1,3.1,3.1,2100,CIP,"At 2025-10-06 13:00:00, the stock CIP opened at 3.10 VND, reached a high of 3.10 VND, a low of 3.10 VND, and closed the hour at 3.10 VND with a trading volume of 2,100 shares."
2025-10-07 09:00:00,3.0,3.0,3.0,3.0,7000,CIP,"At 2025-10-07 09:00:00, the stock CIP opened at 3.00 VND, reached a high of 3.00 VND, a low of 3.00 VND, and closed the hour at 3.00 VND with a trading volume of 7,000 shares."
2025-10-07 10:00:00,3.0,3.0,3.0,3.0,1000,CIP,"At 2025-10-07 10:00:00, the stock CIP opened at 3.00 VND, reached a high of 3.00 VND, a low of 3.00 VND, and closed the hour at 3.00 VND with a trading volume of 1,000 shares."
2025-10-07 11:00:00,3.0,3.0,3.0,3.0,100,CIP,"At 2025-10-07 11:00:00, the stock CIP opened at 3.00 VND, reached a high of 3.00 VND, a low of 3.00 VND, and closed the hour at 3.00 VND with a trading volume of 100 shares."
2025-10-07 13:00:00,3.0,3.0,3.0,3.0,32600,CIP,"At 2025-10-07 13:00:00, the stock CIP opened at 3.00 VND, reached a high of 3.00 VND, a low of 3.00 VND, and closed the hour at 3.00 VND with a trading volume of 32,600 shares."
2025-10-08 09:00:00,2.7,2.7,2.7,2.7,2900,CIP,"At 2025-10-08 09:00:00, the stock CIP opened at 2.70 VND, reached a high of 2.70 VND, a low of 2.70 VND, and closed the hour at 2.70 VND with a trading volume of 2,900 shares."
2025-10-08 10:00:00,2.7,2.7,2.7,2.7,1000,CIP,"At 2025-10-08 10:00:00, the stock CIP opened at 2.70 VND, reached a high of 2.70 VND, a low of 2.70 VND, and closed the hour at 2.70 VND with a trading volume of 1,000 shares."
2025-10-08 13:00:00,2.7,2.7,2.7,2.7,400,CIP,"At 2025-10-08 13:00:00, the stock CIP opened at 2.70 VND, reached a high of 2.70 VND, a low of 2.70 VND, and closed the hour at 2.70 VND with a trading volume of 400 shares."
2025-10-08 14:00:00,2.7,2.7,2.6,2.6,12800,CIP,"At 2025-10-08 14:00:00, the stock CIP opened at 2.70 VND, reached a high of 2.70 VND, a low of 2.60 VND, and closed the hour at 2.60 VND with a trading volume of 12,800 shares."
2025-10-09 09:00:00,2.6,2.6,2.6,2.6,6900,CIP,"At 2025-10-09 09:00:00, the stock CIP opened at 2.60 VND, reached a high of 2.60 VND, a low of 2.60 VND, and closed the hour at 2.60 VND with a trading volume of 6,900 shares."
2025-10-09 10:00:00,2.7,2.7,2.7,2.7,400,CIP,"At 2025-10-09 10:00:00, the stock CIP opened at 2.70 VND, reached a high of 2.70 VND, a low of 2.70 VND, and closed the hour at 2.70 VND with a trading volume of 400 shares."
2025-10-09 13:00:00,2.7,2.7,2.7,2.7,200,CIP,"At 2025-10-09 13:00:00, the stock CIP opened at 2.70 VND, reached a high of 2.70 VND, a low of 2.70 VND, and closed the hour at 2.70 VND with a trading volume of 200 shares."
2025-10-09 14:00:00,2.7,2.7,2.7,2.7,100,CIP,"At 2025-10-09 14:00:00, the stock CIP opened at 2.70 VND, reached a high of 2.70 VND, a low of 2.70 VND, and closed the hour at 2.70 VND with a trading volume of 100 shares."
2025-10-10 09:00:00,2.7,2.7,2.7,2.7,100,CIP,"At 2025-10-10 09:00:00, the stock CIP opened at 2.70 VND, reached a high of 2.70 VND, a low of 2.70 VND, and closed the hour at 2.70 VND with a trading volume of 100 shares."
2025-10-10 10:00:00,2.7,2.7,2.7,2.7,900,CIP,"At 2025-10-10 10:00:00, the stock CIP opened at 2.70 VND, reached a high of 2.70 VND, a low of 2.70 VND, and closed the hour at 2.70 VND with a trading volume of 900 shares."
2025-10-10 13:00:00,2.6,2.6,2.4,2.5,34200,CIP,"At 2025-10-10 13:00:00, the stock CIP opened at 2.60 VND, reached a high of 2.60 VND, a low of 2.40 VND, and closed the hour at 2.50 VND with a trading volume of 34,200 shares."
2025-10-10 14:00:00,2.5,2.5,2.5,2.5,5700,CIP,"At 2025-10-10 14:00:00, the stock CIP opened at 2.50 VND, reached a high of 2.50 VND, a low of 2.50 VND, and closed the hour at 2.50 VND with a trading volume of 5,700 shares."
2025-10-13 09:00:00,2.4,2.4,2.4,2.4,200,CIP,"At 2025-10-13 09:00:00, the stock CIP opened at 2.40 VND, reached a high of 2.40 VND, a low of 2.40 VND, and closed the hour at 2.40 VND with a trading volume of 200 shares."
2025-10-13 10:00:00,2.5,2.5,2.5,2.5,100,CIP,"At 2025-10-13 10:00:00, the stock CIP opened at 2.50 VND, reached a high of 2.50 VND, a low of 2.50 VND, and closed the hour at 2.50 VND with a trading volume of 100 shares."
2025-10-13 13:00:00,2.4,2.4,2.4,2.4,100,CIP,"At 2025-10-13 13:00:00, the stock CIP opened at 2.40 VND, reached a high of 2.40 VND, a low of 2.40 VND, and closed the hour at 2.40 VND with a trading volume of 100 shares."
2025-10-14 09:00:00,2.5,2.5,2.4,2.4,3100,CIP,"At 2025-10-14 09:00:00, the stock CIP opened at 2.50 VND, reached a high of 2.50 VND, a low of 2.40 VND, and closed the hour at 2.40 VND with a trading volume of 3,100 shares."
2025-10-14 10:00:00,2.6,2.6,2.6,2.6,200,CIP,"At 2025-10-14 10:00:00, the stock CIP opened at 2.60 VND, reached a high of 2.60 VND, a low of 2.60 VND, and closed the hour at 2.60 VND with a trading volume of 200 shares."
2025-10-14 13:00:00,2.4,2.4,2.4,2.4,13700,CIP,"At 2025-10-14 13:00:00, the stock CIP opened at 2.40 VND, reached a high of 2.40 VND, a low of 2.40 VND, and closed the hour at 2.40 VND with a trading volume of 13,700 shares."
2025-10-14 14:00:00,2.4,2.4,2.3,2.4,14900,CIP,"At 2025-10-14 14:00:00, the stock CIP opened at 2.40 VND, reached a high of 2.40 VND, a low of 2.30 VND, and closed the hour at 2.40 VND with a trading volume of 14,900 shares."
2025-10-15 09:00:00,2.4,2.4,2.4,2.4,600,CIP,"At 2025-10-15 09:00:00, the stock CIP opened at 2.40 VND, reached a high of 2.40 VND, a low of 2.40 VND, and closed the hour at 2.40 VND with a trading volume of 600 shares."
2025-10-15 14:00:00,2.4,2.4,2.4,2.4,12000,CIP,"At 2025-10-15 14:00:00, the stock CIP opened at 2.40 VND, reached a high of 2.40 VND, a low of 2.40 VND, and closed the hour at 2.40 VND with a trading volume of 12,000 shares."
2025-10-16 09:00:00,2.5,2.5,2.5,2.5,100,CIP,"At 2025-10-16 09:00:00, the stock CIP opened at 2.50 VND, reached a high of 2.50 VND, a low of 2.50 VND, and closed the hour at 2.50 VND with a trading volume of 100 shares."
2025-10-16 10:00:00,2.4,2.4,2.4,2.4,1900,CIP,"At 2025-10-16 10:00:00, the stock CIP opened at 2.40 VND, reached a high of 2.40 VND, a low of 2.40 VND, and closed the hour at 2.40 VND with a trading volume of 1,900 shares."
2025-10-17 09:00:00,2.5,2.5,2.5,2.5,100,CIP,"At 2025-10-17 09:00:00, the stock CIP opened at 2.50 VND, reached a high of 2.50 VND, a low of 2.50 VND, and closed the hour at 2.50 VND with a trading volume of 100 shares."
2025-10-17 14:00:00,2.4,2.4,2.4,2.4,100,CIP,"At 2025-10-17 14:00:00, the stock CIP opened at 2.40 VND, reached a high of 2.40 VND, a low of 2.40 VND, and closed the hour at 2.40 VND with a trading volume of 100 shares."
2025-10-20 11:00:00,2.4,2.4,2.4,2.4,200,CIP,"At 2025-10-20 11:00:00, the stock CIP opened at 2.40 VND, reached a high of 2.40 VND, a low of 2.40 VND, and closed the hour at 2.40 VND with a trading volume of 200 shares."
2025-10-20 13:00:00,2.4,2.4,2.4,2.4,200,CIP,"At 2025-10-20 13:00:00, the stock CIP opened at 2.40 VND, reached a high of 2.40 VND, a low of 2.40 VND, and closed the hour at 2.40 VND with a trading volume of 200 shares."
2025-10-20 14:00:00,2.5,2.5,2.5,2.5,100,CIP,"At 2025-10-20 14:00:00, the stock CIP opened at 2.50 VND, reached a high of 2.50 VND, a low of 2.50 VND, and closed the hour at 2.50 VND with a trading volume of 100 shares."
2025-10-21 09:00:00,2.5,2.5,2.5,2.5,200,CIP,"At 2025-10-21 09:00:00, the stock CIP opened at 2.50 VND, reached a high of 2.50 VND, a low of 2.50 VND, and closed the hour at 2.50 VND with a trading volume of 200 shares."
2025-10-21 10:00:00,2.4,2.4,2.4,2.4,2500,CIP,"At 2025-10-21 10:00:00, the stock CIP opened at 2.40 VND, reached a high of 2.40 VND, a low of 2.40 VND, and closed the hour at 2.40 VND with a trading volume of 2,500 shares."
2025-10-22 14:00:00,2.4,2.4,2.4,2.4,14000,CIP,"At 2025-10-22 14:00:00, the stock CIP opened at 2.40 VND, reached a high of 2.40 VND, a low of 2.40 VND, and closed the hour at 2.40 VND with a trading volume of 14,000 shares."
2025-10-24 09:00:00,2.4,2.4,2.4,2.4,300,CIP,"At 2025-10-24 09:00:00, the stock CIP opened at 2.40 VND, reached a high of 2.40 VND, a low of 2.40 VND, and closed the hour at 2.40 VND with a trading volume of 300 shares."
2025-10-27 09:00:00,2.5,2.6,2.5,2.6,6600,CIP,"At 2025-10-27 09:00:00, the stock CIP opened at 2.50 VND, reached a high of 2.60 VND, a low of 2.50 VND, and closed the hour at 2.60 VND with a trading volume of 6,600 shares."
2025-10-27 13:00:00,2.6,2.6,2.6,2.6,100,CIP,"At 2025-10-27 13:00:00, the stock CIP opened at 2.60 VND, reached a high of 2.60 VND, a low of 2.60 VND, and closed the hour at 2.60 VND with a trading volume of 100 shares."
2025-10-28 13:00:00,2.5,2.5,2.5,2.5,4400,CIP,"At 2025-10-28 13:00:00, the stock CIP opened at 2.50 VND, reached a high of 2.50 VND, a low of 2.50 VND, and closed the hour at 2.50 VND with a trading volume of 4,400 shares."
2025-10-29 14:00:00,2.4,2.4,2.4,2.4,600,CIP,"At 2025-10-29 14:00:00, the stock CIP opened at 2.40 VND, reached a high of 2.40 VND, a low of 2.40 VND, and closed the hour at 2.40 VND with a trading volume of 600 shares."
2025-10-30 09:00:00,2.5,2.5,2.5,2.5,3000,CIP,"At 2025-10-30 09:00:00, the stock CIP opened at 2.50 VND, reached a high of 2.50 VND, a low of 2.50 VND, and closed the hour at 2.50 VND with a trading volume of 3,000 shares."
2025-10-30 10:00:00,2.5,2.5,2.5,2.5,100,CIP,"At 2025-10-30 10:00:00, the stock CIP opened at 2.50 VND, reached a high of 2.50 VND, a low of 2.50 VND, and closed the hour at 2.50 VND with a trading volume of 100 shares."
2025-10-30 14:00:00,2.5,2.5,2.5,2.5,100,CIP,"At 2025-10-30 14:00:00, the stock CIP opened at 2.50 VND, reached a high of 2.50 VND, a low of 2.50 VND, and closed the hour at 2.50 VND with a trading volume of 100 shares."
2025-10-31 09:00:00,2.5,2.5,2.5,2.5,200,CIP,"At 2025-10-31 09:00:00, the stock CIP opened at 2.50 VND, reached a high of 2.50 VND, a low of 2.50 VND, and closed the hour at 2.50 VND with a trading volume of 200 shares."
2025-11-03 13:00:00,2.5,2.5,2.5,2.5,1000,CIP,"At 2025-11-03 13:00:00, the stock CIP opened at 2.50 VND, reached a high of 2.50 VND, a low of 2.50 VND, and closed the hour at 2.50 VND with a trading volume of 1,000 shares."
2025-11-06 10:00:00,2.5,2.5,2.5,2.5,2100,CIP,"At 2025-11-06 10:00:00, the stock CIP opened at 2.50 VND, reached a high of 2.50 VND, a low of 2.50 VND, and closed the hour at 2.50 VND with a trading volume of 2,100 shares."
2025-11-06 11:00:00,2.5,2.5,2.5,2.5,700,CIP,"At 2025-11-06 11:00:00, the stock CIP opened at 2.50 VND, reached a high of 2.50 VND, a low of 2.50 VND, and closed the hour at 2.50 VND with a trading volume of 700 shares."
2025-11-07 13:00:00,2.6,2.6,2.6,2.6,100,CIP,"At 2025-11-07 13:00:00, the stock CIP opened at 2.60 VND, reached a high of 2.60 VND, a low of 2.60 VND, and closed the hour at 2.60 VND with a trading volume of 100 shares."
2025-11-10 14:00:00,2.5,2.5,2.5,2.5,1400,CIP,"At 2025-11-10 14:00:00, the stock CIP opened at 2.50 VND, reached a high of 2.50 VND, a low of 2.50 VND, and closed the hour at 2.50 VND with a trading volume of 1,400 shares."
2025-11-11 09:00:00,2.6,2.6,2.6,2.6,2000,CIP,"At 2025-11-11 09:00:00, the stock CIP opened at 2.60 VND, reached a high of 2.60 VND, a low of 2.60 VND, and closed the hour at 2.60 VND with a trading volume of 2,000 shares."
2025-11-11 14:00:00,2.6,2.6,2.6,2.6,100,CIP,"At 2025-11-11 14:00:00, the stock CIP opened at 2.60 VND, reached a high of 2.60 VND, a low of 2.60 VND, and closed the hour at 2.60 VND with a trading volume of 100 shares."
2025-11-13 14:00:00,2.6,2.6,2.6,2.6,500,CIP,"At 2025-11-13 14:00:00, the stock CIP opened at 2.60 VND, reached a high of 2.60 VND, a low of 2.60 VND, and closed the hour at 2.60 VND with a trading volume of 500 shares."
2025-11-14 09:00:00,2.5,2.5,2.5,2.5,300,CIP,"At 2025-11-14 09:00:00, the stock CIP opened at 2.50 VND, reached a high of 2.50 VND, a low of 2.50 VND, and closed the hour at 2.50 VND with a trading volume of 300 shares."
2025-11-14 10:00:00,2.6,2.6,2.6,2.6,100,CIP,"At 2025-11-14 10:00:00, the stock CIP opened at 2.60 VND, reached a high of 2.60 VND, a low of 2.60 VND, and closed the hour at 2.60 VND with a trading volume of 100 shares."
2025-11-14 11:00:00,2.6,2.6,2.6,2.6,300,CIP,"At 2025-11-14 11:00:00, the stock CIP opened at 2.60 VND, reached a high of 2.60 VND, a low of 2.60 VND, and closed the hour at 2.60 VND with a trading volume of 300 shares."
2025-11-14 14:00:00,2.5,2.5,2.5,2.5,1000,CIP,"At 2025-11-14 14:00:00, the stock CIP opened at 2.50 VND, reached a high of 2.50 VND, a low of 2.50 VND, and closed the hour at 2.50 VND with a trading volume of 1,000 shares."
2025-11-17 10:00:00,2.5,2.5,2.5,2.5,200,CIP,"At 2025-11-17 10:00:00, the stock CIP opened at 2.50 VND, reached a high of 2.50 VND, a low of 2.50 VND, and closed the hour at 2.50 VND with a trading volume of 200 shares."
2025-11-18 13:00:00,2.5,2.5,2.5,2.5,800,CIP,"At 2025-11-18 13:00:00, the stock CIP opened at 2.50 VND, reached a high of 2.50 VND, a low of 2.50 VND, and closed the hour at 2.50 VND with a trading volume of 800 shares."
2025-11-24 10:00:00,2.5,2.5,2.5,2.5,1000,CIP,"At 2025-11-24 10:00:00, the stock CIP opened at 2.50 VND, reached a high of 2.50 VND, a low of 2.50 VND, and closed the hour at 2.50 VND with a trading volume of 1,000 shares."
2025-12-02 09:00:00,2.5,2.5,2.5,2.5,1300,CIP,"At 2025-12-02 09:00:00, the stock CIP opened at 2.50 VND, reached a high of 2.50 VND, a low of 2.50 VND, and closed the hour at 2.50 VND with a trading volume of 1,300 shares."
2025-12-04 09:00:00,2.6,2.6,2.6,2.6,100,CIP,"At 2025-12-04 09:00:00, the stock CIP opened at 2.60 VND, reached a high of 2.60 VND, a low of 2.60 VND, and closed the hour at 2.60 VND with a trading volume of 100 shares."
2025-12-04 13:00:00,2.5,2.5,2.5,2.5,600,CIP,"At 2025-12-04 13:00:00, the stock CIP opened at 2.50 VND, reached a high of 2.50 VND, a low of 2.50 VND, and closed the hour at 2.50 VND with a trading volume of 600 shares."
2025-12-05 13:00:00,2.4,2.4,2.4,2.4,1000,CIP,"At 2025-12-05 13:00:00, the stock CIP opened at 2.40 VND, reached a high of 2.40 VND, a low of 2.40 VND, and closed the hour at 2.40 VND with a trading volume of 1,000 shares."
2025-12-08 11:00:00,2.5,2.5,2.5,2.5,100,CIP,"At 2025-12-08 11:00:00, the stock CIP opened at 2.50 VND, reached a high of 2.50 VND, a low of 2.50 VND, and closed the hour at 2.50 VND with a trading volume of 100 shares."
2025-12-08 13:00:00,2.5,2.5,2.5,2.5,900,CIP,"At 2025-12-08 13:00:00, the stock CIP opened at 2.50 VND, reached a high of 2.50 VND, a low of 2.50 VND, and closed the hour at 2.50 VND with a trading volume of 900 shares."
2025-12-10 14:00:00,2.5,2.5,2.5,2.5,100,CIP,"At 2025-12-10 14:00:00, the stock CIP opened at 2.50 VND, reached a high of 2.50 VND, a low of 2.50 VND, and closed the hour at 2.50 VND with a trading volume of 100 shares."
2025-12-11 09:00:00,2.5,2.5,2.5,2.5,500,CIP,"At 2025-12-11 09:00:00, the stock CIP opened at 2.50 VND, reached a high of 2.50 VND, a low of 2.50 VND, and closed the hour at 2.50 VND with a trading volume of 500 shares."
2025-12-12 13:00:00,2.5,2.5,2.5,2.5,300,CIP,"At 2025-12-12 13:00:00, the stock CIP opened at 2.50 VND, reached a high of 2.50 VND, a low of 2.50 VND, and closed the hour at 2.50 VND with a trading volume of 300 shares."
2025-12-16 14:00:00,2.5,2.5,2.5,2.5,2000,CIP,"At 2025-12-16 14:00:00, the stock CIP opened at 2.50 VND, reached a high of 2.50 VND, a low of 2.50 VND, and closed the hour at 2.50 VND with a trading volume of 2,000 shares."
2025-12-17 09:00:00,2.5,2.5,2.5,2.5,3000,CIP,"At 2025-12-17 09:00:00, the stock CIP opened at 2.50 VND, reached a high of 2.50 VND, a low of 2.50 VND, and closed the hour at 2.50 VND with a trading volume of 3,000 shares."
2025-12-19 09:00:00,2.5,2.5,2.5,2.5,5000,CIP,"At 2025-12-19 09:00:00, the stock CIP opened at 2.50 VND, reached a high of 2.50 VND, a low of 2.50 VND, and closed the hour at 2.50 VND with a trading volume of 5,000 shares."
2025-12-29 13:00:00,2.5,2.5,2.5,2.5,100,CIP,"At 2025-12-29 13:00:00, the stock CIP opened at 2.50 VND, reached a high of 2.50 VND, a low of 2.50 VND, and closed the hour at 2.50 VND with a trading volume of 100 shares."
2026-01-05 09:00:00,2.5,2.5,2.5,2.5,20000,CIP,"At 2026-01-05 09:00:00, the stock CIP opened at 2.50 VND, reached a high of 2.50 VND, a low of 2.50 VND, and closed the hour at 2.50 VND with a trading volume of 20,000 shares."
2026-01-07 10:00:00,2.6,2.6,2.6,2.6,100,CIP,"At 2026-01-07 10:00:00, the stock CIP opened at 2.60 VND, reached a high of 2.60 VND, a low of 2.60 VND, and closed the hour at 2.60 VND with a trading volume of 100 shares."
2026-01-07 14:00:00,2.5,2.5,2.5,2.5,1000,CIP,"At 2026-01-07 14:00:00, the stock CIP opened at 2.50 VND, reached a high of 2.50 VND, a low of 2.50 VND, and closed the hour at 2.50 VND with a trading volume of 1,000 shares."
2026-01-09 11:00:00,2.5,2.5,2.5,2.5,100,CIP,"At 2026-01-09 11:00:00, the stock CIP opened at 2.50 VND, reached a high of 2.50 VND, a low of 2.50 VND, and closed the hour at 2.50 VND with a trading volume of 100 shares."
2026-01-12 10:00:00,2.5,2.6,2.5,2.6,23100,CIP,"At 2026-01-12 10:00:00, the stock CIP opened at 2.50 VND, reached a high of 2.60 VND, a low of 2.50 VND, and closed the hour at 2.60 VND with a trading volume of 23,100 shares."
2026-01-12 13:00:00,2.6,2.6,2.6,2.6,4700,CIP,"At 2026-01-12 13:00:00, the stock CIP opened at 2.60 VND, reached a high of 2.60 VND, a low of 2.60 VND, and closed the hour at 2.60 VND with a trading volume of 4,700 shares."
2026-01-13 14:00:00,2.6,2.6,2.5,2.5,300,CIP,"At 2026-01-13 14:00:00, the stock CIP opened at 2.60 VND, reached a high of 2.60 VND, a low of 2.50 VND, and closed the hour at 2.50 VND with a trading volume of 300 shares."
2026-01-14 09:00:00,2.8,2.8,2.8,2.8,52800,CIP,"At 2026-01-14 09:00:00, the stock CIP opened at 2.80 VND, reached a high of 2.80 VND, a low of 2.80 VND, and closed the hour at 2.80 VND with a trading volume of 52,800 shares."
2026-01-14 10:00:00,2.8,2.8,2.8,2.8,21600,CIP,"At 2026-01-14 10:00:00, the stock CIP opened at 2.80 VND, reached a high of 2.80 VND, a low of 2.80 VND, and closed the hour at 2.80 VND with a trading volume of 21,600 shares."
2026-01-14 11:00:00,2.8,2.8,2.8,2.8,4500,CIP,"At 2026-01-14 11:00:00, the stock CIP opened at 2.80 VND, reached a high of 2.80 VND, a low of 2.80 VND, and closed the hour at 2.80 VND with a trading volume of 4,500 shares."
2026-01-14 13:00:00,2.8,2.8,2.8,2.8,6200,CIP,"At 2026-01-14 13:00:00, the stock CIP opened at 2.80 VND, reached a high of 2.80 VND, a low of 2.80 VND, and closed the hour at 2.80 VND with a trading volume of 6,200 shares."
2026-01-14 14:00:00,2.8,2.8,2.8,2.8,23400,CIP,"At 2026-01-14 14:00:00, the stock CIP opened at 2.80 VND, reached a high of 2.80 VND, a low of 2.80 VND, and closed the hour at 2.80 VND with a trading volume of 23,400 shares."
2026-01-15 09:00:00,3.1,3.2,2.8,3.2,21300,CIP,"At 2026-01-15 09:00:00, the stock CIP opened at 3.10 VND, reached a high of 3.20 VND, a low of 2.80 VND, and closed the hour at 3.20 VND with a trading volume of 21,300 shares."
2026-01-15 10:00:00,3.1,3.1,2.8,2.8,1600,CIP,"At 2026-01-15 10:00:00, the stock CIP opened at 3.10 VND, reached a high of 3.10 VND, a low of 2.80 VND, and closed the hour at 2.80 VND with a trading volume of 1,600 shares."
2026-01-15 13:00:00,2.7,2.7,2.7,2.7,8400,CIP,"At 2026-01-15 13:00:00, the stock CIP opened at 2.70 VND, reached a high of 2.70 VND, a low of 2.70 VND, and closed the hour at 2.70 VND with a trading volume of 8,400 shares."
2026-01-15 14:00:00,2.7,2.7,2.7,2.7,3200,CIP,"At 2026-01-15 14:00:00, the stock CIP opened at 2.70 VND, reached a high of 2.70 VND, a low of 2.70 VND, and closed the hour at 2.70 VND with a trading volume of 3,200 shares."
2026-01-16 10:00:00,2.9,2.9,2.9,2.9,100,CIP,"At 2026-01-16 10:00:00, the stock CIP opened at 2.90 VND, reached a high of 2.90 VND, a low of 2.90 VND, and closed the hour at 2.90 VND with a trading volume of 100 shares."
2026-01-16 11:00:00,2.8,2.8,2.8,2.8,200,CIP,"At 2026-01-16 11:00:00, the stock CIP opened at 2.80 VND, reached a high of 2.80 VND, a low of 2.80 VND, and closed the hour at 2.80 VND with a trading volume of 200 shares."
2026-01-16 13:00:00,2.8,2.8,2.4,2.4,19600,CIP,"At 2026-01-16 13:00:00, the stock CIP opened at 2.80 VND, reached a high of 2.80 VND, a low of 2.40 VND, and closed the hour at 2.40 VND with a trading volume of 19,600 shares."
2026-01-16 14:00:00,2.5,2.5,2.5,2.5,4700,CIP,"At 2026-01-16 14:00:00, the stock CIP opened at 2.50 VND, reached a high of 2.50 VND, a low of 2.50 VND, and closed the hour at 2.50 VND with a trading volume of 4,700 shares."
2026-01-19 09:00:00,2.4,2.4,2.4,2.4,5500,CIP,"At 2026-01-19 09:00:00, the stock CIP opened at 2.40 VND, reached a high of 2.40 VND, a low of 2.40 VND, and closed the hour at 2.40 VND with a trading volume of 5,500 shares."
2026-01-19 10:00:00,2.4,2.4,2.4,2.4,4800,CIP,"At 2026-01-19 10:00:00, the stock CIP opened at 2.40 VND, reached a high of 2.40 VND, a low of 2.40 VND, and closed the hour at 2.40 VND with a trading volume of 4,800 shares."
2026-01-19 13:00:00,2.4,2.4,2.4,2.4,3500,CIP,"At 2026-01-19 13:00:00, the stock CIP opened at 2.40 VND, reached a high of 2.40 VND, a low of 2.40 VND, and closed the hour at 2.40 VND with a trading volume of 3,500 shares."
2026-01-19 14:00:00,2.4,2.5,2.4,2.5,6900,CIP,"At 2026-01-19 14:00:00, the stock CIP opened at 2.40 VND, reached a high of 2.50 VND, a low of 2.40 VND, and closed the hour at 2.50 VND with a trading volume of 6,900 shares."
2026-01-20 09:00:00,2.5,2.5,2.4,2.4,400,CIP,"At 2026-01-20 09:00:00, the stock CIP opened at 2.50 VND, reached a high of 2.50 VND, a low of 2.40 VND, and closed the hour at 2.40 VND with a trading volume of 400 shares."
2026-01-20 11:00:00,2.5,2.5,2.5,2.5,15200,CIP,"At 2026-01-20 11:00:00, the stock CIP opened at 2.50 VND, reached a high of 2.50 VND, a low of 2.50 VND, and closed the hour at 2.50 VND with a trading volume of 15,200 shares."
2026-01-20 13:00:00,2.5,2.5,2.5,2.5,3800,CIP,"At 2026-01-20 13:00:00, the stock CIP opened at 2.50 VND, reached a high of 2.50 VND, a low of 2.50 VND, and closed the hour at 2.50 VND with a trading volume of 3,800 shares."
2026-01-20 14:00:00,2.5,2.5,2.5,2.5,1000,CIP,"At 2026-01-20 14:00:00, the stock CIP opened at 2.50 VND, reached a high of 2.50 VND, a low of 2.50 VND, and closed the hour at 2.50 VND with a trading volume of 1,000 shares."
2026-01-21 14:00:00,2.4,2.4,2.4,2.4,5900,CIP,"At 2026-01-21 14:00:00, the stock CIP opened at 2.40 VND, reached a high of 2.40 VND, a low of 2.40 VND, and closed the hour at 2.40 VND with a trading volume of 5,900 shares."
2026-01-22 09:00:00,2.4,2.4,2.4,2.4,200,CIP,"At 2026-01-22 09:00:00, the stock CIP opened at 2.40 VND, reached a high of 2.40 VND, a low of 2.40 VND, and closed the hour at 2.40 VND with a trading volume of 200 shares."
2026-01-22 10:00:00,2.4,2.4,2.4,2.4,7600,CIP,"At 2026-01-22 10:00:00, the stock CIP opened at 2.40 VND, reached a high of 2.40 VND, a low of 2.40 VND, and closed the hour at 2.40 VND with a trading volume of 7,600 shares."
2026-01-22 14:00:00,2.4,2.4,2.4,2.4,1800,CIP,"At 2026-01-22 14:00:00, the stock CIP opened at 2.40 VND, reached a high of 2.40 VND, a low of 2.40 VND, and closed the hour at 2.40 VND with a trading volume of 1,800 shares."
2026-01-23 09:00:00,2.4,2.4,2.4,2.4,3500,CIP,"At 2026-01-23 09:00:00, the stock CIP opened at 2.40 VND, reached a high of 2.40 VND, a low of 2.40 VND, and closed the hour at 2.40 VND with a trading volume of 3,500 shares."
2026-01-23 14:00:00,2.4,2.4,2.4,2.4,1500,CIP,"At 2026-01-23 14:00:00, the stock CIP opened at 2.40 VND, reached a high of 2.40 VND, a low of 2.40 VND, and closed the hour at 2.40 VND with a trading volume of 1,500 shares."
2026-01-26 09:00:00,2.4,2.4,2.4,2.4,600,CIP,"At 2026-01-26 09:00:00, the stock CIP opened at 2.40 VND, reached a high of 2.40 VND, a low of 2.40 VND, and closed the hour at 2.40 VND with a trading volume of 600 shares."
2026-01-26 10:00:00,2.4,2.4,2.4,2.4,2100,CIP,"At 2026-01-26 10:00:00, the stock CIP opened at 2.40 VND, reached a high of 2.40 VND, a low of 2.40 VND, and closed the hour at 2.40 VND with a trading volume of 2,100 shares."
2026-01-26 13:00:00,2.5,2.5,2.5,2.5,200,CIP,"At 2026-01-26 13:00:00, the stock CIP opened at 2.50 VND, reached a high of 2.50 VND, a low of 2.50 VND, and closed the hour at 2.50 VND with a trading volume of 200 shares."
2026-01-26 14:00:00,2.5,2.5,2.5,2.5,100,CIP,"At 2026-01-26 14:00:00, the stock CIP opened at 2.50 VND, reached a high of 2.50 VND, a low of 2.50 VND, and closed the hour at 2.50 VND with a trading volume of 100 shares."
2026-01-27 09:00:00,2.4,2.4,2.4,2.4,10200,CIP,"At 2026-01-27 09:00:00, the stock CIP opened at 2.40 VND, reached a high of 2.40 VND, a low of 2.40 VND, and closed the hour at 2.40 VND with a trading volume of 10,200 shares."
2026-01-27 10:00:00,2.4,2.4,2.4,2.4,18000,CIP,"At 2026-01-27 10:00:00, the stock CIP opened at 2.40 VND, reached a high of 2.40 VND, a low of 2.40 VND, and closed the hour at 2.40 VND with a trading volume of 18,000 shares."
2026-01-27 11:00:00,2.4,2.4,2.4,2.4,3600,CIP,"At 2026-01-27 11:00:00, the stock CIP opened at 2.40 VND, reached a high of 2.40 VND, a low of 2.40 VND, and closed the hour at 2.40 VND with a trading volume of 3,600 shares."
2026-01-28 13:00:00,2.4,2.4,2.4,2.4,100,CIP,"At 2026-01-28 13:00:00, the stock CIP opened at 2.40 VND, reached a high of 2.40 VND, a low of 2.40 VND, and closed the hour at 2.40 VND with a trading volume of 100 shares."
2026-01-29 10:00:00,2.4,2.4,2.4,2.4,3000,CIP,"At 2026-01-29 10:00:00, the stock CIP opened at 2.40 VND, reached a high of 2.40 VND, a low of 2.40 VND, and closed the hour at 2.40 VND with a trading volume of 3,000 shares."
2026-01-29 11:00:00,2.4,2.4,2.4,2.4,500,CIP,"At 2026-01-29 11:00:00, the stock CIP opened at 2.40 VND, reached a high of 2.40 VND, a low of 2.40 VND, and closed the hour at 2.40 VND with a trading volume of 500 shares."
2026-01-30 09:00:00,2.4,2.4,2.4,2.4,300,CIP,"At 2026-01-30 09:00:00, the stock CIP opened at 2.40 VND, reached a high of 2.40 VND, a low of 2.40 VND, and closed the hour at 2.40 VND with a trading volume of 300 shares."
2026-01-30 13:00:00,2.4,2.4,2.4,2.4,400,CIP,"At 2026-01-30 13:00:00, the stock CIP opened at 2.40 VND, reached a high of 2.40 VND, a low of 2.40 VND, and closed the hour at 2.40 VND with a trading volume of 400 shares."
2026-01-30 14:00:00,2.5,2.5,2.5,2.5,100,CIP,"At 2026-01-30 14:00:00, the stock CIP opened at 2.50 VND, reached a high of 2.50 VND, a low of 2.50 VND, and closed the hour at 2.50 VND with a trading volume of 100 shares."
2026-02-02 09:00:00,2.4,2.4,2.4,2.4,5000,CIP,"At 2026-02-02 09:00:00, the stock CIP opened at 2.40 VND, reached a high of 2.40 VND, a low of 2.40 VND, and closed the hour at 2.40 VND with a trading volume of 5,000 shares."
2026-02-02 11:00:00,2.4,2.4,2.4,2.4,600,CIP,"At 2026-02-02 11:00:00, the stock CIP opened at 2.40 VND, reached a high of 2.40 VND, a low of 2.40 VND, and closed the hour at 2.40 VND with a trading volume of 600 shares."
2026-02-03 09:00:00,2.4,2.4,2.4,2.4,3300,CIP,"At 2026-02-03 09:00:00, the stock CIP opened at 2.40 VND, reached a high of 2.40 VND, a low of 2.40 VND, and closed the hour at 2.40 VND with a trading volume of 3,300 shares."
2026-02-03 13:00:00,2.4,2.4,2.4,2.4,2100,CIP,"At 2026-02-03 13:00:00, the stock CIP opened at 2.40 VND, reached a high of 2.40 VND, a low of 2.40 VND, and closed the hour at 2.40 VND with a trading volume of 2,100 shares."
2026-02-03 14:00:00,2.4,2.4,2.4,2.4,2000,CIP,"At 2026-02-03 14:00:00, the stock CIP opened at 2.40 VND, reached a high of 2.40 VND, a low of 2.40 VND, and closed the hour at 2.40 VND with a trading volume of 2,000 shares."
2026-02-04 10:00:00,2.4,2.4,2.4,2.4,500,CIP,"At 2026-02-04 10:00:00, the stock CIP opened at 2.40 VND, reached a high of 2.40 VND, a low of 2.40 VND, and closed the hour at 2.40 VND with a trading volume of 500 shares."
2026-02-05 09:00:00,2.4,2.4,2.4,2.4,6000,CIP,"At 2026-02-05 09:00:00, the stock CIP opened at 2.40 VND, reached a high of 2.40 VND, a low of 2.40 VND, and closed the hour at 2.40 VND with a trading volume of 6,000 shares."
2026-02-06 10:00:00,2.4,2.4,2.4,2.4,400,CIP,"At 2026-02-06 10:00:00, the stock CIP opened at 2.40 VND, reached a high of 2.40 VND, a low of 2.40 VND, and closed the hour at 2.40 VND with a trading volume of 400 shares."
2026-02-09 11:00:00,2.4,2.4,2.4,2.4,100,CIP,"At 2026-02-09 11:00:00, the stock CIP opened at 2.40 VND, reached a high of 2.40 VND, a low of 2.40 VND, and closed the hour at 2.40 VND with a trading volume of 100 shares."
2026-02-10 14:00:00,2.5,2.5,2.5,2.5,100,CIP,"At 2026-02-10 14:00:00, the stock CIP opened at 2.50 VND, reached a high of 2.50 VND, a low of 2.50 VND, and closed the hour at 2.50 VND with a trading volume of 100 shares."
2026-02-12 14:00:00,2.4,2.4,2.4,2.4,200,CIP,"At 2026-02-12 14:00:00, the stock CIP opened at 2.40 VND, reached a high of 2.40 VND, a low of 2.40 VND, and closed the hour at 2.40 VND with a trading volume of 200 shares."
2026-02-13 09:00:00,2.7,2.7,2.7,2.7,11200,CIP,"At 2026-02-13 09:00:00, the stock CIP opened at 2.70 VND, reached a high of 2.70 VND, a low of 2.70 VND, and closed the hour at 2.70 VND with a trading volume of 11,200 shares."
2026-02-13 10:00:00,2.7,2.7,2.5,2.7,1400,CIP,"At 2026-02-13 10:00:00, the stock CIP opened at 2.70 VND, reached a high of 2.70 VND, a low of 2.50 VND, and closed the hour at 2.70 VND with a trading volume of 1,400 shares."
2026-02-13 13:00:00,2.5,2.5,2.5,2.5,100,CIP,"At 2026-02-13 13:00:00, the stock CIP opened at 2.50 VND, reached a high of 2.50 VND, a low of 2.50 VND, and closed the hour at 2.50 VND with a trading volume of 100 shares."
2026-02-24 09:00:00,2.5,2.5,2.5,2.5,2000,CIP,"At 2026-02-24 09:00:00, the stock CIP opened at 2.50 VND, reached a high of 2.50 VND, a low of 2.50 VND, and closed the hour at 2.50 VND with a trading volume of 2,000 shares."
2026-02-24 10:00:00,2.5,2.6,2.5,2.6,300,CIP,"At 2026-02-24 10:00:00, the stock CIP opened at 2.50 VND, reached a high of 2.60 VND, a low of 2.50 VND, and closed the hour at 2.60 VND with a trading volume of 300 shares."
2026-02-24 14:00:00,2.4,2.4,2.4,2.4,3700,CIP,"At 2026-02-24 14:00:00, the stock CIP opened at 2.40 VND, reached a high of 2.40 VND, a low of 2.40 VND, and closed the hour at 2.40 VND with a trading volume of 3,700 shares."
2026-02-25 09:00:00,2.4,2.4,2.4,2.4,100,CIP,"At 2026-02-25 09:00:00, the stock CIP opened at 2.40 VND, reached a high of 2.40 VND, a low of 2.40 VND, and closed the hour at 2.40 VND with a trading volume of 100 shares."
2026-02-25 14:00:00,2.4,2.4,2.4,2.4,300,CIP,"At 2026-02-25 14:00:00, the stock CIP opened at 2.40 VND, reached a high of 2.40 VND, a low of 2.40 VND, and closed the hour at 2.40 VND with a trading volume of 300 shares."
2026-02-26 09:00:00,2.7,2.7,2.6,2.7,8400,CIP,"At 2026-02-26 09:00:00, the stock CIP opened at 2.70 VND, reached a high of 2.70 VND, a low of 2.60 VND, and closed the hour at 2.70 VND with a trading volume of 8,400 shares."
2026-02-26 10:00:00,2.7,2.7,2.7,2.7,22900,CIP,"At 2026-02-26 10:00:00, the stock CIP opened at 2.70 VND, reached a high of 2.70 VND, a low of 2.70 VND, and closed the hour at 2.70 VND with a trading volume of 22,900 shares."
2026-02-26 11:00:00,2.7,2.7,2.7,2.7,4100,CIP,"At 2026-02-26 11:00:00, the stock CIP opened at 2.70 VND, reached a high of 2.70 VND, a low of 2.70 VND, and closed the hour at 2.70 VND with a trading volume of 4,100 shares."
2026-02-26 13:00:00,2.7,2.7,2.6,2.7,8400,CIP,"At 2026-02-26 13:00:00, the stock CIP opened at 2.70 VND, reached a high of 2.70 VND, a low of 2.60 VND, and closed the hour at 2.70 VND with a trading volume of 8,400 shares."
2026-02-26 14:00:00,2.7,2.7,2.7,2.7,9200,CIP,"At 2026-02-26 14:00:00, the stock CIP opened at 2.70 VND, reached a high of 2.70 VND, a low of 2.70 VND, and closed the hour at 2.70 VND with a trading volume of 9,200 shares."
2026-02-27 09:00:00,2.8,2.8,2.8,2.8,8400,CIP,"At 2026-02-27 09:00:00, the stock CIP opened at 2.80 VND, reached a high of 2.80 VND, a low of 2.80 VND, and closed the hour at 2.80 VND with a trading volume of 8,400 shares."
2026-02-27 11:00:00,2.8,2.8,2.8,2.8,100,CIP,"At 2026-02-27 11:00:00, the stock CIP opened at 2.80 VND, reached a high of 2.80 VND, a low of 2.80 VND, and closed the hour at 2.80 VND with a trading volume of 100 shares."
2026-02-27 13:00:00,2.6,2.6,2.6,2.6,1100,CIP,"At 2026-02-27 13:00:00, the stock CIP opened at 2.60 VND, reached a high of 2.60 VND, a low of 2.60 VND, and closed the hour at 2.60 VND with a trading volume of 1,100 shares."
2026-02-27 14:00:00,2.6,2.8,2.6,2.8,2100,CIP,"At 2026-02-27 14:00:00, the stock CIP opened at 2.60 VND, reached a high of 2.80 VND, a low of 2.60 VND, and closed the hour at 2.80 VND with a trading volume of 2,100 shares."
2026-03-02 09:00:00,3.0,3.0,3.0,3.0,200,CIP,"At 2026-03-02 09:00:00, the stock CIP opened at 3.00 VND, reached a high of 3.00 VND, a low of 3.00 VND, and closed the hour at 3.00 VND with a trading volume of 200 shares."
2026-03-02 10:00:00,2.5,2.7,2.5,2.7,4000,CIP,"At 2026-03-02 10:00:00, the stock CIP opened at 2.50 VND, reached a high of 2.70 VND, a low of 2.50 VND, and closed the hour at 2.70 VND with a trading volume of 4,000 shares."
2026-03-02 11:00:00,2.4,2.4,2.4,2.4,9300,CIP,"At 2026-03-02 11:00:00, the stock CIP opened at 2.40 VND, reached a high of 2.40 VND, a low of 2.40 VND, and closed the hour at 2.40 VND with a trading volume of 9,300 shares."
2026-03-02 13:00:00,2.4,2.4,2.3,2.4,10900,CIP,"At 2026-03-02 13:00:00, the stock CIP opened at 2.40 VND, reached a high of 2.40 VND, a low of 2.30 VND, and closed the hour at 2.40 VND with a trading volume of 10,900 shares."
2026-03-02 14:00:00,2.4,2.4,2.4,2.4,400,CIP,"At 2026-03-02 14:00:00, the stock CIP opened at 2.40 VND, reached a high of 2.40 VND, a low of 2.40 VND, and closed the hour at 2.40 VND with a trading volume of 400 shares."
2026-03-03 09:00:00,2.4,2.4,2.4,2.4,15600,CIP,"At 2026-03-03 09:00:00, the stock CIP opened at 2.40 VND, reached a high of 2.40 VND, a low of 2.40 VND, and closed the hour at 2.40 VND with a trading volume of 15,600 shares."
2026-03-03 13:00:00,2.4,2.4,2.3,2.3,5200,CIP,"At 2026-03-03 13:00:00, the stock CIP opened at 2.40 VND, reached a high of 2.40 VND, a low of 2.30 VND, and closed the hour at 2.30 VND with a trading volume of 5,200 shares."
2026-03-03 14:00:00,2.3,2.4,2.3,2.4,4200,CIP,"At 2026-03-03 14:00:00, the stock CIP opened at 2.30 VND, reached a high of 2.40 VND, a low of 2.30 VND, and closed the hour at 2.40 VND with a trading volume of 4,200 shares."
2026-03-04 09:00:00,2.3,2.3,2.3,2.3,1500,CIP,"At 2026-03-04 09:00:00, the stock CIP opened at 2.30 VND, reached a high of 2.30 VND, a low of 2.30 VND, and closed the hour at 2.30 VND with a trading volume of 1,500 shares."
2026-03-04 11:00:00,2.4,2.4,2.4,2.4,100,CIP,"At 2026-03-04 11:00:00, the stock CIP opened at 2.40 VND, reached a high of 2.40 VND, a low of 2.40 VND, and closed the hour at 2.40 VND with a trading volume of 100 shares."
2026-03-04 13:00:00,2.3,2.3,2.3,2.3,13400,CIP,"At 2026-03-04 13:00:00, the stock CIP opened at 2.30 VND, reached a high of 2.30 VND, a low of 2.30 VND, and closed the hour at 2.30 VND with a trading volume of 13,400 shares."
2026-03-04 14:00:00,2.4,2.4,2.4,2.4,100,CIP,"At 2026-03-04 14:00:00, the stock CIP opened at 2.40 VND, reached a high of 2.40 VND, a low of 2.40 VND, and closed the hour at 2.40 VND with a trading volume of 100 shares."
2026-03-05 09:00:00,2.4,2.4,2.4,2.4,500,CIP,"At 2026-03-05 09:00:00, the stock CIP opened at 2.40 VND, reached a high of 2.40 VND, a low of 2.40 VND, and closed the hour at 2.40 VND with a trading volume of 500 shares."
2026-03-05 13:00:00,2.4,2.5,2.4,2.4,11600,CIP,"At 2026-03-05 13:00:00, the stock CIP opened at 2.40 VND, reached a high of 2.50 VND, a low of 2.40 VND, and closed the hour at 2.40 VND with a trading volume of 11,600 shares."
2026-03-05 14:00:00,2.4,2.4,2.4,2.4,300,CIP,"At 2026-03-05 14:00:00, the stock CIP opened at 2.40 VND, reached a high of 2.40 VND, a low of 2.40 VND, and closed the hour at 2.40 VND with a trading volume of 300 shares."
2026-03-06 09:00:00,2.3,2.3,2.3,2.3,1600,CIP,"At 2026-03-06 09:00:00, the stock CIP opened at 2.30 VND, reached a high of 2.30 VND, a low of 2.30 VND, and closed the hour at 2.30 VND with a trading volume of 1,600 shares."
2026-03-06 10:00:00,2.3,2.3,2.3,2.3,1100,CIP,"At 2026-03-06 10:00:00, the stock CIP opened at 2.30 VND, reached a high of 2.30 VND, a low of 2.30 VND, and closed the hour at 2.30 VND with a trading volume of 1,100 shares."
2026-03-06 11:00:00,2.3,2.3,2.3,2.3,300,CIP,"At 2026-03-06 11:00:00, the stock CIP opened at 2.30 VND, reached a high of 2.30 VND, a low of 2.30 VND, and closed the hour at 2.30 VND with a trading volume of 300 shares."
2026-03-06 13:00:00,2.4,2.4,2.4,2.4,200,CIP,"At 2026-03-06 13:00:00, the stock CIP opened at 2.40 VND, reached a high of 2.40 VND, a low of 2.40 VND, and closed the hour at 2.40 VND with a trading volume of 200 shares."
2026-03-09 09:00:00,2.3,2.3,2.3,2.3,8900,CIP,"At 2026-03-09 09:00:00, the stock CIP opened at 2.30 VND, reached a high of 2.30 VND, a low of 2.30 VND, and closed the hour at 2.30 VND with a trading volume of 8,900 shares."
2026-03-09 11:00:00,2.3,2.3,2.3,2.3,25000,CIP,"At 2026-03-09 11:00:00, the stock CIP opened at 2.30 VND, reached a high of 2.30 VND, a low of 2.30 VND, and closed the hour at 2.30 VND with a trading volume of 25,000 shares."
2026-03-10 09:00:00,2.0,2.0,2.0,2.0,100,CIP,"At 2026-03-10 09:00:00, the stock CIP opened at 2.00 VND, reached a high of 2.00 VND, a low of 2.00 VND, and closed the hour at 2.00 VND with a trading volume of 100 shares."
2026-03-10 10:00:00,2.3,2.3,2.3,2.3,100,CIP,"At 2026-03-10 10:00:00, the stock CIP opened at 2.30 VND, reached a high of 2.30 VND, a low of 2.30 VND, and closed the hour at 2.30 VND with a trading volume of 100 shares."
2026-03-10 14:00:00,2.3,2.3,2.3,2.3,200,CIP,"At 2026-03-10 14:00:00, the stock CIP opened at 2.30 VND, reached a high of 2.30 VND, a low of 2.30 VND, and closed the hour at 2.30 VND with a trading volume of 200 shares."
2026-03-11 09:00:00,2.5,2.5,2.5,2.5,100,CIP,"At 2026-03-11 09:00:00, the stock CIP opened at 2.50 VND, reached a high of 2.50 VND, a low of 2.50 VND, and closed the hour at 2.50 VND with a trading volume of 100 shares."
2026-03-11 10:00:00,2.5,2.5,2.5,2.5,8300,CIP,"At 2026-03-11 10:00:00, the stock CIP opened at 2.50 VND, reached a high of 2.50 VND, a low of 2.50 VND, and closed the hour at 2.50 VND with a trading volume of 8,300 shares."
2026-03-11 13:00:00,2.5,2.5,2.5,2.5,7300,CIP,"At 2026-03-11 13:00:00, the stock CIP opened at 2.50 VND, reached a high of 2.50 VND, a low of 2.50 VND, and closed the hour at 2.50 VND with a trading volume of 7,300 shares."
2026-03-11 14:00:00,2.5,2.5,2.5,2.5,11500,CIP,"At 2026-03-11 14:00:00, the stock CIP opened at 2.50 VND, reached a high of 2.50 VND, a low of 2.50 VND, and closed the hour at 2.50 VND with a trading volume of 11,500 shares."
2026-03-12 09:00:00,2.7,2.8,2.5,2.5,17600,CIP,"At 2026-03-12 09:00:00, the stock CIP opened at 2.70 VND, reached a high of 2.80 VND, a low of 2.50 VND, and closed the hour at 2.50 VND with a trading volume of 17,600 shares."
2026-03-12 10:00:00,2.5,2.5,2.5,2.5,1400,CIP,"At 2026-03-12 10:00:00, the stock CIP opened at 2.50 VND, reached a high of 2.50 VND, a low of 2.50 VND, and closed the hour at 2.50 VND with a trading volume of 1,400 shares."
2026-03-12 13:00:00,2.5,2.5,2.5,2.5,5000,CIP,"At 2026-03-12 13:00:00, the stock CIP opened at 2.50 VND, reached a high of 2.50 VND, a low of 2.50 VND, and closed the hour at 2.50 VND with a trading volume of 5,000 shares."
2026-03-12 14:00:00,2.5,2.5,2.5,2.5,200,CIP,"At 2026-03-12 14:00:00, the stock CIP opened at 2.50 VND, reached a high of 2.50 VND, a low of 2.50 VND, and closed the hour at 2.50 VND with a trading volume of 200 shares."
2026-03-13 09:00:00,2.9,2.9,2.9,2.9,100,CIP,"At 2026-03-13 09:00:00, the stock CIP opened at 2.90 VND, reached a high of 2.90 VND, a low of 2.90 VND, and closed the hour at 2.90 VND with a trading volume of 100 shares."
2026-03-13 10:00:00,2.5,2.5,2.5,2.5,3000,CIP,"At 2026-03-13 10:00:00, the stock CIP opened at 2.50 VND, reached a high of 2.50 VND, a low of 2.50 VND, and closed the hour at 2.50 VND with a trading volume of 3,000 shares."
2026-03-13 13:00:00,2.3,2.3,2.3,2.3,400,CIP,"At 2026-03-13 13:00:00, the stock CIP opened at 2.30 VND, reached a high of 2.30 VND, a low of 2.30 VND, and closed the hour at 2.30 VND with a trading volume of 400 shares."
2026-03-13 14:00:00,2.3,2.3,2.3,2.3,2100,CIP,"At 2026-03-13 14:00:00, the stock CIP opened at 2.30 VND, reached a high of 2.30 VND, a low of 2.30 VND, and closed the hour at 2.30 VND with a trading volume of 2,100 shares."
2026-03-16 09:00:00,2.3,2.4,2.3,2.4,1400,CIP,"At 2026-03-16 09:00:00, the stock CIP opened at 2.30 VND, reached a high of 2.40 VND, a low of 2.30 VND, and closed the hour at 2.40 VND with a trading volume of 1,400 shares."
2026-03-16 10:00:00,2.3,2.3,2.3,2.3,1600,CIP,"At 2026-03-16 10:00:00, the stock CIP opened at 2.30 VND, reached a high of 2.30 VND, a low of 2.30 VND, and closed the hour at 2.30 VND with a trading volume of 1,600 shares."
2026-03-16 11:00:00,2.3,2.3,2.3,2.3,400,CIP,"At 2026-03-16 11:00:00, the stock CIP opened at 2.30 VND, reached a high of 2.30 VND, a low of 2.30 VND, and closed the hour at 2.30 VND with a trading volume of 400 shares."
2026-03-16 13:00:00,2.3,2.3,2.3,2.3,4000,CIP,"At 2026-03-16 13:00:00, the stock CIP opened at 2.30 VND, reached a high of 2.30 VND, a low of 2.30 VND, and closed the hour at 2.30 VND with a trading volume of 4,000 shares."
2026-03-16 14:00:00,2.3,2.3,2.3,2.3,5200,CIP,"At 2026-03-16 14:00:00, the stock CIP opened at 2.30 VND, reached a high of 2.30 VND, a low of 2.30 VND, and closed the hour at 2.30 VND with a trading volume of 5,200 shares."
2026-03-17 09:00:00,2.3,2.3,2.3,2.3,3700,CIP,"At 2026-03-17 09:00:00, the stock CIP opened at 2.30 VND, reached a high of 2.30 VND, a low of 2.30 VND, and closed the hour at 2.30 VND with a trading volume of 3,700 shares."
2026-03-17 11:00:00,2.3,2.3,2.3,2.3,200,CIP,"At 2026-03-17 11:00:00, the stock CIP opened at 2.30 VND, reached a high of 2.30 VND, a low of 2.30 VND, and closed the hour at 2.30 VND with a trading volume of 200 shares."
2026-03-17 13:00:00,2.3,2.3,2.3,2.3,300,CIP,"At 2026-03-17 13:00:00, the stock CIP opened at 2.30 VND, reached a high of 2.30 VND, a low of 2.30 VND, and closed the hour at 2.30 VND with a trading volume of 300 shares."
2026-03-17 14:00:00,2.3,2.3,2.2,2.2,3200,CIP,"At 2026-03-17 14:00:00, the stock CIP opened at 2.30 VND, reached a high of 2.30 VND, a low of 2.20 VND, and closed the hour at 2.20 VND with a trading volume of 3,200 shares."
2026-03-18 09:00:00,2.2,2.3,2.2,2.3,6500,CIP,"At 2026-03-18 09:00:00, the stock CIP opened at 2.20 VND, reached a high of 2.30 VND, a low of 2.20 VND, and closed the hour at 2.30 VND with a trading volume of 6,500 shares."
2026-03-18 10:00:00,2.2,2.3,2.2,2.3,1000,CIP,"At 2026-03-18 10:00:00, the stock CIP opened at 2.20 VND, reached a high of 2.30 VND, a low of 2.20 VND, and closed the hour at 2.30 VND with a trading volume of 1,000 shares."
2026-03-18 11:00:00,2.2,2.2,2.2,2.2,15800,CIP,"At 2026-03-18 11:00:00, the stock CIP opened at 2.20 VND, reached a high of 2.20 VND, a low of 2.20 VND, and closed the hour at 2.20 VND with a trading volume of 15,800 shares."
2026-03-18 13:00:00,2.2,2.3,2.2,2.3,1800,CIP,"At 2026-03-18 13:00:00, the stock CIP opened at 2.20 VND, reached a high of 2.30 VND, a low of 2.20 VND, and closed the hour at 2.30 VND with a trading volume of 1,800 shares."
2026-03-18 14:00:00,2.3,2.3,2.3,2.3,100,CIP,"At 2026-03-18 14:00:00, the stock CIP opened at 2.30 VND, reached a high of 2.30 VND, a low of 2.30 VND, and closed the hour at 2.30 VND with a trading volume of 100 shares."
2026-03-19 09:00:00,2.3,2.3,2.3,2.3,600,CIP,"At 2026-03-19 09:00:00, the stock CIP opened at 2.30 VND, reached a high of 2.30 VND, a low of 2.30 VND, and closed the hour at 2.30 VND with a trading volume of 600 shares."
2026-03-19 10:00:00,2.3,2.3,2.3,2.3,100,CIP,"At 2026-03-19 10:00:00, the stock CIP opened at 2.30 VND, reached a high of 2.30 VND, a low of 2.30 VND, and closed the hour at 2.30 VND with a trading volume of 100 shares."
2026-03-19 14:00:00,2.3,2.3,2.3,2.3,11700,CIP,"At 2026-03-19 14:00:00, the stock CIP opened at 2.30 VND, reached a high of 2.30 VND, a low of 2.30 VND, and closed the hour at 2.30 VND with a trading volume of 11,700 shares."
2026-03-20 09:00:00,2.3,2.3,2.2,2.2,300,CIP,"At 2026-03-20 09:00:00, the stock CIP opened at 2.30 VND, reached a high of 2.30 VND, a low of 2.20 VND, and closed the hour at 2.20 VND with a trading volume of 300 shares."
2026-03-20 13:00:00,2.2,2.2,2.2,2.2,900,CIP,"At 2026-03-20 13:00:00, the stock CIP opened at 2.20 VND, reached a high of 2.20 VND, a low of 2.20 VND, and closed the hour at 2.20 VND with a trading volume of 900 shares."
2026-03-20 14:00:00,2.2,2.2,2.2,2.2,2000,CIP,"At 2026-03-20 14:00:00, the stock CIP opened at 2.20 VND, reached a high of 2.20 VND, a low of 2.20 VND, and closed the hour at 2.20 VND with a trading volume of 2,000 shares."
