time,open,high,low,close,volume,ticker,llm_text
2025-07-08 14:00:00,32.8,33.5,32.8,33.3,8200,CSI,"At 2025-07-08 14:00:00, the stock CSI opened at 32.80 VND, reached a high of 33.50 VND, a low of 32.80 VND, and closed the hour at 33.30 VND with a trading volume of 8,200 shares."
2025-07-09 09:00:00,33.0,33.9,32.8,33.3,14700,CSI,"At 2025-07-09 09:00:00, the stock CSI opened at 33.00 VND, reached a high of 33.90 VND, a low of 32.80 VND, and closed the hour at 33.30 VND with a trading volume of 14,700 shares."
2025-07-09 10:00:00,33.3,33.5,32.6,33.5,11800,CSI,"At 2025-07-09 10:00:00, the stock CSI opened at 33.30 VND, reached a high of 33.50 VND, a low of 32.60 VND, and closed the hour at 33.50 VND with a trading volume of 11,800 shares."
2025-07-09 11:00:00,33.5,33.6,33.3,33.3,2100,CSI,"At 2025-07-09 11:00:00, the stock CSI opened at 33.50 VND, reached a high of 33.60 VND, a low of 33.30 VND, and closed the hour at 33.30 VND with a trading volume of 2,100 shares."
2025-07-09 13:00:00,33.1,33.3,32.0,32.0,43300,CSI,"At 2025-07-09 13:00:00, the stock CSI opened at 33.10 VND, reached a high of 33.30 VND, a low of 32.00 VND, and closed the hour at 32.00 VND with a trading volume of 43,300 shares."
2025-07-09 14:00:00,32.6,32.7,32.0,32.5,7700,CSI,"At 2025-07-09 14:00:00, the stock CSI opened at 32.60 VND, reached a high of 32.70 VND, a low of 32.00 VND, and closed the hour at 32.50 VND with a trading volume of 7,700 shares."
2025-07-10 09:00:00,32.8,33.0,32.5,32.6,11600,CSI,"At 2025-07-10 09:00:00, the stock CSI opened at 32.80 VND, reached a high of 33.00 VND, a low of 32.50 VND, and closed the hour at 32.60 VND with a trading volume of 11,600 shares."
2025-07-10 10:00:00,32.3,32.9,32.0,32.5,12300,CSI,"At 2025-07-10 10:00:00, the stock CSI opened at 32.30 VND, reached a high of 32.90 VND, a low of 32.00 VND, and closed the hour at 32.50 VND with a trading volume of 12,300 shares."
2025-07-10 11:00:00,32.3,32.3,32.0,32.0,3900,CSI,"At 2025-07-10 11:00:00, the stock CSI opened at 32.30 VND, reached a high of 32.30 VND, a low of 32.00 VND, and closed the hour at 32.00 VND with a trading volume of 3,900 shares."
2025-07-10 13:00:00,32.0,32.7,31.8,32.3,8300,CSI,"At 2025-07-10 13:00:00, the stock CSI opened at 32.00 VND, reached a high of 32.70 VND, a low of 31.80 VND, and closed the hour at 32.30 VND with a trading volume of 8,300 shares."
2025-07-10 14:00:00,32.3,32.9,31.7,32.9,12100,CSI,"At 2025-07-10 14:00:00, the stock CSI opened at 32.30 VND, reached a high of 32.90 VND, a low of 31.70 VND, and closed the hour at 32.90 VND with a trading volume of 12,100 shares."
2025-07-11 09:00:00,32.3,32.3,30.7,30.7,24400,CSI,"At 2025-07-11 09:00:00, the stock CSI opened at 32.30 VND, reached a high of 32.30 VND, a low of 30.70 VND, and closed the hour at 30.70 VND with a trading volume of 24,400 shares."
2025-07-11 10:00:00,30.7,31.3,30.1,31.0,8600,CSI,"At 2025-07-11 10:00:00, the stock CSI opened at 30.70 VND, reached a high of 31.30 VND, a low of 30.10 VND, and closed the hour at 31.00 VND with a trading volume of 8,600 shares."
2025-07-11 11:00:00,31.0,31.6,30.5,31.6,4200,CSI,"At 2025-07-11 11:00:00, the stock CSI opened at 31.00 VND, reached a high of 31.60 VND, a low of 30.50 VND, and closed the hour at 31.60 VND with a trading volume of 4,200 shares."
2025-07-11 13:00:00,31.6,31.6,30.4,31.0,40700,CSI,"At 2025-07-11 13:00:00, the stock CSI opened at 31.60 VND, reached a high of 31.60 VND, a low of 30.40 VND, and closed the hour at 31.00 VND with a trading volume of 40,700 shares."
2025-07-11 14:00:00,31.3,31.9,30.0,31.0,27500,CSI,"At 2025-07-11 14:00:00, the stock CSI opened at 31.30 VND, reached a high of 31.90 VND, a low of 30.00 VND, and closed the hour at 31.00 VND with a trading volume of 27,500 shares."
2025-07-14 09:00:00,30.2,31.0,29.5,30.0,21300,CSI,"At 2025-07-14 09:00:00, the stock CSI opened at 30.20 VND, reached a high of 31.00 VND, a low of 29.50 VND, and closed the hour at 30.00 VND with a trading volume of 21,300 shares."
2025-07-14 10:00:00,30.1,30.1,29.5,29.6,5300,CSI,"At 2025-07-14 10:00:00, the stock CSI opened at 30.10 VND, reached a high of 30.10 VND, a low of 29.50 VND, and closed the hour at 29.60 VND with a trading volume of 5,300 shares."
2025-07-14 11:00:00,29.5,29.5,29.5,29.5,3700,CSI,"At 2025-07-14 11:00:00, the stock CSI opened at 29.50 VND, reached a high of 29.50 VND, a low of 29.50 VND, and closed the hour at 29.50 VND with a trading volume of 3,700 shares."
2025-07-14 13:00:00,29.5,30.0,29.5,30.0,5000,CSI,"At 2025-07-14 13:00:00, the stock CSI opened at 29.50 VND, reached a high of 30.00 VND, a low of 29.50 VND, and closed the hour at 30.00 VND with a trading volume of 5,000 shares."
2025-07-14 14:00:00,30.0,30.0,29.4,30.0,10800,CSI,"At 2025-07-14 14:00:00, the stock CSI opened at 30.00 VND, reached a high of 30.00 VND, a low of 29.40 VND, and closed the hour at 30.00 VND with a trading volume of 10,800 shares."
2025-07-15 09:00:00,30.0,30.0,29.5,29.7,9100,CSI,"At 2025-07-15 09:00:00, the stock CSI opened at 30.00 VND, reached a high of 30.00 VND, a low of 29.50 VND, and closed the hour at 29.70 VND with a trading volume of 9,100 shares."
2025-07-15 10:00:00,29.9,30.0,29.7,30.0,8900,CSI,"At 2025-07-15 10:00:00, the stock CSI opened at 29.90 VND, reached a high of 30.00 VND, a low of 29.70 VND, and closed the hour at 30.00 VND with a trading volume of 8,900 shares."
2025-07-15 11:00:00,30.0,30.0,30.0,30.0,3000,CSI,"At 2025-07-15 11:00:00, the stock CSI opened at 30.00 VND, reached a high of 30.00 VND, a low of 30.00 VND, and closed the hour at 30.00 VND with a trading volume of 3,000 shares."
2025-07-15 13:00:00,30.0,30.0,29.7,29.7,8200,CSI,"At 2025-07-15 13:00:00, the stock CSI opened at 30.00 VND, reached a high of 30.00 VND, a low of 29.70 VND, and closed the hour at 29.70 VND with a trading volume of 8,200 shares."
2025-07-15 14:00:00,29.7,30.0,29.6,30.0,16100,CSI,"At 2025-07-15 14:00:00, the stock CSI opened at 29.70 VND, reached a high of 30.00 VND, a low of 29.60 VND, and closed the hour at 30.00 VND with a trading volume of 16,100 shares."
2025-07-16 09:00:00,29.9,30.0,29.1,29.1,15300,CSI,"At 2025-07-16 09:00:00, the stock CSI opened at 29.90 VND, reached a high of 30.00 VND, a low of 29.10 VND, and closed the hour at 29.10 VND with a trading volume of 15,300 shares."
2025-07-16 10:00:00,29.5,29.7,29.1,29.5,31500,CSI,"At 2025-07-16 10:00:00, the stock CSI opened at 29.50 VND, reached a high of 29.70 VND, a low of 29.10 VND, and closed the hour at 29.50 VND with a trading volume of 31,500 shares."
2025-07-16 11:00:00,29.7,29.7,29.1,29.5,12500,CSI,"At 2025-07-16 11:00:00, the stock CSI opened at 29.70 VND, reached a high of 29.70 VND, a low of 29.10 VND, and closed the hour at 29.50 VND with a trading volume of 12,500 shares."
2025-07-16 13:00:00,29.5,31.5,29.5,31.0,45400,CSI,"At 2025-07-16 13:00:00, the stock CSI opened at 29.50 VND, reached a high of 31.50 VND, a low of 29.50 VND, and closed the hour at 31.00 VND with a trading volume of 45,400 shares."
2025-07-16 14:00:00,31.0,32.0,31.0,31.7,20200,CSI,"At 2025-07-16 14:00:00, the stock CSI opened at 31.00 VND, reached a high of 32.00 VND, a low of 31.00 VND, and closed the hour at 31.70 VND with a trading volume of 20,200 shares."
2025-07-17 09:00:00,33.0,33.0,31.6,31.6,13400,CSI,"At 2025-07-17 09:00:00, the stock CSI opened at 33.00 VND, reached a high of 33.00 VND, a low of 31.60 VND, and closed the hour at 31.60 VND with a trading volume of 13,400 shares."
2025-07-17 10:00:00,31.2,32.0,31.0,31.5,6000,CSI,"At 2025-07-17 10:00:00, the stock CSI opened at 31.20 VND, reached a high of 32.00 VND, a low of 31.00 VND, and closed the hour at 31.50 VND with a trading volume of 6,000 shares."
2025-07-17 11:00:00,31.5,31.6,31.2,31.6,2100,CSI,"At 2025-07-17 11:00:00, the stock CSI opened at 31.50 VND, reached a high of 31.60 VND, a low of 31.20 VND, and closed the hour at 31.60 VND with a trading volume of 2,100 shares."
2025-07-17 13:00:00,31.6,31.6,31.0,31.0,1700,CSI,"At 2025-07-17 13:00:00, the stock CSI opened at 31.60 VND, reached a high of 31.60 VND, a low of 31.00 VND, and closed the hour at 31.00 VND with a trading volume of 1,700 shares."
2025-07-17 14:00:00,31.0,31.2,30.9,31.2,7800,CSI,"At 2025-07-17 14:00:00, the stock CSI opened at 31.00 VND, reached a high of 31.20 VND, a low of 30.90 VND, and closed the hour at 31.20 VND with a trading volume of 7,800 shares."
2025-07-18 09:00:00,31.0,31.5,30.9,31.5,7200,CSI,"At 2025-07-18 09:00:00, the stock CSI opened at 31.00 VND, reached a high of 31.50 VND, a low of 30.90 VND, and closed the hour at 31.50 VND with a trading volume of 7,200 shares."
2025-07-18 10:00:00,31.4,31.8,31.2,31.4,7200,CSI,"At 2025-07-18 10:00:00, the stock CSI opened at 31.40 VND, reached a high of 31.80 VND, a low of 31.20 VND, and closed the hour at 31.40 VND with a trading volume of 7,200 shares."
2025-07-18 11:00:00,31.4,31.4,30.8,31.0,5800,CSI,"At 2025-07-18 11:00:00, the stock CSI opened at 31.40 VND, reached a high of 31.40 VND, a low of 30.80 VND, and closed the hour at 31.00 VND with a trading volume of 5,800 shares."
2025-07-18 13:00:00,30.8,30.8,30.4,30.7,10700,CSI,"At 2025-07-18 13:00:00, the stock CSI opened at 30.80 VND, reached a high of 30.80 VND, a low of 30.40 VND, and closed the hour at 30.70 VND with a trading volume of 10,700 shares."
2025-07-18 14:00:00,30.5,31.5,30.5,31.5,3900,CSI,"At 2025-07-18 14:00:00, the stock CSI opened at 30.50 VND, reached a high of 31.50 VND, a low of 30.50 VND, and closed the hour at 31.50 VND with a trading volume of 3,900 shares."
2025-07-21 09:00:00,31.3,31.5,30.6,30.9,6900,CSI,"At 2025-07-21 09:00:00, the stock CSI opened at 31.30 VND, reached a high of 31.50 VND, a low of 30.60 VND, and closed the hour at 30.90 VND with a trading volume of 6,900 shares."
2025-07-21 10:00:00,30.6,30.8,30.4,30.4,9500,CSI,"At 2025-07-21 10:00:00, the stock CSI opened at 30.60 VND, reached a high of 30.80 VND, a low of 30.40 VND, and closed the hour at 30.40 VND with a trading volume of 9,500 shares."
2025-07-21 11:00:00,30.4,30.6,30.3,30.3,2800,CSI,"At 2025-07-21 11:00:00, the stock CSI opened at 30.40 VND, reached a high of 30.60 VND, a low of 30.30 VND, and closed the hour at 30.30 VND with a trading volume of 2,800 shares."
2025-07-21 13:00:00,30.2,30.3,30.2,30.2,9000,CSI,"At 2025-07-21 13:00:00, the stock CSI opened at 30.20 VND, reached a high of 30.30 VND, a low of 30.20 VND, and closed the hour at 30.20 VND with a trading volume of 9,000 shares."
2025-07-21 14:00:00,30.2,30.6,30.1,30.4,9200,CSI,"At 2025-07-21 14:00:00, the stock CSI opened at 30.20 VND, reached a high of 30.60 VND, a low of 30.10 VND, and closed the hour at 30.40 VND with a trading volume of 9,200 shares."
2025-07-22 09:00:00,30.3,30.9,30.0,30.9,8500,CSI,"At 2025-07-22 09:00:00, the stock CSI opened at 30.30 VND, reached a high of 30.90 VND, a low of 30.00 VND, and closed the hour at 30.90 VND with a trading volume of 8,500 shares."
2025-07-22 10:00:00,30.7,30.9,30.7,30.9,11100,CSI,"At 2025-07-22 10:00:00, the stock CSI opened at 30.70 VND, reached a high of 30.90 VND, a low of 30.70 VND, and closed the hour at 30.90 VND with a trading volume of 11,100 shares."
2025-07-22 11:00:00,30.9,30.9,30.8,30.8,600,CSI,"At 2025-07-22 11:00:00, the stock CSI opened at 30.90 VND, reached a high of 30.90 VND, a low of 30.80 VND, and closed the hour at 30.80 VND with a trading volume of 600 shares."
2025-07-22 13:00:00,30.5,31.0,30.5,30.5,6900,CSI,"At 2025-07-22 13:00:00, the stock CSI opened at 30.50 VND, reached a high of 31.00 VND, a low of 30.50 VND, and closed the hour at 30.50 VND with a trading volume of 6,900 shares."
2025-07-22 14:00:00,30.9,31.5,30.9,31.5,9000,CSI,"At 2025-07-22 14:00:00, the stock CSI opened at 30.90 VND, reached a high of 31.50 VND, a low of 30.90 VND, and closed the hour at 31.50 VND with a trading volume of 9,000 shares."
2025-07-23 09:00:00,31.5,31.6,31.0,31.0,9000,CSI,"At 2025-07-23 09:00:00, the stock CSI opened at 31.50 VND, reached a high of 31.60 VND, a low of 31.00 VND, and closed the hour at 31.00 VND with a trading volume of 9,000 shares."
2025-07-23 10:00:00,31.0,31.5,31.0,31.5,10100,CSI,"At 2025-07-23 10:00:00, the stock CSI opened at 31.00 VND, reached a high of 31.50 VND, a low of 31.00 VND, and closed the hour at 31.50 VND with a trading volume of 10,100 shares."
2025-07-23 11:00:00,31.4,31.4,31.0,31.2,5200,CSI,"At 2025-07-23 11:00:00, the stock CSI opened at 31.40 VND, reached a high of 31.40 VND, a low of 31.00 VND, and closed the hour at 31.20 VND with a trading volume of 5,200 shares."
2025-07-23 13:00:00,31.0,31.4,31.0,31.0,7100,CSI,"At 2025-07-23 13:00:00, the stock CSI opened at 31.00 VND, reached a high of 31.40 VND, a low of 31.00 VND, and closed the hour at 31.00 VND with a trading volume of 7,100 shares."
2025-07-23 14:00:00,31.0,31.2,30.9,31.2,4900,CSI,"At 2025-07-23 14:00:00, the stock CSI opened at 31.00 VND, reached a high of 31.20 VND, a low of 30.90 VND, and closed the hour at 31.20 VND with a trading volume of 4,900 shares."
2025-07-24 09:00:00,30.5,31.2,30.5,30.8,5100,CSI,"At 2025-07-24 09:00:00, the stock CSI opened at 30.50 VND, reached a high of 31.20 VND, a low of 30.50 VND, and closed the hour at 30.80 VND with a trading volume of 5,100 shares."
2025-07-24 10:00:00,30.8,31.0,30.5,30.8,5600,CSI,"At 2025-07-24 10:00:00, the stock CSI opened at 30.80 VND, reached a high of 31.00 VND, a low of 30.50 VND, and closed the hour at 30.80 VND with a trading volume of 5,600 shares."
2025-07-24 11:00:00,31.0,31.2,30.5,31.2,1400,CSI,"At 2025-07-24 11:00:00, the stock CSI opened at 31.00 VND, reached a high of 31.20 VND, a low of 30.50 VND, and closed the hour at 31.20 VND with a trading volume of 1,400 shares."
2025-07-24 13:00:00,31.0,31.0,30.5,31.0,7100,CSI,"At 2025-07-24 13:00:00, the stock CSI opened at 31.00 VND, reached a high of 31.00 VND, a low of 30.50 VND, and closed the hour at 31.00 VND with a trading volume of 7,100 shares."
2025-07-24 14:00:00,30.5,31.0,30.5,31.0,2500,CSI,"At 2025-07-24 14:00:00, the stock CSI opened at 30.50 VND, reached a high of 31.00 VND, a low of 30.50 VND, and closed the hour at 31.00 VND with a trading volume of 2,500 shares."
2025-07-25 09:00:00,31.0,31.3,31.0,31.3,5600,CSI,"At 2025-07-25 09:00:00, the stock CSI opened at 31.00 VND, reached a high of 31.30 VND, a low of 31.00 VND, and closed the hour at 31.30 VND with a trading volume of 5,600 shares."
2025-07-25 10:00:00,31.2,31.2,30.8,31.2,10200,CSI,"At 2025-07-25 10:00:00, the stock CSI opened at 31.20 VND, reached a high of 31.20 VND, a low of 30.80 VND, and closed the hour at 31.20 VND with a trading volume of 10,200 shares."
2025-07-25 11:00:00,31.2,31.3,31.0,31.0,2600,CSI,"At 2025-07-25 11:00:00, the stock CSI opened at 31.20 VND, reached a high of 31.30 VND, a low of 31.00 VND, and closed the hour at 31.00 VND with a trading volume of 2,600 shares."
2025-07-25 13:00:00,31.0,32.0,31.0,31.8,29500,CSI,"At 2025-07-25 13:00:00, the stock CSI opened at 31.00 VND, reached a high of 32.00 VND, a low of 31.00 VND, and closed the hour at 31.80 VND with a trading volume of 29,500 shares."
2025-07-25 14:00:00,31.5,31.5,31.3,31.5,14400,CSI,"At 2025-07-25 14:00:00, the stock CSI opened at 31.50 VND, reached a high of 31.50 VND, a low of 31.30 VND, and closed the hour at 31.50 VND with a trading volume of 14,400 shares."
2025-07-28 09:00:00,31.0,32.0,31.0,32.0,11000,CSI,"At 2025-07-28 09:00:00, the stock CSI opened at 31.00 VND, reached a high of 32.00 VND, a low of 31.00 VND, and closed the hour at 32.00 VND with a trading volume of 11,000 shares."
2025-07-28 10:00:00,31.8,32.0,31.8,32.0,10700,CSI,"At 2025-07-28 10:00:00, the stock CSI opened at 31.80 VND, reached a high of 32.00 VND, a low of 31.80 VND, and closed the hour at 32.00 VND with a trading volume of 10,700 shares."
2025-07-28 11:00:00,32.0,32.0,32.0,32.0,1400,CSI,"At 2025-07-28 11:00:00, the stock CSI opened at 32.00 VND, reached a high of 32.00 VND, a low of 32.00 VND, and closed the hour at 32.00 VND with a trading volume of 1,400 shares."
2025-07-28 13:00:00,32.0,32.0,31.7,32.0,11300,CSI,"At 2025-07-28 13:00:00, the stock CSI opened at 32.00 VND, reached a high of 32.00 VND, a low of 31.70 VND, and closed the hour at 32.00 VND with a trading volume of 11,300 shares."
2025-07-28 14:00:00,31.8,32.0,31.7,32.0,6600,CSI,"At 2025-07-28 14:00:00, the stock CSI opened at 31.80 VND, reached a high of 32.00 VND, a low of 31.70 VND, and closed the hour at 32.00 VND with a trading volume of 6,600 shares."
2025-07-29 09:00:00,32.0,32.0,31.0,31.5,6700,CSI,"At 2025-07-29 09:00:00, the stock CSI opened at 32.00 VND, reached a high of 32.00 VND, a low of 31.00 VND, and closed the hour at 31.50 VND with a trading volume of 6,700 shares."
2025-07-29 10:00:00,31.8,31.8,30.5,31.0,9400,CSI,"At 2025-07-29 10:00:00, the stock CSI opened at 31.80 VND, reached a high of 31.80 VND, a low of 30.50 VND, and closed the hour at 31.00 VND with a trading volume of 9,400 shares."
2025-07-29 11:00:00,31.0,31.0,31.0,31.0,1300,CSI,"At 2025-07-29 11:00:00, the stock CSI opened at 31.00 VND, reached a high of 31.00 VND, a low of 31.00 VND, and closed the hour at 31.00 VND with a trading volume of 1,300 shares."
2025-07-29 13:00:00,30.7,30.7,30.1,30.5,9200,CSI,"At 2025-07-29 13:00:00, the stock CSI opened at 30.70 VND, reached a high of 30.70 VND, a low of 30.10 VND, and closed the hour at 30.50 VND with a trading volume of 9,200 shares."
2025-07-29 14:00:00,31.0,31.0,30.1,30.1,3900,CSI,"At 2025-07-29 14:00:00, the stock CSI opened at 31.00 VND, reached a high of 31.00 VND, a low of 30.10 VND, and closed the hour at 30.10 VND with a trading volume of 3,900 shares."
2025-07-30 09:00:00,30.0,31.0,30.0,31.0,3600,CSI,"At 2025-07-30 09:00:00, the stock CSI opened at 30.00 VND, reached a high of 31.00 VND, a low of 30.00 VND, and closed the hour at 31.00 VND with a trading volume of 3,600 shares."
2025-07-30 10:00:00,30.8,31.0,30.3,30.3,2600,CSI,"At 2025-07-30 10:00:00, the stock CSI opened at 30.80 VND, reached a high of 31.00 VND, a low of 30.30 VND, and closed the hour at 30.30 VND with a trading volume of 2,600 shares."
2025-07-30 11:00:00,30.3,30.3,30.1,30.1,1700,CSI,"At 2025-07-30 11:00:00, the stock CSI opened at 30.30 VND, reached a high of 30.30 VND, a low of 30.10 VND, and closed the hour at 30.10 VND with a trading volume of 1,700 shares."
2025-07-30 13:00:00,30.2,30.4,30.0,30.0,5700,CSI,"At 2025-07-30 13:00:00, the stock CSI opened at 30.20 VND, reached a high of 30.40 VND, a low of 30.00 VND, and closed the hour at 30.00 VND with a trading volume of 5,700 shares."
2025-07-30 14:00:00,30.5,30.8,30.5,30.8,1900,CSI,"At 2025-07-30 14:00:00, the stock CSI opened at 30.50 VND, reached a high of 30.80 VND, a low of 30.50 VND, and closed the hour at 30.80 VND with a trading volume of 1,900 shares."
2025-07-31 09:00:00,30.6,31.0,30.3,30.4,4800,CSI,"At 2025-07-31 09:00:00, the stock CSI opened at 30.60 VND, reached a high of 31.00 VND, a low of 30.30 VND, and closed the hour at 30.40 VND with a trading volume of 4,800 shares."
2025-07-31 10:00:00,30.4,30.4,30.1,30.1,4900,CSI,"At 2025-07-31 10:00:00, the stock CSI opened at 30.40 VND, reached a high of 30.40 VND, a low of 30.10 VND, and closed the hour at 30.10 VND with a trading volume of 4,900 shares."
2025-07-31 11:00:00,30.1,30.1,30.0,30.1,2400,CSI,"At 2025-07-31 11:00:00, the stock CSI opened at 30.10 VND, reached a high of 30.10 VND, a low of 30.00 VND, and closed the hour at 30.10 VND with a trading volume of 2,400 shares."
2025-07-31 13:00:00,30.6,30.6,30.0,30.4,4400,CSI,"At 2025-07-31 13:00:00, the stock CSI opened at 30.60 VND, reached a high of 30.60 VND, a low of 30.00 VND, and closed the hour at 30.40 VND with a trading volume of 4,400 shares."
2025-07-31 14:00:00,30.1,30.4,30.0,30.4,1900,CSI,"At 2025-07-31 14:00:00, the stock CSI opened at 30.10 VND, reached a high of 30.40 VND, a low of 30.00 VND, and closed the hour at 30.40 VND with a trading volume of 1,900 shares."
2025-08-01 09:00:00,30.3,30.3,29.4,30.0,4000,CSI,"At 2025-08-01 09:00:00, the stock CSI opened at 30.30 VND, reached a high of 30.30 VND, a low of 29.40 VND, and closed the hour at 30.00 VND with a trading volume of 4,000 shares."
2025-08-01 10:00:00,30.0,30.3,29.5,29.8,2900,CSI,"At 2025-08-01 10:00:00, the stock CSI opened at 30.00 VND, reached a high of 30.30 VND, a low of 29.50 VND, and closed the hour at 29.80 VND with a trading volume of 2,900 shares."
2025-08-01 11:00:00,30.0,30.0,29.5,29.5,1600,CSI,"At 2025-08-01 11:00:00, the stock CSI opened at 30.00 VND, reached a high of 30.00 VND, a low of 29.50 VND, and closed the hour at 29.50 VND with a trading volume of 1,600 shares."
2025-08-01 13:00:00,29.5,29.8,29.5,29.5,5700,CSI,"At 2025-08-01 13:00:00, the stock CSI opened at 29.50 VND, reached a high of 29.80 VND, a low of 29.50 VND, and closed the hour at 29.50 VND with a trading volume of 5,700 shares."
2025-08-01 14:00:00,29.8,30.0,29.4,29.8,1800,CSI,"At 2025-08-01 14:00:00, the stock CSI opened at 29.80 VND, reached a high of 30.00 VND, a low of 29.40 VND, and closed the hour at 29.80 VND with a trading volume of 1,800 shares."
2025-08-04 09:00:00,29.4,30.0,29.2,30.0,5300,CSI,"At 2025-08-04 09:00:00, the stock CSI opened at 29.40 VND, reached a high of 30.00 VND, a low of 29.20 VND, and closed the hour at 30.00 VND with a trading volume of 5,300 shares."
2025-08-04 10:00:00,29.7,29.7,29.3,29.7,3200,CSI,"At 2025-08-04 10:00:00, the stock CSI opened at 29.70 VND, reached a high of 29.70 VND, a low of 29.30 VND, and closed the hour at 29.70 VND with a trading volume of 3,200 shares."
2025-08-04 11:00:00,29.6,29.6,29.4,29.6,1200,CSI,"At 2025-08-04 11:00:00, the stock CSI opened at 29.60 VND, reached a high of 29.60 VND, a low of 29.40 VND, and closed the hour at 29.60 VND with a trading volume of 1,200 shares."
2025-08-04 13:00:00,29.6,29.7,29.6,29.7,2800,CSI,"At 2025-08-04 13:00:00, the stock CSI opened at 29.60 VND, reached a high of 29.70 VND, a low of 29.60 VND, and closed the hour at 29.70 VND with a trading volume of 2,800 shares."
2025-08-04 14:00:00,29.7,29.7,29.7,29.7,2700,CSI,"At 2025-08-04 14:00:00, the stock CSI opened at 29.70 VND, reached a high of 29.70 VND, a low of 29.70 VND, and closed the hour at 29.70 VND with a trading volume of 2,700 shares."
2025-08-05 09:00:00,29.8,29.8,29.3,29.3,3500,CSI,"At 2025-08-05 09:00:00, the stock CSI opened at 29.80 VND, reached a high of 29.80 VND, a low of 29.30 VND, and closed the hour at 29.30 VND with a trading volume of 3,500 shares."
2025-08-05 10:00:00,29.3,29.9,29.3,29.6,3600,CSI,"At 2025-08-05 10:00:00, the stock CSI opened at 29.30 VND, reached a high of 29.90 VND, a low of 29.30 VND, and closed the hour at 29.60 VND with a trading volume of 3,600 shares."
2025-08-05 11:00:00,29.8,30.0,29.8,30.0,700,CSI,"At 2025-08-05 11:00:00, the stock CSI opened at 29.80 VND, reached a high of 30.00 VND, a low of 29.80 VND, and closed the hour at 30.00 VND with a trading volume of 700 shares."
2025-08-05 13:00:00,29.8,30.5,29.8,30.5,8500,CSI,"At 2025-08-05 13:00:00, the stock CSI opened at 29.80 VND, reached a high of 30.50 VND, a low of 29.80 VND, and closed the hour at 30.50 VND with a trading volume of 8,500 shares."
2025-08-05 14:00:00,30.0,30.0,29.4,29.4,3500,CSI,"At 2025-08-05 14:00:00, the stock CSI opened at 30.00 VND, reached a high of 30.00 VND, a low of 29.40 VND, and closed the hour at 29.40 VND with a trading volume of 3,500 shares."
2025-08-06 09:00:00,29.5,29.8,29.3,29.7,2500,CSI,"At 2025-08-06 09:00:00, the stock CSI opened at 29.50 VND, reached a high of 29.80 VND, a low of 29.30 VND, and closed the hour at 29.70 VND with a trading volume of 2,500 shares."
2025-08-06 10:00:00,29.7,29.7,29.4,29.4,1800,CSI,"At 2025-08-06 10:00:00, the stock CSI opened at 29.70 VND, reached a high of 29.70 VND, a low of 29.40 VND, and closed the hour at 29.40 VND with a trading volume of 1,800 shares."
2025-08-06 11:00:00,29.4,29.6,29.4,29.6,500,CSI,"At 2025-08-06 11:00:00, the stock CSI opened at 29.40 VND, reached a high of 29.60 VND, a low of 29.40 VND, and closed the hour at 29.60 VND with a trading volume of 500 shares."
2025-08-06 13:00:00,29.6,29.7,29.4,29.6,4400,CSI,"At 2025-08-06 13:00:00, the stock CSI opened at 29.60 VND, reached a high of 29.70 VND, a low of 29.40 VND, and closed the hour at 29.60 VND with a trading volume of 4,400 shares."
2025-08-06 14:00:00,29.3,29.4,29.3,29.3,3400,CSI,"At 2025-08-06 14:00:00, the stock CSI opened at 29.30 VND, reached a high of 29.40 VND, a low of 29.30 VND, and closed the hour at 29.30 VND with a trading volume of 3,400 shares."
2025-08-07 09:00:00,29.5,29.8,29.5,29.5,2700,CSI,"At 2025-08-07 09:00:00, the stock CSI opened at 29.50 VND, reached a high of 29.80 VND, a low of 29.50 VND, and closed the hour at 29.50 VND with a trading volume of 2,700 shares."
2025-08-07 10:00:00,29.4,29.5,29.3,29.3,1900,CSI,"At 2025-08-07 10:00:00, the stock CSI opened at 29.40 VND, reached a high of 29.50 VND, a low of 29.30 VND, and closed the hour at 29.30 VND with a trading volume of 1,900 shares."
2025-08-07 11:00:00,29.3,29.3,29.3,29.3,300,CSI,"At 2025-08-07 11:00:00, the stock CSI opened at 29.30 VND, reached a high of 29.30 VND, a low of 29.30 VND, and closed the hour at 29.30 VND with a trading volume of 300 shares."
2025-08-07 13:00:00,29.5,29.6,29.2,29.3,3000,CSI,"At 2025-08-07 13:00:00, the stock CSI opened at 29.50 VND, reached a high of 29.60 VND, a low of 29.20 VND, and closed the hour at 29.30 VND with a trading volume of 3,000 shares."
2025-08-07 14:00:00,29.3,29.7,29.3,29.7,6800,CSI,"At 2025-08-07 14:00:00, the stock CSI opened at 29.30 VND, reached a high of 29.70 VND, a low of 29.30 VND, and closed the hour at 29.70 VND with a trading volume of 6,800 shares."
2025-08-08 09:00:00,29.7,30.0,29.5,29.5,1700,CSI,"At 2025-08-08 09:00:00, the stock CSI opened at 29.70 VND, reached a high of 30.00 VND, a low of 29.50 VND, and closed the hour at 29.50 VND with a trading volume of 1,700 shares."
2025-08-08 10:00:00,29.5,29.9,29.5,29.8,1100,CSI,"At 2025-08-08 10:00:00, the stock CSI opened at 29.50 VND, reached a high of 29.90 VND, a low of 29.50 VND, and closed the hour at 29.80 VND with a trading volume of 1,100 shares."
2025-08-08 11:00:00,29.5,29.5,29.3,29.3,1100,CSI,"At 2025-08-08 11:00:00, the stock CSI opened at 29.50 VND, reached a high of 29.50 VND, a low of 29.30 VND, and closed the hour at 29.30 VND with a trading volume of 1,100 shares."
2025-08-08 13:00:00,29.3,29.9,29.3,29.5,6000,CSI,"At 2025-08-08 13:00:00, the stock CSI opened at 29.30 VND, reached a high of 29.90 VND, a low of 29.30 VND, and closed the hour at 29.50 VND with a trading volume of 6,000 shares."
2025-08-08 14:00:00,29.4,29.5,29.3,29.3,10100,CSI,"At 2025-08-08 14:00:00, the stock CSI opened at 29.40 VND, reached a high of 29.50 VND, a low of 29.30 VND, and closed the hour at 29.30 VND with a trading volume of 10,100 shares."
2025-08-11 09:00:00,29.5,30.0,29.5,29.8,1300,CSI,"At 2025-08-11 09:00:00, the stock CSI opened at 29.50 VND, reached a high of 30.00 VND, a low of 29.50 VND, and closed the hour at 29.80 VND with a trading volume of 1,300 shares."
2025-08-11 10:00:00,29.8,29.8,29.5,29.6,2300,CSI,"At 2025-08-11 10:00:00, the stock CSI opened at 29.80 VND, reached a high of 29.80 VND, a low of 29.50 VND, and closed the hour at 29.60 VND with a trading volume of 2,300 shares."
2025-08-11 11:00:00,29.5,29.5,29.4,29.4,1600,CSI,"At 2025-08-11 11:00:00, the stock CSI opened at 29.50 VND, reached a high of 29.50 VND, a low of 29.40 VND, and closed the hour at 29.40 VND with a trading volume of 1,600 shares."
2025-08-11 13:00:00,29.4,29.4,29.3,29.4,4800,CSI,"At 2025-08-11 13:00:00, the stock CSI opened at 29.40 VND, reached a high of 29.40 VND, a low of 29.30 VND, and closed the hour at 29.40 VND with a trading volume of 4,800 shares."
2025-08-11 14:00:00,29.4,29.5,29.4,29.5,4600,CSI,"At 2025-08-11 14:00:00, the stock CSI opened at 29.40 VND, reached a high of 29.50 VND, a low of 29.40 VND, and closed the hour at 29.50 VND with a trading volume of 4,600 shares."
2025-08-12 09:00:00,29.3,29.5,29.3,29.3,2600,CSI,"At 2025-08-12 09:00:00, the stock CSI opened at 29.30 VND, reached a high of 29.50 VND, a low of 29.30 VND, and closed the hour at 29.30 VND with a trading volume of 2,600 shares."
2025-08-12 10:00:00,29.4,29.8,29.3,29.7,1000,CSI,"At 2025-08-12 10:00:00, the stock CSI opened at 29.40 VND, reached a high of 29.80 VND, a low of 29.30 VND, and closed the hour at 29.70 VND with a trading volume of 1,000 shares."
2025-08-12 11:00:00,29.7,29.7,29.5,29.5,400,CSI,"At 2025-08-12 11:00:00, the stock CSI opened at 29.70 VND, reached a high of 29.70 VND, a low of 29.50 VND, and closed the hour at 29.50 VND with a trading volume of 400 shares."
2025-08-12 13:00:00,29.3,29.5,29.0,29.2,6900,CSI,"At 2025-08-12 13:00:00, the stock CSI opened at 29.30 VND, reached a high of 29.50 VND, a low of 29.00 VND, and closed the hour at 29.20 VND with a trading volume of 6,900 shares."
2025-08-12 14:00:00,29.5,29.6,29.1,29.6,800,CSI,"At 2025-08-12 14:00:00, the stock CSI opened at 29.50 VND, reached a high of 29.60 VND, a low of 29.10 VND, and closed the hour at 29.60 VND with a trading volume of 800 shares."
2025-08-13 09:00:00,29.6,29.6,29.3,29.3,1700,CSI,"At 2025-08-13 09:00:00, the stock CSI opened at 29.60 VND, reached a high of 29.60 VND, a low of 29.30 VND, and closed the hour at 29.30 VND with a trading volume of 1,700 shares."
2025-08-13 10:00:00,29.2,29.3,29.0,29.3,5200,CSI,"At 2025-08-13 10:00:00, the stock CSI opened at 29.20 VND, reached a high of 29.30 VND, a low of 29.00 VND, and closed the hour at 29.30 VND with a trading volume of 5,200 shares."
2025-08-13 11:00:00,29.3,29.3,29.1,29.3,1200,CSI,"At 2025-08-13 11:00:00, the stock CSI opened at 29.30 VND, reached a high of 29.30 VND, a low of 29.10 VND, and closed the hour at 29.30 VND with a trading volume of 1,200 shares."
2025-08-13 13:00:00,29.1,29.3,28.8,29.3,9200,CSI,"At 2025-08-13 13:00:00, the stock CSI opened at 29.10 VND, reached a high of 29.30 VND, a low of 28.80 VND, and closed the hour at 29.30 VND with a trading volume of 9,200 shares."
2025-08-13 14:00:00,29.4,29.6,29.4,29.6,6600,CSI,"At 2025-08-13 14:00:00, the stock CSI opened at 29.40 VND, reached a high of 29.60 VND, a low of 29.40 VND, and closed the hour at 29.60 VND with a trading volume of 6,600 shares."
2025-08-14 09:00:00,29.6,30.5,29.6,30.5,3700,CSI,"At 2025-08-14 09:00:00, the stock CSI opened at 29.60 VND, reached a high of 30.50 VND, a low of 29.60 VND, and closed the hour at 30.50 VND with a trading volume of 3,700 shares."
2025-08-14 10:00:00,30.0,30.0,30.0,30.0,800,CSI,"At 2025-08-14 10:00:00, the stock CSI opened at 30.00 VND, reached a high of 30.00 VND, a low of 30.00 VND, and closed the hour at 30.00 VND with a trading volume of 800 shares."
2025-08-14 11:00:00,30.0,30.0,30.0,30.0,100,CSI,"At 2025-08-14 11:00:00, the stock CSI opened at 30.00 VND, reached a high of 30.00 VND, a low of 30.00 VND, and closed the hour at 30.00 VND with a trading volume of 100 shares."
2025-08-14 13:00:00,29.9,29.9,29.4,29.7,1100,CSI,"At 2025-08-14 13:00:00, the stock CSI opened at 29.90 VND, reached a high of 29.90 VND, a low of 29.40 VND, and closed the hour at 29.70 VND with a trading volume of 1,100 shares."
2025-08-14 14:00:00,29.8,30.0,29.7,29.7,1200,CSI,"At 2025-08-14 14:00:00, the stock CSI opened at 29.80 VND, reached a high of 30.00 VND, a low of 29.70 VND, and closed the hour at 29.70 VND with a trading volume of 1,200 shares."
2025-08-15 09:00:00,29.9,30.0,29.8,29.8,4600,CSI,"At 2025-08-15 09:00:00, the stock CSI opened at 29.90 VND, reached a high of 30.00 VND, a low of 29.80 VND, and closed the hour at 29.80 VND with a trading volume of 4,600 shares."
2025-08-15 10:00:00,29.7,29.7,29.4,29.4,1400,CSI,"At 2025-08-15 10:00:00, the stock CSI opened at 29.70 VND, reached a high of 29.70 VND, a low of 29.40 VND, and closed the hour at 29.40 VND with a trading volume of 1,400 shares."
2025-08-15 11:00:00,29.6,29.6,29.4,29.5,700,CSI,"At 2025-08-15 11:00:00, the stock CSI opened at 29.60 VND, reached a high of 29.60 VND, a low of 29.40 VND, and closed the hour at 29.50 VND with a trading volume of 700 shares."
2025-08-15 13:00:00,29.5,29.6,29.5,29.5,1300,CSI,"At 2025-08-15 13:00:00, the stock CSI opened at 29.50 VND, reached a high of 29.60 VND, a low of 29.50 VND, and closed the hour at 29.50 VND with a trading volume of 1,300 shares."
2025-08-15 14:00:00,29.5,29.6,29.4,29.4,2100,CSI,"At 2025-08-15 14:00:00, the stock CSI opened at 29.50 VND, reached a high of 29.60 VND, a low of 29.40 VND, and closed the hour at 29.40 VND with a trading volume of 2,100 shares."
2025-08-18 09:00:00,29.4,30.0,29.1,29.7,2900,CSI,"At 2025-08-18 09:00:00, the stock CSI opened at 29.40 VND, reached a high of 30.00 VND, a low of 29.10 VND, and closed the hour at 29.70 VND with a trading volume of 2,900 shares."
2025-08-18 10:00:00,29.2,29.7,29.2,29.2,1500,CSI,"At 2025-08-18 10:00:00, the stock CSI opened at 29.20 VND, reached a high of 29.70 VND, a low of 29.20 VND, and closed the hour at 29.20 VND with a trading volume of 1,500 shares."
2025-08-18 11:00:00,29.6,29.6,29.6,29.6,800,CSI,"At 2025-08-18 11:00:00, the stock CSI opened at 29.60 VND, reached a high of 29.60 VND, a low of 29.60 VND, and closed the hour at 29.60 VND with a trading volume of 800 shares."
2025-08-18 13:00:00,29.6,29.8,29.2,29.8,2900,CSI,"At 2025-08-18 13:00:00, the stock CSI opened at 29.60 VND, reached a high of 29.80 VND, a low of 29.20 VND, and closed the hour at 29.80 VND with a trading volume of 2,900 shares."
2025-08-18 14:00:00,29.7,29.7,29.7,29.7,500,CSI,"At 2025-08-18 14:00:00, the stock CSI opened at 29.70 VND, reached a high of 29.70 VND, a low of 29.70 VND, and closed the hour at 29.70 VND with a trading volume of 500 shares."
2025-08-19 09:00:00,29.6,30.0,29.4,29.4,8900,CSI,"At 2025-08-19 09:00:00, the stock CSI opened at 29.60 VND, reached a high of 30.00 VND, a low of 29.40 VND, and closed the hour at 29.40 VND with a trading volume of 8,900 shares."
2025-08-19 10:00:00,29.4,29.6,29.2,29.6,1600,CSI,"At 2025-08-19 10:00:00, the stock CSI opened at 29.40 VND, reached a high of 29.60 VND, a low of 29.20 VND, and closed the hour at 29.60 VND with a trading volume of 1,600 shares."
2025-08-19 11:00:00,29.5,29.6,29.5,29.6,3000,CSI,"At 2025-08-19 11:00:00, the stock CSI opened at 29.50 VND, reached a high of 29.60 VND, a low of 29.50 VND, and closed the hour at 29.60 VND with a trading volume of 3,000 shares."
2025-08-19 13:00:00,29.6,30.0,29.4,30.0,1900,CSI,"At 2025-08-19 13:00:00, the stock CSI opened at 29.60 VND, reached a high of 30.00 VND, a low of 29.40 VND, and closed the hour at 30.00 VND with a trading volume of 1,900 shares."
2025-08-19 14:00:00,29.4,30.0,29.4,30.0,1500,CSI,"At 2025-08-19 14:00:00, the stock CSI opened at 29.40 VND, reached a high of 30.00 VND, a low of 29.40 VND, and closed the hour at 30.00 VND with a trading volume of 1,500 shares."
2025-08-20 09:00:00,30.0,30.0,29.3,29.8,2500,CSI,"At 2025-08-20 09:00:00, the stock CSI opened at 30.00 VND, reached a high of 30.00 VND, a low of 29.30 VND, and closed the hour at 29.80 VND with a trading volume of 2,500 shares."
2025-08-20 10:00:00,29.8,29.8,29.2,29.2,2400,CSI,"At 2025-08-20 10:00:00, the stock CSI opened at 29.80 VND, reached a high of 29.80 VND, a low of 29.20 VND, and closed the hour at 29.20 VND with a trading volume of 2,400 shares."
2025-08-20 11:00:00,29.2,29.2,29.2,29.2,400,CSI,"At 2025-08-20 11:00:00, the stock CSI opened at 29.20 VND, reached a high of 29.20 VND, a low of 29.20 VND, and closed the hour at 29.20 VND with a trading volume of 400 shares."
2025-08-20 13:00:00,29.4,29.7,29.4,29.7,1500,CSI,"At 2025-08-20 13:00:00, the stock CSI opened at 29.40 VND, reached a high of 29.70 VND, a low of 29.40 VND, and closed the hour at 29.70 VND with a trading volume of 1,500 shares."
2025-08-20 14:00:00,29.6,29.7,29.4,29.7,1700,CSI,"At 2025-08-20 14:00:00, the stock CSI opened at 29.60 VND, reached a high of 29.70 VND, a low of 29.40 VND, and closed the hour at 29.70 VND with a trading volume of 1,700 shares."
2025-08-21 09:00:00,29.4,30.0,29.4,30.0,1900,CSI,"At 2025-08-21 09:00:00, the stock CSI opened at 29.40 VND, reached a high of 30.00 VND, a low of 29.40 VND, and closed the hour at 30.00 VND with a trading volume of 1,900 shares."
2025-08-21 10:00:00,29.7,30.0,29.7,29.7,1600,CSI,"At 2025-08-21 10:00:00, the stock CSI opened at 29.70 VND, reached a high of 30.00 VND, a low of 29.70 VND, and closed the hour at 29.70 VND with a trading volume of 1,600 shares."
2025-08-21 11:00:00,29.8,29.8,29.7,29.7,500,CSI,"At 2025-08-21 11:00:00, the stock CSI opened at 29.80 VND, reached a high of 29.80 VND, a low of 29.70 VND, and closed the hour at 29.70 VND with a trading volume of 500 shares."
2025-08-21 13:00:00,29.8,30.0,29.7,30.0,5900,CSI,"At 2025-08-21 13:00:00, the stock CSI opened at 29.80 VND, reached a high of 30.00 VND, a low of 29.70 VND, and closed the hour at 30.00 VND with a trading volume of 5,900 shares."
2025-08-21 14:00:00,30.0,30.0,29.9,29.9,2300,CSI,"At 2025-08-21 14:00:00, the stock CSI opened at 30.00 VND, reached a high of 30.00 VND, a low of 29.90 VND, and closed the hour at 29.90 VND with a trading volume of 2,300 shares."
2025-08-22 09:00:00,29.8,29.8,29.0,29.1,2000,CSI,"At 2025-08-22 09:00:00, the stock CSI opened at 29.80 VND, reached a high of 29.80 VND, a low of 29.00 VND, and closed the hour at 29.10 VND with a trading volume of 2,000 shares."
2025-08-22 10:00:00,29.4,29.4,29.0,29.0,1700,CSI,"At 2025-08-22 10:00:00, the stock CSI opened at 29.40 VND, reached a high of 29.40 VND, a low of 29.00 VND, and closed the hour at 29.00 VND with a trading volume of 1,700 shares."
2025-08-22 11:00:00,29.0,29.0,29.0,29.0,800,CSI,"At 2025-08-22 11:00:00, the stock CSI opened at 29.00 VND, reached a high of 29.00 VND, a low of 29.00 VND, and closed the hour at 29.00 VND with a trading volume of 800 shares."
2025-08-22 13:00:00,28.8,29.3,27.0,29.0,32500,CSI,"At 2025-08-22 13:00:00, the stock CSI opened at 28.80 VND, reached a high of 29.30 VND, a low of 27.00 VND, and closed the hour at 29.00 VND with a trading volume of 32,500 shares."
2025-08-22 14:00:00,29.0,29.0,29.0,29.0,3000,CSI,"At 2025-08-22 14:00:00, the stock CSI opened at 29.00 VND, reached a high of 29.00 VND, a low of 29.00 VND, and closed the hour at 29.00 VND with a trading volume of 3,000 shares."
2025-08-25 09:00:00,28.8,29.3,28.8,29.0,4000,CSI,"At 2025-08-25 09:00:00, the stock CSI opened at 28.80 VND, reached a high of 29.30 VND, a low of 28.80 VND, and closed the hour at 29.00 VND with a trading volume of 4,000 shares."
2025-08-25 10:00:00,29.0,29.3,29.0,29.0,4700,CSI,"At 2025-08-25 10:00:00, the stock CSI opened at 29.00 VND, reached a high of 29.30 VND, a low of 29.00 VND, and closed the hour at 29.00 VND with a trading volume of 4,700 shares."
2025-08-25 11:00:00,29.0,29.0,29.0,29.0,1300,CSI,"At 2025-08-25 11:00:00, the stock CSI opened at 29.00 VND, reached a high of 29.00 VND, a low of 29.00 VND, and closed the hour at 29.00 VND with a trading volume of 1,300 shares."
2025-08-25 13:00:00,29.0,29.1,29.0,29.0,3800,CSI,"At 2025-08-25 13:00:00, the stock CSI opened at 29.00 VND, reached a high of 29.10 VND, a low of 29.00 VND, and closed the hour at 29.00 VND with a trading volume of 3,800 shares."
2025-08-25 14:00:00,29.0,29.0,29.0,29.0,6500,CSI,"At 2025-08-25 14:00:00, the stock CSI opened at 29.00 VND, reached a high of 29.00 VND, a low of 29.00 VND, and closed the hour at 29.00 VND with a trading volume of 6,500 shares."
2025-08-26 09:00:00,29.0,29.5,28.8,29.0,3700,CSI,"At 2025-08-26 09:00:00, the stock CSI opened at 29.00 VND, reached a high of 29.50 VND, a low of 28.80 VND, and closed the hour at 29.00 VND with a trading volume of 3,700 shares."
2025-08-26 10:00:00,29.0,29.4,29.0,29.4,1000,CSI,"At 2025-08-26 10:00:00, the stock CSI opened at 29.00 VND, reached a high of 29.40 VND, a low of 29.00 VND, and closed the hour at 29.40 VND with a trading volume of 1,000 shares."
2025-08-26 11:00:00,29.0,29.0,29.0,29.0,700,CSI,"At 2025-08-26 11:00:00, the stock CSI opened at 29.00 VND, reached a high of 29.00 VND, a low of 29.00 VND, and closed the hour at 29.00 VND with a trading volume of 700 shares."
2025-08-26 13:00:00,29.0,29.4,29.0,29.4,1700,CSI,"At 2025-08-26 13:00:00, the stock CSI opened at 29.00 VND, reached a high of 29.40 VND, a low of 29.00 VND, and closed the hour at 29.40 VND with a trading volume of 1,700 shares."
2025-08-26 14:00:00,29.4,29.4,29.3,29.4,1800,CSI,"At 2025-08-26 14:00:00, the stock CSI opened at 29.40 VND, reached a high of 29.40 VND, a low of 29.30 VND, and closed the hour at 29.40 VND with a trading volume of 1,800 shares."
2025-08-27 09:00:00,29.7,29.8,29.5,29.8,5900,CSI,"At 2025-08-27 09:00:00, the stock CSI opened at 29.70 VND, reached a high of 29.80 VND, a low of 29.50 VND, and closed the hour at 29.80 VND with a trading volume of 5,900 shares."
2025-08-27 10:00:00,29.6,29.6,29.3,29.6,1400,CSI,"At 2025-08-27 10:00:00, the stock CSI opened at 29.60 VND, reached a high of 29.60 VND, a low of 29.30 VND, and closed the hour at 29.60 VND with a trading volume of 1,400 shares."
2025-08-27 11:00:00,29.6,29.6,29.3,29.3,400,CSI,"At 2025-08-27 11:00:00, the stock CSI opened at 29.60 VND, reached a high of 29.60 VND, a low of 29.30 VND, and closed the hour at 29.30 VND with a trading volume of 400 shares."
2025-08-27 13:00:00,29.3,29.5,29.3,29.3,1800,CSI,"At 2025-08-27 13:00:00, the stock CSI opened at 29.30 VND, reached a high of 29.50 VND, a low of 29.30 VND, and closed the hour at 29.30 VND with a trading volume of 1,800 shares."
2025-08-27 14:00:00,29.5,29.6,29.5,29.6,800,CSI,"At 2025-08-27 14:00:00, the stock CSI opened at 29.50 VND, reached a high of 29.60 VND, a low of 29.50 VND, and closed the hour at 29.60 VND with a trading volume of 800 shares."
2025-08-28 09:00:00,29.5,29.9,28.8,28.8,6100,CSI,"At 2025-08-28 09:00:00, the stock CSI opened at 29.50 VND, reached a high of 29.90 VND, a low of 28.80 VND, and closed the hour at 28.80 VND with a trading volume of 6,100 shares."
2025-08-28 10:00:00,29.0,29.6,29.0,29.6,2000,CSI,"At 2025-08-28 10:00:00, the stock CSI opened at 29.00 VND, reached a high of 29.60 VND, a low of 29.00 VND, and closed the hour at 29.60 VND with a trading volume of 2,000 shares."
2025-08-28 11:00:00,29.6,29.8,29.6,29.8,2800,CSI,"At 2025-08-28 11:00:00, the stock CSI opened at 29.60 VND, reached a high of 29.80 VND, a low of 29.60 VND, and closed the hour at 29.80 VND with a trading volume of 2,800 shares."
2025-08-28 13:00:00,29.9,30.0,29.9,30.0,4900,CSI,"At 2025-08-28 13:00:00, the stock CSI opened at 29.90 VND, reached a high of 30.00 VND, a low of 29.90 VND, and closed the hour at 30.00 VND with a trading volume of 4,900 shares."
2025-08-28 14:00:00,30.0,30.0,29.9,30.0,5700,CSI,"At 2025-08-28 14:00:00, the stock CSI opened at 30.00 VND, reached a high of 30.00 VND, a low of 29.90 VND, and closed the hour at 30.00 VND with a trading volume of 5,700 shares."
2025-08-29 09:00:00,30.0,30.2,30.0,30.2,4200,CSI,"At 2025-08-29 09:00:00, the stock CSI opened at 30.00 VND, reached a high of 30.20 VND, a low of 30.00 VND, and closed the hour at 30.20 VND with a trading volume of 4,200 shares."
2025-08-29 10:00:00,30.2,30.5,30.0,30.5,18100,CSI,"At 2025-08-29 10:00:00, the stock CSI opened at 30.20 VND, reached a high of 30.50 VND, a low of 30.00 VND, and closed the hour at 30.50 VND with a trading volume of 18,100 shares."
2025-08-29 11:00:00,30.4,30.4,30.4,30.4,200,CSI,"At 2025-08-29 11:00:00, the stock CSI opened at 30.40 VND, reached a high of 30.40 VND, a low of 30.40 VND, and closed the hour at 30.40 VND with a trading volume of 200 shares."
2025-08-29 13:00:00,30.4,30.4,30.3,30.4,5200,CSI,"At 2025-08-29 13:00:00, the stock CSI opened at 30.40 VND, reached a high of 30.40 VND, a low of 30.30 VND, and closed the hour at 30.40 VND with a trading volume of 5,200 shares."
2025-08-29 14:00:00,30.4,30.4,30.4,30.4,1000,CSI,"At 2025-08-29 14:00:00, the stock CSI opened at 30.40 VND, reached a high of 30.40 VND, a low of 30.40 VND, and closed the hour at 30.40 VND with a trading volume of 1,000 shares."
2025-09-03 09:00:00,30.3,30.6,30.0,30.3,3200,CSI,"At 2025-09-03 09:00:00, the stock CSI opened at 30.30 VND, reached a high of 30.60 VND, a low of 30.00 VND, and closed the hour at 30.30 VND with a trading volume of 3,200 shares."
2025-09-03 10:00:00,30.6,31.0,30.6,30.9,3800,CSI,"At 2025-09-03 10:00:00, the stock CSI opened at 30.60 VND, reached a high of 31.00 VND, a low of 30.60 VND, and closed the hour at 30.90 VND with a trading volume of 3,800 shares."
2025-09-03 11:00:00,30.7,30.7,30.7,30.7,200,CSI,"At 2025-09-03 11:00:00, the stock CSI opened at 30.70 VND, reached a high of 30.70 VND, a low of 30.70 VND, and closed the hour at 30.70 VND with a trading volume of 200 shares."
2025-09-03 13:00:00,30.3,30.7,30.0,30.6,10600,CSI,"At 2025-09-03 13:00:00, the stock CSI opened at 30.30 VND, reached a high of 30.70 VND, a low of 30.00 VND, and closed the hour at 30.60 VND with a trading volume of 10,600 shares."
2025-09-03 14:00:00,30.6,30.7,30.2,30.3,2200,CSI,"At 2025-09-03 14:00:00, the stock CSI opened at 30.60 VND, reached a high of 30.70 VND, a low of 30.20 VND, and closed the hour at 30.30 VND with a trading volume of 2,200 shares."
2025-09-04 09:00:00,30.3,30.6,30.0,30.3,2500,CSI,"At 2025-09-04 09:00:00, the stock CSI opened at 30.30 VND, reached a high of 30.60 VND, a low of 30.00 VND, and closed the hour at 30.30 VND with a trading volume of 2,500 shares."
2025-09-04 10:00:00,30.1,30.1,30.0,30.0,3800,CSI,"At 2025-09-04 10:00:00, the stock CSI opened at 30.10 VND, reached a high of 30.10 VND, a low of 30.00 VND, and closed the hour at 30.00 VND with a trading volume of 3,800 shares."
2025-09-04 11:00:00,30.0,30.5,30.0,30.5,900,CSI,"At 2025-09-04 11:00:00, the stock CSI opened at 30.00 VND, reached a high of 30.50 VND, a low of 30.00 VND, and closed the hour at 30.50 VND with a trading volume of 900 shares."
2025-09-04 13:00:00,30.5,30.5,30.0,30.0,4000,CSI,"At 2025-09-04 13:00:00, the stock CSI opened at 30.50 VND, reached a high of 30.50 VND, a low of 30.00 VND, and closed the hour at 30.00 VND with a trading volume of 4,000 shares."
2025-09-04 14:00:00,30.0,30.6,30.0,30.6,3000,CSI,"At 2025-09-04 14:00:00, the stock CSI opened at 30.00 VND, reached a high of 30.60 VND, a low of 30.00 VND, and closed the hour at 30.60 VND with a trading volume of 3,000 shares."
2025-09-05 09:00:00,31.0,31.0,30.6,30.8,1400,CSI,"At 2025-09-05 09:00:00, the stock CSI opened at 31.00 VND, reached a high of 31.00 VND, a low of 30.60 VND, and closed the hour at 30.80 VND with a trading volume of 1,400 shares."
2025-09-05 10:00:00,30.1,30.6,30.1,30.6,900,CSI,"At 2025-09-05 10:00:00, the stock CSI opened at 30.10 VND, reached a high of 30.60 VND, a low of 30.10 VND, and closed the hour at 30.60 VND with a trading volume of 900 shares."
2025-09-05 11:00:00,30.5,30.5,30.1,30.1,600,CSI,"At 2025-09-05 11:00:00, the stock CSI opened at 30.50 VND, reached a high of 30.50 VND, a low of 30.10 VND, and closed the hour at 30.10 VND with a trading volume of 600 shares."
2025-09-05 13:00:00,30.5,30.6,30.0,30.0,11300,CSI,"At 2025-09-05 13:00:00, the stock CSI opened at 30.50 VND, reached a high of 30.60 VND, a low of 30.00 VND, and closed the hour at 30.00 VND with a trading volume of 11,300 shares."
2025-09-05 14:00:00,30.0,30.1,29.8,30.0,9500,CSI,"At 2025-09-05 14:00:00, the stock CSI opened at 30.00 VND, reached a high of 30.10 VND, a low of 29.80 VND, and closed the hour at 30.00 VND with a trading volume of 9,500 shares."
2025-09-08 09:00:00,30.0,30.1,29.5,30.0,4200,CSI,"At 2025-09-08 09:00:00, the stock CSI opened at 30.00 VND, reached a high of 30.10 VND, a low of 29.50 VND, and closed the hour at 30.00 VND with a trading volume of 4,200 shares."
2025-09-08 10:00:00,30.1,30.1,29.2,29.2,5300,CSI,"At 2025-09-08 10:00:00, the stock CSI opened at 30.10 VND, reached a high of 30.10 VND, a low of 29.20 VND, and closed the hour at 29.20 VND with a trading volume of 5,300 shares."
2025-09-08 11:00:00,29.2,29.5,29.2,29.5,1100,CSI,"At 2025-09-08 11:00:00, the stock CSI opened at 29.20 VND, reached a high of 29.50 VND, a low of 29.20 VND, and closed the hour at 29.50 VND with a trading volume of 1,100 shares."
2025-09-08 13:00:00,29.5,29.5,29.2,29.4,3900,CSI,"At 2025-09-08 13:00:00, the stock CSI opened at 29.50 VND, reached a high of 29.50 VND, a low of 29.20 VND, and closed the hour at 29.40 VND with a trading volume of 3,900 shares."
2025-09-08 14:00:00,29.5,29.5,28.8,29.0,3200,CSI,"At 2025-09-08 14:00:00, the stock CSI opened at 29.50 VND, reached a high of 29.50 VND, a low of 28.80 VND, and closed the hour at 29.00 VND with a trading volume of 3,200 shares."
2025-09-09 09:00:00,29.2,30.0,29.2,29.9,3000,CSI,"At 2025-09-09 09:00:00, the stock CSI opened at 29.20 VND, reached a high of 30.00 VND, a low of 29.20 VND, and closed the hour at 29.90 VND with a trading volume of 3,000 shares."
2025-09-09 10:00:00,29.8,29.8,29.2,29.5,2900,CSI,"At 2025-09-09 10:00:00, the stock CSI opened at 29.80 VND, reached a high of 29.80 VND, a low of 29.20 VND, and closed the hour at 29.50 VND with a trading volume of 2,900 shares."
2025-09-09 11:00:00,29.3,29.5,29.3,29.5,700,CSI,"At 2025-09-09 11:00:00, the stock CSI opened at 29.30 VND, reached a high of 29.50 VND, a low of 29.30 VND, and closed the hour at 29.50 VND with a trading volume of 700 shares."
2025-09-09 13:00:00,29.3,29.5,29.2,29.5,2400,CSI,"At 2025-09-09 13:00:00, the stock CSI opened at 29.30 VND, reached a high of 29.50 VND, a low of 29.20 VND, and closed the hour at 29.50 VND with a trading volume of 2,400 shares."
2025-09-09 14:00:00,29.5,29.8,29.5,29.8,1700,CSI,"At 2025-09-09 14:00:00, the stock CSI opened at 29.50 VND, reached a high of 29.80 VND, a low of 29.50 VND, and closed the hour at 29.80 VND with a trading volume of 1,700 shares."
2025-09-10 09:00:00,30.0,30.0,29.5,29.6,3900,CSI,"At 2025-09-10 09:00:00, the stock CSI opened at 30.00 VND, reached a high of 30.00 VND, a low of 29.50 VND, and closed the hour at 29.60 VND with a trading volume of 3,900 shares."
2025-09-10 10:00:00,29.6,29.9,29.3,29.5,3300,CSI,"At 2025-09-10 10:00:00, the stock CSI opened at 29.60 VND, reached a high of 29.90 VND, a low of 29.30 VND, and closed the hour at 29.50 VND with a trading volume of 3,300 shares."
2025-09-10 11:00:00,29.3,29.6,29.3,29.6,700,CSI,"At 2025-09-10 11:00:00, the stock CSI opened at 29.30 VND, reached a high of 29.60 VND, a low of 29.30 VND, and closed the hour at 29.60 VND with a trading volume of 700 shares."
2025-09-10 13:00:00,29.6,29.6,29.2,29.2,3300,CSI,"At 2025-09-10 13:00:00, the stock CSI opened at 29.60 VND, reached a high of 29.60 VND, a low of 29.20 VND, and closed the hour at 29.20 VND with a trading volume of 3,300 shares."
2025-09-10 14:00:00,29.6,30.0,29.6,30.0,2700,CSI,"At 2025-09-10 14:00:00, the stock CSI opened at 29.60 VND, reached a high of 30.00 VND, a low of 29.60 VND, and closed the hour at 30.00 VND with a trading volume of 2,700 shares."
2025-09-11 09:00:00,29.8,30.0,29.0,29.0,6100,CSI,"At 2025-09-11 09:00:00, the stock CSI opened at 29.80 VND, reached a high of 30.00 VND, a low of 29.00 VND, and closed the hour at 29.00 VND with a trading volume of 6,100 shares."
2025-09-11 10:00:00,29.3,29.3,28.6,28.6,9400,CSI,"At 2025-09-11 10:00:00, the stock CSI opened at 29.30 VND, reached a high of 29.30 VND, a low of 28.60 VND, and closed the hour at 28.60 VND with a trading volume of 9,400 shares."
2025-09-11 11:00:00,28.9,29.0,28.7,28.7,6400,CSI,"At 2025-09-11 11:00:00, the stock CSI opened at 28.90 VND, reached a high of 29.00 VND, a low of 28.70 VND, and closed the hour at 28.70 VND with a trading volume of 6,400 shares."
2025-09-11 13:00:00,28.7,29.0,28.5,29.0,16700,CSI,"At 2025-09-11 13:00:00, the stock CSI opened at 28.70 VND, reached a high of 29.00 VND, a low of 28.50 VND, and closed the hour at 29.00 VND with a trading volume of 16,700 shares."
2025-09-11 14:00:00,29.0,29.3,29.0,29.3,900,CSI,"At 2025-09-11 14:00:00, the stock CSI opened at 29.00 VND, reached a high of 29.30 VND, a low of 29.00 VND, and closed the hour at 29.30 VND with a trading volume of 900 shares."
2025-09-12 09:00:00,29.0,29.2,28.8,29.0,3600,CSI,"At 2025-09-12 09:00:00, the stock CSI opened at 29.00 VND, reached a high of 29.20 VND, a low of 28.80 VND, and closed the hour at 29.00 VND with a trading volume of 3,600 shares."
2025-09-12 10:00:00,28.8,28.8,28.6,28.8,23300,CSI,"At 2025-09-12 10:00:00, the stock CSI opened at 28.80 VND, reached a high of 28.80 VND, a low of 28.60 VND, and closed the hour at 28.80 VND with a trading volume of 23,300 shares."
2025-09-12 11:00:00,28.8,29.0,28.8,29.0,600,CSI,"At 2025-09-12 11:00:00, the stock CSI opened at 28.80 VND, reached a high of 29.00 VND, a low of 28.80 VND, and closed the hour at 29.00 VND with a trading volume of 600 shares."
2025-09-12 13:00:00,29.0,29.4,29.0,29.4,2700,CSI,"At 2025-09-12 13:00:00, the stock CSI opened at 29.00 VND, reached a high of 29.40 VND, a low of 29.00 VND, and closed the hour at 29.40 VND with a trading volume of 2,700 shares."
2025-09-12 14:00:00,29.4,29.4,28.8,28.8,2100,CSI,"At 2025-09-12 14:00:00, the stock CSI opened at 29.40 VND, reached a high of 29.40 VND, a low of 28.80 VND, and closed the hour at 28.80 VND with a trading volume of 2,100 shares."
2025-09-15 09:00:00,29.0,29.0,28.7,28.7,5300,CSI,"At 2025-09-15 09:00:00, the stock CSI opened at 29.00 VND, reached a high of 29.00 VND, a low of 28.70 VND, and closed the hour at 28.70 VND with a trading volume of 5,300 shares."
2025-09-15 10:00:00,28.8,28.8,28.5,28.5,6000,CSI,"At 2025-09-15 10:00:00, the stock CSI opened at 28.80 VND, reached a high of 28.80 VND, a low of 28.50 VND, and closed the hour at 28.50 VND with a trading volume of 6,000 shares."
2025-09-15 11:00:00,28.5,28.8,28.5,28.8,900,CSI,"At 2025-09-15 11:00:00, the stock CSI opened at 28.50 VND, reached a high of 28.80 VND, a low of 28.50 VND, and closed the hour at 28.80 VND with a trading volume of 900 shares."
2025-09-15 13:00:00,28.8,28.8,28.3,28.3,2200,CSI,"At 2025-09-15 13:00:00, the stock CSI opened at 28.80 VND, reached a high of 28.80 VND, a low of 28.30 VND, and closed the hour at 28.30 VND with a trading volume of 2,200 shares."
2025-09-15 14:00:00,28.5,28.8,28.5,28.8,2700,CSI,"At 2025-09-15 14:00:00, the stock CSI opened at 28.50 VND, reached a high of 28.80 VND, a low of 28.50 VND, and closed the hour at 28.80 VND with a trading volume of 2,700 shares."
2025-09-16 09:00:00,28.6,29.0,28.6,29.0,2500,CSI,"At 2025-09-16 09:00:00, the stock CSI opened at 28.60 VND, reached a high of 29.00 VND, a low of 28.60 VND, and closed the hour at 29.00 VND with a trading volume of 2,500 shares."
2025-09-16 10:00:00,28.8,28.8,28.4,28.6,5700,CSI,"At 2025-09-16 10:00:00, the stock CSI opened at 28.80 VND, reached a high of 28.80 VND, a low of 28.40 VND, and closed the hour at 28.60 VND with a trading volume of 5,700 shares."
2025-09-16 11:00:00,28.6,28.8,28.3,28.3,1300,CSI,"At 2025-09-16 11:00:00, the stock CSI opened at 28.60 VND, reached a high of 28.80 VND, a low of 28.30 VND, and closed the hour at 28.30 VND with a trading volume of 1,300 shares."
2025-09-16 13:00:00,28.3,28.3,28.2,28.3,6500,CSI,"At 2025-09-16 13:00:00, the stock CSI opened at 28.30 VND, reached a high of 28.30 VND, a low of 28.20 VND, and closed the hour at 28.30 VND with a trading volume of 6,500 shares."
2025-09-16 14:00:00,28.3,28.6,28.3,28.6,4700,CSI,"At 2025-09-16 14:00:00, the stock CSI opened at 28.30 VND, reached a high of 28.60 VND, a low of 28.30 VND, and closed the hour at 28.60 VND with a trading volume of 4,700 shares."
2025-09-17 09:00:00,28.6,29.0,28.5,29.0,3000,CSI,"At 2025-09-17 09:00:00, the stock CSI opened at 28.60 VND, reached a high of 29.00 VND, a low of 28.50 VND, and closed the hour at 29.00 VND with a trading volume of 3,000 shares."
2025-09-17 10:00:00,28.5,28.5,28.5,28.5,1300,CSI,"At 2025-09-17 10:00:00, the stock CSI opened at 28.50 VND, reached a high of 28.50 VND, a low of 28.50 VND, and closed the hour at 28.50 VND with a trading volume of 1,300 shares."
2025-09-17 11:00:00,28.5,28.5,28.4,28.4,2800,CSI,"At 2025-09-17 11:00:00, the stock CSI opened at 28.50 VND, reached a high of 28.50 VND, a low of 28.40 VND, and closed the hour at 28.40 VND with a trading volume of 2,800 shares."
2025-09-17 13:00:00,28.4,28.4,28.3,28.3,12700,CSI,"At 2025-09-17 13:00:00, the stock CSI opened at 28.40 VND, reached a high of 28.40 VND, a low of 28.30 VND, and closed the hour at 28.30 VND with a trading volume of 12,700 shares."
2025-09-17 14:00:00,28.3,28.4,28.0,28.0,2400,CSI,"At 2025-09-17 14:00:00, the stock CSI opened at 28.30 VND, reached a high of 28.40 VND, a low of 28.00 VND, and closed the hour at 28.00 VND with a trading volume of 2,400 shares."
2025-09-18 09:00:00,28.4,28.4,28.2,28.3,2100,CSI,"At 2025-09-18 09:00:00, the stock CSI opened at 28.40 VND, reached a high of 28.40 VND, a low of 28.20 VND, and closed the hour at 28.30 VND with a trading volume of 2,100 shares."
2025-09-18 10:00:00,28.2,28.4,28.0,28.0,2100,CSI,"At 2025-09-18 10:00:00, the stock CSI opened at 28.20 VND, reached a high of 28.40 VND, a low of 28.00 VND, and closed the hour at 28.00 VND with a trading volume of 2,100 shares."
2025-09-18 11:00:00,28.0,28.0,28.0,28.0,100,CSI,"At 2025-09-18 11:00:00, the stock CSI opened at 28.00 VND, reached a high of 28.00 VND, a low of 28.00 VND, and closed the hour at 28.00 VND with a trading volume of 100 shares."
2025-09-18 13:00:00,28.0,28.1,28.0,28.1,1100,CSI,"At 2025-09-18 13:00:00, the stock CSI opened at 28.00 VND, reached a high of 28.10 VND, a low of 28.00 VND, and closed the hour at 28.10 VND with a trading volume of 1,100 shares."
2025-09-18 14:00:00,28.1,28.4,28.1,28.1,2000,CSI,"At 2025-09-18 14:00:00, the stock CSI opened at 28.10 VND, reached a high of 28.40 VND, a low of 28.10 VND, and closed the hour at 28.10 VND with a trading volume of 2,000 shares."
2025-09-19 09:00:00,28.5,29.0,28.5,28.7,2200,CSI,"At 2025-09-19 09:00:00, the stock CSI opened at 28.50 VND, reached a high of 29.00 VND, a low of 28.50 VND, and closed the hour at 28.70 VND with a trading volume of 2,200 shares."
2025-09-19 10:00:00,28.5,28.8,28.5,28.8,1200,CSI,"At 2025-09-19 10:00:00, the stock CSI opened at 28.50 VND, reached a high of 28.80 VND, a low of 28.50 VND, and closed the hour at 28.80 VND with a trading volume of 1,200 shares."
2025-09-19 11:00:00,28.8,28.8,28.5,28.5,200,CSI,"At 2025-09-19 11:00:00, the stock CSI opened at 28.80 VND, reached a high of 28.80 VND, a low of 28.50 VND, and closed the hour at 28.50 VND with a trading volume of 200 shares."
2025-09-19 13:00:00,28.8,29.0,28.5,29.0,2600,CSI,"At 2025-09-19 13:00:00, the stock CSI opened at 28.80 VND, reached a high of 29.00 VND, a low of 28.50 VND, and closed the hour at 29.00 VND with a trading volume of 2,600 shares."
2025-09-19 14:00:00,29.0,29.0,28.9,28.9,700,CSI,"At 2025-09-19 14:00:00, the stock CSI opened at 29.00 VND, reached a high of 29.00 VND, a low of 28.90 VND, and closed the hour at 28.90 VND with a trading volume of 700 shares."
2025-09-22 09:00:00,28.6,29.0,28.6,28.6,3500,CSI,"At 2025-09-22 09:00:00, the stock CSI opened at 28.60 VND, reached a high of 29.00 VND, a low of 28.60 VND, and closed the hour at 28.60 VND with a trading volume of 3,500 shares."
2025-09-22 10:00:00,28.4,28.7,28.4,28.7,2500,CSI,"At 2025-09-22 10:00:00, the stock CSI opened at 28.40 VND, reached a high of 28.70 VND, a low of 28.40 VND, and closed the hour at 28.70 VND with a trading volume of 2,500 shares."
2025-09-22 11:00:00,28.5,28.5,28.4,28.4,900,CSI,"At 2025-09-22 11:00:00, the stock CSI opened at 28.50 VND, reached a high of 28.50 VND, a low of 28.40 VND, and closed the hour at 28.40 VND with a trading volume of 900 shares."
2025-09-22 13:00:00,28.4,28.4,28.0,28.3,5600,CSI,"At 2025-09-22 13:00:00, the stock CSI opened at 28.40 VND, reached a high of 28.40 VND, a low of 28.00 VND, and closed the hour at 28.30 VND with a trading volume of 5,600 shares."
2025-09-22 14:00:00,28.3,28.4,28.0,28.0,3300,CSI,"At 2025-09-22 14:00:00, the stock CSI opened at 28.30 VND, reached a high of 28.40 VND, a low of 28.00 VND, and closed the hour at 28.00 VND with a trading volume of 3,300 shares."
2025-09-23 09:00:00,28.0,28.6,28.0,28.4,2400,CSI,"At 2025-09-23 09:00:00, the stock CSI opened at 28.00 VND, reached a high of 28.60 VND, a low of 28.00 VND, and closed the hour at 28.40 VND with a trading volume of 2,400 shares."
2025-09-23 10:00:00,28.6,28.8,28.4,28.7,2000,CSI,"At 2025-09-23 10:00:00, the stock CSI opened at 28.60 VND, reached a high of 28.80 VND, a low of 28.40 VND, and closed the hour at 28.70 VND with a trading volume of 2,000 shares."
2025-09-23 11:00:00,28.7,28.8,28.6,28.6,900,CSI,"At 2025-09-23 11:00:00, the stock CSI opened at 28.70 VND, reached a high of 28.80 VND, a low of 28.60 VND, and closed the hour at 28.60 VND with a trading volume of 900 shares."
2025-09-23 13:00:00,28.6,28.6,28.0,28.0,2700,CSI,"At 2025-09-23 13:00:00, the stock CSI opened at 28.60 VND, reached a high of 28.60 VND, a low of 28.00 VND, and closed the hour at 28.00 VND with a trading volume of 2,700 shares."
2025-09-23 14:00:00,28.0,28.4,28.0,28.4,1000,CSI,"At 2025-09-23 14:00:00, the stock CSI opened at 28.00 VND, reached a high of 28.40 VND, a low of 28.00 VND, and closed the hour at 28.40 VND with a trading volume of 1,000 shares."
2025-09-24 09:00:00,28.4,28.6,28.2,28.2,2800,CSI,"At 2025-09-24 09:00:00, the stock CSI opened at 28.40 VND, reached a high of 28.60 VND, a low of 28.20 VND, and closed the hour at 28.20 VND with a trading volume of 2,800 shares."
2025-09-24 10:00:00,28.4,28.5,28.0,28.0,2000,CSI,"At 2025-09-24 10:00:00, the stock CSI opened at 28.40 VND, reached a high of 28.50 VND, a low of 28.00 VND, and closed the hour at 28.00 VND with a trading volume of 2,000 shares."
2025-09-24 11:00:00,28.0,28.0,28.0,28.0,1900,CSI,"At 2025-09-24 11:00:00, the stock CSI opened at 28.00 VND, reached a high of 28.00 VND, a low of 28.00 VND, and closed the hour at 28.00 VND with a trading volume of 1,900 shares."
2025-09-24 13:00:00,28.0,28.2,28.0,28.0,2500,CSI,"At 2025-09-24 13:00:00, the stock CSI opened at 28.00 VND, reached a high of 28.20 VND, a low of 28.00 VND, and closed the hour at 28.00 VND with a trading volume of 2,500 shares."
2025-09-24 14:00:00,28.0,28.6,28.0,28.6,1400,CSI,"At 2025-09-24 14:00:00, the stock CSI opened at 28.00 VND, reached a high of 28.60 VND, a low of 28.00 VND, and closed the hour at 28.60 VND with a trading volume of 1,400 shares."
2025-09-25 09:00:00,28.6,28.7,28.2,28.3,1700,CSI,"At 2025-09-25 09:00:00, the stock CSI opened at 28.60 VND, reached a high of 28.70 VND, a low of 28.20 VND, and closed the hour at 28.30 VND with a trading volume of 1,700 shares."
2025-09-25 10:00:00,28.3,28.6,28.2,28.6,2000,CSI,"At 2025-09-25 10:00:00, the stock CSI opened at 28.30 VND, reached a high of 28.60 VND, a low of 28.20 VND, and closed the hour at 28.60 VND with a trading volume of 2,000 shares."
2025-09-25 11:00:00,28.5,28.5,28.2,28.2,700,CSI,"At 2025-09-25 11:00:00, the stock CSI opened at 28.50 VND, reached a high of 28.50 VND, a low of 28.20 VND, and closed the hour at 28.20 VND with a trading volume of 700 shares."
2025-09-25 13:00:00,28.2,28.5,28.2,28.2,900,CSI,"At 2025-09-25 13:00:00, the stock CSI opened at 28.20 VND, reached a high of 28.50 VND, a low of 28.20 VND, and closed the hour at 28.20 VND with a trading volume of 900 shares."
2025-09-25 14:00:00,28.0,28.0,28.0,28.0,1900,CSI,"At 2025-09-25 14:00:00, the stock CSI opened at 28.00 VND, reached a high of 28.00 VND, a low of 28.00 VND, and closed the hour at 28.00 VND with a trading volume of 1,900 shares."
2025-09-26 09:00:00,28.3,28.5,28.0,28.0,2300,CSI,"At 2025-09-26 09:00:00, the stock CSI opened at 28.30 VND, reached a high of 28.50 VND, a low of 28.00 VND, and closed the hour at 28.00 VND with a trading volume of 2,300 shares."
2025-09-26 10:00:00,28.0,28.2,28.0,28.0,1200,CSI,"At 2025-09-26 10:00:00, the stock CSI opened at 28.00 VND, reached a high of 28.20 VND, a low of 28.00 VND, and closed the hour at 28.00 VND with a trading volume of 1,200 shares."
2025-09-26 11:00:00,28.0,28.1,28.0,28.0,1100,CSI,"At 2025-09-26 11:00:00, the stock CSI opened at 28.00 VND, reached a high of 28.10 VND, a low of 28.00 VND, and closed the hour at 28.00 VND with a trading volume of 1,100 shares."
2025-09-26 13:00:00,28.0,28.3,28.0,28.2,4700,CSI,"At 2025-09-26 13:00:00, the stock CSI opened at 28.00 VND, reached a high of 28.30 VND, a low of 28.00 VND, and closed the hour at 28.20 VND with a trading volume of 4,700 shares."
2025-09-26 14:00:00,28.2,28.5,28.2,28.3,4000,CSI,"At 2025-09-26 14:00:00, the stock CSI opened at 28.20 VND, reached a high of 28.50 VND, a low of 28.20 VND, and closed the hour at 28.30 VND with a trading volume of 4,000 shares."
2025-09-29 09:00:00,28.2,28.2,28.2,28.2,200,CSI,"At 2025-09-29 09:00:00, the stock CSI opened at 28.20 VND, reached a high of 28.20 VND, a low of 28.20 VND, and closed the hour at 28.20 VND with a trading volume of 200 shares."
2025-09-29 10:00:00,28.2,28.2,28.2,28.2,200,CSI,"At 2025-09-29 10:00:00, the stock CSI opened at 28.20 VND, reached a high of 28.20 VND, a low of 28.20 VND, and closed the hour at 28.20 VND with a trading volume of 200 shares."
2025-09-29 11:00:00,28.2,28.2,28.2,28.2,4000,CSI,"At 2025-09-29 11:00:00, the stock CSI opened at 28.20 VND, reached a high of 28.20 VND, a low of 28.20 VND, and closed the hour at 28.20 VND with a trading volume of 4,000 shares."
2025-09-29 13:00:00,28.3,28.3,28.1,28.1,6700,CSI,"At 2025-09-29 13:00:00, the stock CSI opened at 28.30 VND, reached a high of 28.30 VND, a low of 28.10 VND, and closed the hour at 28.10 VND with a trading volume of 6,700 shares."
2025-09-29 14:00:00,28.2,28.2,28.2,28.2,100,CSI,"At 2025-09-29 14:00:00, the stock CSI opened at 28.20 VND, reached a high of 28.20 VND, a low of 28.20 VND, and closed the hour at 28.20 VND with a trading volume of 100 shares."
2025-09-30 10:00:00,28.1,28.1,28.0,28.0,8700,CSI,"At 2025-09-30 10:00:00, the stock CSI opened at 28.10 VND, reached a high of 28.10 VND, a low of 28.00 VND, and closed the hour at 28.00 VND with a trading volume of 8,700 shares."
2025-09-30 11:00:00,28.0,28.0,27.9,27.9,5000,CSI,"At 2025-09-30 11:00:00, the stock CSI opened at 28.00 VND, reached a high of 28.00 VND, a low of 27.90 VND, and closed the hour at 27.90 VND with a trading volume of 5,000 shares."
2025-09-30 13:00:00,27.9,27.9,27.8,27.8,3500,CSI,"At 2025-09-30 13:00:00, the stock CSI opened at 27.90 VND, reached a high of 27.90 VND, a low of 27.80 VND, and closed the hour at 27.80 VND with a trading volume of 3,500 shares."
2025-09-30 14:00:00,27.8,27.8,27.8,27.8,1100,CSI,"At 2025-09-30 14:00:00, the stock CSI opened at 27.80 VND, reached a high of 27.80 VND, a low of 27.80 VND, and closed the hour at 27.80 VND with a trading volume of 1,100 shares."
2025-10-01 09:00:00,27.9,27.9,27.9,27.9,600,CSI,"At 2025-10-01 09:00:00, the stock CSI opened at 27.90 VND, reached a high of 27.90 VND, a low of 27.90 VND, and closed the hour at 27.90 VND with a trading volume of 600 shares."
2025-10-01 10:00:00,27.9,27.9,27.9,27.9,1200,CSI,"At 2025-10-01 10:00:00, the stock CSI opened at 27.90 VND, reached a high of 27.90 VND, a low of 27.90 VND, and closed the hour at 27.90 VND with a trading volume of 1,200 shares."
2025-10-01 11:00:00,28.0,28.0,28.0,28.0,400,CSI,"At 2025-10-01 11:00:00, the stock CSI opened at 28.00 VND, reached a high of 28.00 VND, a low of 28.00 VND, and closed the hour at 28.00 VND with a trading volume of 400 shares."
2025-10-01 13:00:00,28.0,28.0,27.9,27.9,1200,CSI,"At 2025-10-01 13:00:00, the stock CSI opened at 28.00 VND, reached a high of 28.00 VND, a low of 27.90 VND, and closed the hour at 27.90 VND with a trading volume of 1,200 shares."
2025-10-01 14:00:00,28.0,28.0,28.0,28.0,200,CSI,"At 2025-10-01 14:00:00, the stock CSI opened at 28.00 VND, reached a high of 28.00 VND, a low of 28.00 VND, and closed the hour at 28.00 VND with a trading volume of 200 shares."
2025-10-02 09:00:00,28.0,28.0,28.0,28.0,3100,CSI,"At 2025-10-02 09:00:00, the stock CSI opened at 28.00 VND, reached a high of 28.00 VND, a low of 28.00 VND, and closed the hour at 28.00 VND with a trading volume of 3,100 shares."
2025-10-02 10:00:00,28.1,28.1,28.1,28.1,300,CSI,"At 2025-10-02 10:00:00, the stock CSI opened at 28.10 VND, reached a high of 28.10 VND, a low of 28.10 VND, and closed the hour at 28.10 VND with a trading volume of 300 shares."
2025-10-02 11:00:00,28.1,28.1,28.1,28.1,300,CSI,"At 2025-10-02 11:00:00, the stock CSI opened at 28.10 VND, reached a high of 28.10 VND, a low of 28.10 VND, and closed the hour at 28.10 VND with a trading volume of 300 shares."
2025-10-02 13:00:00,28.1,28.1,28.1,28.1,200,CSI,"At 2025-10-02 13:00:00, the stock CSI opened at 28.10 VND, reached a high of 28.10 VND, a low of 28.10 VND, and closed the hour at 28.10 VND with a trading volume of 200 shares."
2025-10-02 14:00:00,28.0,28.0,28.0,28.0,2100,CSI,"At 2025-10-02 14:00:00, the stock CSI opened at 28.00 VND, reached a high of 28.00 VND, a low of 28.00 VND, and closed the hour at 28.00 VND with a trading volume of 2,100 shares."
2025-10-03 09:00:00,28.0,28.0,27.9,27.9,3600,CSI,"At 2025-10-03 09:00:00, the stock CSI opened at 28.00 VND, reached a high of 28.00 VND, a low of 27.90 VND, and closed the hour at 27.90 VND with a trading volume of 3,600 shares."
2025-10-03 10:00:00,27.9,27.9,27.9,27.9,1000,CSI,"At 2025-10-03 10:00:00, the stock CSI opened at 27.90 VND, reached a high of 27.90 VND, a low of 27.90 VND, and closed the hour at 27.90 VND with a trading volume of 1,000 shares."
2025-10-03 11:00:00,27.9,27.9,27.9,27.9,100,CSI,"At 2025-10-03 11:00:00, the stock CSI opened at 27.90 VND, reached a high of 27.90 VND, a low of 27.90 VND, and closed the hour at 27.90 VND with a trading volume of 100 shares."
2025-10-03 13:00:00,27.9,27.9,27.9,27.9,200,CSI,"At 2025-10-03 13:00:00, the stock CSI opened at 27.90 VND, reached a high of 27.90 VND, a low of 27.90 VND, and closed the hour at 27.90 VND with a trading volume of 200 shares."
2025-10-03 14:00:00,28.0,28.0,28.0,28.0,200,CSI,"At 2025-10-03 14:00:00, the stock CSI opened at 28.00 VND, reached a high of 28.00 VND, a low of 28.00 VND, and closed the hour at 28.00 VND with a trading volume of 200 shares."
2025-10-06 09:00:00,28.0,28.0,27.9,27.9,2200,CSI,"At 2025-10-06 09:00:00, the stock CSI opened at 28.00 VND, reached a high of 28.00 VND, a low of 27.90 VND, and closed the hour at 27.90 VND with a trading volume of 2,200 shares."
2025-10-06 10:00:00,28.0,28.1,28.0,28.1,5700,CSI,"At 2025-10-06 10:00:00, the stock CSI opened at 28.00 VND, reached a high of 28.10 VND, a low of 28.00 VND, and closed the hour at 28.10 VND with a trading volume of 5,700 shares."
2025-10-06 11:00:00,28.2,28.6,28.2,28.6,15800,CSI,"At 2025-10-06 11:00:00, the stock CSI opened at 28.20 VND, reached a high of 28.60 VND, a low of 28.20 VND, and closed the hour at 28.60 VND with a trading volume of 15,800 shares."
2025-10-06 13:00:00,28.6,29.0,28.6,29.0,2500,CSI,"At 2025-10-06 13:00:00, the stock CSI opened at 28.60 VND, reached a high of 29.00 VND, a low of 28.60 VND, and closed the hour at 29.00 VND with a trading volume of 2,500 shares."
2025-10-06 14:00:00,28.9,29.0,28.9,29.0,1300,CSI,"At 2025-10-06 14:00:00, the stock CSI opened at 28.90 VND, reached a high of 29.00 VND, a low of 28.90 VND, and closed the hour at 29.00 VND with a trading volume of 1,300 shares."
2025-10-07 09:00:00,28.8,29.0,28.8,29.0,1400,CSI,"At 2025-10-07 09:00:00, the stock CSI opened at 28.80 VND, reached a high of 29.00 VND, a low of 28.80 VND, and closed the hour at 29.00 VND with a trading volume of 1,400 shares."
2025-10-07 10:00:00,29.0,29.0,29.0,29.0,300,CSI,"At 2025-10-07 10:00:00, the stock CSI opened at 29.00 VND, reached a high of 29.00 VND, a low of 29.00 VND, and closed the hour at 29.00 VND with a trading volume of 300 shares."
2025-10-07 11:00:00,29.0,29.0,28.5,28.5,3300,CSI,"At 2025-10-07 11:00:00, the stock CSI opened at 29.00 VND, reached a high of 29.00 VND, a low of 28.50 VND, and closed the hour at 28.50 VND with a trading volume of 3,300 shares."
2025-10-07 13:00:00,28.5,28.5,28.4,28.4,800,CSI,"At 2025-10-07 13:00:00, the stock CSI opened at 28.50 VND, reached a high of 28.50 VND, a low of 28.40 VND, and closed the hour at 28.40 VND with a trading volume of 800 shares."
2025-10-07 14:00:00,28.4,28.4,28.4,28.4,200,CSI,"At 2025-10-07 14:00:00, the stock CSI opened at 28.40 VND, reached a high of 28.40 VND, a low of 28.40 VND, and closed the hour at 28.40 VND with a trading volume of 200 shares."
2025-10-08 09:00:00,29.0,29.0,28.6,28.8,8300,CSI,"At 2025-10-08 09:00:00, the stock CSI opened at 29.00 VND, reached a high of 29.00 VND, a low of 28.60 VND, and closed the hour at 28.80 VND with a trading volume of 8,300 shares."
2025-10-08 10:00:00,28.8,29.0,28.8,29.0,400,CSI,"At 2025-10-08 10:00:00, the stock CSI opened at 28.80 VND, reached a high of 29.00 VND, a low of 28.80 VND, and closed the hour at 29.00 VND with a trading volume of 400 shares."
2025-10-08 11:00:00,29.0,29.0,29.0,29.0,100,CSI,"At 2025-10-08 11:00:00, the stock CSI opened at 29.00 VND, reached a high of 29.00 VND, a low of 29.00 VND, and closed the hour at 29.00 VND with a trading volume of 100 shares."
2025-10-08 13:00:00,28.7,28.7,28.6,28.6,600,CSI,"At 2025-10-08 13:00:00, the stock CSI opened at 28.70 VND, reached a high of 28.70 VND, a low of 28.60 VND, and closed the hour at 28.60 VND with a trading volume of 600 shares."
2025-10-08 14:00:00,28.6,29.0,28.3,29.0,18300,CSI,"At 2025-10-08 14:00:00, the stock CSI opened at 28.60 VND, reached a high of 29.00 VND, a low of 28.30 VND, and closed the hour at 29.00 VND with a trading volume of 18,300 shares."
2025-10-09 09:00:00,28.8,29.0,28.8,29.0,1900,CSI,"At 2025-10-09 09:00:00, the stock CSI opened at 28.80 VND, reached a high of 29.00 VND, a low of 28.80 VND, and closed the hour at 29.00 VND with a trading volume of 1,900 shares."
2025-10-09 10:00:00,28.5,28.5,28.4,28.4,2300,CSI,"At 2025-10-09 10:00:00, the stock CSI opened at 28.50 VND, reached a high of 28.50 VND, a low of 28.40 VND, and closed the hour at 28.40 VND with a trading volume of 2,300 shares."
2025-10-09 11:00:00,28.4,28.4,28.4,28.4,100,CSI,"At 2025-10-09 11:00:00, the stock CSI opened at 28.40 VND, reached a high of 28.40 VND, a low of 28.40 VND, and closed the hour at 28.40 VND with a trading volume of 100 shares."
2025-10-09 13:00:00,28.4,28.4,28.4,28.4,400,CSI,"At 2025-10-09 13:00:00, the stock CSI opened at 28.40 VND, reached a high of 28.40 VND, a low of 28.40 VND, and closed the hour at 28.40 VND with a trading volume of 400 shares."
2025-10-09 14:00:00,28.4,28.4,28.4,28.4,300,CSI,"At 2025-10-09 14:00:00, the stock CSI opened at 28.40 VND, reached a high of 28.40 VND, a low of 28.40 VND, and closed the hour at 28.40 VND with a trading volume of 300 shares."
2025-10-10 09:00:00,28.6,28.6,28.6,28.6,600,CSI,"At 2025-10-10 09:00:00, the stock CSI opened at 28.60 VND, reached a high of 28.60 VND, a low of 28.60 VND, and closed the hour at 28.60 VND with a trading volume of 600 shares."
2025-10-10 10:00:00,28.6,28.6,28.4,28.6,1600,CSI,"At 2025-10-10 10:00:00, the stock CSI opened at 28.60 VND, reached a high of 28.60 VND, a low of 28.40 VND, and closed the hour at 28.60 VND with a trading volume of 1,600 shares."
2025-10-10 11:00:00,28.6,28.6,28.6,28.6,300,CSI,"At 2025-10-10 11:00:00, the stock CSI opened at 28.60 VND, reached a high of 28.60 VND, a low of 28.60 VND, and closed the hour at 28.60 VND with a trading volume of 300 shares."
2025-10-10 13:00:00,28.6,28.7,28.6,28.7,1400,CSI,"At 2025-10-10 13:00:00, the stock CSI opened at 28.60 VND, reached a high of 28.70 VND, a low of 28.60 VND, and closed the hour at 28.70 VND with a trading volume of 1,400 shares."
2025-10-10 14:00:00,28.7,28.7,28.7,28.7,300,CSI,"At 2025-10-10 14:00:00, the stock CSI opened at 28.70 VND, reached a high of 28.70 VND, a low of 28.70 VND, and closed the hour at 28.70 VND with a trading volume of 300 shares."
2025-10-13 09:00:00,28.5,28.5,28.4,28.4,4600,CSI,"At 2025-10-13 09:00:00, the stock CSI opened at 28.50 VND, reached a high of 28.50 VND, a low of 28.40 VND, and closed the hour at 28.40 VND with a trading volume of 4,600 shares."
2025-10-13 10:00:00,28.4,28.5,28.4,28.5,400,CSI,"At 2025-10-13 10:00:00, the stock CSI opened at 28.40 VND, reached a high of 28.50 VND, a low of 28.40 VND, and closed the hour at 28.50 VND with a trading volume of 400 shares."
2025-10-13 13:00:00,28.3,28.3,28.3,28.3,7700,CSI,"At 2025-10-13 13:00:00, the stock CSI opened at 28.30 VND, reached a high of 28.30 VND, a low of 28.30 VND, and closed the hour at 28.30 VND with a trading volume of 7,700 shares."
2025-10-13 14:00:00,28.3,28.3,28.3,28.3,1000,CSI,"At 2025-10-13 14:00:00, the stock CSI opened at 28.30 VND, reached a high of 28.30 VND, a low of 28.30 VND, and closed the hour at 28.30 VND with a trading volume of 1,000 shares."
2025-10-14 09:00:00,28.4,28.4,28.4,28.4,1000,CSI,"At 2025-10-14 09:00:00, the stock CSI opened at 28.40 VND, reached a high of 28.40 VND, a low of 28.40 VND, and closed the hour at 28.40 VND with a trading volume of 1,000 shares."
2025-10-14 10:00:00,28.4,28.4,28.3,28.3,600,CSI,"At 2025-10-14 10:00:00, the stock CSI opened at 28.40 VND, reached a high of 28.40 VND, a low of 28.30 VND, and closed the hour at 28.30 VND with a trading volume of 600 shares."
2025-10-14 11:00:00,28.3,28.3,28.3,28.3,6700,CSI,"At 2025-10-14 11:00:00, the stock CSI opened at 28.30 VND, reached a high of 28.30 VND, a low of 28.30 VND, and closed the hour at 28.30 VND with a trading volume of 6,700 shares."
2025-10-14 13:00:00,28.2,28.3,28.2,28.3,1200,CSI,"At 2025-10-14 13:00:00, the stock CSI opened at 28.20 VND, reached a high of 28.30 VND, a low of 28.20 VND, and closed the hour at 28.30 VND with a trading volume of 1,200 shares."
2025-10-14 14:00:00,28.3,28.3,28.2,28.2,900,CSI,"At 2025-10-14 14:00:00, the stock CSI opened at 28.30 VND, reached a high of 28.30 VND, a low of 28.20 VND, and closed the hour at 28.20 VND with a trading volume of 900 shares."
2025-10-15 09:00:00,28.3,28.3,28.2,28.2,2200,CSI,"At 2025-10-15 09:00:00, the stock CSI opened at 28.30 VND, reached a high of 28.30 VND, a low of 28.20 VND, and closed the hour at 28.20 VND with a trading volume of 2,200 shares."
2025-10-15 10:00:00,28.2,28.2,28.2,28.2,1300,CSI,"At 2025-10-15 10:00:00, the stock CSI opened at 28.20 VND, reached a high of 28.20 VND, a low of 28.20 VND, and closed the hour at 28.20 VND with a trading volume of 1,300 shares."
2025-10-15 11:00:00,28.2,28.2,28.2,28.2,100,CSI,"At 2025-10-15 11:00:00, the stock CSI opened at 28.20 VND, reached a high of 28.20 VND, a low of 28.20 VND, and closed the hour at 28.20 VND with a trading volume of 100 shares."
2025-10-15 13:00:00,28.2,28.2,28.2,28.2,300,CSI,"At 2025-10-15 13:00:00, the stock CSI opened at 28.20 VND, reached a high of 28.20 VND, a low of 28.20 VND, and closed the hour at 28.20 VND with a trading volume of 300 shares."
2025-10-15 14:00:00,28.3,28.3,28.3,28.3,500,CSI,"At 2025-10-15 14:00:00, the stock CSI opened at 28.30 VND, reached a high of 28.30 VND, a low of 28.30 VND, and closed the hour at 28.30 VND with a trading volume of 500 shares."
2025-10-16 09:00:00,28.3,28.3,28.3,28.3,400,CSI,"At 2025-10-16 09:00:00, the stock CSI opened at 28.30 VND, reached a high of 28.30 VND, a low of 28.30 VND, and closed the hour at 28.30 VND with a trading volume of 400 shares."
2025-10-16 10:00:00,28.2,28.2,28.2,28.2,1000,CSI,"At 2025-10-16 10:00:00, the stock CSI opened at 28.20 VND, reached a high of 28.20 VND, a low of 28.20 VND, and closed the hour at 28.20 VND with a trading volume of 1,000 shares."
2025-10-16 13:00:00,28.2,28.3,28.2,28.3,1400,CSI,"At 2025-10-16 13:00:00, the stock CSI opened at 28.20 VND, reached a high of 28.30 VND, a low of 28.20 VND, and closed the hour at 28.30 VND with a trading volume of 1,400 shares."
2025-10-16 14:00:00,28.2,28.2,28.2,28.2,700,CSI,"At 2025-10-16 14:00:00, the stock CSI opened at 28.20 VND, reached a high of 28.20 VND, a low of 28.20 VND, and closed the hour at 28.20 VND with a trading volume of 700 shares."
2025-10-17 09:00:00,28.1,28.2,28.1,28.1,3500,CSI,"At 2025-10-17 09:00:00, the stock CSI opened at 28.10 VND, reached a high of 28.20 VND, a low of 28.10 VND, and closed the hour at 28.10 VND with a trading volume of 3,500 shares."
2025-10-17 10:00:00,28.1,28.1,28.0,28.0,5400,CSI,"At 2025-10-17 10:00:00, the stock CSI opened at 28.10 VND, reached a high of 28.10 VND, a low of 28.00 VND, and closed the hour at 28.00 VND with a trading volume of 5,400 shares."
2025-10-17 11:00:00,28.0,28.0,28.0,28.0,1000,CSI,"At 2025-10-17 11:00:00, the stock CSI opened at 28.00 VND, reached a high of 28.00 VND, a low of 28.00 VND, and closed the hour at 28.00 VND with a trading volume of 1,000 shares."
2025-10-17 13:00:00,28.2,28.2,28.2,28.2,300,CSI,"At 2025-10-17 13:00:00, the stock CSI opened at 28.20 VND, reached a high of 28.20 VND, a low of 28.20 VND, and closed the hour at 28.20 VND with a trading volume of 300 shares."
2025-10-17 14:00:00,28.0,28.0,28.0,28.0,1100,CSI,"At 2025-10-17 14:00:00, the stock CSI opened at 28.00 VND, reached a high of 28.00 VND, a low of 28.00 VND, and closed the hour at 28.00 VND with a trading volume of 1,100 shares."
2025-10-20 09:00:00,28.0,28.0,27.9,27.9,5600,CSI,"At 2025-10-20 09:00:00, the stock CSI opened at 28.00 VND, reached a high of 28.00 VND, a low of 27.90 VND, and closed the hour at 27.90 VND with a trading volume of 5,600 shares."
2025-10-20 10:00:00,27.9,27.9,27.9,27.9,300,CSI,"At 2025-10-20 10:00:00, the stock CSI opened at 27.90 VND, reached a high of 27.90 VND, a low of 27.90 VND, and closed the hour at 27.90 VND with a trading volume of 300 shares."
2025-10-20 11:00:00,28.1,28.1,28.1,28.1,200,CSI,"At 2025-10-20 11:00:00, the stock CSI opened at 28.10 VND, reached a high of 28.10 VND, a low of 28.10 VND, and closed the hour at 28.10 VND with a trading volume of 200 shares."
2025-10-20 14:00:00,28.0,28.0,28.0,28.0,100,CSI,"At 2025-10-20 14:00:00, the stock CSI opened at 28.00 VND, reached a high of 28.00 VND, a low of 28.00 VND, and closed the hour at 28.00 VND with a trading volume of 100 shares."
2025-10-21 09:00:00,28.0,28.0,28.0,28.0,400,CSI,"At 2025-10-21 09:00:00, the stock CSI opened at 28.00 VND, reached a high of 28.00 VND, a low of 28.00 VND, and closed the hour at 28.00 VND with a trading volume of 400 shares."
2025-10-21 10:00:00,28.1,28.1,28.0,28.0,2000,CSI,"At 2025-10-21 10:00:00, the stock CSI opened at 28.10 VND, reached a high of 28.10 VND, a low of 28.00 VND, and closed the hour at 28.00 VND with a trading volume of 2,000 shares."
2025-10-21 11:00:00,27.8,27.8,27.8,27.8,1000,CSI,"At 2025-10-21 11:00:00, the stock CSI opened at 27.80 VND, reached a high of 27.80 VND, a low of 27.80 VND, and closed the hour at 27.80 VND with a trading volume of 1,000 shares."
2025-10-21 13:00:00,27.8,27.8,27.5,27.7,4000,CSI,"At 2025-10-21 13:00:00, the stock CSI opened at 27.80 VND, reached a high of 27.80 VND, a low of 27.50 VND, and closed the hour at 27.70 VND with a trading volume of 4,000 shares."
2025-10-22 09:00:00,28.0,28.0,28.0,28.0,300,CSI,"At 2025-10-22 09:00:00, the stock CSI opened at 28.00 VND, reached a high of 28.00 VND, a low of 28.00 VND, and closed the hour at 28.00 VND with a trading volume of 300 shares."
2025-10-22 10:00:00,28.0,28.0,28.0,28.0,100,CSI,"At 2025-10-22 10:00:00, the stock CSI opened at 28.00 VND, reached a high of 28.00 VND, a low of 28.00 VND, and closed the hour at 28.00 VND with a trading volume of 100 shares."
2025-10-22 11:00:00,27.7,27.7,27.7,27.7,200,CSI,"At 2025-10-22 11:00:00, the stock CSI opened at 27.70 VND, reached a high of 27.70 VND, a low of 27.70 VND, and closed the hour at 27.70 VND with a trading volume of 200 shares."
2025-10-22 13:00:00,27.7,27.7,27.7,27.7,600,CSI,"At 2025-10-22 13:00:00, the stock CSI opened at 27.70 VND, reached a high of 27.70 VND, a low of 27.70 VND, and closed the hour at 27.70 VND with a trading volume of 600 shares."
2025-10-22 14:00:00,27.7,27.7,27.7,27.7,1700,CSI,"At 2025-10-22 14:00:00, the stock CSI opened at 27.70 VND, reached a high of 27.70 VND, a low of 27.70 VND, and closed the hour at 27.70 VND with a trading volume of 1,700 shares."
2025-10-23 09:00:00,27.8,27.8,27.8,27.8,800,CSI,"At 2025-10-23 09:00:00, the stock CSI opened at 27.80 VND, reached a high of 27.80 VND, a low of 27.80 VND, and closed the hour at 27.80 VND with a trading volume of 800 shares."
2025-10-23 13:00:00,27.8,27.8,27.8,27.8,900,CSI,"At 2025-10-23 13:00:00, the stock CSI opened at 27.80 VND, reached a high of 27.80 VND, a low of 27.80 VND, and closed the hour at 27.80 VND with a trading volume of 900 shares."
2025-10-24 09:00:00,27.8,27.8,27.8,27.8,700,CSI,"At 2025-10-24 09:00:00, the stock CSI opened at 27.80 VND, reached a high of 27.80 VND, a low of 27.80 VND, and closed the hour at 27.80 VND with a trading volume of 700 shares."
2025-10-24 10:00:00,28.0,28.0,28.0,28.0,300,CSI,"At 2025-10-24 10:00:00, the stock CSI opened at 28.00 VND, reached a high of 28.00 VND, a low of 28.00 VND, and closed the hour at 28.00 VND with a trading volume of 300 shares."
2025-10-24 11:00:00,27.8,27.8,27.8,27.8,2800,CSI,"At 2025-10-24 11:00:00, the stock CSI opened at 27.80 VND, reached a high of 27.80 VND, a low of 27.80 VND, and closed the hour at 27.80 VND with a trading volume of 2,800 shares."
2025-10-24 13:00:00,27.8,27.8,27.8,27.8,400,CSI,"At 2025-10-24 13:00:00, the stock CSI opened at 27.80 VND, reached a high of 27.80 VND, a low of 27.80 VND, and closed the hour at 27.80 VND with a trading volume of 400 shares."
2025-10-24 14:00:00,27.7,27.7,27.7,27.7,400,CSI,"At 2025-10-24 14:00:00, the stock CSI opened at 27.70 VND, reached a high of 27.70 VND, a low of 27.70 VND, and closed the hour at 27.70 VND with a trading volume of 400 shares."
2025-10-27 09:00:00,27.8,27.8,27.8,27.8,300,CSI,"At 2025-10-27 09:00:00, the stock CSI opened at 27.80 VND, reached a high of 27.80 VND, a low of 27.80 VND, and closed the hour at 27.80 VND with a trading volume of 300 shares."
2025-10-27 10:00:00,27.8,27.8,27.7,27.7,500,CSI,"At 2025-10-27 10:00:00, the stock CSI opened at 27.80 VND, reached a high of 27.80 VND, a low of 27.70 VND, and closed the hour at 27.70 VND with a trading volume of 500 shares."
2025-10-27 13:00:00,27.8,27.8,27.8,27.8,700,CSI,"At 2025-10-27 13:00:00, the stock CSI opened at 27.80 VND, reached a high of 27.80 VND, a low of 27.80 VND, and closed the hour at 27.80 VND with a trading volume of 700 shares."
2025-10-28 09:00:00,28.0,28.0,28.0,28.0,400,CSI,"At 2025-10-28 09:00:00, the stock CSI opened at 28.00 VND, reached a high of 28.00 VND, a low of 28.00 VND, and closed the hour at 28.00 VND with a trading volume of 400 shares."
2025-10-28 10:00:00,27.8,27.8,27.8,27.8,400,CSI,"At 2025-10-28 10:00:00, the stock CSI opened at 27.80 VND, reached a high of 27.80 VND, a low of 27.80 VND, and closed the hour at 27.80 VND with a trading volume of 400 shares."
2025-10-28 14:00:00,27.8,27.8,27.5,27.5,3100,CSI,"At 2025-10-28 14:00:00, the stock CSI opened at 27.80 VND, reached a high of 27.80 VND, a low of 27.50 VND, and closed the hour at 27.50 VND with a trading volume of 3,100 shares."
2025-10-29 09:00:00,27.0,27.8,27.0,27.8,3400,CSI,"At 2025-10-29 09:00:00, the stock CSI opened at 27.00 VND, reached a high of 27.80 VND, a low of 27.00 VND, and closed the hour at 27.80 VND with a trading volume of 3,400 shares."
2025-10-29 13:00:00,27.5,27.5,27.5,27.5,200,CSI,"At 2025-10-29 13:00:00, the stock CSI opened at 27.50 VND, reached a high of 27.50 VND, a low of 27.50 VND, and closed the hour at 27.50 VND with a trading volume of 200 shares."
2025-10-30 09:00:00,27.8,27.8,27.5,27.5,1100,CSI,"At 2025-10-30 09:00:00, the stock CSI opened at 27.80 VND, reached a high of 27.80 VND, a low of 27.50 VND, and closed the hour at 27.50 VND with a trading volume of 1,100 shares."
2025-10-30 10:00:00,27.8,27.8,27.8,27.8,200,CSI,"At 2025-10-30 10:00:00, the stock CSI opened at 27.80 VND, reached a high of 27.80 VND, a low of 27.80 VND, and closed the hour at 27.80 VND with a trading volume of 200 shares."
2025-10-30 11:00:00,27.8,27.8,27.8,27.8,100,CSI,"At 2025-10-30 11:00:00, the stock CSI opened at 27.80 VND, reached a high of 27.80 VND, a low of 27.80 VND, and closed the hour at 27.80 VND with a trading volume of 100 shares."
2025-10-30 13:00:00,27.5,27.5,27.5,27.5,400,CSI,"At 2025-10-30 13:00:00, the stock CSI opened at 27.50 VND, reached a high of 27.50 VND, a low of 27.50 VND, and closed the hour at 27.50 VND with a trading volume of 400 shares."
2025-10-30 14:00:00,27.5,27.5,27.5,27.5,700,CSI,"At 2025-10-30 14:00:00, the stock CSI opened at 27.50 VND, reached a high of 27.50 VND, a low of 27.50 VND, and closed the hour at 27.50 VND with a trading volume of 700 shares."
2025-10-31 09:00:00,27.6,27.8,27.6,27.8,1200,CSI,"At 2025-10-31 09:00:00, the stock CSI opened at 27.60 VND, reached a high of 27.80 VND, a low of 27.60 VND, and closed the hour at 27.80 VND with a trading volume of 1,200 shares."
2025-10-31 13:00:00,27.5,27.5,27.5,27.5,800,CSI,"At 2025-10-31 13:00:00, the stock CSI opened at 27.50 VND, reached a high of 27.50 VND, a low of 27.50 VND, and closed the hour at 27.50 VND with a trading volume of 800 shares."
2025-10-31 14:00:00,27.5,27.5,27.5,27.5,700,CSI,"At 2025-10-31 14:00:00, the stock CSI opened at 27.50 VND, reached a high of 27.50 VND, a low of 27.50 VND, and closed the hour at 27.50 VND with a trading volume of 700 shares."
2025-11-03 09:00:00,28.0,28.0,28.0,28.0,100,CSI,"At 2025-11-03 09:00:00, the stock CSI opened at 28.00 VND, reached a high of 28.00 VND, a low of 28.00 VND, and closed the hour at 28.00 VND with a trading volume of 100 shares."
2025-11-03 10:00:00,27.6,27.6,27.6,27.6,100,CSI,"At 2025-11-03 10:00:00, the stock CSI opened at 27.60 VND, reached a high of 27.60 VND, a low of 27.60 VND, and closed the hour at 27.60 VND with a trading volume of 100 shares."
2025-11-03 13:00:00,27.5,27.6,27.5,27.6,500,CSI,"At 2025-11-03 13:00:00, the stock CSI opened at 27.50 VND, reached a high of 27.60 VND, a low of 27.50 VND, and closed the hour at 27.60 VND with a trading volume of 500 shares."
2025-11-04 09:00:00,27.6,27.8,27.6,27.8,1200,CSI,"At 2025-11-04 09:00:00, the stock CSI opened at 27.60 VND, reached a high of 27.80 VND, a low of 27.60 VND, and closed the hour at 27.80 VND with a trading volume of 1,200 shares."
2025-11-04 10:00:00,27.5,27.5,27.3,27.3,800,CSI,"At 2025-11-04 10:00:00, the stock CSI opened at 27.50 VND, reached a high of 27.50 VND, a low of 27.30 VND, and closed the hour at 27.30 VND with a trading volume of 800 shares."
2025-11-04 11:00:00,27.3,27.3,27.3,27.3,2000,CSI,"At 2025-11-04 11:00:00, the stock CSI opened at 27.30 VND, reached a high of 27.30 VND, a low of 27.30 VND, and closed the hour at 27.30 VND with a trading volume of 2,000 shares."
2025-11-04 13:00:00,27.3,27.3,27.3,27.3,4600,CSI,"At 2025-11-04 13:00:00, the stock CSI opened at 27.30 VND, reached a high of 27.30 VND, a low of 27.30 VND, and closed the hour at 27.30 VND with a trading volume of 4,600 shares."
2025-11-04 14:00:00,27.6,27.6,27.6,27.6,4800,CSI,"At 2025-11-04 14:00:00, the stock CSI opened at 27.60 VND, reached a high of 27.60 VND, a low of 27.60 VND, and closed the hour at 27.60 VND with a trading volume of 4,800 shares."
2025-11-05 09:00:00,27.6,27.8,27.6,27.8,3100,CSI,"At 2025-11-05 09:00:00, the stock CSI opened at 27.60 VND, reached a high of 27.80 VND, a low of 27.60 VND, and closed the hour at 27.80 VND with a trading volume of 3,100 shares."
2025-11-06 09:00:00,28.0,28.0,28.0,28.0,100,CSI,"At 2025-11-06 09:00:00, the stock CSI opened at 28.00 VND, reached a high of 28.00 VND, a low of 28.00 VND, and closed the hour at 28.00 VND with a trading volume of 100 shares."
2025-11-07 09:00:00,27.7,27.7,27.5,27.5,600,CSI,"At 2025-11-07 09:00:00, the stock CSI opened at 27.70 VND, reached a high of 27.70 VND, a low of 27.50 VND, and closed the hour at 27.50 VND with a trading volume of 600 shares."
2025-11-07 10:00:00,27.5,27.5,27.5,27.5,100,CSI,"At 2025-11-07 10:00:00, the stock CSI opened at 27.50 VND, reached a high of 27.50 VND, a low of 27.50 VND, and closed the hour at 27.50 VND with a trading volume of 100 shares."
2025-11-07 11:00:00,27.5,27.5,27.5,27.5,300,CSI,"At 2025-11-07 11:00:00, the stock CSI opened at 27.50 VND, reached a high of 27.50 VND, a low of 27.50 VND, and closed the hour at 27.50 VND with a trading volume of 300 shares."
2025-11-07 14:00:00,27.5,27.5,27.5,27.5,600,CSI,"At 2025-11-07 14:00:00, the stock CSI opened at 27.50 VND, reached a high of 27.50 VND, a low of 27.50 VND, and closed the hour at 27.50 VND with a trading volume of 600 shares."
2025-11-10 09:00:00,27.5,27.5,27.3,27.3,3300,CSI,"At 2025-11-10 09:00:00, the stock CSI opened at 27.50 VND, reached a high of 27.50 VND, a low of 27.30 VND, and closed the hour at 27.30 VND with a trading volume of 3,300 shares."
2025-11-10 10:00:00,27.3,27.3,27.3,27.3,100,CSI,"At 2025-11-10 10:00:00, the stock CSI opened at 27.30 VND, reached a high of 27.30 VND, a low of 27.30 VND, and closed the hour at 27.30 VND with a trading volume of 100 shares."
2025-11-11 09:00:00,27.3,27.3,27.3,27.3,100,CSI,"At 2025-11-11 09:00:00, the stock CSI opened at 27.30 VND, reached a high of 27.30 VND, a low of 27.30 VND, and closed the hour at 27.30 VND with a trading volume of 100 shares."
2025-11-11 13:00:00,27.0,27.0,27.0,27.0,1900,CSI,"At 2025-11-11 13:00:00, the stock CSI opened at 27.00 VND, reached a high of 27.00 VND, a low of 27.00 VND, and closed the hour at 27.00 VND with a trading volume of 1,900 shares."
2025-11-12 09:00:00,27.0,27.0,27.0,27.0,300,CSI,"At 2025-11-12 09:00:00, the stock CSI opened at 27.00 VND, reached a high of 27.00 VND, a low of 27.00 VND, and closed the hour at 27.00 VND with a trading volume of 300 shares."
2025-11-12 13:00:00,26.9,26.9,26.9,26.9,100,CSI,"At 2025-11-12 13:00:00, the stock CSI opened at 26.90 VND, reached a high of 26.90 VND, a low of 26.90 VND, and closed the hour at 26.90 VND with a trading volume of 100 shares."
2025-11-12 14:00:00,27.0,27.0,27.0,27.0,1800,CSI,"At 2025-11-12 14:00:00, the stock CSI opened at 27.00 VND, reached a high of 27.00 VND, a low of 27.00 VND, and closed the hour at 27.00 VND with a trading volume of 1,800 shares."
2025-11-13 09:00:00,27.3,27.3,27.3,27.3,100,CSI,"At 2025-11-13 09:00:00, the stock CSI opened at 27.30 VND, reached a high of 27.30 VND, a low of 27.30 VND, and closed the hour at 27.30 VND with a trading volume of 100 shares."
2025-11-14 09:00:00,27.3,27.3,27.3,27.3,200,CSI,"At 2025-11-14 09:00:00, the stock CSI opened at 27.30 VND, reached a high of 27.30 VND, a low of 27.30 VND, and closed the hour at 27.30 VND with a trading volume of 200 shares."
2025-11-14 13:00:00,27.3,27.3,27.3,27.3,200,CSI,"At 2025-11-14 13:00:00, the stock CSI opened at 27.30 VND, reached a high of 27.30 VND, a low of 27.30 VND, and closed the hour at 27.30 VND with a trading volume of 200 shares."
2025-11-17 09:00:00,27.0,27.3,27.0,27.3,1500,CSI,"At 2025-11-17 09:00:00, the stock CSI opened at 27.00 VND, reached a high of 27.30 VND, a low of 27.00 VND, and closed the hour at 27.30 VND with a trading volume of 1,500 shares."
2025-11-18 09:00:00,27.5,28.0,27.1,27.1,2100,CSI,"At 2025-11-18 09:00:00, the stock CSI opened at 27.50 VND, reached a high of 28.00 VND, a low of 27.10 VND, and closed the hour at 27.10 VND with a trading volume of 2,100 shares."
2025-11-18 10:00:00,27.1,27.1,27.1,27.1,100,CSI,"At 2025-11-18 10:00:00, the stock CSI opened at 27.10 VND, reached a high of 27.10 VND, a low of 27.10 VND, and closed the hour at 27.10 VND with a trading volume of 100 shares."
2025-11-18 14:00:00,27.1,27.1,27.1,27.1,200,CSI,"At 2025-11-18 14:00:00, the stock CSI opened at 27.10 VND, reached a high of 27.10 VND, a low of 27.10 VND, and closed the hour at 27.10 VND with a trading volume of 200 shares."
2025-11-19 09:00:00,27.4,27.4,27.0,27.0,200,CSI,"At 2025-11-19 09:00:00, the stock CSI opened at 27.40 VND, reached a high of 27.40 VND, a low of 27.00 VND, and closed the hour at 27.00 VND with a trading volume of 200 shares."
2025-11-19 11:00:00,27.0,27.0,27.0,27.0,400,CSI,"At 2025-11-19 11:00:00, the stock CSI opened at 27.00 VND, reached a high of 27.00 VND, a low of 27.00 VND, and closed the hour at 27.00 VND with a trading volume of 400 shares."
2025-11-19 14:00:00,27.0,27.0,27.0,27.0,300,CSI,"At 2025-11-19 14:00:00, the stock CSI opened at 27.00 VND, reached a high of 27.00 VND, a low of 27.00 VND, and closed the hour at 27.00 VND with a trading volume of 300 shares."
2025-11-20 09:00:00,27.0,27.0,27.0,27.0,600,CSI,"At 2025-11-20 09:00:00, the stock CSI opened at 27.00 VND, reached a high of 27.00 VND, a low of 27.00 VND, and closed the hour at 27.00 VND with a trading volume of 600 shares."
2025-11-20 10:00:00,26.7,26.7,26.7,26.7,300,CSI,"At 2025-11-20 10:00:00, the stock CSI opened at 26.70 VND, reached a high of 26.70 VND, a low of 26.70 VND, and closed the hour at 26.70 VND with a trading volume of 300 shares."
2025-11-20 13:00:00,26.7,26.7,26.7,26.7,200,CSI,"At 2025-11-20 13:00:00, the stock CSI opened at 26.70 VND, reached a high of 26.70 VND, a low of 26.70 VND, and closed the hour at 26.70 VND with a trading volume of 200 shares."
2025-11-20 14:00:00,27.0,27.0,27.0,27.0,200,CSI,"At 2025-11-20 14:00:00, the stock CSI opened at 27.00 VND, reached a high of 27.00 VND, a low of 27.00 VND, and closed the hour at 27.00 VND with a trading volume of 200 shares."
2025-11-21 09:00:00,26.9,26.9,26.9,26.9,600,CSI,"At 2025-11-21 09:00:00, the stock CSI opened at 26.90 VND, reached a high of 26.90 VND, a low of 26.90 VND, and closed the hour at 26.90 VND with a trading volume of 600 shares."
2025-11-21 11:00:00,26.9,26.9,26.9,26.9,300,CSI,"At 2025-11-21 11:00:00, the stock CSI opened at 26.90 VND, reached a high of 26.90 VND, a low of 26.90 VND, and closed the hour at 26.90 VND with a trading volume of 300 shares."
2025-11-21 13:00:00,26.6,26.6,26.6,26.6,400,CSI,"At 2025-11-21 13:00:00, the stock CSI opened at 26.60 VND, reached a high of 26.60 VND, a low of 26.60 VND, and closed the hour at 26.60 VND with a trading volume of 400 shares."
2025-11-21 14:00:00,26.9,26.9,26.9,26.9,200,CSI,"At 2025-11-21 14:00:00, the stock CSI opened at 26.90 VND, reached a high of 26.90 VND, a low of 26.90 VND, and closed the hour at 26.90 VND with a trading volume of 200 shares."
2025-11-24 09:00:00,26.9,27.0,26.9,27.0,1500,CSI,"At 2025-11-24 09:00:00, the stock CSI opened at 26.90 VND, reached a high of 27.00 VND, a low of 26.90 VND, and closed the hour at 27.00 VND with a trading volume of 1,500 shares."
2025-11-24 10:00:00,27.0,27.0,27.0,27.0,100,CSI,"At 2025-11-24 10:00:00, the stock CSI opened at 27.00 VND, reached a high of 27.00 VND, a low of 27.00 VND, and closed the hour at 27.00 VND with a trading volume of 100 shares."
2025-11-24 13:00:00,26.8,26.9,26.8,26.9,400,CSI,"At 2025-11-24 13:00:00, the stock CSI opened at 26.80 VND, reached a high of 26.90 VND, a low of 26.80 VND, and closed the hour at 26.90 VND with a trading volume of 400 shares."
2025-11-25 09:00:00,27.5,28.0,27.5,27.7,1500,CSI,"At 2025-11-25 09:00:00, the stock CSI opened at 27.50 VND, reached a high of 28.00 VND, a low of 27.50 VND, and closed the hour at 27.70 VND with a trading volume of 1,500 shares."
2025-11-25 10:00:00,27.7,27.7,27.7,27.7,100,CSI,"At 2025-11-25 10:00:00, the stock CSI opened at 27.70 VND, reached a high of 27.70 VND, a low of 27.70 VND, and closed the hour at 27.70 VND with a trading volume of 100 shares."
2025-11-25 14:00:00,27.4,27.4,27.4,27.4,500,CSI,"At 2025-11-25 14:00:00, the stock CSI opened at 27.40 VND, reached a high of 27.40 VND, a low of 27.40 VND, and closed the hour at 27.40 VND with a trading volume of 500 shares."
2025-11-26 10:00:00,27.7,27.7,27.7,27.7,300,CSI,"At 2025-11-26 10:00:00, the stock CSI opened at 27.70 VND, reached a high of 27.70 VND, a low of 27.70 VND, and closed the hour at 27.70 VND with a trading volume of 300 shares."
2025-11-26 11:00:00,27.7,27.7,27.7,27.7,2100,CSI,"At 2025-11-26 11:00:00, the stock CSI opened at 27.70 VND, reached a high of 27.70 VND, a low of 27.70 VND, and closed the hour at 27.70 VND with a trading volume of 2,100 shares."
2025-11-26 13:00:00,27.5,27.5,27.5,27.5,200,CSI,"At 2025-11-26 13:00:00, the stock CSI opened at 27.50 VND, reached a high of 27.50 VND, a low of 27.50 VND, and closed the hour at 27.50 VND with a trading volume of 200 shares."
2025-11-26 14:00:00,27.5,27.5,27.5,27.5,100,CSI,"At 2025-11-26 14:00:00, the stock CSI opened at 27.50 VND, reached a high of 27.50 VND, a low of 27.50 VND, and closed the hour at 27.50 VND with a trading volume of 100 shares."
2025-11-27 13:00:00,27.7,27.7,27.7,27.7,200,CSI,"At 2025-11-27 13:00:00, the stock CSI opened at 27.70 VND, reached a high of 27.70 VND, a low of 27.70 VND, and closed the hour at 27.70 VND with a trading volume of 200 shares."
2025-11-28 13:00:00,27.5,27.5,27.5,27.5,100,CSI,"At 2025-11-28 13:00:00, the stock CSI opened at 27.50 VND, reached a high of 27.50 VND, a low of 27.50 VND, and closed the hour at 27.50 VND with a trading volume of 100 shares."
2025-12-01 09:00:00,27.8,27.8,27.8,27.8,100,CSI,"At 2025-12-01 09:00:00, the stock CSI opened at 27.80 VND, reached a high of 27.80 VND, a low of 27.80 VND, and closed the hour at 27.80 VND with a trading volume of 100 shares."
2025-12-01 10:00:00,27.5,27.5,27.5,27.5,1800,CSI,"At 2025-12-01 10:00:00, the stock CSI opened at 27.50 VND, reached a high of 27.50 VND, a low of 27.50 VND, and closed the hour at 27.50 VND with a trading volume of 1,800 shares."
2025-12-01 11:00:00,27.5,27.5,27.5,27.5,100,CSI,"At 2025-12-01 11:00:00, the stock CSI opened at 27.50 VND, reached a high of 27.50 VND, a low of 27.50 VND, and closed the hour at 27.50 VND with a trading volume of 100 shares."
2025-12-01 13:00:00,27.5,27.5,27.3,27.3,600,CSI,"At 2025-12-01 13:00:00, the stock CSI opened at 27.50 VND, reached a high of 27.50 VND, a low of 27.30 VND, and closed the hour at 27.30 VND with a trading volume of 600 shares."
2025-12-01 14:00:00,27.3,27.3,27.3,27.3,200,CSI,"At 2025-12-01 14:00:00, the stock CSI opened at 27.30 VND, reached a high of 27.30 VND, a low of 27.30 VND, and closed the hour at 27.30 VND with a trading volume of 200 shares."
2025-12-02 09:00:00,27.5,27.5,27.5,27.5,100,CSI,"At 2025-12-02 09:00:00, the stock CSI opened at 27.50 VND, reached a high of 27.50 VND, a low of 27.50 VND, and closed the hour at 27.50 VND with a trading volume of 100 shares."
2025-12-02 11:00:00,27.3,27.3,27.3,27.3,200,CSI,"At 2025-12-02 11:00:00, the stock CSI opened at 27.30 VND, reached a high of 27.30 VND, a low of 27.30 VND, and closed the hour at 27.30 VND with a trading volume of 200 shares."
2025-12-02 13:00:00,27.3,27.3,27.3,27.3,1800,CSI,"At 2025-12-02 13:00:00, the stock CSI opened at 27.30 VND, reached a high of 27.30 VND, a low of 27.30 VND, and closed the hour at 27.30 VND with a trading volume of 1,800 shares."
2025-12-02 14:00:00,27.3,27.3,27.3,27.3,200,CSI,"At 2025-12-02 14:00:00, the stock CSI opened at 27.30 VND, reached a high of 27.30 VND, a low of 27.30 VND, and closed the hour at 27.30 VND with a trading volume of 200 shares."
2025-12-03 09:00:00,27.4,27.4,27.2,27.2,300,CSI,"At 2025-12-03 09:00:00, the stock CSI opened at 27.40 VND, reached a high of 27.40 VND, a low of 27.20 VND, and closed the hour at 27.20 VND with a trading volume of 300 shares."
2025-12-03 14:00:00,27.2,27.2,27.0,27.0,2000,CSI,"At 2025-12-03 14:00:00, the stock CSI opened at 27.20 VND, reached a high of 27.20 VND, a low of 27.00 VND, and closed the hour at 27.00 VND with a trading volume of 2,000 shares."
2025-12-04 09:00:00,27.2,27.4,27.2,27.4,2000,CSI,"At 2025-12-04 09:00:00, the stock CSI opened at 27.20 VND, reached a high of 27.40 VND, a low of 27.20 VND, and closed the hour at 27.40 VND with a trading volume of 2,000 shares."
2025-12-04 10:00:00,27.4,27.4,27.2,27.2,1000,CSI,"At 2025-12-04 10:00:00, the stock CSI opened at 27.40 VND, reached a high of 27.40 VND, a low of 27.20 VND, and closed the hour at 27.20 VND with a trading volume of 1,000 shares."
2025-12-04 13:00:00,27.0,27.0,27.0,27.0,100,CSI,"At 2025-12-04 13:00:00, the stock CSI opened at 27.00 VND, reached a high of 27.00 VND, a low of 27.00 VND, and closed the hour at 27.00 VND with a trading volume of 100 shares."
2025-12-04 14:00:00,27.2,27.2,27.2,27.2,200,CSI,"At 2025-12-04 14:00:00, the stock CSI opened at 27.20 VND, reached a high of 27.20 VND, a low of 27.20 VND, and closed the hour at 27.20 VND with a trading volume of 200 shares."
2025-12-05 09:00:00,27.2,27.2,27.2,27.2,200,CSI,"At 2025-12-05 09:00:00, the stock CSI opened at 27.20 VND, reached a high of 27.20 VND, a low of 27.20 VND, and closed the hour at 27.20 VND with a trading volume of 200 shares."
2025-12-05 10:00:00,27.0,27.0,27.0,27.0,200,CSI,"At 2025-12-05 10:00:00, the stock CSI opened at 27.00 VND, reached a high of 27.00 VND, a low of 27.00 VND, and closed the hour at 27.00 VND with a trading volume of 200 shares."
2025-12-05 13:00:00,27.2,27.2,27.2,27.2,100,CSI,"At 2025-12-05 13:00:00, the stock CSI opened at 27.20 VND, reached a high of 27.20 VND, a low of 27.20 VND, and closed the hour at 27.20 VND with a trading volume of 100 shares."
2025-12-08 09:00:00,27.3,27.3,27.3,27.3,100,CSI,"At 2025-12-08 09:00:00, the stock CSI opened at 27.30 VND, reached a high of 27.30 VND, a low of 27.30 VND, and closed the hour at 27.30 VND with a trading volume of 100 shares."
2025-12-08 10:00:00,27.1,27.1,27.1,27.1,200,CSI,"At 2025-12-08 10:00:00, the stock CSI opened at 27.10 VND, reached a high of 27.10 VND, a low of 27.10 VND, and closed the hour at 27.10 VND with a trading volume of 200 shares."
2025-12-08 13:00:00,27.1,27.1,27.1,27.1,400,CSI,"At 2025-12-08 13:00:00, the stock CSI opened at 27.10 VND, reached a high of 27.10 VND, a low of 27.10 VND, and closed the hour at 27.10 VND with a trading volume of 400 shares."
2025-12-09 09:00:00,26.9,26.9,26.9,26.9,100,CSI,"At 2025-12-09 09:00:00, the stock CSI opened at 26.90 VND, reached a high of 26.90 VND, a low of 26.90 VND, and closed the hour at 26.90 VND with a trading volume of 100 shares."
2025-12-09 10:00:00,27.1,27.1,27.1,27.1,100,CSI,"At 2025-12-09 10:00:00, the stock CSI opened at 27.10 VND, reached a high of 27.10 VND, a low of 27.10 VND, and closed the hour at 27.10 VND with a trading volume of 100 shares."
2025-12-09 11:00:00,26.9,26.9,26.9,26.9,200,CSI,"At 2025-12-09 11:00:00, the stock CSI opened at 26.90 VND, reached a high of 26.90 VND, a low of 26.90 VND, and closed the hour at 26.90 VND with a trading volume of 200 shares."
2025-12-09 13:00:00,26.9,26.9,26.9,26.9,600,CSI,"At 2025-12-09 13:00:00, the stock CSI opened at 26.90 VND, reached a high of 26.90 VND, a low of 26.90 VND, and closed the hour at 26.90 VND with a trading volume of 600 shares."
2025-12-09 14:00:00,27.0,27.0,27.0,27.0,100,CSI,"At 2025-12-09 14:00:00, the stock CSI opened at 27.00 VND, reached a high of 27.00 VND, a low of 27.00 VND, and closed the hour at 27.00 VND with a trading volume of 100 shares."
2025-12-10 09:00:00,27.0,27.0,27.0,27.0,200,CSI,"At 2025-12-10 09:00:00, the stock CSI opened at 27.00 VND, reached a high of 27.00 VND, a low of 27.00 VND, and closed the hour at 27.00 VND with a trading volume of 200 shares."
2025-12-10 10:00:00,27.0,27.1,27.0,27.1,400,CSI,"At 2025-12-10 10:00:00, the stock CSI opened at 27.00 VND, reached a high of 27.10 VND, a low of 27.00 VND, and closed the hour at 27.10 VND with a trading volume of 400 shares."
2025-12-10 13:00:00,27.1,27.1,27.1,27.1,100,CSI,"At 2025-12-10 13:00:00, the stock CSI opened at 27.10 VND, reached a high of 27.10 VND, a low of 27.10 VND, and closed the hour at 27.10 VND with a trading volume of 100 shares."
2025-12-10 14:00:00,27.0,27.0,27.0,27.0,100,CSI,"At 2025-12-10 14:00:00, the stock CSI opened at 27.00 VND, reached a high of 27.00 VND, a low of 27.00 VND, and closed the hour at 27.00 VND with a trading volume of 100 shares."
2025-12-11 09:00:00,27.2,27.2,27.2,27.2,300,CSI,"At 2025-12-11 09:00:00, the stock CSI opened at 27.20 VND, reached a high of 27.20 VND, a low of 27.20 VND, and closed the hour at 27.20 VND with a trading volume of 300 shares."
2025-12-11 10:00:00,27.3,27.3,27.3,27.3,800,CSI,"At 2025-12-11 10:00:00, the stock CSI opened at 27.30 VND, reached a high of 27.30 VND, a low of 27.30 VND, and closed the hour at 27.30 VND with a trading volume of 800 shares."
2025-12-11 11:00:00,27.5,27.5,27.3,27.3,600,CSI,"At 2025-12-11 11:00:00, the stock CSI opened at 27.50 VND, reached a high of 27.50 VND, a low of 27.30 VND, and closed the hour at 27.30 VND with a trading volume of 600 shares."
2025-12-11 13:00:00,27.3,27.3,27.3,27.3,100,CSI,"At 2025-12-11 13:00:00, the stock CSI opened at 27.30 VND, reached a high of 27.30 VND, a low of 27.30 VND, and closed the hour at 27.30 VND with a trading volume of 100 shares."
2025-12-11 14:00:00,27.1,27.1,27.1,27.1,1000,CSI,"At 2025-12-11 14:00:00, the stock CSI opened at 27.10 VND, reached a high of 27.10 VND, a low of 27.10 VND, and closed the hour at 27.10 VND with a trading volume of 1,000 shares."
2025-12-12 09:00:00,27.3,27.5,27.3,27.5,1300,CSI,"At 2025-12-12 09:00:00, the stock CSI opened at 27.30 VND, reached a high of 27.50 VND, a low of 27.30 VND, and closed the hour at 27.50 VND with a trading volume of 1,300 shares."
2025-12-12 10:00:00,27.3,27.3,27.3,27.3,100,CSI,"At 2025-12-12 10:00:00, the stock CSI opened at 27.30 VND, reached a high of 27.30 VND, a low of 27.30 VND, and closed the hour at 27.30 VND with a trading volume of 100 shares."
2025-12-12 11:00:00,27.2,27.2,27.0,27.0,3000,CSI,"At 2025-12-12 11:00:00, the stock CSI opened at 27.20 VND, reached a high of 27.20 VND, a low of 27.00 VND, and closed the hour at 27.00 VND with a trading volume of 3,000 shares."
2025-12-12 14:00:00,27.0,27.0,27.0,27.0,1400,CSI,"At 2025-12-12 14:00:00, the stock CSI opened at 27.00 VND, reached a high of 27.00 VND, a low of 27.00 VND, and closed the hour at 27.00 VND with a trading volume of 1,400 shares."
2025-12-15 09:00:00,27.2,27.2,27.1,27.1,2500,CSI,"At 2025-12-15 09:00:00, the stock CSI opened at 27.20 VND, reached a high of 27.20 VND, a low of 27.10 VND, and closed the hour at 27.10 VND with a trading volume of 2,500 shares."
2025-12-15 10:00:00,27.1,27.2,27.1,27.2,2400,CSI,"At 2025-12-15 10:00:00, the stock CSI opened at 27.10 VND, reached a high of 27.20 VND, a low of 27.10 VND, and closed the hour at 27.20 VND with a trading volume of 2,400 shares."
2025-12-15 11:00:00,27.2,27.2,27.0,27.0,1000,CSI,"At 2025-12-15 11:00:00, the stock CSI opened at 27.20 VND, reached a high of 27.20 VND, a low of 27.00 VND, and closed the hour at 27.00 VND with a trading volume of 1,000 shares."
2025-12-15 13:00:00,27.3,27.3,27.0,27.0,900,CSI,"At 2025-12-15 13:00:00, the stock CSI opened at 27.30 VND, reached a high of 27.30 VND, a low of 27.00 VND, and closed the hour at 27.00 VND with a trading volume of 900 shares."
2025-12-16 09:00:00,27.3,27.3,26.8,26.8,2600,CSI,"At 2025-12-16 09:00:00, the stock CSI opened at 27.30 VND, reached a high of 27.30 VND, a low of 26.80 VND, and closed the hour at 26.80 VND with a trading volume of 2,600 shares."
2025-12-16 10:00:00,27.2,27.2,26.8,26.8,3200,CSI,"At 2025-12-16 10:00:00, the stock CSI opened at 27.20 VND, reached a high of 27.20 VND, a low of 26.80 VND, and closed the hour at 26.80 VND with a trading volume of 3,200 shares."
2025-12-16 13:00:00,27.2,27.2,27.2,27.2,100,CSI,"At 2025-12-16 13:00:00, the stock CSI opened at 27.20 VND, reached a high of 27.20 VND, a low of 27.20 VND, and closed the hour at 27.20 VND with a trading volume of 100 shares."
2025-12-17 09:00:00,27.1,27.2,27.1,27.2,700,CSI,"At 2025-12-17 09:00:00, the stock CSI opened at 27.10 VND, reached a high of 27.20 VND, a low of 27.10 VND, and closed the hour at 27.20 VND with a trading volume of 700 shares."
2025-12-17 10:00:00,27.2,27.2,27.2,27.2,200,CSI,"At 2025-12-17 10:00:00, the stock CSI opened at 27.20 VND, reached a high of 27.20 VND, a low of 27.20 VND, and closed the hour at 27.20 VND with a trading volume of 200 shares."
2025-12-17 13:00:00,27.2,27.2,27.2,27.2,900,CSI,"At 2025-12-17 13:00:00, the stock CSI opened at 27.20 VND, reached a high of 27.20 VND, a low of 27.20 VND, and closed the hour at 27.20 VND with a trading volume of 900 shares."
2025-12-17 14:00:00,27.1,27.1,26.9,26.9,900,CSI,"At 2025-12-17 14:00:00, the stock CSI opened at 27.10 VND, reached a high of 27.10 VND, a low of 26.90 VND, and closed the hour at 26.90 VND with a trading volume of 900 shares."
2025-12-18 09:00:00,27.2,27.2,27.2,27.2,100,CSI,"At 2025-12-18 09:00:00, the stock CSI opened at 27.20 VND, reached a high of 27.20 VND, a low of 27.20 VND, and closed the hour at 27.20 VND with a trading volume of 100 shares."
2025-12-18 10:00:00,27.1,27.1,27.1,27.1,1200,CSI,"At 2025-12-18 10:00:00, the stock CSI opened at 27.10 VND, reached a high of 27.10 VND, a low of 27.10 VND, and closed the hour at 27.10 VND with a trading volume of 1,200 shares."
2025-12-18 13:00:00,27.1,27.2,27.1,27.2,700,CSI,"At 2025-12-18 13:00:00, the stock CSI opened at 27.10 VND, reached a high of 27.20 VND, a low of 27.10 VND, and closed the hour at 27.20 VND with a trading volume of 700 shares."
2025-12-18 14:00:00,27.0,27.0,27.0,27.0,700,CSI,"At 2025-12-18 14:00:00, the stock CSI opened at 27.00 VND, reached a high of 27.00 VND, a low of 27.00 VND, and closed the hour at 27.00 VND with a trading volume of 700 shares."
2025-12-19 09:00:00,27.2,27.2,27.2,27.2,200,CSI,"At 2025-12-19 09:00:00, the stock CSI opened at 27.20 VND, reached a high of 27.20 VND, a low of 27.20 VND, and closed the hour at 27.20 VND with a trading volume of 200 shares."
2025-12-19 10:00:00,27.1,27.1,27.1,27.1,400,CSI,"At 2025-12-19 10:00:00, the stock CSI opened at 27.10 VND, reached a high of 27.10 VND, a low of 27.10 VND, and closed the hour at 27.10 VND with a trading volume of 400 shares."
2025-12-19 11:00:00,27.1,27.1,27.1,27.1,500,CSI,"At 2025-12-19 11:00:00, the stock CSI opened at 27.10 VND, reached a high of 27.10 VND, a low of 27.10 VND, and closed the hour at 27.10 VND with a trading volume of 500 shares."
2025-12-19 13:00:00,27.1,27.1,27.1,27.1,600,CSI,"At 2025-12-19 13:00:00, the stock CSI opened at 27.10 VND, reached a high of 27.10 VND, a low of 27.10 VND, and closed the hour at 27.10 VND with a trading volume of 600 shares."
2025-12-19 14:00:00,27.0,27.0,27.0,27.0,100,CSI,"At 2025-12-19 14:00:00, the stock CSI opened at 27.00 VND, reached a high of 27.00 VND, a low of 27.00 VND, and closed the hour at 27.00 VND with a trading volume of 100 shares."
2025-12-22 09:00:00,27.2,27.2,27.2,27.2,200,CSI,"At 2025-12-22 09:00:00, the stock CSI opened at 27.20 VND, reached a high of 27.20 VND, a low of 27.20 VND, and closed the hour at 27.20 VND with a trading volume of 200 shares."
2025-12-22 13:00:00,27.2,27.2,27.1,27.1,1500,CSI,"At 2025-12-22 13:00:00, the stock CSI opened at 27.20 VND, reached a high of 27.20 VND, a low of 27.10 VND, and closed the hour at 27.10 VND with a trading volume of 1,500 shares."
2025-12-22 14:00:00,27.1,27.1,26.8,27.0,3400,CSI,"At 2025-12-22 14:00:00, the stock CSI opened at 27.10 VND, reached a high of 27.10 VND, a low of 26.80 VND, and closed the hour at 27.00 VND with a trading volume of 3,400 shares."
2025-12-23 09:00:00,27.2,27.2,27.2,27.2,1000,CSI,"At 2025-12-23 09:00:00, the stock CSI opened at 27.20 VND, reached a high of 27.20 VND, a low of 27.20 VND, and closed the hour at 27.20 VND with a trading volume of 1,000 shares."
2025-12-23 10:00:00,27.1,27.1,27.1,27.1,400,CSI,"At 2025-12-23 10:00:00, the stock CSI opened at 27.10 VND, reached a high of 27.10 VND, a low of 27.10 VND, and closed the hour at 27.10 VND with a trading volume of 400 shares."
2025-12-23 13:00:00,27.0,27.1,27.0,27.1,700,CSI,"At 2025-12-23 13:00:00, the stock CSI opened at 27.00 VND, reached a high of 27.10 VND, a low of 27.00 VND, and closed the hour at 27.10 VND with a trading volume of 700 shares."
2025-12-24 09:00:00,27.3,27.3,27.3,27.3,500,CSI,"At 2025-12-24 09:00:00, the stock CSI opened at 27.30 VND, reached a high of 27.30 VND, a low of 27.30 VND, and closed the hour at 27.30 VND with a trading volume of 500 shares."
2025-12-24 10:00:00,27.3,27.3,27.3,27.3,800,CSI,"At 2025-12-24 10:00:00, the stock CSI opened at 27.30 VND, reached a high of 27.30 VND, a low of 27.30 VND, and closed the hour at 27.30 VND with a trading volume of 800 shares."
2025-12-24 13:00:00,27.3,27.3,27.2,27.2,1000,CSI,"At 2025-12-24 13:00:00, the stock CSI opened at 27.30 VND, reached a high of 27.30 VND, a low of 27.20 VND, and closed the hour at 27.20 VND with a trading volume of 1,000 shares."
2025-12-25 09:00:00,27.3,27.3,27.2,27.2,3200,CSI,"At 2025-12-25 09:00:00, the stock CSI opened at 27.30 VND, reached a high of 27.30 VND, a low of 27.20 VND, and closed the hour at 27.20 VND with a trading volume of 3,200 shares."
2025-12-25 10:00:00,27.2,27.2,27.2,27.2,2600,CSI,"At 2025-12-25 10:00:00, the stock CSI opened at 27.20 VND, reached a high of 27.20 VND, a low of 27.20 VND, and closed the hour at 27.20 VND with a trading volume of 2,600 shares."
2025-12-25 11:00:00,27.1,27.1,27.1,27.1,200,CSI,"At 2025-12-25 11:00:00, the stock CSI opened at 27.10 VND, reached a high of 27.10 VND, a low of 27.10 VND, and closed the hour at 27.10 VND with a trading volume of 200 shares."
2025-12-25 13:00:00,27.1,27.2,27.1,27.2,600,CSI,"At 2025-12-25 13:00:00, the stock CSI opened at 27.10 VND, reached a high of 27.20 VND, a low of 27.10 VND, and closed the hour at 27.20 VND with a trading volume of 600 shares."
2025-12-25 14:00:00,27.1,27.1,27.1,27.1,300,CSI,"At 2025-12-25 14:00:00, the stock CSI opened at 27.10 VND, reached a high of 27.10 VND, a low of 27.10 VND, and closed the hour at 27.10 VND with a trading volume of 300 shares."
2025-12-26 09:00:00,27.2,27.2,27.2,27.2,500,CSI,"At 2025-12-26 09:00:00, the stock CSI opened at 27.20 VND, reached a high of 27.20 VND, a low of 27.20 VND, and closed the hour at 27.20 VND with a trading volume of 500 shares."
2025-12-26 10:00:00,27.2,27.2,27.0,27.0,2600,CSI,"At 2025-12-26 10:00:00, the stock CSI opened at 27.20 VND, reached a high of 27.20 VND, a low of 27.00 VND, and closed the hour at 27.00 VND with a trading volume of 2,600 shares."
2025-12-26 13:00:00,27.1,27.1,27.1,27.1,800,CSI,"At 2025-12-26 13:00:00, the stock CSI opened at 27.10 VND, reached a high of 27.10 VND, a low of 27.10 VND, and closed the hour at 27.10 VND with a trading volume of 800 shares."
2025-12-29 09:00:00,27.2,27.2,27.2,27.2,200,CSI,"At 2025-12-29 09:00:00, the stock CSI opened at 27.20 VND, reached a high of 27.20 VND, a low of 27.20 VND, and closed the hour at 27.20 VND with a trading volume of 200 shares."
2025-12-29 10:00:00,27.1,27.1,27.1,27.1,400,CSI,"At 2025-12-29 10:00:00, the stock CSI opened at 27.10 VND, reached a high of 27.10 VND, a low of 27.10 VND, and closed the hour at 27.10 VND with a trading volume of 400 shares."
2025-12-29 11:00:00,27.1,27.1,27.1,27.1,500,CSI,"At 2025-12-29 11:00:00, the stock CSI opened at 27.10 VND, reached a high of 27.10 VND, a low of 27.10 VND, and closed the hour at 27.10 VND with a trading volume of 500 shares."
2025-12-29 13:00:00,27.1,27.1,27.1,27.1,1300,CSI,"At 2025-12-29 13:00:00, the stock CSI opened at 27.10 VND, reached a high of 27.10 VND, a low of 27.10 VND, and closed the hour at 27.10 VND with a trading volume of 1,300 shares."
2025-12-29 14:00:00,26.9,26.9,26.9,26.9,700,CSI,"At 2025-12-29 14:00:00, the stock CSI opened at 26.90 VND, reached a high of 26.90 VND, a low of 26.90 VND, and closed the hour at 26.90 VND with a trading volume of 700 shares."
2025-12-30 09:00:00,27.2,27.2,27.1,27.1,2300,CSI,"At 2025-12-30 09:00:00, the stock CSI opened at 27.20 VND, reached a high of 27.20 VND, a low of 27.10 VND, and closed the hour at 27.10 VND with a trading volume of 2,300 shares."
2025-12-30 11:00:00,27.1,27.1,27.1,27.1,100,CSI,"At 2025-12-30 11:00:00, the stock CSI opened at 27.10 VND, reached a high of 27.10 VND, a low of 27.10 VND, and closed the hour at 27.10 VND with a trading volume of 100 shares."
2025-12-30 13:00:00,26.8,26.8,26.8,26.8,800,CSI,"At 2025-12-30 13:00:00, the stock CSI opened at 26.80 VND, reached a high of 26.80 VND, a low of 26.80 VND, and closed the hour at 26.80 VND with a trading volume of 800 shares."
2025-12-30 14:00:00,27.0,27.0,27.0,27.0,800,CSI,"At 2025-12-30 14:00:00, the stock CSI opened at 27.00 VND, reached a high of 27.00 VND, a low of 27.00 VND, and closed the hour at 27.00 VND with a trading volume of 800 shares."
2025-12-31 09:00:00,27.2,28.3,27.2,28.3,4300,CSI,"At 2025-12-31 09:00:00, the stock CSI opened at 27.20 VND, reached a high of 28.30 VND, a low of 27.20 VND, and closed the hour at 28.30 VND with a trading volume of 4,300 shares."
2025-12-31 10:00:00,28.3,28.3,28.3,28.3,1000,CSI,"At 2025-12-31 10:00:00, the stock CSI opened at 28.30 VND, reached a high of 28.30 VND, a low of 28.30 VND, and closed the hour at 28.30 VND with a trading volume of 1,000 shares."
2025-12-31 11:00:00,28.3,28.3,28.3,28.3,600,CSI,"At 2025-12-31 11:00:00, the stock CSI opened at 28.30 VND, reached a high of 28.30 VND, a low of 28.30 VND, and closed the hour at 28.30 VND with a trading volume of 600 shares."
2025-12-31 13:00:00,28.1,28.1,27.4,27.4,2100,CSI,"At 2025-12-31 13:00:00, the stock CSI opened at 28.10 VND, reached a high of 28.10 VND, a low of 27.40 VND, and closed the hour at 27.40 VND with a trading volume of 2,100 shares."
2025-12-31 14:00:00,28.1,28.2,28.1,28.2,2000,CSI,"At 2025-12-31 14:00:00, the stock CSI opened at 28.10 VND, reached a high of 28.20 VND, a low of 28.10 VND, and closed the hour at 28.20 VND with a trading volume of 2,000 shares."
2026-01-05 09:00:00,28.0,28.0,28.0,28.0,300,CSI,"At 2026-01-05 09:00:00, the stock CSI opened at 28.00 VND, reached a high of 28.00 VND, a low of 28.00 VND, and closed the hour at 28.00 VND with a trading volume of 300 shares."
2026-01-05 10:00:00,27.8,27.8,27.8,27.8,500,CSI,"At 2026-01-05 10:00:00, the stock CSI opened at 27.80 VND, reached a high of 27.80 VND, a low of 27.80 VND, and closed the hour at 27.80 VND with a trading volume of 500 shares."
2026-01-05 14:00:00,27.2,27.2,27.0,27.0,1700,CSI,"At 2026-01-05 14:00:00, the stock CSI opened at 27.20 VND, reached a high of 27.20 VND, a low of 27.00 VND, and closed the hour at 27.00 VND with a trading volume of 1,700 shares."
2026-01-06 09:00:00,27.0,27.0,26.8,26.8,2200,CSI,"At 2026-01-06 09:00:00, the stock CSI opened at 27.00 VND, reached a high of 27.00 VND, a low of 26.80 VND, and closed the hour at 26.80 VND with a trading volume of 2,200 shares."
2026-01-07 09:00:00,26.8,27.0,26.8,27.0,2800,CSI,"At 2026-01-07 09:00:00, the stock CSI opened at 26.80 VND, reached a high of 27.00 VND, a low of 26.80 VND, and closed the hour at 27.00 VND with a trading volume of 2,800 shares."
2026-01-07 13:00:00,26.8,26.8,26.3,26.4,2600,CSI,"At 2026-01-07 13:00:00, the stock CSI opened at 26.80 VND, reached a high of 26.80 VND, a low of 26.30 VND, and closed the hour at 26.40 VND with a trading volume of 2,600 shares."
2026-01-08 09:00:00,26.8,26.8,26.7,26.7,500,CSI,"At 2026-01-08 09:00:00, the stock CSI opened at 26.80 VND, reached a high of 26.80 VND, a low of 26.70 VND, and closed the hour at 26.70 VND with a trading volume of 500 shares."
2026-01-09 09:00:00,26.3,26.3,26.3,26.3,100,CSI,"At 2026-01-09 09:00:00, the stock CSI opened at 26.30 VND, reached a high of 26.30 VND, a low of 26.30 VND, and closed the hour at 26.30 VND with a trading volume of 100 shares."
2026-01-09 10:00:00,26.3,26.3,26.3,26.3,400,CSI,"At 2026-01-09 10:00:00, the stock CSI opened at 26.30 VND, reached a high of 26.30 VND, a low of 26.30 VND, and closed the hour at 26.30 VND with a trading volume of 400 shares."
2026-01-09 11:00:00,26.3,26.3,26.3,26.3,100,CSI,"At 2026-01-09 11:00:00, the stock CSI opened at 26.30 VND, reached a high of 26.30 VND, a low of 26.30 VND, and closed the hour at 26.30 VND with a trading volume of 100 shares."
2026-01-09 13:00:00,26.3,26.3,26.3,26.3,200,CSI,"At 2026-01-09 13:00:00, the stock CSI opened at 26.30 VND, reached a high of 26.30 VND, a low of 26.30 VND, and closed the hour at 26.30 VND with a trading volume of 200 shares."
2026-01-12 09:00:00,26.6,27.0,26.6,27.0,3000,CSI,"At 2026-01-12 09:00:00, the stock CSI opened at 26.60 VND, reached a high of 27.00 VND, a low of 26.60 VND, and closed the hour at 27.00 VND with a trading volume of 3,000 shares."
2026-01-12 10:00:00,27.0,27.0,27.0,27.0,800,CSI,"At 2026-01-12 10:00:00, the stock CSI opened at 27.00 VND, reached a high of 27.00 VND, a low of 27.00 VND, and closed the hour at 27.00 VND with a trading volume of 800 shares."
2026-01-12 11:00:00,27.2,27.2,27.2,27.2,100,CSI,"At 2026-01-12 11:00:00, the stock CSI opened at 27.20 VND, reached a high of 27.20 VND, a low of 27.20 VND, and closed the hour at 27.20 VND with a trading volume of 100 shares."
2026-01-12 14:00:00,27.2,27.2,27.2,27.2,700,CSI,"At 2026-01-12 14:00:00, the stock CSI opened at 27.20 VND, reached a high of 27.20 VND, a low of 27.20 VND, and closed the hour at 27.20 VND with a trading volume of 700 shares."
2026-01-13 09:00:00,27.1,27.1,27.1,27.1,900,CSI,"At 2026-01-13 09:00:00, the stock CSI opened at 27.10 VND, reached a high of 27.10 VND, a low of 27.10 VND, and closed the hour at 27.10 VND with a trading volume of 900 shares."
2026-01-13 10:00:00,27.1,27.1,27.1,27.1,100,CSI,"At 2026-01-13 10:00:00, the stock CSI opened at 27.10 VND, reached a high of 27.10 VND, a low of 27.10 VND, and closed the hour at 27.10 VND with a trading volume of 100 shares."
2026-01-14 11:00:00,27.3,27.3,27.3,27.3,1000,CSI,"At 2026-01-14 11:00:00, the stock CSI opened at 27.30 VND, reached a high of 27.30 VND, a low of 27.30 VND, and closed the hour at 27.30 VND with a trading volume of 1,000 shares."
2026-01-14 13:00:00,27.0,27.0,27.0,27.0,200,CSI,"At 2026-01-14 13:00:00, the stock CSI opened at 27.00 VND, reached a high of 27.00 VND, a low of 27.00 VND, and closed the hour at 27.00 VND with a trading volume of 200 shares."
2026-01-15 10:00:00,27.3,27.3,27.0,27.0,800,CSI,"At 2026-01-15 10:00:00, the stock CSI opened at 27.30 VND, reached a high of 27.30 VND, a low of 27.00 VND, and closed the hour at 27.00 VND with a trading volume of 800 shares."
2026-01-15 11:00:00,27.0,27.0,27.0,27.0,1000,CSI,"At 2026-01-15 11:00:00, the stock CSI opened at 27.00 VND, reached a high of 27.00 VND, a low of 27.00 VND, and closed the hour at 27.00 VND with a trading volume of 1,000 shares."
2026-01-15 13:00:00,26.8,26.8,26.8,26.8,1000,CSI,"At 2026-01-15 13:00:00, the stock CSI opened at 26.80 VND, reached a high of 26.80 VND, a low of 26.80 VND, and closed the hour at 26.80 VND with a trading volume of 1,000 shares."
2026-01-15 14:00:00,26.7,26.7,26.7,26.7,100,CSI,"At 2026-01-15 14:00:00, the stock CSI opened at 26.70 VND, reached a high of 26.70 VND, a low of 26.70 VND, and closed the hour at 26.70 VND with a trading volume of 100 shares."
2026-01-16 10:00:00,26.9,26.9,26.9,26.9,600,CSI,"At 2026-01-16 10:00:00, the stock CSI opened at 26.90 VND, reached a high of 26.90 VND, a low of 26.90 VND, and closed the hour at 26.90 VND with a trading volume of 600 shares."
2026-01-16 13:00:00,26.9,26.9,26.9,26.9,100,CSI,"At 2026-01-16 13:00:00, the stock CSI opened at 26.90 VND, reached a high of 26.90 VND, a low of 26.90 VND, and closed the hour at 26.90 VND with a trading volume of 100 shares."
2026-01-19 09:00:00,26.9,26.9,26.0,26.0,4100,CSI,"At 2026-01-19 09:00:00, the stock CSI opened at 26.90 VND, reached a high of 26.90 VND, a low of 26.00 VND, and closed the hour at 26.00 VND with a trading volume of 4,100 shares."
2026-01-19 10:00:00,26.0,26.0,25.8,26.0,1600,CSI,"At 2026-01-19 10:00:00, the stock CSI opened at 26.00 VND, reached a high of 26.00 VND, a low of 25.80 VND, and closed the hour at 26.00 VND with a trading volume of 1,600 shares."
2026-01-19 11:00:00,26.0,26.0,26.0,26.0,2500,CSI,"At 2026-01-19 11:00:00, the stock CSI opened at 26.00 VND, reached a high of 26.00 VND, a low of 26.00 VND, and closed the hour at 26.00 VND with a trading volume of 2,500 shares."
2026-01-19 13:00:00,26.0,26.0,26.0,26.0,500,CSI,"At 2026-01-19 13:00:00, the stock CSI opened at 26.00 VND, reached a high of 26.00 VND, a low of 26.00 VND, and closed the hour at 26.00 VND with a trading volume of 500 shares."
2026-01-19 14:00:00,26.0,26.0,25.8,25.8,1400,CSI,"At 2026-01-19 14:00:00, the stock CSI opened at 26.00 VND, reached a high of 26.00 VND, a low of 25.80 VND, and closed the hour at 25.80 VND with a trading volume of 1,400 shares."
2026-01-20 09:00:00,26.0,26.0,25.5,25.5,2100,CSI,"At 2026-01-20 09:00:00, the stock CSI opened at 26.00 VND, reached a high of 26.00 VND, a low of 25.50 VND, and closed the hour at 25.50 VND with a trading volume of 2,100 shares."
2026-01-20 10:00:00,25.5,25.5,25.5,25.5,100,CSI,"At 2026-01-20 10:00:00, the stock CSI opened at 25.50 VND, reached a high of 25.50 VND, a low of 25.50 VND, and closed the hour at 25.50 VND with a trading volume of 100 shares."
2026-01-20 11:00:00,25.2,25.2,25.0,25.0,3000,CSI,"At 2026-01-20 11:00:00, the stock CSI opened at 25.20 VND, reached a high of 25.20 VND, a low of 25.00 VND, and closed the hour at 25.00 VND with a trading volume of 3,000 shares."
2026-01-21 09:00:00,25.5,25.5,25.0,25.0,12500,CSI,"At 2026-01-21 09:00:00, the stock CSI opened at 25.50 VND, reached a high of 25.50 VND, a low of 25.00 VND, and closed the hour at 25.00 VND with a trading volume of 12,500 shares."
2026-01-21 10:00:00,25.0,25.0,25.0,25.0,1200,CSI,"At 2026-01-21 10:00:00, the stock CSI opened at 25.00 VND, reached a high of 25.00 VND, a low of 25.00 VND, and closed the hour at 25.00 VND with a trading volume of 1,200 shares."
2026-01-21 13:00:00,24.8,24.8,24.4,24.4,2300,CSI,"At 2026-01-21 13:00:00, the stock CSI opened at 24.80 VND, reached a high of 24.80 VND, a low of 24.40 VND, and closed the hour at 24.40 VND with a trading volume of 2,300 shares."
2026-01-21 14:00:00,24.4,24.4,24.0,24.0,2000,CSI,"At 2026-01-21 14:00:00, the stock CSI opened at 24.40 VND, reached a high of 24.40 VND, a low of 24.00 VND, and closed the hour at 24.00 VND with a trading volume of 2,000 shares."
2026-01-22 09:00:00,24.0,24.0,24.0,24.0,1700,CSI,"At 2026-01-22 09:00:00, the stock CSI opened at 24.00 VND, reached a high of 24.00 VND, a low of 24.00 VND, and closed the hour at 24.00 VND with a trading volume of 1,700 shares."
2026-01-22 10:00:00,24.0,24.0,23.8,23.8,600,CSI,"At 2026-01-22 10:00:00, the stock CSI opened at 24.00 VND, reached a high of 24.00 VND, a low of 23.80 VND, and closed the hour at 23.80 VND with a trading volume of 600 shares."
2026-01-22 11:00:00,24.0,24.0,24.0,24.0,2000,CSI,"At 2026-01-22 11:00:00, the stock CSI opened at 24.00 VND, reached a high of 24.00 VND, a low of 24.00 VND, and closed the hour at 24.00 VND with a trading volume of 2,000 shares."
2026-01-22 13:00:00,24.0,24.5,24.0,24.5,3000,CSI,"At 2026-01-22 13:00:00, the stock CSI opened at 24.00 VND, reached a high of 24.50 VND, a low of 24.00 VND, and closed the hour at 24.50 VND with a trading volume of 3,000 shares."
2026-01-22 14:00:00,24.5,24.5,24.5,24.5,100,CSI,"At 2026-01-22 14:00:00, the stock CSI opened at 24.50 VND, reached a high of 24.50 VND, a low of 24.50 VND, and closed the hour at 24.50 VND with a trading volume of 100 shares."
2026-01-23 09:00:00,24.0,24.0,24.0,24.0,1200,CSI,"At 2026-01-23 09:00:00, the stock CSI opened at 24.00 VND, reached a high of 24.00 VND, a low of 24.00 VND, and closed the hour at 24.00 VND with a trading volume of 1,200 shares."
2026-01-23 11:00:00,24.0,24.0,24.0,24.0,100,CSI,"At 2026-01-23 11:00:00, the stock CSI opened at 24.00 VND, reached a high of 24.00 VND, a low of 24.00 VND, and closed the hour at 24.00 VND with a trading volume of 100 shares."
2026-01-23 13:00:00,24.0,24.0,24.0,24.0,1000,CSI,"At 2026-01-23 13:00:00, the stock CSI opened at 24.00 VND, reached a high of 24.00 VND, a low of 24.00 VND, and closed the hour at 24.00 VND with a trading volume of 1,000 shares."
2026-01-23 14:00:00,23.9,23.9,23.9,23.9,1200,CSI,"At 2026-01-23 14:00:00, the stock CSI opened at 23.90 VND, reached a high of 23.90 VND, a low of 23.90 VND, and closed the hour at 23.90 VND with a trading volume of 1,200 shares."
2026-01-26 09:00:00,23.1,23.5,23.1,23.5,800,CSI,"At 2026-01-26 09:00:00, the stock CSI opened at 23.10 VND, reached a high of 23.50 VND, a low of 23.10 VND, and closed the hour at 23.50 VND with a trading volume of 800 shares."
2026-01-26 10:00:00,23.5,23.5,23.0,23.0,1500,CSI,"At 2026-01-26 10:00:00, the stock CSI opened at 23.50 VND, reached a high of 23.50 VND, a low of 23.00 VND, and closed the hour at 23.00 VND with a trading volume of 1,500 shares."
2026-01-26 13:00:00,23.0,23.0,23.0,23.0,100,CSI,"At 2026-01-26 13:00:00, the stock CSI opened at 23.00 VND, reached a high of 23.00 VND, a low of 23.00 VND, and closed the hour at 23.00 VND with a trading volume of 100 shares."
2026-01-27 11:00:00,22.5,22.5,22.5,22.5,600,CSI,"At 2026-01-27 11:00:00, the stock CSI opened at 22.50 VND, reached a high of 22.50 VND, a low of 22.50 VND, and closed the hour at 22.50 VND with a trading volume of 600 shares."
2026-01-27 13:00:00,22.5,22.5,22.0,22.0,2200,CSI,"At 2026-01-27 13:00:00, the stock CSI opened at 22.50 VND, reached a high of 22.50 VND, a low of 22.00 VND, and closed the hour at 22.00 VND with a trading volume of 2,200 shares."
2026-01-27 14:00:00,22.0,22.0,22.0,22.0,600,CSI,"At 2026-01-27 14:00:00, the stock CSI opened at 22.00 VND, reached a high of 22.00 VND, a low of 22.00 VND, and closed the hour at 22.00 VND with a trading volume of 600 shares."
2026-01-28 09:00:00,18.9,21.8,18.9,21.8,1900,CSI,"At 2026-01-28 09:00:00, the stock CSI opened at 18.90 VND, reached a high of 21.80 VND, a low of 18.90 VND, and closed the hour at 21.80 VND with a trading volume of 1,900 shares."
2026-01-28 10:00:00,21.8,21.8,21.8,21.8,100,CSI,"At 2026-01-28 10:00:00, the stock CSI opened at 21.80 VND, reached a high of 21.80 VND, a low of 21.80 VND, and closed the hour at 21.80 VND with a trading volume of 100 shares."
2026-01-28 14:00:00,21.8,21.8,21.8,21.8,900,CSI,"At 2026-01-28 14:00:00, the stock CSI opened at 21.80 VND, reached a high of 21.80 VND, a low of 21.80 VND, and closed the hour at 21.80 VND with a trading volume of 900 shares."
2026-01-29 09:00:00,18.5,22.0,18.5,22.0,400,CSI,"At 2026-01-29 09:00:00, the stock CSI opened at 18.50 VND, reached a high of 22.00 VND, a low of 18.50 VND, and closed the hour at 22.00 VND with a trading volume of 400 shares."
2026-01-29 10:00:00,21.9,21.9,21.9,21.9,200,CSI,"At 2026-01-29 10:00:00, the stock CSI opened at 21.90 VND, reached a high of 21.90 VND, a low of 21.90 VND, and closed the hour at 21.90 VND with a trading volume of 200 shares."
2026-01-30 09:00:00,21.4,21.4,21.4,21.4,800,CSI,"At 2026-01-30 09:00:00, the stock CSI opened at 21.40 VND, reached a high of 21.40 VND, a low of 21.40 VND, and closed the hour at 21.40 VND with a trading volume of 800 shares."
2026-01-30 10:00:00,21.8,21.9,21.4,21.4,2500,CSI,"At 2026-01-30 10:00:00, the stock CSI opened at 21.80 VND, reached a high of 21.90 VND, a low of 21.40 VND, and closed the hour at 21.40 VND with a trading volume of 2,500 shares."
2026-01-30 13:00:00,21.4,21.4,21.4,21.4,500,CSI,"At 2026-01-30 13:00:00, the stock CSI opened at 21.40 VND, reached a high of 21.40 VND, a low of 21.40 VND, and closed the hour at 21.40 VND with a trading volume of 500 shares."
2026-02-02 09:00:00,20.5,20.5,20.4,20.4,500,CSI,"At 2026-02-02 09:00:00, the stock CSI opened at 20.50 VND, reached a high of 20.50 VND, a low of 20.40 VND, and closed the hour at 20.40 VND with a trading volume of 500 shares."
2026-02-02 13:00:00,20.9,20.9,20.9,20.9,100,CSI,"At 2026-02-02 13:00:00, the stock CSI opened at 20.90 VND, reached a high of 20.90 VND, a low of 20.90 VND, and closed the hour at 20.90 VND with a trading volume of 100 shares."
2026-02-02 14:00:00,21.0,21.0,21.0,21.0,500,CSI,"At 2026-02-02 14:00:00, the stock CSI opened at 21.00 VND, reached a high of 21.00 VND, a low of 21.00 VND, and closed the hour at 21.00 VND with a trading volume of 500 shares."
2026-02-03 09:00:00,20.7,20.7,20.7,20.7,300,CSI,"At 2026-02-03 09:00:00, the stock CSI opened at 20.70 VND, reached a high of 20.70 VND, a low of 20.70 VND, and closed the hour at 20.70 VND with a trading volume of 300 shares."
2026-02-03 10:00:00,20.7,20.7,20.7,20.7,200,CSI,"At 2026-02-03 10:00:00, the stock CSI opened at 20.70 VND, reached a high of 20.70 VND, a low of 20.70 VND, and closed the hour at 20.70 VND with a trading volume of 200 shares."
2026-02-03 13:00:00,20.5,20.5,20.5,20.5,1000,CSI,"At 2026-02-03 13:00:00, the stock CSI opened at 20.50 VND, reached a high of 20.50 VND, a low of 20.50 VND, and closed the hour at 20.50 VND with a trading volume of 1,000 shares."
2026-02-04 09:00:00,20.6,20.6,20.6,20.6,800,CSI,"At 2026-02-04 09:00:00, the stock CSI opened at 20.60 VND, reached a high of 20.60 VND, a low of 20.60 VND, and closed the hour at 20.60 VND with a trading volume of 800 shares."
2026-02-04 14:00:00,20.9,20.9,20.9,20.9,900,CSI,"At 2026-02-04 14:00:00, the stock CSI opened at 20.90 VND, reached a high of 20.90 VND, a low of 20.90 VND, and closed the hour at 20.90 VND with a trading volume of 900 shares."
2026-02-05 10:00:00,20.2,20.2,20.2,20.2,1200,CSI,"At 2026-02-05 10:00:00, the stock CSI opened at 20.20 VND, reached a high of 20.20 VND, a low of 20.20 VND, and closed the hour at 20.20 VND with a trading volume of 1,200 shares."
2026-02-05 14:00:00,20.2,20.6,20.2,20.6,2000,CSI,"At 2026-02-05 14:00:00, the stock CSI opened at 20.20 VND, reached a high of 20.60 VND, a low of 20.20 VND, and closed the hour at 20.60 VND with a trading volume of 2,000 shares."
2026-02-06 09:00:00,20.0,20.0,20.0,20.0,5500,CSI,"At 2026-02-06 09:00:00, the stock CSI opened at 20.00 VND, reached a high of 20.00 VND, a low of 20.00 VND, and closed the hour at 20.00 VND with a trading volume of 5,500 shares."
2026-02-06 14:00:00,19.5,19.5,19.5,19.5,1000,CSI,"At 2026-02-06 14:00:00, the stock CSI opened at 19.50 VND, reached a high of 19.50 VND, a low of 19.50 VND, and closed the hour at 19.50 VND with a trading volume of 1,000 shares."
2026-02-09 09:00:00,19.5,19.5,19.5,19.5,500,CSI,"At 2026-02-09 09:00:00, the stock CSI opened at 19.50 VND, reached a high of 19.50 VND, a low of 19.50 VND, and closed the hour at 19.50 VND with a trading volume of 500 shares."
2026-02-09 10:00:00,19.5,19.5,18.8,18.8,2100,CSI,"At 2026-02-09 10:00:00, the stock CSI opened at 19.50 VND, reached a high of 19.50 VND, a low of 18.80 VND, and closed the hour at 18.80 VND with a trading volume of 2,100 shares."
2026-02-09 13:00:00,19.5,19.5,18.0,19.0,35300,CSI,"At 2026-02-09 13:00:00, the stock CSI opened at 19.50 VND, reached a high of 19.50 VND, a low of 18.00 VND, and closed the hour at 19.00 VND with a trading volume of 35,300 shares."
2026-02-10 09:00:00,18.5,18.5,18.5,18.5,500,CSI,"At 2026-02-10 09:00:00, the stock CSI opened at 18.50 VND, reached a high of 18.50 VND, a low of 18.50 VND, and closed the hour at 18.50 VND with a trading volume of 500 shares."
2026-02-10 10:00:00,18.5,18.5,18.5,18.5,600,CSI,"At 2026-02-10 10:00:00, the stock CSI opened at 18.50 VND, reached a high of 18.50 VND, a low of 18.50 VND, and closed the hour at 18.50 VND with a trading volume of 600 shares."
2026-02-10 13:00:00,18.0,18.0,18.0,18.0,200,CSI,"At 2026-02-10 13:00:00, the stock CSI opened at 18.00 VND, reached a high of 18.00 VND, a low of 18.00 VND, and closed the hour at 18.00 VND with a trading volume of 200 shares."
2026-02-11 09:00:00,18.4,18.8,18.4,18.8,800,CSI,"At 2026-02-11 09:00:00, the stock CSI opened at 18.40 VND, reached a high of 18.80 VND, a low of 18.40 VND, and closed the hour at 18.80 VND with a trading volume of 800 shares."
2026-02-11 13:00:00,18.8,18.8,18.8,18.8,1000,CSI,"At 2026-02-11 13:00:00, the stock CSI opened at 18.80 VND, reached a high of 18.80 VND, a low of 18.80 VND, and closed the hour at 18.80 VND with a trading volume of 1,000 shares."
2026-02-12 09:00:00,18.8,18.8,18.5,18.5,600,CSI,"At 2026-02-12 09:00:00, the stock CSI opened at 18.80 VND, reached a high of 18.80 VND, a low of 18.50 VND, and closed the hour at 18.50 VND with a trading volume of 600 shares."
2026-02-13 09:00:00,18.1,18.1,18.1,18.1,300,CSI,"At 2026-02-13 09:00:00, the stock CSI opened at 18.10 VND, reached a high of 18.10 VND, a low of 18.10 VND, and closed the hour at 18.10 VND with a trading volume of 300 shares."
2026-02-13 10:00:00,18.1,18.1,18.1,18.1,100,CSI,"At 2026-02-13 10:00:00, the stock CSI opened at 18.10 VND, reached a high of 18.10 VND, a low of 18.10 VND, and closed the hour at 18.10 VND with a trading volume of 100 shares."
2026-02-13 14:00:00,18.9,19.0,18.9,19.0,2800,CSI,"At 2026-02-13 14:00:00, the stock CSI opened at 18.90 VND, reached a high of 19.00 VND, a low of 18.90 VND, and closed the hour at 19.00 VND with a trading volume of 2,800 shares."
2026-02-23 09:00:00,18.5,18.5,18.5,18.5,300,CSI,"At 2026-02-23 09:00:00, the stock CSI opened at 18.50 VND, reached a high of 18.50 VND, a low of 18.50 VND, and closed the hour at 18.50 VND with a trading volume of 300 shares."
2026-02-23 10:00:00,18.5,19.0,18.5,19.0,3100,CSI,"At 2026-02-23 10:00:00, the stock CSI opened at 18.50 VND, reached a high of 19.00 VND, a low of 18.50 VND, and closed the hour at 19.00 VND with a trading volume of 3,100 shares."
2026-02-24 10:00:00,18.8,18.8,18.8,18.8,600,CSI,"At 2026-02-24 10:00:00, the stock CSI opened at 18.80 VND, reached a high of 18.80 VND, a low of 18.80 VND, and closed the hour at 18.80 VND with a trading volume of 600 shares."
2026-02-25 09:00:00,18.7,19.0,18.7,19.0,3200,CSI,"At 2026-02-25 09:00:00, the stock CSI opened at 18.70 VND, reached a high of 19.00 VND, a low of 18.70 VND, and closed the hour at 19.00 VND with a trading volume of 3,200 shares."
2026-02-25 10:00:00,19.0,19.0,19.0,19.0,200,CSI,"At 2026-02-25 10:00:00, the stock CSI opened at 19.00 VND, reached a high of 19.00 VND, a low of 19.00 VND, and closed the hour at 19.00 VND with a trading volume of 200 shares."
2026-02-25 13:00:00,18.8,18.8,18.8,18.8,800,CSI,"At 2026-02-25 13:00:00, the stock CSI opened at 18.80 VND, reached a high of 18.80 VND, a low of 18.80 VND, and closed the hour at 18.80 VND with a trading volume of 800 shares."
2026-02-26 09:00:00,19.0,19.0,19.0,19.0,500,CSI,"At 2026-02-26 09:00:00, the stock CSI opened at 19.00 VND, reached a high of 19.00 VND, a low of 19.00 VND, and closed the hour at 19.00 VND with a trading volume of 500 shares."
2026-02-26 13:00:00,19.0,19.2,19.0,19.2,1900,CSI,"At 2026-02-26 13:00:00, the stock CSI opened at 19.00 VND, reached a high of 19.20 VND, a low of 19.00 VND, and closed the hour at 19.20 VND with a trading volume of 1,900 shares."
2026-02-26 14:00:00,19.2,19.2,19.2,19.2,700,CSI,"At 2026-02-26 14:00:00, the stock CSI opened at 19.20 VND, reached a high of 19.20 VND, a low of 19.20 VND, and closed the hour at 19.20 VND with a trading volume of 700 shares."
2026-02-27 10:00:00,19.3,19.5,19.3,19.5,1400,CSI,"At 2026-02-27 10:00:00, the stock CSI opened at 19.30 VND, reached a high of 19.50 VND, a low of 19.30 VND, and closed the hour at 19.50 VND with a trading volume of 1,400 shares."
2026-02-27 14:00:00,19.5,19.5,19.1,19.1,8000,CSI,"At 2026-02-27 14:00:00, the stock CSI opened at 19.50 VND, reached a high of 19.50 VND, a low of 19.10 VND, and closed the hour at 19.10 VND with a trading volume of 8,000 shares."
2026-03-03 09:00:00,18.0,18.0,18.0,18.0,400,CSI,"At 2026-03-03 09:00:00, the stock CSI opened at 18.00 VND, reached a high of 18.00 VND, a low of 18.00 VND, and closed the hour at 18.00 VND with a trading volume of 400 shares."
2026-03-03 13:00:00,18.0,18.0,17.8,17.8,1500,CSI,"At 2026-03-03 13:00:00, the stock CSI opened at 18.00 VND, reached a high of 18.00 VND, a low of 17.80 VND, and closed the hour at 17.80 VND with a trading volume of 1,500 shares."
2026-03-04 09:00:00,18.0,18.0,18.0,18.0,1100,CSI,"At 2026-03-04 09:00:00, the stock CSI opened at 18.00 VND, reached a high of 18.00 VND, a low of 18.00 VND, and closed the hour at 18.00 VND with a trading volume of 1,100 shares."
2026-03-05 09:00:00,18.0,18.1,18.0,18.1,2200,CSI,"At 2026-03-05 09:00:00, the stock CSI opened at 18.00 VND, reached a high of 18.10 VND, a low of 18.00 VND, and closed the hour at 18.10 VND with a trading volume of 2,200 shares."
2026-03-05 10:00:00,18.3,18.3,18.3,18.3,500,CSI,"At 2026-03-05 10:00:00, the stock CSI opened at 18.30 VND, reached a high of 18.30 VND, a low of 18.30 VND, and closed the hour at 18.30 VND with a trading volume of 500 shares."
2026-03-05 14:00:00,18.3,18.3,18.3,18.3,200,CSI,"At 2026-03-05 14:00:00, the stock CSI opened at 18.30 VND, reached a high of 18.30 VND, a low of 18.30 VND, and closed the hour at 18.30 VND with a trading volume of 200 shares."
2026-03-06 09:00:00,17.7,17.7,17.5,17.5,700,CSI,"At 2026-03-06 09:00:00, the stock CSI opened at 17.70 VND, reached a high of 17.70 VND, a low of 17.50 VND, and closed the hour at 17.50 VND with a trading volume of 700 shares."
2026-03-09 09:00:00,17.5,17.5,15.5,15.5,10000,CSI,"At 2026-03-09 09:00:00, the stock CSI opened at 17.50 VND, reached a high of 17.50 VND, a low of 15.50 VND, and closed the hour at 15.50 VND with a trading volume of 10,000 shares."
2026-03-09 10:00:00,15.5,15.8,15.5,15.8,700,CSI,"At 2026-03-09 10:00:00, the stock CSI opened at 15.50 VND, reached a high of 15.80 VND, a low of 15.50 VND, and closed the hour at 15.80 VND with a trading volume of 700 shares."
2026-03-09 13:00:00,15.8,15.8,15.8,15.8,2100,CSI,"At 2026-03-09 13:00:00, the stock CSI opened at 15.80 VND, reached a high of 15.80 VND, a low of 15.80 VND, and closed the hour at 15.80 VND with a trading volume of 2,100 shares."
2026-03-09 14:00:00,15.3,15.3,15.3,15.3,900,CSI,"At 2026-03-09 14:00:00, the stock CSI opened at 15.30 VND, reached a high of 15.30 VND, a low of 15.30 VND, and closed the hour at 15.30 VND with a trading volume of 900 shares."
2026-03-10 09:00:00,13.9,15.5,13.9,15.5,1000,CSI,"At 2026-03-10 09:00:00, the stock CSI opened at 13.90 VND, reached a high of 15.50 VND, a low of 13.90 VND, and closed the hour at 15.50 VND with a trading volume of 1,000 shares."
2026-03-10 10:00:00,16.0,16.0,16.0,16.0,100,CSI,"At 2026-03-10 10:00:00, the stock CSI opened at 16.00 VND, reached a high of 16.00 VND, a low of 16.00 VND, and closed the hour at 16.00 VND with a trading volume of 100 shares."
2026-03-11 09:00:00,15.5,15.9,15.5,15.9,1400,CSI,"At 2026-03-11 09:00:00, the stock CSI opened at 15.50 VND, reached a high of 15.90 VND, a low of 15.50 VND, and closed the hour at 15.90 VND with a trading volume of 1,400 shares."
2026-03-11 13:00:00,16.0,16.0,16.0,16.0,1300,CSI,"At 2026-03-11 13:00:00, the stock CSI opened at 16.00 VND, reached a high of 16.00 VND, a low of 16.00 VND, and closed the hour at 16.00 VND with a trading volume of 1,300 shares."
2026-03-11 14:00:00,16.0,16.0,16.0,16.0,200,CSI,"At 2026-03-11 14:00:00, the stock CSI opened at 16.00 VND, reached a high of 16.00 VND, a low of 16.00 VND, and closed the hour at 16.00 VND with a trading volume of 200 shares."
2026-03-12 09:00:00,16.0,16.0,16.0,16.0,1200,CSI,"At 2026-03-12 09:00:00, the stock CSI opened at 16.00 VND, reached a high of 16.00 VND, a low of 16.00 VND, and closed the hour at 16.00 VND with a trading volume of 1,200 shares."
2026-03-13 09:00:00,16.2,17.1,16.0,17.0,6300,CSI,"At 2026-03-13 09:00:00, the stock CSI opened at 16.20 VND, reached a high of 17.10 VND, a low of 16.00 VND, and closed the hour at 17.00 VND with a trading volume of 6,300 shares."
2026-03-13 10:00:00,17.1,17.8,17.1,17.7,2800,CSI,"At 2026-03-13 10:00:00, the stock CSI opened at 17.10 VND, reached a high of 17.80 VND, a low of 17.10 VND, and closed the hour at 17.70 VND with a trading volume of 2,800 shares."
2026-03-16 09:00:00,16.1,16.1,16.0,16.0,500,CSI,"At 2026-03-16 09:00:00, the stock CSI opened at 16.10 VND, reached a high of 16.10 VND, a low of 16.00 VND, and closed the hour at 16.00 VND with a trading volume of 500 shares."
2026-03-17 09:00:00,16.0,16.1,16.0,16.1,800,CSI,"At 2026-03-17 09:00:00, the stock CSI opened at 16.00 VND, reached a high of 16.10 VND, a low of 16.00 VND, and closed the hour at 16.10 VND with a trading volume of 800 shares."
2026-03-18 09:00:00,16.1,16.1,16.1,16.1,1000,CSI,"At 2026-03-18 09:00:00, the stock CSI opened at 16.10 VND, reached a high of 16.10 VND, a low of 16.10 VND, and closed the hour at 16.10 VND with a trading volume of 1,000 shares."
2026-03-19 10:00:00,16.0,16.0,16.0,16.0,100,CSI,"At 2026-03-19 10:00:00, the stock CSI opened at 16.00 VND, reached a high of 16.00 VND, a low of 16.00 VND, and closed the hour at 16.00 VND with a trading volume of 100 shares."
2026-03-19 11:00:00,16.0,16.0,16.0,16.0,100,CSI,"At 2026-03-19 11:00:00, the stock CSI opened at 16.00 VND, reached a high of 16.00 VND, a low of 16.00 VND, and closed the hour at 16.00 VND with a trading volume of 100 shares."
2026-03-20 09:00:00,15.5,15.5,14.8,15.0,3300,CSI,"At 2026-03-20 09:00:00, the stock CSI opened at 15.50 VND, reached a high of 15.50 VND, a low of 14.80 VND, and closed the hour at 15.00 VND with a trading volume of 3,300 shares."
2026-03-20 14:00:00,16.0,16.0,15.0,15.0,3400,CSI,"At 2026-03-20 14:00:00, the stock CSI opened at 16.00 VND, reached a high of 16.00 VND, a low of 15.00 VND, and closed the hour at 15.00 VND with a trading volume of 3,400 shares."
