time,open,high,low,close,volume,ticker,llm_text
2025-09-10 14:00:00,12.8,13.25,12.75,13.2,829200,DXS,"At 2025-09-10 14:00:00, the stock DXS opened at 12.80 VND, reached a high of 13.25 VND, a low of 12.75 VND, and closed the hour at 13.20 VND with a trading volume of 829,200 shares."
2025-09-11 09:00:00,13.0,13.1,12.6,12.65,756100,DXS,"At 2025-09-11 09:00:00, the stock DXS opened at 13.00 VND, reached a high of 13.10 VND, a low of 12.60 VND, and closed the hour at 12.65 VND with a trading volume of 756,100 shares."
2025-09-11 10:00:00,12.7,12.75,12.45,12.6,890700,DXS,"At 2025-09-11 10:00:00, the stock DXS opened at 12.70 VND, reached a high of 12.75 VND, a low of 12.45 VND, and closed the hour at 12.60 VND with a trading volume of 890,700 shares."
2025-09-11 11:00:00,12.65,12.9,12.55,12.8,201200,DXS,"At 2025-09-11 11:00:00, the stock DXS opened at 12.65 VND, reached a high of 12.90 VND, a low of 12.55 VND, and closed the hour at 12.80 VND with a trading volume of 201,200 shares."
2025-09-11 13:00:00,12.8,13.0,12.7,13.0,511300,DXS,"At 2025-09-11 13:00:00, the stock DXS opened at 12.80 VND, reached a high of 13.00 VND, a low of 12.70 VND, and closed the hour at 13.00 VND with a trading volume of 511,300 shares."
2025-09-11 14:00:00,12.95,13.5,12.85,13.5,2444100,DXS,"At 2025-09-11 14:00:00, the stock DXS opened at 12.95 VND, reached a high of 13.50 VND, a low of 12.85 VND, and closed the hour at 13.50 VND with a trading volume of 2,444,100 shares."
2025-09-12 09:00:00,13.6,13.9,13.5,13.55,833000,DXS,"At 2025-09-12 09:00:00, the stock DXS opened at 13.60 VND, reached a high of 13.90 VND, a low of 13.50 VND, and closed the hour at 13.55 VND with a trading volume of 833,000 shares."
2025-09-12 10:00:00,13.55,13.6,13.3,13.45,636100,DXS,"At 2025-09-12 10:00:00, the stock DXS opened at 13.55 VND, reached a high of 13.60 VND, a low of 13.30 VND, and closed the hour at 13.45 VND with a trading volume of 636,100 shares."
2025-09-12 11:00:00,13.45,13.5,13.3,13.35,441700,DXS,"At 2025-09-12 11:00:00, the stock DXS opened at 13.45 VND, reached a high of 13.50 VND, a low of 13.30 VND, and closed the hour at 13.35 VND with a trading volume of 441,700 shares."
2025-09-12 13:00:00,13.35,13.5,13.25,13.4,598300,DXS,"At 2025-09-12 13:00:00, the stock DXS opened at 13.35 VND, reached a high of 13.50 VND, a low of 13.25 VND, and closed the hour at 13.40 VND with a trading volume of 598,300 shares."
2025-09-12 14:00:00,13.4,13.6,13.3,13.6,860100,DXS,"At 2025-09-12 14:00:00, the stock DXS opened at 13.40 VND, reached a high of 13.60 VND, a low of 13.30 VND, and closed the hour at 13.60 VND with a trading volume of 860,100 shares."
2025-09-15 09:00:00,13.6,13.8,13.4,13.6,738100,DXS,"At 2025-09-15 09:00:00, the stock DXS opened at 13.60 VND, reached a high of 13.80 VND, a low of 13.40 VND, and closed the hour at 13.60 VND with a trading volume of 738,100 shares."
2025-09-15 10:00:00,13.6,13.65,13.4,13.45,592700,DXS,"At 2025-09-15 10:00:00, the stock DXS opened at 13.60 VND, reached a high of 13.65 VND, a low of 13.40 VND, and closed the hour at 13.45 VND with a trading volume of 592,700 shares."
2025-09-15 11:00:00,13.5,13.55,13.45,13.45,247700,DXS,"At 2025-09-15 11:00:00, the stock DXS opened at 13.50 VND, reached a high of 13.55 VND, a low of 13.45 VND, and closed the hour at 13.45 VND with a trading volume of 247,700 shares."
2025-09-15 13:00:00,13.45,13.5,13.35,13.5,888700,DXS,"At 2025-09-15 13:00:00, the stock DXS opened at 13.45 VND, reached a high of 13.50 VND, a low of 13.35 VND, and closed the hour at 13.50 VND with a trading volume of 888,700 shares."
2025-09-15 14:00:00,13.45,13.6,13.4,13.6,420400,DXS,"At 2025-09-15 14:00:00, the stock DXS opened at 13.45 VND, reached a high of 13.60 VND, a low of 13.40 VND, and closed the hour at 13.60 VND with a trading volume of 420,400 shares."
2025-09-16 09:00:00,13.7,13.7,13.45,13.5,463300,DXS,"At 2025-09-16 09:00:00, the stock DXS opened at 13.70 VND, reached a high of 13.70 VND, a low of 13.45 VND, and closed the hour at 13.50 VND with a trading volume of 463,300 shares."
2025-09-16 10:00:00,13.5,13.7,13.4,13.55,615100,DXS,"At 2025-09-16 10:00:00, the stock DXS opened at 13.50 VND, reached a high of 13.70 VND, a low of 13.40 VND, and closed the hour at 13.55 VND with a trading volume of 615,100 shares."
2025-09-16 11:00:00,13.55,13.55,13.45,13.45,234800,DXS,"At 2025-09-16 11:00:00, the stock DXS opened at 13.55 VND, reached a high of 13.55 VND, a low of 13.45 VND, and closed the hour at 13.45 VND with a trading volume of 234,800 shares."
2025-09-16 13:00:00,13.45,13.5,13.3,13.35,571900,DXS,"At 2025-09-16 13:00:00, the stock DXS opened at 13.45 VND, reached a high of 13.50 VND, a low of 13.30 VND, and closed the hour at 13.35 VND with a trading volume of 571,900 shares."
2025-09-16 14:00:00,13.35,13.45,13.0,13.35,1171500,DXS,"At 2025-09-16 14:00:00, the stock DXS opened at 13.35 VND, reached a high of 13.45 VND, a low of 13.00 VND, and closed the hour at 13.35 VND with a trading volume of 1,171,500 shares."
2025-09-17 09:00:00,13.35,13.35,13.1,13.2,432200,DXS,"At 2025-09-17 09:00:00, the stock DXS opened at 13.35 VND, reached a high of 13.35 VND, a low of 13.10 VND, and closed the hour at 13.20 VND with a trading volume of 432,200 shares."
2025-09-17 10:00:00,13.2,13.3,13.0,13.1,571000,DXS,"At 2025-09-17 10:00:00, the stock DXS opened at 13.20 VND, reached a high of 13.30 VND, a low of 13.00 VND, and closed the hour at 13.10 VND with a trading volume of 571,000 shares."
2025-09-17 11:00:00,13.15,13.15,13.0,13.1,294900,DXS,"At 2025-09-17 11:00:00, the stock DXS opened at 13.15 VND, reached a high of 13.15 VND, a low of 13.00 VND, and closed the hour at 13.10 VND with a trading volume of 294,900 shares."
2025-09-17 13:00:00,13.05,13.2,13.05,13.1,436200,DXS,"At 2025-09-17 13:00:00, the stock DXS opened at 13.05 VND, reached a high of 13.20 VND, a low of 13.05 VND, and closed the hour at 13.10 VND with a trading volume of 436,200 shares."
2025-09-17 14:00:00,13.1,13.15,12.95,12.95,881700,DXS,"At 2025-09-17 14:00:00, the stock DXS opened at 13.10 VND, reached a high of 13.15 VND, a low of 12.95 VND, and closed the hour at 12.95 VND with a trading volume of 881,700 shares."
2025-09-18 09:00:00,13.0,13.1,12.8,12.8,539700,DXS,"At 2025-09-18 09:00:00, the stock DXS opened at 13.00 VND, reached a high of 13.10 VND, a low of 12.80 VND, and closed the hour at 12.80 VND with a trading volume of 539,700 shares."
2025-09-18 10:00:00,12.8,13.1,12.75,12.85,543500,DXS,"At 2025-09-18 10:00:00, the stock DXS opened at 12.80 VND, reached a high of 13.10 VND, a low of 12.75 VND, and closed the hour at 12.85 VND with a trading volume of 543,500 shares."
2025-09-18 11:00:00,12.85,12.95,12.8,12.9,105300,DXS,"At 2025-09-18 11:00:00, the stock DXS opened at 12.85 VND, reached a high of 12.95 VND, a low of 12.80 VND, and closed the hour at 12.90 VND with a trading volume of 105,300 shares."
2025-09-18 13:00:00,12.85,13.05,12.7,13.0,876300,DXS,"At 2025-09-18 13:00:00, the stock DXS opened at 12.85 VND, reached a high of 13.05 VND, a low of 12.70 VND, and closed the hour at 13.00 VND with a trading volume of 876,300 shares."
2025-09-18 14:00:00,13.0,13.05,12.9,12.9,382800,DXS,"At 2025-09-18 14:00:00, the stock DXS opened at 13.00 VND, reached a high of 13.05 VND, a low of 12.90 VND, and closed the hour at 12.90 VND with a trading volume of 382,800 shares."
2025-09-19 09:00:00,12.9,13.0,12.75,12.75,366900,DXS,"At 2025-09-19 09:00:00, the stock DXS opened at 12.90 VND, reached a high of 13.00 VND, a low of 12.75 VND, and closed the hour at 12.75 VND with a trading volume of 366,900 shares."
2025-09-19 10:00:00,12.8,13.0,12.7,12.7,1113400,DXS,"At 2025-09-19 10:00:00, the stock DXS opened at 12.80 VND, reached a high of 13.00 VND, a low of 12.70 VND, and closed the hour at 12.70 VND with a trading volume of 1,113,400 shares."
2025-09-19 11:00:00,12.65,12.7,12.6,12.6,488800,DXS,"At 2025-09-19 11:00:00, the stock DXS opened at 12.65 VND, reached a high of 12.70 VND, a low of 12.60 VND, and closed the hour at 12.60 VND with a trading volume of 488,800 shares."
2025-09-19 13:00:00,12.6,12.75,12.6,12.7,1461200,DXS,"At 2025-09-19 13:00:00, the stock DXS opened at 12.60 VND, reached a high of 12.75 VND, a low of 12.60 VND, and closed the hour at 12.70 VND with a trading volume of 1,461,200 shares."
2025-09-19 14:00:00,12.65,13.0,12.65,12.85,1145400,DXS,"At 2025-09-19 14:00:00, the stock DXS opened at 12.65 VND, reached a high of 13.00 VND, a low of 12.65 VND, and closed the hour at 12.85 VND with a trading volume of 1,145,400 shares."
2025-09-22 09:00:00,12.85,13.0,12.75,12.9,293400,DXS,"At 2025-09-22 09:00:00, the stock DXS opened at 12.85 VND, reached a high of 13.00 VND, a low of 12.75 VND, and closed the hour at 12.90 VND with a trading volume of 293,400 shares."
2025-09-22 10:00:00,12.9,13.0,12.75,12.85,506400,DXS,"At 2025-09-22 10:00:00, the stock DXS opened at 12.90 VND, reached a high of 13.00 VND, a low of 12.75 VND, and closed the hour at 12.85 VND with a trading volume of 506,400 shares."
2025-09-22 11:00:00,12.85,12.9,12.75,12.8,245700,DXS,"At 2025-09-22 11:00:00, the stock DXS opened at 12.85 VND, reached a high of 12.90 VND, a low of 12.75 VND, and closed the hour at 12.80 VND with a trading volume of 245,700 shares."
2025-09-22 13:00:00,12.8,12.8,12.4,12.4,934600,DXS,"At 2025-09-22 13:00:00, the stock DXS opened at 12.80 VND, reached a high of 12.80 VND, a low of 12.40 VND, and closed the hour at 12.40 VND with a trading volume of 934,600 shares."
2025-09-22 14:00:00,12.4,12.8,12.4,12.5,631900,DXS,"At 2025-09-22 14:00:00, the stock DXS opened at 12.40 VND, reached a high of 12.80 VND, a low of 12.40 VND, and closed the hour at 12.50 VND with a trading volume of 631,900 shares."
2025-09-23 09:00:00,12.65,12.75,12.55,12.7,126500,DXS,"At 2025-09-23 09:00:00, the stock DXS opened at 12.65 VND, reached a high of 12.75 VND, a low of 12.55 VND, and closed the hour at 12.70 VND with a trading volume of 126,500 shares."
2025-09-23 10:00:00,12.7,12.75,12.55,12.65,209500,DXS,"At 2025-09-23 10:00:00, the stock DXS opened at 12.70 VND, reached a high of 12.75 VND, a low of 12.55 VND, and closed the hour at 12.65 VND with a trading volume of 209,500 shares."
2025-09-23 11:00:00,12.6,12.65,12.55,12.6,23500,DXS,"At 2025-09-23 11:00:00, the stock DXS opened at 12.60 VND, reached a high of 12.65 VND, a low of 12.55 VND, and closed the hour at 12.60 VND with a trading volume of 23,500 shares."
2025-09-23 13:00:00,12.6,12.65,12.45,12.65,302000,DXS,"At 2025-09-23 13:00:00, the stock DXS opened at 12.60 VND, reached a high of 12.65 VND, a low of 12.45 VND, and closed the hour at 12.65 VND with a trading volume of 302,000 shares."
2025-09-23 14:00:00,12.65,12.7,12.5,12.7,474900,DXS,"At 2025-09-23 14:00:00, the stock DXS opened at 12.65 VND, reached a high of 12.70 VND, a low of 12.50 VND, and closed the hour at 12.70 VND with a trading volume of 474,900 shares."
2025-09-24 09:00:00,12.7,12.7,12.45,12.65,121900,DXS,"At 2025-09-24 09:00:00, the stock DXS opened at 12.70 VND, reached a high of 12.70 VND, a low of 12.45 VND, and closed the hour at 12.65 VND with a trading volume of 121,900 shares."
2025-09-24 10:00:00,12.65,13.0,12.65,12.75,772800,DXS,"At 2025-09-24 10:00:00, the stock DXS opened at 12.65 VND, reached a high of 13.00 VND, a low of 12.65 VND, and closed the hour at 12.75 VND with a trading volume of 772,800 shares."
2025-09-24 11:00:00,12.75,12.75,12.65,12.7,88300,DXS,"At 2025-09-24 11:00:00, the stock DXS opened at 12.75 VND, reached a high of 12.75 VND, a low of 12.65 VND, and closed the hour at 12.70 VND with a trading volume of 88,300 shares."
2025-09-24 13:00:00,12.65,12.8,12.65,12.75,364100,DXS,"At 2025-09-24 13:00:00, the stock DXS opened at 12.65 VND, reached a high of 12.80 VND, a low of 12.65 VND, and closed the hour at 12.75 VND with a trading volume of 364,100 shares."
2025-09-24 14:00:00,12.7,13.0,12.7,13.0,580500,DXS,"At 2025-09-24 14:00:00, the stock DXS opened at 12.70 VND, reached a high of 13.00 VND, a low of 12.70 VND, and closed the hour at 13.00 VND with a trading volume of 580,500 shares."
2025-09-25 09:00:00,13.2,13.25,13.0,13.15,1031400,DXS,"At 2025-09-25 09:00:00, the stock DXS opened at 13.20 VND, reached a high of 13.25 VND, a low of 13.00 VND, and closed the hour at 13.15 VND with a trading volume of 1,031,400 shares."
2025-09-25 10:00:00,13.15,13.2,13.0,13.1,419300,DXS,"At 2025-09-25 10:00:00, the stock DXS opened at 13.15 VND, reached a high of 13.20 VND, a low of 13.00 VND, and closed the hour at 13.10 VND with a trading volume of 419,300 shares."
2025-09-25 11:00:00,13.1,13.3,13.05,13.15,760000,DXS,"At 2025-09-25 11:00:00, the stock DXS opened at 13.10 VND, reached a high of 13.30 VND, a low of 13.05 VND, and closed the hour at 13.15 VND with a trading volume of 760,000 shares."
2025-09-25 13:00:00,13.1,13.25,13.05,13.15,486600,DXS,"At 2025-09-25 13:00:00, the stock DXS opened at 13.10 VND, reached a high of 13.25 VND, a low of 13.05 VND, and closed the hour at 13.15 VND with a trading volume of 486,600 shares."
2025-09-25 14:00:00,13.2,13.25,13.05,13.1,533900,DXS,"At 2025-09-25 14:00:00, the stock DXS opened at 13.20 VND, reached a high of 13.25 VND, a low of 13.05 VND, and closed the hour at 13.10 VND with a trading volume of 533,900 shares."
2025-09-26 09:00:00,13.05,13.1,12.9,12.9,246900,DXS,"At 2025-09-26 09:00:00, the stock DXS opened at 13.05 VND, reached a high of 13.10 VND, a low of 12.90 VND, and closed the hour at 12.90 VND with a trading volume of 246,900 shares."
2025-09-26 10:00:00,12.9,13.0,12.8,12.8,360200,DXS,"At 2025-09-26 10:00:00, the stock DXS opened at 12.90 VND, reached a high of 13.00 VND, a low of 12.80 VND, and closed the hour at 12.80 VND with a trading volume of 360,200 shares."
2025-09-26 11:00:00,12.8,12.85,12.75,12.75,179400,DXS,"At 2025-09-26 11:00:00, the stock DXS opened at 12.80 VND, reached a high of 12.85 VND, a low of 12.75 VND, and closed the hour at 12.75 VND with a trading volume of 179,400 shares."
2025-09-26 13:00:00,12.75,12.9,12.7,12.9,758800,DXS,"At 2025-09-26 13:00:00, the stock DXS opened at 12.75 VND, reached a high of 12.90 VND, a low of 12.70 VND, and closed the hour at 12.90 VND with a trading volume of 758,800 shares."
2025-09-26 14:00:00,12.9,12.9,12.65,12.65,672700,DXS,"At 2025-09-26 14:00:00, the stock DXS opened at 12.90 VND, reached a high of 12.90 VND, a low of 12.65 VND, and closed the hour at 12.65 VND with a trading volume of 672,700 shares."
2025-09-29 09:00:00,12.6,12.75,12.6,12.65,231600,DXS,"At 2025-09-29 09:00:00, the stock DXS opened at 12.60 VND, reached a high of 12.75 VND, a low of 12.60 VND, and closed the hour at 12.65 VND with a trading volume of 231,600 shares."
2025-09-29 10:00:00,12.65,12.65,12.45,12.5,472800,DXS,"At 2025-09-29 10:00:00, the stock DXS opened at 12.65 VND, reached a high of 12.65 VND, a low of 12.45 VND, and closed the hour at 12.50 VND with a trading volume of 472,800 shares."
2025-09-29 11:00:00,12.5,12.5,12.25,12.4,590700,DXS,"At 2025-09-29 11:00:00, the stock DXS opened at 12.50 VND, reached a high of 12.50 VND, a low of 12.25 VND, and closed the hour at 12.40 VND with a trading volume of 590,700 shares."
2025-09-29 13:00:00,12.4,12.45,12.2,12.35,860800,DXS,"At 2025-09-29 13:00:00, the stock DXS opened at 12.40 VND, reached a high of 12.45 VND, a low of 12.20 VND, and closed the hour at 12.35 VND with a trading volume of 860,800 shares."
2025-09-29 14:00:00,12.3,12.65,12.15,12.65,1275400,DXS,"At 2025-09-29 14:00:00, the stock DXS opened at 12.30 VND, reached a high of 12.65 VND, a low of 12.15 VND, and closed the hour at 12.65 VND with a trading volume of 1,275,400 shares."
2025-09-30 09:00:00,12.45,12.65,12.2,12.25,390600,DXS,"At 2025-09-30 09:00:00, the stock DXS opened at 12.45 VND, reached a high of 12.65 VND, a low of 12.20 VND, and closed the hour at 12.25 VND with a trading volume of 390,600 shares."
2025-09-30 10:00:00,12.35,12.4,12.0,12.2,1028600,DXS,"At 2025-09-30 10:00:00, the stock DXS opened at 12.35 VND, reached a high of 12.40 VND, a low of 12.00 VND, and closed the hour at 12.20 VND with a trading volume of 1,028,600 shares."
2025-09-30 11:00:00,12.15,12.15,11.95,12.0,524000,DXS,"At 2025-09-30 11:00:00, the stock DXS opened at 12.15 VND, reached a high of 12.15 VND, a low of 11.95 VND, and closed the hour at 12.00 VND with a trading volume of 524,000 shares."
2025-09-30 13:00:00,12.0,12.25,11.85,12.2,1759000,DXS,"At 2025-09-30 13:00:00, the stock DXS opened at 12.00 VND, reached a high of 12.25 VND, a low of 11.85 VND, and closed the hour at 12.20 VND with a trading volume of 1,759,000 shares."
2025-09-30 14:00:00,12.15,12.35,12.15,12.25,1080000,DXS,"At 2025-09-30 14:00:00, the stock DXS opened at 12.15 VND, reached a high of 12.35 VND, a low of 12.15 VND, and closed the hour at 12.25 VND with a trading volume of 1,080,000 shares."
2025-10-01 09:00:00,12.15,12.25,12.0,12.15,289900,DXS,"At 2025-10-01 09:00:00, the stock DXS opened at 12.15 VND, reached a high of 12.25 VND, a low of 12.00 VND, and closed the hour at 12.15 VND with a trading volume of 289,900 shares."
2025-10-01 10:00:00,12.25,12.25,12.1,12.2,188300,DXS,"At 2025-10-01 10:00:00, the stock DXS opened at 12.25 VND, reached a high of 12.25 VND, a low of 12.10 VND, and closed the hour at 12.20 VND with a trading volume of 188,300 shares."
2025-10-01 11:00:00,12.15,12.25,12.1,12.1,120400,DXS,"At 2025-10-01 11:00:00, the stock DXS opened at 12.15 VND, reached a high of 12.25 VND, a low of 12.10 VND, and closed the hour at 12.10 VND with a trading volume of 120,400 shares."
2025-10-01 13:00:00,12.1,12.4,12.05,12.3,585200,DXS,"At 2025-10-01 13:00:00, the stock DXS opened at 12.10 VND, reached a high of 12.40 VND, a low of 12.05 VND, and closed the hour at 12.30 VND with a trading volume of 585,200 shares."
2025-10-01 14:00:00,12.25,12.35,12.25,12.35,294500,DXS,"At 2025-10-01 14:00:00, the stock DXS opened at 12.25 VND, reached a high of 12.35 VND, a low of 12.25 VND, and closed the hour at 12.35 VND with a trading volume of 294,500 shares."
2025-10-02 09:00:00,12.4,12.4,12.2,12.25,131500,DXS,"At 2025-10-02 09:00:00, the stock DXS opened at 12.40 VND, reached a high of 12.40 VND, a low of 12.20 VND, and closed the hour at 12.25 VND with a trading volume of 131,500 shares."
2025-10-02 10:00:00,12.25,12.25,12.05,12.05,281000,DXS,"At 2025-10-02 10:00:00, the stock DXS opened at 12.25 VND, reached a high of 12.25 VND, a low of 12.05 VND, and closed the hour at 12.05 VND with a trading volume of 281,000 shares."
2025-10-02 11:00:00,12.1,12.1,12.0,12.05,150000,DXS,"At 2025-10-02 11:00:00, the stock DXS opened at 12.10 VND, reached a high of 12.10 VND, a low of 12.00 VND, and closed the hour at 12.05 VND with a trading volume of 150,000 shares."
2025-10-02 13:00:00,12.05,12.05,11.95,11.95,862200,DXS,"At 2025-10-02 13:00:00, the stock DXS opened at 12.05 VND, reached a high of 12.05 VND, a low of 11.95 VND, and closed the hour at 11.95 VND with a trading volume of 862,200 shares."
2025-10-02 14:00:00,11.95,12.0,11.75,11.85,1043800,DXS,"At 2025-10-02 14:00:00, the stock DXS opened at 11.95 VND, reached a high of 12.00 VND, a low of 11.75 VND, and closed the hour at 11.85 VND with a trading volume of 1,043,800 shares."
2025-10-03 09:00:00,11.8,11.8,11.6,11.8,330600,DXS,"At 2025-10-03 09:00:00, the stock DXS opened at 11.80 VND, reached a high of 11.80 VND, a low of 11.60 VND, and closed the hour at 11.80 VND with a trading volume of 330,600 shares."
2025-10-03 10:00:00,11.8,11.8,11.45,11.5,519600,DXS,"At 2025-10-03 10:00:00, the stock DXS opened at 11.80 VND, reached a high of 11.80 VND, a low of 11.45 VND, and closed the hour at 11.50 VND with a trading volume of 519,600 shares."
2025-10-03 11:00:00,11.5,11.6,11.4,11.6,284400,DXS,"At 2025-10-03 11:00:00, the stock DXS opened at 11.50 VND, reached a high of 11.60 VND, a low of 11.40 VND, and closed the hour at 11.60 VND with a trading volume of 284,400 shares."
2025-10-03 13:00:00,11.6,11.9,11.5,11.9,716100,DXS,"At 2025-10-03 13:00:00, the stock DXS opened at 11.60 VND, reached a high of 11.90 VND, a low of 11.50 VND, and closed the hour at 11.90 VND with a trading volume of 716,100 shares."
2025-10-03 14:00:00,11.9,11.9,11.6,11.6,311300,DXS,"At 2025-10-03 14:00:00, the stock DXS opened at 11.90 VND, reached a high of 11.90 VND, a low of 11.60 VND, and closed the hour at 11.60 VND with a trading volume of 311,300 shares."
2025-10-06 09:00:00,11.6,11.9,11.6,11.8,212900,DXS,"At 2025-10-06 09:00:00, the stock DXS opened at 11.60 VND, reached a high of 11.90 VND, a low of 11.60 VND, and closed the hour at 11.80 VND with a trading volume of 212,900 shares."
2025-10-06 10:00:00,11.75,12.1,11.75,12.0,736100,DXS,"At 2025-10-06 10:00:00, the stock DXS opened at 11.75 VND, reached a high of 12.10 VND, a low of 11.75 VND, and closed the hour at 12.00 VND with a trading volume of 736,100 shares."
2025-10-06 11:00:00,11.95,12.05,11.95,12.05,58800,DXS,"At 2025-10-06 11:00:00, the stock DXS opened at 11.95 VND, reached a high of 12.05 VND, a low of 11.95 VND, and closed the hour at 12.05 VND with a trading volume of 58,800 shares."
2025-10-06 13:00:00,12.0,12.15,11.95,12.1,430500,DXS,"At 2025-10-06 13:00:00, the stock DXS opened at 12.00 VND, reached a high of 12.15 VND, a low of 11.95 VND, and closed the hour at 12.10 VND with a trading volume of 430,500 shares."
2025-10-06 14:00:00,12.1,12.2,12.05,12.2,391100,DXS,"At 2025-10-06 14:00:00, the stock DXS opened at 12.10 VND, reached a high of 12.20 VND, a low of 12.05 VND, and closed the hour at 12.20 VND with a trading volume of 391,100 shares."
2025-10-07 09:00:00,12.2,12.25,12.05,12.1,356400,DXS,"At 2025-10-07 09:00:00, the stock DXS opened at 12.20 VND, reached a high of 12.25 VND, a low of 12.05 VND, and closed the hour at 12.10 VND with a trading volume of 356,400 shares."
2025-10-07 10:00:00,12.1,12.15,12.05,12.05,160500,DXS,"At 2025-10-07 10:00:00, the stock DXS opened at 12.10 VND, reached a high of 12.15 VND, a low of 12.05 VND, and closed the hour at 12.05 VND with a trading volume of 160,500 shares."
2025-10-07 11:00:00,12.1,12.25,12.05,12.2,314500,DXS,"At 2025-10-07 11:00:00, the stock DXS opened at 12.10 VND, reached a high of 12.25 VND, a low of 12.05 VND, and closed the hour at 12.20 VND with a trading volume of 314,500 shares."
2025-10-07 13:00:00,12.2,12.2,11.95,11.95,759900,DXS,"At 2025-10-07 13:00:00, the stock DXS opened at 12.20 VND, reached a high of 12.20 VND, a low of 11.95 VND, and closed the hour at 11.95 VND with a trading volume of 759,900 shares."
2025-10-07 14:00:00,11.95,12.05,11.9,11.9,676800,DXS,"At 2025-10-07 14:00:00, the stock DXS opened at 11.95 VND, reached a high of 12.05 VND, a low of 11.90 VND, and closed the hour at 11.90 VND with a trading volume of 676,800 shares."
2025-10-08 09:00:00,12.2,12.2,11.85,11.9,657700,DXS,"At 2025-10-08 09:00:00, the stock DXS opened at 12.20 VND, reached a high of 12.20 VND, a low of 11.85 VND, and closed the hour at 11.90 VND with a trading volume of 657,700 shares."
2025-10-08 10:00:00,11.9,11.95,11.75,11.75,278100,DXS,"At 2025-10-08 10:00:00, the stock DXS opened at 11.90 VND, reached a high of 11.95 VND, a low of 11.75 VND, and closed the hour at 11.75 VND with a trading volume of 278,100 shares."
2025-10-08 11:00:00,11.75,11.85,11.7,11.8,113000,DXS,"At 2025-10-08 11:00:00, the stock DXS opened at 11.75 VND, reached a high of 11.85 VND, a low of 11.70 VND, and closed the hour at 11.80 VND with a trading volume of 113,000 shares."
2025-10-08 13:00:00,11.75,11.9,11.65,11.8,510400,DXS,"At 2025-10-08 13:00:00, the stock DXS opened at 11.75 VND, reached a high of 11.90 VND, a low of 11.65 VND, and closed the hour at 11.80 VND with a trading volume of 510,400 shares."
2025-10-08 14:00:00,11.8,12.15,11.8,11.8,1074300,DXS,"At 2025-10-08 14:00:00, the stock DXS opened at 11.80 VND, reached a high of 12.15 VND, a low of 11.80 VND, and closed the hour at 11.80 VND with a trading volume of 1,074,300 shares."
2025-10-09 09:00:00,12.0,12.05,11.9,12.0,258600,DXS,"At 2025-10-09 09:00:00, the stock DXS opened at 12.00 VND, reached a high of 12.05 VND, a low of 11.90 VND, and closed the hour at 12.00 VND with a trading volume of 258,600 shares."
2025-10-09 10:00:00,11.95,12.0,11.85,11.85,197600,DXS,"At 2025-10-09 10:00:00, the stock DXS opened at 11.95 VND, reached a high of 12.00 VND, a low of 11.85 VND, and closed the hour at 11.85 VND with a trading volume of 197,600 shares."
2025-10-09 11:00:00,11.85,11.9,11.75,11.9,196800,DXS,"At 2025-10-09 11:00:00, the stock DXS opened at 11.85 VND, reached a high of 11.90 VND, a low of 11.75 VND, and closed the hour at 11.90 VND with a trading volume of 196,800 shares."
2025-10-09 13:00:00,11.9,11.9,11.8,11.85,323400,DXS,"At 2025-10-09 13:00:00, the stock DXS opened at 11.90 VND, reached a high of 11.90 VND, a low of 11.80 VND, and closed the hour at 11.85 VND with a trading volume of 323,400 shares."
2025-10-09 14:00:00,11.85,12.0,11.8,12.0,380000,DXS,"At 2025-10-09 14:00:00, the stock DXS opened at 11.85 VND, reached a high of 12.00 VND, a low of 11.80 VND, and closed the hour at 12.00 VND with a trading volume of 380,000 shares."
2025-10-10 09:00:00,12.05,12.3,12.05,12.15,336700,DXS,"At 2025-10-10 09:00:00, the stock DXS opened at 12.05 VND, reached a high of 12.30 VND, a low of 12.05 VND, and closed the hour at 12.15 VND with a trading volume of 336,700 shares."
2025-10-10 10:00:00,12.15,12.2,12.0,12.1,282800,DXS,"At 2025-10-10 10:00:00, the stock DXS opened at 12.15 VND, reached a high of 12.20 VND, a low of 12.00 VND, and closed the hour at 12.10 VND with a trading volume of 282,800 shares."
2025-10-10 11:00:00,12.1,12.1,12.05,12.1,27400,DXS,"At 2025-10-10 11:00:00, the stock DXS opened at 12.10 VND, reached a high of 12.10 VND, a low of 12.05 VND, and closed the hour at 12.10 VND with a trading volume of 27,400 shares."
2025-10-10 13:00:00,12.1,12.15,12.05,12.05,335600,DXS,"At 2025-10-10 13:00:00, the stock DXS opened at 12.10 VND, reached a high of 12.15 VND, a low of 12.05 VND, and closed the hour at 12.05 VND with a trading volume of 335,600 shares."
2025-10-10 14:00:00,12.1,12.1,12.0,12.05,539900,DXS,"At 2025-10-10 14:00:00, the stock DXS opened at 12.10 VND, reached a high of 12.10 VND, a low of 12.00 VND, and closed the hour at 12.05 VND with a trading volume of 539,900 shares."
2025-10-13 09:00:00,11.85,11.95,11.7,11.85,952200,DXS,"At 2025-10-13 09:00:00, the stock DXS opened at 11.85 VND, reached a high of 11.95 VND, a low of 11.70 VND, and closed the hour at 11.85 VND with a trading volume of 952,200 shares."
2025-10-13 10:00:00,11.8,12.0,11.75,11.8,730500,DXS,"At 2025-10-13 10:00:00, the stock DXS opened at 11.80 VND, reached a high of 12.00 VND, a low of 11.75 VND, and closed the hour at 11.80 VND with a trading volume of 730,500 shares."
2025-10-13 11:00:00,11.75,12.05,11.75,11.9,375100,DXS,"At 2025-10-13 11:00:00, the stock DXS opened at 11.75 VND, reached a high of 12.05 VND, a low of 11.75 VND, and closed the hour at 11.90 VND with a trading volume of 375,100 shares."
2025-10-13 13:00:00,11.9,12.1,11.85,12.1,703100,DXS,"At 2025-10-13 13:00:00, the stock DXS opened at 11.90 VND, reached a high of 12.10 VND, a low of 11.85 VND, and closed the hour at 12.10 VND with a trading volume of 703,100 shares."
2025-10-13 14:00:00,12.1,12.35,12.0,12.2,1106700,DXS,"At 2025-10-13 14:00:00, the stock DXS opened at 12.10 VND, reached a high of 12.35 VND, a low of 12.00 VND, and closed the hour at 12.20 VND with a trading volume of 1,106,700 shares."
2025-10-14 09:00:00,12.25,12.35,11.95,11.95,672600,DXS,"At 2025-10-14 09:00:00, the stock DXS opened at 12.25 VND, reached a high of 12.35 VND, a low of 11.95 VND, and closed the hour at 11.95 VND with a trading volume of 672,600 shares."
2025-10-14 10:00:00,12.0,12.05,11.9,12.0,803100,DXS,"At 2025-10-14 10:00:00, the stock DXS opened at 12.00 VND, reached a high of 12.05 VND, a low of 11.90 VND, and closed the hour at 12.00 VND with a trading volume of 803,100 shares."
2025-10-14 11:00:00,12.0,12.05,11.85,11.9,291400,DXS,"At 2025-10-14 11:00:00, the stock DXS opened at 12.00 VND, reached a high of 12.05 VND, a low of 11.85 VND, and closed the hour at 11.90 VND with a trading volume of 291,400 shares."
2025-10-14 13:00:00,11.95,12.0,11.85,12.0,888200,DXS,"At 2025-10-14 13:00:00, the stock DXS opened at 11.95 VND, reached a high of 12.00 VND, a low of 11.85 VND, and closed the hour at 12.00 VND with a trading volume of 888,200 shares."
2025-10-14 14:00:00,12.0,12.1,11.85,11.9,541800,DXS,"At 2025-10-14 14:00:00, the stock DXS opened at 12.00 VND, reached a high of 12.10 VND, a low of 11.85 VND, and closed the hour at 11.90 VND with a trading volume of 541,800 shares."
2025-10-15 09:00:00,11.75,12.0,11.75,11.9,335900,DXS,"At 2025-10-15 09:00:00, the stock DXS opened at 11.75 VND, reached a high of 12.00 VND, a low of 11.75 VND, and closed the hour at 11.90 VND with a trading volume of 335,900 shares."
2025-10-15 10:00:00,11.9,11.9,11.65,11.65,712400,DXS,"At 2025-10-15 10:00:00, the stock DXS opened at 11.90 VND, reached a high of 11.90 VND, a low of 11.65 VND, and closed the hour at 11.65 VND with a trading volume of 712,400 shares."
2025-10-15 11:00:00,11.65,11.7,11.5,11.6,574100,DXS,"At 2025-10-15 11:00:00, the stock DXS opened at 11.65 VND, reached a high of 11.70 VND, a low of 11.50 VND, and closed the hour at 11.60 VND with a trading volume of 574,100 shares."
2025-10-15 13:00:00,11.6,11.65,11.45,11.6,888600,DXS,"At 2025-10-15 13:00:00, the stock DXS opened at 11.60 VND, reached a high of 11.65 VND, a low of 11.45 VND, and closed the hour at 11.60 VND with a trading volume of 888,600 shares."
2025-10-15 14:00:00,11.6,11.8,11.5,11.5,796700,DXS,"At 2025-10-15 14:00:00, the stock DXS opened at 11.60 VND, reached a high of 11.80 VND, a low of 11.50 VND, and closed the hour at 11.50 VND with a trading volume of 796,700 shares."
2025-10-16 09:00:00,11.9,12.15,11.65,12.15,1033200,DXS,"At 2025-10-16 09:00:00, the stock DXS opened at 11.90 VND, reached a high of 12.15 VND, a low of 11.65 VND, and closed the hour at 12.15 VND with a trading volume of 1,033,200 shares."
2025-10-16 10:00:00,12.15,12.15,11.85,12.0,512600,DXS,"At 2025-10-16 10:00:00, the stock DXS opened at 12.15 VND, reached a high of 12.15 VND, a low of 11.85 VND, and closed the hour at 12.00 VND with a trading volume of 512,600 shares."
2025-10-16 11:00:00,12.0,12.0,11.95,12.0,105100,DXS,"At 2025-10-16 11:00:00, the stock DXS opened at 12.00 VND, reached a high of 12.00 VND, a low of 11.95 VND, and closed the hour at 12.00 VND with a trading volume of 105,100 shares."
2025-10-16 13:00:00,12.0,12.15,11.95,12.05,743900,DXS,"At 2025-10-16 13:00:00, the stock DXS opened at 12.00 VND, reached a high of 12.15 VND, a low of 11.95 VND, and closed the hour at 12.05 VND with a trading volume of 743,900 shares."
2025-10-16 14:00:00,12.05,12.3,12.05,12.3,1841800,DXS,"At 2025-10-16 14:00:00, the stock DXS opened at 12.05 VND, reached a high of 12.30 VND, a low of 12.05 VND, and closed the hour at 12.30 VND with a trading volume of 1,841,800 shares."
2025-10-17 09:00:00,12.55,12.75,12.3,12.65,1791900,DXS,"At 2025-10-17 09:00:00, the stock DXS opened at 12.55 VND, reached a high of 12.75 VND, a low of 12.30 VND, and closed the hour at 12.65 VND with a trading volume of 1,791,900 shares."
2025-10-17 10:00:00,12.65,12.7,12.5,12.55,810100,DXS,"At 2025-10-17 10:00:00, the stock DXS opened at 12.65 VND, reached a high of 12.70 VND, a low of 12.50 VND, and closed the hour at 12.55 VND with a trading volume of 810,100 shares."
2025-10-17 11:00:00,12.55,12.55,12.35,12.45,444700,DXS,"At 2025-10-17 11:00:00, the stock DXS opened at 12.55 VND, reached a high of 12.55 VND, a low of 12.35 VND, and closed the hour at 12.45 VND with a trading volume of 444,700 shares."
2025-10-17 13:00:00,12.4,12.55,12.35,12.45,1039200,DXS,"At 2025-10-17 13:00:00, the stock DXS opened at 12.40 VND, reached a high of 12.55 VND, a low of 12.35 VND, and closed the hour at 12.45 VND with a trading volume of 1,039,200 shares."
2025-10-17 14:00:00,12.45,12.55,12.3,12.3,1447300,DXS,"At 2025-10-17 14:00:00, the stock DXS opened at 12.45 VND, reached a high of 12.55 VND, a low of 12.30 VND, and closed the hour at 12.30 VND with a trading volume of 1,447,300 shares."
2025-10-20 09:00:00,12.2,12.35,12.1,12.15,487400,DXS,"At 2025-10-20 09:00:00, the stock DXS opened at 12.20 VND, reached a high of 12.35 VND, a low of 12.10 VND, and closed the hour at 12.15 VND with a trading volume of 487,400 shares."
2025-10-20 10:00:00,12.15,12.35,12.15,12.2,186800,DXS,"At 2025-10-20 10:00:00, the stock DXS opened at 12.15 VND, reached a high of 12.35 VND, a low of 12.15 VND, and closed the hour at 12.20 VND with a trading volume of 186,800 shares."
2025-10-20 11:00:00,12.25,12.3,12.15,12.15,136600,DXS,"At 2025-10-20 11:00:00, the stock DXS opened at 12.25 VND, reached a high of 12.30 VND, a low of 12.15 VND, and closed the hour at 12.15 VND with a trading volume of 136,600 shares."
2025-10-20 13:00:00,12.15,12.15,11.8,11.8,1341200,DXS,"At 2025-10-20 13:00:00, the stock DXS opened at 12.15 VND, reached a high of 12.15 VND, a low of 11.80 VND, and closed the hour at 11.80 VND with a trading volume of 1,341,200 shares."
2025-10-20 14:00:00,11.8,11.8,11.45,11.45,1597000,DXS,"At 2025-10-20 14:00:00, the stock DXS opened at 11.80 VND, reached a high of 11.80 VND, a low of 11.45 VND, and closed the hour at 11.45 VND with a trading volume of 1,597,000 shares."
2025-10-21 09:00:00,11.45,11.45,10.75,10.8,1340900,DXS,"At 2025-10-21 09:00:00, the stock DXS opened at 11.45 VND, reached a high of 11.45 VND, a low of 10.75 VND, and closed the hour at 10.80 VND with a trading volume of 1,340,900 shares."
2025-10-21 10:00:00,10.8,11.0,10.65,10.65,1908000,DXS,"At 2025-10-21 10:00:00, the stock DXS opened at 10.80 VND, reached a high of 11.00 VND, a low of 10.65 VND, and closed the hour at 10.65 VND with a trading volume of 1,908,000 shares."
2025-10-21 11:00:00,10.65,10.75,10.65,10.7,653000,DXS,"At 2025-10-21 11:00:00, the stock DXS opened at 10.65 VND, reached a high of 10.75 VND, a low of 10.65 VND, and closed the hour at 10.70 VND with a trading volume of 653,000 shares."
2025-10-21 13:00:00,10.7,10.95,10.65,10.75,1047800,DXS,"At 2025-10-21 13:00:00, the stock DXS opened at 10.70 VND, reached a high of 10.95 VND, a low of 10.65 VND, and closed the hour at 10.75 VND with a trading volume of 1,047,800 shares."
2025-10-21 14:00:00,10.75,11.2,10.65,10.65,1127400,DXS,"At 2025-10-21 14:00:00, the stock DXS opened at 10.75 VND, reached a high of 11.20 VND, a low of 10.65 VND, and closed the hour at 10.65 VND with a trading volume of 1,127,400 shares."
2025-10-22 09:00:00,10.8,10.9,10.65,10.7,523100,DXS,"At 2025-10-22 09:00:00, the stock DXS opened at 10.80 VND, reached a high of 10.90 VND, a low of 10.65 VND, and closed the hour at 10.70 VND with a trading volume of 523,100 shares."
2025-10-22 10:00:00,10.65,10.65,10.25,10.3,719400,DXS,"At 2025-10-22 10:00:00, the stock DXS opened at 10.65 VND, reached a high of 10.65 VND, a low of 10.25 VND, and closed the hour at 10.30 VND with a trading volume of 719,400 shares."
2025-10-22 11:00:00,10.3,10.45,10.3,10.4,86400,DXS,"At 2025-10-22 11:00:00, the stock DXS opened at 10.30 VND, reached a high of 10.45 VND, a low of 10.30 VND, and closed the hour at 10.40 VND with a trading volume of 86,400 shares."
2025-10-22 13:00:00,10.4,10.8,10.3,10.55,595900,DXS,"At 2025-10-22 13:00:00, the stock DXS opened at 10.40 VND, reached a high of 10.80 VND, a low of 10.30 VND, and closed the hour at 10.55 VND with a trading volume of 595,900 shares."
2025-10-22 14:00:00,10.55,11.15,10.45,10.9,1014600,DXS,"At 2025-10-22 14:00:00, the stock DXS opened at 10.55 VND, reached a high of 11.15 VND, a low of 10.45 VND, and closed the hour at 10.90 VND with a trading volume of 1,014,600 shares."
2025-10-23 09:00:00,11.0,11.1,10.9,11.1,166000,DXS,"At 2025-10-23 09:00:00, the stock DXS opened at 11.00 VND, reached a high of 11.10 VND, a low of 10.90 VND, and closed the hour at 11.10 VND with a trading volume of 166,000 shares."
2025-10-23 10:00:00,11.1,11.15,10.95,10.95,274700,DXS,"At 2025-10-23 10:00:00, the stock DXS opened at 11.10 VND, reached a high of 11.15 VND, a low of 10.95 VND, and closed the hour at 10.95 VND with a trading volume of 274,700 shares."
2025-10-23 11:00:00,10.95,10.95,10.95,10.95,37200,DXS,"At 2025-10-23 11:00:00, the stock DXS opened at 10.95 VND, reached a high of 10.95 VND, a low of 10.95 VND, and closed the hour at 10.95 VND with a trading volume of 37,200 shares."
2025-10-23 13:00:00,10.95,10.95,10.85,10.95,187200,DXS,"At 2025-10-23 13:00:00, the stock DXS opened at 10.95 VND, reached a high of 10.95 VND, a low of 10.85 VND, and closed the hour at 10.95 VND with a trading volume of 187,200 shares."
2025-10-23 14:00:00,10.95,11.0,10.65,10.65,402400,DXS,"At 2025-10-23 14:00:00, the stock DXS opened at 10.95 VND, reached a high of 11.00 VND, a low of 10.65 VND, and closed the hour at 10.65 VND with a trading volume of 402,400 shares."
2025-10-24 09:00:00,10.6,10.8,10.45,10.6,310500,DXS,"At 2025-10-24 09:00:00, the stock DXS opened at 10.60 VND, reached a high of 10.80 VND, a low of 10.45 VND, and closed the hour at 10.60 VND with a trading volume of 310,500 shares."
2025-10-24 10:00:00,10.65,10.85,10.65,10.65,344100,DXS,"At 2025-10-24 10:00:00, the stock DXS opened at 10.65 VND, reached a high of 10.85 VND, a low of 10.65 VND, and closed the hour at 10.65 VND with a trading volume of 344,100 shares."
2025-10-24 11:00:00,10.65,10.8,10.65,10.8,77300,DXS,"At 2025-10-24 11:00:00, the stock DXS opened at 10.65 VND, reached a high of 10.80 VND, a low of 10.65 VND, and closed the hour at 10.80 VND with a trading volume of 77,300 shares."
2025-10-24 13:00:00,10.75,11.0,10.65,10.95,863900,DXS,"At 2025-10-24 13:00:00, the stock DXS opened at 10.75 VND, reached a high of 11.00 VND, a low of 10.65 VND, and closed the hour at 10.95 VND with a trading volume of 863,900 shares."
2025-10-24 14:00:00,11.0,11.35,10.9,11.0,1082100,DXS,"At 2025-10-24 14:00:00, the stock DXS opened at 11.00 VND, reached a high of 11.35 VND, a low of 10.90 VND, and closed the hour at 11.00 VND with a trading volume of 1,082,100 shares."
2025-10-27 09:00:00,11.1,11.1,10.9,10.95,167900,DXS,"At 2025-10-27 09:00:00, the stock DXS opened at 11.10 VND, reached a high of 11.10 VND, a low of 10.90 VND, and closed the hour at 10.95 VND with a trading volume of 167,900 shares."
2025-10-27 10:00:00,10.9,10.95,10.7,10.75,330800,DXS,"At 2025-10-27 10:00:00, the stock DXS opened at 10.90 VND, reached a high of 10.95 VND, a low of 10.70 VND, and closed the hour at 10.75 VND with a trading volume of 330,800 shares."
2025-10-27 11:00:00,10.75,10.9,10.75,10.75,74600,DXS,"At 2025-10-27 11:00:00, the stock DXS opened at 10.75 VND, reached a high of 10.90 VND, a low of 10.75 VND, and closed the hour at 10.75 VND with a trading volume of 74,600 shares."
2025-10-27 13:00:00,10.8,10.85,10.6,10.7,926200,DXS,"At 2025-10-27 13:00:00, the stock DXS opened at 10.80 VND, reached a high of 10.85 VND, a low of 10.60 VND, and closed the hour at 10.70 VND with a trading volume of 926,200 shares."
2025-10-27 14:00:00,10.8,10.8,10.55,10.55,673200,DXS,"At 2025-10-27 14:00:00, the stock DXS opened at 10.80 VND, reached a high of 10.80 VND, a low of 10.55 VND, and closed the hour at 10.55 VND with a trading volume of 673,200 shares."
2025-10-28 09:00:00,10.2,10.55,10.2,10.3,432900,DXS,"At 2025-10-28 09:00:00, the stock DXS opened at 10.20 VND, reached a high of 10.55 VND, a low of 10.20 VND, and closed the hour at 10.30 VND with a trading volume of 432,900 shares."
2025-10-28 10:00:00,10.3,10.45,10.25,10.4,562200,DXS,"At 2025-10-28 10:00:00, the stock DXS opened at 10.30 VND, reached a high of 10.45 VND, a low of 10.25 VND, and closed the hour at 10.40 VND with a trading volume of 562,200 shares."
2025-10-28 11:00:00,10.4,10.4,10.25,10.25,125200,DXS,"At 2025-10-28 11:00:00, the stock DXS opened at 10.40 VND, reached a high of 10.40 VND, a low of 10.25 VND, and closed the hour at 10.25 VND with a trading volume of 125,200 shares."
2025-10-28 13:00:00,10.25,10.4,10.1,10.4,738600,DXS,"At 2025-10-28 13:00:00, the stock DXS opened at 10.25 VND, reached a high of 10.40 VND, a low of 10.10 VND, and closed the hour at 10.40 VND with a trading volume of 738,600 shares."
2025-10-28 14:00:00,10.4,10.8,10.35,10.8,700600,DXS,"At 2025-10-28 14:00:00, the stock DXS opened at 10.40 VND, reached a high of 10.80 VND, a low of 10.35 VND, and closed the hour at 10.80 VND with a trading volume of 700,600 shares."
2025-10-29 09:00:00,10.85,10.85,10.65,10.65,312700,DXS,"At 2025-10-29 09:00:00, the stock DXS opened at 10.85 VND, reached a high of 10.85 VND, a low of 10.65 VND, and closed the hour at 10.65 VND with a trading volume of 312,700 shares."
2025-10-29 10:00:00,10.65,10.7,10.6,10.65,457000,DXS,"At 2025-10-29 10:00:00, the stock DXS opened at 10.65 VND, reached a high of 10.70 VND, a low of 10.60 VND, and closed the hour at 10.65 VND with a trading volume of 457,000 shares."
2025-10-29 11:00:00,10.65,10.9,10.65,10.85,610400,DXS,"At 2025-10-29 11:00:00, the stock DXS opened at 10.65 VND, reached a high of 10.90 VND, a low of 10.65 VND, and closed the hour at 10.85 VND with a trading volume of 610,400 shares."
2025-10-29 13:00:00,10.85,10.95,10.75,10.85,565900,DXS,"At 2025-10-29 13:00:00, the stock DXS opened at 10.85 VND, reached a high of 10.95 VND, a low of 10.75 VND, and closed the hour at 10.85 VND with a trading volume of 565,900 shares."
2025-10-29 14:00:00,10.85,11.0,10.75,11.0,964800,DXS,"At 2025-10-29 14:00:00, the stock DXS opened at 10.85 VND, reached a high of 11.00 VND, a low of 10.75 VND, and closed the hour at 11.00 VND with a trading volume of 964,800 shares."
2025-10-30 09:00:00,11.0,11.4,10.9,11.25,972700,DXS,"At 2025-10-30 09:00:00, the stock DXS opened at 11.00 VND, reached a high of 11.40 VND, a low of 10.90 VND, and closed the hour at 11.25 VND with a trading volume of 972,700 shares."
2025-10-30 10:00:00,11.25,11.35,11.05,11.1,861700,DXS,"At 2025-10-30 10:00:00, the stock DXS opened at 11.25 VND, reached a high of 11.35 VND, a low of 11.05 VND, and closed the hour at 11.10 VND with a trading volume of 861,700 shares."
2025-10-30 11:00:00,11.1,11.25,11.05,11.2,375600,DXS,"At 2025-10-30 11:00:00, the stock DXS opened at 11.10 VND, reached a high of 11.25 VND, a low of 11.05 VND, and closed the hour at 11.20 VND with a trading volume of 375,600 shares."
2025-10-30 13:00:00,11.15,11.2,11.0,11.0,731200,DXS,"At 2025-10-30 13:00:00, the stock DXS opened at 11.15 VND, reached a high of 11.20 VND, a low of 11.00 VND, and closed the hour at 11.00 VND with a trading volume of 731,200 shares."
2025-10-30 14:00:00,11.0,11.2,10.95,11.1,887400,DXS,"At 2025-10-30 14:00:00, the stock DXS opened at 11.00 VND, reached a high of 11.20 VND, a low of 10.95 VND, and closed the hour at 11.10 VND with a trading volume of 887,400 shares."
2025-10-31 09:00:00,11.15,11.15,10.95,10.95,288700,DXS,"At 2025-10-31 09:00:00, the stock DXS opened at 11.15 VND, reached a high of 11.15 VND, a low of 10.95 VND, and closed the hour at 10.95 VND with a trading volume of 288,700 shares."
2025-10-31 10:00:00,10.95,11.1,10.85,10.95,379500,DXS,"At 2025-10-31 10:00:00, the stock DXS opened at 10.95 VND, reached a high of 11.10 VND, a low of 10.85 VND, and closed the hour at 10.95 VND with a trading volume of 379,500 shares."
2025-10-31 11:00:00,10.95,11.05,10.9,11.0,163800,DXS,"At 2025-10-31 11:00:00, the stock DXS opened at 10.95 VND, reached a high of 11.05 VND, a low of 10.90 VND, and closed the hour at 11.00 VND with a trading volume of 163,800 shares."
2025-10-31 13:00:00,11.0,11.05,10.85,10.85,377800,DXS,"At 2025-10-31 13:00:00, the stock DXS opened at 11.00 VND, reached a high of 11.05 VND, a low of 10.85 VND, and closed the hour at 10.85 VND with a trading volume of 377,800 shares."
2025-10-31 14:00:00,10.9,10.9,10.5,10.5,1076400,DXS,"At 2025-10-31 14:00:00, the stock DXS opened at 10.90 VND, reached a high of 10.90 VND, a low of 10.50 VND, and closed the hour at 10.50 VND with a trading volume of 1,076,400 shares."
2025-11-03 09:00:00,10.55,10.6,10.35,10.35,417600,DXS,"At 2025-11-03 09:00:00, the stock DXS opened at 10.55 VND, reached a high of 10.60 VND, a low of 10.35 VND, and closed the hour at 10.35 VND with a trading volume of 417,600 shares."
2025-11-03 10:00:00,10.35,10.85,10.3,10.7,459400,DXS,"At 2025-11-03 10:00:00, the stock DXS opened at 10.35 VND, reached a high of 10.85 VND, a low of 10.30 VND, and closed the hour at 10.70 VND with a trading volume of 459,400 shares."
2025-11-03 11:00:00,10.75,10.85,10.7,10.75,241700,DXS,"At 2025-11-03 11:00:00, the stock DXS opened at 10.75 VND, reached a high of 10.85 VND, a low of 10.70 VND, and closed the hour at 10.75 VND with a trading volume of 241,700 shares."
2025-11-03 13:00:00,10.75,10.75,10.35,10.45,537800,DXS,"At 2025-11-03 13:00:00, the stock DXS opened at 10.75 VND, reached a high of 10.75 VND, a low of 10.35 VND, and closed the hour at 10.45 VND with a trading volume of 537,800 shares."
2025-11-03 14:00:00,10.45,10.45,9.77,9.77,2271600,DXS,"At 2025-11-03 14:00:00, the stock DXS opened at 10.45 VND, reached a high of 10.45 VND, a low of 9.77 VND, and closed the hour at 9.77 VND with a trading volume of 2,271,600 shares."
2025-11-04 09:00:00,9.7,9.81,9.6,9.68,775500,DXS,"At 2025-11-04 09:00:00, the stock DXS opened at 9.70 VND, reached a high of 9.81 VND, a low of 9.60 VND, and closed the hour at 9.68 VND with a trading volume of 775,500 shares."
2025-11-04 10:00:00,9.66,9.73,9.57,9.58,630300,DXS,"At 2025-11-04 10:00:00, the stock DXS opened at 9.66 VND, reached a high of 9.73 VND, a low of 9.57 VND, and closed the hour at 9.58 VND with a trading volume of 630,300 shares."
2025-11-04 11:00:00,9.58,9.58,9.1,9.41,869500,DXS,"At 2025-11-04 11:00:00, the stock DXS opened at 9.58 VND, reached a high of 9.58 VND, a low of 9.10 VND, and closed the hour at 9.41 VND with a trading volume of 869,500 shares."
2025-11-04 13:00:00,9.41,10.2,9.3,10.05,1231500,DXS,"At 2025-11-04 13:00:00, the stock DXS opened at 9.41 VND, reached a high of 10.20 VND, a low of 9.30 VND, and closed the hour at 10.05 VND with a trading volume of 1,231,500 shares."
2025-11-04 14:00:00,10.05,10.45,10.0,10.45,649200,DXS,"At 2025-11-04 14:00:00, the stock DXS opened at 10.05 VND, reached a high of 10.45 VND, a low of 10.00 VND, and closed the hour at 10.45 VND with a trading volume of 649,200 shares."
2025-11-05 09:00:00,10.45,10.45,10.1,10.3,234200,DXS,"At 2025-11-05 09:00:00, the stock DXS opened at 10.45 VND, reached a high of 10.45 VND, a low of 10.10 VND, and closed the hour at 10.30 VND with a trading volume of 234,200 shares."
2025-11-05 10:00:00,10.3,10.35,10.15,10.2,183500,DXS,"At 2025-11-05 10:00:00, the stock DXS opened at 10.30 VND, reached a high of 10.35 VND, a low of 10.15 VND, and closed the hour at 10.20 VND with a trading volume of 183,500 shares."
2025-11-05 11:00:00,10.2,10.25,10.15,10.15,179500,DXS,"At 2025-11-05 11:00:00, the stock DXS opened at 10.20 VND, reached a high of 10.25 VND, a low of 10.15 VND, and closed the hour at 10.15 VND with a trading volume of 179,500 shares."
2025-11-05 13:00:00,10.2,10.2,10.0,10.1,547500,DXS,"At 2025-11-05 13:00:00, the stock DXS opened at 10.20 VND, reached a high of 10.20 VND, a low of 10.00 VND, and closed the hour at 10.10 VND with a trading volume of 547,500 shares."
2025-11-05 14:00:00,10.1,10.35,10.0,10.3,667700,DXS,"At 2025-11-05 14:00:00, the stock DXS opened at 10.10 VND, reached a high of 10.35 VND, a low of 10.00 VND, and closed the hour at 10.30 VND with a trading volume of 667,700 shares."
2025-11-06 09:00:00,10.15,10.45,10.15,10.45,246300,DXS,"At 2025-11-06 09:00:00, the stock DXS opened at 10.15 VND, reached a high of 10.45 VND, a low of 10.15 VND, and closed the hour at 10.45 VND with a trading volume of 246,300 shares."
2025-11-06 10:00:00,10.4,10.4,10.15,10.35,282600,DXS,"At 2025-11-06 10:00:00, the stock DXS opened at 10.40 VND, reached a high of 10.40 VND, a low of 10.15 VND, and closed the hour at 10.35 VND with a trading volume of 282,600 shares."
2025-11-06 11:00:00,10.3,10.35,10.15,10.15,75600,DXS,"At 2025-11-06 11:00:00, the stock DXS opened at 10.30 VND, reached a high of 10.35 VND, a low of 10.15 VND, and closed the hour at 10.15 VND with a trading volume of 75,600 shares."
2025-11-06 13:00:00,10.15,10.3,10.1,10.25,288800,DXS,"At 2025-11-06 13:00:00, the stock DXS opened at 10.15 VND, reached a high of 10.30 VND, a low of 10.10 VND, and closed the hour at 10.25 VND with a trading volume of 288,800 shares."
2025-11-06 14:00:00,10.25,10.4,10.1,10.1,684000,DXS,"At 2025-11-06 14:00:00, the stock DXS opened at 10.25 VND, reached a high of 10.40 VND, a low of 10.10 VND, and closed the hour at 10.10 VND with a trading volume of 684,000 shares."
2025-11-07 09:00:00,10.15,10.15,10.05,10.05,103200,DXS,"At 2025-11-07 09:00:00, the stock DXS opened at 10.15 VND, reached a high of 10.15 VND, a low of 10.05 VND, and closed the hour at 10.05 VND with a trading volume of 103,200 shares."
2025-11-07 10:00:00,10.05,10.05,9.97,10.0,381200,DXS,"At 2025-11-07 10:00:00, the stock DXS opened at 10.05 VND, reached a high of 10.05 VND, a low of 9.97 VND, and closed the hour at 10.00 VND with a trading volume of 381,200 shares."
2025-11-07 11:00:00,9.99,10.0,9.96,9.98,134400,DXS,"At 2025-11-07 11:00:00, the stock DXS opened at 9.99 VND, reached a high of 10.00 VND, a low of 9.96 VND, and closed the hour at 9.98 VND with a trading volume of 134,400 shares."
2025-11-07 13:00:00,9.98,9.99,9.89,9.94,608700,DXS,"At 2025-11-07 13:00:00, the stock DXS opened at 9.98 VND, reached a high of 9.99 VND, a low of 9.89 VND, and closed the hour at 9.94 VND with a trading volume of 608,700 shares."
2025-11-07 14:00:00,9.94,9.95,9.69,9.69,613900,DXS,"At 2025-11-07 14:00:00, the stock DXS opened at 9.94 VND, reached a high of 9.95 VND, a low of 9.69 VND, and closed the hour at 9.69 VND with a trading volume of 613,900 shares."
2025-11-10 09:00:00,9.69,9.7,9.5,9.55,492600,DXS,"At 2025-11-10 09:00:00, the stock DXS opened at 9.69 VND, reached a high of 9.70 VND, a low of 9.50 VND, and closed the hour at 9.55 VND with a trading volume of 492,600 shares."
2025-11-10 10:00:00,9.56,9.56,9.31,9.37,603100,DXS,"At 2025-11-10 10:00:00, the stock DXS opened at 9.56 VND, reached a high of 9.56 VND, a low of 9.31 VND, and closed the hour at 9.37 VND with a trading volume of 603,100 shares."
2025-11-10 11:00:00,9.37,9.62,9.36,9.5,457700,DXS,"At 2025-11-10 11:00:00, the stock DXS opened at 9.37 VND, reached a high of 9.62 VND, a low of 9.36 VND, and closed the hour at 9.50 VND with a trading volume of 457,700 shares."
2025-11-10 13:00:00,9.5,9.8,9.5,9.72,527500,DXS,"At 2025-11-10 13:00:00, the stock DXS opened at 9.50 VND, reached a high of 9.80 VND, a low of 9.50 VND, and closed the hour at 9.72 VND with a trading volume of 527,500 shares."
2025-11-10 14:00:00,9.71,9.71,9.48,9.48,157200,DXS,"At 2025-11-10 14:00:00, the stock DXS opened at 9.71 VND, reached a high of 9.71 VND, a low of 9.48 VND, and closed the hour at 9.48 VND with a trading volume of 157,200 shares."
2025-11-11 09:00:00,9.5,9.67,9.5,9.59,161300,DXS,"At 2025-11-11 09:00:00, the stock DXS opened at 9.50 VND, reached a high of 9.67 VND, a low of 9.50 VND, and closed the hour at 9.59 VND with a trading volume of 161,300 shares."
2025-11-11 10:00:00,9.59,9.6,9.45,9.48,155500,DXS,"At 2025-11-11 10:00:00, the stock DXS opened at 9.59 VND, reached a high of 9.60 VND, a low of 9.45 VND, and closed the hour at 9.48 VND with a trading volume of 155,500 shares."
2025-11-11 11:00:00,9.48,9.48,9.44,9.45,67600,DXS,"At 2025-11-11 11:00:00, the stock DXS opened at 9.48 VND, reached a high of 9.48 VND, a low of 9.44 VND, and closed the hour at 9.45 VND with a trading volume of 67,600 shares."
2025-11-11 13:00:00,9.45,9.6,9.4,9.58,315600,DXS,"At 2025-11-11 13:00:00, the stock DXS opened at 9.45 VND, reached a high of 9.60 VND, a low of 9.40 VND, and closed the hour at 9.58 VND with a trading volume of 315,600 shares."
2025-11-11 14:00:00,9.57,9.6,9.51,9.6,282300,DXS,"At 2025-11-11 14:00:00, the stock DXS opened at 9.57 VND, reached a high of 9.60 VND, a low of 9.51 VND, and closed the hour at 9.60 VND with a trading volume of 282,300 shares."
2025-11-12 09:00:00,9.65,9.8,9.64,9.67,196300,DXS,"At 2025-11-12 09:00:00, the stock DXS opened at 9.65 VND, reached a high of 9.80 VND, a low of 9.64 VND, and closed the hour at 9.67 VND with a trading volume of 196,300 shares."
2025-11-12 10:00:00,9.67,9.7,9.63,9.67,29600,DXS,"At 2025-11-12 10:00:00, the stock DXS opened at 9.67 VND, reached a high of 9.70 VND, a low of 9.63 VND, and closed the hour at 9.67 VND with a trading volume of 29,600 shares."
2025-11-12 11:00:00,9.67,9.75,9.65,9.71,72400,DXS,"At 2025-11-12 11:00:00, the stock DXS opened at 9.67 VND, reached a high of 9.75 VND, a low of 9.65 VND, and closed the hour at 9.71 VND with a trading volume of 72,400 shares."
2025-11-12 13:00:00,9.71,9.95,9.68,9.91,853400,DXS,"At 2025-11-12 13:00:00, the stock DXS opened at 9.71 VND, reached a high of 9.95 VND, a low of 9.68 VND, and closed the hour at 9.91 VND with a trading volume of 853,400 shares."
2025-11-12 14:00:00,9.95,9.98,9.86,9.92,525700,DXS,"At 2025-11-12 14:00:00, the stock DXS opened at 9.95 VND, reached a high of 9.98 VND, a low of 9.86 VND, and closed the hour at 9.92 VND with a trading volume of 525,700 shares."
2025-11-13 09:00:00,9.97,9.97,9.81,9.88,210500,DXS,"At 2025-11-13 09:00:00, the stock DXS opened at 9.97 VND, reached a high of 9.97 VND, a low of 9.81 VND, and closed the hour at 9.88 VND with a trading volume of 210,500 shares."
2025-11-13 10:00:00,9.88,9.9,9.82,9.87,452400,DXS,"At 2025-11-13 10:00:00, the stock DXS opened at 9.88 VND, reached a high of 9.90 VND, a low of 9.82 VND, and closed the hour at 9.87 VND with a trading volume of 452,400 shares."
2025-11-13 11:00:00,9.87,9.89,9.83,9.83,89800,DXS,"At 2025-11-13 11:00:00, the stock DXS opened at 9.87 VND, reached a high of 9.89 VND, a low of 9.83 VND, and closed the hour at 9.83 VND with a trading volume of 89,800 shares."
2025-11-13 13:00:00,9.83,9.89,9.82,9.83,318300,DXS,"At 2025-11-13 13:00:00, the stock DXS opened at 9.83 VND, reached a high of 9.89 VND, a low of 9.82 VND, and closed the hour at 9.83 VND with a trading volume of 318,300 shares."
2025-11-13 14:00:00,9.83,9.89,9.75,9.89,619300,DXS,"At 2025-11-13 14:00:00, the stock DXS opened at 9.83 VND, reached a high of 9.89 VND, a low of 9.75 VND, and closed the hour at 9.89 VND with a trading volume of 619,300 shares."
2025-11-14 09:00:00,9.78,10.1,9.77,9.91,600900,DXS,"At 2025-11-14 09:00:00, the stock DXS opened at 9.78 VND, reached a high of 10.10 VND, a low of 9.77 VND, and closed the hour at 9.91 VND with a trading volume of 600,900 shares."
2025-11-14 10:00:00,9.91,9.97,9.9,9.93,196700,DXS,"At 2025-11-14 10:00:00, the stock DXS opened at 9.91 VND, reached a high of 9.97 VND, a low of 9.90 VND, and closed the hour at 9.93 VND with a trading volume of 196,700 shares."
2025-11-14 11:00:00,9.93,9.98,9.93,9.97,53700,DXS,"At 2025-11-14 11:00:00, the stock DXS opened at 9.93 VND, reached a high of 9.98 VND, a low of 9.93 VND, and closed the hour at 9.97 VND with a trading volume of 53,700 shares."
2025-11-14 13:00:00,9.96,9.97,9.89,9.97,437500,DXS,"At 2025-11-14 13:00:00, the stock DXS opened at 9.96 VND, reached a high of 9.97 VND, a low of 9.89 VND, and closed the hour at 9.97 VND with a trading volume of 437,500 shares."
2025-11-14 14:00:00,9.97,10.0,9.89,9.9,285500,DXS,"At 2025-11-14 14:00:00, the stock DXS opened at 9.97 VND, reached a high of 10.00 VND, a low of 9.89 VND, and closed the hour at 9.90 VND with a trading volume of 285,500 shares."
2025-11-17 09:00:00,10.05,10.15,9.95,10.05,297400,DXS,"At 2025-11-17 09:00:00, the stock DXS opened at 10.05 VND, reached a high of 10.15 VND, a low of 9.95 VND, and closed the hour at 10.05 VND with a trading volume of 297,400 shares."
2025-11-17 10:00:00,10.05,10.15,10.0,10.1,211900,DXS,"At 2025-11-17 10:00:00, the stock DXS opened at 10.05 VND, reached a high of 10.15 VND, a low of 10.00 VND, and closed the hour at 10.10 VND with a trading volume of 211,900 shares."
2025-11-17 11:00:00,10.1,10.2,10.1,10.15,291500,DXS,"At 2025-11-17 11:00:00, the stock DXS opened at 10.10 VND, reached a high of 10.20 VND, a low of 10.10 VND, and closed the hour at 10.15 VND with a trading volume of 291,500 shares."
2025-11-17 13:00:00,10.15,10.3,10.1,10.2,416700,DXS,"At 2025-11-17 13:00:00, the stock DXS opened at 10.15 VND, reached a high of 10.30 VND, a low of 10.10 VND, and closed the hour at 10.20 VND with a trading volume of 416,700 shares."
2025-11-17 14:00:00,10.2,10.25,10.1,10.2,221000,DXS,"At 2025-11-17 14:00:00, the stock DXS opened at 10.20 VND, reached a high of 10.25 VND, a low of 10.10 VND, and closed the hour at 10.20 VND with a trading volume of 221,000 shares."
2025-11-18 09:00:00,10.2,10.3,10.15,10.25,233600,DXS,"At 2025-11-18 09:00:00, the stock DXS opened at 10.20 VND, reached a high of 10.30 VND, a low of 10.15 VND, and closed the hour at 10.25 VND with a trading volume of 233,600 shares."
2025-11-18 10:00:00,10.2,10.2,10.1,10.15,196700,DXS,"At 2025-11-18 10:00:00, the stock DXS opened at 10.20 VND, reached a high of 10.20 VND, a low of 10.10 VND, and closed the hour at 10.15 VND with a trading volume of 196,700 shares."
2025-11-18 11:00:00,10.15,10.2,10.1,10.2,65600,DXS,"At 2025-11-18 11:00:00, the stock DXS opened at 10.15 VND, reached a high of 10.20 VND, a low of 10.10 VND, and closed the hour at 10.20 VND with a trading volume of 65,600 shares."
2025-11-18 13:00:00,10.15,10.2,10.05,10.1,507900,DXS,"At 2025-11-18 13:00:00, the stock DXS opened at 10.15 VND, reached a high of 10.20 VND, a low of 10.05 VND, and closed the hour at 10.10 VND with a trading volume of 507,900 shares."
2025-11-18 14:00:00,10.15,10.15,10.1,10.15,270900,DXS,"At 2025-11-18 14:00:00, the stock DXS opened at 10.15 VND, reached a high of 10.15 VND, a low of 10.10 VND, and closed the hour at 10.15 VND with a trading volume of 270,900 shares."
2025-11-19 09:00:00,10.15,10.2,10.1,10.15,85500,DXS,"At 2025-11-19 09:00:00, the stock DXS opened at 10.15 VND, reached a high of 10.20 VND, a low of 10.10 VND, and closed the hour at 10.15 VND with a trading volume of 85,500 shares."
2025-11-19 10:00:00,10.15,10.15,10.0,10.05,353800,DXS,"At 2025-11-19 10:00:00, the stock DXS opened at 10.15 VND, reached a high of 10.15 VND, a low of 10.00 VND, and closed the hour at 10.05 VND with a trading volume of 353,800 shares."
2025-11-19 11:00:00,10.05,10.15,10.0,10.05,187200,DXS,"At 2025-11-19 11:00:00, the stock DXS opened at 10.05 VND, reached a high of 10.15 VND, a low of 10.00 VND, and closed the hour at 10.05 VND with a trading volume of 187,200 shares."
2025-11-19 13:00:00,10.0,10.2,10.0,10.1,619800,DXS,"At 2025-11-19 13:00:00, the stock DXS opened at 10.00 VND, reached a high of 10.20 VND, a low of 10.00 VND, and closed the hour at 10.10 VND with a trading volume of 619,800 shares."
2025-11-19 14:00:00,10.1,10.2,9.95,10.2,616000,DXS,"At 2025-11-19 14:00:00, the stock DXS opened at 10.10 VND, reached a high of 10.20 VND, a low of 9.95 VND, and closed the hour at 10.20 VND with a trading volume of 616,000 shares."
2025-11-20 09:00:00,10.2,10.25,10.0,10.0,304500,DXS,"At 2025-11-20 09:00:00, the stock DXS opened at 10.20 VND, reached a high of 10.25 VND, a low of 10.00 VND, and closed the hour at 10.00 VND with a trading volume of 304,500 shares."
2025-11-20 10:00:00,10.05,10.05,9.97,9.97,358300,DXS,"At 2025-11-20 10:00:00, the stock DXS opened at 10.05 VND, reached a high of 10.05 VND, a low of 9.97 VND, and closed the hour at 9.97 VND with a trading volume of 358,300 shares."
2025-11-20 11:00:00,9.97,9.98,9.95,9.96,170400,DXS,"At 2025-11-20 11:00:00, the stock DXS opened at 9.97 VND, reached a high of 9.98 VND, a low of 9.95 VND, and closed the hour at 9.96 VND with a trading volume of 170,400 shares."
2025-11-20 13:00:00,9.95,10.0,9.95,9.96,232700,DXS,"At 2025-11-20 13:00:00, the stock DXS opened at 9.95 VND, reached a high of 10.00 VND, a low of 9.95 VND, and closed the hour at 9.96 VND with a trading volume of 232,700 shares."
2025-11-20 14:00:00,9.96,10.25,9.96,10.25,722100,DXS,"At 2025-11-20 14:00:00, the stock DXS opened at 9.96 VND, reached a high of 10.25 VND, a low of 9.96 VND, and closed the hour at 10.25 VND with a trading volume of 722,100 shares."
2025-11-21 09:00:00,10.15,10.15,10.0,10.0,165400,DXS,"At 2025-11-21 09:00:00, the stock DXS opened at 10.15 VND, reached a high of 10.15 VND, a low of 10.00 VND, and closed the hour at 10.00 VND with a trading volume of 165,400 shares."
2025-11-21 10:00:00,10.05,10.15,9.98,9.99,241000,DXS,"At 2025-11-21 10:00:00, the stock DXS opened at 10.05 VND, reached a high of 10.15 VND, a low of 9.98 VND, and closed the hour at 9.99 VND with a trading volume of 241,000 shares."
2025-11-21 11:00:00,9.98,10.0,9.95,10.0,211500,DXS,"At 2025-11-21 11:00:00, the stock DXS opened at 9.98 VND, reached a high of 10.00 VND, a low of 9.95 VND, and closed the hour at 10.00 VND with a trading volume of 211,500 shares."
2025-11-21 13:00:00,10.0,10.15,9.95,10.05,421100,DXS,"At 2025-11-21 13:00:00, the stock DXS opened at 10.00 VND, reached a high of 10.15 VND, a low of 9.95 VND, and closed the hour at 10.05 VND with a trading volume of 421,100 shares."
2025-11-21 14:00:00,10.0,10.2,9.98,10.2,396800,DXS,"At 2025-11-21 14:00:00, the stock DXS opened at 10.00 VND, reached a high of 10.20 VND, a low of 9.98 VND, and closed the hour at 10.20 VND with a trading volume of 396,800 shares."
2025-11-24 09:00:00,10.2,10.25,10.15,10.2,176700,DXS,"At 2025-11-24 09:00:00, the stock DXS opened at 10.20 VND, reached a high of 10.25 VND, a low of 10.15 VND, and closed the hour at 10.20 VND with a trading volume of 176,700 shares."
2025-11-24 10:00:00,10.2,10.2,10.05,10.05,201700,DXS,"At 2025-11-24 10:00:00, the stock DXS opened at 10.20 VND, reached a high of 10.20 VND, a low of 10.05 VND, and closed the hour at 10.05 VND with a trading volume of 201,700 shares."
2025-11-24 11:00:00,10.1,10.1,10.0,10.05,229200,DXS,"At 2025-11-24 11:00:00, the stock DXS opened at 10.10 VND, reached a high of 10.10 VND, a low of 10.00 VND, and closed the hour at 10.05 VND with a trading volume of 229,200 shares."
2025-11-24 13:00:00,10.05,10.15,10.0,10.1,380300,DXS,"At 2025-11-24 13:00:00, the stock DXS opened at 10.05 VND, reached a high of 10.15 VND, a low of 10.00 VND, and closed the hour at 10.10 VND with a trading volume of 380,300 shares."
2025-11-24 14:00:00,10.05,10.15,10.0,10.15,460600,DXS,"At 2025-11-24 14:00:00, the stock DXS opened at 10.05 VND, reached a high of 10.15 VND, a low of 10.00 VND, and closed the hour at 10.15 VND with a trading volume of 460,600 shares."
2025-11-25 09:00:00,10.2,10.2,10.0,10.05,235600,DXS,"At 2025-11-25 09:00:00, the stock DXS opened at 10.20 VND, reached a high of 10.20 VND, a low of 10.00 VND, and closed the hour at 10.05 VND with a trading volume of 235,600 shares."
2025-11-25 10:00:00,10.1,10.15,10.0,10.05,197200,DXS,"At 2025-11-25 10:00:00, the stock DXS opened at 10.10 VND, reached a high of 10.15 VND, a low of 10.00 VND, and closed the hour at 10.05 VND with a trading volume of 197,200 shares."
2025-11-25 11:00:00,10.05,10.05,10.0,10.0,185000,DXS,"At 2025-11-25 11:00:00, the stock DXS opened at 10.05 VND, reached a high of 10.05 VND, a low of 10.00 VND, and closed the hour at 10.00 VND with a trading volume of 185,000 shares."
2025-11-25 13:00:00,10.0,10.05,9.98,10.0,406700,DXS,"At 2025-11-25 13:00:00, the stock DXS opened at 10.00 VND, reached a high of 10.05 VND, a low of 9.98 VND, and closed the hour at 10.00 VND with a trading volume of 406,700 shares."
2025-11-25 14:00:00,9.99,10.0,9.9,9.9,611700,DXS,"At 2025-11-25 14:00:00, the stock DXS opened at 9.99 VND, reached a high of 10.00 VND, a low of 9.90 VND, and closed the hour at 9.90 VND with a trading volume of 611,700 shares."
2025-11-26 09:00:00,9.96,10.1,9.9,10.05,160800,DXS,"At 2025-11-26 09:00:00, the stock DXS opened at 9.96 VND, reached a high of 10.10 VND, a low of 9.90 VND, and closed the hour at 10.05 VND with a trading volume of 160,800 shares."
2025-11-26 10:00:00,10.0,10.15,10.0,10.0,182200,DXS,"At 2025-11-26 10:00:00, the stock DXS opened at 10.00 VND, reached a high of 10.15 VND, a low of 10.00 VND, and closed the hour at 10.00 VND with a trading volume of 182,200 shares."
2025-11-26 11:00:00,10.0,10.05,10.0,10.0,31600,DXS,"At 2025-11-26 11:00:00, the stock DXS opened at 10.00 VND, reached a high of 10.05 VND, a low of 10.00 VND, and closed the hour at 10.00 VND with a trading volume of 31,600 shares."
2025-11-26 13:00:00,10.0,10.15,9.98,10.1,223000,DXS,"At 2025-11-26 13:00:00, the stock DXS opened at 10.00 VND, reached a high of 10.15 VND, a low of 9.98 VND, and closed the hour at 10.10 VND with a trading volume of 223,000 shares."
2025-11-26 14:00:00,10.1,10.25,10.05,10.25,698600,DXS,"At 2025-11-26 14:00:00, the stock DXS opened at 10.10 VND, reached a high of 10.25 VND, a low of 10.05 VND, and closed the hour at 10.25 VND with a trading volume of 698,600 shares."
2025-11-27 09:00:00,10.25,10.3,10.15,10.15,351700,DXS,"At 2025-11-27 09:00:00, the stock DXS opened at 10.25 VND, reached a high of 10.30 VND, a low of 10.15 VND, and closed the hour at 10.15 VND with a trading volume of 351,700 shares."
2025-11-27 10:00:00,10.2,10.25,10.05,10.1,286900,DXS,"At 2025-11-27 10:00:00, the stock DXS opened at 10.20 VND, reached a high of 10.25 VND, a low of 10.05 VND, and closed the hour at 10.10 VND with a trading volume of 286,900 shares."
2025-11-27 11:00:00,10.1,10.1,10.05,10.1,40900,DXS,"At 2025-11-27 11:00:00, the stock DXS opened at 10.10 VND, reached a high of 10.10 VND, a low of 10.05 VND, and closed the hour at 10.10 VND with a trading volume of 40,900 shares."
2025-11-27 13:00:00,10.1,10.2,10.0,10.1,291500,DXS,"At 2025-11-27 13:00:00, the stock DXS opened at 10.10 VND, reached a high of 10.20 VND, a low of 10.00 VND, and closed the hour at 10.10 VND with a trading volume of 291,500 shares."
2025-11-27 14:00:00,10.1,10.15,10.0,10.0,104400,DXS,"At 2025-11-27 14:00:00, the stock DXS opened at 10.10 VND, reached a high of 10.15 VND, a low of 10.00 VND, and closed the hour at 10.00 VND with a trading volume of 104,400 shares."
2025-11-28 09:00:00,10.05,10.05,9.96,9.96,186500,DXS,"At 2025-11-28 09:00:00, the stock DXS opened at 10.05 VND, reached a high of 10.05 VND, a low of 9.96 VND, and closed the hour at 9.96 VND with a trading volume of 186,500 shares."
2025-11-28 10:00:00,9.99,10.1,9.97,10.0,302800,DXS,"At 2025-11-28 10:00:00, the stock DXS opened at 9.99 VND, reached a high of 10.10 VND, a low of 9.97 VND, and closed the hour at 10.00 VND with a trading volume of 302,800 shares."
2025-11-28 11:00:00,10.0,10.0,9.99,9.99,36200,DXS,"At 2025-11-28 11:00:00, the stock DXS opened at 10.00 VND, reached a high of 10.00 VND, a low of 9.99 VND, and closed the hour at 9.99 VND with a trading volume of 36,200 shares."
2025-11-28 13:00:00,9.98,9.99,9.93,9.95,370800,DXS,"At 2025-11-28 13:00:00, the stock DXS opened at 9.98 VND, reached a high of 9.99 VND, a low of 9.93 VND, and closed the hour at 9.95 VND with a trading volume of 370,800 shares."
2025-11-28 14:00:00,9.95,10.0,9.88,10.0,634000,DXS,"At 2025-11-28 14:00:00, the stock DXS opened at 9.95 VND, reached a high of 10.00 VND, a low of 9.88 VND, and closed the hour at 10.00 VND with a trading volume of 634,000 shares."
2025-12-01 09:00:00,10.0,10.05,9.95,9.99,47900,DXS,"At 2025-12-01 09:00:00, the stock DXS opened at 10.00 VND, reached a high of 10.05 VND, a low of 9.95 VND, and closed the hour at 9.99 VND with a trading volume of 47,900 shares."
2025-12-01 10:00:00,10.0,10.0,9.94,9.94,76600,DXS,"At 2025-12-01 10:00:00, the stock DXS opened at 10.00 VND, reached a high of 10.00 VND, a low of 9.94 VND, and closed the hour at 9.94 VND with a trading volume of 76,600 shares."
2025-12-01 11:00:00,9.94,9.96,9.92,9.93,59400,DXS,"At 2025-12-01 11:00:00, the stock DXS opened at 9.94 VND, reached a high of 9.96 VND, a low of 9.92 VND, and closed the hour at 9.93 VND with a trading volume of 59,400 shares."
2025-12-01 13:00:00,9.94,9.98,9.9,9.9,124800,DXS,"At 2025-12-01 13:00:00, the stock DXS opened at 9.94 VND, reached a high of 9.98 VND, a low of 9.90 VND, and closed the hour at 9.90 VND with a trading volume of 124,800 shares."
2025-12-01 14:00:00,9.96,9.97,9.91,9.91,96200,DXS,"At 2025-12-01 14:00:00, the stock DXS opened at 9.96 VND, reached a high of 9.97 VND, a low of 9.91 VND, and closed the hour at 9.91 VND with a trading volume of 96,200 shares."
2025-12-02 09:00:00,9.91,9.97,9.83,9.95,183000,DXS,"At 2025-12-02 09:00:00, the stock DXS opened at 9.91 VND, reached a high of 9.97 VND, a low of 9.83 VND, and closed the hour at 9.95 VND with a trading volume of 183,000 shares."
2025-12-02 10:00:00,9.97,9.97,9.79,9.89,259000,DXS,"At 2025-12-02 10:00:00, the stock DXS opened at 9.97 VND, reached a high of 9.97 VND, a low of 9.79 VND, and closed the hour at 9.89 VND with a trading volume of 259,000 shares."
2025-12-02 11:00:00,9.89,9.91,9.83,9.83,99300,DXS,"At 2025-12-02 11:00:00, the stock DXS opened at 9.89 VND, reached a high of 9.91 VND, a low of 9.83 VND, and closed the hour at 9.83 VND with a trading volume of 99,300 shares."
2025-12-02 13:00:00,9.83,9.99,9.81,9.96,317200,DXS,"At 2025-12-02 13:00:00, the stock DXS opened at 9.83 VND, reached a high of 9.99 VND, a low of 9.81 VND, and closed the hour at 9.96 VND with a trading volume of 317,200 shares."
2025-12-02 14:00:00,9.96,10.05,9.95,10.05,236900,DXS,"At 2025-12-02 14:00:00, the stock DXS opened at 9.96 VND, reached a high of 10.05 VND, a low of 9.95 VND, and closed the hour at 10.05 VND with a trading volume of 236,900 shares."
2025-12-03 09:00:00,10.05,10.1,9.97,9.99,180100,DXS,"At 2025-12-03 09:00:00, the stock DXS opened at 10.05 VND, reached a high of 10.10 VND, a low of 9.97 VND, and closed the hour at 9.99 VND with a trading volume of 180,100 shares."
2025-12-03 10:00:00,9.99,10.1,9.97,10.0,197400,DXS,"At 2025-12-03 10:00:00, the stock DXS opened at 9.99 VND, reached a high of 10.10 VND, a low of 9.97 VND, and closed the hour at 10.00 VND with a trading volume of 197,400 shares."
2025-12-03 11:00:00,10.0,10.05,10.0,10.0,63900,DXS,"At 2025-12-03 11:00:00, the stock DXS opened at 10.00 VND, reached a high of 10.05 VND, a low of 10.00 VND, and closed the hour at 10.00 VND with a trading volume of 63,900 shares."
2025-12-03 13:00:00,10.0,10.1,9.99,10.0,163000,DXS,"At 2025-12-03 13:00:00, the stock DXS opened at 10.00 VND, reached a high of 10.10 VND, a low of 9.99 VND, and closed the hour at 10.00 VND with a trading volume of 163,000 shares."
2025-12-03 14:00:00,10.05,10.1,10.0,10.1,429300,DXS,"At 2025-12-03 14:00:00, the stock DXS opened at 10.05 VND, reached a high of 10.10 VND, a low of 10.00 VND, and closed the hour at 10.10 VND with a trading volume of 429,300 shares."
2025-12-04 09:00:00,10.2,10.3,10.15,10.2,622200,DXS,"At 2025-12-04 09:00:00, the stock DXS opened at 10.20 VND, reached a high of 10.30 VND, a low of 10.15 VND, and closed the hour at 10.20 VND with a trading volume of 622,200 shares."
2025-12-04 10:00:00,10.2,10.25,10.15,10.2,192300,DXS,"At 2025-12-04 10:00:00, the stock DXS opened at 10.20 VND, reached a high of 10.25 VND, a low of 10.15 VND, and closed the hour at 10.20 VND with a trading volume of 192,300 shares."
2025-12-04 11:00:00,10.2,10.2,10.15,10.15,45600,DXS,"At 2025-12-04 11:00:00, the stock DXS opened at 10.20 VND, reached a high of 10.20 VND, a low of 10.15 VND, and closed the hour at 10.15 VND with a trading volume of 45,600 shares."
2025-12-04 13:00:00,10.2,10.6,10.15,10.5,1377400,DXS,"At 2025-12-04 13:00:00, the stock DXS opened at 10.20 VND, reached a high of 10.60 VND, a low of 10.15 VND, and closed the hour at 10.50 VND with a trading volume of 1,377,400 shares."
2025-12-04 14:00:00,10.5,10.65,10.5,10.6,983000,DXS,"At 2025-12-04 14:00:00, the stock DXS opened at 10.50 VND, reached a high of 10.65 VND, a low of 10.50 VND, and closed the hour at 10.60 VND with a trading volume of 983,000 shares."
2025-12-05 09:00:00,10.7,10.7,10.4,10.4,249200,DXS,"At 2025-12-05 09:00:00, the stock DXS opened at 10.70 VND, reached a high of 10.70 VND, a low of 10.40 VND, and closed the hour at 10.40 VND with a trading volume of 249,200 shares."
2025-12-05 10:00:00,10.4,10.45,10.3,10.35,242400,DXS,"At 2025-12-05 10:00:00, the stock DXS opened at 10.40 VND, reached a high of 10.45 VND, a low of 10.30 VND, and closed the hour at 10.35 VND with a trading volume of 242,400 shares."
2025-12-05 11:00:00,10.35,10.35,10.3,10.3,111200,DXS,"At 2025-12-05 11:00:00, the stock DXS opened at 10.35 VND, reached a high of 10.35 VND, a low of 10.30 VND, and closed the hour at 10.30 VND with a trading volume of 111,200 shares."
2025-12-05 13:00:00,10.3,10.35,10.25,10.3,295800,DXS,"At 2025-12-05 13:00:00, the stock DXS opened at 10.30 VND, reached a high of 10.35 VND, a low of 10.25 VND, and closed the hour at 10.30 VND with a trading volume of 295,800 shares."
2025-12-05 14:00:00,10.3,10.35,10.2,10.25,254900,DXS,"At 2025-12-05 14:00:00, the stock DXS opened at 10.30 VND, reached a high of 10.35 VND, a low of 10.20 VND, and closed the hour at 10.25 VND with a trading volume of 254,900 shares."
2025-12-08 09:00:00,10.2,10.25,10.05,10.1,230200,DXS,"At 2025-12-08 09:00:00, the stock DXS opened at 10.20 VND, reached a high of 10.25 VND, a low of 10.05 VND, and closed the hour at 10.10 VND with a trading volume of 230,200 shares."
2025-12-08 10:00:00,10.1,10.15,10.0,10.0,384600,DXS,"At 2025-12-08 10:00:00, the stock DXS opened at 10.10 VND, reached a high of 10.15 VND, a low of 10.00 VND, and closed the hour at 10.00 VND with a trading volume of 384,600 shares."
2025-12-08 11:00:00,10.0,10.05,10.0,10.0,160400,DXS,"At 2025-12-08 11:00:00, the stock DXS opened at 10.00 VND, reached a high of 10.05 VND, a low of 10.00 VND, and closed the hour at 10.00 VND with a trading volume of 160,400 shares."
2025-12-08 13:00:00,10.0,10.05,9.93,9.94,1016800,DXS,"At 2025-12-08 13:00:00, the stock DXS opened at 10.00 VND, reached a high of 10.05 VND, a low of 9.93 VND, and closed the hour at 9.94 VND with a trading volume of 1,016,800 shares."
2025-12-08 14:00:00,9.94,10.05,9.92,9.96,452200,DXS,"At 2025-12-08 14:00:00, the stock DXS opened at 9.94 VND, reached a high of 10.05 VND, a low of 9.92 VND, and closed the hour at 9.96 VND with a trading volume of 452,200 shares."
2025-12-09 09:00:00,9.96,9.96,9.91,9.92,145000,DXS,"At 2025-12-09 09:00:00, the stock DXS opened at 9.96 VND, reached a high of 9.96 VND, a low of 9.91 VND, and closed the hour at 9.92 VND with a trading volume of 145,000 shares."
2025-12-09 10:00:00,9.91,9.93,9.78,9.79,658900,DXS,"At 2025-12-09 10:00:00, the stock DXS opened at 9.91 VND, reached a high of 9.93 VND, a low of 9.78 VND, and closed the hour at 9.79 VND with a trading volume of 658,900 shares."
2025-12-09 11:00:00,9.79,10.0,9.79,9.98,440000,DXS,"At 2025-12-09 11:00:00, the stock DXS opened at 9.79 VND, reached a high of 10.00 VND, a low of 9.79 VND, and closed the hour at 9.98 VND with a trading volume of 440,000 shares."
2025-12-09 13:00:00,9.98,10.0,9.88,9.99,439600,DXS,"At 2025-12-09 13:00:00, the stock DXS opened at 9.98 VND, reached a high of 10.00 VND, a low of 9.88 VND, and closed the hour at 9.99 VND with a trading volume of 439,600 shares."
2025-12-09 14:00:00,9.99,10.05,9.93,10.05,272400,DXS,"At 2025-12-09 14:00:00, the stock DXS opened at 9.99 VND, reached a high of 10.05 VND, a low of 9.93 VND, and closed the hour at 10.05 VND with a trading volume of 272,400 shares."
2025-12-10 09:00:00,10.2,10.2,9.99,10.0,218600,DXS,"At 2025-12-10 09:00:00, the stock DXS opened at 10.20 VND, reached a high of 10.20 VND, a low of 9.99 VND, and closed the hour at 10.00 VND with a trading volume of 218,600 shares."
2025-12-10 10:00:00,10.0,10.05,9.9,9.93,139300,DXS,"At 2025-12-10 10:00:00, the stock DXS opened at 10.00 VND, reached a high of 10.05 VND, a low of 9.90 VND, and closed the hour at 9.93 VND with a trading volume of 139,300 shares."
2025-12-10 11:00:00,9.93,9.94,9.9,9.91,148700,DXS,"At 2025-12-10 11:00:00, the stock DXS opened at 9.93 VND, reached a high of 9.94 VND, a low of 9.90 VND, and closed the hour at 9.91 VND with a trading volume of 148,700 shares."
2025-12-10 13:00:00,9.94,9.94,9.89,9.91,464700,DXS,"At 2025-12-10 13:00:00, the stock DXS opened at 9.94 VND, reached a high of 9.94 VND, a low of 9.89 VND, and closed the hour at 9.91 VND with a trading volume of 464,700 shares."
2025-12-10 14:00:00,9.91,9.92,9.83,9.85,402100,DXS,"At 2025-12-10 14:00:00, the stock DXS opened at 9.91 VND, reached a high of 9.92 VND, a low of 9.83 VND, and closed the hour at 9.85 VND with a trading volume of 402,100 shares."
2025-12-11 09:00:00,9.89,9.93,9.83,9.86,115000,DXS,"At 2025-12-11 09:00:00, the stock DXS opened at 9.89 VND, reached a high of 9.93 VND, a low of 9.83 VND, and closed the hour at 9.86 VND with a trading volume of 115,000 shares."
2025-12-11 10:00:00,9.86,9.86,9.81,9.83,289700,DXS,"At 2025-12-11 10:00:00, the stock DXS opened at 9.86 VND, reached a high of 9.86 VND, a low of 9.81 VND, and closed the hour at 9.83 VND with a trading volume of 289,700 shares."
2025-12-11 11:00:00,9.83,9.84,9.81,9.83,178000,DXS,"At 2025-12-11 11:00:00, the stock DXS opened at 9.83 VND, reached a high of 9.84 VND, a low of 9.81 VND, and closed the hour at 9.83 VND with a trading volume of 178,000 shares."
2025-12-11 13:00:00,9.83,9.83,9.77,9.81,471300,DXS,"At 2025-12-11 13:00:00, the stock DXS opened at 9.83 VND, reached a high of 9.83 VND, a low of 9.77 VND, and closed the hour at 9.81 VND with a trading volume of 471,300 shares."
2025-12-11 14:00:00,9.81,9.84,9.75,9.75,219600,DXS,"At 2025-12-11 14:00:00, the stock DXS opened at 9.81 VND, reached a high of 9.84 VND, a low of 9.75 VND, and closed the hour at 9.75 VND with a trading volume of 219,600 shares."
2025-12-12 09:00:00,9.79,9.87,9.73,9.8,117400,DXS,"At 2025-12-12 09:00:00, the stock DXS opened at 9.79 VND, reached a high of 9.87 VND, a low of 9.73 VND, and closed the hour at 9.80 VND with a trading volume of 117,400 shares."
2025-12-12 10:00:00,9.8,9.89,9.79,9.81,215600,DXS,"At 2025-12-12 10:00:00, the stock DXS opened at 9.80 VND, reached a high of 9.89 VND, a low of 9.79 VND, and closed the hour at 9.81 VND with a trading volume of 215,600 shares."
2025-12-12 11:00:00,9.81,9.82,9.75,9.75,101200,DXS,"At 2025-12-12 11:00:00, the stock DXS opened at 9.81 VND, reached a high of 9.82 VND, a low of 9.75 VND, and closed the hour at 9.75 VND with a trading volume of 101,200 shares."
2025-12-12 13:00:00,9.76,9.76,9.5,9.52,699600,DXS,"At 2025-12-12 13:00:00, the stock DXS opened at 9.76 VND, reached a high of 9.76 VND, a low of 9.50 VND, and closed the hour at 9.52 VND with a trading volume of 699,600 shares."
2025-12-12 14:00:00,9.52,9.59,9.08,9.08,1375900,DXS,"At 2025-12-12 14:00:00, the stock DXS opened at 9.52 VND, reached a high of 9.59 VND, a low of 9.08 VND, and closed the hour at 9.08 VND with a trading volume of 1,375,900 shares."
2025-12-15 09:00:00,9.08,9.16,9.0,9.04,401800,DXS,"At 2025-12-15 09:00:00, the stock DXS opened at 9.08 VND, reached a high of 9.16 VND, a low of 9.00 VND, and closed the hour at 9.04 VND with a trading volume of 401,800 shares."
2025-12-15 10:00:00,9.03,9.13,8.9,9.1,778500,DXS,"At 2025-12-15 10:00:00, the stock DXS opened at 9.03 VND, reached a high of 9.13 VND, a low of 8.90 VND, and closed the hour at 9.10 VND with a trading volume of 778,500 shares."
2025-12-15 11:00:00,9.11,9.12,9.03,9.08,133600,DXS,"At 2025-12-15 11:00:00, the stock DXS opened at 9.11 VND, reached a high of 9.12 VND, a low of 9.03 VND, and closed the hour at 9.08 VND with a trading volume of 133,600 shares."
2025-12-15 13:00:00,9.07,9.09,8.85,8.85,597300,DXS,"At 2025-12-15 13:00:00, the stock DXS opened at 9.07 VND, reached a high of 9.09 VND, a low of 8.85 VND, and closed the hour at 8.85 VND with a trading volume of 597,300 shares."
2025-12-15 14:00:00,8.86,9.15,8.83,9.15,511100,DXS,"At 2025-12-15 14:00:00, the stock DXS opened at 8.86 VND, reached a high of 9.15 VND, a low of 8.83 VND, and closed the hour at 9.15 VND with a trading volume of 511,100 shares."
2025-12-16 09:00:00,9.15,9.15,8.99,8.99,195200,DXS,"At 2025-12-16 09:00:00, the stock DXS opened at 9.15 VND, reached a high of 9.15 VND, a low of 8.99 VND, and closed the hour at 8.99 VND with a trading volume of 195,200 shares."
2025-12-16 10:00:00,9.0,9.0,8.82,8.83,386700,DXS,"At 2025-12-16 10:00:00, the stock DXS opened at 9.00 VND, reached a high of 9.00 VND, a low of 8.82 VND, and closed the hour at 8.83 VND with a trading volume of 386,700 shares."
2025-12-16 11:00:00,8.87,8.89,8.83,8.87,157700,DXS,"At 2025-12-16 11:00:00, the stock DXS opened at 8.87 VND, reached a high of 8.89 VND, a low of 8.83 VND, and closed the hour at 8.87 VND with a trading volume of 157,700 shares."
2025-12-16 13:00:00,8.86,9.31,8.86,9.31,873200,DXS,"At 2025-12-16 13:00:00, the stock DXS opened at 8.86 VND, reached a high of 9.31 VND, a low of 8.86 VND, and closed the hour at 9.31 VND with a trading volume of 873,200 shares."
2025-12-16 14:00:00,9.31,9.59,9.31,9.37,578700,DXS,"At 2025-12-16 14:00:00, the stock DXS opened at 9.31 VND, reached a high of 9.59 VND, a low of 9.31 VND, and closed the hour at 9.37 VND with a trading volume of 578,700 shares."
2025-12-17 09:00:00,9.43,9.43,9.25,9.31,197700,DXS,"At 2025-12-17 09:00:00, the stock DXS opened at 9.43 VND, reached a high of 9.43 VND, a low of 9.25 VND, and closed the hour at 9.31 VND with a trading volume of 197,700 shares."
2025-12-17 10:00:00,9.31,9.31,9.14,9.16,203800,DXS,"At 2025-12-17 10:00:00, the stock DXS opened at 9.31 VND, reached a high of 9.31 VND, a low of 9.14 VND, and closed the hour at 9.16 VND with a trading volume of 203,800 shares."
2025-12-17 11:00:00,9.18,9.18,9.05,9.1,252100,DXS,"At 2025-12-17 11:00:00, the stock DXS opened at 9.18 VND, reached a high of 9.18 VND, a low of 9.05 VND, and closed the hour at 9.10 VND with a trading volume of 252,100 shares."
2025-12-17 13:00:00,9.1,9.16,9.07,9.1,340200,DXS,"At 2025-12-17 13:00:00, the stock DXS opened at 9.10 VND, reached a high of 9.16 VND, a low of 9.07 VND, and closed the hour at 9.10 VND with a trading volume of 340,200 shares."
2025-12-17 14:00:00,9.14,9.21,9.07,9.08,219100,DXS,"At 2025-12-17 14:00:00, the stock DXS opened at 9.14 VND, reached a high of 9.21 VND, a low of 9.07 VND, and closed the hour at 9.08 VND with a trading volume of 219,100 shares."
2025-12-18 09:00:00,9.18,9.18,9.1,9.1,61200,DXS,"At 2025-12-18 09:00:00, the stock DXS opened at 9.18 VND, reached a high of 9.18 VND, a low of 9.10 VND, and closed the hour at 9.10 VND with a trading volume of 61,200 shares."
2025-12-18 10:00:00,9.1,9.18,9.09,9.11,152100,DXS,"At 2025-12-18 10:00:00, the stock DXS opened at 9.10 VND, reached a high of 9.18 VND, a low of 9.09 VND, and closed the hour at 9.11 VND with a trading volume of 152,100 shares."
2025-12-18 11:00:00,9.11,9.14,9.1,9.11,71300,DXS,"At 2025-12-18 11:00:00, the stock DXS opened at 9.11 VND, reached a high of 9.14 VND, a low of 9.10 VND, and closed the hour at 9.11 VND with a trading volume of 71,300 shares."
2025-12-18 13:00:00,9.1,9.12,9.08,9.11,324900,DXS,"At 2025-12-18 13:00:00, the stock DXS opened at 9.10 VND, reached a high of 9.12 VND, a low of 9.08 VND, and closed the hour at 9.11 VND with a trading volume of 324,900 shares."
2025-12-18 14:00:00,9.12,9.12,9.08,9.08,292700,DXS,"At 2025-12-18 14:00:00, the stock DXS opened at 9.12 VND, reached a high of 9.12 VND, a low of 9.08 VND, and closed the hour at 9.08 VND with a trading volume of 292,700 shares."
2025-12-19 09:00:00,9.26,9.31,9.2,9.29,606200,DXS,"At 2025-12-19 09:00:00, the stock DXS opened at 9.26 VND, reached a high of 9.31 VND, a low of 9.20 VND, and closed the hour at 9.29 VND with a trading volume of 606,200 shares."
2025-12-19 10:00:00,9.28,9.29,9.2,9.2,378000,DXS,"At 2025-12-19 10:00:00, the stock DXS opened at 9.28 VND, reached a high of 9.29 VND, a low of 9.20 VND, and closed the hour at 9.20 VND with a trading volume of 378,000 shares."
2025-12-19 11:00:00,9.2,9.2,9.18,9.2,107600,DXS,"At 2025-12-19 11:00:00, the stock DXS opened at 9.20 VND, reached a high of 9.20 VND, a low of 9.18 VND, and closed the hour at 9.20 VND with a trading volume of 107,600 shares."
2025-12-19 13:00:00,9.19,9.22,9.12,9.2,557800,DXS,"At 2025-12-19 13:00:00, the stock DXS opened at 9.19 VND, reached a high of 9.22 VND, a low of 9.12 VND, and closed the hour at 9.20 VND with a trading volume of 557,800 shares."
2025-12-19 14:00:00,9.21,9.4,9.17,9.4,1045300,DXS,"At 2025-12-19 14:00:00, the stock DXS opened at 9.21 VND, reached a high of 9.40 VND, a low of 9.17 VND, and closed the hour at 9.40 VND with a trading volume of 1,045,300 shares."
2025-12-22 09:00:00,9.4,9.42,9.38,9.38,647000,DXS,"At 2025-12-22 09:00:00, the stock DXS opened at 9.40 VND, reached a high of 9.42 VND, a low of 9.38 VND, and closed the hour at 9.38 VND with a trading volume of 647,000 shares."
2025-12-22 10:00:00,9.37,9.39,9.3,9.32,464800,DXS,"At 2025-12-22 10:00:00, the stock DXS opened at 9.37 VND, reached a high of 9.39 VND, a low of 9.30 VND, and closed the hour at 9.32 VND with a trading volume of 464,800 shares."
2025-12-22 11:00:00,9.31,9.35,9.3,9.34,209500,DXS,"At 2025-12-22 11:00:00, the stock DXS opened at 9.31 VND, reached a high of 9.35 VND, a low of 9.30 VND, and closed the hour at 9.34 VND with a trading volume of 209,500 shares."
2025-12-22 13:00:00,9.34,9.4,9.3,9.35,730700,DXS,"At 2025-12-22 13:00:00, the stock DXS opened at 9.34 VND, reached a high of 9.40 VND, a low of 9.30 VND, and closed the hour at 9.35 VND with a trading volume of 730,700 shares."
2025-12-22 14:00:00,9.35,9.44,9.34,9.42,404000,DXS,"At 2025-12-22 14:00:00, the stock DXS opened at 9.35 VND, reached a high of 9.44 VND, a low of 9.34 VND, and closed the hour at 9.42 VND with a trading volume of 404,000 shares."
2025-12-23 09:00:00,9.4,9.4,9.29,9.31,417500,DXS,"At 2025-12-23 09:00:00, the stock DXS opened at 9.40 VND, reached a high of 9.40 VND, a low of 9.29 VND, and closed the hour at 9.31 VND with a trading volume of 417,500 shares."
2025-12-23 10:00:00,9.31,9.36,9.25,9.25,324100,DXS,"At 2025-12-23 10:00:00, the stock DXS opened at 9.31 VND, reached a high of 9.36 VND, a low of 9.25 VND, and closed the hour at 9.25 VND with a trading volume of 324,100 shares."
2025-12-23 11:00:00,9.25,9.26,9.21,9.22,190600,DXS,"At 2025-12-23 11:00:00, the stock DXS opened at 9.25 VND, reached a high of 9.26 VND, a low of 9.21 VND, and closed the hour at 9.22 VND with a trading volume of 190,600 shares."
2025-12-23 13:00:00,9.22,9.24,9.16,9.17,635700,DXS,"At 2025-12-23 13:00:00, the stock DXS opened at 9.22 VND, reached a high of 9.24 VND, a low of 9.16 VND, and closed the hour at 9.17 VND with a trading volume of 635,700 shares."
2025-12-23 14:00:00,9.17,9.23,9.16,9.21,319200,DXS,"At 2025-12-23 14:00:00, the stock DXS opened at 9.17 VND, reached a high of 9.23 VND, a low of 9.16 VND, and closed the hour at 9.21 VND with a trading volume of 319,200 shares."
2025-12-24 09:00:00,9.21,9.33,9.13,9.27,285600,DXS,"At 2025-12-24 09:00:00, the stock DXS opened at 9.21 VND, reached a high of 9.33 VND, a low of 9.13 VND, and closed the hour at 9.27 VND with a trading volume of 285,600 shares."
2025-12-24 10:00:00,9.28,9.32,9.27,9.28,371300,DXS,"At 2025-12-24 10:00:00, the stock DXS opened at 9.28 VND, reached a high of 9.32 VND, a low of 9.27 VND, and closed the hour at 9.28 VND with a trading volume of 371,300 shares."
2025-12-24 11:00:00,9.27,9.27,9.19,9.22,127600,DXS,"At 2025-12-24 11:00:00, the stock DXS opened at 9.27 VND, reached a high of 9.27 VND, a low of 9.19 VND, and closed the hour at 9.22 VND with a trading volume of 127,600 shares."
2025-12-24 13:00:00,9.21,9.22,9.17,9.22,339200,DXS,"At 2025-12-24 13:00:00, the stock DXS opened at 9.21 VND, reached a high of 9.22 VND, a low of 9.17 VND, and closed the hour at 9.22 VND with a trading volume of 339,200 shares."
2025-12-24 14:00:00,9.22,9.49,9.22,9.49,1198500,DXS,"At 2025-12-24 14:00:00, the stock DXS opened at 9.22 VND, reached a high of 9.49 VND, a low of 9.22 VND, and closed the hour at 9.49 VND with a trading volume of 1,198,500 shares."
2025-12-25 09:00:00,9.44,9.44,9.33,9.34,111000,DXS,"At 2025-12-25 09:00:00, the stock DXS opened at 9.44 VND, reached a high of 9.44 VND, a low of 9.33 VND, and closed the hour at 9.34 VND with a trading volume of 111,000 shares."
2025-12-25 10:00:00,9.34,9.38,9.27,9.27,343000,DXS,"At 2025-12-25 10:00:00, the stock DXS opened at 9.34 VND, reached a high of 9.38 VND, a low of 9.27 VND, and closed the hour at 9.27 VND with a trading volume of 343,000 shares."
2025-12-25 11:00:00,9.27,9.28,9.25,9.25,136800,DXS,"At 2025-12-25 11:00:00, the stock DXS opened at 9.27 VND, reached a high of 9.28 VND, a low of 9.25 VND, and closed the hour at 9.25 VND with a trading volume of 136,800 shares."
2025-12-25 13:00:00,9.25,9.3,9.22,9.26,159800,DXS,"At 2025-12-25 13:00:00, the stock DXS opened at 9.25 VND, reached a high of 9.30 VND, a low of 9.22 VND, and closed the hour at 9.26 VND with a trading volume of 159,800 shares."
2025-12-25 14:00:00,9.29,9.38,9.1,9.1,578600,DXS,"At 2025-12-25 14:00:00, the stock DXS opened at 9.29 VND, reached a high of 9.38 VND, a low of 9.10 VND, and closed the hour at 9.10 VND with a trading volume of 578,600 shares."
2025-12-26 09:00:00,9.15,9.15,9.07,9.08,342800,DXS,"At 2025-12-26 09:00:00, the stock DXS opened at 9.15 VND, reached a high of 9.15 VND, a low of 9.07 VND, and closed the hour at 9.08 VND with a trading volume of 342,800 shares."
2025-12-26 10:00:00,9.08,9.1,8.95,9.0,416400,DXS,"At 2025-12-26 10:00:00, the stock DXS opened at 9.08 VND, reached a high of 9.10 VND, a low of 8.95 VND, and closed the hour at 9.00 VND with a trading volume of 416,400 shares."
2025-12-26 11:00:00,8.97,9.0,8.88,8.88,174100,DXS,"At 2025-12-26 11:00:00, the stock DXS opened at 8.97 VND, reached a high of 9.00 VND, a low of 8.88 VND, and closed the hour at 8.88 VND with a trading volume of 174,100 shares."
2025-12-26 13:00:00,8.9,9.0,8.83,8.99,555100,DXS,"At 2025-12-26 13:00:00, the stock DXS opened at 8.90 VND, reached a high of 9.00 VND, a low of 8.83 VND, and closed the hour at 8.99 VND with a trading volume of 555,100 shares."
2025-12-26 14:00:00,9.0,9.15,8.91,9.15,501000,DXS,"At 2025-12-26 14:00:00, the stock DXS opened at 9.00 VND, reached a high of 9.15 VND, a low of 8.91 VND, and closed the hour at 9.15 VND with a trading volume of 501,000 shares."
2025-12-29 09:00:00,9.09,9.17,9.0,9.12,60600,DXS,"At 2025-12-29 09:00:00, the stock DXS opened at 9.09 VND, reached a high of 9.17 VND, a low of 9.00 VND, and closed the hour at 9.12 VND with a trading volume of 60,600 shares."
2025-12-29 10:00:00,9.1,9.1,9.02,9.05,119100,DXS,"At 2025-12-29 10:00:00, the stock DXS opened at 9.10 VND, reached a high of 9.10 VND, a low of 9.02 VND, and closed the hour at 9.05 VND with a trading volume of 119,100 shares."
2025-12-29 11:00:00,9.05,9.07,9.03,9.07,59300,DXS,"At 2025-12-29 11:00:00, the stock DXS opened at 9.05 VND, reached a high of 9.07 VND, a low of 9.03 VND, and closed the hour at 9.07 VND with a trading volume of 59,300 shares."
2025-12-29 13:00:00,9.07,9.07,9.02,9.07,139100,DXS,"At 2025-12-29 13:00:00, the stock DXS opened at 9.07 VND, reached a high of 9.07 VND, a low of 9.02 VND, and closed the hour at 9.07 VND with a trading volume of 139,100 shares."
2025-12-29 14:00:00,9.07,9.22,9.05,9.21,517000,DXS,"At 2025-12-29 14:00:00, the stock DXS opened at 9.07 VND, reached a high of 9.22 VND, a low of 9.05 VND, and closed the hour at 9.21 VND with a trading volume of 517,000 shares."
2025-12-30 09:00:00,9.11,9.19,9.11,9.13,51700,DXS,"At 2025-12-30 09:00:00, the stock DXS opened at 9.11 VND, reached a high of 9.19 VND, a low of 9.11 VND, and closed the hour at 9.13 VND with a trading volume of 51,700 shares."
2025-12-30 10:00:00,9.13,9.15,9.06,9.15,252000,DXS,"At 2025-12-30 10:00:00, the stock DXS opened at 9.13 VND, reached a high of 9.15 VND, a low of 9.06 VND, and closed the hour at 9.15 VND with a trading volume of 252,000 shares."
2025-12-30 11:00:00,9.14,9.25,9.1,9.23,163100,DXS,"At 2025-12-30 11:00:00, the stock DXS opened at 9.14 VND, reached a high of 9.25 VND, a low of 9.10 VND, and closed the hour at 9.23 VND with a trading volume of 163,100 shares."
2025-12-30 13:00:00,9.2,9.23,9.15,9.18,335900,DXS,"At 2025-12-30 13:00:00, the stock DXS opened at 9.20 VND, reached a high of 9.23 VND, a low of 9.15 VND, and closed the hour at 9.18 VND with a trading volume of 335,900 shares."
2025-12-30 14:00:00,9.22,9.22,9.18,9.2,197300,DXS,"At 2025-12-30 14:00:00, the stock DXS opened at 9.22 VND, reached a high of 9.22 VND, a low of 9.18 VND, and closed the hour at 9.20 VND with a trading volume of 197,300 shares."
2025-12-31 09:00:00,9.19,9.19,9.12,9.13,57700,DXS,"At 2025-12-31 09:00:00, the stock DXS opened at 9.19 VND, reached a high of 9.19 VND, a low of 9.12 VND, and closed the hour at 9.13 VND with a trading volume of 57,700 shares."
2025-12-31 10:00:00,9.13,9.16,9.07,9.1,129100,DXS,"At 2025-12-31 10:00:00, the stock DXS opened at 9.13 VND, reached a high of 9.16 VND, a low of 9.07 VND, and closed the hour at 9.10 VND with a trading volume of 129,100 shares."
2025-12-31 11:00:00,9.1,9.14,9.09,9.11,106600,DXS,"At 2025-12-31 11:00:00, the stock DXS opened at 9.10 VND, reached a high of 9.14 VND, a low of 9.09 VND, and closed the hour at 9.11 VND with a trading volume of 106,600 shares."
2025-12-31 13:00:00,9.14,9.14,9.06,9.07,389100,DXS,"At 2025-12-31 13:00:00, the stock DXS opened at 9.14 VND, reached a high of 9.14 VND, a low of 9.06 VND, and closed the hour at 9.07 VND with a trading volume of 389,100 shares."
2025-12-31 14:00:00,9.06,9.07,9.0,9.07,1275500,DXS,"At 2025-12-31 14:00:00, the stock DXS opened at 9.06 VND, reached a high of 9.07 VND, a low of 9.00 VND, and closed the hour at 9.07 VND with a trading volume of 1,275,500 shares."
2026-01-05 09:00:00,9.07,9.1,8.9,8.93,299300,DXS,"At 2026-01-05 09:00:00, the stock DXS opened at 9.07 VND, reached a high of 9.10 VND, a low of 8.90 VND, and closed the hour at 8.93 VND with a trading volume of 299,300 shares."
2026-01-05 10:00:00,8.91,8.93,8.85,8.86,941400,DXS,"At 2026-01-05 10:00:00, the stock DXS opened at 8.91 VND, reached a high of 8.93 VND, a low of 8.85 VND, and closed the hour at 8.86 VND with a trading volume of 941,400 shares."
2026-01-05 11:00:00,8.86,8.86,8.8,8.8,485300,DXS,"At 2026-01-05 11:00:00, the stock DXS opened at 8.86 VND, reached a high of 8.86 VND, a low of 8.80 VND, and closed the hour at 8.80 VND with a trading volume of 485,300 shares."
2026-01-05 13:00:00,8.8,9.0,8.78,8.91,441700,DXS,"At 2026-01-05 13:00:00, the stock DXS opened at 8.80 VND, reached a high of 9.00 VND, a low of 8.78 VND, and closed the hour at 8.91 VND with a trading volume of 441,700 shares."
2026-01-05 14:00:00,8.92,8.97,8.7,8.94,750800,DXS,"At 2026-01-05 14:00:00, the stock DXS opened at 8.92 VND, reached a high of 8.97 VND, a low of 8.70 VND, and closed the hour at 8.94 VND with a trading volume of 750,800 shares."
2026-01-06 09:00:00,8.93,8.94,8.7,8.77,321100,DXS,"At 2026-01-06 09:00:00, the stock DXS opened at 8.93 VND, reached a high of 8.94 VND, a low of 8.70 VND, and closed the hour at 8.77 VND with a trading volume of 321,100 shares."
2026-01-06 10:00:00,8.78,8.79,8.51,8.63,635700,DXS,"At 2026-01-06 10:00:00, the stock DXS opened at 8.78 VND, reached a high of 8.79 VND, a low of 8.51 VND, and closed the hour at 8.63 VND with a trading volume of 635,700 shares."
2026-01-06 11:00:00,8.58,8.63,8.51,8.56,181200,DXS,"At 2026-01-06 11:00:00, the stock DXS opened at 8.58 VND, reached a high of 8.63 VND, a low of 8.51 VND, and closed the hour at 8.56 VND with a trading volume of 181,200 shares."
2026-01-06 13:00:00,8.55,8.77,8.49,8.65,568700,DXS,"At 2026-01-06 13:00:00, the stock DXS opened at 8.55 VND, reached a high of 8.77 VND, a low of 8.49 VND, and closed the hour at 8.65 VND with a trading volume of 568,700 shares."
2026-01-06 14:00:00,8.65,8.79,8.59,8.79,467000,DXS,"At 2026-01-06 14:00:00, the stock DXS opened at 8.65 VND, reached a high of 8.79 VND, a low of 8.59 VND, and closed the hour at 8.79 VND with a trading volume of 467,000 shares."
2026-01-07 09:00:00,8.72,8.8,8.62,8.66,378000,DXS,"At 2026-01-07 09:00:00, the stock DXS opened at 8.72 VND, reached a high of 8.80 VND, a low of 8.62 VND, and closed the hour at 8.66 VND with a trading volume of 378,000 shares."
2026-01-07 10:00:00,8.64,8.79,8.6,8.69,691900,DXS,"At 2026-01-07 10:00:00, the stock DXS opened at 8.64 VND, reached a high of 8.79 VND, a low of 8.60 VND, and closed the hour at 8.69 VND with a trading volume of 691,900 shares."
2026-01-07 11:00:00,8.7,8.73,8.67,8.67,56800,DXS,"At 2026-01-07 11:00:00, the stock DXS opened at 8.70 VND, reached a high of 8.73 VND, a low of 8.67 VND, and closed the hour at 8.67 VND with a trading volume of 56,800 shares."
2026-01-07 13:00:00,8.68,8.83,8.67,8.82,745400,DXS,"At 2026-01-07 13:00:00, the stock DXS opened at 8.68 VND, reached a high of 8.83 VND, a low of 8.67 VND, and closed the hour at 8.82 VND with a trading volume of 745,400 shares."
2026-01-07 14:00:00,8.82,8.85,8.76,8.81,577500,DXS,"At 2026-01-07 14:00:00, the stock DXS opened at 8.82 VND, reached a high of 8.85 VND, a low of 8.76 VND, and closed the hour at 8.81 VND with a trading volume of 577,500 shares."
2026-01-08 09:00:00,8.8,8.8,8.67,8.73,709600,DXS,"At 2026-01-08 09:00:00, the stock DXS opened at 8.80 VND, reached a high of 8.80 VND, a low of 8.67 VND, and closed the hour at 8.73 VND with a trading volume of 709,600 shares."
2026-01-08 10:00:00,8.73,8.83,8.71,8.78,591000,DXS,"At 2026-01-08 10:00:00, the stock DXS opened at 8.73 VND, reached a high of 8.83 VND, a low of 8.71 VND, and closed the hour at 8.78 VND with a trading volume of 591,000 shares."
2026-01-08 11:00:00,8.76,8.78,8.71,8.76,274700,DXS,"At 2026-01-08 11:00:00, the stock DXS opened at 8.76 VND, reached a high of 8.78 VND, a low of 8.71 VND, and closed the hour at 8.76 VND with a trading volume of 274,700 shares."
2026-01-08 13:00:00,8.76,8.76,8.67,8.7,560200,DXS,"At 2026-01-08 13:00:00, the stock DXS opened at 8.76 VND, reached a high of 8.76 VND, a low of 8.67 VND, and closed the hour at 8.70 VND with a trading volume of 560,200 shares."
2026-01-08 14:00:00,8.69,8.79,8.67,8.77,799700,DXS,"At 2026-01-08 14:00:00, the stock DXS opened at 8.69 VND, reached a high of 8.79 VND, a low of 8.67 VND, and closed the hour at 8.77 VND with a trading volume of 799,700 shares."
2026-01-09 09:00:00,8.68,8.7,8.56,8.57,626200,DXS,"At 2026-01-09 09:00:00, the stock DXS opened at 8.68 VND, reached a high of 8.70 VND, a low of 8.56 VND, and closed the hour at 8.57 VND with a trading volume of 626,200 shares."
2026-01-09 10:00:00,8.57,8.59,8.4,8.41,743600,DXS,"At 2026-01-09 10:00:00, the stock DXS opened at 8.57 VND, reached a high of 8.59 VND, a low of 8.40 VND, and closed the hour at 8.41 VND with a trading volume of 743,600 shares."
2026-01-09 11:00:00,8.41,8.44,8.34,8.34,369900,DXS,"At 2026-01-09 11:00:00, the stock DXS opened at 8.41 VND, reached a high of 8.44 VND, a low of 8.34 VND, and closed the hour at 8.34 VND with a trading volume of 369,900 shares."
2026-01-09 13:00:00,8.34,8.36,8.16,8.34,1866900,DXS,"At 2026-01-09 13:00:00, the stock DXS opened at 8.34 VND, reached a high of 8.36 VND, a low of 8.16 VND, and closed the hour at 8.34 VND with a trading volume of 1,866,900 shares."
2026-01-09 14:00:00,8.35,8.35,8.16,8.16,745000,DXS,"At 2026-01-09 14:00:00, the stock DXS opened at 8.35 VND, reached a high of 8.35 VND, a low of 8.16 VND, and closed the hour at 8.16 VND with a trading volume of 745,000 shares."
2026-01-12 09:00:00,8.11,8.31,7.93,8.14,1608300,DXS,"At 2026-01-12 09:00:00, the stock DXS opened at 8.11 VND, reached a high of 8.31 VND, a low of 7.93 VND, and closed the hour at 8.14 VND with a trading volume of 1,608,300 shares."
2026-01-12 10:00:00,8.15,8.23,8.09,8.11,822900,DXS,"At 2026-01-12 10:00:00, the stock DXS opened at 8.15 VND, reached a high of 8.23 VND, a low of 8.09 VND, and closed the hour at 8.11 VND with a trading volume of 822,900 shares."
2026-01-12 11:00:00,8.14,8.17,8.12,8.17,409500,DXS,"At 2026-01-12 11:00:00, the stock DXS opened at 8.14 VND, reached a high of 8.17 VND, a low of 8.12 VND, and closed the hour at 8.17 VND with a trading volume of 409,500 shares."
2026-01-12 13:00:00,8.17,8.5,8.17,8.39,1095500,DXS,"At 2026-01-12 13:00:00, the stock DXS opened at 8.17 VND, reached a high of 8.50 VND, a low of 8.17 VND, and closed the hour at 8.39 VND with a trading volume of 1,095,500 shares."
2026-01-12 14:00:00,8.4,8.41,8.35,8.4,420700,DXS,"At 2026-01-12 14:00:00, the stock DXS opened at 8.40 VND, reached a high of 8.41 VND, a low of 8.35 VND, and closed the hour at 8.40 VND with a trading volume of 420,700 shares."
2026-01-13 09:00:00,8.58,8.58,8.4,8.45,278800,DXS,"At 2026-01-13 09:00:00, the stock DXS opened at 8.58 VND, reached a high of 8.58 VND, a low of 8.40 VND, and closed the hour at 8.45 VND with a trading volume of 278,800 shares."
2026-01-13 10:00:00,8.45,8.48,8.39,8.42,360200,DXS,"At 2026-01-13 10:00:00, the stock DXS opened at 8.45 VND, reached a high of 8.48 VND, a low of 8.39 VND, and closed the hour at 8.42 VND with a trading volume of 360,200 shares."
2026-01-13 11:00:00,8.42,8.47,8.41,8.42,165700,DXS,"At 2026-01-13 11:00:00, the stock DXS opened at 8.42 VND, reached a high of 8.47 VND, a low of 8.41 VND, and closed the hour at 8.42 VND with a trading volume of 165,700 shares."
2026-01-13 13:00:00,8.42,8.45,8.4,8.42,507100,DXS,"At 2026-01-13 13:00:00, the stock DXS opened at 8.42 VND, reached a high of 8.45 VND, a low of 8.40 VND, and closed the hour at 8.42 VND with a trading volume of 507,100 shares."
2026-01-13 14:00:00,8.43,8.46,8.38,8.4,674800,DXS,"At 2026-01-13 14:00:00, the stock DXS opened at 8.43 VND, reached a high of 8.46 VND, a low of 8.38 VND, and closed the hour at 8.40 VND with a trading volume of 674,800 shares."
2026-01-14 09:00:00,8.32,8.41,8.25,8.4,388300,DXS,"At 2026-01-14 09:00:00, the stock DXS opened at 8.32 VND, reached a high of 8.41 VND, a low of 8.25 VND, and closed the hour at 8.40 VND with a trading volume of 388,300 shares."
2026-01-14 10:00:00,8.4,8.44,8.35,8.36,494200,DXS,"At 2026-01-14 10:00:00, the stock DXS opened at 8.40 VND, reached a high of 8.44 VND, a low of 8.35 VND, and closed the hour at 8.36 VND with a trading volume of 494,200 shares."
2026-01-14 11:00:00,8.38,8.39,8.31,8.31,235700,DXS,"At 2026-01-14 11:00:00, the stock DXS opened at 8.38 VND, reached a high of 8.39 VND, a low of 8.31 VND, and closed the hour at 8.31 VND with a trading volume of 235,700 shares."
2026-01-14 13:00:00,8.31,8.31,8.22,8.25,889900,DXS,"At 2026-01-14 13:00:00, the stock DXS opened at 8.31 VND, reached a high of 8.31 VND, a low of 8.22 VND, and closed the hour at 8.25 VND with a trading volume of 889,900 shares."
2026-01-14 14:00:00,8.25,8.26,8.2,8.2,591700,DXS,"At 2026-01-14 14:00:00, the stock DXS opened at 8.25 VND, reached a high of 8.26 VND, a low of 8.20 VND, and closed the hour at 8.20 VND with a trading volume of 591,700 shares."
2026-01-15 09:00:00,8.21,8.27,8.16,8.18,319200,DXS,"At 2026-01-15 09:00:00, the stock DXS opened at 8.21 VND, reached a high of 8.27 VND, a low of 8.16 VND, and closed the hour at 8.18 VND with a trading volume of 319,200 shares."
2026-01-15 10:00:00,8.19,8.38,8.13,8.38,948700,DXS,"At 2026-01-15 10:00:00, the stock DXS opened at 8.19 VND, reached a high of 8.38 VND, a low of 8.13 VND, and closed the hour at 8.38 VND with a trading volume of 948,700 shares."
2026-01-15 11:00:00,8.36,8.38,8.21,8.21,182700,DXS,"At 2026-01-15 11:00:00, the stock DXS opened at 8.36 VND, reached a high of 8.38 VND, a low of 8.21 VND, and closed the hour at 8.21 VND with a trading volume of 182,700 shares."
2026-01-15 13:00:00,8.21,8.31,8.2,8.29,545400,DXS,"At 2026-01-15 13:00:00, the stock DXS opened at 8.21 VND, reached a high of 8.31 VND, a low of 8.20 VND, and closed the hour at 8.29 VND with a trading volume of 545,400 shares."
2026-01-15 14:00:00,8.29,8.29,8.2,8.2,390000,DXS,"At 2026-01-15 14:00:00, the stock DXS opened at 8.29 VND, reached a high of 8.29 VND, a low of 8.20 VND, and closed the hour at 8.20 VND with a trading volume of 390,000 shares."
2026-01-16 09:00:00,8.18,8.33,8.18,8.24,435500,DXS,"At 2026-01-16 09:00:00, the stock DXS opened at 8.18 VND, reached a high of 8.33 VND, a low of 8.18 VND, and closed the hour at 8.24 VND with a trading volume of 435,500 shares."
2026-01-16 10:00:00,8.24,8.25,8.18,8.18,704600,DXS,"At 2026-01-16 10:00:00, the stock DXS opened at 8.24 VND, reached a high of 8.25 VND, a low of 8.18 VND, and closed the hour at 8.18 VND with a trading volume of 704,600 shares."
2026-01-16 11:00:00,8.18,8.19,8.15,8.17,340300,DXS,"At 2026-01-16 11:00:00, the stock DXS opened at 8.18 VND, reached a high of 8.19 VND, a low of 8.15 VND, and closed the hour at 8.17 VND with a trading volume of 340,300 shares."
2026-01-16 13:00:00,8.18,8.2,8.15,8.18,626400,DXS,"At 2026-01-16 13:00:00, the stock DXS opened at 8.18 VND, reached a high of 8.20 VND, a low of 8.15 VND, and closed the hour at 8.18 VND with a trading volume of 626,400 shares."
2026-01-16 14:00:00,8.16,8.17,8.12,8.17,807100,DXS,"At 2026-01-16 14:00:00, the stock DXS opened at 8.16 VND, reached a high of 8.17 VND, a low of 8.12 VND, and closed the hour at 8.17 VND with a trading volume of 807,100 shares."
2026-01-19 09:00:00,8.17,8.2,8.12,8.12,448100,DXS,"At 2026-01-19 09:00:00, the stock DXS opened at 8.17 VND, reached a high of 8.20 VND, a low of 8.12 VND, and closed the hour at 8.12 VND with a trading volume of 448,100 shares."
2026-01-19 10:00:00,8.12,8.18,8.08,8.18,938500,DXS,"At 2026-01-19 10:00:00, the stock DXS opened at 8.12 VND, reached a high of 8.18 VND, a low of 8.08 VND, and closed the hour at 8.18 VND with a trading volume of 938,500 shares."
2026-01-19 11:00:00,8.18,8.2,8.16,8.16,136300,DXS,"At 2026-01-19 11:00:00, the stock DXS opened at 8.18 VND, reached a high of 8.20 VND, a low of 8.16 VND, and closed the hour at 8.16 VND with a trading volume of 136,300 shares."
2026-01-19 13:00:00,8.16,8.17,8.12,8.14,255900,DXS,"At 2026-01-19 13:00:00, the stock DXS opened at 8.16 VND, reached a high of 8.17 VND, a low of 8.12 VND, and closed the hour at 8.14 VND with a trading volume of 255,900 shares."
2026-01-19 14:00:00,8.14,8.18,8.11,8.16,681400,DXS,"At 2026-01-19 14:00:00, the stock DXS opened at 8.14 VND, reached a high of 8.18 VND, a low of 8.11 VND, and closed the hour at 8.16 VND with a trading volume of 681,400 shares."
2026-01-20 09:00:00,8.22,8.22,8.1,8.15,576700,DXS,"At 2026-01-20 09:00:00, the stock DXS opened at 8.22 VND, reached a high of 8.22 VND, a low of 8.10 VND, and closed the hour at 8.15 VND with a trading volume of 576,700 shares."
2026-01-20 10:00:00,8.14,8.14,8.02,8.03,737800,DXS,"At 2026-01-20 10:00:00, the stock DXS opened at 8.14 VND, reached a high of 8.14 VND, a low of 8.02 VND, and closed the hour at 8.03 VND with a trading volume of 737,800 shares."
2026-01-20 11:00:00,8.03,8.05,7.98,8.0,563000,DXS,"At 2026-01-20 11:00:00, the stock DXS opened at 8.03 VND, reached a high of 8.05 VND, a low of 7.98 VND, and closed the hour at 8.00 VND with a trading volume of 563,000 shares."
2026-01-20 13:00:00,8.0,8.05,7.97,8.01,695800,DXS,"At 2026-01-20 13:00:00, the stock DXS opened at 8.00 VND, reached a high of 8.05 VND, a low of 7.97 VND, and closed the hour at 8.01 VND with a trading volume of 695,800 shares."
2026-01-20 14:00:00,8.0,8.05,7.89,7.89,919400,DXS,"At 2026-01-20 14:00:00, the stock DXS opened at 8.00 VND, reached a high of 8.05 VND, a low of 7.89 VND, and closed the hour at 7.89 VND with a trading volume of 919,400 shares."
2026-01-21 09:00:00,7.89,7.98,7.89,7.91,320400,DXS,"At 2026-01-21 09:00:00, the stock DXS opened at 7.89 VND, reached a high of 7.98 VND, a low of 7.89 VND, and closed the hour at 7.91 VND with a trading volume of 320,400 shares."
2026-01-21 10:00:00,7.91,7.92,7.83,7.84,347400,DXS,"At 2026-01-21 10:00:00, the stock DXS opened at 7.91 VND, reached a high of 7.92 VND, a low of 7.83 VND, and closed the hour at 7.84 VND with a trading volume of 347,400 shares."
2026-01-21 11:00:00,7.84,7.86,7.8,7.84,111200,DXS,"At 2026-01-21 11:00:00, the stock DXS opened at 7.84 VND, reached a high of 7.86 VND, a low of 7.80 VND, and closed the hour at 7.84 VND with a trading volume of 111,200 shares."
2026-01-21 13:00:00,7.84,7.84,7.71,7.71,527700,DXS,"At 2026-01-21 13:00:00, the stock DXS opened at 7.84 VND, reached a high of 7.84 VND, a low of 7.71 VND, and closed the hour at 7.71 VND with a trading volume of 527,700 shares."
2026-01-21 14:00:00,7.73,7.8,7.72,7.74,507600,DXS,"At 2026-01-21 14:00:00, the stock DXS opened at 7.73 VND, reached a high of 7.80 VND, a low of 7.72 VND, and closed the hour at 7.74 VND with a trading volume of 507,600 shares."
2026-01-22 09:00:00,7.83,7.83,7.66,7.66,566700,DXS,"At 2026-01-22 09:00:00, the stock DXS opened at 7.83 VND, reached a high of 7.83 VND, a low of 7.66 VND, and closed the hour at 7.66 VND with a trading volume of 566,700 shares."
2026-01-22 10:00:00,7.66,7.78,7.59,7.78,1379800,DXS,"At 2026-01-22 10:00:00, the stock DXS opened at 7.66 VND, reached a high of 7.78 VND, a low of 7.59 VND, and closed the hour at 7.78 VND with a trading volume of 1,379,800 shares."
2026-01-22 11:00:00,7.79,8.2,7.79,8.1,1836600,DXS,"At 2026-01-22 11:00:00, the stock DXS opened at 7.79 VND, reached a high of 8.20 VND, a low of 7.79 VND, and closed the hour at 8.10 VND with a trading volume of 1,836,600 shares."
2026-01-22 13:00:00,8.08,8.16,8.06,8.07,717800,DXS,"At 2026-01-22 13:00:00, the stock DXS opened at 8.08 VND, reached a high of 8.16 VND, a low of 8.06 VND, and closed the hour at 8.07 VND with a trading volume of 717,800 shares."
2026-01-22 14:00:00,8.08,8.09,7.92,8.07,602500,DXS,"At 2026-01-22 14:00:00, the stock DXS opened at 8.08 VND, reached a high of 8.09 VND, a low of 7.92 VND, and closed the hour at 8.07 VND with a trading volume of 602,500 shares."
2026-01-23 09:00:00,8.1,8.1,7.91,7.91,463400,DXS,"At 2026-01-23 09:00:00, the stock DXS opened at 8.10 VND, reached a high of 8.10 VND, a low of 7.91 VND, and closed the hour at 7.91 VND with a trading volume of 463,400 shares."
2026-01-23 10:00:00,7.92,7.98,7.86,7.92,334600,DXS,"At 2026-01-23 10:00:00, the stock DXS opened at 7.92 VND, reached a high of 7.98 VND, a low of 7.86 VND, and closed the hour at 7.92 VND with a trading volume of 334,600 shares."
2026-01-23 11:00:00,7.91,7.91,7.86,7.86,128400,DXS,"At 2026-01-23 11:00:00, the stock DXS opened at 7.91 VND, reached a high of 7.91 VND, a low of 7.86 VND, and closed the hour at 7.86 VND with a trading volume of 128,400 shares."
2026-01-23 13:00:00,7.88,7.95,7.83,7.87,439200,DXS,"At 2026-01-23 13:00:00, the stock DXS opened at 7.88 VND, reached a high of 7.95 VND, a low of 7.83 VND, and closed the hour at 7.87 VND with a trading volume of 439,200 shares."
2026-01-23 14:00:00,7.86,7.87,7.81,7.81,296200,DXS,"At 2026-01-23 14:00:00, the stock DXS opened at 7.86 VND, reached a high of 7.87 VND, a low of 7.81 VND, and closed the hour at 7.81 VND with a trading volume of 296,200 shares."
2026-01-26 09:00:00,7.96,7.96,7.82,7.84,156300,DXS,"At 2026-01-26 09:00:00, the stock DXS opened at 7.96 VND, reached a high of 7.96 VND, a low of 7.82 VND, and closed the hour at 7.84 VND with a trading volume of 156,300 shares."
2026-01-26 10:00:00,7.83,7.87,7.74,7.75,171300,DXS,"At 2026-01-26 10:00:00, the stock DXS opened at 7.83 VND, reached a high of 7.87 VND, a low of 7.74 VND, and closed the hour at 7.75 VND with a trading volume of 171,300 shares."
2026-01-26 11:00:00,7.75,7.79,7.7,7.76,213300,DXS,"At 2026-01-26 11:00:00, the stock DXS opened at 7.75 VND, reached a high of 7.79 VND, a low of 7.70 VND, and closed the hour at 7.76 VND with a trading volume of 213,300 shares."
2026-01-26 13:00:00,7.76,7.76,7.51,7.54,830200,DXS,"At 2026-01-26 13:00:00, the stock DXS opened at 7.76 VND, reached a high of 7.76 VND, a low of 7.51 VND, and closed the hour at 7.54 VND with a trading volume of 830,200 shares."
2026-01-26 14:00:00,7.55,7.56,7.4,7.41,1003800,DXS,"At 2026-01-26 14:00:00, the stock DXS opened at 7.55 VND, reached a high of 7.56 VND, a low of 7.40 VND, and closed the hour at 7.41 VND with a trading volume of 1,003,800 shares."
2026-01-27 09:00:00,7.41,7.6,7.41,7.5,395900,DXS,"At 2026-01-27 09:00:00, the stock DXS opened at 7.41 VND, reached a high of 7.60 VND, a low of 7.41 VND, and closed the hour at 7.50 VND with a trading volume of 395,900 shares."
2026-01-27 10:00:00,7.47,7.5,7.41,7.47,312100,DXS,"At 2026-01-27 10:00:00, the stock DXS opened at 7.47 VND, reached a high of 7.50 VND, a low of 7.41 VND, and closed the hour at 7.47 VND with a trading volume of 312,100 shares."
2026-01-27 11:00:00,7.44,7.46,7.41,7.43,100000,DXS,"At 2026-01-27 11:00:00, the stock DXS opened at 7.44 VND, reached a high of 7.46 VND, a low of 7.41 VND, and closed the hour at 7.43 VND with a trading volume of 100,000 shares."
2026-01-27 13:00:00,7.41,7.47,7.41,7.45,514300,DXS,"At 2026-01-27 13:00:00, the stock DXS opened at 7.41 VND, reached a high of 7.47 VND, a low of 7.41 VND, and closed the hour at 7.45 VND with a trading volume of 514,300 shares."
2026-01-27 14:00:00,7.45,7.46,7.41,7.43,359100,DXS,"At 2026-01-27 14:00:00, the stock DXS opened at 7.45 VND, reached a high of 7.46 VND, a low of 7.41 VND, and closed the hour at 7.43 VND with a trading volume of 359,100 shares."
2026-01-28 09:00:00,7.47,7.48,7.38,7.38,275800,DXS,"At 2026-01-28 09:00:00, the stock DXS opened at 7.47 VND, reached a high of 7.48 VND, a low of 7.38 VND, and closed the hour at 7.38 VND with a trading volume of 275,800 shares."
2026-01-28 10:00:00,7.38,7.4,7.23,7.26,703100,DXS,"At 2026-01-28 10:00:00, the stock DXS opened at 7.38 VND, reached a high of 7.40 VND, a low of 7.23 VND, and closed the hour at 7.26 VND with a trading volume of 703,100 shares."
2026-01-28 11:00:00,7.27,7.27,7.19,7.19,575500,DXS,"At 2026-01-28 11:00:00, the stock DXS opened at 7.27 VND, reached a high of 7.27 VND, a low of 7.19 VND, and closed the hour at 7.19 VND with a trading volume of 575,500 shares."
2026-01-28 13:00:00,7.19,7.48,7.18,7.37,1148500,DXS,"At 2026-01-28 13:00:00, the stock DXS opened at 7.19 VND, reached a high of 7.48 VND, a low of 7.18 VND, and closed the hour at 7.37 VND with a trading volume of 1,148,500 shares."
2026-01-28 14:00:00,7.37,7.4,7.26,7.26,391800,DXS,"At 2026-01-28 14:00:00, the stock DXS opened at 7.37 VND, reached a high of 7.40 VND, a low of 7.26 VND, and closed the hour at 7.26 VND with a trading volume of 391,800 shares."
2026-01-29 09:00:00,7.26,7.4,7.26,7.34,93600,DXS,"At 2026-01-29 09:00:00, the stock DXS opened at 7.26 VND, reached a high of 7.40 VND, a low of 7.26 VND, and closed the hour at 7.34 VND with a trading volume of 93,600 shares."
2026-01-29 10:00:00,7.34,7.35,7.29,7.31,98900,DXS,"At 2026-01-29 10:00:00, the stock DXS opened at 7.34 VND, reached a high of 7.35 VND, a low of 7.29 VND, and closed the hour at 7.31 VND with a trading volume of 98,900 shares."
2026-01-29 11:00:00,7.31,7.36,7.3,7.35,61700,DXS,"At 2026-01-29 11:00:00, the stock DXS opened at 7.31 VND, reached a high of 7.36 VND, a low of 7.30 VND, and closed the hour at 7.35 VND with a trading volume of 61,700 shares."
2026-01-29 13:00:00,7.3,7.36,7.25,7.33,450200,DXS,"At 2026-01-29 13:00:00, the stock DXS opened at 7.30 VND, reached a high of 7.36 VND, a low of 7.25 VND, and closed the hour at 7.33 VND with a trading volume of 450,200 shares."
2026-01-29 14:00:00,7.33,7.36,7.3,7.36,264800,DXS,"At 2026-01-29 14:00:00, the stock DXS opened at 7.33 VND, reached a high of 7.36 VND, a low of 7.30 VND, and closed the hour at 7.36 VND with a trading volume of 264,800 shares."
2026-01-30 09:00:00,7.37,7.43,7.36,7.38,186800,DXS,"At 2026-01-30 09:00:00, the stock DXS opened at 7.37 VND, reached a high of 7.43 VND, a low of 7.36 VND, and closed the hour at 7.38 VND with a trading volume of 186,800 shares."
2026-01-30 10:00:00,7.38,7.43,7.38,7.4,193000,DXS,"At 2026-01-30 10:00:00, the stock DXS opened at 7.38 VND, reached a high of 7.43 VND, a low of 7.38 VND, and closed the hour at 7.40 VND with a trading volume of 193,000 shares."
2026-01-30 11:00:00,7.41,7.43,7.37,7.38,125000,DXS,"At 2026-01-30 11:00:00, the stock DXS opened at 7.41 VND, reached a high of 7.43 VND, a low of 7.37 VND, and closed the hour at 7.38 VND with a trading volume of 125,000 shares."
2026-01-30 13:00:00,7.38,7.55,7.38,7.49,742800,DXS,"At 2026-01-30 13:00:00, the stock DXS opened at 7.38 VND, reached a high of 7.55 VND, a low of 7.38 VND, and closed the hour at 7.49 VND with a trading volume of 742,800 shares."
2026-01-30 14:00:00,7.46,7.5,7.43,7.45,243300,DXS,"At 2026-01-30 14:00:00, the stock DXS opened at 7.46 VND, reached a high of 7.50 VND, a low of 7.43 VND, and closed the hour at 7.45 VND with a trading volume of 243,300 shares."
2026-02-02 09:00:00,7.46,7.46,7.32,7.34,496000,DXS,"At 2026-02-02 09:00:00, the stock DXS opened at 7.46 VND, reached a high of 7.46 VND, a low of 7.32 VND, and closed the hour at 7.34 VND with a trading volume of 496,000 shares."
2026-02-02 10:00:00,7.34,7.34,7.22,7.26,506000,DXS,"At 2026-02-02 10:00:00, the stock DXS opened at 7.34 VND, reached a high of 7.34 VND, a low of 7.22 VND, and closed the hour at 7.26 VND with a trading volume of 506,000 shares."
2026-02-02 11:00:00,7.23,7.26,7.19,7.19,399500,DXS,"At 2026-02-02 11:00:00, the stock DXS opened at 7.23 VND, reached a high of 7.26 VND, a low of 7.19 VND, and closed the hour at 7.19 VND with a trading volume of 399,500 shares."
2026-02-02 13:00:00,7.19,7.24,7.17,7.23,435300,DXS,"At 2026-02-02 13:00:00, the stock DXS opened at 7.19 VND, reached a high of 7.24 VND, a low of 7.17 VND, and closed the hour at 7.23 VND with a trading volume of 435,300 shares."
2026-02-02 14:00:00,7.22,7.26,7.2,7.2,281300,DXS,"At 2026-02-02 14:00:00, the stock DXS opened at 7.22 VND, reached a high of 7.26 VND, a low of 7.20 VND, and closed the hour at 7.20 VND with a trading volume of 281,300 shares."
2026-02-03 09:00:00,7.27,7.29,7.22,7.22,142500,DXS,"At 2026-02-03 09:00:00, the stock DXS opened at 7.27 VND, reached a high of 7.29 VND, a low of 7.22 VND, and closed the hour at 7.22 VND with a trading volume of 142,500 shares."
2026-02-03 10:00:00,7.21,7.21,7.17,7.19,596000,DXS,"At 2026-02-03 10:00:00, the stock DXS opened at 7.21 VND, reached a high of 7.21 VND, a low of 7.17 VND, and closed the hour at 7.19 VND with a trading volume of 596,000 shares."
2026-02-03 11:00:00,7.19,7.21,7.18,7.2,168100,DXS,"At 2026-02-03 11:00:00, the stock DXS opened at 7.19 VND, reached a high of 7.21 VND, a low of 7.18 VND, and closed the hour at 7.20 VND with a trading volume of 168,100 shares."
2026-02-03 13:00:00,7.2,7.25,7.17,7.18,512700,DXS,"At 2026-02-03 13:00:00, the stock DXS opened at 7.20 VND, reached a high of 7.25 VND, a low of 7.17 VND, and closed the hour at 7.18 VND with a trading volume of 512,700 shares."
2026-02-03 14:00:00,7.18,7.19,7.11,7.11,734500,DXS,"At 2026-02-03 14:00:00, the stock DXS opened at 7.18 VND, reached a high of 7.19 VND, a low of 7.11 VND, and closed the hour at 7.11 VND with a trading volume of 734,500 shares."
2026-02-04 09:00:00,7.12,7.18,7.12,7.13,304000,DXS,"At 2026-02-04 09:00:00, the stock DXS opened at 7.12 VND, reached a high of 7.18 VND, a low of 7.12 VND, and closed the hour at 7.13 VND with a trading volume of 304,000 shares."
2026-02-04 10:00:00,7.13,7.15,7.1,7.13,446700,DXS,"At 2026-02-04 10:00:00, the stock DXS opened at 7.13 VND, reached a high of 7.15 VND, a low of 7.10 VND, and closed the hour at 7.13 VND with a trading volume of 446,700 shares."
2026-02-04 11:00:00,7.13,7.14,7.1,7.14,390200,DXS,"At 2026-02-04 11:00:00, the stock DXS opened at 7.13 VND, reached a high of 7.14 VND, a low of 7.10 VND, and closed the hour at 7.14 VND with a trading volume of 390,200 shares."
2026-02-04 13:00:00,7.14,7.18,7.1,7.13,724500,DXS,"At 2026-02-04 13:00:00, the stock DXS opened at 7.14 VND, reached a high of 7.18 VND, a low of 7.10 VND, and closed the hour at 7.13 VND with a trading volume of 724,500 shares."
2026-02-04 14:00:00,7.13,7.14,7.11,7.13,257700,DXS,"At 2026-02-04 14:00:00, the stock DXS opened at 7.13 VND, reached a high of 7.14 VND, a low of 7.11 VND, and closed the hour at 7.13 VND with a trading volume of 257,700 shares."
2026-02-05 09:00:00,7.16,7.22,7.14,7.18,415400,DXS,"At 2026-02-05 09:00:00, the stock DXS opened at 7.16 VND, reached a high of 7.22 VND, a low of 7.14 VND, and closed the hour at 7.18 VND with a trading volume of 415,400 shares."
2026-02-05 10:00:00,7.18,7.2,7.13,7.14,287000,DXS,"At 2026-02-05 10:00:00, the stock DXS opened at 7.18 VND, reached a high of 7.20 VND, a low of 7.13 VND, and closed the hour at 7.14 VND with a trading volume of 287,000 shares."
2026-02-05 11:00:00,7.14,7.16,7.13,7.14,91500,DXS,"At 2026-02-05 11:00:00, the stock DXS opened at 7.14 VND, reached a high of 7.16 VND, a low of 7.13 VND, and closed the hour at 7.14 VND with a trading volume of 91,500 shares."
2026-02-05 13:00:00,7.15,7.15,7.1,7.11,425500,DXS,"At 2026-02-05 13:00:00, the stock DXS opened at 7.15 VND, reached a high of 7.15 VND, a low of 7.10 VND, and closed the hour at 7.11 VND with a trading volume of 425,500 shares."
2026-02-05 14:00:00,7.11,7.13,7.1,7.13,543100,DXS,"At 2026-02-05 14:00:00, the stock DXS opened at 7.11 VND, reached a high of 7.13 VND, a low of 7.10 VND, and closed the hour at 7.13 VND with a trading volume of 543,100 shares."
2026-02-06 09:00:00,7.08,7.09,7.01,7.01,462400,DXS,"At 2026-02-06 09:00:00, the stock DXS opened at 7.08 VND, reached a high of 7.09 VND, a low of 7.01 VND, and closed the hour at 7.01 VND with a trading volume of 462,400 shares."
2026-02-06 10:00:00,7.01,7.06,6.92,6.97,655800,DXS,"At 2026-02-06 10:00:00, the stock DXS opened at 7.01 VND, reached a high of 7.06 VND, a low of 6.92 VND, and closed the hour at 6.97 VND with a trading volume of 655,800 shares."
2026-02-06 11:00:00,6.96,6.96,6.9,6.93,243700,DXS,"At 2026-02-06 11:00:00, the stock DXS opened at 6.96 VND, reached a high of 6.96 VND, a low of 6.90 VND, and closed the hour at 6.93 VND with a trading volume of 243,700 shares."
2026-02-06 13:00:00,6.93,6.93,6.87,6.88,489600,DXS,"At 2026-02-06 13:00:00, the stock DXS opened at 6.93 VND, reached a high of 6.93 VND, a low of 6.87 VND, and closed the hour at 6.88 VND with a trading volume of 489,600 shares."
2026-02-06 14:00:00,6.88,6.96,6.83,6.96,826400,DXS,"At 2026-02-06 14:00:00, the stock DXS opened at 6.88 VND, reached a high of 6.96 VND, a low of 6.83 VND, and closed the hour at 6.96 VND with a trading volume of 826,400 shares."
2026-02-09 09:00:00,6.95,6.96,6.85,6.86,320700,DXS,"At 2026-02-09 09:00:00, the stock DXS opened at 6.95 VND, reached a high of 6.96 VND, a low of 6.85 VND, and closed the hour at 6.86 VND with a trading volume of 320,700 shares."
2026-02-09 10:00:00,6.86,6.9,6.79,6.86,560000,DXS,"At 2026-02-09 10:00:00, the stock DXS opened at 6.86 VND, reached a high of 6.90 VND, a low of 6.79 VND, and closed the hour at 6.86 VND with a trading volume of 560,000 shares."
2026-02-09 11:00:00,6.89,6.9,6.84,6.85,131200,DXS,"At 2026-02-09 11:00:00, the stock DXS opened at 6.89 VND, reached a high of 6.90 VND, a low of 6.84 VND, and closed the hour at 6.85 VND with a trading volume of 131,200 shares."
2026-02-09 13:00:00,6.85,6.92,6.84,6.87,401400,DXS,"At 2026-02-09 13:00:00, the stock DXS opened at 6.85 VND, reached a high of 6.92 VND, a low of 6.84 VND, and closed the hour at 6.87 VND with a trading volume of 401,400 shares."
2026-02-09 14:00:00,6.88,7.0,6.87,6.94,297700,DXS,"At 2026-02-09 14:00:00, the stock DXS opened at 6.88 VND, reached a high of 7.00 VND, a low of 6.87 VND, and closed the hour at 6.94 VND with a trading volume of 297,700 shares."
2026-02-10 09:00:00,6.94,6.97,6.9,6.92,151700,DXS,"At 2026-02-10 09:00:00, the stock DXS opened at 6.94 VND, reached a high of 6.97 VND, a low of 6.90 VND, and closed the hour at 6.92 VND with a trading volume of 151,700 shares."
2026-02-10 10:00:00,6.92,6.94,6.87,6.91,137300,DXS,"At 2026-02-10 10:00:00, the stock DXS opened at 6.92 VND, reached a high of 6.94 VND, a low of 6.87 VND, and closed the hour at 6.91 VND with a trading volume of 137,300 shares."
2026-02-10 11:00:00,6.91,6.92,6.82,6.9,95600,DXS,"At 2026-02-10 11:00:00, the stock DXS opened at 6.91 VND, reached a high of 6.92 VND, a low of 6.82 VND, and closed the hour at 6.90 VND with a trading volume of 95,600 shares."
2026-02-10 13:00:00,6.89,6.89,6.81,6.82,609100,DXS,"At 2026-02-10 13:00:00, the stock DXS opened at 6.89 VND, reached a high of 6.89 VND, a low of 6.81 VND, and closed the hour at 6.82 VND with a trading volume of 609,100 shares."
2026-02-10 14:00:00,6.81,6.83,6.8,6.8,499100,DXS,"At 2026-02-10 14:00:00, the stock DXS opened at 6.81 VND, reached a high of 6.83 VND, a low of 6.80 VND, and closed the hour at 6.80 VND with a trading volume of 499,100 shares."
2026-02-11 09:00:00,6.8,6.91,6.8,6.91,259900,DXS,"At 2026-02-11 09:00:00, the stock DXS opened at 6.80 VND, reached a high of 6.91 VND, a low of 6.80 VND, and closed the hour at 6.91 VND with a trading volume of 259,900 shares."
2026-02-11 10:00:00,6.91,7.12,6.9,7.05,1070900,DXS,"At 2026-02-11 10:00:00, the stock DXS opened at 6.91 VND, reached a high of 7.12 VND, a low of 6.90 VND, and closed the hour at 7.05 VND with a trading volume of 1,070,900 shares."
2026-02-11 11:00:00,7.06,7.15,7.05,7.1,411800,DXS,"At 2026-02-11 11:00:00, the stock DXS opened at 7.06 VND, reached a high of 7.15 VND, a low of 7.05 VND, and closed the hour at 7.10 VND with a trading volume of 411,800 shares."
2026-02-11 13:00:00,7.06,7.27,7.06,7.27,1651000,DXS,"At 2026-02-11 13:00:00, the stock DXS opened at 7.06 VND, reached a high of 7.27 VND, a low of 7.06 VND, and closed the hour at 7.27 VND with a trading volume of 1,651,000 shares."
2026-02-11 14:00:00,7.27,7.27,7.27,7.27,982600,DXS,"At 2026-02-11 14:00:00, the stock DXS opened at 7.27 VND, reached a high of 7.27 VND, a low of 7.27 VND, and closed the hour at 7.27 VND with a trading volume of 982,600 shares."
2026-02-12 09:00:00,7.27,7.29,7.25,7.28,313700,DXS,"At 2026-02-12 09:00:00, the stock DXS opened at 7.27 VND, reached a high of 7.29 VND, a low of 7.25 VND, and closed the hour at 7.28 VND with a trading volume of 313,700 shares."
2026-02-12 10:00:00,7.28,7.28,7.24,7.24,190900,DXS,"At 2026-02-12 10:00:00, the stock DXS opened at 7.28 VND, reached a high of 7.28 VND, a low of 7.24 VND, and closed the hour at 7.24 VND with a trading volume of 190,900 shares."
2026-02-12 11:00:00,7.23,7.25,7.19,7.2,100000,DXS,"At 2026-02-12 11:00:00, the stock DXS opened at 7.23 VND, reached a high of 7.25 VND, a low of 7.19 VND, and closed the hour at 7.20 VND with a trading volume of 100,000 shares."
2026-02-12 13:00:00,7.21,7.23,7.17,7.22,317700,DXS,"At 2026-02-12 13:00:00, the stock DXS opened at 7.21 VND, reached a high of 7.23 VND, a low of 7.17 VND, and closed the hour at 7.22 VND with a trading volume of 317,700 shares."
2026-02-12 14:00:00,7.22,7.26,7.2,7.2,180000,DXS,"At 2026-02-12 14:00:00, the stock DXS opened at 7.22 VND, reached a high of 7.26 VND, a low of 7.20 VND, and closed the hour at 7.20 VND with a trading volume of 180,000 shares."
2026-02-13 09:00:00,7.17,7.27,7.17,7.26,292800,DXS,"At 2026-02-13 09:00:00, the stock DXS opened at 7.17 VND, reached a high of 7.27 VND, a low of 7.17 VND, and closed the hour at 7.26 VND with a trading volume of 292,800 shares."
2026-02-13 10:00:00,7.26,7.29,7.22,7.28,201600,DXS,"At 2026-02-13 10:00:00, the stock DXS opened at 7.26 VND, reached a high of 7.29 VND, a low of 7.22 VND, and closed the hour at 7.28 VND with a trading volume of 201,600 shares."
2026-02-13 11:00:00,7.28,7.3,7.28,7.3,157300,DXS,"At 2026-02-13 11:00:00, the stock DXS opened at 7.28 VND, reached a high of 7.30 VND, a low of 7.28 VND, and closed the hour at 7.30 VND with a trading volume of 157,300 shares."
2026-02-13 13:00:00,7.3,7.32,7.2,7.3,626700,DXS,"At 2026-02-13 13:00:00, the stock DXS opened at 7.30 VND, reached a high of 7.32 VND, a low of 7.20 VND, and closed the hour at 7.30 VND with a trading volume of 626,700 shares."
2026-02-13 14:00:00,7.32,7.34,7.28,7.34,614600,DXS,"At 2026-02-13 14:00:00, the stock DXS opened at 7.32 VND, reached a high of 7.34 VND, a low of 7.28 VND, and closed the hour at 7.34 VND with a trading volume of 614,600 shares."
2026-02-23 09:00:00,7.39,7.4,7.28,7.38,525600,DXS,"At 2026-02-23 09:00:00, the stock DXS opened at 7.39 VND, reached a high of 7.40 VND, a low of 7.28 VND, and closed the hour at 7.38 VND with a trading volume of 525,600 shares."
2026-02-23 10:00:00,7.38,7.4,7.35,7.36,401600,DXS,"At 2026-02-23 10:00:00, the stock DXS opened at 7.38 VND, reached a high of 7.40 VND, a low of 7.35 VND, and closed the hour at 7.36 VND with a trading volume of 401,600 shares."
2026-02-23 11:00:00,7.37,7.38,7.34,7.34,116600,DXS,"At 2026-02-23 11:00:00, the stock DXS opened at 7.37 VND, reached a high of 7.38 VND, a low of 7.34 VND, and closed the hour at 7.34 VND with a trading volume of 116,600 shares."
2026-02-23 13:00:00,7.34,7.37,7.31,7.35,498700,DXS,"At 2026-02-23 13:00:00, the stock DXS opened at 7.34 VND, reached a high of 7.37 VND, a low of 7.31 VND, and closed the hour at 7.35 VND with a trading volume of 498,700 shares."
2026-02-23 14:00:00,7.36,7.37,7.34,7.37,178400,DXS,"At 2026-02-23 14:00:00, the stock DXS opened at 7.36 VND, reached a high of 7.37 VND, a low of 7.34 VND, and closed the hour at 7.37 VND with a trading volume of 178,400 shares."
2026-02-24 09:00:00,7.38,7.38,7.3,7.33,206200,DXS,"At 2026-02-24 09:00:00, the stock DXS opened at 7.38 VND, reached a high of 7.38 VND, a low of 7.30 VND, and closed the hour at 7.33 VND with a trading volume of 206,200 shares."
2026-02-24 10:00:00,7.32,7.37,7.3,7.34,205300,DXS,"At 2026-02-24 10:00:00, the stock DXS opened at 7.32 VND, reached a high of 7.37 VND, a low of 7.30 VND, and closed the hour at 7.34 VND with a trading volume of 205,300 shares."
2026-02-24 11:00:00,7.34,7.35,7.32,7.34,37500,DXS,"At 2026-02-24 11:00:00, the stock DXS opened at 7.34 VND, reached a high of 7.35 VND, a low of 7.32 VND, and closed the hour at 7.34 VND with a trading volume of 37,500 shares."
2026-02-24 13:00:00,7.34,7.34,7.27,7.3,484000,DXS,"At 2026-02-24 13:00:00, the stock DXS opened at 7.34 VND, reached a high of 7.34 VND, a low of 7.27 VND, and closed the hour at 7.30 VND with a trading volume of 484,000 shares."
2026-02-24 14:00:00,7.3,7.38,7.27,7.38,308000,DXS,"At 2026-02-24 14:00:00, the stock DXS opened at 7.30 VND, reached a high of 7.38 VND, a low of 7.27 VND, and closed the hour at 7.38 VND with a trading volume of 308,000 shares."
2026-02-25 09:00:00,7.38,7.38,7.28,7.29,363200,DXS,"At 2026-02-25 09:00:00, the stock DXS opened at 7.38 VND, reached a high of 7.38 VND, a low of 7.28 VND, and closed the hour at 7.29 VND with a trading volume of 363,200 shares."
2026-02-25 10:00:00,7.3,7.33,7.25,7.25,503700,DXS,"At 2026-02-25 10:00:00, the stock DXS opened at 7.30 VND, reached a high of 7.33 VND, a low of 7.25 VND, and closed the hour at 7.25 VND with a trading volume of 503,700 shares."
2026-02-25 11:00:00,7.26,7.28,7.24,7.25,199900,DXS,"At 2026-02-25 11:00:00, the stock DXS opened at 7.26 VND, reached a high of 7.28 VND, a low of 7.24 VND, and closed the hour at 7.25 VND with a trading volume of 199,900 shares."
2026-02-25 13:00:00,7.25,7.26,7.24,7.26,513500,DXS,"At 2026-02-25 13:00:00, the stock DXS opened at 7.25 VND, reached a high of 7.26 VND, a low of 7.24 VND, and closed the hour at 7.26 VND with a trading volume of 513,500 shares."
2026-02-25 14:00:00,7.26,7.3,7.26,7.3,356200,DXS,"At 2026-02-25 14:00:00, the stock DXS opened at 7.26 VND, reached a high of 7.30 VND, a low of 7.26 VND, and closed the hour at 7.30 VND with a trading volume of 356,200 shares."
2026-02-26 09:00:00,7.31,7.31,7.26,7.28,153100,DXS,"At 2026-02-26 09:00:00, the stock DXS opened at 7.31 VND, reached a high of 7.31 VND, a low of 7.26 VND, and closed the hour at 7.28 VND with a trading volume of 153,100 shares."
2026-02-26 10:00:00,7.28,7.29,7.22,7.25,296800,DXS,"At 2026-02-26 10:00:00, the stock DXS opened at 7.28 VND, reached a high of 7.29 VND, a low of 7.22 VND, and closed the hour at 7.25 VND with a trading volume of 296,800 shares."
2026-02-26 11:00:00,7.25,7.25,7.22,7.24,44400,DXS,"At 2026-02-26 11:00:00, the stock DXS opened at 7.25 VND, reached a high of 7.25 VND, a low of 7.22 VND, and closed the hour at 7.24 VND with a trading volume of 44,400 shares."
2026-02-26 13:00:00,7.24,7.25,7.2,7.22,275100,DXS,"At 2026-02-26 13:00:00, the stock DXS opened at 7.24 VND, reached a high of 7.25 VND, a low of 7.20 VND, and closed the hour at 7.22 VND with a trading volume of 275,100 shares."
2026-02-26 14:00:00,7.23,7.28,7.22,7.28,275300,DXS,"At 2026-02-26 14:00:00, the stock DXS opened at 7.23 VND, reached a high of 7.28 VND, a low of 7.22 VND, and closed the hour at 7.28 VND with a trading volume of 275,300 shares."
2026-02-27 09:00:00,7.28,7.28,7.13,7.13,488400,DXS,"At 2026-02-27 09:00:00, the stock DXS opened at 7.28 VND, reached a high of 7.28 VND, a low of 7.13 VND, and closed the hour at 7.13 VND with a trading volume of 488,400 shares."
2026-02-27 10:00:00,7.14,7.15,7.06,7.1,971900,DXS,"At 2026-02-27 10:00:00, the stock DXS opened at 7.14 VND, reached a high of 7.15 VND, a low of 7.06 VND, and closed the hour at 7.10 VND with a trading volume of 971,900 shares."
2026-02-27 11:00:00,7.1,7.1,7.05,7.06,207200,DXS,"At 2026-02-27 11:00:00, the stock DXS opened at 7.10 VND, reached a high of 7.10 VND, a low of 7.05 VND, and closed the hour at 7.06 VND with a trading volume of 207,200 shares."
2026-02-27 13:00:00,7.06,7.11,7.03,7.1,537700,DXS,"At 2026-02-27 13:00:00, the stock DXS opened at 7.06 VND, reached a high of 7.11 VND, a low of 7.03 VND, and closed the hour at 7.10 VND with a trading volume of 537,700 shares."
2026-02-27 14:00:00,7.1,7.16,7.06,7.16,370700,DXS,"At 2026-02-27 14:00:00, the stock DXS opened at 7.10 VND, reached a high of 7.16 VND, a low of 7.06 VND, and closed the hour at 7.16 VND with a trading volume of 370,700 shares."
2026-03-02 09:00:00,6.8,6.98,6.8,6.88,772700,DXS,"At 2026-03-02 09:00:00, the stock DXS opened at 6.80 VND, reached a high of 6.98 VND, a low of 6.80 VND, and closed the hour at 6.88 VND with a trading volume of 772,700 shares."
2026-03-02 10:00:00,6.89,6.9,6.86,6.9,314300,DXS,"At 2026-03-02 10:00:00, the stock DXS opened at 6.89 VND, reached a high of 6.90 VND, a low of 6.86 VND, and closed the hour at 6.90 VND with a trading volume of 314,300 shares."
2026-03-02 11:00:00,6.9,6.95,6.88,6.91,140900,DXS,"At 2026-03-02 11:00:00, the stock DXS opened at 6.90 VND, reached a high of 6.95 VND, a low of 6.88 VND, and closed the hour at 6.91 VND with a trading volume of 140,900 shares."
2026-03-02 13:00:00,6.92,6.94,6.87,6.9,241900,DXS,"At 2026-03-02 13:00:00, the stock DXS opened at 6.92 VND, reached a high of 6.94 VND, a low of 6.87 VND, and closed the hour at 6.90 VND with a trading volume of 241,900 shares."
2026-03-02 14:00:00,6.89,6.9,6.83,6.83,508700,DXS,"At 2026-03-02 14:00:00, the stock DXS opened at 6.89 VND, reached a high of 6.90 VND, a low of 6.83 VND, and closed the hour at 6.83 VND with a trading volume of 508,700 shares."
2026-03-03 09:00:00,6.83,6.89,6.8,6.89,216600,DXS,"At 2026-03-03 09:00:00, the stock DXS opened at 6.83 VND, reached a high of 6.89 VND, a low of 6.80 VND, and closed the hour at 6.89 VND with a trading volume of 216,600 shares."
2026-03-03 10:00:00,6.89,6.89,6.82,6.85,254100,DXS,"At 2026-03-03 10:00:00, the stock DXS opened at 6.89 VND, reached a high of 6.89 VND, a low of 6.82 VND, and closed the hour at 6.85 VND with a trading volume of 254,100 shares."
2026-03-03 11:00:00,6.85,6.85,6.8,6.81,224700,DXS,"At 2026-03-03 11:00:00, the stock DXS opened at 6.85 VND, reached a high of 6.85 VND, a low of 6.80 VND, and closed the hour at 6.81 VND with a trading volume of 224,700 shares."
2026-03-03 13:00:00,6.81,6.83,6.67,6.69,967500,DXS,"At 2026-03-03 13:00:00, the stock DXS opened at 6.81 VND, reached a high of 6.83 VND, a low of 6.67 VND, and closed the hour at 6.69 VND with a trading volume of 967,500 shares."
2026-03-03 14:00:00,6.69,6.7,6.66,6.66,299300,DXS,"At 2026-03-03 14:00:00, the stock DXS opened at 6.69 VND, reached a high of 6.70 VND, a low of 6.66 VND, and closed the hour at 6.66 VND with a trading volume of 299,300 shares."
2026-03-04 09:00:00,6.62,6.74,6.61,6.61,460400,DXS,"At 2026-03-04 09:00:00, the stock DXS opened at 6.62 VND, reached a high of 6.74 VND, a low of 6.61 VND, and closed the hour at 6.61 VND with a trading volume of 460,400 shares."
2026-03-04 10:00:00,6.61,6.62,6.42,6.42,910000,DXS,"At 2026-03-04 10:00:00, the stock DXS opened at 6.61 VND, reached a high of 6.62 VND, a low of 6.42 VND, and closed the hour at 6.42 VND with a trading volume of 910,000 shares."
2026-03-04 11:00:00,6.45,6.47,6.4,6.4,244900,DXS,"At 2026-03-04 11:00:00, the stock DXS opened at 6.45 VND, reached a high of 6.47 VND, a low of 6.40 VND, and closed the hour at 6.40 VND with a trading volume of 244,900 shares."
2026-03-04 13:00:00,6.42,6.42,6.22,6.37,1272600,DXS,"At 2026-03-04 13:00:00, the stock DXS opened at 6.42 VND, reached a high of 6.42 VND, a low of 6.22 VND, and closed the hour at 6.37 VND with a trading volume of 1,272,600 shares."
2026-03-04 14:00:00,6.38,6.44,6.3,6.44,568600,DXS,"At 2026-03-04 14:00:00, the stock DXS opened at 6.38 VND, reached a high of 6.44 VND, a low of 6.30 VND, and closed the hour at 6.44 VND with a trading volume of 568,600 shares."
2026-03-05 09:00:00,6.44,6.58,6.44,6.53,522200,DXS,"At 2026-03-05 09:00:00, the stock DXS opened at 6.44 VND, reached a high of 6.58 VND, a low of 6.44 VND, and closed the hour at 6.53 VND with a trading volume of 522,200 shares."
2026-03-05 10:00:00,6.53,6.59,6.51,6.55,586600,DXS,"At 2026-03-05 10:00:00, the stock DXS opened at 6.53 VND, reached a high of 6.59 VND, a low of 6.51 VND, and closed the hour at 6.55 VND with a trading volume of 586,600 shares."
2026-03-05 11:00:00,6.55,6.55,6.54,6.54,118500,DXS,"At 2026-03-05 11:00:00, the stock DXS opened at 6.55 VND, reached a high of 6.55 VND, a low of 6.54 VND, and closed the hour at 6.54 VND with a trading volume of 118,500 shares."
2026-03-05 13:00:00,6.54,6.56,6.49,6.53,607200,DXS,"At 2026-03-05 13:00:00, the stock DXS opened at 6.54 VND, reached a high of 6.56 VND, a low of 6.49 VND, and closed the hour at 6.53 VND with a trading volume of 607,200 shares."
2026-03-05 14:00:00,6.52,6.55,6.5,6.51,237500,DXS,"At 2026-03-05 14:00:00, the stock DXS opened at 6.52 VND, reached a high of 6.55 VND, a low of 6.50 VND, and closed the hour at 6.51 VND with a trading volume of 237,500 shares."
2026-03-06 09:00:00,6.56,6.66,6.56,6.6,612400,DXS,"At 2026-03-06 09:00:00, the stock DXS opened at 6.56 VND, reached a high of 6.66 VND, a low of 6.56 VND, and closed the hour at 6.60 VND with a trading volume of 612,400 shares."
2026-03-06 10:00:00,6.6,6.61,6.53,6.55,173200,DXS,"At 2026-03-06 10:00:00, the stock DXS opened at 6.60 VND, reached a high of 6.61 VND, a low of 6.53 VND, and closed the hour at 6.55 VND with a trading volume of 173,200 shares."
2026-03-06 11:00:00,6.56,6.56,6.54,6.54,17700,DXS,"At 2026-03-06 11:00:00, the stock DXS opened at 6.56 VND, reached a high of 6.56 VND, a low of 6.54 VND, and closed the hour at 6.54 VND with a trading volume of 17,700 shares."
2026-03-06 13:00:00,6.54,6.54,6.51,6.52,198100,DXS,"At 2026-03-06 13:00:00, the stock DXS opened at 6.54 VND, reached a high of 6.54 VND, a low of 6.51 VND, and closed the hour at 6.52 VND with a trading volume of 198,100 shares."
2026-03-06 14:00:00,6.52,6.52,6.42,6.42,255000,DXS,"At 2026-03-06 14:00:00, the stock DXS opened at 6.52 VND, reached a high of 6.52 VND, a low of 6.42 VND, and closed the hour at 6.42 VND with a trading volume of 255,000 shares."
2026-03-09 09:00:00,5.98,6.0,5.98,5.98,828600,DXS,"At 2026-03-09 09:00:00, the stock DXS opened at 5.98 VND, reached a high of 6.00 VND, a low of 5.98 VND, and closed the hour at 5.98 VND with a trading volume of 828,600 shares."
2026-03-09 10:00:00,5.98,5.98,5.98,5.98,82500,DXS,"At 2026-03-09 10:00:00, the stock DXS opened at 5.98 VND, reached a high of 5.98 VND, a low of 5.98 VND, and closed the hour at 5.98 VND with a trading volume of 82,500 shares."
2026-03-09 11:00:00,5.98,5.98,5.98,5.98,11400,DXS,"At 2026-03-09 11:00:00, the stock DXS opened at 5.98 VND, reached a high of 5.98 VND, a low of 5.98 VND, and closed the hour at 5.98 VND with a trading volume of 11,400 shares."
2026-03-09 13:00:00,5.98,5.98,5.98,5.98,120300,DXS,"At 2026-03-09 13:00:00, the stock DXS opened at 5.98 VND, reached a high of 5.98 VND, a low of 5.98 VND, and closed the hour at 5.98 VND with a trading volume of 120,300 shares."
2026-03-09 14:00:00,5.98,5.98,5.98,5.98,280200,DXS,"At 2026-03-09 14:00:00, the stock DXS opened at 5.98 VND, reached a high of 5.98 VND, a low of 5.98 VND, and closed the hour at 5.98 VND with a trading volume of 280,200 shares."
2026-03-10 09:00:00,5.8,6.19,5.8,5.95,1106000,DXS,"At 2026-03-10 09:00:00, the stock DXS opened at 5.80 VND, reached a high of 6.19 VND, a low of 5.80 VND, and closed the hour at 5.95 VND with a trading volume of 1,106,000 shares."
2026-03-10 10:00:00,5.95,6.1,5.92,5.99,424200,DXS,"At 2026-03-10 10:00:00, the stock DXS opened at 5.95 VND, reached a high of 6.10 VND, a low of 5.92 VND, and closed the hour at 5.99 VND with a trading volume of 424,200 shares."
2026-03-10 11:00:00,5.98,5.99,5.88,5.92,185700,DXS,"At 2026-03-10 11:00:00, the stock DXS opened at 5.98 VND, reached a high of 5.99 VND, a low of 5.88 VND, and closed the hour at 5.92 VND with a trading volume of 185,700 shares."
2026-03-10 13:00:00,5.92,5.98,5.83,5.85,389500,DXS,"At 2026-03-10 13:00:00, the stock DXS opened at 5.92 VND, reached a high of 5.98 VND, a low of 5.83 VND, and closed the hour at 5.85 VND with a trading volume of 389,500 shares."
2026-03-10 14:00:00,5.85,6.0,5.85,5.95,311300,DXS,"At 2026-03-10 14:00:00, the stock DXS opened at 5.85 VND, reached a high of 6.00 VND, a low of 5.85 VND, and closed the hour at 5.95 VND with a trading volume of 311,300 shares."
2026-03-11 09:00:00,5.95,6.06,5.94,6.02,273700,DXS,"At 2026-03-11 09:00:00, the stock DXS opened at 5.95 VND, reached a high of 6.06 VND, a low of 5.94 VND, and closed the hour at 6.02 VND with a trading volume of 273,700 shares."
2026-03-11 10:00:00,6.03,6.23,6.03,6.17,541500,DXS,"At 2026-03-11 10:00:00, the stock DXS opened at 6.03 VND, reached a high of 6.23 VND, a low of 6.03 VND, and closed the hour at 6.17 VND with a trading volume of 541,500 shares."
2026-03-11 11:00:00,6.17,6.17,6.15,6.16,73600,DXS,"At 2026-03-11 11:00:00, the stock DXS opened at 6.17 VND, reached a high of 6.17 VND, a low of 6.15 VND, and closed the hour at 6.16 VND with a trading volume of 73,600 shares."
2026-03-11 13:00:00,6.16,6.34,6.13,6.24,501300,DXS,"At 2026-03-11 13:00:00, the stock DXS opened at 6.16 VND, reached a high of 6.34 VND, a low of 6.13 VND, and closed the hour at 6.24 VND with a trading volume of 501,300 shares."
2026-03-11 14:00:00,6.24,6.24,6.06,6.18,483400,DXS,"At 2026-03-11 14:00:00, the stock DXS opened at 6.24 VND, reached a high of 6.24 VND, a low of 6.06 VND, and closed the hour at 6.18 VND with a trading volume of 483,400 shares."
2026-03-12 09:00:00,6.1,6.17,6.09,6.13,95600,DXS,"At 2026-03-12 09:00:00, the stock DXS opened at 6.10 VND, reached a high of 6.17 VND, a low of 6.09 VND, and closed the hour at 6.13 VND with a trading volume of 95,600 shares."
2026-03-12 10:00:00,6.13,6.13,6.07,6.09,127700,DXS,"At 2026-03-12 10:00:00, the stock DXS opened at 6.13 VND, reached a high of 6.13 VND, a low of 6.07 VND, and closed the hour at 6.09 VND with a trading volume of 127,700 shares."
2026-03-12 11:00:00,6.07,6.08,6.06,6.07,72400,DXS,"At 2026-03-12 11:00:00, the stock DXS opened at 6.07 VND, reached a high of 6.08 VND, a low of 6.06 VND, and closed the hour at 6.07 VND with a trading volume of 72,400 shares."
2026-03-12 13:00:00,6.07,6.26,5.98,6.21,772100,DXS,"At 2026-03-12 13:00:00, the stock DXS opened at 6.07 VND, reached a high of 6.26 VND, a low of 5.98 VND, and closed the hour at 6.21 VND with a trading volume of 772,100 shares."
2026-03-12 14:00:00,6.2,6.2,6.15,6.18,175200,DXS,"At 2026-03-12 14:00:00, the stock DXS opened at 6.20 VND, reached a high of 6.20 VND, a low of 6.15 VND, and closed the hour at 6.18 VND with a trading volume of 175,200 shares."
2026-03-13 09:00:00,6.15,6.31,6.12,6.3,823700,DXS,"At 2026-03-13 09:00:00, the stock DXS opened at 6.15 VND, reached a high of 6.31 VND, a low of 6.12 VND, and closed the hour at 6.30 VND with a trading volume of 823,700 shares."
2026-03-13 10:00:00,6.29,6.3,6.22,6.25,225400,DXS,"At 2026-03-13 10:00:00, the stock DXS opened at 6.29 VND, reached a high of 6.30 VND, a low of 6.22 VND, and closed the hour at 6.25 VND with a trading volume of 225,400 shares."
2026-03-13 11:00:00,6.25,6.26,6.24,6.25,38900,DXS,"At 2026-03-13 11:00:00, the stock DXS opened at 6.25 VND, reached a high of 6.26 VND, a low of 6.24 VND, and closed the hour at 6.25 VND with a trading volume of 38,900 shares."
2026-03-13 13:00:00,6.25,6.3,6.2,6.27,470600,DXS,"At 2026-03-13 13:00:00, the stock DXS opened at 6.25 VND, reached a high of 6.30 VND, a low of 6.20 VND, and closed the hour at 6.27 VND with a trading volume of 470,600 shares."
2026-03-13 14:00:00,6.26,6.27,6.2,6.25,159500,DXS,"At 2026-03-13 14:00:00, the stock DXS opened at 6.26 VND, reached a high of 6.27 VND, a low of 6.20 VND, and closed the hour at 6.25 VND with a trading volume of 159,500 shares."
2026-03-16 09:00:00,6.25,6.41,6.25,6.37,901300,DXS,"At 2026-03-16 09:00:00, the stock DXS opened at 6.25 VND, reached a high of 6.41 VND, a low of 6.25 VND, and closed the hour at 6.37 VND with a trading volume of 901,300 shares."
2026-03-16 10:00:00,6.37,6.38,6.3,6.3,319100,DXS,"At 2026-03-16 10:00:00, the stock DXS opened at 6.37 VND, reached a high of 6.38 VND, a low of 6.30 VND, and closed the hour at 6.30 VND with a trading volume of 319,100 shares."
2026-03-16 11:00:00,6.29,6.29,6.27,6.27,31600,DXS,"At 2026-03-16 11:00:00, the stock DXS opened at 6.29 VND, reached a high of 6.29 VND, a low of 6.27 VND, and closed the hour at 6.27 VND with a trading volume of 31,600 shares."
2026-03-16 13:00:00,6.27,6.39,6.25,6.31,310500,DXS,"At 2026-03-16 13:00:00, the stock DXS opened at 6.27 VND, reached a high of 6.39 VND, a low of 6.25 VND, and closed the hour at 6.31 VND with a trading volume of 310,500 shares."
2026-03-16 14:00:00,6.31,6.33,6.26,6.31,173200,DXS,"At 2026-03-16 14:00:00, the stock DXS opened at 6.31 VND, reached a high of 6.33 VND, a low of 6.26 VND, and closed the hour at 6.31 VND with a trading volume of 173,200 shares."
2026-03-17 09:00:00,6.39,6.4,6.33,6.37,323100,DXS,"At 2026-03-17 09:00:00, the stock DXS opened at 6.39 VND, reached a high of 6.40 VND, a low of 6.33 VND, and closed the hour at 6.37 VND with a trading volume of 323,100 shares."
2026-03-17 10:00:00,6.36,6.38,6.35,6.35,189400,DXS,"At 2026-03-17 10:00:00, the stock DXS opened at 6.36 VND, reached a high of 6.38 VND, a low of 6.35 VND, and closed the hour at 6.35 VND with a trading volume of 189,400 shares."
2026-03-17 11:00:00,6.35,6.4,6.35,6.39,192500,DXS,"At 2026-03-17 11:00:00, the stock DXS opened at 6.35 VND, reached a high of 6.40 VND, a low of 6.35 VND, and closed the hour at 6.39 VND with a trading volume of 192,500 shares."
2026-03-17 13:00:00,6.39,6.39,6.32,6.33,288100,DXS,"At 2026-03-17 13:00:00, the stock DXS opened at 6.39 VND, reached a high of 6.39 VND, a low of 6.32 VND, and closed the hour at 6.33 VND with a trading volume of 288,100 shares."
2026-03-17 14:00:00,6.33,6.36,6.3,6.3,564200,DXS,"At 2026-03-17 14:00:00, the stock DXS opened at 6.33 VND, reached a high of 6.36 VND, a low of 6.30 VND, and closed the hour at 6.30 VND with a trading volume of 564,200 shares."
2026-03-18 09:00:00,6.29,6.35,6.29,6.29,131100,DXS,"At 2026-03-18 09:00:00, the stock DXS opened at 6.29 VND, reached a high of 6.35 VND, a low of 6.29 VND, and closed the hour at 6.29 VND with a trading volume of 131,100 shares."
2026-03-18 10:00:00,6.29,6.35,6.29,6.29,255100,DXS,"At 2026-03-18 10:00:00, the stock DXS opened at 6.29 VND, reached a high of 6.35 VND, a low of 6.29 VND, and closed the hour at 6.29 VND with a trading volume of 255,100 shares."
2026-03-18 11:00:00,6.29,6.3,6.27,6.27,208700,DXS,"At 2026-03-18 11:00:00, the stock DXS opened at 6.29 VND, reached a high of 6.30 VND, a low of 6.27 VND, and closed the hour at 6.27 VND with a trading volume of 208,700 shares."
2026-03-18 13:00:00,6.26,6.36,6.17,6.31,540400,DXS,"At 2026-03-18 13:00:00, the stock DXS opened at 6.26 VND, reached a high of 6.36 VND, a low of 6.17 VND, and closed the hour at 6.31 VND with a trading volume of 540,400 shares."
2026-03-18 14:00:00,6.3,6.34,6.27,6.3,249100,DXS,"At 2026-03-18 14:00:00, the stock DXS opened at 6.30 VND, reached a high of 6.34 VND, a low of 6.27 VND, and closed the hour at 6.30 VND with a trading volume of 249,100 shares."
2026-03-19 09:00:00,6.2,6.35,6.2,6.33,307200,DXS,"At 2026-03-19 09:00:00, the stock DXS opened at 6.20 VND, reached a high of 6.35 VND, a low of 6.20 VND, and closed the hour at 6.33 VND with a trading volume of 307,200 shares."
2026-03-19 10:00:00,6.33,6.44,6.28,6.43,804200,DXS,"At 2026-03-19 10:00:00, the stock DXS opened at 6.33 VND, reached a high of 6.44 VND, a low of 6.28 VND, and closed the hour at 6.43 VND with a trading volume of 804,200 shares."
2026-03-19 11:00:00,6.44,6.45,6.38,6.38,156400,DXS,"At 2026-03-19 11:00:00, the stock DXS opened at 6.44 VND, reached a high of 6.45 VND, a low of 6.38 VND, and closed the hour at 6.38 VND with a trading volume of 156,400 shares."
2026-03-19 13:00:00,6.37,6.4,6.33,6.38,247600,DXS,"At 2026-03-19 13:00:00, the stock DXS opened at 6.37 VND, reached a high of 6.40 VND, a low of 6.33 VND, and closed the hour at 6.38 VND with a trading volume of 247,600 shares."
2026-03-19 14:00:00,6.38,6.4,6.36,6.36,196200,DXS,"At 2026-03-19 14:00:00, the stock DXS opened at 6.38 VND, reached a high of 6.40 VND, a low of 6.36 VND, and closed the hour at 6.36 VND with a trading volume of 196,200 shares."
2026-03-20 09:00:00,6.37,6.37,6.31,6.36,239000,DXS,"At 2026-03-20 09:00:00, the stock DXS opened at 6.37 VND, reached a high of 6.37 VND, a low of 6.31 VND, and closed the hour at 6.36 VND with a trading volume of 239,000 shares."
2026-03-20 10:00:00,6.36,6.41,6.32,6.36,176500,DXS,"At 2026-03-20 10:00:00, the stock DXS opened at 6.36 VND, reached a high of 6.41 VND, a low of 6.32 VND, and closed the hour at 6.36 VND with a trading volume of 176,500 shares."
2026-03-20 11:00:00,6.33,6.36,6.29,6.3,98900,DXS,"At 2026-03-20 11:00:00, the stock DXS opened at 6.33 VND, reached a high of 6.36 VND, a low of 6.29 VND, and closed the hour at 6.30 VND with a trading volume of 98,900 shares."
2026-03-20 13:00:00,6.3,6.31,6.23,6.25,259800,DXS,"At 2026-03-20 13:00:00, the stock DXS opened at 6.30 VND, reached a high of 6.31 VND, a low of 6.23 VND, and closed the hour at 6.25 VND with a trading volume of 259,800 shares."
2026-03-20 14:00:00,6.29,6.29,6.23,6.24,221600,DXS,"At 2026-03-20 14:00:00, the stock DXS opened at 6.29 VND, reached a high of 6.29 VND, a low of 6.23 VND, and closed the hour at 6.24 VND with a trading volume of 221,600 shares."
