time,open,high,low,close,volume,ticker,llm_text
2025-08-01 13:00:00,2.8,2.8,2.7,2.7,25400,GPC,"At 2025-08-01 13:00:00, the stock GPC opened at 2.80 VND, reached a high of 2.80 VND, a low of 2.70 VND, and closed the hour at 2.70 VND with a trading volume of 25,400 shares."
2025-08-01 14:00:00,2.7,2.8,2.7,2.7,1700,GPC,"At 2025-08-01 14:00:00, the stock GPC opened at 2.70 VND, reached a high of 2.80 VND, a low of 2.70 VND, and closed the hour at 2.70 VND with a trading volume of 1,700 shares."
2025-08-04 09:00:00,2.7,2.8,2.7,2.8,17100,GPC,"At 2025-08-04 09:00:00, the stock GPC opened at 2.70 VND, reached a high of 2.80 VND, a low of 2.70 VND, and closed the hour at 2.80 VND with a trading volume of 17,100 shares."
2025-08-04 10:00:00,2.7,2.8,2.7,2.8,10000,GPC,"At 2025-08-04 10:00:00, the stock GPC opened at 2.70 VND, reached a high of 2.80 VND, a low of 2.70 VND, and closed the hour at 2.80 VND with a trading volume of 10,000 shares."
2025-08-04 11:00:00,2.8,2.8,2.8,2.8,22200,GPC,"At 2025-08-04 11:00:00, the stock GPC opened at 2.80 VND, reached a high of 2.80 VND, a low of 2.80 VND, and closed the hour at 2.80 VND with a trading volume of 22,200 shares."
2025-08-04 13:00:00,2.8,2.8,2.7,2.7,7800,GPC,"At 2025-08-04 13:00:00, the stock GPC opened at 2.80 VND, reached a high of 2.80 VND, a low of 2.70 VND, and closed the hour at 2.70 VND with a trading volume of 7,800 shares."
2025-08-04 14:00:00,2.8,2.8,2.8,2.8,41900,GPC,"At 2025-08-04 14:00:00, the stock GPC opened at 2.80 VND, reached a high of 2.80 VND, a low of 2.80 VND, and closed the hour at 2.80 VND with a trading volume of 41,900 shares."
2025-08-05 09:00:00,2.8,2.9,2.7,2.9,49800,GPC,"At 2025-08-05 09:00:00, the stock GPC opened at 2.80 VND, reached a high of 2.90 VND, a low of 2.70 VND, and closed the hour at 2.90 VND with a trading volume of 49,800 shares."
2025-08-05 10:00:00,2.8,2.8,2.8,2.8,18500,GPC,"At 2025-08-05 10:00:00, the stock GPC opened at 2.80 VND, reached a high of 2.80 VND, a low of 2.80 VND, and closed the hour at 2.80 VND with a trading volume of 18,500 shares."
2025-08-05 13:00:00,2.7,2.8,2.7,2.8,67800,GPC,"At 2025-08-05 13:00:00, the stock GPC opened at 2.70 VND, reached a high of 2.80 VND, a low of 2.70 VND, and closed the hour at 2.80 VND with a trading volume of 67,800 shares."
2025-08-05 14:00:00,2.8,2.8,2.7,2.7,5400,GPC,"At 2025-08-05 14:00:00, the stock GPC opened at 2.80 VND, reached a high of 2.80 VND, a low of 2.70 VND, and closed the hour at 2.70 VND with a trading volume of 5,400 shares."
2025-08-06 09:00:00,2.8,2.8,2.8,2.8,600,GPC,"At 2025-08-06 09:00:00, the stock GPC opened at 2.80 VND, reached a high of 2.80 VND, a low of 2.80 VND, and closed the hour at 2.80 VND with a trading volume of 600 shares."
2025-08-06 10:00:00,2.8,2.8,2.8,2.8,11800,GPC,"At 2025-08-06 10:00:00, the stock GPC opened at 2.80 VND, reached a high of 2.80 VND, a low of 2.80 VND, and closed the hour at 2.80 VND with a trading volume of 11,800 shares."
2025-08-06 11:00:00,2.7,2.7,2.7,2.7,5000,GPC,"At 2025-08-06 11:00:00, the stock GPC opened at 2.70 VND, reached a high of 2.70 VND, a low of 2.70 VND, and closed the hour at 2.70 VND with a trading volume of 5,000 shares."
2025-08-06 13:00:00,2.8,2.8,2.7,2.7,5800,GPC,"At 2025-08-06 13:00:00, the stock GPC opened at 2.80 VND, reached a high of 2.80 VND, a low of 2.70 VND, and closed the hour at 2.70 VND with a trading volume of 5,800 shares."
2025-08-06 14:00:00,2.8,2.8,2.8,2.8,200,GPC,"At 2025-08-06 14:00:00, the stock GPC opened at 2.80 VND, reached a high of 2.80 VND, a low of 2.80 VND, and closed the hour at 2.80 VND with a trading volume of 200 shares."
2025-08-07 09:00:00,2.8,2.8,2.7,2.8,7300,GPC,"At 2025-08-07 09:00:00, the stock GPC opened at 2.80 VND, reached a high of 2.80 VND, a low of 2.70 VND, and closed the hour at 2.80 VND with a trading volume of 7,300 shares."
2025-08-07 10:00:00,2.7,2.7,2.7,2.7,64900,GPC,"At 2025-08-07 10:00:00, the stock GPC opened at 2.70 VND, reached a high of 2.70 VND, a low of 2.70 VND, and closed the hour at 2.70 VND with a trading volume of 64,900 shares."
2025-08-07 11:00:00,2.7,2.7,2.7,2.7,8400,GPC,"At 2025-08-07 11:00:00, the stock GPC opened at 2.70 VND, reached a high of 2.70 VND, a low of 2.70 VND, and closed the hour at 2.70 VND with a trading volume of 8,400 shares."
2025-08-07 13:00:00,2.8,2.8,2.8,2.8,400,GPC,"At 2025-08-07 13:00:00, the stock GPC opened at 2.80 VND, reached a high of 2.80 VND, a low of 2.80 VND, and closed the hour at 2.80 VND with a trading volume of 400 shares."
2025-08-07 14:00:00,2.7,2.8,2.7,2.8,21200,GPC,"At 2025-08-07 14:00:00, the stock GPC opened at 2.70 VND, reached a high of 2.80 VND, a low of 2.70 VND, and closed the hour at 2.80 VND with a trading volume of 21,200 shares."
2025-08-08 09:00:00,2.8,2.8,2.7,2.7,16600,GPC,"At 2025-08-08 09:00:00, the stock GPC opened at 2.80 VND, reached a high of 2.80 VND, a low of 2.70 VND, and closed the hour at 2.70 VND with a trading volume of 16,600 shares."
2025-08-08 10:00:00,2.7,2.8,2.7,2.7,8500,GPC,"At 2025-08-08 10:00:00, the stock GPC opened at 2.70 VND, reached a high of 2.80 VND, a low of 2.70 VND, and closed the hour at 2.70 VND with a trading volume of 8,500 shares."
2025-08-08 11:00:00,2.8,2.8,2.7,2.7,600,GPC,"At 2025-08-08 11:00:00, the stock GPC opened at 2.80 VND, reached a high of 2.80 VND, a low of 2.70 VND, and closed the hour at 2.70 VND with a trading volume of 600 shares."
2025-08-08 13:00:00,2.7,2.8,2.7,2.8,10100,GPC,"At 2025-08-08 13:00:00, the stock GPC opened at 2.70 VND, reached a high of 2.80 VND, a low of 2.70 VND, and closed the hour at 2.80 VND with a trading volume of 10,100 shares."
2025-08-08 14:00:00,2.7,2.7,2.7,2.7,5300,GPC,"At 2025-08-08 14:00:00, the stock GPC opened at 2.70 VND, reached a high of 2.70 VND, a low of 2.70 VND, and closed the hour at 2.70 VND with a trading volume of 5,300 shares."
2025-08-11 09:00:00,2.7,2.8,2.7,2.7,37000,GPC,"At 2025-08-11 09:00:00, the stock GPC opened at 2.70 VND, reached a high of 2.80 VND, a low of 2.70 VND, and closed the hour at 2.70 VND with a trading volume of 37,000 shares."
2025-08-11 10:00:00,2.7,2.8,2.7,2.8,200,GPC,"At 2025-08-11 10:00:00, the stock GPC opened at 2.70 VND, reached a high of 2.80 VND, a low of 2.70 VND, and closed the hour at 2.80 VND with a trading volume of 200 shares."
2025-08-11 11:00:00,2.7,2.7,2.7,2.7,3000,GPC,"At 2025-08-11 11:00:00, the stock GPC opened at 2.70 VND, reached a high of 2.70 VND, a low of 2.70 VND, and closed the hour at 2.70 VND with a trading volume of 3,000 shares."
2025-08-11 13:00:00,2.7,2.7,2.7,2.7,26800,GPC,"At 2025-08-11 13:00:00, the stock GPC opened at 2.70 VND, reached a high of 2.70 VND, a low of 2.70 VND, and closed the hour at 2.70 VND with a trading volume of 26,800 shares."
2025-08-11 14:00:00,2.7,2.8,2.7,2.7,8000,GPC,"At 2025-08-11 14:00:00, the stock GPC opened at 2.70 VND, reached a high of 2.80 VND, a low of 2.70 VND, and closed the hour at 2.70 VND with a trading volume of 8,000 shares."
2025-08-12 09:00:00,2.8,2.9,2.8,2.9,224800,GPC,"At 2025-08-12 09:00:00, the stock GPC opened at 2.80 VND, reached a high of 2.90 VND, a low of 2.80 VND, and closed the hour at 2.90 VND with a trading volume of 224,800 shares."
2025-08-12 10:00:00,2.9,2.9,2.8,2.8,33400,GPC,"At 2025-08-12 10:00:00, the stock GPC opened at 2.90 VND, reached a high of 2.90 VND, a low of 2.80 VND, and closed the hour at 2.80 VND with a trading volume of 33,400 shares."
2025-08-12 11:00:00,2.9,2.9,2.9,2.9,1300,GPC,"At 2025-08-12 11:00:00, the stock GPC opened at 2.90 VND, reached a high of 2.90 VND, a low of 2.90 VND, and closed the hour at 2.90 VND with a trading volume of 1,300 shares."
2025-08-12 13:00:00,2.9,2.9,2.9,2.9,3200,GPC,"At 2025-08-12 13:00:00, the stock GPC opened at 2.90 VND, reached a high of 2.90 VND, a low of 2.90 VND, and closed the hour at 2.90 VND with a trading volume of 3,200 shares."
2025-08-12 14:00:00,2.8,2.9,2.8,2.9,6800,GPC,"At 2025-08-12 14:00:00, the stock GPC opened at 2.80 VND, reached a high of 2.90 VND, a low of 2.80 VND, and closed the hour at 2.90 VND with a trading volume of 6,800 shares."
2025-08-13 09:00:00,2.8,2.9,2.8,2.9,16300,GPC,"At 2025-08-13 09:00:00, the stock GPC opened at 2.80 VND, reached a high of 2.90 VND, a low of 2.80 VND, and closed the hour at 2.90 VND with a trading volume of 16,300 shares."
2025-08-13 10:00:00,2.8,2.8,2.7,2.8,78500,GPC,"At 2025-08-13 10:00:00, the stock GPC opened at 2.80 VND, reached a high of 2.80 VND, a low of 2.70 VND, and closed the hour at 2.80 VND with a trading volume of 78,500 shares."
2025-08-13 11:00:00,2.8,2.8,2.8,2.8,500,GPC,"At 2025-08-13 11:00:00, the stock GPC opened at 2.80 VND, reached a high of 2.80 VND, a low of 2.80 VND, and closed the hour at 2.80 VND with a trading volume of 500 shares."
2025-08-13 13:00:00,2.8,2.9,2.8,2.8,26300,GPC,"At 2025-08-13 13:00:00, the stock GPC opened at 2.80 VND, reached a high of 2.90 VND, a low of 2.80 VND, and closed the hour at 2.80 VND with a trading volume of 26,300 shares."
2025-08-13 14:00:00,2.8,2.8,2.8,2.8,8100,GPC,"At 2025-08-13 14:00:00, the stock GPC opened at 2.80 VND, reached a high of 2.80 VND, a low of 2.80 VND, and closed the hour at 2.80 VND with a trading volume of 8,100 shares."
2025-08-14 09:00:00,2.8,2.9,2.8,2.8,13900,GPC,"At 2025-08-14 09:00:00, the stock GPC opened at 2.80 VND, reached a high of 2.90 VND, a low of 2.80 VND, and closed the hour at 2.80 VND with a trading volume of 13,900 shares."
2025-08-14 10:00:00,2.8,2.8,2.8,2.8,1800,GPC,"At 2025-08-14 10:00:00, the stock GPC opened at 2.80 VND, reached a high of 2.80 VND, a low of 2.80 VND, and closed the hour at 2.80 VND with a trading volume of 1,800 shares."
2025-08-14 11:00:00,2.9,2.9,2.9,2.9,400,GPC,"At 2025-08-14 11:00:00, the stock GPC opened at 2.90 VND, reached a high of 2.90 VND, a low of 2.90 VND, and closed the hour at 2.90 VND with a trading volume of 400 shares."
2025-08-14 13:00:00,2.8,2.8,2.8,2.8,26500,GPC,"At 2025-08-14 13:00:00, the stock GPC opened at 2.80 VND, reached a high of 2.80 VND, a low of 2.80 VND, and closed the hour at 2.80 VND with a trading volume of 26,500 shares."
2025-08-14 14:00:00,2.8,2.8,2.8,2.8,39600,GPC,"At 2025-08-14 14:00:00, the stock GPC opened at 2.80 VND, reached a high of 2.80 VND, a low of 2.80 VND, and closed the hour at 2.80 VND with a trading volume of 39,600 shares."
2025-08-15 09:00:00,2.8,2.9,2.8,2.9,15300,GPC,"At 2025-08-15 09:00:00, the stock GPC opened at 2.80 VND, reached a high of 2.90 VND, a low of 2.80 VND, and closed the hour at 2.90 VND with a trading volume of 15,300 shares."
2025-08-15 10:00:00,2.8,2.9,2.8,2.8,33300,GPC,"At 2025-08-15 10:00:00, the stock GPC opened at 2.80 VND, reached a high of 2.90 VND, a low of 2.80 VND, and closed the hour at 2.80 VND with a trading volume of 33,300 shares."
2025-08-15 11:00:00,2.8,2.8,2.8,2.8,16700,GPC,"At 2025-08-15 11:00:00, the stock GPC opened at 2.80 VND, reached a high of 2.80 VND, a low of 2.80 VND, and closed the hour at 2.80 VND with a trading volume of 16,700 shares."
2025-08-15 13:00:00,2.8,2.8,2.8,2.8,5400,GPC,"At 2025-08-15 13:00:00, the stock GPC opened at 2.80 VND, reached a high of 2.80 VND, a low of 2.80 VND, and closed the hour at 2.80 VND with a trading volume of 5,400 shares."
2025-08-15 14:00:00,2.8,2.8,2.8,2.8,16600,GPC,"At 2025-08-15 14:00:00, the stock GPC opened at 2.80 VND, reached a high of 2.80 VND, a low of 2.80 VND, and closed the hour at 2.80 VND with a trading volume of 16,600 shares."
2025-08-18 09:00:00,2.8,2.8,2.8,2.8,9600,GPC,"At 2025-08-18 09:00:00, the stock GPC opened at 2.80 VND, reached a high of 2.80 VND, a low of 2.80 VND, and closed the hour at 2.80 VND with a trading volume of 9,600 shares."
2025-08-18 10:00:00,2.9,2.9,2.8,2.8,500,GPC,"At 2025-08-18 10:00:00, the stock GPC opened at 2.90 VND, reached a high of 2.90 VND, a low of 2.80 VND, and closed the hour at 2.80 VND with a trading volume of 500 shares."
2025-08-18 11:00:00,2.8,2.8,2.8,2.8,12500,GPC,"At 2025-08-18 11:00:00, the stock GPC opened at 2.80 VND, reached a high of 2.80 VND, a low of 2.80 VND, and closed the hour at 2.80 VND with a trading volume of 12,500 shares."
2025-08-18 13:00:00,2.8,2.8,2.7,2.8,12500,GPC,"At 2025-08-18 13:00:00, the stock GPC opened at 2.80 VND, reached a high of 2.80 VND, a low of 2.70 VND, and closed the hour at 2.80 VND with a trading volume of 12,500 shares."
2025-08-18 14:00:00,2.7,2.8,2.7,2.8,6200,GPC,"At 2025-08-18 14:00:00, the stock GPC opened at 2.70 VND, reached a high of 2.80 VND, a low of 2.70 VND, and closed the hour at 2.80 VND with a trading volume of 6,200 shares."
2025-08-19 09:00:00,2.8,2.8,2.7,2.8,45200,GPC,"At 2025-08-19 09:00:00, the stock GPC opened at 2.80 VND, reached a high of 2.80 VND, a low of 2.70 VND, and closed the hour at 2.80 VND with a trading volume of 45,200 shares."
2025-08-19 10:00:00,2.8,2.9,2.8,2.9,8300,GPC,"At 2025-08-19 10:00:00, the stock GPC opened at 2.80 VND, reached a high of 2.90 VND, a low of 2.80 VND, and closed the hour at 2.90 VND with a trading volume of 8,300 shares."
2025-08-19 11:00:00,2.8,2.8,2.8,2.8,6700,GPC,"At 2025-08-19 11:00:00, the stock GPC opened at 2.80 VND, reached a high of 2.80 VND, a low of 2.80 VND, and closed the hour at 2.80 VND with a trading volume of 6,700 shares."
2025-08-19 13:00:00,2.9,2.9,2.8,2.8,13800,GPC,"At 2025-08-19 13:00:00, the stock GPC opened at 2.90 VND, reached a high of 2.90 VND, a low of 2.80 VND, and closed the hour at 2.80 VND with a trading volume of 13,800 shares."
2025-08-19 14:00:00,2.8,2.8,2.8,2.8,500,GPC,"At 2025-08-19 14:00:00, the stock GPC opened at 2.80 VND, reached a high of 2.80 VND, a low of 2.80 VND, and closed the hour at 2.80 VND with a trading volume of 500 shares."
2025-08-20 09:00:00,2.8,3.1,2.8,3.0,297100,GPC,"At 2025-08-20 09:00:00, the stock GPC opened at 2.80 VND, reached a high of 3.10 VND, a low of 2.80 VND, and closed the hour at 3.00 VND with a trading volume of 297,100 shares."
2025-08-20 10:00:00,3.1,3.1,3.0,3.0,39000,GPC,"At 2025-08-20 10:00:00, the stock GPC opened at 3.10 VND, reached a high of 3.10 VND, a low of 3.00 VND, and closed the hour at 3.00 VND with a trading volume of 39,000 shares."
2025-08-20 11:00:00,3.0,3.0,3.0,3.0,10500,GPC,"At 2025-08-20 11:00:00, the stock GPC opened at 3.00 VND, reached a high of 3.00 VND, a low of 3.00 VND, and closed the hour at 3.00 VND with a trading volume of 10,500 shares."
2025-08-20 13:00:00,2.9,3.0,2.9,3.0,17600,GPC,"At 2025-08-20 13:00:00, the stock GPC opened at 2.90 VND, reached a high of 3.00 VND, a low of 2.90 VND, and closed the hour at 3.00 VND with a trading volume of 17,600 shares."
2025-08-20 14:00:00,3.0,3.1,2.9,3.1,48200,GPC,"At 2025-08-20 14:00:00, the stock GPC opened at 3.00 VND, reached a high of 3.10 VND, a low of 2.90 VND, and closed the hour at 3.10 VND with a trading volume of 48,200 shares."
2025-08-21 09:00:00,3.1,3.1,3.0,3.0,13300,GPC,"At 2025-08-21 09:00:00, the stock GPC opened at 3.10 VND, reached a high of 3.10 VND, a low of 3.00 VND, and closed the hour at 3.00 VND with a trading volume of 13,300 shares."
2025-08-21 10:00:00,3.0,3.0,3.0,3.0,400,GPC,"At 2025-08-21 10:00:00, the stock GPC opened at 3.00 VND, reached a high of 3.00 VND, a low of 3.00 VND, and closed the hour at 3.00 VND with a trading volume of 400 shares."
2025-08-21 11:00:00,3.0,3.0,3.0,3.0,7600,GPC,"At 2025-08-21 11:00:00, the stock GPC opened at 3.00 VND, reached a high of 3.00 VND, a low of 3.00 VND, and closed the hour at 3.00 VND with a trading volume of 7,600 shares."
2025-08-21 13:00:00,3.0,3.0,3.0,3.0,18000,GPC,"At 2025-08-21 13:00:00, the stock GPC opened at 3.00 VND, reached a high of 3.00 VND, a low of 3.00 VND, and closed the hour at 3.00 VND with a trading volume of 18,000 shares."
2025-08-21 14:00:00,3.0,3.0,3.0,3.0,1000,GPC,"At 2025-08-21 14:00:00, the stock GPC opened at 3.00 VND, reached a high of 3.00 VND, a low of 3.00 VND, and closed the hour at 3.00 VND with a trading volume of 1,000 shares."
2025-08-22 09:00:00,3.0,3.0,2.8,2.8,43200,GPC,"At 2025-08-22 09:00:00, the stock GPC opened at 3.00 VND, reached a high of 3.00 VND, a low of 2.80 VND, and closed the hour at 2.80 VND with a trading volume of 43,200 shares."
2025-08-22 10:00:00,2.8,2.8,2.8,2.8,43900,GPC,"At 2025-08-22 10:00:00, the stock GPC opened at 2.80 VND, reached a high of 2.80 VND, a low of 2.80 VND, and closed the hour at 2.80 VND with a trading volume of 43,900 shares."
2025-08-22 11:00:00,2.8,2.8,2.8,2.8,12000,GPC,"At 2025-08-22 11:00:00, the stock GPC opened at 2.80 VND, reached a high of 2.80 VND, a low of 2.80 VND, and closed the hour at 2.80 VND with a trading volume of 12,000 shares."
2025-08-22 13:00:00,2.8,2.8,2.7,2.7,246200,GPC,"At 2025-08-22 13:00:00, the stock GPC opened at 2.80 VND, reached a high of 2.80 VND, a low of 2.70 VND, and closed the hour at 2.70 VND with a trading volume of 246,200 shares."
2025-08-22 14:00:00,2.7,2.8,2.7,2.8,24500,GPC,"At 2025-08-22 14:00:00, the stock GPC opened at 2.70 VND, reached a high of 2.80 VND, a low of 2.70 VND, and closed the hour at 2.80 VND with a trading volume of 24,500 shares."
2025-08-25 09:00:00,2.8,2.8,2.8,2.8,6400,GPC,"At 2025-08-25 09:00:00, the stock GPC opened at 2.80 VND, reached a high of 2.80 VND, a low of 2.80 VND, and closed the hour at 2.80 VND with a trading volume of 6,400 shares."
2025-08-25 10:00:00,2.8,2.8,2.8,2.8,43100,GPC,"At 2025-08-25 10:00:00, the stock GPC opened at 2.80 VND, reached a high of 2.80 VND, a low of 2.80 VND, and closed the hour at 2.80 VND with a trading volume of 43,100 shares."
2025-08-25 11:00:00,2.8,2.8,2.8,2.8,1300,GPC,"At 2025-08-25 11:00:00, the stock GPC opened at 2.80 VND, reached a high of 2.80 VND, a low of 2.80 VND, and closed the hour at 2.80 VND with a trading volume of 1,300 shares."
2025-08-25 13:00:00,2.8,2.8,2.7,2.8,4400,GPC,"At 2025-08-25 13:00:00, the stock GPC opened at 2.80 VND, reached a high of 2.80 VND, a low of 2.70 VND, and closed the hour at 2.80 VND with a trading volume of 4,400 shares."
2025-08-25 14:00:00,2.8,2.8,2.8,2.8,48200,GPC,"At 2025-08-25 14:00:00, the stock GPC opened at 2.80 VND, reached a high of 2.80 VND, a low of 2.80 VND, and closed the hour at 2.80 VND with a trading volume of 48,200 shares."
2025-08-26 09:00:00,2.8,2.8,2.8,2.8,7000,GPC,"At 2025-08-26 09:00:00, the stock GPC opened at 2.80 VND, reached a high of 2.80 VND, a low of 2.80 VND, and closed the hour at 2.80 VND with a trading volume of 7,000 shares."
2025-08-26 10:00:00,2.8,2.8,2.8,2.8,28000,GPC,"At 2025-08-26 10:00:00, the stock GPC opened at 2.80 VND, reached a high of 2.80 VND, a low of 2.80 VND, and closed the hour at 2.80 VND with a trading volume of 28,000 shares."
2025-08-26 13:00:00,2.8,2.8,2.8,2.8,15600,GPC,"At 2025-08-26 13:00:00, the stock GPC opened at 2.80 VND, reached a high of 2.80 VND, a low of 2.80 VND, and closed the hour at 2.80 VND with a trading volume of 15,600 shares."
2025-08-26 14:00:00,2.8,2.9,2.8,2.8,17500,GPC,"At 2025-08-26 14:00:00, the stock GPC opened at 2.80 VND, reached a high of 2.90 VND, a low of 2.80 VND, and closed the hour at 2.80 VND with a trading volume of 17,500 shares."
2025-08-27 09:00:00,2.8,2.8,2.8,2.8,3700,GPC,"At 2025-08-27 09:00:00, the stock GPC opened at 2.80 VND, reached a high of 2.80 VND, a low of 2.80 VND, and closed the hour at 2.80 VND with a trading volume of 3,700 shares."
2025-08-27 10:00:00,2.8,2.8,2.8,2.8,2800,GPC,"At 2025-08-27 10:00:00, the stock GPC opened at 2.80 VND, reached a high of 2.80 VND, a low of 2.80 VND, and closed the hour at 2.80 VND with a trading volume of 2,800 shares."
2025-08-27 11:00:00,2.8,2.8,2.8,2.8,3000,GPC,"At 2025-08-27 11:00:00, the stock GPC opened at 2.80 VND, reached a high of 2.80 VND, a low of 2.80 VND, and closed the hour at 2.80 VND with a trading volume of 3,000 shares."
2025-08-27 13:00:00,2.8,2.8,2.8,2.8,29500,GPC,"At 2025-08-27 13:00:00, the stock GPC opened at 2.80 VND, reached a high of 2.80 VND, a low of 2.80 VND, and closed the hour at 2.80 VND with a trading volume of 29,500 shares."
2025-08-27 14:00:00,2.8,2.8,2.7,2.8,3900,GPC,"At 2025-08-27 14:00:00, the stock GPC opened at 2.80 VND, reached a high of 2.80 VND, a low of 2.70 VND, and closed the hour at 2.80 VND with a trading volume of 3,900 shares."
2025-08-28 09:00:00,2.8,2.9,2.8,2.8,20400,GPC,"At 2025-08-28 09:00:00, the stock GPC opened at 2.80 VND, reached a high of 2.90 VND, a low of 2.80 VND, and closed the hour at 2.80 VND with a trading volume of 20,400 shares."
2025-08-28 10:00:00,2.8,2.8,2.7,2.7,33700,GPC,"At 2025-08-28 10:00:00, the stock GPC opened at 2.80 VND, reached a high of 2.80 VND, a low of 2.70 VND, and closed the hour at 2.70 VND with a trading volume of 33,700 shares."
2025-08-28 11:00:00,2.8,2.8,2.8,2.8,31000,GPC,"At 2025-08-28 11:00:00, the stock GPC opened at 2.80 VND, reached a high of 2.80 VND, a low of 2.80 VND, and closed the hour at 2.80 VND with a trading volume of 31,000 shares."
2025-08-28 13:00:00,2.8,2.8,2.8,2.8,27300,GPC,"At 2025-08-28 13:00:00, the stock GPC opened at 2.80 VND, reached a high of 2.80 VND, a low of 2.80 VND, and closed the hour at 2.80 VND with a trading volume of 27,300 shares."
2025-08-28 14:00:00,2.8,2.8,2.8,2.8,35500,GPC,"At 2025-08-28 14:00:00, the stock GPC opened at 2.80 VND, reached a high of 2.80 VND, a low of 2.80 VND, and closed the hour at 2.80 VND with a trading volume of 35,500 shares."
2025-08-29 10:00:00,2.8,2.9,2.8,2.8,23700,GPC,"At 2025-08-29 10:00:00, the stock GPC opened at 2.80 VND, reached a high of 2.90 VND, a low of 2.80 VND, and closed the hour at 2.80 VND with a trading volume of 23,700 shares."
2025-08-29 11:00:00,2.8,2.8,2.8,2.8,20700,GPC,"At 2025-08-29 11:00:00, the stock GPC opened at 2.80 VND, reached a high of 2.80 VND, a low of 2.80 VND, and closed the hour at 2.80 VND with a trading volume of 20,700 shares."
2025-08-29 13:00:00,2.8,2.8,2.8,2.8,15000,GPC,"At 2025-08-29 13:00:00, the stock GPC opened at 2.80 VND, reached a high of 2.80 VND, a low of 2.80 VND, and closed the hour at 2.80 VND with a trading volume of 15,000 shares."
2025-08-29 14:00:00,2.7,2.8,2.7,2.8,160300,GPC,"At 2025-08-29 14:00:00, the stock GPC opened at 2.70 VND, reached a high of 2.80 VND, a low of 2.70 VND, and closed the hour at 2.80 VND with a trading volume of 160,300 shares."
2025-09-03 09:00:00,2.7,2.7,2.7,2.7,600,GPC,"At 2025-09-03 09:00:00, the stock GPC opened at 2.70 VND, reached a high of 2.70 VND, a low of 2.70 VND, and closed the hour at 2.70 VND with a trading volume of 600 shares."
2025-09-03 10:00:00,2.7,2.9,2.7,2.9,39900,GPC,"At 2025-09-03 10:00:00, the stock GPC opened at 2.70 VND, reached a high of 2.90 VND, a low of 2.70 VND, and closed the hour at 2.90 VND with a trading volume of 39,900 shares."
2025-09-03 11:00:00,2.8,2.8,2.8,2.8,1900,GPC,"At 2025-09-03 11:00:00, the stock GPC opened at 2.80 VND, reached a high of 2.80 VND, a low of 2.80 VND, and closed the hour at 2.80 VND with a trading volume of 1,900 shares."
2025-09-03 13:00:00,2.8,2.9,2.8,2.9,45700,GPC,"At 2025-09-03 13:00:00, the stock GPC opened at 2.80 VND, reached a high of 2.90 VND, a low of 2.80 VND, and closed the hour at 2.90 VND with a trading volume of 45,700 shares."
2025-09-03 14:00:00,2.8,2.9,2.8,2.8,31400,GPC,"At 2025-09-03 14:00:00, the stock GPC opened at 2.80 VND, reached a high of 2.90 VND, a low of 2.80 VND, and closed the hour at 2.80 VND with a trading volume of 31,400 shares."
2025-09-04 09:00:00,2.9,2.9,2.8,2.8,6200,GPC,"At 2025-09-04 09:00:00, the stock GPC opened at 2.90 VND, reached a high of 2.90 VND, a low of 2.80 VND, and closed the hour at 2.80 VND with a trading volume of 6,200 shares."
2025-09-04 10:00:00,2.8,2.8,2.7,2.7,1400,GPC,"At 2025-09-04 10:00:00, the stock GPC opened at 2.80 VND, reached a high of 2.80 VND, a low of 2.70 VND, and closed the hour at 2.70 VND with a trading volume of 1,400 shares."
2025-09-04 11:00:00,2.8,2.8,2.8,2.8,100,GPC,"At 2025-09-04 11:00:00, the stock GPC opened at 2.80 VND, reached a high of 2.80 VND, a low of 2.80 VND, and closed the hour at 2.80 VND with a trading volume of 100 shares."
2025-09-04 13:00:00,2.8,2.8,2.7,2.8,8800,GPC,"At 2025-09-04 13:00:00, the stock GPC opened at 2.80 VND, reached a high of 2.80 VND, a low of 2.70 VND, and closed the hour at 2.80 VND with a trading volume of 8,800 shares."
2025-09-04 14:00:00,2.8,2.8,2.8,2.8,46700,GPC,"At 2025-09-04 14:00:00, the stock GPC opened at 2.80 VND, reached a high of 2.80 VND, a low of 2.80 VND, and closed the hour at 2.80 VND with a trading volume of 46,700 shares."
2025-09-05 09:00:00,2.8,2.9,2.7,2.9,31800,GPC,"At 2025-09-05 09:00:00, the stock GPC opened at 2.80 VND, reached a high of 2.90 VND, a low of 2.70 VND, and closed the hour at 2.90 VND with a trading volume of 31,800 shares."
2025-09-05 10:00:00,2.8,2.8,2.8,2.8,100,GPC,"At 2025-09-05 10:00:00, the stock GPC opened at 2.80 VND, reached a high of 2.80 VND, a low of 2.80 VND, and closed the hour at 2.80 VND with a trading volume of 100 shares."
2025-09-05 11:00:00,2.8,2.8,2.8,2.8,100000,GPC,"At 2025-09-05 11:00:00, the stock GPC opened at 2.80 VND, reached a high of 2.80 VND, a low of 2.80 VND, and closed the hour at 2.80 VND with a trading volume of 100,000 shares."
2025-09-05 13:00:00,2.8,2.8,2.8,2.8,4400,GPC,"At 2025-09-05 13:00:00, the stock GPC opened at 2.80 VND, reached a high of 2.80 VND, a low of 2.80 VND, and closed the hour at 2.80 VND with a trading volume of 4,400 shares."
2025-09-05 14:00:00,2.8,2.8,2.8,2.8,5100,GPC,"At 2025-09-05 14:00:00, the stock GPC opened at 2.80 VND, reached a high of 2.80 VND, a low of 2.80 VND, and closed the hour at 2.80 VND with a trading volume of 5,100 shares."
2025-09-08 09:00:00,2.8,2.8,2.7,2.8,27300,GPC,"At 2025-09-08 09:00:00, the stock GPC opened at 2.80 VND, reached a high of 2.80 VND, a low of 2.70 VND, and closed the hour at 2.80 VND with a trading volume of 27,300 shares."
2025-09-08 10:00:00,2.7,2.8,2.7,2.7,88200,GPC,"At 2025-09-08 10:00:00, the stock GPC opened at 2.70 VND, reached a high of 2.80 VND, a low of 2.70 VND, and closed the hour at 2.70 VND with a trading volume of 88,200 shares."
2025-09-08 11:00:00,2.7,2.8,2.7,2.8,5500,GPC,"At 2025-09-08 11:00:00, the stock GPC opened at 2.70 VND, reached a high of 2.80 VND, a low of 2.70 VND, and closed the hour at 2.80 VND with a trading volume of 5,500 shares."
2025-09-08 13:00:00,2.7,2.8,2.7,2.7,9100,GPC,"At 2025-09-08 13:00:00, the stock GPC opened at 2.70 VND, reached a high of 2.80 VND, a low of 2.70 VND, and closed the hour at 2.70 VND with a trading volume of 9,100 shares."
2025-09-08 14:00:00,2.7,2.7,2.7,2.7,142800,GPC,"At 2025-09-08 14:00:00, the stock GPC opened at 2.70 VND, reached a high of 2.70 VND, a low of 2.70 VND, and closed the hour at 2.70 VND with a trading volume of 142,800 shares."
2025-09-09 09:00:00,2.7,2.8,2.7,2.8,35200,GPC,"At 2025-09-09 09:00:00, the stock GPC opened at 2.70 VND, reached a high of 2.80 VND, a low of 2.70 VND, and closed the hour at 2.80 VND with a trading volume of 35,200 shares."
2025-09-09 10:00:00,2.7,2.7,2.7,2.7,11000,GPC,"At 2025-09-09 10:00:00, the stock GPC opened at 2.70 VND, reached a high of 2.70 VND, a low of 2.70 VND, and closed the hour at 2.70 VND with a trading volume of 11,000 shares."
2025-09-09 14:00:00,2.8,2.8,2.8,2.8,100,GPC,"At 2025-09-09 14:00:00, the stock GPC opened at 2.80 VND, reached a high of 2.80 VND, a low of 2.80 VND, and closed the hour at 2.80 VND with a trading volume of 100 shares."
2025-09-10 09:00:00,2.8,2.8,2.7,2.7,11700,GPC,"At 2025-09-10 09:00:00, the stock GPC opened at 2.80 VND, reached a high of 2.80 VND, a low of 2.70 VND, and closed the hour at 2.70 VND with a trading volume of 11,700 shares."
2025-09-10 10:00:00,2.7,2.7,2.7,2.7,5500,GPC,"At 2025-09-10 10:00:00, the stock GPC opened at 2.70 VND, reached a high of 2.70 VND, a low of 2.70 VND, and closed the hour at 2.70 VND with a trading volume of 5,500 shares."
2025-09-10 13:00:00,2.7,2.8,2.7,2.8,3500,GPC,"At 2025-09-10 13:00:00, the stock GPC opened at 2.70 VND, reached a high of 2.80 VND, a low of 2.70 VND, and closed the hour at 2.80 VND with a trading volume of 3,500 shares."
2025-09-10 14:00:00,2.7,2.7,2.7,2.7,500,GPC,"At 2025-09-10 14:00:00, the stock GPC opened at 2.70 VND, reached a high of 2.70 VND, a low of 2.70 VND, and closed the hour at 2.70 VND with a trading volume of 500 shares."
2025-09-11 09:00:00,2.8,2.8,2.8,2.8,200,GPC,"At 2025-09-11 09:00:00, the stock GPC opened at 2.80 VND, reached a high of 2.80 VND, a low of 2.80 VND, and closed the hour at 2.80 VND with a trading volume of 200 shares."
2025-09-11 10:00:00,2.7,2.7,2.6,2.7,63200,GPC,"At 2025-09-11 10:00:00, the stock GPC opened at 2.70 VND, reached a high of 2.70 VND, a low of 2.60 VND, and closed the hour at 2.70 VND with a trading volume of 63,200 shares."
2025-09-11 11:00:00,2.7,2.7,2.7,2.7,1000,GPC,"At 2025-09-11 11:00:00, the stock GPC opened at 2.70 VND, reached a high of 2.70 VND, a low of 2.70 VND, and closed the hour at 2.70 VND with a trading volume of 1,000 shares."
2025-09-11 13:00:00,2.7,2.7,2.7,2.7,5100,GPC,"At 2025-09-11 13:00:00, the stock GPC opened at 2.70 VND, reached a high of 2.70 VND, a low of 2.70 VND, and closed the hour at 2.70 VND with a trading volume of 5,100 shares."
2025-09-11 14:00:00,2.7,2.7,2.7,2.7,57900,GPC,"At 2025-09-11 14:00:00, the stock GPC opened at 2.70 VND, reached a high of 2.70 VND, a low of 2.70 VND, and closed the hour at 2.70 VND with a trading volume of 57,900 shares."
2025-09-12 09:00:00,2.6,2.7,2.6,2.7,2500,GPC,"At 2025-09-12 09:00:00, the stock GPC opened at 2.60 VND, reached a high of 2.70 VND, a low of 2.60 VND, and closed the hour at 2.70 VND with a trading volume of 2,500 shares."
2025-09-12 10:00:00,2.7,2.8,2.7,2.8,1500,GPC,"At 2025-09-12 10:00:00, the stock GPC opened at 2.70 VND, reached a high of 2.80 VND, a low of 2.70 VND, and closed the hour at 2.80 VND with a trading volume of 1,500 shares."
2025-09-12 11:00:00,2.8,2.8,2.8,2.8,1900,GPC,"At 2025-09-12 11:00:00, the stock GPC opened at 2.80 VND, reached a high of 2.80 VND, a low of 2.80 VND, and closed the hour at 2.80 VND with a trading volume of 1,900 shares."
2025-09-12 14:00:00,2.8,2.8,2.7,2.7,12900,GPC,"At 2025-09-12 14:00:00, the stock GPC opened at 2.80 VND, reached a high of 2.80 VND, a low of 2.70 VND, and closed the hour at 2.70 VND with a trading volume of 12,900 shares."
2025-09-15 09:00:00,2.8,2.8,2.8,2.8,1800,GPC,"At 2025-09-15 09:00:00, the stock GPC opened at 2.80 VND, reached a high of 2.80 VND, a low of 2.80 VND, and closed the hour at 2.80 VND with a trading volume of 1,800 shares."
2025-09-15 10:00:00,2.8,2.8,2.8,2.8,2400,GPC,"At 2025-09-15 10:00:00, the stock GPC opened at 2.80 VND, reached a high of 2.80 VND, a low of 2.80 VND, and closed the hour at 2.80 VND with a trading volume of 2,400 shares."
2025-09-15 13:00:00,2.8,2.8,2.7,2.7,59100,GPC,"At 2025-09-15 13:00:00, the stock GPC opened at 2.80 VND, reached a high of 2.80 VND, a low of 2.70 VND, and closed the hour at 2.70 VND with a trading volume of 59,100 shares."
2025-09-15 14:00:00,2.7,2.7,2.6,2.7,51800,GPC,"At 2025-09-15 14:00:00, the stock GPC opened at 2.70 VND, reached a high of 2.70 VND, a low of 2.60 VND, and closed the hour at 2.70 VND with a trading volume of 51,800 shares."
2025-09-16 09:00:00,2.7,2.8,2.7,2.7,23100,GPC,"At 2025-09-16 09:00:00, the stock GPC opened at 2.70 VND, reached a high of 2.80 VND, a low of 2.70 VND, and closed the hour at 2.70 VND with a trading volume of 23,100 shares."
2025-09-16 10:00:00,2.7,2.7,2.7,2.7,8700,GPC,"At 2025-09-16 10:00:00, the stock GPC opened at 2.70 VND, reached a high of 2.70 VND, a low of 2.70 VND, and closed the hour at 2.70 VND with a trading volume of 8,700 shares."
2025-09-16 11:00:00,2.7,2.7,2.7,2.7,7400,GPC,"At 2025-09-16 11:00:00, the stock GPC opened at 2.70 VND, reached a high of 2.70 VND, a low of 2.70 VND, and closed the hour at 2.70 VND with a trading volume of 7,400 shares."
2025-09-16 13:00:00,2.7,2.7,2.7,2.7,22800,GPC,"At 2025-09-16 13:00:00, the stock GPC opened at 2.70 VND, reached a high of 2.70 VND, a low of 2.70 VND, and closed the hour at 2.70 VND with a trading volume of 22,800 shares."
2025-09-16 14:00:00,2.7,2.7,2.7,2.7,500,GPC,"At 2025-09-16 14:00:00, the stock GPC opened at 2.70 VND, reached a high of 2.70 VND, a low of 2.70 VND, and closed the hour at 2.70 VND with a trading volume of 500 shares."
2025-09-17 09:00:00,2.7,2.7,2.6,2.7,38600,GPC,"At 2025-09-17 09:00:00, the stock GPC opened at 2.70 VND, reached a high of 2.70 VND, a low of 2.60 VND, and closed the hour at 2.70 VND with a trading volume of 38,600 shares."
2025-09-17 10:00:00,2.7,2.7,2.6,2.6,26600,GPC,"At 2025-09-17 10:00:00, the stock GPC opened at 2.70 VND, reached a high of 2.70 VND, a low of 2.60 VND, and closed the hour at 2.60 VND with a trading volume of 26,600 shares."
2025-09-17 13:00:00,2.7,2.7,2.6,2.6,63000,GPC,"At 2025-09-17 13:00:00, the stock GPC opened at 2.70 VND, reached a high of 2.70 VND, a low of 2.60 VND, and closed the hour at 2.60 VND with a trading volume of 63,000 shares."
2025-09-17 14:00:00,2.7,2.7,2.7,2.7,200,GPC,"At 2025-09-17 14:00:00, the stock GPC opened at 2.70 VND, reached a high of 2.70 VND, a low of 2.70 VND, and closed the hour at 2.70 VND with a trading volume of 200 shares."
2025-09-18 09:00:00,2.7,2.7,2.7,2.7,3300,GPC,"At 2025-09-18 09:00:00, the stock GPC opened at 2.70 VND, reached a high of 2.70 VND, a low of 2.70 VND, and closed the hour at 2.70 VND with a trading volume of 3,300 shares."
2025-09-18 10:00:00,2.7,2.7,2.6,2.7,400,GPC,"At 2025-09-18 10:00:00, the stock GPC opened at 2.70 VND, reached a high of 2.70 VND, a low of 2.60 VND, and closed the hour at 2.70 VND with a trading volume of 400 shares."
2025-09-18 11:00:00,2.6,2.6,2.6,2.6,1000,GPC,"At 2025-09-18 11:00:00, the stock GPC opened at 2.60 VND, reached a high of 2.60 VND, a low of 2.60 VND, and closed the hour at 2.60 VND with a trading volume of 1,000 shares."
2025-09-18 13:00:00,2.6,2.6,2.6,2.6,220900,GPC,"At 2025-09-18 13:00:00, the stock GPC opened at 2.60 VND, reached a high of 2.60 VND, a low of 2.60 VND, and closed the hour at 2.60 VND with a trading volume of 220,900 shares."
2025-09-18 14:00:00,2.6,2.7,2.6,2.7,1000,GPC,"At 2025-09-18 14:00:00, the stock GPC opened at 2.60 VND, reached a high of 2.70 VND, a low of 2.60 VND, and closed the hour at 2.70 VND with a trading volume of 1,000 shares."
2025-09-19 09:00:00,2.7,2.7,2.6,2.6,1600,GPC,"At 2025-09-19 09:00:00, the stock GPC opened at 2.70 VND, reached a high of 2.70 VND, a low of 2.60 VND, and closed the hour at 2.60 VND with a trading volume of 1,600 shares."
2025-09-19 10:00:00,2.7,2.7,2.7,2.7,400,GPC,"At 2025-09-19 10:00:00, the stock GPC opened at 2.70 VND, reached a high of 2.70 VND, a low of 2.70 VND, and closed the hour at 2.70 VND with a trading volume of 400 shares."
2025-09-19 11:00:00,2.6,2.6,2.6,2.6,78800,GPC,"At 2025-09-19 11:00:00, the stock GPC opened at 2.60 VND, reached a high of 2.60 VND, a low of 2.60 VND, and closed the hour at 2.60 VND with a trading volume of 78,800 shares."
2025-09-19 13:00:00,2.6,2.6,2.5,2.6,27700,GPC,"At 2025-09-19 13:00:00, the stock GPC opened at 2.60 VND, reached a high of 2.60 VND, a low of 2.50 VND, and closed the hour at 2.60 VND with a trading volume of 27,700 shares."
2025-09-19 14:00:00,2.6,2.7,2.6,2.7,400,GPC,"At 2025-09-19 14:00:00, the stock GPC opened at 2.60 VND, reached a high of 2.70 VND, a low of 2.60 VND, and closed the hour at 2.70 VND with a trading volume of 400 shares."
2025-09-22 09:00:00,2.7,2.7,2.6,2.6,30600,GPC,"At 2025-09-22 09:00:00, the stock GPC opened at 2.70 VND, reached a high of 2.70 VND, a low of 2.60 VND, and closed the hour at 2.60 VND with a trading volume of 30,600 shares."
2025-09-22 10:00:00,2.6,2.6,2.6,2.6,8100,GPC,"At 2025-09-22 10:00:00, the stock GPC opened at 2.60 VND, reached a high of 2.60 VND, a low of 2.60 VND, and closed the hour at 2.60 VND with a trading volume of 8,100 shares."
2025-09-22 13:00:00,2.6,2.6,2.6,2.6,10400,GPC,"At 2025-09-22 13:00:00, the stock GPC opened at 2.60 VND, reached a high of 2.60 VND, a low of 2.60 VND, and closed the hour at 2.60 VND with a trading volume of 10,400 shares."
2025-09-22 14:00:00,2.5,2.6,2.5,2.6,35200,GPC,"At 2025-09-22 14:00:00, the stock GPC opened at 2.50 VND, reached a high of 2.60 VND, a low of 2.50 VND, and closed the hour at 2.60 VND with a trading volume of 35,200 shares."
2025-09-23 10:00:00,2.6,2.6,2.6,2.6,3000,GPC,"At 2025-09-23 10:00:00, the stock GPC opened at 2.60 VND, reached a high of 2.60 VND, a low of 2.60 VND, and closed the hour at 2.60 VND with a trading volume of 3,000 shares."
2025-09-23 13:00:00,2.6,2.6,2.6,2.6,22900,GPC,"At 2025-09-23 13:00:00, the stock GPC opened at 2.60 VND, reached a high of 2.60 VND, a low of 2.60 VND, and closed the hour at 2.60 VND with a trading volume of 22,900 shares."
2025-09-23 14:00:00,2.6,2.6,2.6,2.6,9100,GPC,"At 2025-09-23 14:00:00, the stock GPC opened at 2.60 VND, reached a high of 2.60 VND, a low of 2.60 VND, and closed the hour at 2.60 VND with a trading volume of 9,100 shares."
2025-09-24 09:00:00,2.7,2.7,2.7,2.7,200,GPC,"At 2025-09-24 09:00:00, the stock GPC opened at 2.70 VND, reached a high of 2.70 VND, a low of 2.70 VND, and closed the hour at 2.70 VND with a trading volume of 200 shares."
2025-09-24 10:00:00,2.6,2.6,2.6,2.6,12400,GPC,"At 2025-09-24 10:00:00, the stock GPC opened at 2.60 VND, reached a high of 2.60 VND, a low of 2.60 VND, and closed the hour at 2.60 VND with a trading volume of 12,400 shares."
2025-09-24 11:00:00,2.6,2.6,2.6,2.6,11200,GPC,"At 2025-09-24 11:00:00, the stock GPC opened at 2.60 VND, reached a high of 2.60 VND, a low of 2.60 VND, and closed the hour at 2.60 VND with a trading volume of 11,200 shares."
2025-09-24 13:00:00,2.6,2.6,2.6,2.6,3900,GPC,"At 2025-09-24 13:00:00, the stock GPC opened at 2.60 VND, reached a high of 2.60 VND, a low of 2.60 VND, and closed the hour at 2.60 VND with a trading volume of 3,900 shares."
2025-09-24 14:00:00,2.7,2.7,2.7,2.7,6400,GPC,"At 2025-09-24 14:00:00, the stock GPC opened at 2.70 VND, reached a high of 2.70 VND, a low of 2.70 VND, and closed the hour at 2.70 VND with a trading volume of 6,400 shares."
2025-09-25 09:00:00,2.6,2.6,2.6,2.6,16200,GPC,"At 2025-09-25 09:00:00, the stock GPC opened at 2.60 VND, reached a high of 2.60 VND, a low of 2.60 VND, and closed the hour at 2.60 VND with a trading volume of 16,200 shares."
2025-09-25 10:00:00,2.6,2.6,2.5,2.6,27100,GPC,"At 2025-09-25 10:00:00, the stock GPC opened at 2.60 VND, reached a high of 2.60 VND, a low of 2.50 VND, and closed the hour at 2.60 VND with a trading volume of 27,100 shares."
2025-09-25 11:00:00,2.6,2.6,2.6,2.6,10000,GPC,"At 2025-09-25 11:00:00, the stock GPC opened at 2.60 VND, reached a high of 2.60 VND, a low of 2.60 VND, and closed the hour at 2.60 VND with a trading volume of 10,000 shares."
2025-09-25 13:00:00,2.6,2.6,2.6,2.6,12000,GPC,"At 2025-09-25 13:00:00, the stock GPC opened at 2.60 VND, reached a high of 2.60 VND, a low of 2.60 VND, and closed the hour at 2.60 VND with a trading volume of 12,000 shares."
2025-09-25 14:00:00,2.6,2.6,2.6,2.6,34600,GPC,"At 2025-09-25 14:00:00, the stock GPC opened at 2.60 VND, reached a high of 2.60 VND, a low of 2.60 VND, and closed the hour at 2.60 VND with a trading volume of 34,600 shares."
2025-09-26 09:00:00,2.6,2.6,2.6,2.6,16200,GPC,"At 2025-09-26 09:00:00, the stock GPC opened at 2.60 VND, reached a high of 2.60 VND, a low of 2.60 VND, and closed the hour at 2.60 VND with a trading volume of 16,200 shares."
2025-09-26 13:00:00,2.6,2.7,2.6,2.6,10400,GPC,"At 2025-09-26 13:00:00, the stock GPC opened at 2.60 VND, reached a high of 2.70 VND, a low of 2.60 VND, and closed the hour at 2.60 VND with a trading volume of 10,400 shares."
2025-09-26 14:00:00,2.6,2.6,2.6,2.6,5000,GPC,"At 2025-09-26 14:00:00, the stock GPC opened at 2.60 VND, reached a high of 2.60 VND, a low of 2.60 VND, and closed the hour at 2.60 VND with a trading volume of 5,000 shares."
2025-09-29 09:00:00,2.7,2.7,2.7,2.7,4100,GPC,"At 2025-09-29 09:00:00, the stock GPC opened at 2.70 VND, reached a high of 2.70 VND, a low of 2.70 VND, and closed the hour at 2.70 VND with a trading volume of 4,100 shares."
2025-09-29 10:00:00,2.7,2.7,2.7,2.7,4000,GPC,"At 2025-09-29 10:00:00, the stock GPC opened at 2.70 VND, reached a high of 2.70 VND, a low of 2.70 VND, and closed the hour at 2.70 VND with a trading volume of 4,000 shares."
2025-09-29 13:00:00,2.7,2.7,2.6,2.6,1700,GPC,"At 2025-09-29 13:00:00, the stock GPC opened at 2.70 VND, reached a high of 2.70 VND, a low of 2.60 VND, and closed the hour at 2.60 VND with a trading volume of 1,700 shares."
2025-09-29 14:00:00,2.6,2.6,2.6,2.6,3700,GPC,"At 2025-09-29 14:00:00, the stock GPC opened at 2.60 VND, reached a high of 2.60 VND, a low of 2.60 VND, and closed the hour at 2.60 VND with a trading volume of 3,700 shares."
2025-09-30 10:00:00,2.6,2.7,2.6,2.7,11400,GPC,"At 2025-09-30 10:00:00, the stock GPC opened at 2.60 VND, reached a high of 2.70 VND, a low of 2.60 VND, and closed the hour at 2.70 VND with a trading volume of 11,400 shares."
2025-09-30 11:00:00,2.7,2.7,2.7,2.7,200,GPC,"At 2025-09-30 11:00:00, the stock GPC opened at 2.70 VND, reached a high of 2.70 VND, a low of 2.70 VND, and closed the hour at 2.70 VND with a trading volume of 200 shares."
2025-09-30 13:00:00,2.6,2.6,2.6,2.6,10200,GPC,"At 2025-09-30 13:00:00, the stock GPC opened at 2.60 VND, reached a high of 2.60 VND, a low of 2.60 VND, and closed the hour at 2.60 VND with a trading volume of 10,200 shares."
2025-09-30 14:00:00,2.6,2.7,2.6,2.7,400,GPC,"At 2025-09-30 14:00:00, the stock GPC opened at 2.60 VND, reached a high of 2.70 VND, a low of 2.60 VND, and closed the hour at 2.70 VND with a trading volume of 400 shares."
2025-10-01 09:00:00,2.7,2.7,2.7,2.7,100,GPC,"At 2025-10-01 09:00:00, the stock GPC opened at 2.70 VND, reached a high of 2.70 VND, a low of 2.70 VND, and closed the hour at 2.70 VND with a trading volume of 100 shares."
2025-10-01 11:00:00,2.7,2.7,2.7,2.7,200,GPC,"At 2025-10-01 11:00:00, the stock GPC opened at 2.70 VND, reached a high of 2.70 VND, a low of 2.70 VND, and closed the hour at 2.70 VND with a trading volume of 200 shares."
2025-10-01 13:00:00,2.6,2.6,2.6,2.6,3000,GPC,"At 2025-10-01 13:00:00, the stock GPC opened at 2.60 VND, reached a high of 2.60 VND, a low of 2.60 VND, and closed the hour at 2.60 VND with a trading volume of 3,000 shares."
2025-10-01 14:00:00,2.6,2.6,2.6,2.6,21400,GPC,"At 2025-10-01 14:00:00, the stock GPC opened at 2.60 VND, reached a high of 2.60 VND, a low of 2.60 VND, and closed the hour at 2.60 VND with a trading volume of 21,400 shares."
2025-10-02 09:00:00,2.7,2.7,2.6,2.6,600,GPC,"At 2025-10-02 09:00:00, the stock GPC opened at 2.70 VND, reached a high of 2.70 VND, a low of 2.60 VND, and closed the hour at 2.60 VND with a trading volume of 600 shares."
2025-10-02 10:00:00,2.6,2.7,2.6,2.7,2100,GPC,"At 2025-10-02 10:00:00, the stock GPC opened at 2.60 VND, reached a high of 2.70 VND, a low of 2.60 VND, and closed the hour at 2.70 VND with a trading volume of 2,100 shares."
2025-10-02 14:00:00,2.6,2.6,2.6,2.6,2700,GPC,"At 2025-10-02 14:00:00, the stock GPC opened at 2.60 VND, reached a high of 2.60 VND, a low of 2.60 VND, and closed the hour at 2.60 VND with a trading volume of 2,700 shares."
2025-10-03 09:00:00,2.7,2.7,2.6,2.6,5300,GPC,"At 2025-10-03 09:00:00, the stock GPC opened at 2.70 VND, reached a high of 2.70 VND, a low of 2.60 VND, and closed the hour at 2.60 VND with a trading volume of 5,300 shares."
2025-10-03 10:00:00,2.6,2.6,2.6,2.6,9300,GPC,"At 2025-10-03 10:00:00, the stock GPC opened at 2.60 VND, reached a high of 2.60 VND, a low of 2.60 VND, and closed the hour at 2.60 VND with a trading volume of 9,300 shares."
2025-10-03 11:00:00,2.6,2.6,2.6,2.6,400,GPC,"At 2025-10-03 11:00:00, the stock GPC opened at 2.60 VND, reached a high of 2.60 VND, a low of 2.60 VND, and closed the hour at 2.60 VND with a trading volume of 400 shares."
2025-10-03 13:00:00,2.6,2.6,2.6,2.6,13600,GPC,"At 2025-10-03 13:00:00, the stock GPC opened at 2.60 VND, reached a high of 2.60 VND, a low of 2.60 VND, and closed the hour at 2.60 VND with a trading volume of 13,600 shares."
2025-10-03 14:00:00,2.6,2.6,2.6,2.6,100,GPC,"At 2025-10-03 14:00:00, the stock GPC opened at 2.60 VND, reached a high of 2.60 VND, a low of 2.60 VND, and closed the hour at 2.60 VND with a trading volume of 100 shares."
2025-10-06 09:00:00,2.7,2.7,2.7,2.7,100,GPC,"At 2025-10-06 09:00:00, the stock GPC opened at 2.70 VND, reached a high of 2.70 VND, a low of 2.70 VND, and closed the hour at 2.70 VND with a trading volume of 100 shares."
2025-10-06 10:00:00,2.6,2.6,2.6,2.6,300,GPC,"At 2025-10-06 10:00:00, the stock GPC opened at 2.60 VND, reached a high of 2.60 VND, a low of 2.60 VND, and closed the hour at 2.60 VND with a trading volume of 300 shares."
2025-10-06 13:00:00,2.7,2.7,2.6,2.6,6200,GPC,"At 2025-10-06 13:00:00, the stock GPC opened at 2.70 VND, reached a high of 2.70 VND, a low of 2.60 VND, and closed the hour at 2.60 VND with a trading volume of 6,200 shares."
2025-10-06 14:00:00,2.7,2.7,2.7,2.7,12000,GPC,"At 2025-10-06 14:00:00, the stock GPC opened at 2.70 VND, reached a high of 2.70 VND, a low of 2.70 VND, and closed the hour at 2.70 VND with a trading volume of 12,000 shares."
2025-10-07 10:00:00,2.7,2.7,2.7,2.7,100,GPC,"At 2025-10-07 10:00:00, the stock GPC opened at 2.70 VND, reached a high of 2.70 VND, a low of 2.70 VND, and closed the hour at 2.70 VND with a trading volume of 100 shares."
2025-10-07 13:00:00,2.6,2.6,2.6,2.6,1400,GPC,"At 2025-10-07 13:00:00, the stock GPC opened at 2.60 VND, reached a high of 2.60 VND, a low of 2.60 VND, and closed the hour at 2.60 VND with a trading volume of 1,400 shares."
2025-10-08 09:00:00,2.7,2.7,2.7,2.7,100,GPC,"At 2025-10-08 09:00:00, the stock GPC opened at 2.70 VND, reached a high of 2.70 VND, a low of 2.70 VND, and closed the hour at 2.70 VND with a trading volume of 100 shares."
2025-10-08 11:00:00,2.6,2.6,2.6,2.6,14600,GPC,"At 2025-10-08 11:00:00, the stock GPC opened at 2.60 VND, reached a high of 2.60 VND, a low of 2.60 VND, and closed the hour at 2.60 VND with a trading volume of 14,600 shares."
2025-10-08 13:00:00,2.6,2.6,2.6,2.6,400,GPC,"At 2025-10-08 13:00:00, the stock GPC opened at 2.60 VND, reached a high of 2.60 VND, a low of 2.60 VND, and closed the hour at 2.60 VND with a trading volume of 400 shares."
2025-10-09 09:00:00,2.7,2.7,2.7,2.7,100,GPC,"At 2025-10-09 09:00:00, the stock GPC opened at 2.70 VND, reached a high of 2.70 VND, a low of 2.70 VND, and closed the hour at 2.70 VND with a trading volume of 100 shares."
2025-10-09 10:00:00,2.6,2.6,2.6,2.6,6300,GPC,"At 2025-10-09 10:00:00, the stock GPC opened at 2.60 VND, reached a high of 2.60 VND, a low of 2.60 VND, and closed the hour at 2.60 VND with a trading volume of 6,300 shares."
2025-10-09 11:00:00,2.6,2.6,2.6,2.6,300,GPC,"At 2025-10-09 11:00:00, the stock GPC opened at 2.60 VND, reached a high of 2.60 VND, a low of 2.60 VND, and closed the hour at 2.60 VND with a trading volume of 300 shares."
2025-10-09 13:00:00,2.7,2.7,2.7,2.7,100,GPC,"At 2025-10-09 13:00:00, the stock GPC opened at 2.70 VND, reached a high of 2.70 VND, a low of 2.70 VND, and closed the hour at 2.70 VND with a trading volume of 100 shares."
2025-10-09 14:00:00,2.6,2.6,2.5,2.6,6300,GPC,"At 2025-10-09 14:00:00, the stock GPC opened at 2.60 VND, reached a high of 2.60 VND, a low of 2.50 VND, and closed the hour at 2.60 VND with a trading volume of 6,300 shares."
2025-10-10 09:00:00,2.6,2.7,2.6,2.7,1100,GPC,"At 2025-10-10 09:00:00, the stock GPC opened at 2.60 VND, reached a high of 2.70 VND, a low of 2.60 VND, and closed the hour at 2.70 VND with a trading volume of 1,100 shares."
2025-10-10 13:00:00,2.6,2.6,2.5,2.5,15500,GPC,"At 2025-10-10 13:00:00, the stock GPC opened at 2.60 VND, reached a high of 2.60 VND, a low of 2.50 VND, and closed the hour at 2.50 VND with a trading volume of 15,500 shares."
2025-10-10 14:00:00,2.6,2.6,2.5,2.6,34700,GPC,"At 2025-10-10 14:00:00, the stock GPC opened at 2.60 VND, reached a high of 2.60 VND, a low of 2.50 VND, and closed the hour at 2.60 VND with a trading volume of 34,700 shares."
2025-10-13 09:00:00,2.6,2.6,2.5,2.5,4800,GPC,"At 2025-10-13 09:00:00, the stock GPC opened at 2.60 VND, reached a high of 2.60 VND, a low of 2.50 VND, and closed the hour at 2.50 VND with a trading volume of 4,800 shares."
2025-10-13 10:00:00,2.5,2.5,2.5,2.5,10000,GPC,"At 2025-10-13 10:00:00, the stock GPC opened at 2.50 VND, reached a high of 2.50 VND, a low of 2.50 VND, and closed the hour at 2.50 VND with a trading volume of 10,000 shares."
2025-10-13 13:00:00,2.6,2.6,2.5,2.5,43800,GPC,"At 2025-10-13 13:00:00, the stock GPC opened at 2.60 VND, reached a high of 2.60 VND, a low of 2.50 VND, and closed the hour at 2.50 VND with a trading volume of 43,800 shares."
2025-10-13 14:00:00,2.5,2.5,2.5,2.5,11900,GPC,"At 2025-10-13 14:00:00, the stock GPC opened at 2.50 VND, reached a high of 2.50 VND, a low of 2.50 VND, and closed the hour at 2.50 VND with a trading volume of 11,900 shares."
2025-10-14 09:00:00,2.6,2.6,2.5,2.5,9800,GPC,"At 2025-10-14 09:00:00, the stock GPC opened at 2.60 VND, reached a high of 2.60 VND, a low of 2.50 VND, and closed the hour at 2.50 VND with a trading volume of 9,800 shares."
2025-10-14 10:00:00,2.5,2.5,2.5,2.5,2000,GPC,"At 2025-10-14 10:00:00, the stock GPC opened at 2.50 VND, reached a high of 2.50 VND, a low of 2.50 VND, and closed the hour at 2.50 VND with a trading volume of 2,000 shares."
2025-10-14 11:00:00,2.6,2.6,2.6,2.6,4000,GPC,"At 2025-10-14 11:00:00, the stock GPC opened at 2.60 VND, reached a high of 2.60 VND, a low of 2.60 VND, and closed the hour at 2.60 VND with a trading volume of 4,000 shares."
2025-10-14 13:00:00,2.6,2.6,2.5,2.5,1700,GPC,"At 2025-10-14 13:00:00, the stock GPC opened at 2.60 VND, reached a high of 2.60 VND, a low of 2.50 VND, and closed the hour at 2.50 VND with a trading volume of 1,700 shares."
2025-10-14 14:00:00,2.6,2.6,2.5,2.5,200,GPC,"At 2025-10-14 14:00:00, the stock GPC opened at 2.60 VND, reached a high of 2.60 VND, a low of 2.50 VND, and closed the hour at 2.50 VND with a trading volume of 200 shares."
2025-10-15 09:00:00,2.6,2.6,2.6,2.6,1100,GPC,"At 2025-10-15 09:00:00, the stock GPC opened at 2.60 VND, reached a high of 2.60 VND, a low of 2.60 VND, and closed the hour at 2.60 VND with a trading volume of 1,100 shares."
2025-10-15 13:00:00,2.5,2.5,2.5,2.5,6100,GPC,"At 2025-10-15 13:00:00, the stock GPC opened at 2.50 VND, reached a high of 2.50 VND, a low of 2.50 VND, and closed the hour at 2.50 VND with a trading volume of 6,100 shares."
2025-10-15 14:00:00,2.5,2.5,2.5,2.5,8000,GPC,"At 2025-10-15 14:00:00, the stock GPC opened at 2.50 VND, reached a high of 2.50 VND, a low of 2.50 VND, and closed the hour at 2.50 VND with a trading volume of 8,000 shares."
2025-10-16 09:00:00,2.5,2.5,2.5,2.5,2100,GPC,"At 2025-10-16 09:00:00, the stock GPC opened at 2.50 VND, reached a high of 2.50 VND, a low of 2.50 VND, and closed the hour at 2.50 VND with a trading volume of 2,100 shares."
2025-10-16 10:00:00,2.5,2.5,2.5,2.5,2500,GPC,"At 2025-10-16 10:00:00, the stock GPC opened at 2.50 VND, reached a high of 2.50 VND, a low of 2.50 VND, and closed the hour at 2.50 VND with a trading volume of 2,500 shares."
2025-10-16 11:00:00,2.5,2.5,2.5,2.5,16600,GPC,"At 2025-10-16 11:00:00, the stock GPC opened at 2.50 VND, reached a high of 2.50 VND, a low of 2.50 VND, and closed the hour at 2.50 VND with a trading volume of 16,600 shares."
2025-10-16 13:00:00,2.5,2.5,2.5,2.5,3700,GPC,"At 2025-10-16 13:00:00, the stock GPC opened at 2.50 VND, reached a high of 2.50 VND, a low of 2.50 VND, and closed the hour at 2.50 VND with a trading volume of 3,700 shares."
2025-10-16 14:00:00,2.5,2.5,2.5,2.5,13100,GPC,"At 2025-10-16 14:00:00, the stock GPC opened at 2.50 VND, reached a high of 2.50 VND, a low of 2.50 VND, and closed the hour at 2.50 VND with a trading volume of 13,100 shares."
2025-10-17 09:00:00,2.5,2.5,2.5,2.5,3400,GPC,"At 2025-10-17 09:00:00, the stock GPC opened at 2.50 VND, reached a high of 2.50 VND, a low of 2.50 VND, and closed the hour at 2.50 VND with a trading volume of 3,400 shares."
2025-10-17 10:00:00,2.5,2.5,2.5,2.5,1400,GPC,"At 2025-10-17 10:00:00, the stock GPC opened at 2.50 VND, reached a high of 2.50 VND, a low of 2.50 VND, and closed the hour at 2.50 VND with a trading volume of 1,400 shares."
2025-10-17 13:00:00,2.5,2.6,2.5,2.5,10100,GPC,"At 2025-10-17 13:00:00, the stock GPC opened at 2.50 VND, reached a high of 2.60 VND, a low of 2.50 VND, and closed the hour at 2.50 VND with a trading volume of 10,100 shares."
2025-10-17 14:00:00,2.5,2.6,2.5,2.6,5300,GPC,"At 2025-10-17 14:00:00, the stock GPC opened at 2.50 VND, reached a high of 2.60 VND, a low of 2.50 VND, and closed the hour at 2.60 VND with a trading volume of 5,300 shares."
2025-10-20 09:00:00,2.6,2.6,2.5,2.5,5600,GPC,"At 2025-10-20 09:00:00, the stock GPC opened at 2.60 VND, reached a high of 2.60 VND, a low of 2.50 VND, and closed the hour at 2.50 VND with a trading volume of 5,600 shares."
2025-10-20 10:00:00,2.5,2.6,2.5,2.6,200,GPC,"At 2025-10-20 10:00:00, the stock GPC opened at 2.50 VND, reached a high of 2.60 VND, a low of 2.50 VND, and closed the hour at 2.60 VND with a trading volume of 200 shares."
2025-10-20 14:00:00,2.5,2.5,2.4,2.5,34800,GPC,"At 2025-10-20 14:00:00, the stock GPC opened at 2.50 VND, reached a high of 2.50 VND, a low of 2.40 VND, and closed the hour at 2.50 VND with a trading volume of 34,800 shares."
2025-10-21 09:00:00,2.5,2.5,2.4,2.4,3400,GPC,"At 2025-10-21 09:00:00, the stock GPC opened at 2.50 VND, reached a high of 2.50 VND, a low of 2.40 VND, and closed the hour at 2.40 VND with a trading volume of 3,400 shares."
2025-10-21 10:00:00,2.4,2.4,2.4,2.4,14500,GPC,"At 2025-10-21 10:00:00, the stock GPC opened at 2.40 VND, reached a high of 2.40 VND, a low of 2.40 VND, and closed the hour at 2.40 VND with a trading volume of 14,500 shares."
2025-10-21 13:00:00,2.4,2.5,2.4,2.4,20500,GPC,"At 2025-10-21 13:00:00, the stock GPC opened at 2.40 VND, reached a high of 2.50 VND, a low of 2.40 VND, and closed the hour at 2.40 VND with a trading volume of 20,500 shares."
2025-10-22 09:00:00,2.4,2.4,2.4,2.4,500,GPC,"At 2025-10-22 09:00:00, the stock GPC opened at 2.40 VND, reached a high of 2.40 VND, a low of 2.40 VND, and closed the hour at 2.40 VND with a trading volume of 500 shares."
2025-10-22 10:00:00,2.5,2.5,2.5,2.5,100,GPC,"At 2025-10-22 10:00:00, the stock GPC opened at 2.50 VND, reached a high of 2.50 VND, a low of 2.50 VND, and closed the hour at 2.50 VND with a trading volume of 100 shares."
2025-10-22 11:00:00,2.5,2.5,2.5,2.5,400,GPC,"At 2025-10-22 11:00:00, the stock GPC opened at 2.50 VND, reached a high of 2.50 VND, a low of 2.50 VND, and closed the hour at 2.50 VND with a trading volume of 400 shares."
2025-10-22 13:00:00,2.5,2.5,2.5,2.5,100,GPC,"At 2025-10-22 13:00:00, the stock GPC opened at 2.50 VND, reached a high of 2.50 VND, a low of 2.50 VND, and closed the hour at 2.50 VND with a trading volume of 100 shares."
2025-10-22 14:00:00,2.5,2.5,2.5,2.5,10000,GPC,"At 2025-10-22 14:00:00, the stock GPC opened at 2.50 VND, reached a high of 2.50 VND, a low of 2.50 VND, and closed the hour at 2.50 VND with a trading volume of 10,000 shares."
2025-10-23 09:00:00,2.5,2.5,2.5,2.5,10400,GPC,"At 2025-10-23 09:00:00, the stock GPC opened at 2.50 VND, reached a high of 2.50 VND, a low of 2.50 VND, and closed the hour at 2.50 VND with a trading volume of 10,400 shares."
2025-10-23 10:00:00,2.5,2.5,2.5,2.5,29300,GPC,"At 2025-10-23 10:00:00, the stock GPC opened at 2.50 VND, reached a high of 2.50 VND, a low of 2.50 VND, and closed the hour at 2.50 VND with a trading volume of 29,300 shares."
2025-10-23 13:00:00,2.5,2.5,2.5,2.5,14100,GPC,"At 2025-10-23 13:00:00, the stock GPC opened at 2.50 VND, reached a high of 2.50 VND, a low of 2.50 VND, and closed the hour at 2.50 VND with a trading volume of 14,100 shares."
2025-10-23 14:00:00,2.5,2.5,2.5,2.5,14500,GPC,"At 2025-10-23 14:00:00, the stock GPC opened at 2.50 VND, reached a high of 2.50 VND, a low of 2.50 VND, and closed the hour at 2.50 VND with a trading volume of 14,500 shares."
2025-10-24 09:00:00,2.6,2.6,2.5,2.6,700,GPC,"At 2025-10-24 09:00:00, the stock GPC opened at 2.60 VND, reached a high of 2.60 VND, a low of 2.50 VND, and closed the hour at 2.60 VND with a trading volume of 700 shares."
2025-10-24 10:00:00,2.5,2.5,2.5,2.5,1900,GPC,"At 2025-10-24 10:00:00, the stock GPC opened at 2.50 VND, reached a high of 2.50 VND, a low of 2.50 VND, and closed the hour at 2.50 VND with a trading volume of 1,900 shares."
2025-10-24 11:00:00,2.5,2.5,2.5,2.5,2400,GPC,"At 2025-10-24 11:00:00, the stock GPC opened at 2.50 VND, reached a high of 2.50 VND, a low of 2.50 VND, and closed the hour at 2.50 VND with a trading volume of 2,400 shares."
2025-10-24 13:00:00,2.5,2.5,2.5,2.5,2100,GPC,"At 2025-10-24 13:00:00, the stock GPC opened at 2.50 VND, reached a high of 2.50 VND, a low of 2.50 VND, and closed the hour at 2.50 VND with a trading volume of 2,100 shares."
2025-10-24 14:00:00,2.5,2.5,2.5,2.5,11000,GPC,"At 2025-10-24 14:00:00, the stock GPC opened at 2.50 VND, reached a high of 2.50 VND, a low of 2.50 VND, and closed the hour at 2.50 VND with a trading volume of 11,000 shares."
2025-10-27 09:00:00,2.6,2.6,2.5,2.5,3200,GPC,"At 2025-10-27 09:00:00, the stock GPC opened at 2.60 VND, reached a high of 2.60 VND, a low of 2.50 VND, and closed the hour at 2.50 VND with a trading volume of 3,200 shares."
2025-10-27 10:00:00,2.5,2.5,2.5,2.5,2100,GPC,"At 2025-10-27 10:00:00, the stock GPC opened at 2.50 VND, reached a high of 2.50 VND, a low of 2.50 VND, and closed the hour at 2.50 VND with a trading volume of 2,100 shares."
2025-10-27 13:00:00,2.5,2.5,2.5,2.5,600,GPC,"At 2025-10-27 13:00:00, the stock GPC opened at 2.50 VND, reached a high of 2.50 VND, a low of 2.50 VND, and closed the hour at 2.50 VND with a trading volume of 600 shares."
2025-10-27 14:00:00,2.5,2.5,2.5,2.5,1000,GPC,"At 2025-10-27 14:00:00, the stock GPC opened at 2.50 VND, reached a high of 2.50 VND, a low of 2.50 VND, and closed the hour at 2.50 VND with a trading volume of 1,000 shares."
2025-10-28 09:00:00,2.5,2.6,2.5,2.5,5900,GPC,"At 2025-10-28 09:00:00, the stock GPC opened at 2.50 VND, reached a high of 2.60 VND, a low of 2.50 VND, and closed the hour at 2.50 VND with a trading volume of 5,900 shares."
2025-10-28 10:00:00,2.5,2.5,2.5,2.5,23500,GPC,"At 2025-10-28 10:00:00, the stock GPC opened at 2.50 VND, reached a high of 2.50 VND, a low of 2.50 VND, and closed the hour at 2.50 VND with a trading volume of 23,500 shares."
2025-10-28 11:00:00,2.5,2.5,2.5,2.5,10900,GPC,"At 2025-10-28 11:00:00, the stock GPC opened at 2.50 VND, reached a high of 2.50 VND, a low of 2.50 VND, and closed the hour at 2.50 VND with a trading volume of 10,900 shares."
2025-10-28 13:00:00,2.5,2.5,2.5,2.5,10600,GPC,"At 2025-10-28 13:00:00, the stock GPC opened at 2.50 VND, reached a high of 2.50 VND, a low of 2.50 VND, and closed the hour at 2.50 VND with a trading volume of 10,600 shares."
2025-10-28 14:00:00,2.6,2.6,2.6,2.6,100,GPC,"At 2025-10-28 14:00:00, the stock GPC opened at 2.60 VND, reached a high of 2.60 VND, a low of 2.60 VND, and closed the hour at 2.60 VND with a trading volume of 100 shares."
2025-10-29 09:00:00,2.6,2.6,2.6,2.6,10100,GPC,"At 2025-10-29 09:00:00, the stock GPC opened at 2.60 VND, reached a high of 2.60 VND, a low of 2.60 VND, and closed the hour at 2.60 VND with a trading volume of 10,100 shares."
2025-10-29 10:00:00,2.5,2.6,2.5,2.5,11300,GPC,"At 2025-10-29 10:00:00, the stock GPC opened at 2.50 VND, reached a high of 2.60 VND, a low of 2.50 VND, and closed the hour at 2.50 VND with a trading volume of 11,300 shares."
2025-10-29 11:00:00,2.5,2.5,2.5,2.5,6000,GPC,"At 2025-10-29 11:00:00, the stock GPC opened at 2.50 VND, reached a high of 2.50 VND, a low of 2.50 VND, and closed the hour at 2.50 VND with a trading volume of 6,000 shares."
2025-10-29 14:00:00,2.5,2.5,2.5,2.5,19700,GPC,"At 2025-10-29 14:00:00, the stock GPC opened at 2.50 VND, reached a high of 2.50 VND, a low of 2.50 VND, and closed the hour at 2.50 VND with a trading volume of 19,700 shares."
2025-10-30 09:00:00,2.5,2.5,2.4,2.4,196000,GPC,"At 2025-10-30 09:00:00, the stock GPC opened at 2.50 VND, reached a high of 2.50 VND, a low of 2.40 VND, and closed the hour at 2.40 VND with a trading volume of 196,000 shares."
2025-10-30 10:00:00,2.4,2.4,2.4,2.4,72700,GPC,"At 2025-10-30 10:00:00, the stock GPC opened at 2.40 VND, reached a high of 2.40 VND, a low of 2.40 VND, and closed the hour at 2.40 VND with a trading volume of 72,700 shares."
2025-10-30 13:00:00,2.4,2.5,2.4,2.4,3300,GPC,"At 2025-10-30 13:00:00, the stock GPC opened at 2.40 VND, reached a high of 2.50 VND, a low of 2.40 VND, and closed the hour at 2.40 VND with a trading volume of 3,300 shares."
2025-10-30 14:00:00,2.4,2.5,2.4,2.4,29100,GPC,"At 2025-10-30 14:00:00, the stock GPC opened at 2.40 VND, reached a high of 2.50 VND, a low of 2.40 VND, and closed the hour at 2.40 VND with a trading volume of 29,100 shares."
2025-10-31 09:00:00,2.4,2.4,2.2,2.3,255700,GPC,"At 2025-10-31 09:00:00, the stock GPC opened at 2.40 VND, reached a high of 2.40 VND, a low of 2.20 VND, and closed the hour at 2.30 VND with a trading volume of 255,700 shares."
2025-10-31 10:00:00,2.3,2.3,2.3,2.3,11000,GPC,"At 2025-10-31 10:00:00, the stock GPC opened at 2.30 VND, reached a high of 2.30 VND, a low of 2.30 VND, and closed the hour at 2.30 VND with a trading volume of 11,000 shares."
2025-10-31 11:00:00,2.3,2.3,2.3,2.3,7400,GPC,"At 2025-10-31 11:00:00, the stock GPC opened at 2.30 VND, reached a high of 2.30 VND, a low of 2.30 VND, and closed the hour at 2.30 VND with a trading volume of 7,400 shares."
2025-10-31 13:00:00,2.3,2.3,2.3,2.3,44400,GPC,"At 2025-10-31 13:00:00, the stock GPC opened at 2.30 VND, reached a high of 2.30 VND, a low of 2.30 VND, and closed the hour at 2.30 VND with a trading volume of 44,400 shares."
2025-10-31 14:00:00,2.3,2.3,2.2,2.3,18000,GPC,"At 2025-10-31 14:00:00, the stock GPC opened at 2.30 VND, reached a high of 2.30 VND, a low of 2.20 VND, and closed the hour at 2.30 VND with a trading volume of 18,000 shares."
2025-11-03 09:00:00,2.3,2.3,2.3,2.3,900,GPC,"At 2025-11-03 09:00:00, the stock GPC opened at 2.30 VND, reached a high of 2.30 VND, a low of 2.30 VND, and closed the hour at 2.30 VND with a trading volume of 900 shares."
2025-11-03 10:00:00,2.3,2.3,2.3,2.3,1200,GPC,"At 2025-11-03 10:00:00, the stock GPC opened at 2.30 VND, reached a high of 2.30 VND, a low of 2.30 VND, and closed the hour at 2.30 VND with a trading volume of 1,200 shares."
2025-11-03 11:00:00,2.3,2.3,2.3,2.3,1000,GPC,"At 2025-11-03 11:00:00, the stock GPC opened at 2.30 VND, reached a high of 2.30 VND, a low of 2.30 VND, and closed the hour at 2.30 VND with a trading volume of 1,000 shares."
2025-11-03 13:00:00,2.3,2.3,2.3,2.3,1800,GPC,"At 2025-11-03 13:00:00, the stock GPC opened at 2.30 VND, reached a high of 2.30 VND, a low of 2.30 VND, and closed the hour at 2.30 VND with a trading volume of 1,800 shares."
2025-11-03 14:00:00,2.3,2.3,2.2,2.3,10600,GPC,"At 2025-11-03 14:00:00, the stock GPC opened at 2.30 VND, reached a high of 2.30 VND, a low of 2.20 VND, and closed the hour at 2.30 VND with a trading volume of 10,600 shares."
2025-11-04 09:00:00,2.3,2.3,2.2,2.2,3700,GPC,"At 2025-11-04 09:00:00, the stock GPC opened at 2.30 VND, reached a high of 2.30 VND, a low of 2.20 VND, and closed the hour at 2.20 VND with a trading volume of 3,700 shares."
2025-11-04 10:00:00,2.3,2.3,2.3,2.3,100,GPC,"At 2025-11-04 10:00:00, the stock GPC opened at 2.30 VND, reached a high of 2.30 VND, a low of 2.30 VND, and closed the hour at 2.30 VND with a trading volume of 100 shares."
2025-11-04 11:00:00,2.2,2.2,2.2,2.2,3000,GPC,"At 2025-11-04 11:00:00, the stock GPC opened at 2.20 VND, reached a high of 2.20 VND, a low of 2.20 VND, and closed the hour at 2.20 VND with a trading volume of 3,000 shares."
2025-11-04 13:00:00,2.3,2.4,2.3,2.4,152300,GPC,"At 2025-11-04 13:00:00, the stock GPC opened at 2.30 VND, reached a high of 2.40 VND, a low of 2.30 VND, and closed the hour at 2.40 VND with a trading volume of 152,300 shares."
2025-11-04 14:00:00,2.4,2.5,2.4,2.4,81400,GPC,"At 2025-11-04 14:00:00, the stock GPC opened at 2.40 VND, reached a high of 2.50 VND, a low of 2.40 VND, and closed the hour at 2.40 VND with a trading volume of 81,400 shares."
2025-11-05 09:00:00,2.5,2.5,2.4,2.4,600,GPC,"At 2025-11-05 09:00:00, the stock GPC opened at 2.50 VND, reached a high of 2.50 VND, a low of 2.40 VND, and closed the hour at 2.40 VND with a trading volume of 600 shares."
2025-11-05 13:00:00,2.4,2.4,2.3,2.3,2300,GPC,"At 2025-11-05 13:00:00, the stock GPC opened at 2.40 VND, reached a high of 2.40 VND, a low of 2.30 VND, and closed the hour at 2.30 VND with a trading volume of 2,300 shares."
2025-11-05 14:00:00,2.4,2.4,2.4,2.4,100,GPC,"At 2025-11-05 14:00:00, the stock GPC opened at 2.40 VND, reached a high of 2.40 VND, a low of 2.40 VND, and closed the hour at 2.40 VND with a trading volume of 100 shares."
2025-11-06 09:00:00,2.4,2.4,2.4,2.4,500,GPC,"At 2025-11-06 09:00:00, the stock GPC opened at 2.40 VND, reached a high of 2.40 VND, a low of 2.40 VND, and closed the hour at 2.40 VND with a trading volume of 500 shares."
2025-11-06 13:00:00,2.3,2.4,2.3,2.4,5100,GPC,"At 2025-11-06 13:00:00, the stock GPC opened at 2.30 VND, reached a high of 2.40 VND, a low of 2.30 VND, and closed the hour at 2.40 VND with a trading volume of 5,100 shares."
2025-11-06 14:00:00,2.4,2.4,2.4,2.4,7500,GPC,"At 2025-11-06 14:00:00, the stock GPC opened at 2.40 VND, reached a high of 2.40 VND, a low of 2.40 VND, and closed the hour at 2.40 VND with a trading volume of 7,500 shares."
2025-11-07 09:00:00,2.3,2.3,2.3,2.3,43900,GPC,"At 2025-11-07 09:00:00, the stock GPC opened at 2.30 VND, reached a high of 2.30 VND, a low of 2.30 VND, and closed the hour at 2.30 VND with a trading volume of 43,900 shares."
2025-11-07 10:00:00,2.3,2.4,2.3,2.4,48400,GPC,"At 2025-11-07 10:00:00, the stock GPC opened at 2.30 VND, reached a high of 2.40 VND, a low of 2.30 VND, and closed the hour at 2.40 VND with a trading volume of 48,400 shares."
2025-11-07 13:00:00,2.4,2.4,2.3,2.3,2700,GPC,"At 2025-11-07 13:00:00, the stock GPC opened at 2.40 VND, reached a high of 2.40 VND, a low of 2.30 VND, and closed the hour at 2.30 VND with a trading volume of 2,700 shares."
2025-11-07 14:00:00,2.3,2.5,2.3,2.4,112800,GPC,"At 2025-11-07 14:00:00, the stock GPC opened at 2.30 VND, reached a high of 2.50 VND, a low of 2.30 VND, and closed the hour at 2.40 VND with a trading volume of 112,800 shares."
2025-11-10 09:00:00,2.4,2.4,2.4,2.4,11400,GPC,"At 2025-11-10 09:00:00, the stock GPC opened at 2.40 VND, reached a high of 2.40 VND, a low of 2.40 VND, and closed the hour at 2.40 VND with a trading volume of 11,400 shares."
2025-11-10 11:00:00,2.4,2.4,2.4,2.4,11400,GPC,"At 2025-11-10 11:00:00, the stock GPC opened at 2.40 VND, reached a high of 2.40 VND, a low of 2.40 VND, and closed the hour at 2.40 VND with a trading volume of 11,400 shares."
2025-11-10 13:00:00,2.3,2.4,2.3,2.4,6500,GPC,"At 2025-11-10 13:00:00, the stock GPC opened at 2.30 VND, reached a high of 2.40 VND, a low of 2.30 VND, and closed the hour at 2.40 VND with a trading volume of 6,500 shares."
2025-11-11 09:00:00,2.4,2.4,2.4,2.4,600,GPC,"At 2025-11-11 09:00:00, the stock GPC opened at 2.40 VND, reached a high of 2.40 VND, a low of 2.40 VND, and closed the hour at 2.40 VND with a trading volume of 600 shares."
2025-11-11 10:00:00,2.4,2.4,2.4,2.4,7100,GPC,"At 2025-11-11 10:00:00, the stock GPC opened at 2.40 VND, reached a high of 2.40 VND, a low of 2.40 VND, and closed the hour at 2.40 VND with a trading volume of 7,100 shares."
2025-11-11 11:00:00,2.3,2.3,2.3,2.3,700,GPC,"At 2025-11-11 11:00:00, the stock GPC opened at 2.30 VND, reached a high of 2.30 VND, a low of 2.30 VND, and closed the hour at 2.30 VND with a trading volume of 700 shares."
2025-11-11 13:00:00,2.4,2.4,2.4,2.4,5100,GPC,"At 2025-11-11 13:00:00, the stock GPC opened at 2.40 VND, reached a high of 2.40 VND, a low of 2.40 VND, and closed the hour at 2.40 VND with a trading volume of 5,100 shares."
2025-11-12 09:00:00,2.4,2.4,2.4,2.4,6100,GPC,"At 2025-11-12 09:00:00, the stock GPC opened at 2.40 VND, reached a high of 2.40 VND, a low of 2.40 VND, and closed the hour at 2.40 VND with a trading volume of 6,100 shares."
2025-11-12 14:00:00,2.4,2.4,2.4,2.4,1500,GPC,"At 2025-11-12 14:00:00, the stock GPC opened at 2.40 VND, reached a high of 2.40 VND, a low of 2.40 VND, and closed the hour at 2.40 VND with a trading volume of 1,500 shares."
2025-11-13 09:00:00,2.3,2.3,2.3,2.3,300,GPC,"At 2025-11-13 09:00:00, the stock GPC opened at 2.30 VND, reached a high of 2.30 VND, a low of 2.30 VND, and closed the hour at 2.30 VND with a trading volume of 300 shares."
2025-11-13 10:00:00,2.4,2.4,2.4,2.4,2000,GPC,"At 2025-11-13 10:00:00, the stock GPC opened at 2.40 VND, reached a high of 2.40 VND, a low of 2.40 VND, and closed the hour at 2.40 VND with a trading volume of 2,000 shares."
2025-11-13 13:00:00,2.4,2.4,2.4,2.4,1500,GPC,"At 2025-11-13 13:00:00, the stock GPC opened at 2.40 VND, reached a high of 2.40 VND, a low of 2.40 VND, and closed the hour at 2.40 VND with a trading volume of 1,500 shares."
2025-11-13 14:00:00,2.4,2.4,2.4,2.4,1000,GPC,"At 2025-11-13 14:00:00, the stock GPC opened at 2.40 VND, reached a high of 2.40 VND, a low of 2.40 VND, and closed the hour at 2.40 VND with a trading volume of 1,000 shares."
2025-11-14 09:00:00,2.3,2.4,2.3,2.4,8100,GPC,"At 2025-11-14 09:00:00, the stock GPC opened at 2.30 VND, reached a high of 2.40 VND, a low of 2.30 VND, and closed the hour at 2.40 VND with a trading volume of 8,100 shares."
2025-11-14 10:00:00,2.4,2.4,2.4,2.4,400,GPC,"At 2025-11-14 10:00:00, the stock GPC opened at 2.40 VND, reached a high of 2.40 VND, a low of 2.40 VND, and closed the hour at 2.40 VND with a trading volume of 400 shares."
2025-11-14 11:00:00,2.3,2.3,2.3,2.3,2000,GPC,"At 2025-11-14 11:00:00, the stock GPC opened at 2.30 VND, reached a high of 2.30 VND, a low of 2.30 VND, and closed the hour at 2.30 VND with a trading volume of 2,000 shares."
2025-11-14 13:00:00,2.4,2.4,2.4,2.4,2000,GPC,"At 2025-11-14 13:00:00, the stock GPC opened at 2.40 VND, reached a high of 2.40 VND, a low of 2.40 VND, and closed the hour at 2.40 VND with a trading volume of 2,000 shares."
2025-11-17 09:00:00,2.3,2.4,2.3,2.4,6000,GPC,"At 2025-11-17 09:00:00, the stock GPC opened at 2.30 VND, reached a high of 2.40 VND, a low of 2.30 VND, and closed the hour at 2.40 VND with a trading volume of 6,000 shares."
2025-11-17 11:00:00,2.4,2.4,2.4,2.4,3000,GPC,"At 2025-11-17 11:00:00, the stock GPC opened at 2.40 VND, reached a high of 2.40 VND, a low of 2.40 VND, and closed the hour at 2.40 VND with a trading volume of 3,000 shares."
2025-11-17 13:00:00,2.4,2.4,2.4,2.4,60500,GPC,"At 2025-11-17 13:00:00, the stock GPC opened at 2.40 VND, reached a high of 2.40 VND, a low of 2.40 VND, and closed the hour at 2.40 VND with a trading volume of 60,500 shares."
2025-11-17 14:00:00,2.4,2.4,2.4,2.4,8100,GPC,"At 2025-11-17 14:00:00, the stock GPC opened at 2.40 VND, reached a high of 2.40 VND, a low of 2.40 VND, and closed the hour at 2.40 VND with a trading volume of 8,100 shares."
2025-11-18 09:00:00,2.4,2.5,2.4,2.5,7700,GPC,"At 2025-11-18 09:00:00, the stock GPC opened at 2.40 VND, reached a high of 2.50 VND, a low of 2.40 VND, and closed the hour at 2.50 VND with a trading volume of 7,700 shares."
2025-11-18 13:00:00,2.4,2.4,2.4,2.4,5100,GPC,"At 2025-11-18 13:00:00, the stock GPC opened at 2.40 VND, reached a high of 2.40 VND, a low of 2.40 VND, and closed the hour at 2.40 VND with a trading volume of 5,100 shares."
2025-11-18 14:00:00,2.4,2.4,2.3,2.4,900,GPC,"At 2025-11-18 14:00:00, the stock GPC opened at 2.40 VND, reached a high of 2.40 VND, a low of 2.30 VND, and closed the hour at 2.40 VND with a trading volume of 900 shares."
2025-11-19 09:00:00,2.4,2.4,2.4,2.4,3900,GPC,"At 2025-11-19 09:00:00, the stock GPC opened at 2.40 VND, reached a high of 2.40 VND, a low of 2.40 VND, and closed the hour at 2.40 VND with a trading volume of 3,900 shares."
2025-11-19 10:00:00,2.4,2.4,2.4,2.4,14400,GPC,"At 2025-11-19 10:00:00, the stock GPC opened at 2.40 VND, reached a high of 2.40 VND, a low of 2.40 VND, and closed the hour at 2.40 VND with a trading volume of 14,400 shares."
2025-11-19 11:00:00,2.4,2.4,2.4,2.4,400,GPC,"At 2025-11-19 11:00:00, the stock GPC opened at 2.40 VND, reached a high of 2.40 VND, a low of 2.40 VND, and closed the hour at 2.40 VND with a trading volume of 400 shares."
2025-11-19 13:00:00,2.4,2.4,2.4,2.4,17900,GPC,"At 2025-11-19 13:00:00, the stock GPC opened at 2.40 VND, reached a high of 2.40 VND, a low of 2.40 VND, and closed the hour at 2.40 VND with a trading volume of 17,900 shares."
2025-11-19 14:00:00,2.4,2.4,2.4,2.4,100,GPC,"At 2025-11-19 14:00:00, the stock GPC opened at 2.40 VND, reached a high of 2.40 VND, a low of 2.40 VND, and closed the hour at 2.40 VND with a trading volume of 100 shares."
2025-11-20 09:00:00,2.4,2.4,2.4,2.4,3200,GPC,"At 2025-11-20 09:00:00, the stock GPC opened at 2.40 VND, reached a high of 2.40 VND, a low of 2.40 VND, and closed the hour at 2.40 VND with a trading volume of 3,200 shares."
2025-11-20 10:00:00,2.4,2.4,2.4,2.4,100,GPC,"At 2025-11-20 10:00:00, the stock GPC opened at 2.40 VND, reached a high of 2.40 VND, a low of 2.40 VND, and closed the hour at 2.40 VND with a trading volume of 100 shares."
2025-11-20 11:00:00,2.4,2.4,2.4,2.4,100,GPC,"At 2025-11-20 11:00:00, the stock GPC opened at 2.40 VND, reached a high of 2.40 VND, a low of 2.40 VND, and closed the hour at 2.40 VND with a trading volume of 100 shares."
2025-11-20 13:00:00,2.4,2.4,2.4,2.4,1000,GPC,"At 2025-11-20 13:00:00, the stock GPC opened at 2.40 VND, reached a high of 2.40 VND, a low of 2.40 VND, and closed the hour at 2.40 VND with a trading volume of 1,000 shares."
2025-11-20 14:00:00,2.4,2.4,2.4,2.4,200,GPC,"At 2025-11-20 14:00:00, the stock GPC opened at 2.40 VND, reached a high of 2.40 VND, a low of 2.40 VND, and closed the hour at 2.40 VND with a trading volume of 200 shares."
2025-11-21 09:00:00,2.4,2.4,2.4,2.4,2300,GPC,"At 2025-11-21 09:00:00, the stock GPC opened at 2.40 VND, reached a high of 2.40 VND, a low of 2.40 VND, and closed the hour at 2.40 VND with a trading volume of 2,300 shares."
2025-11-21 10:00:00,2.4,2.4,2.4,2.4,1500,GPC,"At 2025-11-21 10:00:00, the stock GPC opened at 2.40 VND, reached a high of 2.40 VND, a low of 2.40 VND, and closed the hour at 2.40 VND with a trading volume of 1,500 shares."
2025-11-21 13:00:00,2.4,2.4,2.4,2.4,2700,GPC,"At 2025-11-21 13:00:00, the stock GPC opened at 2.40 VND, reached a high of 2.40 VND, a low of 2.40 VND, and closed the hour at 2.40 VND with a trading volume of 2,700 shares."
2025-11-24 09:00:00,2.4,2.4,2.4,2.4,1000,GPC,"At 2025-11-24 09:00:00, the stock GPC opened at 2.40 VND, reached a high of 2.40 VND, a low of 2.40 VND, and closed the hour at 2.40 VND with a trading volume of 1,000 shares."
2025-11-24 10:00:00,2.3,2.3,2.3,2.3,300,GPC,"At 2025-11-24 10:00:00, the stock GPC opened at 2.30 VND, reached a high of 2.30 VND, a low of 2.30 VND, and closed the hour at 2.30 VND with a trading volume of 300 shares."
2025-11-24 13:00:00,2.3,2.4,2.3,2.4,37700,GPC,"At 2025-11-24 13:00:00, the stock GPC opened at 2.30 VND, reached a high of 2.40 VND, a low of 2.30 VND, and closed the hour at 2.40 VND with a trading volume of 37,700 shares."
2025-11-25 09:00:00,2.4,2.4,2.4,2.4,21000,GPC,"At 2025-11-25 09:00:00, the stock GPC opened at 2.40 VND, reached a high of 2.40 VND, a low of 2.40 VND, and closed the hour at 2.40 VND with a trading volume of 21,000 shares."
2025-11-25 13:00:00,2.4,2.4,2.4,2.4,100,GPC,"At 2025-11-25 13:00:00, the stock GPC opened at 2.40 VND, reached a high of 2.40 VND, a low of 2.40 VND, and closed the hour at 2.40 VND with a trading volume of 100 shares."
2025-11-25 14:00:00,2.3,2.3,2.3,2.3,1400,GPC,"At 2025-11-25 14:00:00, the stock GPC opened at 2.30 VND, reached a high of 2.30 VND, a low of 2.30 VND, and closed the hour at 2.30 VND with a trading volume of 1,400 shares."
2025-11-26 09:00:00,2.4,2.4,2.4,2.4,1000,GPC,"At 2025-11-26 09:00:00, the stock GPC opened at 2.40 VND, reached a high of 2.40 VND, a low of 2.40 VND, and closed the hour at 2.40 VND with a trading volume of 1,000 shares."
2025-11-26 13:00:00,2.3,2.3,2.2,2.3,340700,GPC,"At 2025-11-26 13:00:00, the stock GPC opened at 2.30 VND, reached a high of 2.30 VND, a low of 2.20 VND, and closed the hour at 2.30 VND with a trading volume of 340,700 shares."
2025-11-26 14:00:00,2.3,2.3,2.2,2.2,36000,GPC,"At 2025-11-26 14:00:00, the stock GPC opened at 2.30 VND, reached a high of 2.30 VND, a low of 2.20 VND, and closed the hour at 2.20 VND with a trading volume of 36,000 shares."
2025-11-27 09:00:00,2.3,2.3,2.3,2.3,300,GPC,"At 2025-11-27 09:00:00, the stock GPC opened at 2.30 VND, reached a high of 2.30 VND, a low of 2.30 VND, and closed the hour at 2.30 VND with a trading volume of 300 shares."
2025-11-27 10:00:00,2.2,2.2,2.2,2.2,1500,GPC,"At 2025-11-27 10:00:00, the stock GPC opened at 2.20 VND, reached a high of 2.20 VND, a low of 2.20 VND, and closed the hour at 2.20 VND with a trading volume of 1,500 shares."
2025-11-27 13:00:00,2.3,2.3,2.3,2.3,18700,GPC,"At 2025-11-27 13:00:00, the stock GPC opened at 2.30 VND, reached a high of 2.30 VND, a low of 2.30 VND, and closed the hour at 2.30 VND with a trading volume of 18,700 shares."
2025-11-27 14:00:00,2.3,2.3,2.3,2.3,52400,GPC,"At 2025-11-27 14:00:00, the stock GPC opened at 2.30 VND, reached a high of 2.30 VND, a low of 2.30 VND, and closed the hour at 2.30 VND with a trading volume of 52,400 shares."
2025-11-28 09:00:00,2.3,2.3,2.3,2.3,5000,GPC,"At 2025-11-28 09:00:00, the stock GPC opened at 2.30 VND, reached a high of 2.30 VND, a low of 2.30 VND, and closed the hour at 2.30 VND with a trading volume of 5,000 shares."
2025-11-28 10:00:00,2.3,2.4,2.3,2.4,5100,GPC,"At 2025-11-28 10:00:00, the stock GPC opened at 2.30 VND, reached a high of 2.40 VND, a low of 2.30 VND, and closed the hour at 2.40 VND with a trading volume of 5,100 shares."
2025-11-28 13:00:00,2.3,2.3,2.3,2.3,5800,GPC,"At 2025-11-28 13:00:00, the stock GPC opened at 2.30 VND, reached a high of 2.30 VND, a low of 2.30 VND, and closed the hour at 2.30 VND with a trading volume of 5,800 shares."
2025-11-28 14:00:00,2.3,2.3,2.3,2.3,400,GPC,"At 2025-11-28 14:00:00, the stock GPC opened at 2.30 VND, reached a high of 2.30 VND, a low of 2.30 VND, and closed the hour at 2.30 VND with a trading volume of 400 shares."
2025-12-01 09:00:00,2.3,2.3,2.3,2.3,2700,GPC,"At 2025-12-01 09:00:00, the stock GPC opened at 2.30 VND, reached a high of 2.30 VND, a low of 2.30 VND, and closed the hour at 2.30 VND with a trading volume of 2,700 shares."
2025-12-01 10:00:00,2.3,2.3,2.3,2.3,300,GPC,"At 2025-12-01 10:00:00, the stock GPC opened at 2.30 VND, reached a high of 2.30 VND, a low of 2.30 VND, and closed the hour at 2.30 VND with a trading volume of 300 shares."
2025-12-01 11:00:00,2.3,2.3,2.3,2.3,100,GPC,"At 2025-12-01 11:00:00, the stock GPC opened at 2.30 VND, reached a high of 2.30 VND, a low of 2.30 VND, and closed the hour at 2.30 VND with a trading volume of 100 shares."
2025-12-01 13:00:00,2.2,2.2,2.2,2.2,100,GPC,"At 2025-12-01 13:00:00, the stock GPC opened at 2.20 VND, reached a high of 2.20 VND, a low of 2.20 VND, and closed the hour at 2.20 VND with a trading volume of 100 shares."
2025-12-01 14:00:00,2.3,2.3,2.2,2.3,500,GPC,"At 2025-12-01 14:00:00, the stock GPC opened at 2.30 VND, reached a high of 2.30 VND, a low of 2.20 VND, and closed the hour at 2.30 VND with a trading volume of 500 shares."
2025-12-02 09:00:00,2.2,2.3,2.2,2.3,700,GPC,"At 2025-12-02 09:00:00, the stock GPC opened at 2.20 VND, reached a high of 2.30 VND, a low of 2.20 VND, and closed the hour at 2.30 VND with a trading volume of 700 shares."
2025-12-02 10:00:00,2.3,2.3,2.2,2.2,15700,GPC,"At 2025-12-02 10:00:00, the stock GPC opened at 2.30 VND, reached a high of 2.30 VND, a low of 2.20 VND, and closed the hour at 2.20 VND with a trading volume of 15,700 shares."
2025-12-02 13:00:00,2.3,2.3,2.3,2.3,100,GPC,"At 2025-12-02 13:00:00, the stock GPC opened at 2.30 VND, reached a high of 2.30 VND, a low of 2.30 VND, and closed the hour at 2.30 VND with a trading volume of 100 shares."
2025-12-02 14:00:00,2.3,2.3,2.3,2.3,8000,GPC,"At 2025-12-02 14:00:00, the stock GPC opened at 2.30 VND, reached a high of 2.30 VND, a low of 2.30 VND, and closed the hour at 2.30 VND with a trading volume of 8,000 shares."
2025-12-03 09:00:00,2.3,2.3,2.3,2.3,700,GPC,"At 2025-12-03 09:00:00, the stock GPC opened at 2.30 VND, reached a high of 2.30 VND, a low of 2.30 VND, and closed the hour at 2.30 VND with a trading volume of 700 shares."
2025-12-03 10:00:00,2.2,2.3,2.2,2.3,1100,GPC,"At 2025-12-03 10:00:00, the stock GPC opened at 2.20 VND, reached a high of 2.30 VND, a low of 2.20 VND, and closed the hour at 2.30 VND with a trading volume of 1,100 shares."
2025-12-03 11:00:00,2.2,2.2,2.2,2.2,200,GPC,"At 2025-12-03 11:00:00, the stock GPC opened at 2.20 VND, reached a high of 2.20 VND, a low of 2.20 VND, and closed the hour at 2.20 VND with a trading volume of 200 shares."
2025-12-03 14:00:00,2.3,2.3,2.2,2.2,13800,GPC,"At 2025-12-03 14:00:00, the stock GPC opened at 2.30 VND, reached a high of 2.30 VND, a low of 2.20 VND, and closed the hour at 2.20 VND with a trading volume of 13,800 shares."
2025-12-04 09:00:00,2.3,2.3,2.3,2.3,3100,GPC,"At 2025-12-04 09:00:00, the stock GPC opened at 2.30 VND, reached a high of 2.30 VND, a low of 2.30 VND, and closed the hour at 2.30 VND with a trading volume of 3,100 shares."
2025-12-04 10:00:00,2.3,2.3,2.3,2.3,500,GPC,"At 2025-12-04 10:00:00, the stock GPC opened at 2.30 VND, reached a high of 2.30 VND, a low of 2.30 VND, and closed the hour at 2.30 VND with a trading volume of 500 shares."
2025-12-04 11:00:00,2.3,2.3,2.3,2.3,50600,GPC,"At 2025-12-04 11:00:00, the stock GPC opened at 2.30 VND, reached a high of 2.30 VND, a low of 2.30 VND, and closed the hour at 2.30 VND with a trading volume of 50,600 shares."
2025-12-04 14:00:00,2.4,2.4,2.4,2.4,500,GPC,"At 2025-12-04 14:00:00, the stock GPC opened at 2.40 VND, reached a high of 2.40 VND, a low of 2.40 VND, and closed the hour at 2.40 VND with a trading volume of 500 shares."
2025-12-05 09:00:00,2.4,2.4,2.3,2.3,6000,GPC,"At 2025-12-05 09:00:00, the stock GPC opened at 2.40 VND, reached a high of 2.40 VND, a low of 2.30 VND, and closed the hour at 2.30 VND with a trading volume of 6,000 shares."
2025-12-05 10:00:00,2.3,2.4,2.3,2.4,45300,GPC,"At 2025-12-05 10:00:00, the stock GPC opened at 2.30 VND, reached a high of 2.40 VND, a low of 2.30 VND, and closed the hour at 2.40 VND with a trading volume of 45,300 shares."
2025-12-05 11:00:00,2.4,2.4,2.4,2.4,100,GPC,"At 2025-12-05 11:00:00, the stock GPC opened at 2.40 VND, reached a high of 2.40 VND, a low of 2.40 VND, and closed the hour at 2.40 VND with a trading volume of 100 shares."
2025-12-05 13:00:00,2.4,2.4,2.4,2.4,500,GPC,"At 2025-12-05 13:00:00, the stock GPC opened at 2.40 VND, reached a high of 2.40 VND, a low of 2.40 VND, and closed the hour at 2.40 VND with a trading volume of 500 shares."
2025-12-05 14:00:00,2.3,2.3,2.3,2.3,5500,GPC,"At 2025-12-05 14:00:00, the stock GPC opened at 2.30 VND, reached a high of 2.30 VND, a low of 2.30 VND, and closed the hour at 2.30 VND with a trading volume of 5,500 shares."
2025-12-08 09:00:00,2.3,2.4,2.3,2.3,31200,GPC,"At 2025-12-08 09:00:00, the stock GPC opened at 2.30 VND, reached a high of 2.40 VND, a low of 2.30 VND, and closed the hour at 2.30 VND with a trading volume of 31,200 shares."
2025-12-08 11:00:00,2.4,2.4,2.4,2.4,6200,GPC,"At 2025-12-08 11:00:00, the stock GPC opened at 2.40 VND, reached a high of 2.40 VND, a low of 2.40 VND, and closed the hour at 2.40 VND with a trading volume of 6,200 shares."
2025-12-08 13:00:00,2.4,2.4,2.3,2.3,4800,GPC,"At 2025-12-08 13:00:00, the stock GPC opened at 2.40 VND, reached a high of 2.40 VND, a low of 2.30 VND, and closed the hour at 2.30 VND with a trading volume of 4,800 shares."
2025-12-08 14:00:00,2.3,2.3,2.3,2.3,27300,GPC,"At 2025-12-08 14:00:00, the stock GPC opened at 2.30 VND, reached a high of 2.30 VND, a low of 2.30 VND, and closed the hour at 2.30 VND with a trading volume of 27,300 shares."
2025-12-09 09:00:00,2.4,2.4,2.3,2.4,5500,GPC,"At 2025-12-09 09:00:00, the stock GPC opened at 2.40 VND, reached a high of 2.40 VND, a low of 2.30 VND, and closed the hour at 2.40 VND with a trading volume of 5,500 shares."
2025-12-09 10:00:00,2.4,2.4,2.4,2.4,500,GPC,"At 2025-12-09 10:00:00, the stock GPC opened at 2.40 VND, reached a high of 2.40 VND, a low of 2.40 VND, and closed the hour at 2.40 VND with a trading volume of 500 shares."
2025-12-09 11:00:00,2.3,2.3,2.3,2.3,39000,GPC,"At 2025-12-09 11:00:00, the stock GPC opened at 2.30 VND, reached a high of 2.30 VND, a low of 2.30 VND, and closed the hour at 2.30 VND with a trading volume of 39,000 shares."
2025-12-09 13:00:00,2.3,2.4,2.3,2.3,9100,GPC,"At 2025-12-09 13:00:00, the stock GPC opened at 2.30 VND, reached a high of 2.40 VND, a low of 2.30 VND, and closed the hour at 2.30 VND with a trading volume of 9,100 shares."
2025-12-09 14:00:00,2.3,2.4,2.3,2.4,7200,GPC,"At 2025-12-09 14:00:00, the stock GPC opened at 2.30 VND, reached a high of 2.40 VND, a low of 2.30 VND, and closed the hour at 2.40 VND with a trading volume of 7,200 shares."
2025-12-10 09:00:00,2.4,2.4,2.3,2.3,2600,GPC,"At 2025-12-10 09:00:00, the stock GPC opened at 2.40 VND, reached a high of 2.40 VND, a low of 2.30 VND, and closed the hour at 2.30 VND with a trading volume of 2,600 shares."
2025-12-10 10:00:00,2.3,2.3,2.3,2.3,5000,GPC,"At 2025-12-10 10:00:00, the stock GPC opened at 2.30 VND, reached a high of 2.30 VND, a low of 2.30 VND, and closed the hour at 2.30 VND with a trading volume of 5,000 shares."
2025-12-10 13:00:00,2.3,2.3,2.3,2.3,2800,GPC,"At 2025-12-10 13:00:00, the stock GPC opened at 2.30 VND, reached a high of 2.30 VND, a low of 2.30 VND, and closed the hour at 2.30 VND with a trading volume of 2,800 shares."
2025-12-10 14:00:00,2.3,2.3,2.3,2.3,10100,GPC,"At 2025-12-10 14:00:00, the stock GPC opened at 2.30 VND, reached a high of 2.30 VND, a low of 2.30 VND, and closed the hour at 2.30 VND with a trading volume of 10,100 shares."
2025-12-11 09:00:00,2.3,2.4,2.3,2.4,300,GPC,"At 2025-12-11 09:00:00, the stock GPC opened at 2.30 VND, reached a high of 2.40 VND, a low of 2.30 VND, and closed the hour at 2.40 VND with a trading volume of 300 shares."
2025-12-11 10:00:00,2.3,2.3,2.3,2.3,1700,GPC,"At 2025-12-11 10:00:00, the stock GPC opened at 2.30 VND, reached a high of 2.30 VND, a low of 2.30 VND, and closed the hour at 2.30 VND with a trading volume of 1,700 shares."
2025-12-11 11:00:00,2.3,2.3,2.3,2.3,5000,GPC,"At 2025-12-11 11:00:00, the stock GPC opened at 2.30 VND, reached a high of 2.30 VND, a low of 2.30 VND, and closed the hour at 2.30 VND with a trading volume of 5,000 shares."
2025-12-11 13:00:00,2.3,2.3,2.3,2.3,2100,GPC,"At 2025-12-11 13:00:00, the stock GPC opened at 2.30 VND, reached a high of 2.30 VND, a low of 2.30 VND, and closed the hour at 2.30 VND with a trading volume of 2,100 shares."
2025-12-11 14:00:00,2.3,2.3,2.3,2.3,700,GPC,"At 2025-12-11 14:00:00, the stock GPC opened at 2.30 VND, reached a high of 2.30 VND, a low of 2.30 VND, and closed the hour at 2.30 VND with a trading volume of 700 shares."
2025-12-12 09:00:00,2.3,2.3,2.3,2.3,13000,GPC,"At 2025-12-12 09:00:00, the stock GPC opened at 2.30 VND, reached a high of 2.30 VND, a low of 2.30 VND, and closed the hour at 2.30 VND with a trading volume of 13,000 shares."
2025-12-12 10:00:00,2.3,2.3,2.3,2.3,1000,GPC,"At 2025-12-12 10:00:00, the stock GPC opened at 2.30 VND, reached a high of 2.30 VND, a low of 2.30 VND, and closed the hour at 2.30 VND with a trading volume of 1,000 shares."
2025-12-12 13:00:00,2.3,2.3,2.2,2.3,8000,GPC,"At 2025-12-12 13:00:00, the stock GPC opened at 2.30 VND, reached a high of 2.30 VND, a low of 2.20 VND, and closed the hour at 2.30 VND with a trading volume of 8,000 shares."
2025-12-12 14:00:00,2.2,2.3,2.2,2.2,2300,GPC,"At 2025-12-12 14:00:00, the stock GPC opened at 2.20 VND, reached a high of 2.30 VND, a low of 2.20 VND, and closed the hour at 2.20 VND with a trading volume of 2,300 shares."
2025-12-15 09:00:00,2.3,2.3,2.3,2.3,2300,GPC,"At 2025-12-15 09:00:00, the stock GPC opened at 2.30 VND, reached a high of 2.30 VND, a low of 2.30 VND, and closed the hour at 2.30 VND with a trading volume of 2,300 shares."
2025-12-15 13:00:00,2.3,2.3,2.2,2.2,9900,GPC,"At 2025-12-15 13:00:00, the stock GPC opened at 2.30 VND, reached a high of 2.30 VND, a low of 2.20 VND, and closed the hour at 2.20 VND with a trading volume of 9,900 shares."
2025-12-15 14:00:00,2.2,2.3,2.2,2.3,9900,GPC,"At 2025-12-15 14:00:00, the stock GPC opened at 2.20 VND, reached a high of 2.30 VND, a low of 2.20 VND, and closed the hour at 2.30 VND with a trading volume of 9,900 shares."
2025-12-16 09:00:00,2.3,2.3,2.3,2.3,100,GPC,"At 2025-12-16 09:00:00, the stock GPC opened at 2.30 VND, reached a high of 2.30 VND, a low of 2.30 VND, and closed the hour at 2.30 VND with a trading volume of 100 shares."
2025-12-16 10:00:00,2.3,2.3,2.3,2.3,100,GPC,"At 2025-12-16 10:00:00, the stock GPC opened at 2.30 VND, reached a high of 2.30 VND, a low of 2.30 VND, and closed the hour at 2.30 VND with a trading volume of 100 shares."
2025-12-16 11:00:00,2.2,2.3,2.2,2.3,7800,GPC,"At 2025-12-16 11:00:00, the stock GPC opened at 2.20 VND, reached a high of 2.30 VND, a low of 2.20 VND, and closed the hour at 2.30 VND with a trading volume of 7,800 shares."
2025-12-16 13:00:00,2.3,2.3,2.2,2.3,700,GPC,"At 2025-12-16 13:00:00, the stock GPC opened at 2.30 VND, reached a high of 2.30 VND, a low of 2.20 VND, and closed the hour at 2.30 VND with a trading volume of 700 shares."
2025-12-16 14:00:00,2.2,2.2,2.2,2.2,500,GPC,"At 2025-12-16 14:00:00, the stock GPC opened at 2.20 VND, reached a high of 2.20 VND, a low of 2.20 VND, and closed the hour at 2.20 VND with a trading volume of 500 shares."
2025-12-17 09:00:00,2.3,2.4,2.3,2.4,21100,GPC,"At 2025-12-17 09:00:00, the stock GPC opened at 2.30 VND, reached a high of 2.40 VND, a low of 2.30 VND, and closed the hour at 2.40 VND with a trading volume of 21,100 shares."
2025-12-17 10:00:00,2.4,2.4,2.4,2.4,1000,GPC,"At 2025-12-17 10:00:00, the stock GPC opened at 2.40 VND, reached a high of 2.40 VND, a low of 2.40 VND, and closed the hour at 2.40 VND with a trading volume of 1,000 shares."
2025-12-17 11:00:00,2.4,2.4,2.4,2.4,5000,GPC,"At 2025-12-17 11:00:00, the stock GPC opened at 2.40 VND, reached a high of 2.40 VND, a low of 2.40 VND, and closed the hour at 2.40 VND with a trading volume of 5,000 shares."
2025-12-17 13:00:00,2.3,2.4,2.3,2.4,10100,GPC,"At 2025-12-17 13:00:00, the stock GPC opened at 2.30 VND, reached a high of 2.40 VND, a low of 2.30 VND, and closed the hour at 2.40 VND with a trading volume of 10,100 shares."
2025-12-17 14:00:00,2.3,2.3,2.3,2.3,39500,GPC,"At 2025-12-17 14:00:00, the stock GPC opened at 2.30 VND, reached a high of 2.30 VND, a low of 2.30 VND, and closed the hour at 2.30 VND with a trading volume of 39,500 shares."
2025-12-18 09:00:00,2.3,2.4,2.3,2.4,200,GPC,"At 2025-12-18 09:00:00, the stock GPC opened at 2.30 VND, reached a high of 2.40 VND, a low of 2.30 VND, and closed the hour at 2.40 VND with a trading volume of 200 shares."
2025-12-18 10:00:00,2.3,2.3,2.3,2.3,2000,GPC,"At 2025-12-18 10:00:00, the stock GPC opened at 2.30 VND, reached a high of 2.30 VND, a low of 2.30 VND, and closed the hour at 2.30 VND with a trading volume of 2,000 shares."
2025-12-18 11:00:00,2.3,2.3,2.3,2.3,1200,GPC,"At 2025-12-18 11:00:00, the stock GPC opened at 2.30 VND, reached a high of 2.30 VND, a low of 2.30 VND, and closed the hour at 2.30 VND with a trading volume of 1,200 shares."
2025-12-18 13:00:00,2.3,2.3,2.3,2.3,2200,GPC,"At 2025-12-18 13:00:00, the stock GPC opened at 2.30 VND, reached a high of 2.30 VND, a low of 2.30 VND, and closed the hour at 2.30 VND with a trading volume of 2,200 shares."
2025-12-18 14:00:00,2.3,2.3,2.3,2.3,1300,GPC,"At 2025-12-18 14:00:00, the stock GPC opened at 2.30 VND, reached a high of 2.30 VND, a low of 2.30 VND, and closed the hour at 2.30 VND with a trading volume of 1,300 shares."
2025-12-19 09:00:00,2.4,2.4,2.4,2.4,100,GPC,"At 2025-12-19 09:00:00, the stock GPC opened at 2.40 VND, reached a high of 2.40 VND, a low of 2.40 VND, and closed the hour at 2.40 VND with a trading volume of 100 shares."
2025-12-19 10:00:00,2.3,2.3,2.3,2.3,10000,GPC,"At 2025-12-19 10:00:00, the stock GPC opened at 2.30 VND, reached a high of 2.30 VND, a low of 2.30 VND, and closed the hour at 2.30 VND with a trading volume of 10,000 shares."
2025-12-19 13:00:00,2.4,2.4,2.4,2.4,5100,GPC,"At 2025-12-19 13:00:00, the stock GPC opened at 2.40 VND, reached a high of 2.40 VND, a low of 2.40 VND, and closed the hour at 2.40 VND with a trading volume of 5,100 shares."
2025-12-19 14:00:00,2.3,2.3,2.3,2.3,5100,GPC,"At 2025-12-19 14:00:00, the stock GPC opened at 2.30 VND, reached a high of 2.30 VND, a low of 2.30 VND, and closed the hour at 2.30 VND with a trading volume of 5,100 shares."
2025-12-22 09:00:00,2.4,2.4,2.4,2.4,1300,GPC,"At 2025-12-22 09:00:00, the stock GPC opened at 2.40 VND, reached a high of 2.40 VND, a low of 2.40 VND, and closed the hour at 2.40 VND with a trading volume of 1,300 shares."
2025-12-22 11:00:00,2.3,2.3,2.3,2.3,3400,GPC,"At 2025-12-22 11:00:00, the stock GPC opened at 2.30 VND, reached a high of 2.30 VND, a low of 2.30 VND, and closed the hour at 2.30 VND with a trading volume of 3,400 shares."
2025-12-22 13:00:00,2.3,2.3,2.3,2.3,7500,GPC,"At 2025-12-22 13:00:00, the stock GPC opened at 2.30 VND, reached a high of 2.30 VND, a low of 2.30 VND, and closed the hour at 2.30 VND with a trading volume of 7,500 shares."
2025-12-22 14:00:00,2.4,2.4,2.4,2.4,3100,GPC,"At 2025-12-22 14:00:00, the stock GPC opened at 2.40 VND, reached a high of 2.40 VND, a low of 2.40 VND, and closed the hour at 2.40 VND with a trading volume of 3,100 shares."
2025-12-23 09:00:00,2.4,2.4,2.4,2.4,100,GPC,"At 2025-12-23 09:00:00, the stock GPC opened at 2.40 VND, reached a high of 2.40 VND, a low of 2.40 VND, and closed the hour at 2.40 VND with a trading volume of 100 shares."
2025-12-23 10:00:00,2.3,2.3,2.3,2.3,900,GPC,"At 2025-12-23 10:00:00, the stock GPC opened at 2.30 VND, reached a high of 2.30 VND, a low of 2.30 VND, and closed the hour at 2.30 VND with a trading volume of 900 shares."
2025-12-23 11:00:00,2.3,2.3,2.3,2.3,700,GPC,"At 2025-12-23 11:00:00, the stock GPC opened at 2.30 VND, reached a high of 2.30 VND, a low of 2.30 VND, and closed the hour at 2.30 VND with a trading volume of 700 shares."
2025-12-23 13:00:00,2.3,2.3,2.2,2.3,8400,GPC,"At 2025-12-23 13:00:00, the stock GPC opened at 2.30 VND, reached a high of 2.30 VND, a low of 2.20 VND, and closed the hour at 2.30 VND with a trading volume of 8,400 shares."
2025-12-23 14:00:00,2.2,2.3,2.2,2.3,9300,GPC,"At 2025-12-23 14:00:00, the stock GPC opened at 2.20 VND, reached a high of 2.30 VND, a low of 2.20 VND, and closed the hour at 2.30 VND with a trading volume of 9,300 shares."
2025-12-24 09:00:00,2.3,2.4,2.3,2.3,15200,GPC,"At 2025-12-24 09:00:00, the stock GPC opened at 2.30 VND, reached a high of 2.40 VND, a low of 2.30 VND, and closed the hour at 2.30 VND with a trading volume of 15,200 shares."
2025-12-24 10:00:00,2.3,2.3,2.3,2.3,10200,GPC,"At 2025-12-24 10:00:00, the stock GPC opened at 2.30 VND, reached a high of 2.30 VND, a low of 2.30 VND, and closed the hour at 2.30 VND with a trading volume of 10,200 shares."
2025-12-24 11:00:00,2.2,2.2,2.2,2.2,200,GPC,"At 2025-12-24 11:00:00, the stock GPC opened at 2.20 VND, reached a high of 2.20 VND, a low of 2.20 VND, and closed the hour at 2.20 VND with a trading volume of 200 shares."
2025-12-24 13:00:00,2.3,2.3,2.2,2.2,900,GPC,"At 2025-12-24 13:00:00, the stock GPC opened at 2.30 VND, reached a high of 2.30 VND, a low of 2.20 VND, and closed the hour at 2.20 VND with a trading volume of 900 shares."
2025-12-24 14:00:00,2.3,2.3,2.2,2.2,2100,GPC,"At 2025-12-24 14:00:00, the stock GPC opened at 2.30 VND, reached a high of 2.30 VND, a low of 2.20 VND, and closed the hour at 2.20 VND with a trading volume of 2,100 shares."
2025-12-25 09:00:00,2.3,2.4,2.3,2.4,600,GPC,"At 2025-12-25 09:00:00, the stock GPC opened at 2.30 VND, reached a high of 2.40 VND, a low of 2.30 VND, and closed the hour at 2.40 VND with a trading volume of 600 shares."
2025-12-25 10:00:00,2.3,2.3,2.3,2.3,4600,GPC,"At 2025-12-25 10:00:00, the stock GPC opened at 2.30 VND, reached a high of 2.30 VND, a low of 2.30 VND, and closed the hour at 2.30 VND with a trading volume of 4,600 shares."
2025-12-25 13:00:00,2.3,2.3,2.3,2.3,400,GPC,"At 2025-12-25 13:00:00, the stock GPC opened at 2.30 VND, reached a high of 2.30 VND, a low of 2.30 VND, and closed the hour at 2.30 VND with a trading volume of 400 shares."
2025-12-26 09:00:00,2.3,2.3,2.2,2.2,900,GPC,"At 2025-12-26 09:00:00, the stock GPC opened at 2.30 VND, reached a high of 2.30 VND, a low of 2.20 VND, and closed the hour at 2.20 VND with a trading volume of 900 shares."
2025-12-26 10:00:00,2.2,2.2,2.2,2.2,4700,GPC,"At 2025-12-26 10:00:00, the stock GPC opened at 2.20 VND, reached a high of 2.20 VND, a low of 2.20 VND, and closed the hour at 2.20 VND with a trading volume of 4,700 shares."
2025-12-26 13:00:00,2.3,2.3,2.2,2.2,5400,GPC,"At 2025-12-26 13:00:00, the stock GPC opened at 2.30 VND, reached a high of 2.30 VND, a low of 2.20 VND, and closed the hour at 2.20 VND with a trading volume of 5,400 shares."
2025-12-26 14:00:00,2.2,2.2,2.2,2.2,5300,GPC,"At 2025-12-26 14:00:00, the stock GPC opened at 2.20 VND, reached a high of 2.20 VND, a low of 2.20 VND, and closed the hour at 2.20 VND with a trading volume of 5,300 shares."
2025-12-29 09:00:00,2.2,2.2,2.2,2.2,200,GPC,"At 2025-12-29 09:00:00, the stock GPC opened at 2.20 VND, reached a high of 2.20 VND, a low of 2.20 VND, and closed the hour at 2.20 VND with a trading volume of 200 shares."
2025-12-29 10:00:00,2.2,2.2,2.2,2.2,9000,GPC,"At 2025-12-29 10:00:00, the stock GPC opened at 2.20 VND, reached a high of 2.20 VND, a low of 2.20 VND, and closed the hour at 2.20 VND with a trading volume of 9,000 shares."
2025-12-29 13:00:00,2.2,2.3,2.2,2.3,61500,GPC,"At 2025-12-29 13:00:00, the stock GPC opened at 2.20 VND, reached a high of 2.30 VND, a low of 2.20 VND, and closed the hour at 2.30 VND with a trading volume of 61,500 shares."
2025-12-29 14:00:00,2.3,2.4,2.3,2.4,6500,GPC,"At 2025-12-29 14:00:00, the stock GPC opened at 2.30 VND, reached a high of 2.40 VND, a low of 2.30 VND, and closed the hour at 2.40 VND with a trading volume of 6,500 shares."
2025-12-30 09:00:00,2.3,2.3,2.3,2.3,56300,GPC,"At 2025-12-30 09:00:00, the stock GPC opened at 2.30 VND, reached a high of 2.30 VND, a low of 2.30 VND, and closed the hour at 2.30 VND with a trading volume of 56,300 shares."
2025-12-30 10:00:00,2.2,2.3,2.2,2.3,2000,GPC,"At 2025-12-30 10:00:00, the stock GPC opened at 2.20 VND, reached a high of 2.30 VND, a low of 2.20 VND, and closed the hour at 2.30 VND with a trading volume of 2,000 shares."
2025-12-30 13:00:00,2.3,2.3,2.3,2.3,1000,GPC,"At 2025-12-30 13:00:00, the stock GPC opened at 2.30 VND, reached a high of 2.30 VND, a low of 2.30 VND, and closed the hour at 2.30 VND with a trading volume of 1,000 shares."
2025-12-30 14:00:00,2.3,2.3,2.3,2.3,1000,GPC,"At 2025-12-30 14:00:00, the stock GPC opened at 2.30 VND, reached a high of 2.30 VND, a low of 2.30 VND, and closed the hour at 2.30 VND with a trading volume of 1,000 shares."
2025-12-31 09:00:00,2.3,2.3,2.3,2.3,8400,GPC,"At 2025-12-31 09:00:00, the stock GPC opened at 2.30 VND, reached a high of 2.30 VND, a low of 2.30 VND, and closed the hour at 2.30 VND with a trading volume of 8,400 shares."
2025-12-31 10:00:00,2.2,2.2,2.2,2.2,100,GPC,"At 2025-12-31 10:00:00, the stock GPC opened at 2.20 VND, reached a high of 2.20 VND, a low of 2.20 VND, and closed the hour at 2.20 VND with a trading volume of 100 shares."
2025-12-31 13:00:00,2.2,2.3,2.2,2.2,27400,GPC,"At 2025-12-31 13:00:00, the stock GPC opened at 2.20 VND, reached a high of 2.30 VND, a low of 2.20 VND, and closed the hour at 2.20 VND with a trading volume of 27,400 shares."
2025-12-31 14:00:00,2.3,2.3,2.3,2.3,600,GPC,"At 2025-12-31 14:00:00, the stock GPC opened at 2.30 VND, reached a high of 2.30 VND, a low of 2.30 VND, and closed the hour at 2.30 VND with a trading volume of 600 shares."
2026-01-05 09:00:00,2.3,2.4,2.3,2.3,300,GPC,"At 2026-01-05 09:00:00, the stock GPC opened at 2.30 VND, reached a high of 2.40 VND, a low of 2.30 VND, and closed the hour at 2.30 VND with a trading volume of 300 shares."
2026-01-05 10:00:00,2.2,2.3,2.2,2.3,24200,GPC,"At 2026-01-05 10:00:00, the stock GPC opened at 2.20 VND, reached a high of 2.30 VND, a low of 2.20 VND, and closed the hour at 2.30 VND with a trading volume of 24,200 shares."
2026-01-05 14:00:00,2.3,2.4,2.3,2.3,25600,GPC,"At 2026-01-05 14:00:00, the stock GPC opened at 2.30 VND, reached a high of 2.40 VND, a low of 2.30 VND, and closed the hour at 2.30 VND with a trading volume of 25,600 shares."
2026-01-06 09:00:00,2.4,2.4,2.3,2.4,1300,GPC,"At 2026-01-06 09:00:00, the stock GPC opened at 2.40 VND, reached a high of 2.40 VND, a low of 2.30 VND, and closed the hour at 2.40 VND with a trading volume of 1,300 shares."
2026-01-06 10:00:00,2.3,2.3,2.3,2.3,4500,GPC,"At 2026-01-06 10:00:00, the stock GPC opened at 2.30 VND, reached a high of 2.30 VND, a low of 2.30 VND, and closed the hour at 2.30 VND with a trading volume of 4,500 shares."
2026-01-06 13:00:00,2.2,2.3,2.2,2.3,200,GPC,"At 2026-01-06 13:00:00, the stock GPC opened at 2.20 VND, reached a high of 2.30 VND, a low of 2.20 VND, and closed the hour at 2.30 VND with a trading volume of 200 shares."
2026-01-06 14:00:00,2.3,2.3,2.3,2.3,21300,GPC,"At 2026-01-06 14:00:00, the stock GPC opened at 2.30 VND, reached a high of 2.30 VND, a low of 2.30 VND, and closed the hour at 2.30 VND with a trading volume of 21,300 shares."
2026-01-07 09:00:00,2.4,2.4,2.4,2.4,100,GPC,"At 2026-01-07 09:00:00, the stock GPC opened at 2.40 VND, reached a high of 2.40 VND, a low of 2.40 VND, and closed the hour at 2.40 VND with a trading volume of 100 shares."
2026-01-07 10:00:00,2.3,2.3,2.3,2.3,100,GPC,"At 2026-01-07 10:00:00, the stock GPC opened at 2.30 VND, reached a high of 2.30 VND, a low of 2.30 VND, and closed the hour at 2.30 VND with a trading volume of 100 shares."
2026-01-07 13:00:00,2.2,2.3,2.2,2.3,5600,GPC,"At 2026-01-07 13:00:00, the stock GPC opened at 2.20 VND, reached a high of 2.30 VND, a low of 2.20 VND, and closed the hour at 2.30 VND with a trading volume of 5,600 shares."
2026-01-08 09:00:00,2.3,2.3,2.2,2.3,300,GPC,"At 2026-01-08 09:00:00, the stock GPC opened at 2.30 VND, reached a high of 2.30 VND, a low of 2.20 VND, and closed the hour at 2.30 VND with a trading volume of 300 shares."
2026-01-08 10:00:00,2.3,2.3,2.3,2.3,1000,GPC,"At 2026-01-08 10:00:00, the stock GPC opened at 2.30 VND, reached a high of 2.30 VND, a low of 2.30 VND, and closed the hour at 2.30 VND with a trading volume of 1,000 shares."
2026-01-08 14:00:00,2.3,2.3,2.3,2.3,5500,GPC,"At 2026-01-08 14:00:00, the stock GPC opened at 2.30 VND, reached a high of 2.30 VND, a low of 2.30 VND, and closed the hour at 2.30 VND with a trading volume of 5,500 shares."
2026-01-09 09:00:00,2.3,2.3,2.2,2.3,11600,GPC,"At 2026-01-09 09:00:00, the stock GPC opened at 2.30 VND, reached a high of 2.30 VND, a low of 2.20 VND, and closed the hour at 2.30 VND with a trading volume of 11,600 shares."
2026-01-09 10:00:00,2.2,2.3,2.2,2.3,174300,GPC,"At 2026-01-09 10:00:00, the stock GPC opened at 2.20 VND, reached a high of 2.30 VND, a low of 2.20 VND, and closed the hour at 2.30 VND with a trading volume of 174,300 shares."
2026-01-09 11:00:00,2.2,2.2,2.2,2.2,100,GPC,"At 2026-01-09 11:00:00, the stock GPC opened at 2.20 VND, reached a high of 2.20 VND, a low of 2.20 VND, and closed the hour at 2.20 VND with a trading volume of 100 shares."
2026-01-09 13:00:00,2.2,2.2,2.2,2.2,100,GPC,"At 2026-01-09 13:00:00, the stock GPC opened at 2.20 VND, reached a high of 2.20 VND, a low of 2.20 VND, and closed the hour at 2.20 VND with a trading volume of 100 shares."
2026-01-09 14:00:00,2.2,2.2,2.2,2.2,5000,GPC,"At 2026-01-09 14:00:00, the stock GPC opened at 2.20 VND, reached a high of 2.20 VND, a low of 2.20 VND, and closed the hour at 2.20 VND with a trading volume of 5,000 shares."
2026-01-12 09:00:00,2.3,2.3,2.2,2.2,3400,GPC,"At 2026-01-12 09:00:00, the stock GPC opened at 2.30 VND, reached a high of 2.30 VND, a low of 2.20 VND, and closed the hour at 2.20 VND with a trading volume of 3,400 shares."
2026-01-12 11:00:00,2.2,2.2,2.2,2.2,1100,GPC,"At 2026-01-12 11:00:00, the stock GPC opened at 2.20 VND, reached a high of 2.20 VND, a low of 2.20 VND, and closed the hour at 2.20 VND with a trading volume of 1,100 shares."
2026-01-12 13:00:00,2.2,2.3,2.2,2.3,7900,GPC,"At 2026-01-12 13:00:00, the stock GPC opened at 2.20 VND, reached a high of 2.30 VND, a low of 2.20 VND, and closed the hour at 2.30 VND with a trading volume of 7,900 shares."
2026-01-13 09:00:00,2.3,2.3,2.3,2.3,900,GPC,"At 2026-01-13 09:00:00, the stock GPC opened at 2.30 VND, reached a high of 2.30 VND, a low of 2.30 VND, and closed the hour at 2.30 VND with a trading volume of 900 shares."
2026-01-13 10:00:00,2.2,2.2,2.2,2.2,3400,GPC,"At 2026-01-13 10:00:00, the stock GPC opened at 2.20 VND, reached a high of 2.20 VND, a low of 2.20 VND, and closed the hour at 2.20 VND with a trading volume of 3,400 shares."
2026-01-13 13:00:00,2.3,2.3,2.2,2.2,15300,GPC,"At 2026-01-13 13:00:00, the stock GPC opened at 2.30 VND, reached a high of 2.30 VND, a low of 2.20 VND, and closed the hour at 2.20 VND with a trading volume of 15,300 shares."
2026-01-13 14:00:00,2.2,2.3,2.2,2.3,500,GPC,"At 2026-01-13 14:00:00, the stock GPC opened at 2.20 VND, reached a high of 2.30 VND, a low of 2.20 VND, and closed the hour at 2.30 VND with a trading volume of 500 shares."
2026-01-14 09:00:00,2.2,2.3,2.2,2.2,47100,GPC,"At 2026-01-14 09:00:00, the stock GPC opened at 2.20 VND, reached a high of 2.30 VND, a low of 2.20 VND, and closed the hour at 2.20 VND with a trading volume of 47,100 shares."
2026-01-14 10:00:00,2.2,2.2,2.2,2.2,100,GPC,"At 2026-01-14 10:00:00, the stock GPC opened at 2.20 VND, reached a high of 2.20 VND, a low of 2.20 VND, and closed the hour at 2.20 VND with a trading volume of 100 shares."
2026-01-14 11:00:00,2.2,2.2,2.2,2.2,4000,GPC,"At 2026-01-14 11:00:00, the stock GPC opened at 2.20 VND, reached a high of 2.20 VND, a low of 2.20 VND, and closed the hour at 2.20 VND with a trading volume of 4,000 shares."
2026-01-14 13:00:00,2.3,2.3,2.2,2.2,200,GPC,"At 2026-01-14 13:00:00, the stock GPC opened at 2.30 VND, reached a high of 2.30 VND, a low of 2.20 VND, and closed the hour at 2.20 VND with a trading volume of 200 shares."
2026-01-14 14:00:00,2.2,2.2,2.2,2.2,1000,GPC,"At 2026-01-14 14:00:00, the stock GPC opened at 2.20 VND, reached a high of 2.20 VND, a low of 2.20 VND, and closed the hour at 2.20 VND with a trading volume of 1,000 shares."
2026-01-15 09:00:00,2.2,2.2,2.1,2.2,56500,GPC,"At 2026-01-15 09:00:00, the stock GPC opened at 2.20 VND, reached a high of 2.20 VND, a low of 2.10 VND, and closed the hour at 2.20 VND with a trading volume of 56,500 shares."
2026-01-15 10:00:00,2.2,2.2,2.2,2.2,200,GPC,"At 2026-01-15 10:00:00, the stock GPC opened at 2.20 VND, reached a high of 2.20 VND, a low of 2.20 VND, and closed the hour at 2.20 VND with a trading volume of 200 shares."
2026-01-15 11:00:00,2.2,2.2,2.2,2.2,16000,GPC,"At 2026-01-15 11:00:00, the stock GPC opened at 2.20 VND, reached a high of 2.20 VND, a low of 2.20 VND, and closed the hour at 2.20 VND with a trading volume of 16,000 shares."
2026-01-15 14:00:00,2.2,2.2,2.2,2.2,10000,GPC,"At 2026-01-15 14:00:00, the stock GPC opened at 2.20 VND, reached a high of 2.20 VND, a low of 2.20 VND, and closed the hour at 2.20 VND with a trading volume of 10,000 shares."
2026-01-16 09:00:00,2.2,2.2,2.2,2.2,9300,GPC,"At 2026-01-16 09:00:00, the stock GPC opened at 2.20 VND, reached a high of 2.20 VND, a low of 2.20 VND, and closed the hour at 2.20 VND with a trading volume of 9,300 shares."
2026-01-16 10:00:00,2.2,2.3,2.2,2.2,14000,GPC,"At 2026-01-16 10:00:00, the stock GPC opened at 2.20 VND, reached a high of 2.30 VND, a low of 2.20 VND, and closed the hour at 2.20 VND with a trading volume of 14,000 shares."
2026-01-16 11:00:00,2.2,2.2,2.2,2.2,5000,GPC,"At 2026-01-16 11:00:00, the stock GPC opened at 2.20 VND, reached a high of 2.20 VND, a low of 2.20 VND, and closed the hour at 2.20 VND with a trading volume of 5,000 shares."
2026-01-16 13:00:00,2.2,2.2,2.2,2.2,11100,GPC,"At 2026-01-16 13:00:00, the stock GPC opened at 2.20 VND, reached a high of 2.20 VND, a low of 2.20 VND, and closed the hour at 2.20 VND with a trading volume of 11,100 shares."
2026-01-19 09:00:00,2.2,2.2,2.2,2.2,700,GPC,"At 2026-01-19 09:00:00, the stock GPC opened at 2.20 VND, reached a high of 2.20 VND, a low of 2.20 VND, and closed the hour at 2.20 VND with a trading volume of 700 shares."
2026-01-19 10:00:00,2.2,2.2,2.2,2.2,100,GPC,"At 2026-01-19 10:00:00, the stock GPC opened at 2.20 VND, reached a high of 2.20 VND, a low of 2.20 VND, and closed the hour at 2.20 VND with a trading volume of 100 shares."
2026-01-19 13:00:00,2.2,2.2,2.2,2.2,9900,GPC,"At 2026-01-19 13:00:00, the stock GPC opened at 2.20 VND, reached a high of 2.20 VND, a low of 2.20 VND, and closed the hour at 2.20 VND with a trading volume of 9,900 shares."
2026-01-19 14:00:00,2.2,2.2,2.2,2.2,6800,GPC,"At 2026-01-19 14:00:00, the stock GPC opened at 2.20 VND, reached a high of 2.20 VND, a low of 2.20 VND, and closed the hour at 2.20 VND with a trading volume of 6,800 shares."
2026-01-20 09:00:00,2.2,2.2,2.1,2.2,79900,GPC,"At 2026-01-20 09:00:00, the stock GPC opened at 2.20 VND, reached a high of 2.20 VND, a low of 2.10 VND, and closed the hour at 2.20 VND with a trading volume of 79,900 shares."
2026-01-20 10:00:00,2.3,2.3,2.3,2.3,2300,GPC,"At 2026-01-20 10:00:00, the stock GPC opened at 2.30 VND, reached a high of 2.30 VND, a low of 2.30 VND, and closed the hour at 2.30 VND with a trading volume of 2,300 shares."
2026-01-20 13:00:00,2.3,2.3,2.2,2.3,17900,GPC,"At 2026-01-20 13:00:00, the stock GPC opened at 2.30 VND, reached a high of 2.30 VND, a low of 2.20 VND, and closed the hour at 2.30 VND with a trading volume of 17,900 shares."
2026-01-20 14:00:00,2.2,2.2,2.2,2.2,16800,GPC,"At 2026-01-20 14:00:00, the stock GPC opened at 2.20 VND, reached a high of 2.20 VND, a low of 2.20 VND, and closed the hour at 2.20 VND with a trading volume of 16,800 shares."
2026-01-21 09:00:00,2.2,2.2,2.2,2.2,400,GPC,"At 2026-01-21 09:00:00, the stock GPC opened at 2.20 VND, reached a high of 2.20 VND, a low of 2.20 VND, and closed the hour at 2.20 VND with a trading volume of 400 shares."
2026-01-21 10:00:00,2.2,2.2,2.2,2.2,9000,GPC,"At 2026-01-21 10:00:00, the stock GPC opened at 2.20 VND, reached a high of 2.20 VND, a low of 2.20 VND, and closed the hour at 2.20 VND with a trading volume of 9,000 shares."
2026-01-21 11:00:00,2.2,2.2,2.2,2.2,3300,GPC,"At 2026-01-21 11:00:00, the stock GPC opened at 2.20 VND, reached a high of 2.20 VND, a low of 2.20 VND, and closed the hour at 2.20 VND with a trading volume of 3,300 shares."
2026-01-21 13:00:00,2.3,2.3,2.2,2.2,3100,GPC,"At 2026-01-21 13:00:00, the stock GPC opened at 2.30 VND, reached a high of 2.30 VND, a low of 2.20 VND, and closed the hour at 2.20 VND with a trading volume of 3,100 shares."
2026-01-21 14:00:00,2.2,2.2,2.2,2.2,2900,GPC,"At 2026-01-21 14:00:00, the stock GPC opened at 2.20 VND, reached a high of 2.20 VND, a low of 2.20 VND, and closed the hour at 2.20 VND with a trading volume of 2,900 shares."
2026-01-22 09:00:00,2.2,2.2,2.2,2.2,200,GPC,"At 2026-01-22 09:00:00, the stock GPC opened at 2.20 VND, reached a high of 2.20 VND, a low of 2.20 VND, and closed the hour at 2.20 VND with a trading volume of 200 shares."
2026-01-22 10:00:00,2.2,2.2,2.2,2.2,1300,GPC,"At 2026-01-22 10:00:00, the stock GPC opened at 2.20 VND, reached a high of 2.20 VND, a low of 2.20 VND, and closed the hour at 2.20 VND with a trading volume of 1,300 shares."
2026-01-22 11:00:00,2.2,2.2,2.2,2.2,600,GPC,"At 2026-01-22 11:00:00, the stock GPC opened at 2.20 VND, reached a high of 2.20 VND, a low of 2.20 VND, and closed the hour at 2.20 VND with a trading volume of 600 shares."
2026-01-22 13:00:00,2.2,2.2,2.2,2.2,400,GPC,"At 2026-01-22 13:00:00, the stock GPC opened at 2.20 VND, reached a high of 2.20 VND, a low of 2.20 VND, and closed the hour at 2.20 VND with a trading volume of 400 shares."
2026-01-22 14:00:00,2.2,2.2,2.2,2.2,2900,GPC,"At 2026-01-22 14:00:00, the stock GPC opened at 2.20 VND, reached a high of 2.20 VND, a low of 2.20 VND, and closed the hour at 2.20 VND with a trading volume of 2,900 shares."
2026-01-23 09:00:00,2.2,2.2,2.2,2.2,7400,GPC,"At 2026-01-23 09:00:00, the stock GPC opened at 2.20 VND, reached a high of 2.20 VND, a low of 2.20 VND, and closed the hour at 2.20 VND with a trading volume of 7,400 shares."
2026-01-23 10:00:00,2.2,2.2,2.2,2.2,17600,GPC,"At 2026-01-23 10:00:00, the stock GPC opened at 2.20 VND, reached a high of 2.20 VND, a low of 2.20 VND, and closed the hour at 2.20 VND with a trading volume of 17,600 shares."
2026-01-23 11:00:00,2.2,2.2,2.2,2.2,8000,GPC,"At 2026-01-23 11:00:00, the stock GPC opened at 2.20 VND, reached a high of 2.20 VND, a low of 2.20 VND, and closed the hour at 2.20 VND with a trading volume of 8,000 shares."
2026-01-23 13:00:00,2.2,2.2,2.2,2.2,2700,GPC,"At 2026-01-23 13:00:00, the stock GPC opened at 2.20 VND, reached a high of 2.20 VND, a low of 2.20 VND, and closed the hour at 2.20 VND with a trading volume of 2,700 shares."
2026-01-26 09:00:00,2.2,2.2,2.2,2.2,3900,GPC,"At 2026-01-26 09:00:00, the stock GPC opened at 2.20 VND, reached a high of 2.20 VND, a low of 2.20 VND, and closed the hour at 2.20 VND with a trading volume of 3,900 shares."
2026-01-26 10:00:00,2.2,2.2,2.2,2.2,500,GPC,"At 2026-01-26 10:00:00, the stock GPC opened at 2.20 VND, reached a high of 2.20 VND, a low of 2.20 VND, and closed the hour at 2.20 VND with a trading volume of 500 shares."
2026-01-26 14:00:00,2.2,2.2,2.1,2.1,53100,GPC,"At 2026-01-26 14:00:00, the stock GPC opened at 2.20 VND, reached a high of 2.20 VND, a low of 2.10 VND, and closed the hour at 2.10 VND with a trading volume of 53,100 shares."
2026-01-27 09:00:00,2.2,2.2,2.2,2.2,6000,GPC,"At 2026-01-27 09:00:00, the stock GPC opened at 2.20 VND, reached a high of 2.20 VND, a low of 2.20 VND, and closed the hour at 2.20 VND with a trading volume of 6,000 shares."
2026-01-27 10:00:00,2.2,2.2,2.2,2.2,1000,GPC,"At 2026-01-27 10:00:00, the stock GPC opened at 2.20 VND, reached a high of 2.20 VND, a low of 2.20 VND, and closed the hour at 2.20 VND with a trading volume of 1,000 shares."
2026-01-27 13:00:00,2.1,2.1,2.1,2.1,2600,GPC,"At 2026-01-27 13:00:00, the stock GPC opened at 2.10 VND, reached a high of 2.10 VND, a low of 2.10 VND, and closed the hour at 2.10 VND with a trading volume of 2,600 shares."
2026-01-27 14:00:00,2.2,2.2,2.2,2.2,500,GPC,"At 2026-01-27 14:00:00, the stock GPC opened at 2.20 VND, reached a high of 2.20 VND, a low of 2.20 VND, and closed the hour at 2.20 VND with a trading volume of 500 shares."
2026-01-28 09:00:00,2.2,2.2,2.2,2.2,2000,GPC,"At 2026-01-28 09:00:00, the stock GPC opened at 2.20 VND, reached a high of 2.20 VND, a low of 2.20 VND, and closed the hour at 2.20 VND with a trading volume of 2,000 shares."
2026-01-28 10:00:00,2.2,2.2,2.2,2.2,4000,GPC,"At 2026-01-28 10:00:00, the stock GPC opened at 2.20 VND, reached a high of 2.20 VND, a low of 2.20 VND, and closed the hour at 2.20 VND with a trading volume of 4,000 shares."
2026-01-28 13:00:00,2.1,2.1,2.1,2.1,2200,GPC,"At 2026-01-28 13:00:00, the stock GPC opened at 2.10 VND, reached a high of 2.10 VND, a low of 2.10 VND, and closed the hour at 2.10 VND with a trading volume of 2,200 shares."
2026-01-28 14:00:00,2.1,2.2,2.1,2.1,2400,GPC,"At 2026-01-28 14:00:00, the stock GPC opened at 2.10 VND, reached a high of 2.20 VND, a low of 2.10 VND, and closed the hour at 2.10 VND with a trading volume of 2,400 shares."
2026-01-29 11:00:00,2.1,2.1,2.1,2.1,2800,GPC,"At 2026-01-29 11:00:00, the stock GPC opened at 2.10 VND, reached a high of 2.10 VND, a low of 2.10 VND, and closed the hour at 2.10 VND with a trading volume of 2,800 shares."
2026-01-29 13:00:00,2.2,2.2,2.1,2.1,32100,GPC,"At 2026-01-29 13:00:00, the stock GPC opened at 2.20 VND, reached a high of 2.20 VND, a low of 2.10 VND, and closed the hour at 2.10 VND with a trading volume of 32,100 shares."
2026-01-29 14:00:00,2.1,2.1,2.1,2.1,10000,GPC,"At 2026-01-29 14:00:00, the stock GPC opened at 2.10 VND, reached a high of 2.10 VND, a low of 2.10 VND, and closed the hour at 2.10 VND with a trading volume of 10,000 shares."
2026-01-30 09:00:00,2.1,2.1,2.1,2.1,14300,GPC,"At 2026-01-30 09:00:00, the stock GPC opened at 2.10 VND, reached a high of 2.10 VND, a low of 2.10 VND, and closed the hour at 2.10 VND with a trading volume of 14,300 shares."
2026-01-30 10:00:00,2.1,2.1,2.1,2.1,1500,GPC,"At 2026-01-30 10:00:00, the stock GPC opened at 2.10 VND, reached a high of 2.10 VND, a low of 2.10 VND, and closed the hour at 2.10 VND with a trading volume of 1,500 shares."
2026-01-30 11:00:00,2.1,2.1,2.1,2.1,1600,GPC,"At 2026-01-30 11:00:00, the stock GPC opened at 2.10 VND, reached a high of 2.10 VND, a low of 2.10 VND, and closed the hour at 2.10 VND with a trading volume of 1,600 shares."
2026-01-30 13:00:00,2.1,2.2,2.1,2.2,6000,GPC,"At 2026-01-30 13:00:00, the stock GPC opened at 2.10 VND, reached a high of 2.20 VND, a low of 2.10 VND, and closed the hour at 2.20 VND with a trading volume of 6,000 shares."
2026-01-30 14:00:00,2.2,2.3,2.1,2.3,95100,GPC,"At 2026-01-30 14:00:00, the stock GPC opened at 2.20 VND, reached a high of 2.30 VND, a low of 2.10 VND, and closed the hour at 2.30 VND with a trading volume of 95,100 shares."
2026-02-02 09:00:00,2.3,2.3,2.2,2.3,90000,GPC,"At 2026-02-02 09:00:00, the stock GPC opened at 2.30 VND, reached a high of 2.30 VND, a low of 2.20 VND, and closed the hour at 2.30 VND with a trading volume of 90,000 shares."
2026-02-02 10:00:00,2.3,2.3,2.3,2.3,53600,GPC,"At 2026-02-02 10:00:00, the stock GPC opened at 2.30 VND, reached a high of 2.30 VND, a low of 2.30 VND, and closed the hour at 2.30 VND with a trading volume of 53,600 shares."
2026-02-02 11:00:00,2.3,2.4,2.3,2.3,3000,GPC,"At 2026-02-02 11:00:00, the stock GPC opened at 2.30 VND, reached a high of 2.40 VND, a low of 2.30 VND, and closed the hour at 2.30 VND with a trading volume of 3,000 shares."
2026-02-02 13:00:00,2.3,2.3,2.3,2.3,40800,GPC,"At 2026-02-02 13:00:00, the stock GPC opened at 2.30 VND, reached a high of 2.30 VND, a low of 2.30 VND, and closed the hour at 2.30 VND with a trading volume of 40,800 shares."
2026-02-02 14:00:00,2.3,2.3,2.3,2.3,15000,GPC,"At 2026-02-02 14:00:00, the stock GPC opened at 2.30 VND, reached a high of 2.30 VND, a low of 2.30 VND, and closed the hour at 2.30 VND with a trading volume of 15,000 shares."
2026-02-03 09:00:00,2.3,2.3,2.3,2.3,8000,GPC,"At 2026-02-03 09:00:00, the stock GPC opened at 2.30 VND, reached a high of 2.30 VND, a low of 2.30 VND, and closed the hour at 2.30 VND with a trading volume of 8,000 shares."
2026-02-03 10:00:00,2.3,2.3,2.3,2.3,1200,GPC,"At 2026-02-03 10:00:00, the stock GPC opened at 2.30 VND, reached a high of 2.30 VND, a low of 2.30 VND, and closed the hour at 2.30 VND with a trading volume of 1,200 shares."
2026-02-03 11:00:00,2.3,2.3,2.3,2.3,1800,GPC,"At 2026-02-03 11:00:00, the stock GPC opened at 2.30 VND, reached a high of 2.30 VND, a low of 2.30 VND, and closed the hour at 2.30 VND with a trading volume of 1,800 shares."
2026-02-03 13:00:00,2.3,2.3,2.3,2.3,1000,GPC,"At 2026-02-03 13:00:00, the stock GPC opened at 2.30 VND, reached a high of 2.30 VND, a low of 2.30 VND, and closed the hour at 2.30 VND with a trading volume of 1,000 shares."
2026-02-04 09:00:00,2.3,2.3,2.3,2.3,1300,GPC,"At 2026-02-04 09:00:00, the stock GPC opened at 2.30 VND, reached a high of 2.30 VND, a low of 2.30 VND, and closed the hour at 2.30 VND with a trading volume of 1,300 shares."
2026-02-04 13:00:00,2.2,2.2,2.2,2.2,27600,GPC,"At 2026-02-04 13:00:00, the stock GPC opened at 2.20 VND, reached a high of 2.20 VND, a low of 2.20 VND, and closed the hour at 2.20 VND with a trading volume of 27,600 shares."
2026-02-04 14:00:00,2.2,2.2,2.2,2.2,17900,GPC,"At 2026-02-04 14:00:00, the stock GPC opened at 2.20 VND, reached a high of 2.20 VND, a low of 2.20 VND, and closed the hour at 2.20 VND with a trading volume of 17,900 shares."
2026-02-05 09:00:00,2.2,2.2,2.2,2.2,16500,GPC,"At 2026-02-05 09:00:00, the stock GPC opened at 2.20 VND, reached a high of 2.20 VND, a low of 2.20 VND, and closed the hour at 2.20 VND with a trading volume of 16,500 shares."
2026-02-05 10:00:00,2.2,2.2,2.2,2.2,1800,GPC,"At 2026-02-05 10:00:00, the stock GPC opened at 2.20 VND, reached a high of 2.20 VND, a low of 2.20 VND, and closed the hour at 2.20 VND with a trading volume of 1,800 shares."
2026-02-05 13:00:00,2.2,2.2,2.2,2.2,12100,GPC,"At 2026-02-05 13:00:00, the stock GPC opened at 2.20 VND, reached a high of 2.20 VND, a low of 2.20 VND, and closed the hour at 2.20 VND with a trading volume of 12,100 shares."
2026-02-05 14:00:00,2.2,2.2,2.2,2.2,11500,GPC,"At 2026-02-05 14:00:00, the stock GPC opened at 2.20 VND, reached a high of 2.20 VND, a low of 2.20 VND, and closed the hour at 2.20 VND with a trading volume of 11,500 shares."
2026-02-06 09:00:00,2.2,2.2,2.2,2.2,11400,GPC,"At 2026-02-06 09:00:00, the stock GPC opened at 2.20 VND, reached a high of 2.20 VND, a low of 2.20 VND, and closed the hour at 2.20 VND with a trading volume of 11,400 shares."
2026-02-06 10:00:00,2.2,2.2,2.1,2.1,51200,GPC,"At 2026-02-06 10:00:00, the stock GPC opened at 2.20 VND, reached a high of 2.20 VND, a low of 2.10 VND, and closed the hour at 2.10 VND with a trading volume of 51,200 shares."
2026-02-06 11:00:00,2.2,2.2,2.2,2.2,2500,GPC,"At 2026-02-06 11:00:00, the stock GPC opened at 2.20 VND, reached a high of 2.20 VND, a low of 2.20 VND, and closed the hour at 2.20 VND with a trading volume of 2,500 shares."
2026-02-06 13:00:00,2.1,2.2,2.1,2.2,16300,GPC,"At 2026-02-06 13:00:00, the stock GPC opened at 2.10 VND, reached a high of 2.20 VND, a low of 2.10 VND, and closed the hour at 2.20 VND with a trading volume of 16,300 shares."
2026-02-06 14:00:00,2.2,2.2,2.2,2.2,2000,GPC,"At 2026-02-06 14:00:00, the stock GPC opened at 2.20 VND, reached a high of 2.20 VND, a low of 2.20 VND, and closed the hour at 2.20 VND with a trading volume of 2,000 shares."
2026-02-09 09:00:00,2.3,2.3,2.2,2.2,5300,GPC,"At 2026-02-09 09:00:00, the stock GPC opened at 2.30 VND, reached a high of 2.30 VND, a low of 2.20 VND, and closed the hour at 2.20 VND with a trading volume of 5,300 shares."
2026-02-09 10:00:00,2.2,2.2,2.2,2.2,5000,GPC,"At 2026-02-09 10:00:00, the stock GPC opened at 2.20 VND, reached a high of 2.20 VND, a low of 2.20 VND, and closed the hour at 2.20 VND with a trading volume of 5,000 shares."
2026-02-09 11:00:00,2.2,2.2,2.2,2.2,48000,GPC,"At 2026-02-09 11:00:00, the stock GPC opened at 2.20 VND, reached a high of 2.20 VND, a low of 2.20 VND, and closed the hour at 2.20 VND with a trading volume of 48,000 shares."
2026-02-09 13:00:00,2.2,2.2,2.2,2.2,4900,GPC,"At 2026-02-09 13:00:00, the stock GPC opened at 2.20 VND, reached a high of 2.20 VND, a low of 2.20 VND, and closed the hour at 2.20 VND with a trading volume of 4,900 shares."
2026-02-09 14:00:00,2.2,2.2,2.2,2.2,10900,GPC,"At 2026-02-09 14:00:00, the stock GPC opened at 2.20 VND, reached a high of 2.20 VND, a low of 2.20 VND, and closed the hour at 2.20 VND with a trading volume of 10,900 shares."
2026-02-10 09:00:00,2.2,2.2,2.1,2.1,1700,GPC,"At 2026-02-10 09:00:00, the stock GPC opened at 2.20 VND, reached a high of 2.20 VND, a low of 2.10 VND, and closed the hour at 2.10 VND with a trading volume of 1,700 shares."
2026-02-10 10:00:00,2.2,2.3,2.2,2.3,5400,GPC,"At 2026-02-10 10:00:00, the stock GPC opened at 2.20 VND, reached a high of 2.30 VND, a low of 2.20 VND, and closed the hour at 2.30 VND with a trading volume of 5,400 shares."
2026-02-10 13:00:00,2.2,2.2,2.2,2.2,1100,GPC,"At 2026-02-10 13:00:00, the stock GPC opened at 2.20 VND, reached a high of 2.20 VND, a low of 2.20 VND, and closed the hour at 2.20 VND with a trading volume of 1,100 shares."
2026-02-10 14:00:00,2.2,2.2,2.2,2.2,8700,GPC,"At 2026-02-10 14:00:00, the stock GPC opened at 2.20 VND, reached a high of 2.20 VND, a low of 2.20 VND, and closed the hour at 2.20 VND with a trading volume of 8,700 shares."
2026-02-11 09:00:00,2.2,2.2,2.1,2.2,18300,GPC,"At 2026-02-11 09:00:00, the stock GPC opened at 2.20 VND, reached a high of 2.20 VND, a low of 2.10 VND, and closed the hour at 2.20 VND with a trading volume of 18,300 shares."
2026-02-11 10:00:00,2.3,2.3,2.3,2.3,100,GPC,"At 2026-02-11 10:00:00, the stock GPC opened at 2.30 VND, reached a high of 2.30 VND, a low of 2.30 VND, and closed the hour at 2.30 VND with a trading volume of 100 shares."
2026-02-11 11:00:00,2.2,2.2,2.2,2.2,5000,GPC,"At 2026-02-11 11:00:00, the stock GPC opened at 2.20 VND, reached a high of 2.20 VND, a low of 2.20 VND, and closed the hour at 2.20 VND with a trading volume of 5,000 shares."
2026-02-11 13:00:00,2.2,2.2,2.2,2.2,1600,GPC,"At 2026-02-11 13:00:00, the stock GPC opened at 2.20 VND, reached a high of 2.20 VND, a low of 2.20 VND, and closed the hour at 2.20 VND with a trading volume of 1,600 shares."
2026-02-11 14:00:00,2.2,2.2,2.2,2.2,4000,GPC,"At 2026-02-11 14:00:00, the stock GPC opened at 2.20 VND, reached a high of 2.20 VND, a low of 2.20 VND, and closed the hour at 2.20 VND with a trading volume of 4,000 shares."
2026-02-12 09:00:00,2.2,2.2,2.2,2.2,1200,GPC,"At 2026-02-12 09:00:00, the stock GPC opened at 2.20 VND, reached a high of 2.20 VND, a low of 2.20 VND, and closed the hour at 2.20 VND with a trading volume of 1,200 shares."
2026-02-12 10:00:00,2.2,2.3,2.2,2.3,400,GPC,"At 2026-02-12 10:00:00, the stock GPC opened at 2.20 VND, reached a high of 2.30 VND, a low of 2.20 VND, and closed the hour at 2.30 VND with a trading volume of 400 shares."
2026-02-12 13:00:00,2.2,2.2,2.2,2.2,2000,GPC,"At 2026-02-12 13:00:00, the stock GPC opened at 2.20 VND, reached a high of 2.20 VND, a low of 2.20 VND, and closed the hour at 2.20 VND with a trading volume of 2,000 shares."
2026-02-12 14:00:00,2.2,2.2,2.2,2.2,9600,GPC,"At 2026-02-12 14:00:00, the stock GPC opened at 2.20 VND, reached a high of 2.20 VND, a low of 2.20 VND, and closed the hour at 2.20 VND with a trading volume of 9,600 shares."
2026-02-13 09:00:00,2.2,2.2,2.2,2.2,700,GPC,"At 2026-02-13 09:00:00, the stock GPC opened at 2.20 VND, reached a high of 2.20 VND, a low of 2.20 VND, and closed the hour at 2.20 VND with a trading volume of 700 shares."
2026-02-13 13:00:00,2.2,2.2,2.2,2.2,2000,GPC,"At 2026-02-13 13:00:00, the stock GPC opened at 2.20 VND, reached a high of 2.20 VND, a low of 2.20 VND, and closed the hour at 2.20 VND with a trading volume of 2,000 shares."
2026-02-13 14:00:00,2.3,2.3,2.3,2.3,77500,GPC,"At 2026-02-13 14:00:00, the stock GPC opened at 2.30 VND, reached a high of 2.30 VND, a low of 2.30 VND, and closed the hour at 2.30 VND with a trading volume of 77,500 shares."
2026-02-23 09:00:00,2.3,2.3,2.3,2.3,195300,GPC,"At 2026-02-23 09:00:00, the stock GPC opened at 2.30 VND, reached a high of 2.30 VND, a low of 2.30 VND, and closed the hour at 2.30 VND with a trading volume of 195,300 shares."
2026-02-23 10:00:00,2.3,2.3,2.3,2.3,12800,GPC,"At 2026-02-23 10:00:00, the stock GPC opened at 2.30 VND, reached a high of 2.30 VND, a low of 2.30 VND, and closed the hour at 2.30 VND with a trading volume of 12,800 shares."
2026-02-23 11:00:00,2.3,2.3,2.3,2.3,10200,GPC,"At 2026-02-23 11:00:00, the stock GPC opened at 2.30 VND, reached a high of 2.30 VND, a low of 2.30 VND, and closed the hour at 2.30 VND with a trading volume of 10,200 shares."
2026-02-23 13:00:00,2.3,2.3,2.3,2.3,3900,GPC,"At 2026-02-23 13:00:00, the stock GPC opened at 2.30 VND, reached a high of 2.30 VND, a low of 2.30 VND, and closed the hour at 2.30 VND with a trading volume of 3,900 shares."
2026-02-23 14:00:00,2.3,2.4,2.3,2.4,32500,GPC,"At 2026-02-23 14:00:00, the stock GPC opened at 2.30 VND, reached a high of 2.40 VND, a low of 2.30 VND, and closed the hour at 2.40 VND with a trading volume of 32,500 shares."
2026-02-24 09:00:00,2.3,2.3,2.3,2.3,4900,GPC,"At 2026-02-24 09:00:00, the stock GPC opened at 2.30 VND, reached a high of 2.30 VND, a low of 2.30 VND, and closed the hour at 2.30 VND with a trading volume of 4,900 shares."
2026-02-24 10:00:00,2.3,2.3,2.3,2.3,11000,GPC,"At 2026-02-24 10:00:00, the stock GPC opened at 2.30 VND, reached a high of 2.30 VND, a low of 2.30 VND, and closed the hour at 2.30 VND with a trading volume of 11,000 shares."
2026-02-24 11:00:00,2.3,2.3,2.3,2.3,13700,GPC,"At 2026-02-24 11:00:00, the stock GPC opened at 2.30 VND, reached a high of 2.30 VND, a low of 2.30 VND, and closed the hour at 2.30 VND with a trading volume of 13,700 shares."
2026-02-24 13:00:00,2.4,2.4,2.4,2.4,200,GPC,"At 2026-02-24 13:00:00, the stock GPC opened at 2.40 VND, reached a high of 2.40 VND, a low of 2.40 VND, and closed the hour at 2.40 VND with a trading volume of 200 shares."
2026-02-24 14:00:00,2.4,2.4,2.3,2.3,7100,GPC,"At 2026-02-24 14:00:00, the stock GPC opened at 2.40 VND, reached a high of 2.40 VND, a low of 2.30 VND, and closed the hour at 2.30 VND with a trading volume of 7,100 shares."
2026-02-25 09:00:00,2.2,2.3,2.2,2.3,7300,GPC,"At 2026-02-25 09:00:00, the stock GPC opened at 2.20 VND, reached a high of 2.30 VND, a low of 2.20 VND, and closed the hour at 2.30 VND with a trading volume of 7,300 shares."
2026-02-25 10:00:00,2.3,2.3,2.3,2.3,15200,GPC,"At 2026-02-25 10:00:00, the stock GPC opened at 2.30 VND, reached a high of 2.30 VND, a low of 2.30 VND, and closed the hour at 2.30 VND with a trading volume of 15,200 shares."
2026-02-25 13:00:00,2.3,2.3,2.3,2.3,4800,GPC,"At 2026-02-25 13:00:00, the stock GPC opened at 2.30 VND, reached a high of 2.30 VND, a low of 2.30 VND, and closed the hour at 2.30 VND with a trading volume of 4,800 shares."
2026-02-25 14:00:00,2.3,2.3,2.3,2.3,39600,GPC,"At 2026-02-25 14:00:00, the stock GPC opened at 2.30 VND, reached a high of 2.30 VND, a low of 2.30 VND, and closed the hour at 2.30 VND with a trading volume of 39,600 shares."
2026-02-26 09:00:00,2.3,2.4,2.3,2.4,21300,GPC,"At 2026-02-26 09:00:00, the stock GPC opened at 2.30 VND, reached a high of 2.40 VND, a low of 2.30 VND, and closed the hour at 2.40 VND with a trading volume of 21,300 shares."
2026-02-26 10:00:00,2.3,2.3,2.3,2.3,600,GPC,"At 2026-02-26 10:00:00, the stock GPC opened at 2.30 VND, reached a high of 2.30 VND, a low of 2.30 VND, and closed the hour at 2.30 VND with a trading volume of 600 shares."
2026-02-26 11:00:00,2.3,2.3,2.3,2.3,2700,GPC,"At 2026-02-26 11:00:00, the stock GPC opened at 2.30 VND, reached a high of 2.30 VND, a low of 2.30 VND, and closed the hour at 2.30 VND with a trading volume of 2,700 shares."
2026-02-26 13:00:00,2.3,2.3,2.2,2.3,3900,GPC,"At 2026-02-26 13:00:00, the stock GPC opened at 2.30 VND, reached a high of 2.30 VND, a low of 2.20 VND, and closed the hour at 2.30 VND with a trading volume of 3,900 shares."
2026-02-26 14:00:00,2.3,2.3,2.2,2.2,1300,GPC,"At 2026-02-26 14:00:00, the stock GPC opened at 2.30 VND, reached a high of 2.30 VND, a low of 2.20 VND, and closed the hour at 2.20 VND with a trading volume of 1,300 shares."
2026-02-27 11:00:00,2.2,2.2,2.2,2.2,1500,GPC,"At 2026-02-27 11:00:00, the stock GPC opened at 2.20 VND, reached a high of 2.20 VND, a low of 2.20 VND, and closed the hour at 2.20 VND with a trading volume of 1,500 shares."
2026-02-27 13:00:00,2.3,2.3,2.2,2.2,3000,GPC,"At 2026-02-27 13:00:00, the stock GPC opened at 2.30 VND, reached a high of 2.30 VND, a low of 2.20 VND, and closed the hour at 2.20 VND with a trading volume of 3,000 shares."
2026-02-27 14:00:00,2.3,2.3,2.3,2.3,5000,GPC,"At 2026-02-27 14:00:00, the stock GPC opened at 2.30 VND, reached a high of 2.30 VND, a low of 2.30 VND, and closed the hour at 2.30 VND with a trading volume of 5,000 shares."
2026-03-02 09:00:00,2.3,2.3,2.3,2.3,100,GPC,"At 2026-03-02 09:00:00, the stock GPC opened at 2.30 VND, reached a high of 2.30 VND, a low of 2.30 VND, and closed the hour at 2.30 VND with a trading volume of 100 shares."
2026-03-02 13:00:00,2.3,2.3,2.3,2.3,1500,GPC,"At 2026-03-02 13:00:00, the stock GPC opened at 2.30 VND, reached a high of 2.30 VND, a low of 2.30 VND, and closed the hour at 2.30 VND with a trading volume of 1,500 shares."
2026-03-02 14:00:00,2.2,2.2,2.2,2.2,63900,GPC,"At 2026-03-02 14:00:00, the stock GPC opened at 2.20 VND, reached a high of 2.20 VND, a low of 2.20 VND, and closed the hour at 2.20 VND with a trading volume of 63,900 shares."
2026-03-03 09:00:00,2.3,2.3,2.2,2.2,11700,GPC,"At 2026-03-03 09:00:00, the stock GPC opened at 2.30 VND, reached a high of 2.30 VND, a low of 2.20 VND, and closed the hour at 2.20 VND with a trading volume of 11,700 shares."
2026-03-03 10:00:00,2.2,2.2,2.1,2.1,7100,GPC,"At 2026-03-03 10:00:00, the stock GPC opened at 2.20 VND, reached a high of 2.20 VND, a low of 2.10 VND, and closed the hour at 2.10 VND with a trading volume of 7,100 shares."
2026-03-03 11:00:00,2.2,2.2,2.2,2.2,200,GPC,"At 2026-03-03 11:00:00, the stock GPC opened at 2.20 VND, reached a high of 2.20 VND, a low of 2.20 VND, and closed the hour at 2.20 VND with a trading volume of 200 shares."
2026-03-03 13:00:00,2.2,2.2,2.1,2.1,4000,GPC,"At 2026-03-03 13:00:00, the stock GPC opened at 2.20 VND, reached a high of 2.20 VND, a low of 2.10 VND, and closed the hour at 2.10 VND with a trading volume of 4,000 shares."
2026-03-03 14:00:00,2.1,2.1,2.1,2.1,800,GPC,"At 2026-03-03 14:00:00, the stock GPC opened at 2.10 VND, reached a high of 2.10 VND, a low of 2.10 VND, and closed the hour at 2.10 VND with a trading volume of 800 shares."
2026-03-04 09:00:00,2.1,2.2,2.1,2.2,27300,GPC,"At 2026-03-04 09:00:00, the stock GPC opened at 2.10 VND, reached a high of 2.20 VND, a low of 2.10 VND, and closed the hour at 2.20 VND with a trading volume of 27,300 shares."
2026-03-04 10:00:00,2.1,2.2,2.1,2.2,37800,GPC,"At 2026-03-04 10:00:00, the stock GPC opened at 2.10 VND, reached a high of 2.20 VND, a low of 2.10 VND, and closed the hour at 2.20 VND with a trading volume of 37,800 shares."
2026-03-04 11:00:00,2.2,2.2,2.2,2.2,2000,GPC,"At 2026-03-04 11:00:00, the stock GPC opened at 2.20 VND, reached a high of 2.20 VND, a low of 2.20 VND, and closed the hour at 2.20 VND with a trading volume of 2,000 shares."
2026-03-04 13:00:00,2.2,2.2,2.1,2.1,1100,GPC,"At 2026-03-04 13:00:00, the stock GPC opened at 2.20 VND, reached a high of 2.20 VND, a low of 2.10 VND, and closed the hour at 2.10 VND with a trading volume of 1,100 shares."
2026-03-04 14:00:00,2.2,2.2,2.2,2.2,10100,GPC,"At 2026-03-04 14:00:00, the stock GPC opened at 2.20 VND, reached a high of 2.20 VND, a low of 2.20 VND, and closed the hour at 2.20 VND with a trading volume of 10,100 shares."
2026-03-05 09:00:00,2.2,2.2,2.2,2.2,500,GPC,"At 2026-03-05 09:00:00, the stock GPC opened at 2.20 VND, reached a high of 2.20 VND, a low of 2.20 VND, and closed the hour at 2.20 VND with a trading volume of 500 shares."
2026-03-05 10:00:00,2.1,2.2,2.1,2.2,1100,GPC,"At 2026-03-05 10:00:00, the stock GPC opened at 2.10 VND, reached a high of 2.20 VND, a low of 2.10 VND, and closed the hour at 2.20 VND with a trading volume of 1,100 shares."
2026-03-05 13:00:00,2.1,2.2,2.1,2.1,55600,GPC,"At 2026-03-05 13:00:00, the stock GPC opened at 2.10 VND, reached a high of 2.20 VND, a low of 2.10 VND, and closed the hour at 2.10 VND with a trading volume of 55,600 shares."
2026-03-05 14:00:00,2.2,2.2,2.2,2.2,20500,GPC,"At 2026-03-05 14:00:00, the stock GPC opened at 2.20 VND, reached a high of 2.20 VND, a low of 2.20 VND, and closed the hour at 2.20 VND with a trading volume of 20,500 shares."
2026-03-06 09:00:00,2.2,2.3,2.2,2.3,9100,GPC,"At 2026-03-06 09:00:00, the stock GPC opened at 2.20 VND, reached a high of 2.30 VND, a low of 2.20 VND, and closed the hour at 2.30 VND with a trading volume of 9,100 shares."
2026-03-06 10:00:00,2.3,2.3,2.3,2.3,100,GPC,"At 2026-03-06 10:00:00, the stock GPC opened at 2.30 VND, reached a high of 2.30 VND, a low of 2.30 VND, and closed the hour at 2.30 VND with a trading volume of 100 shares."
2026-03-06 13:00:00,2.2,2.2,2.2,2.2,1200,GPC,"At 2026-03-06 13:00:00, the stock GPC opened at 2.20 VND, reached a high of 2.20 VND, a low of 2.20 VND, and closed the hour at 2.20 VND with a trading volume of 1,200 shares."
2026-03-06 14:00:00,2.2,2.2,2.2,2.2,200,GPC,"At 2026-03-06 14:00:00, the stock GPC opened at 2.20 VND, reached a high of 2.20 VND, a low of 2.20 VND, and closed the hour at 2.20 VND with a trading volume of 200 shares."
2026-03-09 09:00:00,2.2,2.2,2.0,2.1,56300,GPC,"At 2026-03-09 09:00:00, the stock GPC opened at 2.20 VND, reached a high of 2.20 VND, a low of 2.00 VND, and closed the hour at 2.10 VND with a trading volume of 56,300 shares."
2026-03-09 10:00:00,2.1,2.1,2.0,2.1,13600,GPC,"At 2026-03-09 10:00:00, the stock GPC opened at 2.10 VND, reached a high of 2.10 VND, a low of 2.00 VND, and closed the hour at 2.10 VND with a trading volume of 13,600 shares."
2026-03-09 13:00:00,2.1,2.1,2.1,2.1,100,GPC,"At 2026-03-09 13:00:00, the stock GPC opened at 2.10 VND, reached a high of 2.10 VND, a low of 2.10 VND, and closed the hour at 2.10 VND with a trading volume of 100 shares."
2026-03-09 14:00:00,2.0,2.0,2.0,2.0,10000,GPC,"At 2026-03-09 14:00:00, the stock GPC opened at 2.00 VND, reached a high of 2.00 VND, a low of 2.00 VND, and closed the hour at 2.00 VND with a trading volume of 10,000 shares."
2026-03-10 09:00:00,2.1,2.1,2.1,2.1,1100,GPC,"At 2026-03-10 09:00:00, the stock GPC opened at 2.10 VND, reached a high of 2.10 VND, a low of 2.10 VND, and closed the hour at 2.10 VND with a trading volume of 1,100 shares."
2026-03-10 10:00:00,2.1,2.1,2.1,2.1,15100,GPC,"At 2026-03-10 10:00:00, the stock GPC opened at 2.10 VND, reached a high of 2.10 VND, a low of 2.10 VND, and closed the hour at 2.10 VND with a trading volume of 15,100 shares."
2026-03-10 11:00:00,2.1,2.1,2.1,2.1,300,GPC,"At 2026-03-10 11:00:00, the stock GPC opened at 2.10 VND, reached a high of 2.10 VND, a low of 2.10 VND, and closed the hour at 2.10 VND with a trading volume of 300 shares."
2026-03-10 13:00:00,2.0,2.1,2.0,2.1,11800,GPC,"At 2026-03-10 13:00:00, the stock GPC opened at 2.00 VND, reached a high of 2.10 VND, a low of 2.00 VND, and closed the hour at 2.10 VND with a trading volume of 11,800 shares."
2026-03-10 14:00:00,2.1,2.1,2.1,2.1,1400,GPC,"At 2026-03-10 14:00:00, the stock GPC opened at 2.10 VND, reached a high of 2.10 VND, a low of 2.10 VND, and closed the hour at 2.10 VND with a trading volume of 1,400 shares."
2026-03-11 09:00:00,2.1,2.1,2.1,2.1,25900,GPC,"At 2026-03-11 09:00:00, the stock GPC opened at 2.10 VND, reached a high of 2.10 VND, a low of 2.10 VND, and closed the hour at 2.10 VND with a trading volume of 25,900 shares."
2026-03-11 10:00:00,2.1,2.1,2.1,2.1,3200,GPC,"At 2026-03-11 10:00:00, the stock GPC opened at 2.10 VND, reached a high of 2.10 VND, a low of 2.10 VND, and closed the hour at 2.10 VND with a trading volume of 3,200 shares."
2026-03-11 11:00:00,2.1,2.1,2.1,2.1,5800,GPC,"At 2026-03-11 11:00:00, the stock GPC opened at 2.10 VND, reached a high of 2.10 VND, a low of 2.10 VND, and closed the hour at 2.10 VND with a trading volume of 5,800 shares."
2026-03-11 13:00:00,2.1,2.1,2.1,2.1,2600,GPC,"At 2026-03-11 13:00:00, the stock GPC opened at 2.10 VND, reached a high of 2.10 VND, a low of 2.10 VND, and closed the hour at 2.10 VND with a trading volume of 2,600 shares."
2026-03-12 09:00:00,2.1,2.1,2.1,2.1,1000,GPC,"At 2026-03-12 09:00:00, the stock GPC opened at 2.10 VND, reached a high of 2.10 VND, a low of 2.10 VND, and closed the hour at 2.10 VND with a trading volume of 1,000 shares."
2026-03-12 10:00:00,2.1,2.1,2.1,2.1,3400,GPC,"At 2026-03-12 10:00:00, the stock GPC opened at 2.10 VND, reached a high of 2.10 VND, a low of 2.10 VND, and closed the hour at 2.10 VND with a trading volume of 3,400 shares."
2026-03-12 13:00:00,2.1,2.1,2.1,2.1,400,GPC,"At 2026-03-12 13:00:00, the stock GPC opened at 2.10 VND, reached a high of 2.10 VND, a low of 2.10 VND, and closed the hour at 2.10 VND with a trading volume of 400 shares."
2026-03-12 14:00:00,2.1,2.1,2.1,2.1,8700,GPC,"At 2026-03-12 14:00:00, the stock GPC opened at 2.10 VND, reached a high of 2.10 VND, a low of 2.10 VND, and closed the hour at 2.10 VND with a trading volume of 8,700 shares."
2026-03-13 10:00:00,2.1,2.1,2.1,2.1,800,GPC,"At 2026-03-13 10:00:00, the stock GPC opened at 2.10 VND, reached a high of 2.10 VND, a low of 2.10 VND, and closed the hour at 2.10 VND with a trading volume of 800 shares."
2026-03-13 13:00:00,2.1,2.1,2.1,2.1,3300,GPC,"At 2026-03-13 13:00:00, the stock GPC opened at 2.10 VND, reached a high of 2.10 VND, a low of 2.10 VND, and closed the hour at 2.10 VND with a trading volume of 3,300 shares."
2026-03-16 09:00:00,2.1,2.1,2.1,2.1,4100,GPC,"At 2026-03-16 09:00:00, the stock GPC opened at 2.10 VND, reached a high of 2.10 VND, a low of 2.10 VND, and closed the hour at 2.10 VND with a trading volume of 4,100 shares."
2026-03-16 11:00:00,2.1,2.1,2.1,2.1,600,GPC,"At 2026-03-16 11:00:00, the stock GPC opened at 2.10 VND, reached a high of 2.10 VND, a low of 2.10 VND, and closed the hour at 2.10 VND with a trading volume of 600 shares."
2026-03-16 13:00:00,2.1,2.1,2.1,2.1,3400,GPC,"At 2026-03-16 13:00:00, the stock GPC opened at 2.10 VND, reached a high of 2.10 VND, a low of 2.10 VND, and closed the hour at 2.10 VND with a trading volume of 3,400 shares."
2026-03-17 09:00:00,2.1,2.1,2.1,2.1,5000,GPC,"At 2026-03-17 09:00:00, the stock GPC opened at 2.10 VND, reached a high of 2.10 VND, a low of 2.10 VND, and closed the hour at 2.10 VND with a trading volume of 5,000 shares."
2026-03-17 10:00:00,2.1,2.1,2.1,2.1,37800,GPC,"At 2026-03-17 10:00:00, the stock GPC opened at 2.10 VND, reached a high of 2.10 VND, a low of 2.10 VND, and closed the hour at 2.10 VND with a trading volume of 37,800 shares."
2026-03-17 13:00:00,2.1,2.1,2.1,2.1,500,GPC,"At 2026-03-17 13:00:00, the stock GPC opened at 2.10 VND, reached a high of 2.10 VND, a low of 2.10 VND, and closed the hour at 2.10 VND with a trading volume of 500 shares."
2026-03-17 14:00:00,2.1,2.1,2.1,2.1,4400,GPC,"At 2026-03-17 14:00:00, the stock GPC opened at 2.10 VND, reached a high of 2.10 VND, a low of 2.10 VND, and closed the hour at 2.10 VND with a trading volume of 4,400 shares."
2026-03-18 09:00:00,2.1,2.1,2.1,2.1,5000,GPC,"At 2026-03-18 09:00:00, the stock GPC opened at 2.10 VND, reached a high of 2.10 VND, a low of 2.10 VND, and closed the hour at 2.10 VND with a trading volume of 5,000 shares."
2026-03-18 10:00:00,2.1,2.1,2.1,2.1,400,GPC,"At 2026-03-18 10:00:00, the stock GPC opened at 2.10 VND, reached a high of 2.10 VND, a low of 2.10 VND, and closed the hour at 2.10 VND with a trading volume of 400 shares."
2026-03-18 14:00:00,2.1,2.1,2.1,2.1,2300,GPC,"At 2026-03-18 14:00:00, the stock GPC opened at 2.10 VND, reached a high of 2.10 VND, a low of 2.10 VND, and closed the hour at 2.10 VND with a trading volume of 2,300 shares."
2026-03-19 09:00:00,2.1,2.1,2.1,2.1,100,GPC,"At 2026-03-19 09:00:00, the stock GPC opened at 2.10 VND, reached a high of 2.10 VND, a low of 2.10 VND, and closed the hour at 2.10 VND with a trading volume of 100 shares."
2026-03-19 10:00:00,2.1,2.1,2.1,2.1,1200,GPC,"At 2026-03-19 10:00:00, the stock GPC opened at 2.10 VND, reached a high of 2.10 VND, a low of 2.10 VND, and closed the hour at 2.10 VND with a trading volume of 1,200 shares."
2026-03-19 14:00:00,2.0,2.1,2.0,2.0,4300,GPC,"At 2026-03-19 14:00:00, the stock GPC opened at 2.00 VND, reached a high of 2.10 VND, a low of 2.00 VND, and closed the hour at 2.00 VND with a trading volume of 4,300 shares."
2026-03-20 09:00:00,2.0,2.0,2.0,2.0,6700,GPC,"At 2026-03-20 09:00:00, the stock GPC opened at 2.00 VND, reached a high of 2.00 VND, a low of 2.00 VND, and closed the hour at 2.00 VND with a trading volume of 6,700 shares."
2026-03-20 10:00:00,2.0,2.0,2.0,2.0,17000,GPC,"At 2026-03-20 10:00:00, the stock GPC opened at 2.00 VND, reached a high of 2.00 VND, a low of 2.00 VND, and closed the hour at 2.00 VND with a trading volume of 17,000 shares."
2026-03-20 11:00:00,2.0,2.0,2.0,2.0,5000,GPC,"At 2026-03-20 11:00:00, the stock GPC opened at 2.00 VND, reached a high of 2.00 VND, a low of 2.00 VND, and closed the hour at 2.00 VND with a trading volume of 5,000 shares."
2026-03-20 14:00:00,2.0,2.0,2.0,2.0,6500,GPC,"At 2026-03-20 14:00:00, the stock GPC opened at 2.00 VND, reached a high of 2.00 VND, a low of 2.00 VND, and closed the hour at 2.00 VND with a trading volume of 6,500 shares."
