time,open,high,low,close,volume,ticker,llm_text
2025-08-25 13:00:00,11.45,11.45,11.3,11.3,4600,GSP,"At 2025-08-25 13:00:00, the stock GSP opened at 11.45 VND, reached a high of 11.45 VND, a low of 11.30 VND, and closed the hour at 11.30 VND with a trading volume of 4,600 shares."
2025-08-25 14:00:00,11.3,11.3,11.3,11.3,3900,GSP,"At 2025-08-25 14:00:00, the stock GSP opened at 11.30 VND, reached a high of 11.30 VND, a low of 11.30 VND, and closed the hour at 11.30 VND with a trading volume of 3,900 shares."
2025-08-26 09:00:00,11.4,11.45,11.2,11.3,800,GSP,"At 2025-08-26 09:00:00, the stock GSP opened at 11.40 VND, reached a high of 11.45 VND, a low of 11.20 VND, and closed the hour at 11.30 VND with a trading volume of 800 shares."
2025-08-26 10:00:00,11.3,11.4,11.3,11.4,2500,GSP,"At 2025-08-26 10:00:00, the stock GSP opened at 11.30 VND, reached a high of 11.40 VND, a low of 11.30 VND, and closed the hour at 11.40 VND with a trading volume of 2,500 shares."
2025-08-26 11:00:00,11.4,11.45,11.4,11.45,1400,GSP,"At 2025-08-26 11:00:00, the stock GSP opened at 11.40 VND, reached a high of 11.45 VND, a low of 11.40 VND, and closed the hour at 11.45 VND with a trading volume of 1,400 shares."
2025-08-26 13:00:00,11.4,11.45,11.3,11.35,7600,GSP,"At 2025-08-26 13:00:00, the stock GSP opened at 11.40 VND, reached a high of 11.45 VND, a low of 11.30 VND, and closed the hour at 11.35 VND with a trading volume of 7,600 shares."
2025-08-26 14:00:00,11.4,11.9,11.35,11.7,59200,GSP,"At 2025-08-26 14:00:00, the stock GSP opened at 11.40 VND, reached a high of 11.90 VND, a low of 11.35 VND, and closed the hour at 11.70 VND with a trading volume of 59,200 shares."
2025-08-27 09:00:00,11.6,11.8,11.6,11.7,22600,GSP,"At 2025-08-27 09:00:00, the stock GSP opened at 11.60 VND, reached a high of 11.80 VND, a low of 11.60 VND, and closed the hour at 11.70 VND with a trading volume of 22,600 shares."
2025-08-27 10:00:00,11.7,11.75,11.6,11.75,5900,GSP,"At 2025-08-27 10:00:00, the stock GSP opened at 11.70 VND, reached a high of 11.75 VND, a low of 11.60 VND, and closed the hour at 11.75 VND with a trading volume of 5,900 shares."
2025-08-27 11:00:00,11.6,11.6,11.6,11.6,1000,GSP,"At 2025-08-27 11:00:00, the stock GSP opened at 11.60 VND, reached a high of 11.60 VND, a low of 11.60 VND, and closed the hour at 11.60 VND with a trading volume of 1,000 shares."
2025-08-27 13:00:00,11.6,11.65,11.55,11.55,12800,GSP,"At 2025-08-27 13:00:00, the stock GSP opened at 11.60 VND, reached a high of 11.65 VND, a low of 11.55 VND, and closed the hour at 11.55 VND with a trading volume of 12,800 shares."
2025-08-27 14:00:00,11.55,11.65,11.5,11.6,4200,GSP,"At 2025-08-27 14:00:00, the stock GSP opened at 11.55 VND, reached a high of 11.65 VND, a low of 11.50 VND, and closed the hour at 11.60 VND with a trading volume of 4,200 shares."
2025-08-28 09:00:00,11.6,11.6,11.6,11.6,700,GSP,"At 2025-08-28 09:00:00, the stock GSP opened at 11.60 VND, reached a high of 11.60 VND, a low of 11.60 VND, and closed the hour at 11.60 VND with a trading volume of 700 shares."
2025-08-28 10:00:00,11.6,11.6,11.6,11.6,500,GSP,"At 2025-08-28 10:00:00, the stock GSP opened at 11.60 VND, reached a high of 11.60 VND, a low of 11.60 VND, and closed the hour at 11.60 VND with a trading volume of 500 shares."
2025-08-28 11:00:00,11.55,11.6,11.55,11.6,600,GSP,"At 2025-08-28 11:00:00, the stock GSP opened at 11.55 VND, reached a high of 11.60 VND, a low of 11.55 VND, and closed the hour at 11.60 VND with a trading volume of 600 shares."
2025-08-28 13:00:00,11.6,11.75,11.6,11.75,6000,GSP,"At 2025-08-28 13:00:00, the stock GSP opened at 11.60 VND, reached a high of 11.75 VND, a low of 11.60 VND, and closed the hour at 11.75 VND with a trading volume of 6,000 shares."
2025-08-28 14:00:00,11.7,11.75,11.7,11.7,3900,GSP,"At 2025-08-28 14:00:00, the stock GSP opened at 11.70 VND, reached a high of 11.75 VND, a low of 11.70 VND, and closed the hour at 11.70 VND with a trading volume of 3,900 shares."
2025-08-29 09:00:00,11.6,11.8,11.6,11.7,9500,GSP,"At 2025-08-29 09:00:00, the stock GSP opened at 11.60 VND, reached a high of 11.80 VND, a low of 11.60 VND, and closed the hour at 11.70 VND with a trading volume of 9,500 shares."
2025-08-29 10:00:00,11.65,11.65,11.6,11.65,9800,GSP,"At 2025-08-29 10:00:00, the stock GSP opened at 11.65 VND, reached a high of 11.65 VND, a low of 11.60 VND, and closed the hour at 11.65 VND with a trading volume of 9,800 shares."
2025-08-29 11:00:00,11.7,11.7,11.7,11.7,100,GSP,"At 2025-08-29 11:00:00, the stock GSP opened at 11.70 VND, reached a high of 11.70 VND, a low of 11.70 VND, and closed the hour at 11.70 VND with a trading volume of 100 shares."
2025-08-29 13:00:00,11.7,11.7,11.65,11.7,3000,GSP,"At 2025-08-29 13:00:00, the stock GSP opened at 11.70 VND, reached a high of 11.70 VND, a low of 11.65 VND, and closed the hour at 11.70 VND with a trading volume of 3,000 shares."
2025-08-29 14:00:00,11.65,11.7,11.65,11.65,9200,GSP,"At 2025-08-29 14:00:00, the stock GSP opened at 11.65 VND, reached a high of 11.70 VND, a low of 11.65 VND, and closed the hour at 11.65 VND with a trading volume of 9,200 shares."
2025-09-03 09:00:00,11.6,11.75,11.6,11.65,3300,GSP,"At 2025-09-03 09:00:00, the stock GSP opened at 11.60 VND, reached a high of 11.75 VND, a low of 11.60 VND, and closed the hour at 11.65 VND with a trading volume of 3,300 shares."
2025-09-03 10:00:00,11.7,11.7,11.7,11.7,3800,GSP,"At 2025-09-03 10:00:00, the stock GSP opened at 11.70 VND, reached a high of 11.70 VND, a low of 11.70 VND, and closed the hour at 11.70 VND with a trading volume of 3,800 shares."
2025-09-03 11:00:00,11.7,11.7,11.65,11.65,6500,GSP,"At 2025-09-03 11:00:00, the stock GSP opened at 11.70 VND, reached a high of 11.70 VND, a low of 11.65 VND, and closed the hour at 11.65 VND with a trading volume of 6,500 shares."
2025-09-03 13:00:00,11.7,11.7,11.65,11.7,4100,GSP,"At 2025-09-03 13:00:00, the stock GSP opened at 11.70 VND, reached a high of 11.70 VND, a low of 11.65 VND, and closed the hour at 11.70 VND with a trading volume of 4,100 shares."
2025-09-03 14:00:00,11.65,11.65,11.65,11.65,1300,GSP,"At 2025-09-03 14:00:00, the stock GSP opened at 11.65 VND, reached a high of 11.65 VND, a low of 11.65 VND, and closed the hour at 11.65 VND with a trading volume of 1,300 shares."
2025-09-04 09:00:00,11.75,11.75,11.65,11.7,5200,GSP,"At 2025-09-04 09:00:00, the stock GSP opened at 11.75 VND, reached a high of 11.75 VND, a low of 11.65 VND, and closed the hour at 11.70 VND with a trading volume of 5,200 shares."
2025-09-04 10:00:00,11.7,11.7,11.6,11.6,9800,GSP,"At 2025-09-04 10:00:00, the stock GSP opened at 11.70 VND, reached a high of 11.70 VND, a low of 11.60 VND, and closed the hour at 11.60 VND with a trading volume of 9,800 shares."
2025-09-04 11:00:00,11.6,11.6,11.6,11.6,300,GSP,"At 2025-09-04 11:00:00, the stock GSP opened at 11.60 VND, reached a high of 11.60 VND, a low of 11.60 VND, and closed the hour at 11.60 VND with a trading volume of 300 shares."
2025-09-04 13:00:00,11.6,11.75,11.6,11.6,22800,GSP,"At 2025-09-04 13:00:00, the stock GSP opened at 11.60 VND, reached a high of 11.75 VND, a low of 11.60 VND, and closed the hour at 11.60 VND with a trading volume of 22,800 shares."
2025-09-04 14:00:00,11.7,11.75,11.7,11.75,16800,GSP,"At 2025-09-04 14:00:00, the stock GSP opened at 11.70 VND, reached a high of 11.75 VND, a low of 11.70 VND, and closed the hour at 11.75 VND with a trading volume of 16,800 shares."
2025-09-05 09:00:00,11.7,11.75,11.35,11.7,18000,GSP,"At 2025-09-05 09:00:00, the stock GSP opened at 11.70 VND, reached a high of 11.75 VND, a low of 11.35 VND, and closed the hour at 11.70 VND with a trading volume of 18,000 shares."
2025-09-05 10:00:00,11.65,11.75,11.55,11.7,20100,GSP,"At 2025-09-05 10:00:00, the stock GSP opened at 11.65 VND, reached a high of 11.75 VND, a low of 11.55 VND, and closed the hour at 11.70 VND with a trading volume of 20,100 shares."
2025-09-05 11:00:00,11.7,11.7,11.65,11.65,6200,GSP,"At 2025-09-05 11:00:00, the stock GSP opened at 11.70 VND, reached a high of 11.70 VND, a low of 11.65 VND, and closed the hour at 11.65 VND with a trading volume of 6,200 shares."
2025-09-05 13:00:00,11.7,11.75,11.65,11.7,2600,GSP,"At 2025-09-05 13:00:00, the stock GSP opened at 11.70 VND, reached a high of 11.75 VND, a low of 11.65 VND, and closed the hour at 11.70 VND with a trading volume of 2,600 shares."
2025-09-05 14:00:00,11.7,11.7,11.55,11.6,39900,GSP,"At 2025-09-05 14:00:00, the stock GSP opened at 11.70 VND, reached a high of 11.70 VND, a low of 11.55 VND, and closed the hour at 11.60 VND with a trading volume of 39,900 shares."
2025-09-08 09:00:00,11.7,11.7,11.6,11.6,8500,GSP,"At 2025-09-08 09:00:00, the stock GSP opened at 11.70 VND, reached a high of 11.70 VND, a low of 11.60 VND, and closed the hour at 11.60 VND with a trading volume of 8,500 shares."
2025-09-08 10:00:00,11.6,11.7,11.5,11.65,32000,GSP,"At 2025-09-08 10:00:00, the stock GSP opened at 11.60 VND, reached a high of 11.70 VND, a low of 11.50 VND, and closed the hour at 11.65 VND with a trading volume of 32,000 shares."
2025-09-08 11:00:00,11.65,11.65,11.6,11.6,1000,GSP,"At 2025-09-08 11:00:00, the stock GSP opened at 11.65 VND, reached a high of 11.65 VND, a low of 11.60 VND, and closed the hour at 11.60 VND with a trading volume of 1,000 shares."
2025-09-08 13:00:00,11.55,11.6,11.3,11.6,18800,GSP,"At 2025-09-08 13:00:00, the stock GSP opened at 11.55 VND, reached a high of 11.60 VND, a low of 11.30 VND, and closed the hour at 11.60 VND with a trading volume of 18,800 shares."
2025-09-08 14:00:00,11.5,11.6,11.45,11.6,1200,GSP,"At 2025-09-08 14:00:00, the stock GSP opened at 11.50 VND, reached a high of 11.60 VND, a low of 11.45 VND, and closed the hour at 11.60 VND with a trading volume of 1,200 shares."
2025-09-09 09:00:00,11.5,11.5,11.3,11.3,21700,GSP,"At 2025-09-09 09:00:00, the stock GSP opened at 11.50 VND, reached a high of 11.50 VND, a low of 11.30 VND, and closed the hour at 11.30 VND with a trading volume of 21,700 shares."
2025-09-09 10:00:00,11.55,11.55,11.5,11.5,1100,GSP,"At 2025-09-09 10:00:00, the stock GSP opened at 11.55 VND, reached a high of 11.55 VND, a low of 11.50 VND, and closed the hour at 11.50 VND with a trading volume of 1,100 shares."
2025-09-09 11:00:00,11.5,11.5,11.5,11.5,500,GSP,"At 2025-09-09 11:00:00, the stock GSP opened at 11.50 VND, reached a high of 11.50 VND, a low of 11.50 VND, and closed the hour at 11.50 VND with a trading volume of 500 shares."
2025-09-09 13:00:00,11.5,11.5,11.45,11.5,11700,GSP,"At 2025-09-09 13:00:00, the stock GSP opened at 11.50 VND, reached a high of 11.50 VND, a low of 11.45 VND, and closed the hour at 11.50 VND with a trading volume of 11,700 shares."
2025-09-09 14:00:00,11.45,11.5,11.45,11.5,1300,GSP,"At 2025-09-09 14:00:00, the stock GSP opened at 11.45 VND, reached a high of 11.50 VND, a low of 11.45 VND, and closed the hour at 11.50 VND with a trading volume of 1,300 shares."
2025-09-10 09:00:00,11.6,11.6,11.55,11.55,300,GSP,"At 2025-09-10 09:00:00, the stock GSP opened at 11.60 VND, reached a high of 11.60 VND, a low of 11.55 VND, and closed the hour at 11.55 VND with a trading volume of 300 shares."
2025-09-10 10:00:00,11.5,11.55,11.5,11.5,10200,GSP,"At 2025-09-10 10:00:00, the stock GSP opened at 11.50 VND, reached a high of 11.55 VND, a low of 11.50 VND, and closed the hour at 11.50 VND with a trading volume of 10,200 shares."
2025-09-10 11:00:00,11.45,11.55,11.4,11.45,35200,GSP,"At 2025-09-10 11:00:00, the stock GSP opened at 11.45 VND, reached a high of 11.55 VND, a low of 11.40 VND, and closed the hour at 11.45 VND with a trading volume of 35,200 shares."
2025-09-10 13:00:00,11.45,11.5,11.35,11.45,21200,GSP,"At 2025-09-10 13:00:00, the stock GSP opened at 11.45 VND, reached a high of 11.50 VND, a low of 11.35 VND, and closed the hour at 11.45 VND with a trading volume of 21,200 shares."
2025-09-10 14:00:00,11.4,11.45,11.4,11.45,4300,GSP,"At 2025-09-10 14:00:00, the stock GSP opened at 11.40 VND, reached a high of 11.45 VND, a low of 11.40 VND, and closed the hour at 11.45 VND with a trading volume of 4,300 shares."
2025-09-11 09:00:00,11.35,11.5,11.3,11.5,46800,GSP,"At 2025-09-11 09:00:00, the stock GSP opened at 11.35 VND, reached a high of 11.50 VND, a low of 11.30 VND, and closed the hour at 11.50 VND with a trading volume of 46,800 shares."
2025-09-11 11:00:00,11.45,11.45,11.35,11.45,2200,GSP,"At 2025-09-11 11:00:00, the stock GSP opened at 11.45 VND, reached a high of 11.45 VND, a low of 11.35 VND, and closed the hour at 11.45 VND with a trading volume of 2,200 shares."
2025-09-11 13:00:00,11.4,11.45,11.4,11.45,2600,GSP,"At 2025-09-11 13:00:00, the stock GSP opened at 11.40 VND, reached a high of 11.45 VND, a low of 11.40 VND, and closed the hour at 11.45 VND with a trading volume of 2,600 shares."
2025-09-11 14:00:00,11.45,11.45,11.45,11.45,7200,GSP,"At 2025-09-11 14:00:00, the stock GSP opened at 11.45 VND, reached a high of 11.45 VND, a low of 11.45 VND, and closed the hour at 11.45 VND with a trading volume of 7,200 shares."
2025-09-12 09:00:00,11.6,11.6,11.4,11.4,7800,GSP,"At 2025-09-12 09:00:00, the stock GSP opened at 11.60 VND, reached a high of 11.60 VND, a low of 11.40 VND, and closed the hour at 11.40 VND with a trading volume of 7,800 shares."
2025-09-12 10:00:00,11.45,11.55,11.45,11.55,400,GSP,"At 2025-09-12 10:00:00, the stock GSP opened at 11.45 VND, reached a high of 11.55 VND, a low of 11.45 VND, and closed the hour at 11.55 VND with a trading volume of 400 shares."
2025-09-12 11:00:00,11.45,11.45,11.45,11.45,2000,GSP,"At 2025-09-12 11:00:00, the stock GSP opened at 11.45 VND, reached a high of 11.45 VND, a low of 11.45 VND, and closed the hour at 11.45 VND with a trading volume of 2,000 shares."
2025-09-12 13:00:00,11.4,11.5,11.35,11.5,4200,GSP,"At 2025-09-12 13:00:00, the stock GSP opened at 11.40 VND, reached a high of 11.50 VND, a low of 11.35 VND, and closed the hour at 11.50 VND with a trading volume of 4,200 shares."
2025-09-12 14:00:00,11.5,11.5,11.35,11.5,11500,GSP,"At 2025-09-12 14:00:00, the stock GSP opened at 11.50 VND, reached a high of 11.50 VND, a low of 11.35 VND, and closed the hour at 11.50 VND with a trading volume of 11,500 shares."
2025-09-15 09:00:00,11.5,11.55,11.5,11.55,6400,GSP,"At 2025-09-15 09:00:00, the stock GSP opened at 11.50 VND, reached a high of 11.55 VND, a low of 11.50 VND, and closed the hour at 11.55 VND with a trading volume of 6,400 shares."
2025-09-15 10:00:00,11.5,11.6,11.5,11.6,3400,GSP,"At 2025-09-15 10:00:00, the stock GSP opened at 11.50 VND, reached a high of 11.60 VND, a low of 11.50 VND, and closed the hour at 11.60 VND with a trading volume of 3,400 shares."
2025-09-15 11:00:00,11.5,11.5,11.5,11.5,5300,GSP,"At 2025-09-15 11:00:00, the stock GSP opened at 11.50 VND, reached a high of 11.50 VND, a low of 11.50 VND, and closed the hour at 11.50 VND with a trading volume of 5,300 shares."
2025-09-15 13:00:00,11.5,11.55,11.45,11.55,11100,GSP,"At 2025-09-15 13:00:00, the stock GSP opened at 11.50 VND, reached a high of 11.55 VND, a low of 11.45 VND, and closed the hour at 11.55 VND with a trading volume of 11,100 shares."
2025-09-15 14:00:00,11.55,11.55,11.45,11.5,26700,GSP,"At 2025-09-15 14:00:00, the stock GSP opened at 11.55 VND, reached a high of 11.55 VND, a low of 11.45 VND, and closed the hour at 11.50 VND with a trading volume of 26,700 shares."
2025-09-16 09:00:00,11.5,11.6,11.5,11.5,2400,GSP,"At 2025-09-16 09:00:00, the stock GSP opened at 11.50 VND, reached a high of 11.60 VND, a low of 11.50 VND, and closed the hour at 11.50 VND with a trading volume of 2,400 shares."
2025-09-16 10:00:00,11.45,11.55,11.45,11.55,14400,GSP,"At 2025-09-16 10:00:00, the stock GSP opened at 11.45 VND, reached a high of 11.55 VND, a low of 11.45 VND, and closed the hour at 11.55 VND with a trading volume of 14,400 shares."
2025-09-16 11:00:00,11.5,11.5,11.5,11.5,5000,GSP,"At 2025-09-16 11:00:00, the stock GSP opened at 11.50 VND, reached a high of 11.50 VND, a low of 11.50 VND, and closed the hour at 11.50 VND with a trading volume of 5,000 shares."
2025-09-16 13:00:00,11.5,11.55,11.5,11.5,3600,GSP,"At 2025-09-16 13:00:00, the stock GSP opened at 11.50 VND, reached a high of 11.55 VND, a low of 11.50 VND, and closed the hour at 11.50 VND with a trading volume of 3,600 shares."
2025-09-16 14:00:00,11.5,11.55,11.5,11.55,700,GSP,"At 2025-09-16 14:00:00, the stock GSP opened at 11.50 VND, reached a high of 11.55 VND, a low of 11.50 VND, and closed the hour at 11.55 VND with a trading volume of 700 shares."
2025-09-17 09:00:00,11.6,11.6,11.55,11.6,3300,GSP,"At 2025-09-17 09:00:00, the stock GSP opened at 11.60 VND, reached a high of 11.60 VND, a low of 11.55 VND, and closed the hour at 11.60 VND with a trading volume of 3,300 shares."
2025-09-17 10:00:00,11.55,11.55,11.5,11.55,52500,GSP,"At 2025-09-17 10:00:00, the stock GSP opened at 11.55 VND, reached a high of 11.55 VND, a low of 11.50 VND, and closed the hour at 11.55 VND with a trading volume of 52,500 shares."
2025-09-17 11:00:00,11.5,11.55,11.5,11.55,14200,GSP,"At 2025-09-17 11:00:00, the stock GSP opened at 11.50 VND, reached a high of 11.55 VND, a low of 11.50 VND, and closed the hour at 11.55 VND with a trading volume of 14,200 shares."
2025-09-17 13:00:00,11.55,11.55,11.5,11.55,30700,GSP,"At 2025-09-17 13:00:00, the stock GSP opened at 11.55 VND, reached a high of 11.55 VND, a low of 11.50 VND, and closed the hour at 11.55 VND with a trading volume of 30,700 shares."
2025-09-17 14:00:00,11.55,11.55,11.5,11.55,8200,GSP,"At 2025-09-17 14:00:00, the stock GSP opened at 11.55 VND, reached a high of 11.55 VND, a low of 11.50 VND, and closed the hour at 11.55 VND with a trading volume of 8,200 shares."
2025-09-18 09:00:00,11.55,11.55,11.5,11.55,2000,GSP,"At 2025-09-18 09:00:00, the stock GSP opened at 11.55 VND, reached a high of 11.55 VND, a low of 11.50 VND, and closed the hour at 11.55 VND with a trading volume of 2,000 shares."
2025-09-18 10:00:00,11.5,11.5,11.5,11.5,1000,GSP,"At 2025-09-18 10:00:00, the stock GSP opened at 11.50 VND, reached a high of 11.50 VND, a low of 11.50 VND, and closed the hour at 11.50 VND with a trading volume of 1,000 shares."
2025-09-18 11:00:00,11.45,11.45,11.45,11.45,100,GSP,"At 2025-09-18 11:00:00, the stock GSP opened at 11.45 VND, reached a high of 11.45 VND, a low of 11.45 VND, and closed the hour at 11.45 VND with a trading volume of 100 shares."
2025-09-18 13:00:00,11.45,11.45,11.45,11.45,6800,GSP,"At 2025-09-18 13:00:00, the stock GSP opened at 11.45 VND, reached a high of 11.45 VND, a low of 11.45 VND, and closed the hour at 11.45 VND with a trading volume of 6,800 shares."
2025-09-18 14:00:00,11.45,11.45,11.45,11.45,4800,GSP,"At 2025-09-18 14:00:00, the stock GSP opened at 11.45 VND, reached a high of 11.45 VND, a low of 11.45 VND, and closed the hour at 11.45 VND with a trading volume of 4,800 shares."
2025-09-19 09:00:00,11.5,11.5,11.5,11.5,200,GSP,"At 2025-09-19 09:00:00, the stock GSP opened at 11.50 VND, reached a high of 11.50 VND, a low of 11.50 VND, and closed the hour at 11.50 VND with a trading volume of 200 shares."
2025-09-19 10:00:00,11.5,11.5,11.4,11.45,4600,GSP,"At 2025-09-19 10:00:00, the stock GSP opened at 11.50 VND, reached a high of 11.50 VND, a low of 11.40 VND, and closed the hour at 11.45 VND with a trading volume of 4,600 shares."
2025-09-19 11:00:00,11.45,11.45,11.45,11.45,200,GSP,"At 2025-09-19 11:00:00, the stock GSP opened at 11.45 VND, reached a high of 11.45 VND, a low of 11.45 VND, and closed the hour at 11.45 VND with a trading volume of 200 shares."
2025-09-19 13:00:00,11.45,11.5,11.4,11.5,5300,GSP,"At 2025-09-19 13:00:00, the stock GSP opened at 11.45 VND, reached a high of 11.50 VND, a low of 11.40 VND, and closed the hour at 11.50 VND with a trading volume of 5,300 shares."
2025-09-19 14:00:00,11.5,11.5,11.5,11.5,200,GSP,"At 2025-09-19 14:00:00, the stock GSP opened at 11.50 VND, reached a high of 11.50 VND, a low of 11.50 VND, and closed the hour at 11.50 VND with a trading volume of 200 shares."
2025-09-22 09:00:00,11.5,11.5,11.45,11.45,1100,GSP,"At 2025-09-22 09:00:00, the stock GSP opened at 11.50 VND, reached a high of 11.50 VND, a low of 11.45 VND, and closed the hour at 11.45 VND with a trading volume of 1,100 shares."
2025-09-22 10:00:00,11.5,11.5,11.4,11.4,2300,GSP,"At 2025-09-22 10:00:00, the stock GSP opened at 11.50 VND, reached a high of 11.50 VND, a low of 11.40 VND, and closed the hour at 11.40 VND with a trading volume of 2,300 shares."
2025-09-22 11:00:00,11.4,11.4,10.7,11.1,56600,GSP,"At 2025-09-22 11:00:00, the stock GSP opened at 11.40 VND, reached a high of 11.40 VND, a low of 10.70 VND, and closed the hour at 11.10 VND with a trading volume of 56,600 shares."
2025-09-22 13:00:00,11.35,11.35,11.2,11.2,54400,GSP,"At 2025-09-22 13:00:00, the stock GSP opened at 11.35 VND, reached a high of 11.35 VND, a low of 11.20 VND, and closed the hour at 11.20 VND with a trading volume of 54,400 shares."
2025-09-22 14:00:00,11.2,11.35,11.2,11.35,1200,GSP,"At 2025-09-22 14:00:00, the stock GSP opened at 11.20 VND, reached a high of 11.35 VND, a low of 11.20 VND, and closed the hour at 11.35 VND with a trading volume of 1,200 shares."
2025-09-23 09:00:00,11.4,11.45,11.2,11.35,12500,GSP,"At 2025-09-23 09:00:00, the stock GSP opened at 11.40 VND, reached a high of 11.45 VND, a low of 11.20 VND, and closed the hour at 11.35 VND with a trading volume of 12,500 shares."
2025-09-23 10:00:00,11.35,11.35,11.3,11.35,16500,GSP,"At 2025-09-23 10:00:00, the stock GSP opened at 11.35 VND, reached a high of 11.35 VND, a low of 11.30 VND, and closed the hour at 11.35 VND with a trading volume of 16,500 shares."
2025-09-23 11:00:00,11.35,11.35,11.35,11.35,9000,GSP,"At 2025-09-23 11:00:00, the stock GSP opened at 11.35 VND, reached a high of 11.35 VND, a low of 11.35 VND, and closed the hour at 11.35 VND with a trading volume of 9,000 shares."
2025-09-23 13:00:00,11.35,11.35,11.3,11.3,29900,GSP,"At 2025-09-23 13:00:00, the stock GSP opened at 11.35 VND, reached a high of 11.35 VND, a low of 11.30 VND, and closed the hour at 11.30 VND with a trading volume of 29,900 shares."
2025-09-23 14:00:00,11.3,11.35,11.25,11.35,26500,GSP,"At 2025-09-23 14:00:00, the stock GSP opened at 11.30 VND, reached a high of 11.35 VND, a low of 11.25 VND, and closed the hour at 11.35 VND with a trading volume of 26,500 shares."
2025-09-24 09:00:00,11.35,11.35,11.3,11.3,11300,GSP,"At 2025-09-24 09:00:00, the stock GSP opened at 11.35 VND, reached a high of 11.35 VND, a low of 11.30 VND, and closed the hour at 11.30 VND with a trading volume of 11,300 shares."
2025-09-24 10:00:00,11.3,11.3,11.3,11.3,11500,GSP,"At 2025-09-24 10:00:00, the stock GSP opened at 11.30 VND, reached a high of 11.30 VND, a low of 11.30 VND, and closed the hour at 11.30 VND with a trading volume of 11,500 shares."
2025-09-24 11:00:00,11.35,11.35,11.3,11.35,500,GSP,"At 2025-09-24 11:00:00, the stock GSP opened at 11.35 VND, reached a high of 11.35 VND, a low of 11.30 VND, and closed the hour at 11.35 VND with a trading volume of 500 shares."
2025-09-24 13:00:00,11.35,11.35,11.2,11.35,65100,GSP,"At 2025-09-24 13:00:00, the stock GSP opened at 11.35 VND, reached a high of 11.35 VND, a low of 11.20 VND, and closed the hour at 11.35 VND with a trading volume of 65,100 shares."
2025-09-24 14:00:00,11.35,11.35,11.3,11.35,42300,GSP,"At 2025-09-24 14:00:00, the stock GSP opened at 11.35 VND, reached a high of 11.35 VND, a low of 11.30 VND, and closed the hour at 11.35 VND with a trading volume of 42,300 shares."
2025-09-25 09:00:00,11.35,11.45,11.35,11.45,58500,GSP,"At 2025-09-25 09:00:00, the stock GSP opened at 11.35 VND, reached a high of 11.45 VND, a low of 11.35 VND, and closed the hour at 11.45 VND with a trading volume of 58,500 shares."
2025-09-25 10:00:00,11.4,11.4,11.35,11.35,16000,GSP,"At 2025-09-25 10:00:00, the stock GSP opened at 11.40 VND, reached a high of 11.40 VND, a low of 11.35 VND, and closed the hour at 11.35 VND with a trading volume of 16,000 shares."
2025-09-25 11:00:00,11.35,11.35,11.35,11.35,21000,GSP,"At 2025-09-25 11:00:00, the stock GSP opened at 11.35 VND, reached a high of 11.35 VND, a low of 11.35 VND, and closed the hour at 11.35 VND with a trading volume of 21,000 shares."
2025-09-25 13:00:00,11.35,11.4,11.35,11.4,32600,GSP,"At 2025-09-25 13:00:00, the stock GSP opened at 11.35 VND, reached a high of 11.40 VND, a low of 11.35 VND, and closed the hour at 11.40 VND with a trading volume of 32,600 shares."
2025-09-25 14:00:00,11.35,11.35,11.35,11.35,8400,GSP,"At 2025-09-25 14:00:00, the stock GSP opened at 11.35 VND, reached a high of 11.35 VND, a low of 11.35 VND, and closed the hour at 11.35 VND with a trading volume of 8,400 shares."
2025-09-26 09:00:00,11.35,11.35,11.35,11.35,11800,GSP,"At 2025-09-26 09:00:00, the stock GSP opened at 11.35 VND, reached a high of 11.35 VND, a low of 11.35 VND, and closed the hour at 11.35 VND with a trading volume of 11,800 shares."
2025-09-26 10:00:00,11.35,11.35,11.35,11.35,7700,GSP,"At 2025-09-26 10:00:00, the stock GSP opened at 11.35 VND, reached a high of 11.35 VND, a low of 11.35 VND, and closed the hour at 11.35 VND with a trading volume of 7,700 shares."
2025-09-26 11:00:00,11.35,11.35,11.35,11.35,2300,GSP,"At 2025-09-26 11:00:00, the stock GSP opened at 11.35 VND, reached a high of 11.35 VND, a low of 11.35 VND, and closed the hour at 11.35 VND with a trading volume of 2,300 shares."
2025-09-26 13:00:00,11.35,11.35,11.35,11.35,9200,GSP,"At 2025-09-26 13:00:00, the stock GSP opened at 11.35 VND, reached a high of 11.35 VND, a low of 11.35 VND, and closed the hour at 11.35 VND with a trading volume of 9,200 shares."
2025-09-26 14:00:00,11.35,11.35,11.35,11.35,2500,GSP,"At 2025-09-26 14:00:00, the stock GSP opened at 11.35 VND, reached a high of 11.35 VND, a low of 11.35 VND, and closed the hour at 11.35 VND with a trading volume of 2,500 shares."
2025-09-29 09:00:00,11.35,11.35,11.35,11.35,100,GSP,"At 2025-09-29 09:00:00, the stock GSP opened at 11.35 VND, reached a high of 11.35 VND, a low of 11.35 VND, and closed the hour at 11.35 VND with a trading volume of 100 shares."
2025-09-29 10:00:00,11.25,11.4,11.25,11.4,1900,GSP,"At 2025-09-29 10:00:00, the stock GSP opened at 11.25 VND, reached a high of 11.40 VND, a low of 11.25 VND, and closed the hour at 11.40 VND with a trading volume of 1,900 shares."
2025-09-29 11:00:00,11.35,11.35,11.35,11.35,12100,GSP,"At 2025-09-29 11:00:00, the stock GSP opened at 11.35 VND, reached a high of 11.35 VND, a low of 11.35 VND, and closed the hour at 11.35 VND with a trading volume of 12,100 shares."
2025-09-29 13:00:00,11.35,11.4,11.35,11.4,11400,GSP,"At 2025-09-29 13:00:00, the stock GSP opened at 11.35 VND, reached a high of 11.40 VND, a low of 11.35 VND, and closed the hour at 11.40 VND with a trading volume of 11,400 shares."
2025-09-29 14:00:00,11.35,11.35,11.35,11.35,8700,GSP,"At 2025-09-29 14:00:00, the stock GSP opened at 11.35 VND, reached a high of 11.35 VND, a low of 11.35 VND, and closed the hour at 11.35 VND with a trading volume of 8,700 shares."
2025-09-30 09:00:00,11.5,11.5,11.5,11.5,5100,GSP,"At 2025-09-30 09:00:00, the stock GSP opened at 11.50 VND, reached a high of 11.50 VND, a low of 11.50 VND, and closed the hour at 11.50 VND with a trading volume of 5,100 shares."
2025-09-30 10:00:00,11.35,11.35,11.35,11.35,11000,GSP,"At 2025-09-30 10:00:00, the stock GSP opened at 11.35 VND, reached a high of 11.35 VND, a low of 11.35 VND, and closed the hour at 11.35 VND with a trading volume of 11,000 shares."
2025-09-30 11:00:00,11.35,11.35,11.3,11.3,500,GSP,"At 2025-09-30 11:00:00, the stock GSP opened at 11.35 VND, reached a high of 11.35 VND, a low of 11.30 VND, and closed the hour at 11.30 VND with a trading volume of 500 shares."
2025-09-30 13:00:00,11.35,11.35,11.3,11.3,20800,GSP,"At 2025-09-30 13:00:00, the stock GSP opened at 11.35 VND, reached a high of 11.35 VND, a low of 11.30 VND, and closed the hour at 11.30 VND with a trading volume of 20,800 shares."
2025-09-30 14:00:00,11.3,11.35,11.3,11.35,2600,GSP,"At 2025-09-30 14:00:00, the stock GSP opened at 11.30 VND, reached a high of 11.35 VND, a low of 11.30 VND, and closed the hour at 11.35 VND with a trading volume of 2,600 shares."
2025-10-01 09:00:00,11.45,11.45,11.25,11.25,400,GSP,"At 2025-10-01 09:00:00, the stock GSP opened at 11.45 VND, reached a high of 11.45 VND, a low of 11.25 VND, and closed the hour at 11.25 VND with a trading volume of 400 shares."
2025-10-01 10:00:00,11.4,11.4,11.4,11.4,100,GSP,"At 2025-10-01 10:00:00, the stock GSP opened at 11.40 VND, reached a high of 11.40 VND, a low of 11.40 VND, and closed the hour at 11.40 VND with a trading volume of 100 shares."
2025-10-01 13:00:00,11.4,11.4,11.35,11.35,3600,GSP,"At 2025-10-01 13:00:00, the stock GSP opened at 11.40 VND, reached a high of 11.40 VND, a low of 11.35 VND, and closed the hour at 11.35 VND with a trading volume of 3,600 shares."
2025-10-01 14:00:00,11.4,11.4,11.4,11.4,200,GSP,"At 2025-10-01 14:00:00, the stock GSP opened at 11.40 VND, reached a high of 11.40 VND, a low of 11.40 VND, and closed the hour at 11.40 VND with a trading volume of 200 shares."
2025-10-02 09:00:00,11.35,11.35,11.3,11.3,8200,GSP,"At 2025-10-02 09:00:00, the stock GSP opened at 11.35 VND, reached a high of 11.35 VND, a low of 11.30 VND, and closed the hour at 11.30 VND with a trading volume of 8,200 shares."
2025-10-02 10:00:00,11.35,11.45,11.3,11.3,25700,GSP,"At 2025-10-02 10:00:00, the stock GSP opened at 11.35 VND, reached a high of 11.45 VND, a low of 11.30 VND, and closed the hour at 11.30 VND with a trading volume of 25,700 shares."
2025-10-02 11:00:00,11.3,11.3,11.3,11.3,700,GSP,"At 2025-10-02 11:00:00, the stock GSP opened at 11.30 VND, reached a high of 11.30 VND, a low of 11.30 VND, and closed the hour at 11.30 VND with a trading volume of 700 shares."
2025-10-02 13:00:00,11.4,11.4,11.3,11.3,15800,GSP,"At 2025-10-02 13:00:00, the stock GSP opened at 11.40 VND, reached a high of 11.40 VND, a low of 11.30 VND, and closed the hour at 11.30 VND with a trading volume of 15,800 shares."
2025-10-02 14:00:00,11.3,11.35,11.3,11.35,10700,GSP,"At 2025-10-02 14:00:00, the stock GSP opened at 11.30 VND, reached a high of 11.35 VND, a low of 11.30 VND, and closed the hour at 11.35 VND with a trading volume of 10,700 shares."
2025-10-03 09:00:00,11.35,11.35,11.25,11.25,20800,GSP,"At 2025-10-03 09:00:00, the stock GSP opened at 11.35 VND, reached a high of 11.35 VND, a low of 11.25 VND, and closed the hour at 11.25 VND with a trading volume of 20,800 shares."
2025-10-03 10:00:00,11.25,11.35,11.25,11.25,3500,GSP,"At 2025-10-03 10:00:00, the stock GSP opened at 11.25 VND, reached a high of 11.35 VND, a low of 11.25 VND, and closed the hour at 11.25 VND with a trading volume of 3,500 shares."
2025-10-03 11:00:00,11.25,11.25,11.25,11.25,10100,GSP,"At 2025-10-03 11:00:00, the stock GSP opened at 11.25 VND, reached a high of 11.25 VND, a low of 11.25 VND, and closed the hour at 11.25 VND with a trading volume of 10,100 shares."
2025-10-03 13:00:00,11.25,11.3,11.25,11.25,9200,GSP,"At 2025-10-03 13:00:00, the stock GSP opened at 11.25 VND, reached a high of 11.30 VND, a low of 11.25 VND, and closed the hour at 11.25 VND with a trading volume of 9,200 shares."
2025-10-03 14:00:00,11.3,11.3,11.3,11.3,1700,GSP,"At 2025-10-03 14:00:00, the stock GSP opened at 11.30 VND, reached a high of 11.30 VND, a low of 11.30 VND, and closed the hour at 11.30 VND with a trading volume of 1,700 shares."
2025-10-06 09:00:00,11.35,11.5,11.25,11.25,91000,GSP,"At 2025-10-06 09:00:00, the stock GSP opened at 11.35 VND, reached a high of 11.50 VND, a low of 11.25 VND, and closed the hour at 11.25 VND with a trading volume of 91,000 shares."
2025-10-06 10:00:00,11.3,11.3,11.3,11.3,600,GSP,"At 2025-10-06 10:00:00, the stock GSP opened at 11.30 VND, reached a high of 11.30 VND, a low of 11.30 VND, and closed the hour at 11.30 VND with a trading volume of 600 shares."
2025-10-06 11:00:00,11.3,11.3,11.3,11.3,600,GSP,"At 2025-10-06 11:00:00, the stock GSP opened at 11.30 VND, reached a high of 11.30 VND, a low of 11.30 VND, and closed the hour at 11.30 VND with a trading volume of 600 shares."
2025-10-06 13:00:00,11.3,11.35,11.3,11.3,2700,GSP,"At 2025-10-06 13:00:00, the stock GSP opened at 11.30 VND, reached a high of 11.35 VND, a low of 11.30 VND, and closed the hour at 11.30 VND with a trading volume of 2,700 shares."
2025-10-06 14:00:00,11.35,11.35,11.3,11.35,2300,GSP,"At 2025-10-06 14:00:00, the stock GSP opened at 11.35 VND, reached a high of 11.35 VND, a low of 11.30 VND, and closed the hour at 11.35 VND with a trading volume of 2,300 shares."
2025-10-07 09:00:00,11.3,11.35,11.3,11.3,13000,GSP,"At 2025-10-07 09:00:00, the stock GSP opened at 11.30 VND, reached a high of 11.35 VND, a low of 11.30 VND, and closed the hour at 11.30 VND with a trading volume of 13,000 shares."
2025-10-07 10:00:00,11.25,11.45,11.25,11.45,26700,GSP,"At 2025-10-07 10:00:00, the stock GSP opened at 11.25 VND, reached a high of 11.45 VND, a low of 11.25 VND, and closed the hour at 11.45 VND with a trading volume of 26,700 shares."
2025-10-07 13:00:00,11.4,11.4,11.3,11.35,2400,GSP,"At 2025-10-07 13:00:00, the stock GSP opened at 11.40 VND, reached a high of 11.40 VND, a low of 11.30 VND, and closed the hour at 11.35 VND with a trading volume of 2,400 shares."
2025-10-07 14:00:00,11.3,11.35,11.3,11.35,1400,GSP,"At 2025-10-07 14:00:00, the stock GSP opened at 11.30 VND, reached a high of 11.35 VND, a low of 11.30 VND, and closed the hour at 11.35 VND with a trading volume of 1,400 shares."
2025-10-08 09:00:00,11.35,11.45,11.25,11.3,7500,GSP,"At 2025-10-08 09:00:00, the stock GSP opened at 11.35 VND, reached a high of 11.45 VND, a low of 11.25 VND, and closed the hour at 11.30 VND with a trading volume of 7,500 shares."
2025-10-08 10:00:00,11.35,11.35,11.35,11.35,200,GSP,"At 2025-10-08 10:00:00, the stock GSP opened at 11.35 VND, reached a high of 11.35 VND, a low of 11.35 VND, and closed the hour at 11.35 VND with a trading volume of 200 shares."
2025-10-08 11:00:00,11.3,11.3,11.3,11.3,2400,GSP,"At 2025-10-08 11:00:00, the stock GSP opened at 11.30 VND, reached a high of 11.30 VND, a low of 11.30 VND, and closed the hour at 11.30 VND with a trading volume of 2,400 shares."
2025-10-08 13:00:00,11.35,11.35,11.3,11.3,2000,GSP,"At 2025-10-08 13:00:00, the stock GSP opened at 11.35 VND, reached a high of 11.35 VND, a low of 11.30 VND, and closed the hour at 11.30 VND with a trading volume of 2,000 shares."
2025-10-08 14:00:00,11.3,11.35,11.25,11.35,3800,GSP,"At 2025-10-08 14:00:00, the stock GSP opened at 11.30 VND, reached a high of 11.35 VND, a low of 11.25 VND, and closed the hour at 11.35 VND with a trading volume of 3,800 shares."
2025-10-09 10:00:00,11.35,11.4,11.25,11.4,11500,GSP,"At 2025-10-09 10:00:00, the stock GSP opened at 11.35 VND, reached a high of 11.40 VND, a low of 11.25 VND, and closed the hour at 11.40 VND with a trading volume of 11,500 shares."
2025-10-09 13:00:00,11.3,11.35,11.3,11.35,1100,GSP,"At 2025-10-09 13:00:00, the stock GSP opened at 11.30 VND, reached a high of 11.35 VND, a low of 11.30 VND, and closed the hour at 11.35 VND with a trading volume of 1,100 shares."
2025-10-09 14:00:00,11.35,11.35,11.35,11.35,12700,GSP,"At 2025-10-09 14:00:00, the stock GSP opened at 11.35 VND, reached a high of 11.35 VND, a low of 11.35 VND, and closed the hour at 11.35 VND with a trading volume of 12,700 shares."
2025-10-10 09:00:00,11.3,11.4,11.3,11.3,9600,GSP,"At 2025-10-10 09:00:00, the stock GSP opened at 11.30 VND, reached a high of 11.40 VND, a low of 11.30 VND, and closed the hour at 11.30 VND with a trading volume of 9,600 shares."
2025-10-10 10:00:00,11.3,11.3,11.3,11.3,2200,GSP,"At 2025-10-10 10:00:00, the stock GSP opened at 11.30 VND, reached a high of 11.30 VND, a low of 11.30 VND, and closed the hour at 11.30 VND with a trading volume of 2,200 shares."
2025-10-10 11:00:00,11.3,11.3,11.3,11.3,100,GSP,"At 2025-10-10 11:00:00, the stock GSP opened at 11.30 VND, reached a high of 11.30 VND, a low of 11.30 VND, and closed the hour at 11.30 VND with a trading volume of 100 shares."
2025-10-10 13:00:00,11.35,11.35,11.3,11.3,10600,GSP,"At 2025-10-10 13:00:00, the stock GSP opened at 11.35 VND, reached a high of 11.35 VND, a low of 11.30 VND, and closed the hour at 11.30 VND with a trading volume of 10,600 shares."
2025-10-10 14:00:00,11.3,11.35,11.3,11.35,18100,GSP,"At 2025-10-10 14:00:00, the stock GSP opened at 11.30 VND, reached a high of 11.35 VND, a low of 11.30 VND, and closed the hour at 11.35 VND with a trading volume of 18,100 shares."
2025-10-13 09:00:00,11.15,11.2,11.15,11.2,21400,GSP,"At 2025-10-13 09:00:00, the stock GSP opened at 11.15 VND, reached a high of 11.20 VND, a low of 11.15 VND, and closed the hour at 11.20 VND with a trading volume of 21,400 shares."
2025-10-13 10:00:00,11.25,11.25,11.2,11.25,1200,GSP,"At 2025-10-13 10:00:00, the stock GSP opened at 11.25 VND, reached a high of 11.25 VND, a low of 11.20 VND, and closed the hour at 11.25 VND with a trading volume of 1,200 shares."
2025-10-13 11:00:00,11.25,11.25,11.25,11.25,600,GSP,"At 2025-10-13 11:00:00, the stock GSP opened at 11.25 VND, reached a high of 11.25 VND, a low of 11.25 VND, and closed the hour at 11.25 VND with a trading volume of 600 shares."
2025-10-13 13:00:00,11.25,11.25,11.25,11.25,7000,GSP,"At 2025-10-13 13:00:00, the stock GSP opened at 11.25 VND, reached a high of 11.25 VND, a low of 11.25 VND, and closed the hour at 11.25 VND with a trading volume of 7,000 shares."
2025-10-13 14:00:00,11.25,11.25,11.25,11.25,700,GSP,"At 2025-10-13 14:00:00, the stock GSP opened at 11.25 VND, reached a high of 11.25 VND, a low of 11.25 VND, and closed the hour at 11.25 VND with a trading volume of 700 shares."
2025-10-14 09:00:00,11.25,11.35,11.1,11.35,6500,GSP,"At 2025-10-14 09:00:00, the stock GSP opened at 11.25 VND, reached a high of 11.35 VND, a low of 11.10 VND, and closed the hour at 11.35 VND with a trading volume of 6,500 shares."
2025-10-14 10:00:00,11.15,11.25,11.1,11.25,7300,GSP,"At 2025-10-14 10:00:00, the stock GSP opened at 11.15 VND, reached a high of 11.25 VND, a low of 11.10 VND, and closed the hour at 11.25 VND with a trading volume of 7,300 shares."
2025-10-14 11:00:00,11.2,11.2,11.2,11.2,10100,GSP,"At 2025-10-14 11:00:00, the stock GSP opened at 11.20 VND, reached a high of 11.20 VND, a low of 11.20 VND, and closed the hour at 11.20 VND with a trading volume of 10,100 shares."
2025-10-14 13:00:00,11.2,11.25,11.1,11.25,16500,GSP,"At 2025-10-14 13:00:00, the stock GSP opened at 11.20 VND, reached a high of 11.25 VND, a low of 11.10 VND, and closed the hour at 11.25 VND with a trading volume of 16,500 shares."
2025-10-14 14:00:00,11.15,11.15,11.15,11.15,1700,GSP,"At 2025-10-14 14:00:00, the stock GSP opened at 11.15 VND, reached a high of 11.15 VND, a low of 11.15 VND, and closed the hour at 11.15 VND with a trading volume of 1,700 shares."
2025-10-15 09:00:00,11.25,11.25,11.25,11.25,300,GSP,"At 2025-10-15 09:00:00, the stock GSP opened at 11.25 VND, reached a high of 11.25 VND, a low of 11.25 VND, and closed the hour at 11.25 VND with a trading volume of 300 shares."
2025-10-15 10:00:00,11.15,11.15,11.15,11.15,14600,GSP,"At 2025-10-15 10:00:00, the stock GSP opened at 11.15 VND, reached a high of 11.15 VND, a low of 11.15 VND, and closed the hour at 11.15 VND with a trading volume of 14,600 shares."
2025-10-15 11:00:00,11.15,11.15,11.15,11.15,600,GSP,"At 2025-10-15 11:00:00, the stock GSP opened at 11.15 VND, reached a high of 11.15 VND, a low of 11.15 VND, and closed the hour at 11.15 VND with a trading volume of 600 shares."
2025-10-15 13:00:00,11.15,11.25,10.9,10.95,38500,GSP,"At 2025-10-15 13:00:00, the stock GSP opened at 11.15 VND, reached a high of 11.25 VND, a low of 10.90 VND, and closed the hour at 10.95 VND with a trading volume of 38,500 shares."
2025-10-15 14:00:00,10.95,11.15,10.95,11.15,90100,GSP,"At 2025-10-15 14:00:00, the stock GSP opened at 10.95 VND, reached a high of 11.15 VND, a low of 10.95 VND, and closed the hour at 11.15 VND with a trading volume of 90,100 shares."
2025-10-16 09:00:00,11.15,11.15,11.0,11.0,4200,GSP,"At 2025-10-16 09:00:00, the stock GSP opened at 11.15 VND, reached a high of 11.15 VND, a low of 11.00 VND, and closed the hour at 11.00 VND with a trading volume of 4,200 shares."
2025-10-16 10:00:00,11.0,11.15,11.0,11.15,7400,GSP,"At 2025-10-16 10:00:00, the stock GSP opened at 11.00 VND, reached a high of 11.15 VND, a low of 11.00 VND, and closed the hour at 11.15 VND with a trading volume of 7,400 shares."
2025-10-16 11:00:00,11.1,11.1,11.1,11.1,200,GSP,"At 2025-10-16 11:00:00, the stock GSP opened at 11.10 VND, reached a high of 11.10 VND, a low of 11.10 VND, and closed the hour at 11.10 VND with a trading volume of 200 shares."
2025-10-16 13:00:00,11.1,11.1,11.1,11.1,2100,GSP,"At 2025-10-16 13:00:00, the stock GSP opened at 11.10 VND, reached a high of 11.10 VND, a low of 11.10 VND, and closed the hour at 11.10 VND with a trading volume of 2,100 shares."
2025-10-16 14:00:00,11.1,11.1,11.1,11.1,300,GSP,"At 2025-10-16 14:00:00, the stock GSP opened at 11.10 VND, reached a high of 11.10 VND, a low of 11.10 VND, and closed the hour at 11.10 VND with a trading volume of 300 shares."
2025-10-17 09:00:00,11.15,11.15,11.15,11.15,500,GSP,"At 2025-10-17 09:00:00, the stock GSP opened at 11.15 VND, reached a high of 11.15 VND, a low of 11.15 VND, and closed the hour at 11.15 VND with a trading volume of 500 shares."
2025-10-17 10:00:00,11.05,11.1,11.0,11.0,3400,GSP,"At 2025-10-17 10:00:00, the stock GSP opened at 11.05 VND, reached a high of 11.10 VND, a low of 11.00 VND, and closed the hour at 11.00 VND with a trading volume of 3,400 shares."
2025-10-17 11:00:00,11.0,11.0,11.0,11.0,3100,GSP,"At 2025-10-17 11:00:00, the stock GSP opened at 11.00 VND, reached a high of 11.00 VND, a low of 11.00 VND, and closed the hour at 11.00 VND with a trading volume of 3,100 shares."
2025-10-17 13:00:00,11.0,11.05,10.95,11.0,4700,GSP,"At 2025-10-17 13:00:00, the stock GSP opened at 11.00 VND, reached a high of 11.05 VND, a low of 10.95 VND, and closed the hour at 11.00 VND with a trading volume of 4,700 shares."
2025-10-17 14:00:00,11.0,11.05,11.0,11.05,1000,GSP,"At 2025-10-17 14:00:00, the stock GSP opened at 11.00 VND, reached a high of 11.05 VND, a low of 11.00 VND, and closed the hour at 11.05 VND with a trading volume of 1,000 shares."
2025-10-20 09:00:00,11.0,11.0,11.0,11.0,200,GSP,"At 2025-10-20 09:00:00, the stock GSP opened at 11.00 VND, reached a high of 11.00 VND, a low of 11.00 VND, and closed the hour at 11.00 VND with a trading volume of 200 shares."
2025-10-20 10:00:00,11.0,11.05,11.0,11.05,700,GSP,"At 2025-10-20 10:00:00, the stock GSP opened at 11.00 VND, reached a high of 11.05 VND, a low of 11.00 VND, and closed the hour at 11.05 VND with a trading volume of 700 shares."
2025-10-20 11:00:00,11.0,11.0,11.0,11.0,400,GSP,"At 2025-10-20 11:00:00, the stock GSP opened at 11.00 VND, reached a high of 11.00 VND, a low of 11.00 VND, and closed the hour at 11.00 VND with a trading volume of 400 shares."
2025-10-20 13:00:00,11.05,11.1,11.05,11.05,11100,GSP,"At 2025-10-20 13:00:00, the stock GSP opened at 11.05 VND, reached a high of 11.10 VND, a low of 11.05 VND, and closed the hour at 11.05 VND with a trading volume of 11,100 shares."
2025-10-20 14:00:00,11.05,11.05,10.95,10.95,19700,GSP,"At 2025-10-20 14:00:00, the stock GSP opened at 11.05 VND, reached a high of 11.05 VND, a low of 10.95 VND, and closed the hour at 10.95 VND with a trading volume of 19,700 shares."
2025-10-21 09:00:00,10.7,10.7,10.4,10.55,96200,GSP,"At 2025-10-21 09:00:00, the stock GSP opened at 10.70 VND, reached a high of 10.70 VND, a low of 10.40 VND, and closed the hour at 10.55 VND with a trading volume of 96,200 shares."
2025-10-21 10:00:00,10.55,10.6,10.35,10.4,68100,GSP,"At 2025-10-21 10:00:00, the stock GSP opened at 10.55 VND, reached a high of 10.60 VND, a low of 10.35 VND, and closed the hour at 10.40 VND with a trading volume of 68,100 shares."
2025-10-21 11:00:00,10.4,10.5,10.4,10.5,16000,GSP,"At 2025-10-21 11:00:00, the stock GSP opened at 10.40 VND, reached a high of 10.50 VND, a low of 10.40 VND, and closed the hour at 10.50 VND with a trading volume of 16,000 shares."
2025-10-21 13:00:00,10.5,10.55,10.4,10.5,28800,GSP,"At 2025-10-21 13:00:00, the stock GSP opened at 10.50 VND, reached a high of 10.55 VND, a low of 10.40 VND, and closed the hour at 10.50 VND with a trading volume of 28,800 shares."
2025-10-21 14:00:00,10.55,10.55,10.4,10.45,26100,GSP,"At 2025-10-21 14:00:00, the stock GSP opened at 10.55 VND, reached a high of 10.55 VND, a low of 10.40 VND, and closed the hour at 10.45 VND with a trading volume of 26,100 shares."
2025-10-22 09:00:00,10.45,10.55,10.45,10.5,11800,GSP,"At 2025-10-22 09:00:00, the stock GSP opened at 10.45 VND, reached a high of 10.55 VND, a low of 10.45 VND, and closed the hour at 10.50 VND with a trading volume of 11,800 shares."
2025-10-22 10:00:00,10.5,10.5,10.45,10.45,37000,GSP,"At 2025-10-22 10:00:00, the stock GSP opened at 10.50 VND, reached a high of 10.50 VND, a low of 10.45 VND, and closed the hour at 10.45 VND with a trading volume of 37,000 shares."
2025-10-22 11:00:00,10.45,10.45,10.4,10.45,19600,GSP,"At 2025-10-22 11:00:00, the stock GSP opened at 10.45 VND, reached a high of 10.45 VND, a low of 10.40 VND, and closed the hour at 10.45 VND with a trading volume of 19,600 shares."
2025-10-22 13:00:00,10.5,10.5,10.35,10.4,39600,GSP,"At 2025-10-22 13:00:00, the stock GSP opened at 10.50 VND, reached a high of 10.50 VND, a low of 10.35 VND, and closed the hour at 10.40 VND with a trading volume of 39,600 shares."
2025-10-22 14:00:00,10.4,10.5,10.4,10.5,1100,GSP,"At 2025-10-22 14:00:00, the stock GSP opened at 10.40 VND, reached a high of 10.50 VND, a low of 10.40 VND, and closed the hour at 10.50 VND with a trading volume of 1,100 shares."
2025-10-23 09:00:00,10.6,10.6,10.55,10.55,4000,GSP,"At 2025-10-23 09:00:00, the stock GSP opened at 10.60 VND, reached a high of 10.60 VND, a low of 10.55 VND, and closed the hour at 10.55 VND with a trading volume of 4,000 shares."
2025-10-23 10:00:00,10.55,10.6,10.55,10.6,12000,GSP,"At 2025-10-23 10:00:00, the stock GSP opened at 10.55 VND, reached a high of 10.60 VND, a low of 10.55 VND, and closed the hour at 10.60 VND with a trading volume of 12,000 shares."
2025-10-23 11:00:00,10.65,10.65,10.6,10.6,300,GSP,"At 2025-10-23 11:00:00, the stock GSP opened at 10.65 VND, reached a high of 10.65 VND, a low of 10.60 VND, and closed the hour at 10.60 VND with a trading volume of 300 shares."
2025-10-23 13:00:00,10.6,10.6,10.55,10.55,14100,GSP,"At 2025-10-23 13:00:00, the stock GSP opened at 10.60 VND, reached a high of 10.60 VND, a low of 10.55 VND, and closed the hour at 10.55 VND with a trading volume of 14,100 shares."
2025-10-23 14:00:00,10.55,10.55,10.55,10.55,100,GSP,"At 2025-10-23 14:00:00, the stock GSP opened at 10.55 VND, reached a high of 10.55 VND, a low of 10.55 VND, and closed the hour at 10.55 VND with a trading volume of 100 shares."
2025-10-24 09:00:00,10.5,10.55,10.4,10.4,24000,GSP,"At 2025-10-24 09:00:00, the stock GSP opened at 10.50 VND, reached a high of 10.55 VND, a low of 10.40 VND, and closed the hour at 10.40 VND with a trading volume of 24,000 shares."
2025-10-24 10:00:00,10.4,10.45,10.4,10.45,5100,GSP,"At 2025-10-24 10:00:00, the stock GSP opened at 10.40 VND, reached a high of 10.45 VND, a low of 10.40 VND, and closed the hour at 10.45 VND with a trading volume of 5,100 shares."
2025-10-24 11:00:00,10.4,10.45,10.4,10.45,13900,GSP,"At 2025-10-24 11:00:00, the stock GSP opened at 10.40 VND, reached a high of 10.45 VND, a low of 10.40 VND, and closed the hour at 10.45 VND with a trading volume of 13,900 shares."
2025-10-24 13:00:00,10.5,10.5,10.5,10.5,19100,GSP,"At 2025-10-24 13:00:00, the stock GSP opened at 10.50 VND, reached a high of 10.50 VND, a low of 10.50 VND, and closed the hour at 10.50 VND with a trading volume of 19,100 shares."
2025-10-24 14:00:00,10.5,10.5,10.45,10.45,15700,GSP,"At 2025-10-24 14:00:00, the stock GSP opened at 10.50 VND, reached a high of 10.50 VND, a low of 10.45 VND, and closed the hour at 10.45 VND with a trading volume of 15,700 shares."
2025-10-27 09:00:00,10.45,10.55,10.45,10.45,16300,GSP,"At 2025-10-27 09:00:00, the stock GSP opened at 10.45 VND, reached a high of 10.55 VND, a low of 10.45 VND, and closed the hour at 10.45 VND with a trading volume of 16,300 shares."
2025-10-27 10:00:00,10.45,10.45,10.45,10.45,15600,GSP,"At 2025-10-27 10:00:00, the stock GSP opened at 10.45 VND, reached a high of 10.45 VND, a low of 10.45 VND, and closed the hour at 10.45 VND with a trading volume of 15,600 shares."
2025-10-27 13:00:00,10.45,10.45,10.45,10.45,9500,GSP,"At 2025-10-27 13:00:00, the stock GSP opened at 10.45 VND, reached a high of 10.45 VND, a low of 10.45 VND, and closed the hour at 10.45 VND with a trading volume of 9,500 shares."
2025-10-27 14:00:00,10.45,10.45,10.45,10.45,5000,GSP,"At 2025-10-27 14:00:00, the stock GSP opened at 10.45 VND, reached a high of 10.45 VND, a low of 10.45 VND, and closed the hour at 10.45 VND with a trading volume of 5,000 shares."
2025-10-28 09:00:00,10.5,10.55,10.45,10.45,13600,GSP,"At 2025-10-28 09:00:00, the stock GSP opened at 10.50 VND, reached a high of 10.55 VND, a low of 10.45 VND, and closed the hour at 10.45 VND with a trading volume of 13,600 shares."
2025-10-28 10:00:00,10.45,10.45,10.4,10.45,5000,GSP,"At 2025-10-28 10:00:00, the stock GSP opened at 10.45 VND, reached a high of 10.45 VND, a low of 10.40 VND, and closed the hour at 10.45 VND with a trading volume of 5,000 shares."
2025-10-28 11:00:00,10.4,10.45,10.4,10.45,1100,GSP,"At 2025-10-28 11:00:00, the stock GSP opened at 10.40 VND, reached a high of 10.45 VND, a low of 10.40 VND, and closed the hour at 10.45 VND with a trading volume of 1,100 shares."
2025-10-28 13:00:00,10.4,10.4,10.4,10.4,31700,GSP,"At 2025-10-28 13:00:00, the stock GSP opened at 10.40 VND, reached a high of 10.40 VND, a low of 10.40 VND, and closed the hour at 10.40 VND with a trading volume of 31,700 shares."
2025-10-28 14:00:00,10.45,10.45,10.45,10.45,1000,GSP,"At 2025-10-28 14:00:00, the stock GSP opened at 10.45 VND, reached a high of 10.45 VND, a low of 10.45 VND, and closed the hour at 10.45 VND with a trading volume of 1,000 shares."
2025-10-29 09:00:00,10.45,10.45,10.45,10.45,1900,GSP,"At 2025-10-29 09:00:00, the stock GSP opened at 10.45 VND, reached a high of 10.45 VND, a low of 10.45 VND, and closed the hour at 10.45 VND with a trading volume of 1,900 shares."
2025-10-29 10:00:00,10.45,10.45,10.45,10.45,15200,GSP,"At 2025-10-29 10:00:00, the stock GSP opened at 10.45 VND, reached a high of 10.45 VND, a low of 10.45 VND, and closed the hour at 10.45 VND with a trading volume of 15,200 shares."
2025-10-29 11:00:00,10.45,10.5,10.45,10.5,26900,GSP,"At 2025-10-29 11:00:00, the stock GSP opened at 10.45 VND, reached a high of 10.50 VND, a low of 10.45 VND, and closed the hour at 10.50 VND with a trading volume of 26,900 shares."
2025-10-29 13:00:00,10.5,10.5,10.45,10.5,22400,GSP,"At 2025-10-29 13:00:00, the stock GSP opened at 10.50 VND, reached a high of 10.50 VND, a low of 10.45 VND, and closed the hour at 10.50 VND with a trading volume of 22,400 shares."
2025-10-29 14:00:00,10.5,10.5,10.45,10.5,10800,GSP,"At 2025-10-29 14:00:00, the stock GSP opened at 10.50 VND, reached a high of 10.50 VND, a low of 10.45 VND, and closed the hour at 10.50 VND with a trading volume of 10,800 shares."
2025-10-30 09:00:00,10.45,10.45,10.4,10.45,15100,GSP,"At 2025-10-30 09:00:00, the stock GSP opened at 10.45 VND, reached a high of 10.45 VND, a low of 10.40 VND, and closed the hour at 10.45 VND with a trading volume of 15,100 shares."
2025-10-30 10:00:00,10.45,10.45,10.4,10.4,10400,GSP,"At 2025-10-30 10:00:00, the stock GSP opened at 10.45 VND, reached a high of 10.45 VND, a low of 10.40 VND, and closed the hour at 10.40 VND with a trading volume of 10,400 shares."
2025-10-30 11:00:00,10.45,10.5,10.45,10.5,5400,GSP,"At 2025-10-30 11:00:00, the stock GSP opened at 10.45 VND, reached a high of 10.50 VND, a low of 10.45 VND, and closed the hour at 10.50 VND with a trading volume of 5,400 shares."
2025-10-30 13:00:00,10.45,10.5,10.45,10.45,15300,GSP,"At 2025-10-30 13:00:00, the stock GSP opened at 10.45 VND, reached a high of 10.50 VND, a low of 10.45 VND, and closed the hour at 10.45 VND with a trading volume of 15,300 shares."
2025-10-30 14:00:00,10.5,10.5,10.5,10.5,100,GSP,"At 2025-10-30 14:00:00, the stock GSP opened at 10.50 VND, reached a high of 10.50 VND, a low of 10.50 VND, and closed the hour at 10.50 VND with a trading volume of 100 shares."
2025-10-31 09:00:00,10.5,10.5,10.5,10.5,300,GSP,"At 2025-10-31 09:00:00, the stock GSP opened at 10.50 VND, reached a high of 10.50 VND, a low of 10.50 VND, and closed the hour at 10.50 VND with a trading volume of 300 shares."
2025-10-31 10:00:00,10.45,10.5,10.4,10.5,11300,GSP,"At 2025-10-31 10:00:00, the stock GSP opened at 10.45 VND, reached a high of 10.50 VND, a low of 10.40 VND, and closed the hour at 10.50 VND with a trading volume of 11,300 shares."
2025-10-31 13:00:00,10.5,10.5,10.4,10.5,26600,GSP,"At 2025-10-31 13:00:00, the stock GSP opened at 10.50 VND, reached a high of 10.50 VND, a low of 10.40 VND, and closed the hour at 10.50 VND with a trading volume of 26,600 shares."
2025-11-03 09:00:00,10.45,10.45,10.45,10.45,100,GSP,"At 2025-11-03 09:00:00, the stock GSP opened at 10.45 VND, reached a high of 10.45 VND, a low of 10.45 VND, and closed the hour at 10.45 VND with a trading volume of 100 shares."
2025-11-03 10:00:00,10.45,10.5,10.45,10.45,20900,GSP,"At 2025-11-03 10:00:00, the stock GSP opened at 10.45 VND, reached a high of 10.50 VND, a low of 10.45 VND, and closed the hour at 10.45 VND with a trading volume of 20,900 shares."
2025-11-03 11:00:00,10.5,10.5,10.5,10.5,18500,GSP,"At 2025-11-03 11:00:00, the stock GSP opened at 10.50 VND, reached a high of 10.50 VND, a low of 10.50 VND, and closed the hour at 10.50 VND with a trading volume of 18,500 shares."
2025-11-03 13:00:00,10.5,10.5,10.5,10.5,5000,GSP,"At 2025-11-03 13:00:00, the stock GSP opened at 10.50 VND, reached a high of 10.50 VND, a low of 10.50 VND, and closed the hour at 10.50 VND with a trading volume of 5,000 shares."
2025-11-03 14:00:00,10.5,10.5,10.45,10.45,11000,GSP,"At 2025-11-03 14:00:00, the stock GSP opened at 10.50 VND, reached a high of 10.50 VND, a low of 10.45 VND, and closed the hour at 10.45 VND with a trading volume of 11,000 shares."
2025-11-04 09:00:00,10.4,10.5,10.4,10.5,4000,GSP,"At 2025-11-04 09:00:00, the stock GSP opened at 10.40 VND, reached a high of 10.50 VND, a low of 10.40 VND, and closed the hour at 10.50 VND with a trading volume of 4,000 shares."
2025-11-04 10:00:00,10.45,10.45,10.4,10.4,5600,GSP,"At 2025-11-04 10:00:00, the stock GSP opened at 10.45 VND, reached a high of 10.45 VND, a low of 10.40 VND, and closed the hour at 10.40 VND with a trading volume of 5,600 shares."
2025-11-04 11:00:00,10.45,10.45,10.4,10.4,7300,GSP,"At 2025-11-04 11:00:00, the stock GSP opened at 10.45 VND, reached a high of 10.45 VND, a low of 10.40 VND, and closed the hour at 10.40 VND with a trading volume of 7,300 shares."
2025-11-04 13:00:00,10.4,10.4,10.35,10.4,25100,GSP,"At 2025-11-04 13:00:00, the stock GSP opened at 10.40 VND, reached a high of 10.40 VND, a low of 10.35 VND, and closed the hour at 10.40 VND with a trading volume of 25,100 shares."
2025-11-04 14:00:00,10.4,10.45,10.4,10.45,15700,GSP,"At 2025-11-04 14:00:00, the stock GSP opened at 10.40 VND, reached a high of 10.45 VND, a low of 10.40 VND, and closed the hour at 10.45 VND with a trading volume of 15,700 shares."
2025-11-05 09:00:00,10.45,10.5,10.45,10.5,1300,GSP,"At 2025-11-05 09:00:00, the stock GSP opened at 10.45 VND, reached a high of 10.50 VND, a low of 10.45 VND, and closed the hour at 10.50 VND with a trading volume of 1,300 shares."
2025-11-05 10:00:00,10.5,10.5,10.45,10.45,8500,GSP,"At 2025-11-05 10:00:00, the stock GSP opened at 10.50 VND, reached a high of 10.50 VND, a low of 10.45 VND, and closed the hour at 10.45 VND with a trading volume of 8,500 shares."
2025-11-05 11:00:00,10.45,10.45,10.45,10.45,100,GSP,"At 2025-11-05 11:00:00, the stock GSP opened at 10.45 VND, reached a high of 10.45 VND, a low of 10.45 VND, and closed the hour at 10.45 VND with a trading volume of 100 shares."
2025-11-05 13:00:00,10.4,10.55,10.4,10.5,17600,GSP,"At 2025-11-05 13:00:00, the stock GSP opened at 10.40 VND, reached a high of 10.55 VND, a low of 10.40 VND, and closed the hour at 10.50 VND with a trading volume of 17,600 shares."
2025-11-05 14:00:00,10.5,10.5,10.5,10.5,5500,GSP,"At 2025-11-05 14:00:00, the stock GSP opened at 10.50 VND, reached a high of 10.50 VND, a low of 10.50 VND, and closed the hour at 10.50 VND with a trading volume of 5,500 shares."
2025-11-06 10:00:00,10.5,10.5,10.5,10.5,20400,GSP,"At 2025-11-06 10:00:00, the stock GSP opened at 10.50 VND, reached a high of 10.50 VND, a low of 10.50 VND, and closed the hour at 10.50 VND with a trading volume of 20,400 shares."
2025-11-06 11:00:00,10.5,10.5,10.5,10.5,100,GSP,"At 2025-11-06 11:00:00, the stock GSP opened at 10.50 VND, reached a high of 10.50 VND, a low of 10.50 VND, and closed the hour at 10.50 VND with a trading volume of 100 shares."
2025-11-06 13:00:00,10.45,10.5,10.45,10.5,5700,GSP,"At 2025-11-06 13:00:00, the stock GSP opened at 10.45 VND, reached a high of 10.50 VND, a low of 10.45 VND, and closed the hour at 10.50 VND with a trading volume of 5,700 shares."
2025-11-06 14:00:00,10.5,10.5,10.5,10.5,13400,GSP,"At 2025-11-06 14:00:00, the stock GSP opened at 10.50 VND, reached a high of 10.50 VND, a low of 10.50 VND, and closed the hour at 10.50 VND with a trading volume of 13,400 shares."
2025-11-07 10:00:00,10.45,10.5,10.45,10.5,3200,GSP,"At 2025-11-07 10:00:00, the stock GSP opened at 10.45 VND, reached a high of 10.50 VND, a low of 10.45 VND, and closed the hour at 10.50 VND with a trading volume of 3,200 shares."
2025-11-07 11:00:00,10.55,10.6,10.55,10.6,13700,GSP,"At 2025-11-07 11:00:00, the stock GSP opened at 10.55 VND, reached a high of 10.60 VND, a low of 10.55 VND, and closed the hour at 10.60 VND with a trading volume of 13,700 shares."
2025-11-07 13:00:00,10.55,10.55,10.5,10.5,8100,GSP,"At 2025-11-07 13:00:00, the stock GSP opened at 10.55 VND, reached a high of 10.55 VND, a low of 10.50 VND, and closed the hour at 10.50 VND with a trading volume of 8,100 shares."
2025-11-07 14:00:00,10.5,10.5,10.5,10.5,9100,GSP,"At 2025-11-07 14:00:00, the stock GSP opened at 10.50 VND, reached a high of 10.50 VND, a low of 10.50 VND, and closed the hour at 10.50 VND with a trading volume of 9,100 shares."
2025-11-10 10:00:00,10.5,10.5,10.5,10.5,10000,GSP,"At 2025-11-10 10:00:00, the stock GSP opened at 10.50 VND, reached a high of 10.50 VND, a low of 10.50 VND, and closed the hour at 10.50 VND with a trading volume of 10,000 shares."
2025-11-10 11:00:00,10.5,10.5,10.5,10.5,300,GSP,"At 2025-11-10 11:00:00, the stock GSP opened at 10.50 VND, reached a high of 10.50 VND, a low of 10.50 VND, and closed the hour at 10.50 VND with a trading volume of 300 shares."
2025-11-10 13:00:00,10.5,10.5,10.5,10.5,8200,GSP,"At 2025-11-10 13:00:00, the stock GSP opened at 10.50 VND, reached a high of 10.50 VND, a low of 10.50 VND, and closed the hour at 10.50 VND with a trading volume of 8,200 shares."
2025-11-10 14:00:00,10.5,10.5,10.5,10.5,6700,GSP,"At 2025-11-10 14:00:00, the stock GSP opened at 10.50 VND, reached a high of 10.50 VND, a low of 10.50 VND, and closed the hour at 10.50 VND with a trading volume of 6,700 shares."
2025-11-11 09:00:00,10.5,10.5,10.4,10.5,1000,GSP,"At 2025-11-11 09:00:00, the stock GSP opened at 10.50 VND, reached a high of 10.50 VND, a low of 10.40 VND, and closed the hour at 10.50 VND with a trading volume of 1,000 shares."
2025-11-11 10:00:00,10.5,10.5,10.5,10.5,9200,GSP,"At 2025-11-11 10:00:00, the stock GSP opened at 10.50 VND, reached a high of 10.50 VND, a low of 10.50 VND, and closed the hour at 10.50 VND with a trading volume of 9,200 shares."
2025-11-11 11:00:00,10.5,10.5,10.5,10.5,1100,GSP,"At 2025-11-11 11:00:00, the stock GSP opened at 10.50 VND, reached a high of 10.50 VND, a low of 10.50 VND, and closed the hour at 10.50 VND with a trading volume of 1,100 shares."
2025-11-11 14:00:00,10.5,10.5,10.5,10.5,300,GSP,"At 2025-11-11 14:00:00, the stock GSP opened at 10.50 VND, reached a high of 10.50 VND, a low of 10.50 VND, and closed the hour at 10.50 VND with a trading volume of 300 shares."
2025-11-12 10:00:00,10.45,10.45,10.45,10.45,22300,GSP,"At 2025-11-12 10:00:00, the stock GSP opened at 10.45 VND, reached a high of 10.45 VND, a low of 10.45 VND, and closed the hour at 10.45 VND with a trading volume of 22,300 shares."
2025-11-12 13:00:00,10.45,10.45,10.45,10.45,300,GSP,"At 2025-11-12 13:00:00, the stock GSP opened at 10.45 VND, reached a high of 10.45 VND, a low of 10.45 VND, and closed the hour at 10.45 VND with a trading volume of 300 shares."
2025-11-12 14:00:00,10.5,10.55,10.45,10.55,1000,GSP,"At 2025-11-12 14:00:00, the stock GSP opened at 10.50 VND, reached a high of 10.55 VND, a low of 10.45 VND, and closed the hour at 10.55 VND with a trading volume of 1,000 shares."
2025-11-13 09:00:00,10.4,10.4,10.4,10.4,900,GSP,"At 2025-11-13 09:00:00, the stock GSP opened at 10.40 VND, reached a high of 10.40 VND, a low of 10.40 VND, and closed the hour at 10.40 VND with a trading volume of 900 shares."
2025-11-13 10:00:00,10.45,10.55,10.4,10.55,33200,GSP,"At 2025-11-13 10:00:00, the stock GSP opened at 10.45 VND, reached a high of 10.55 VND, a low of 10.40 VND, and closed the hour at 10.55 VND with a trading volume of 33,200 shares."
2025-11-13 11:00:00,10.55,10.55,10.5,10.5,5500,GSP,"At 2025-11-13 11:00:00, the stock GSP opened at 10.55 VND, reached a high of 10.55 VND, a low of 10.50 VND, and closed the hour at 10.50 VND with a trading volume of 5,500 shares."
2025-11-13 13:00:00,10.5,10.55,10.5,10.55,16800,GSP,"At 2025-11-13 13:00:00, the stock GSP opened at 10.50 VND, reached a high of 10.55 VND, a low of 10.50 VND, and closed the hour at 10.55 VND with a trading volume of 16,800 shares."
2025-11-13 14:00:00,10.55,10.55,10.55,10.55,4600,GSP,"At 2025-11-13 14:00:00, the stock GSP opened at 10.55 VND, reached a high of 10.55 VND, a low of 10.55 VND, and closed the hour at 10.55 VND with a trading volume of 4,600 shares."
2025-11-14 09:00:00,10.55,10.55,10.55,10.55,1500,GSP,"At 2025-11-14 09:00:00, the stock GSP opened at 10.55 VND, reached a high of 10.55 VND, a low of 10.55 VND, and closed the hour at 10.55 VND with a trading volume of 1,500 shares."
2025-11-14 10:00:00,10.55,10.55,10.55,10.55,4600,GSP,"At 2025-11-14 10:00:00, the stock GSP opened at 10.55 VND, reached a high of 10.55 VND, a low of 10.55 VND, and closed the hour at 10.55 VND with a trading volume of 4,600 shares."
2025-11-14 13:00:00,10.55,10.55,10.55,10.55,4300,GSP,"At 2025-11-14 13:00:00, the stock GSP opened at 10.55 VND, reached a high of 10.55 VND, a low of 10.55 VND, and closed the hour at 10.55 VND with a trading volume of 4,300 shares."
2025-11-14 14:00:00,10.55,10.55,10.55,10.55,1900,GSP,"At 2025-11-14 14:00:00, the stock GSP opened at 10.55 VND, reached a high of 10.55 VND, a low of 10.55 VND, and closed the hour at 10.55 VND with a trading volume of 1,900 shares."
2025-11-17 09:00:00,10.55,10.55,10.5,10.5,4400,GSP,"At 2025-11-17 09:00:00, the stock GSP opened at 10.55 VND, reached a high of 10.55 VND, a low of 10.50 VND, and closed the hour at 10.50 VND with a trading volume of 4,400 shares."
2025-11-17 10:00:00,10.5,10.5,10.5,10.5,100,GSP,"At 2025-11-17 10:00:00, the stock GSP opened at 10.50 VND, reached a high of 10.50 VND, a low of 10.50 VND, and closed the hour at 10.50 VND with a trading volume of 100 shares."
2025-11-17 11:00:00,10.5,10.5,10.5,10.5,21000,GSP,"At 2025-11-17 11:00:00, the stock GSP opened at 10.50 VND, reached a high of 10.50 VND, a low of 10.50 VND, and closed the hour at 10.50 VND with a trading volume of 21,000 shares."
2025-11-17 13:00:00,10.5,10.5,10.5,10.5,26000,GSP,"At 2025-11-17 13:00:00, the stock GSP opened at 10.50 VND, reached a high of 10.50 VND, a low of 10.50 VND, and closed the hour at 10.50 VND with a trading volume of 26,000 shares."
2025-11-17 14:00:00,10.5,10.55,10.5,10.55,5900,GSP,"At 2025-11-17 14:00:00, the stock GSP opened at 10.50 VND, reached a high of 10.55 VND, a low of 10.50 VND, and closed the hour at 10.55 VND with a trading volume of 5,900 shares."
2025-11-18 09:00:00,10.45,10.5,10.45,10.5,600,GSP,"At 2025-11-18 09:00:00, the stock GSP opened at 10.45 VND, reached a high of 10.50 VND, a low of 10.45 VND, and closed the hour at 10.50 VND with a trading volume of 600 shares."
2025-11-18 10:00:00,10.5,10.5,10.5,10.5,1400,GSP,"At 2025-11-18 10:00:00, the stock GSP opened at 10.50 VND, reached a high of 10.50 VND, a low of 10.50 VND, and closed the hour at 10.50 VND with a trading volume of 1,400 shares."
2025-11-18 11:00:00,10.55,10.55,10.55,10.55,100,GSP,"At 2025-11-18 11:00:00, the stock GSP opened at 10.55 VND, reached a high of 10.55 VND, a low of 10.55 VND, and closed the hour at 10.55 VND with a trading volume of 100 shares."
2025-11-18 13:00:00,10.5,10.5,10.45,10.45,1700,GSP,"At 2025-11-18 13:00:00, the stock GSP opened at 10.50 VND, reached a high of 10.50 VND, a low of 10.45 VND, and closed the hour at 10.45 VND with a trading volume of 1,700 shares."
2025-11-18 14:00:00,10.45,10.45,10.45,10.45,5000,GSP,"At 2025-11-18 14:00:00, the stock GSP opened at 10.45 VND, reached a high of 10.45 VND, a low of 10.45 VND, and closed the hour at 10.45 VND with a trading volume of 5,000 shares."
2025-11-19 09:00:00,10.45,10.5,10.4,10.5,2100,GSP,"At 2025-11-19 09:00:00, the stock GSP opened at 10.45 VND, reached a high of 10.50 VND, a low of 10.40 VND, and closed the hour at 10.50 VND with a trading volume of 2,100 shares."
2025-11-19 10:00:00,10.5,10.5,10.5,10.5,1100,GSP,"At 2025-11-19 10:00:00, the stock GSP opened at 10.50 VND, reached a high of 10.50 VND, a low of 10.50 VND, and closed the hour at 10.50 VND with a trading volume of 1,100 shares."
2025-11-19 11:00:00,10.45,10.45,10.45,10.45,1000,GSP,"At 2025-11-19 11:00:00, the stock GSP opened at 10.45 VND, reached a high of 10.45 VND, a low of 10.45 VND, and closed the hour at 10.45 VND with a trading volume of 1,000 shares."
2025-11-19 13:00:00,10.5,10.5,10.5,10.5,200,GSP,"At 2025-11-19 13:00:00, the stock GSP opened at 10.50 VND, reached a high of 10.50 VND, a low of 10.50 VND, and closed the hour at 10.50 VND with a trading volume of 200 shares."
2025-11-19 14:00:00,10.45,10.45,10.45,10.45,5100,GSP,"At 2025-11-19 14:00:00, the stock GSP opened at 10.45 VND, reached a high of 10.45 VND, a low of 10.45 VND, and closed the hour at 10.45 VND with a trading volume of 5,100 shares."
2025-11-20 09:00:00,10.45,10.45,10.4,10.45,8400,GSP,"At 2025-11-20 09:00:00, the stock GSP opened at 10.45 VND, reached a high of 10.45 VND, a low of 10.40 VND, and closed the hour at 10.45 VND with a trading volume of 8,400 shares."
2025-11-20 10:00:00,10.45,10.45,10.45,10.45,2500,GSP,"At 2025-11-20 10:00:00, the stock GSP opened at 10.45 VND, reached a high of 10.45 VND, a low of 10.45 VND, and closed the hour at 10.45 VND with a trading volume of 2,500 shares."
2025-11-20 11:00:00,10.45,10.45,10.45,10.45,400,GSP,"At 2025-11-20 11:00:00, the stock GSP opened at 10.45 VND, reached a high of 10.45 VND, a low of 10.45 VND, and closed the hour at 10.45 VND with a trading volume of 400 shares."
2025-11-20 13:00:00,10.45,10.45,10.4,10.45,18500,GSP,"At 2025-11-20 13:00:00, the stock GSP opened at 10.45 VND, reached a high of 10.45 VND, a low of 10.40 VND, and closed the hour at 10.45 VND with a trading volume of 18,500 shares."
2025-11-20 14:00:00,10.4,10.4,10.4,10.4,600,GSP,"At 2025-11-20 14:00:00, the stock GSP opened at 10.40 VND, reached a high of 10.40 VND, a low of 10.40 VND, and closed the hour at 10.40 VND with a trading volume of 600 shares."
2025-11-21 10:00:00,10.4,10.4,10.4,10.4,14700,GSP,"At 2025-11-21 10:00:00, the stock GSP opened at 10.40 VND, reached a high of 10.40 VND, a low of 10.40 VND, and closed the hour at 10.40 VND with a trading volume of 14,700 shares."
2025-11-21 13:00:00,10.4,10.45,10.4,10.45,1500,GSP,"At 2025-11-21 13:00:00, the stock GSP opened at 10.40 VND, reached a high of 10.45 VND, a low of 10.40 VND, and closed the hour at 10.45 VND with a trading volume of 1,500 shares."
2025-11-24 09:00:00,10.4,10.4,10.4,10.4,2000,GSP,"At 2025-11-24 09:00:00, the stock GSP opened at 10.40 VND, reached a high of 10.40 VND, a low of 10.40 VND, and closed the hour at 10.40 VND with a trading volume of 2,000 shares."
2025-11-24 10:00:00,10.4,10.4,10.4,10.4,7000,GSP,"At 2025-11-24 10:00:00, the stock GSP opened at 10.40 VND, reached a high of 10.40 VND, a low of 10.40 VND, and closed the hour at 10.40 VND with a trading volume of 7,000 shares."
2025-11-24 13:00:00,10.5,10.5,10.5,10.5,13400,GSP,"At 2025-11-24 13:00:00, the stock GSP opened at 10.50 VND, reached a high of 10.50 VND, a low of 10.50 VND, and closed the hour at 10.50 VND with a trading volume of 13,400 shares."
2025-11-24 14:00:00,10.5,10.5,10.5,10.5,8000,GSP,"At 2025-11-24 14:00:00, the stock GSP opened at 10.50 VND, reached a high of 10.50 VND, a low of 10.50 VND, and closed the hour at 10.50 VND with a trading volume of 8,000 shares."
2025-11-25 09:00:00,10.4,10.5,10.4,10.4,3800,GSP,"At 2025-11-25 09:00:00, the stock GSP opened at 10.40 VND, reached a high of 10.50 VND, a low of 10.40 VND, and closed the hour at 10.40 VND with a trading volume of 3,800 shares."
2025-11-25 10:00:00,10.4,10.4,10.4,10.4,6400,GSP,"At 2025-11-25 10:00:00, the stock GSP opened at 10.40 VND, reached a high of 10.40 VND, a low of 10.40 VND, and closed the hour at 10.40 VND with a trading volume of 6,400 shares."
2025-11-25 13:00:00,10.5,10.5,10.5,10.5,6000,GSP,"At 2025-11-25 13:00:00, the stock GSP opened at 10.50 VND, reached a high of 10.50 VND, a low of 10.50 VND, and closed the hour at 10.50 VND with a trading volume of 6,000 shares."
2025-11-25 14:00:00,10.4,10.4,10.4,10.4,200,GSP,"At 2025-11-25 14:00:00, the stock GSP opened at 10.40 VND, reached a high of 10.40 VND, a low of 10.40 VND, and closed the hour at 10.40 VND with a trading volume of 200 shares."
2025-11-26 10:00:00,10.5,10.5,10.5,10.5,1800,GSP,"At 2025-11-26 10:00:00, the stock GSP opened at 10.50 VND, reached a high of 10.50 VND, a low of 10.50 VND, and closed the hour at 10.50 VND with a trading volume of 1,800 shares."
2025-11-26 14:00:00,10.45,10.45,10.45,10.45,200,GSP,"At 2025-11-26 14:00:00, the stock GSP opened at 10.45 VND, reached a high of 10.45 VND, a low of 10.45 VND, and closed the hour at 10.45 VND with a trading volume of 200 shares."
2025-11-27 09:00:00,10.5,10.5,10.5,10.5,800,GSP,"At 2025-11-27 09:00:00, the stock GSP opened at 10.50 VND, reached a high of 10.50 VND, a low of 10.50 VND, and closed the hour at 10.50 VND with a trading volume of 800 shares."
2025-11-27 10:00:00,10.45,10.45,10.45,10.45,17000,GSP,"At 2025-11-27 10:00:00, the stock GSP opened at 10.45 VND, reached a high of 10.45 VND, a low of 10.45 VND, and closed the hour at 10.45 VND with a trading volume of 17,000 shares."
2025-11-27 11:00:00,10.45,10.45,10.45,10.45,2700,GSP,"At 2025-11-27 11:00:00, the stock GSP opened at 10.45 VND, reached a high of 10.45 VND, a low of 10.45 VND, and closed the hour at 10.45 VND with a trading volume of 2,700 shares."
2025-11-27 13:00:00,10.45,10.5,10.45,10.5,13900,GSP,"At 2025-11-27 13:00:00, the stock GSP opened at 10.45 VND, reached a high of 10.50 VND, a low of 10.45 VND, and closed the hour at 10.50 VND with a trading volume of 13,900 shares."
2025-11-27 14:00:00,10.45,10.45,10.4,10.4,2100,GSP,"At 2025-11-27 14:00:00, the stock GSP opened at 10.45 VND, reached a high of 10.45 VND, a low of 10.40 VND, and closed the hour at 10.40 VND with a trading volume of 2,100 shares."
2025-11-28 09:00:00,10.45,10.5,10.45,10.5,6400,GSP,"At 2025-11-28 09:00:00, the stock GSP opened at 10.45 VND, reached a high of 10.50 VND, a low of 10.45 VND, and closed the hour at 10.50 VND with a trading volume of 6,400 shares."
2025-11-28 10:00:00,10.5,10.5,10.5,10.5,19200,GSP,"At 2025-11-28 10:00:00, the stock GSP opened at 10.50 VND, reached a high of 10.50 VND, a low of 10.50 VND, and closed the hour at 10.50 VND with a trading volume of 19,200 shares."
2025-11-28 11:00:00,10.5,10.5,10.5,10.5,1900,GSP,"At 2025-11-28 11:00:00, the stock GSP opened at 10.50 VND, reached a high of 10.50 VND, a low of 10.50 VND, and closed the hour at 10.50 VND with a trading volume of 1,900 shares."
2025-11-28 13:00:00,10.5,10.5,10.45,10.45,16200,GSP,"At 2025-11-28 13:00:00, the stock GSP opened at 10.50 VND, reached a high of 10.50 VND, a low of 10.45 VND, and closed the hour at 10.45 VND with a trading volume of 16,200 shares."
2025-11-28 14:00:00,10.45,10.45,10.45,10.45,7200,GSP,"At 2025-11-28 14:00:00, the stock GSP opened at 10.45 VND, reached a high of 10.45 VND, a low of 10.45 VND, and closed the hour at 10.45 VND with a trading volume of 7,200 shares."
2025-12-01 09:00:00,10.45,10.45,10.45,10.45,1500,GSP,"At 2025-12-01 09:00:00, the stock GSP opened at 10.45 VND, reached a high of 10.45 VND, a low of 10.45 VND, and closed the hour at 10.45 VND with a trading volume of 1,500 shares."
2025-12-01 10:00:00,10.5,10.5,10.5,10.5,5000,GSP,"At 2025-12-01 10:00:00, the stock GSP opened at 10.50 VND, reached a high of 10.50 VND, a low of 10.50 VND, and closed the hour at 10.50 VND with a trading volume of 5,000 shares."
2025-12-01 11:00:00,10.45,10.45,10.45,10.45,13000,GSP,"At 2025-12-01 11:00:00, the stock GSP opened at 10.45 VND, reached a high of 10.45 VND, a low of 10.45 VND, and closed the hour at 10.45 VND with a trading volume of 13,000 shares."
2025-12-01 13:00:00,10.45,10.5,10.45,10.5,3400,GSP,"At 2025-12-01 13:00:00, the stock GSP opened at 10.45 VND, reached a high of 10.50 VND, a low of 10.45 VND, and closed the hour at 10.50 VND with a trading volume of 3,400 shares."
2025-12-01 14:00:00,10.45,10.5,10.4,10.4,12400,GSP,"At 2025-12-01 14:00:00, the stock GSP opened at 10.45 VND, reached a high of 10.50 VND, a low of 10.40 VND, and closed the hour at 10.40 VND with a trading volume of 12,400 shares."
2025-12-02 10:00:00,10.4,10.4,10.3,10.35,41700,GSP,"At 2025-12-02 10:00:00, the stock GSP opened at 10.40 VND, reached a high of 10.40 VND, a low of 10.30 VND, and closed the hour at 10.35 VND with a trading volume of 41,700 shares."
2025-12-02 11:00:00,10.35,10.35,10.3,10.35,5200,GSP,"At 2025-12-02 11:00:00, the stock GSP opened at 10.35 VND, reached a high of 10.35 VND, a low of 10.30 VND, and closed the hour at 10.35 VND with a trading volume of 5,200 shares."
2025-12-02 13:00:00,10.35,10.35,10.35,10.35,16300,GSP,"At 2025-12-02 13:00:00, the stock GSP opened at 10.35 VND, reached a high of 10.35 VND, a low of 10.35 VND, and closed the hour at 10.35 VND with a trading volume of 16,300 shares."
2025-12-02 14:00:00,10.4,10.4,10.4,10.4,10100,GSP,"At 2025-12-02 14:00:00, the stock GSP opened at 10.40 VND, reached a high of 10.40 VND, a low of 10.40 VND, and closed the hour at 10.40 VND with a trading volume of 10,100 shares."
2025-12-03 09:00:00,10.4,10.4,10.4,10.4,6600,GSP,"At 2025-12-03 09:00:00, the stock GSP opened at 10.40 VND, reached a high of 10.40 VND, a low of 10.40 VND, and closed the hour at 10.40 VND with a trading volume of 6,600 shares."
2025-12-03 10:00:00,10.35,10.4,10.35,10.4,11000,GSP,"At 2025-12-03 10:00:00, the stock GSP opened at 10.35 VND, reached a high of 10.40 VND, a low of 10.35 VND, and closed the hour at 10.40 VND with a trading volume of 11,000 shares."
2025-12-03 11:00:00,10.35,10.4,10.35,10.35,5800,GSP,"At 2025-12-03 11:00:00, the stock GSP opened at 10.35 VND, reached a high of 10.40 VND, a low of 10.35 VND, and closed the hour at 10.35 VND with a trading volume of 5,800 shares."
2025-12-03 13:00:00,10.4,10.4,10.4,10.4,6900,GSP,"At 2025-12-03 13:00:00, the stock GSP opened at 10.40 VND, reached a high of 10.40 VND, a low of 10.40 VND, and closed the hour at 10.40 VND with a trading volume of 6,900 shares."
2025-12-03 14:00:00,10.4,10.4,10.35,10.4,7700,GSP,"At 2025-12-03 14:00:00, the stock GSP opened at 10.40 VND, reached a high of 10.40 VND, a low of 10.35 VND, and closed the hour at 10.40 VND with a trading volume of 7,700 shares."
2025-12-04 09:00:00,10.4,10.45,10.4,10.4,6400,GSP,"At 2025-12-04 09:00:00, the stock GSP opened at 10.40 VND, reached a high of 10.45 VND, a low of 10.40 VND, and closed the hour at 10.40 VND with a trading volume of 6,400 shares."
2025-12-04 10:00:00,10.4,10.45,10.4,10.45,21200,GSP,"At 2025-12-04 10:00:00, the stock GSP opened at 10.40 VND, reached a high of 10.45 VND, a low of 10.40 VND, and closed the hour at 10.45 VND with a trading volume of 21,200 shares."
2025-12-04 13:00:00,10.45,10.45,10.45,10.45,21300,GSP,"At 2025-12-04 13:00:00, the stock GSP opened at 10.45 VND, reached a high of 10.45 VND, a low of 10.45 VND, and closed the hour at 10.45 VND with a trading volume of 21,300 shares."
2025-12-04 14:00:00,10.45,10.45,10.4,10.4,5800,GSP,"At 2025-12-04 14:00:00, the stock GSP opened at 10.45 VND, reached a high of 10.45 VND, a low of 10.40 VND, and closed the hour at 10.40 VND with a trading volume of 5,800 shares."
2025-12-05 09:00:00,10.4,10.5,10.4,10.45,3800,GSP,"At 2025-12-05 09:00:00, the stock GSP opened at 10.40 VND, reached a high of 10.50 VND, a low of 10.40 VND, and closed the hour at 10.45 VND with a trading volume of 3,800 shares."
2025-12-05 10:00:00,10.45,10.5,10.45,10.5,35800,GSP,"At 2025-12-05 10:00:00, the stock GSP opened at 10.45 VND, reached a high of 10.50 VND, a low of 10.45 VND, and closed the hour at 10.50 VND with a trading volume of 35,800 shares."
2025-12-05 11:00:00,10.45,10.45,10.4,10.4,6000,GSP,"At 2025-12-05 11:00:00, the stock GSP opened at 10.45 VND, reached a high of 10.45 VND, a low of 10.40 VND, and closed the hour at 10.40 VND with a trading volume of 6,000 shares."
2025-12-05 13:00:00,10.45,10.45,10.45,10.45,18900,GSP,"At 2025-12-05 13:00:00, the stock GSP opened at 10.45 VND, reached a high of 10.45 VND, a low of 10.45 VND, and closed the hour at 10.45 VND with a trading volume of 18,900 shares."
2025-12-05 14:00:00,10.45,10.45,10.2,10.35,44700,GSP,"At 2025-12-05 14:00:00, the stock GSP opened at 10.45 VND, reached a high of 10.45 VND, a low of 10.20 VND, and closed the hour at 10.35 VND with a trading volume of 44,700 shares."
2025-12-08 09:00:00,10.35,10.4,10.35,10.4,1100,GSP,"At 2025-12-08 09:00:00, the stock GSP opened at 10.35 VND, reached a high of 10.40 VND, a low of 10.35 VND, and closed the hour at 10.40 VND with a trading volume of 1,100 shares."
2025-12-08 10:00:00,10.4,10.4,10.4,10.4,6400,GSP,"At 2025-12-08 10:00:00, the stock GSP opened at 10.40 VND, reached a high of 10.40 VND, a low of 10.40 VND, and closed the hour at 10.40 VND with a trading volume of 6,400 shares."
2025-12-08 11:00:00,10.4,10.4,10.4,10.4,3400,GSP,"At 2025-12-08 11:00:00, the stock GSP opened at 10.40 VND, reached a high of 10.40 VND, a low of 10.40 VND, and closed the hour at 10.40 VND with a trading volume of 3,400 shares."
2025-12-08 13:00:00,10.4,10.4,10.4,10.4,6400,GSP,"At 2025-12-08 13:00:00, the stock GSP opened at 10.40 VND, reached a high of 10.40 VND, a low of 10.40 VND, and closed the hour at 10.40 VND with a trading volume of 6,400 shares."
2025-12-08 14:00:00,10.4,10.4,10.4,10.4,8600,GSP,"At 2025-12-08 14:00:00, the stock GSP opened at 10.40 VND, reached a high of 10.40 VND, a low of 10.40 VND, and closed the hour at 10.40 VND with a trading volume of 8,600 shares."
2025-12-09 09:00:00,10.4,10.4,10.4,10.4,2000,GSP,"At 2025-12-09 09:00:00, the stock GSP opened at 10.40 VND, reached a high of 10.40 VND, a low of 10.40 VND, and closed the hour at 10.40 VND with a trading volume of 2,000 shares."
2025-12-09 10:00:00,10.4,10.45,10.35,10.35,16600,GSP,"At 2025-12-09 10:00:00, the stock GSP opened at 10.40 VND, reached a high of 10.45 VND, a low of 10.35 VND, and closed the hour at 10.35 VND with a trading volume of 16,600 shares."
2025-12-09 11:00:00,10.35,10.35,10.35,10.35,2700,GSP,"At 2025-12-09 11:00:00, the stock GSP opened at 10.35 VND, reached a high of 10.35 VND, a low of 10.35 VND, and closed the hour at 10.35 VND with a trading volume of 2,700 shares."
2025-12-09 13:00:00,10.35,10.35,10.2,10.3,30200,GSP,"At 2025-12-09 13:00:00, the stock GSP opened at 10.35 VND, reached a high of 10.35 VND, a low of 10.20 VND, and closed the hour at 10.30 VND with a trading volume of 30,200 shares."
2025-12-09 14:00:00,10.3,10.35,10.3,10.35,2500,GSP,"At 2025-12-09 14:00:00, the stock GSP opened at 10.30 VND, reached a high of 10.35 VND, a low of 10.30 VND, and closed the hour at 10.35 VND with a trading volume of 2,500 shares."
2025-12-10 09:00:00,10.4,10.4,10.4,10.4,3700,GSP,"At 2025-12-10 09:00:00, the stock GSP opened at 10.40 VND, reached a high of 10.40 VND, a low of 10.40 VND, and closed the hour at 10.40 VND with a trading volume of 3,700 shares."
2025-12-10 10:00:00,10.35,10.35,10.35,10.35,6000,GSP,"At 2025-12-10 10:00:00, the stock GSP opened at 10.35 VND, reached a high of 10.35 VND, a low of 10.35 VND, and closed the hour at 10.35 VND with a trading volume of 6,000 shares."
2025-12-10 11:00:00,10.4,10.4,10.4,10.4,15200,GSP,"At 2025-12-10 11:00:00, the stock GSP opened at 10.40 VND, reached a high of 10.40 VND, a low of 10.40 VND, and closed the hour at 10.40 VND with a trading volume of 15,200 shares."
2025-12-10 13:00:00,10.4,10.4,10.4,10.4,15500,GSP,"At 2025-12-10 13:00:00, the stock GSP opened at 10.40 VND, reached a high of 10.40 VND, a low of 10.40 VND, and closed the hour at 10.40 VND with a trading volume of 15,500 shares."
2025-12-10 14:00:00,10.4,10.4,10.35,10.35,6500,GSP,"At 2025-12-10 14:00:00, the stock GSP opened at 10.40 VND, reached a high of 10.40 VND, a low of 10.35 VND, and closed the hour at 10.35 VND with a trading volume of 6,500 shares."
2025-12-11 09:00:00,10.4,10.4,10.4,10.4,36000,GSP,"At 2025-12-11 09:00:00, the stock GSP opened at 10.40 VND, reached a high of 10.40 VND, a low of 10.40 VND, and closed the hour at 10.40 VND with a trading volume of 36,000 shares."
2025-12-11 10:00:00,10.4,10.4,10.4,10.4,6000,GSP,"At 2025-12-11 10:00:00, the stock GSP opened at 10.40 VND, reached a high of 10.40 VND, a low of 10.40 VND, and closed the hour at 10.40 VND with a trading volume of 6,000 shares."
2025-12-11 13:00:00,10.4,10.45,10.35,10.4,29400,GSP,"At 2025-12-11 13:00:00, the stock GSP opened at 10.40 VND, reached a high of 10.45 VND, a low of 10.35 VND, and closed the hour at 10.40 VND with a trading volume of 29,400 shares."
2025-12-11 14:00:00,10.4,10.4,10.4,10.4,26300,GSP,"At 2025-12-11 14:00:00, the stock GSP opened at 10.40 VND, reached a high of 10.40 VND, a low of 10.40 VND, and closed the hour at 10.40 VND with a trading volume of 26,300 shares."
2025-12-12 09:00:00,10.4,10.4,10.4,10.4,6000,GSP,"At 2025-12-12 09:00:00, the stock GSP opened at 10.40 VND, reached a high of 10.40 VND, a low of 10.40 VND, and closed the hour at 10.40 VND with a trading volume of 6,000 shares."
2025-12-12 10:00:00,10.4,10.45,10.4,10.4,14000,GSP,"At 2025-12-12 10:00:00, the stock GSP opened at 10.40 VND, reached a high of 10.45 VND, a low of 10.40 VND, and closed the hour at 10.40 VND with a trading volume of 14,000 shares."
2025-12-12 11:00:00,10.4,10.4,10.4,10.4,13000,GSP,"At 2025-12-12 11:00:00, the stock GSP opened at 10.40 VND, reached a high of 10.40 VND, a low of 10.40 VND, and closed the hour at 10.40 VND with a trading volume of 13,000 shares."
2025-12-12 13:00:00,10.4,10.4,10.4,10.4,5500,GSP,"At 2025-12-12 13:00:00, the stock GSP opened at 10.40 VND, reached a high of 10.40 VND, a low of 10.40 VND, and closed the hour at 10.40 VND with a trading volume of 5,500 shares."
2025-12-12 14:00:00,10.35,10.35,10.35,10.35,20000,GSP,"At 2025-12-12 14:00:00, the stock GSP opened at 10.35 VND, reached a high of 10.35 VND, a low of 10.35 VND, and closed the hour at 10.35 VND with a trading volume of 20,000 shares."
2025-12-15 09:00:00,10.35,10.35,10.3,10.35,7400,GSP,"At 2025-12-15 09:00:00, the stock GSP opened at 10.35 VND, reached a high of 10.35 VND, a low of 10.30 VND, and closed the hour at 10.35 VND with a trading volume of 7,400 shares."
2025-12-15 10:00:00,10.4,10.45,10.35,10.35,14600,GSP,"At 2025-12-15 10:00:00, the stock GSP opened at 10.40 VND, reached a high of 10.45 VND, a low of 10.35 VND, and closed the hour at 10.35 VND with a trading volume of 14,600 shares."
2025-12-15 11:00:00,10.35,10.35,10.35,10.35,2000,GSP,"At 2025-12-15 11:00:00, the stock GSP opened at 10.35 VND, reached a high of 10.35 VND, a low of 10.35 VND, and closed the hour at 10.35 VND with a trading volume of 2,000 shares."
2025-12-15 13:00:00,10.35,10.4,10.35,10.35,35100,GSP,"At 2025-12-15 13:00:00, the stock GSP opened at 10.35 VND, reached a high of 10.40 VND, a low of 10.35 VND, and closed the hour at 10.35 VND with a trading volume of 35,100 shares."
2025-12-15 14:00:00,10.35,10.45,10.35,10.45,6300,GSP,"At 2025-12-15 14:00:00, the stock GSP opened at 10.35 VND, reached a high of 10.45 VND, a low of 10.35 VND, and closed the hour at 10.45 VND with a trading volume of 6,300 shares."
2025-12-16 09:00:00,10.4,10.4,10.4,10.4,2000,GSP,"At 2025-12-16 09:00:00, the stock GSP opened at 10.40 VND, reached a high of 10.40 VND, a low of 10.40 VND, and closed the hour at 10.40 VND with a trading volume of 2,000 shares."
2025-12-16 10:00:00,10.4,10.45,10.35,10.35,26100,GSP,"At 2025-12-16 10:00:00, the stock GSP opened at 10.40 VND, reached a high of 10.45 VND, a low of 10.35 VND, and closed the hour at 10.35 VND with a trading volume of 26,100 shares."
2025-12-16 13:00:00,10.45,10.45,10.3,10.45,25100,GSP,"At 2025-12-16 13:00:00, the stock GSP opened at 10.45 VND, reached a high of 10.45 VND, a low of 10.30 VND, and closed the hour at 10.45 VND with a trading volume of 25,100 shares."
2025-12-16 14:00:00,10.45,10.5,10.45,10.45,9700,GSP,"At 2025-12-16 14:00:00, the stock GSP opened at 10.45 VND, reached a high of 10.50 VND, a low of 10.45 VND, and closed the hour at 10.45 VND with a trading volume of 9,700 shares."
2025-12-17 10:00:00,10.45,10.45,10.4,10.45,8700,GSP,"At 2025-12-17 10:00:00, the stock GSP opened at 10.45 VND, reached a high of 10.45 VND, a low of 10.40 VND, and closed the hour at 10.45 VND with a trading volume of 8,700 shares."
2025-12-17 11:00:00,10.45,10.45,10.45,10.45,500,GSP,"At 2025-12-17 11:00:00, the stock GSP opened at 10.45 VND, reached a high of 10.45 VND, a low of 10.45 VND, and closed the hour at 10.45 VND with a trading volume of 500 shares."
2025-12-17 13:00:00,10.45,10.45,10.45,10.45,7700,GSP,"At 2025-12-17 13:00:00, the stock GSP opened at 10.45 VND, reached a high of 10.45 VND, a low of 10.45 VND, and closed the hour at 10.45 VND with a trading volume of 7,700 shares."
2025-12-17 14:00:00,10.5,10.55,10.5,10.55,66600,GSP,"At 2025-12-17 14:00:00, the stock GSP opened at 10.50 VND, reached a high of 10.55 VND, a low of 10.50 VND, and closed the hour at 10.55 VND with a trading volume of 66,600 shares."
2025-12-18 09:00:00,10.55,10.55,10.55,10.55,3000,GSP,"At 2025-12-18 09:00:00, the stock GSP opened at 10.55 VND, reached a high of 10.55 VND, a low of 10.55 VND, and closed the hour at 10.55 VND with a trading volume of 3,000 shares."
2025-12-18 13:00:00,10.5,10.55,10.5,10.5,103700,GSP,"At 2025-12-18 13:00:00, the stock GSP opened at 10.50 VND, reached a high of 10.55 VND, a low of 10.50 VND, and closed the hour at 10.50 VND with a trading volume of 103,700 shares."
2025-12-18 14:00:00,10.55,10.55,10.5,10.55,1700,GSP,"At 2025-12-18 14:00:00, the stock GSP opened at 10.55 VND, reached a high of 10.55 VND, a low of 10.50 VND, and closed the hour at 10.55 VND with a trading volume of 1,700 shares."
2025-12-19 09:00:00,10.55,10.55,10.55,10.55,2600,GSP,"At 2025-12-19 09:00:00, the stock GSP opened at 10.55 VND, reached a high of 10.55 VND, a low of 10.55 VND, and closed the hour at 10.55 VND with a trading volume of 2,600 shares."
2025-12-19 10:00:00,10.55,10.55,10.55,10.55,11300,GSP,"At 2025-12-19 10:00:00, the stock GSP opened at 10.55 VND, reached a high of 10.55 VND, a low of 10.55 VND, and closed the hour at 10.55 VND with a trading volume of 11,300 shares."
2025-12-19 13:00:00,10.5,10.5,10.5,10.5,23300,GSP,"At 2025-12-19 13:00:00, the stock GSP opened at 10.50 VND, reached a high of 10.50 VND, a low of 10.50 VND, and closed the hour at 10.50 VND with a trading volume of 23,300 shares."
2025-12-19 14:00:00,10.5,10.5,10.5,10.5,100,GSP,"At 2025-12-19 14:00:00, the stock GSP opened at 10.50 VND, reached a high of 10.50 VND, a low of 10.50 VND, and closed the hour at 10.50 VND with a trading volume of 100 shares."
2025-12-22 09:00:00,10.5,10.5,10.5,10.5,1300,GSP,"At 2025-12-22 09:00:00, the stock GSP opened at 10.50 VND, reached a high of 10.50 VND, a low of 10.50 VND, and closed the hour at 10.50 VND with a trading volume of 1,300 shares."
2025-12-22 10:00:00,10.5,10.5,10.5,10.5,20100,GSP,"At 2025-12-22 10:00:00, the stock GSP opened at 10.50 VND, reached a high of 10.50 VND, a low of 10.50 VND, and closed the hour at 10.50 VND with a trading volume of 20,100 shares."
2025-12-22 11:00:00,10.45,10.45,10.45,10.45,1600,GSP,"At 2025-12-22 11:00:00, the stock GSP opened at 10.45 VND, reached a high of 10.45 VND, a low of 10.45 VND, and closed the hour at 10.45 VND with a trading volume of 1,600 shares."
2025-12-22 13:00:00,10.5,10.5,10.5,10.5,15300,GSP,"At 2025-12-22 13:00:00, the stock GSP opened at 10.50 VND, reached a high of 10.50 VND, a low of 10.50 VND, and closed the hour at 10.50 VND with a trading volume of 15,300 shares."
2025-12-22 14:00:00,10.5,10.5,10.5,10.5,15200,GSP,"At 2025-12-22 14:00:00, the stock GSP opened at 10.50 VND, reached a high of 10.50 VND, a low of 10.50 VND, and closed the hour at 10.50 VND with a trading volume of 15,200 shares."
2025-12-23 09:00:00,10.35,10.5,10.35,10.5,4400,GSP,"At 2025-12-23 09:00:00, the stock GSP opened at 10.35 VND, reached a high of 10.50 VND, a low of 10.35 VND, and closed the hour at 10.50 VND with a trading volume of 4,400 shares."
2025-12-23 10:00:00,10.5,10.5,10.5,10.5,7000,GSP,"At 2025-12-23 10:00:00, the stock GSP opened at 10.50 VND, reached a high of 10.50 VND, a low of 10.50 VND, and closed the hour at 10.50 VND with a trading volume of 7,000 shares."
2025-12-23 13:00:00,10.5,10.5,10.45,10.45,9800,GSP,"At 2025-12-23 13:00:00, the stock GSP opened at 10.50 VND, reached a high of 10.50 VND, a low of 10.45 VND, and closed the hour at 10.45 VND with a trading volume of 9,800 shares."
2025-12-23 14:00:00,10.45,10.5,10.45,10.5,1100,GSP,"At 2025-12-23 14:00:00, the stock GSP opened at 10.45 VND, reached a high of 10.50 VND, a low of 10.45 VND, and closed the hour at 10.50 VND with a trading volume of 1,100 shares."
2025-12-24 09:00:00,10.4,10.45,10.4,10.45,11000,GSP,"At 2025-12-24 09:00:00, the stock GSP opened at 10.40 VND, reached a high of 10.45 VND, a low of 10.40 VND, and closed the hour at 10.45 VND with a trading volume of 11,000 shares."
2025-12-24 10:00:00,10.5,10.5,10.5,10.5,2500,GSP,"At 2025-12-24 10:00:00, the stock GSP opened at 10.50 VND, reached a high of 10.50 VND, a low of 10.50 VND, and closed the hour at 10.50 VND with a trading volume of 2,500 shares."
2025-12-24 13:00:00,10.5,10.5,10.45,10.45,3200,GSP,"At 2025-12-24 13:00:00, the stock GSP opened at 10.50 VND, reached a high of 10.50 VND, a low of 10.45 VND, and closed the hour at 10.45 VND with a trading volume of 3,200 shares."
2025-12-24 14:00:00,10.5,10.5,10.5,10.5,1400,GSP,"At 2025-12-24 14:00:00, the stock GSP opened at 10.50 VND, reached a high of 10.50 VND, a low of 10.50 VND, and closed the hour at 10.50 VND with a trading volume of 1,400 shares."
2025-12-25 10:00:00,10.45,10.5,10.45,10.5,3800,GSP,"At 2025-12-25 10:00:00, the stock GSP opened at 10.45 VND, reached a high of 10.50 VND, a low of 10.45 VND, and closed the hour at 10.50 VND with a trading volume of 3,800 shares."
2025-12-25 13:00:00,10.45,10.45,10.45,10.45,100,GSP,"At 2025-12-25 13:00:00, the stock GSP opened at 10.45 VND, reached a high of 10.45 VND, a low of 10.45 VND, and closed the hour at 10.45 VND with a trading volume of 100 shares."
2025-12-25 14:00:00,10.5,10.5,10.5,10.5,11300,GSP,"At 2025-12-25 14:00:00, the stock GSP opened at 10.50 VND, reached a high of 10.50 VND, a low of 10.50 VND, and closed the hour at 10.50 VND with a trading volume of 11,300 shares."
2025-12-26 10:00:00,10.5,10.5,10.35,10.5,15700,GSP,"At 2025-12-26 10:00:00, the stock GSP opened at 10.50 VND, reached a high of 10.50 VND, a low of 10.35 VND, and closed the hour at 10.50 VND with a trading volume of 15,700 shares."
2025-12-26 13:00:00,10.35,10.5,10.3,10.5,12000,GSP,"At 2025-12-26 13:00:00, the stock GSP opened at 10.35 VND, reached a high of 10.50 VND, a low of 10.30 VND, and closed the hour at 10.50 VND with a trading volume of 12,000 shares."
2025-12-26 14:00:00,10.4,10.5,10.4,10.5,400,GSP,"At 2025-12-26 14:00:00, the stock GSP opened at 10.40 VND, reached a high of 10.50 VND, a low of 10.40 VND, and closed the hour at 10.50 VND with a trading volume of 400 shares."
2025-12-29 09:00:00,10.35,10.45,10.35,10.45,1300,GSP,"At 2025-12-29 09:00:00, the stock GSP opened at 10.35 VND, reached a high of 10.45 VND, a low of 10.35 VND, and closed the hour at 10.45 VND with a trading volume of 1,300 shares."
2025-12-29 10:00:00,10.45,10.5,10.35,10.5,49100,GSP,"At 2025-12-29 10:00:00, the stock GSP opened at 10.45 VND, reached a high of 10.50 VND, a low of 10.35 VND, and closed the hour at 10.50 VND with a trading volume of 49,100 shares."
2025-12-29 11:00:00,10.45,10.45,10.4,10.4,21300,GSP,"At 2025-12-29 11:00:00, the stock GSP opened at 10.45 VND, reached a high of 10.45 VND, a low of 10.40 VND, and closed the hour at 10.40 VND with a trading volume of 21,300 shares."
2025-12-29 13:00:00,10.45,10.55,10.45,10.55,20300,GSP,"At 2025-12-29 13:00:00, the stock GSP opened at 10.45 VND, reached a high of 10.55 VND, a low of 10.45 VND, and closed the hour at 10.55 VND with a trading volume of 20,300 shares."
2025-12-29 14:00:00,10.5,10.5,10.4,10.4,44200,GSP,"At 2025-12-29 14:00:00, the stock GSP opened at 10.50 VND, reached a high of 10.50 VND, a low of 10.40 VND, and closed the hour at 10.40 VND with a trading volume of 44,200 shares."
2025-12-30 09:00:00,10.35,10.4,10.35,10.4,20700,GSP,"At 2025-12-30 09:00:00, the stock GSP opened at 10.35 VND, reached a high of 10.40 VND, a low of 10.35 VND, and closed the hour at 10.40 VND with a trading volume of 20,700 shares."
2025-12-30 10:00:00,10.35,10.4,10.35,10.4,15000,GSP,"At 2025-12-30 10:00:00, the stock GSP opened at 10.35 VND, reached a high of 10.40 VND, a low of 10.35 VND, and closed the hour at 10.40 VND with a trading volume of 15,000 shares."
2025-12-30 11:00:00,10.35,10.4,10.35,10.4,50100,GSP,"At 2025-12-30 11:00:00, the stock GSP opened at 10.35 VND, reached a high of 10.40 VND, a low of 10.35 VND, and closed the hour at 10.40 VND with a trading volume of 50,100 shares."
2025-12-30 13:00:00,10.35,10.4,10.35,10.4,3300,GSP,"At 2025-12-30 13:00:00, the stock GSP opened at 10.35 VND, reached a high of 10.40 VND, a low of 10.35 VND, and closed the hour at 10.40 VND with a trading volume of 3,300 shares."
2025-12-30 14:00:00,10.35,10.4,10.35,10.4,20600,GSP,"At 2025-12-30 14:00:00, the stock GSP opened at 10.35 VND, reached a high of 10.40 VND, a low of 10.35 VND, and closed the hour at 10.40 VND with a trading volume of 20,600 shares."
2025-12-31 09:00:00,10.4,10.4,10.4,10.4,9400,GSP,"At 2025-12-31 09:00:00, the stock GSP opened at 10.40 VND, reached a high of 10.40 VND, a low of 10.40 VND, and closed the hour at 10.40 VND with a trading volume of 9,400 shares."
2025-12-31 10:00:00,10.35,10.45,10.35,10.45,6100,GSP,"At 2025-12-31 10:00:00, the stock GSP opened at 10.35 VND, reached a high of 10.45 VND, a low of 10.35 VND, and closed the hour at 10.45 VND with a trading volume of 6,100 shares."
2025-12-31 11:00:00,10.4,10.4,10.4,10.4,2500,GSP,"At 2025-12-31 11:00:00, the stock GSP opened at 10.40 VND, reached a high of 10.40 VND, a low of 10.40 VND, and closed the hour at 10.40 VND with a trading volume of 2,500 shares."
2025-12-31 13:00:00,10.4,10.4,10.35,10.35,5900,GSP,"At 2025-12-31 13:00:00, the stock GSP opened at 10.40 VND, reached a high of 10.40 VND, a low of 10.35 VND, and closed the hour at 10.35 VND with a trading volume of 5,900 shares."
2025-12-31 14:00:00,10.35,10.45,10.35,10.4,9700,GSP,"At 2025-12-31 14:00:00, the stock GSP opened at 10.35 VND, reached a high of 10.45 VND, a low of 10.35 VND, and closed the hour at 10.40 VND with a trading volume of 9,700 shares."
2026-01-05 09:00:00,10.4,10.4,10.4,10.4,200,GSP,"At 2026-01-05 09:00:00, the stock GSP opened at 10.40 VND, reached a high of 10.40 VND, a low of 10.40 VND, and closed the hour at 10.40 VND with a trading volume of 200 shares."
2026-01-05 10:00:00,10.45,10.6,10.45,10.6,15700,GSP,"At 2026-01-05 10:00:00, the stock GSP opened at 10.45 VND, reached a high of 10.60 VND, a low of 10.45 VND, and closed the hour at 10.60 VND with a trading volume of 15,700 shares."
2026-01-05 11:00:00,10.5,10.5,10.5,10.5,200,GSP,"At 2026-01-05 11:00:00, the stock GSP opened at 10.50 VND, reached a high of 10.50 VND, a low of 10.50 VND, and closed the hour at 10.50 VND with a trading volume of 200 shares."
2026-01-05 13:00:00,10.45,10.55,10.45,10.55,14900,GSP,"At 2026-01-05 13:00:00, the stock GSP opened at 10.45 VND, reached a high of 10.55 VND, a low of 10.45 VND, and closed the hour at 10.55 VND with a trading volume of 14,900 shares."
2026-01-05 14:00:00,10.5,10.5,10.5,10.5,3100,GSP,"At 2026-01-05 14:00:00, the stock GSP opened at 10.50 VND, reached a high of 10.50 VND, a low of 10.50 VND, and closed the hour at 10.50 VND with a trading volume of 3,100 shares."
2026-01-06 09:00:00,10.45,10.45,10.4,10.45,35100,GSP,"At 2026-01-06 09:00:00, the stock GSP opened at 10.45 VND, reached a high of 10.45 VND, a low of 10.40 VND, and closed the hour at 10.45 VND with a trading volume of 35,100 shares."
2026-01-06 10:00:00,10.45,10.55,10.45,10.5,10100,GSP,"At 2026-01-06 10:00:00, the stock GSP opened at 10.45 VND, reached a high of 10.55 VND, a low of 10.45 VND, and closed the hour at 10.50 VND with a trading volume of 10,100 shares."
2026-01-06 13:00:00,10.5,10.55,10.5,10.5,18700,GSP,"At 2026-01-06 13:00:00, the stock GSP opened at 10.50 VND, reached a high of 10.55 VND, a low of 10.50 VND, and closed the hour at 10.50 VND with a trading volume of 18,700 shares."
2026-01-06 14:00:00,10.55,10.55,10.55,10.55,26600,GSP,"At 2026-01-06 14:00:00, the stock GSP opened at 10.55 VND, reached a high of 10.55 VND, a low of 10.55 VND, and closed the hour at 10.55 VND with a trading volume of 26,600 shares."
2026-01-07 09:00:00,10.6,10.6,10.55,10.55,22700,GSP,"At 2026-01-07 09:00:00, the stock GSP opened at 10.60 VND, reached a high of 10.60 VND, a low of 10.55 VND, and closed the hour at 10.55 VND with a trading volume of 22,700 shares."
2026-01-07 10:00:00,10.55,10.55,10.55,10.55,200,GSP,"At 2026-01-07 10:00:00, the stock GSP opened at 10.55 VND, reached a high of 10.55 VND, a low of 10.55 VND, and closed the hour at 10.55 VND with a trading volume of 200 shares."
2026-01-07 11:00:00,10.55,10.6,10.4,10.6,35500,GSP,"At 2026-01-07 11:00:00, the stock GSP opened at 10.55 VND, reached a high of 10.60 VND, a low of 10.40 VND, and closed the hour at 10.60 VND with a trading volume of 35,500 shares."
2026-01-07 13:00:00,10.55,10.55,10.5,10.55,21900,GSP,"At 2026-01-07 13:00:00, the stock GSP opened at 10.55 VND, reached a high of 10.55 VND, a low of 10.50 VND, and closed the hour at 10.55 VND with a trading volume of 21,900 shares."
2026-01-07 14:00:00,10.55,10.6,10.55,10.6,10600,GSP,"At 2026-01-07 14:00:00, the stock GSP opened at 10.55 VND, reached a high of 10.60 VND, a low of 10.55 VND, and closed the hour at 10.60 VND with a trading volume of 10,600 shares."
2026-01-08 09:00:00,10.55,10.75,10.55,10.7,13300,GSP,"At 2026-01-08 09:00:00, the stock GSP opened at 10.55 VND, reached a high of 10.75 VND, a low of 10.55 VND, and closed the hour at 10.70 VND with a trading volume of 13,300 shares."
2026-01-08 10:00:00,10.7,10.8,10.7,10.8,37300,GSP,"At 2026-01-08 10:00:00, the stock GSP opened at 10.70 VND, reached a high of 10.80 VND, a low of 10.70 VND, and closed the hour at 10.80 VND with a trading volume of 37,300 shares."
2026-01-08 11:00:00,10.8,10.8,10.75,10.75,1900,GSP,"At 2026-01-08 11:00:00, the stock GSP opened at 10.80 VND, reached a high of 10.80 VND, a low of 10.75 VND, and closed the hour at 10.75 VND with a trading volume of 1,900 shares."
2026-01-08 13:00:00,10.75,10.75,10.7,10.7,13300,GSP,"At 2026-01-08 13:00:00, the stock GSP opened at 10.75 VND, reached a high of 10.75 VND, a low of 10.70 VND, and closed the hour at 10.70 VND with a trading volume of 13,300 shares."
2026-01-08 14:00:00,10.65,10.65,10.65,10.65,3400,GSP,"At 2026-01-08 14:00:00, the stock GSP opened at 10.65 VND, reached a high of 10.65 VND, a low of 10.65 VND, and closed the hour at 10.65 VND with a trading volume of 3,400 shares."
2026-01-09 09:00:00,10.75,10.85,10.75,10.85,47900,GSP,"At 2026-01-09 09:00:00, the stock GSP opened at 10.75 VND, reached a high of 10.85 VND, a low of 10.75 VND, and closed the hour at 10.85 VND with a trading volume of 47,900 shares."
2026-01-09 10:00:00,10.85,11.15,10.8,10.85,49100,GSP,"At 2026-01-09 10:00:00, the stock GSP opened at 10.85 VND, reached a high of 11.15 VND, a low of 10.80 VND, and closed the hour at 10.85 VND with a trading volume of 49,100 shares."
2026-01-09 11:00:00,10.9,10.9,10.8,10.85,6500,GSP,"At 2026-01-09 11:00:00, the stock GSP opened at 10.90 VND, reached a high of 10.90 VND, a low of 10.80 VND, and closed the hour at 10.85 VND with a trading volume of 6,500 shares."
2026-01-09 13:00:00,10.8,10.9,10.75,10.75,11700,GSP,"At 2026-01-09 13:00:00, the stock GSP opened at 10.80 VND, reached a high of 10.90 VND, a low of 10.75 VND, and closed the hour at 10.75 VND with a trading volume of 11,700 shares."
2026-01-09 14:00:00,10.75,10.75,10.75,10.75,2800,GSP,"At 2026-01-09 14:00:00, the stock GSP opened at 10.75 VND, reached a high of 10.75 VND, a low of 10.75 VND, and closed the hour at 10.75 VND with a trading volume of 2,800 shares."
2026-01-12 09:00:00,10.8,10.95,10.8,10.95,19000,GSP,"At 2026-01-12 09:00:00, the stock GSP opened at 10.80 VND, reached a high of 10.95 VND, a low of 10.80 VND, and closed the hour at 10.95 VND with a trading volume of 19,000 shares."
2026-01-12 11:00:00,10.8,10.8,10.8,10.8,30000,GSP,"At 2026-01-12 11:00:00, the stock GSP opened at 10.80 VND, reached a high of 10.80 VND, a low of 10.80 VND, and closed the hour at 10.80 VND with a trading volume of 30,000 shares."
2026-01-12 13:00:00,10.75,10.75,10.7,10.7,8200,GSP,"At 2026-01-12 13:00:00, the stock GSP opened at 10.75 VND, reached a high of 10.75 VND, a low of 10.70 VND, and closed the hour at 10.70 VND with a trading volume of 8,200 shares."
2026-01-12 14:00:00,10.7,10.75,10.7,10.75,400,GSP,"At 2026-01-12 14:00:00, the stock GSP opened at 10.70 VND, reached a high of 10.75 VND, a low of 10.70 VND, and closed the hour at 10.75 VND with a trading volume of 400 shares."
2026-01-13 09:00:00,10.7,10.9,10.7,10.9,1900,GSP,"At 2026-01-13 09:00:00, the stock GSP opened at 10.70 VND, reached a high of 10.90 VND, a low of 10.70 VND, and closed the hour at 10.90 VND with a trading volume of 1,900 shares."
2026-01-13 10:00:00,10.7,10.75,10.7,10.75,400,GSP,"At 2026-01-13 10:00:00, the stock GSP opened at 10.70 VND, reached a high of 10.75 VND, a low of 10.70 VND, and closed the hour at 10.75 VND with a trading volume of 400 shares."
2026-01-13 11:00:00,10.75,10.85,10.75,10.85,5100,GSP,"At 2026-01-13 11:00:00, the stock GSP opened at 10.75 VND, reached a high of 10.85 VND, a low of 10.75 VND, and closed the hour at 10.85 VND with a trading volume of 5,100 shares."
2026-01-13 13:00:00,10.75,10.75,10.7,10.7,6400,GSP,"At 2026-01-13 13:00:00, the stock GSP opened at 10.75 VND, reached a high of 10.75 VND, a low of 10.70 VND, and closed the hour at 10.70 VND with a trading volume of 6,400 shares."
2026-01-13 14:00:00,10.85,10.9,10.8,10.9,29900,GSP,"At 2026-01-13 14:00:00, the stock GSP opened at 10.85 VND, reached a high of 10.90 VND, a low of 10.80 VND, and closed the hour at 10.90 VND with a trading volume of 29,900 shares."
2026-01-14 09:00:00,11.15,11.3,11.1,11.15,83700,GSP,"At 2026-01-14 09:00:00, the stock GSP opened at 11.15 VND, reached a high of 11.30 VND, a low of 11.10 VND, and closed the hour at 11.15 VND with a trading volume of 83,700 shares."
2026-01-14 10:00:00,11.2,11.2,11.05,11.05,78500,GSP,"At 2026-01-14 10:00:00, the stock GSP opened at 11.20 VND, reached a high of 11.20 VND, a low of 11.05 VND, and closed the hour at 11.05 VND with a trading volume of 78,500 shares."
2026-01-14 11:00:00,11.2,11.2,11.2,11.2,4600,GSP,"At 2026-01-14 11:00:00, the stock GSP opened at 11.20 VND, reached a high of 11.20 VND, a low of 11.20 VND, and closed the hour at 11.20 VND with a trading volume of 4,600 shares."
2026-01-14 13:00:00,11.15,11.25,11.15,11.2,32100,GSP,"At 2026-01-14 13:00:00, the stock GSP opened at 11.15 VND, reached a high of 11.25 VND, a low of 11.15 VND, and closed the hour at 11.20 VND with a trading volume of 32,100 shares."
2026-01-14 14:00:00,11.2,11.2,11.1,11.1,21100,GSP,"At 2026-01-14 14:00:00, the stock GSP opened at 11.20 VND, reached a high of 11.20 VND, a low of 11.10 VND, and closed the hour at 11.10 VND with a trading volume of 21,100 shares."
2026-01-15 09:00:00,11.2,11.3,11.15,11.15,21400,GSP,"At 2026-01-15 09:00:00, the stock GSP opened at 11.20 VND, reached a high of 11.30 VND, a low of 11.15 VND, and closed the hour at 11.15 VND with a trading volume of 21,400 shares."
2026-01-15 10:00:00,11.15,11.15,11.05,11.1,13000,GSP,"At 2026-01-15 10:00:00, the stock GSP opened at 11.15 VND, reached a high of 11.15 VND, a low of 11.05 VND, and closed the hour at 11.10 VND with a trading volume of 13,000 shares."
2026-01-15 11:00:00,11.1,11.15,11.05,11.15,27300,GSP,"At 2026-01-15 11:00:00, the stock GSP opened at 11.10 VND, reached a high of 11.15 VND, a low of 11.05 VND, and closed the hour at 11.15 VND with a trading volume of 27,300 shares."
2026-01-15 13:00:00,11.1,11.25,11.1,11.1,121200,GSP,"At 2026-01-15 13:00:00, the stock GSP opened at 11.10 VND, reached a high of 11.25 VND, a low of 11.10 VND, and closed the hour at 11.10 VND with a trading volume of 121,200 shares."
2026-01-15 14:00:00,11.25,11.4,11.25,11.4,9800,GSP,"At 2026-01-15 14:00:00, the stock GSP opened at 11.25 VND, reached a high of 11.40 VND, a low of 11.25 VND, and closed the hour at 11.40 VND with a trading volume of 9,800 shares."
2026-01-16 09:00:00,11.3,11.3,11.3,11.3,1200,GSP,"At 2026-01-16 09:00:00, the stock GSP opened at 11.30 VND, reached a high of 11.30 VND, a low of 11.30 VND, and closed the hour at 11.30 VND with a trading volume of 1,200 shares."
2026-01-16 10:00:00,11.3,11.3,11.2,11.2,7600,GSP,"At 2026-01-16 10:00:00, the stock GSP opened at 11.30 VND, reached a high of 11.30 VND, a low of 11.20 VND, and closed the hour at 11.20 VND with a trading volume of 7,600 shares."
2026-01-16 11:00:00,11.15,11.2,11.15,11.2,14500,GSP,"At 2026-01-16 11:00:00, the stock GSP opened at 11.15 VND, reached a high of 11.20 VND, a low of 11.15 VND, and closed the hour at 11.20 VND with a trading volume of 14,500 shares."
2026-01-16 13:00:00,11.2,11.2,11.2,11.2,2700,GSP,"At 2026-01-16 13:00:00, the stock GSP opened at 11.20 VND, reached a high of 11.20 VND, a low of 11.20 VND, and closed the hour at 11.20 VND with a trading volume of 2,700 shares."
2026-01-16 14:00:00,11.15,11.15,11.15,11.15,15400,GSP,"At 2026-01-16 14:00:00, the stock GSP opened at 11.15 VND, reached a high of 11.15 VND, a low of 11.15 VND, and closed the hour at 11.15 VND with a trading volume of 15,400 shares."
2026-01-19 09:00:00,11.2,11.25,11.1,11.25,9000,GSP,"At 2026-01-19 09:00:00, the stock GSP opened at 11.20 VND, reached a high of 11.25 VND, a low of 11.10 VND, and closed the hour at 11.25 VND with a trading volume of 9,000 shares."
2026-01-19 10:00:00,11.2,11.2,11.2,11.2,4000,GSP,"At 2026-01-19 10:00:00, the stock GSP opened at 11.20 VND, reached a high of 11.20 VND, a low of 11.20 VND, and closed the hour at 11.20 VND with a trading volume of 4,000 shares."
2026-01-19 11:00:00,11.15,11.15,11.15,11.15,1000,GSP,"At 2026-01-19 11:00:00, the stock GSP opened at 11.15 VND, reached a high of 11.15 VND, a low of 11.15 VND, and closed the hour at 11.15 VND with a trading volume of 1,000 shares."
2026-01-19 13:00:00,11.15,11.15,11.1,11.15,8100,GSP,"At 2026-01-19 13:00:00, the stock GSP opened at 11.15 VND, reached a high of 11.15 VND, a low of 11.10 VND, and closed the hour at 11.15 VND with a trading volume of 8,100 shares."
2026-01-19 14:00:00,11.1,11.2,11.1,11.2,3000,GSP,"At 2026-01-19 14:00:00, the stock GSP opened at 11.10 VND, reached a high of 11.20 VND, a low of 11.10 VND, and closed the hour at 11.20 VND with a trading volume of 3,000 shares."
2026-01-20 09:00:00,11.2,11.2,11.2,11.2,6400,GSP,"At 2026-01-20 09:00:00, the stock GSP opened at 11.20 VND, reached a high of 11.20 VND, a low of 11.20 VND, and closed the hour at 11.20 VND with a trading volume of 6,400 shares."
2026-01-20 10:00:00,11.1,11.25,11.0,11.2,18100,GSP,"At 2026-01-20 10:00:00, the stock GSP opened at 11.10 VND, reached a high of 11.25 VND, a low of 11.00 VND, and closed the hour at 11.20 VND with a trading volume of 18,100 shares."
2026-01-20 11:00:00,11.2,11.2,11.2,11.2,100,GSP,"At 2026-01-20 11:00:00, the stock GSP opened at 11.20 VND, reached a high of 11.20 VND, a low of 11.20 VND, and closed the hour at 11.20 VND with a trading volume of 100 shares."
2026-01-20 13:00:00,11.1,11.35,11.1,11.25,150500,GSP,"At 2026-01-20 13:00:00, the stock GSP opened at 11.10 VND, reached a high of 11.35 VND, a low of 11.10 VND, and closed the hour at 11.25 VND with a trading volume of 150,500 shares."
2026-01-20 14:00:00,11.2,11.2,11.2,11.2,3900,GSP,"At 2026-01-20 14:00:00, the stock GSP opened at 11.20 VND, reached a high of 11.20 VND, a low of 11.20 VND, and closed the hour at 11.20 VND with a trading volume of 3,900 shares."
2026-01-21 09:00:00,11.2,11.25,11.2,11.25,18400,GSP,"At 2026-01-21 09:00:00, the stock GSP opened at 11.20 VND, reached a high of 11.25 VND, a low of 11.20 VND, and closed the hour at 11.25 VND with a trading volume of 18,400 shares."
2026-01-21 10:00:00,11.2,11.3,11.1,11.15,5800,GSP,"At 2026-01-21 10:00:00, the stock GSP opened at 11.20 VND, reached a high of 11.30 VND, a low of 11.10 VND, and closed the hour at 11.15 VND with a trading volume of 5,800 shares."
2026-01-21 13:00:00,11.2,11.25,11.15,11.15,6300,GSP,"At 2026-01-21 13:00:00, the stock GSP opened at 11.20 VND, reached a high of 11.25 VND, a low of 11.15 VND, and closed the hour at 11.15 VND with a trading volume of 6,300 shares."
2026-01-21 14:00:00,11.15,11.15,11.15,11.15,20000,GSP,"At 2026-01-21 14:00:00, the stock GSP opened at 11.15 VND, reached a high of 11.15 VND, a low of 11.15 VND, and closed the hour at 11.15 VND with a trading volume of 20,000 shares."
2026-01-22 09:00:00,11.55,11.55,11.3,11.45,4500,GSP,"At 2026-01-22 09:00:00, the stock GSP opened at 11.55 VND, reached a high of 11.55 VND, a low of 11.30 VND, and closed the hour at 11.45 VND with a trading volume of 4,500 shares."
2026-01-22 10:00:00,11.4,11.45,11.4,11.4,27000,GSP,"At 2026-01-22 10:00:00, the stock GSP opened at 11.40 VND, reached a high of 11.45 VND, a low of 11.40 VND, and closed the hour at 11.40 VND with a trading volume of 27,000 shares."
2026-01-22 11:00:00,11.4,11.4,11.4,11.4,2800,GSP,"At 2026-01-22 11:00:00, the stock GSP opened at 11.40 VND, reached a high of 11.40 VND, a low of 11.40 VND, and closed the hour at 11.40 VND with a trading volume of 2,800 shares."
2026-01-22 13:00:00,11.3,11.3,11.3,11.3,19400,GSP,"At 2026-01-22 13:00:00, the stock GSP opened at 11.30 VND, reached a high of 11.30 VND, a low of 11.30 VND, and closed the hour at 11.30 VND with a trading volume of 19,400 shares."
2026-01-22 14:00:00,11.3,11.35,11.3,11.35,16400,GSP,"At 2026-01-22 14:00:00, the stock GSP opened at 11.30 VND, reached a high of 11.35 VND, a low of 11.30 VND, and closed the hour at 11.35 VND with a trading volume of 16,400 shares."
2026-01-23 09:00:00,11.15,11.4,11.15,11.4,1700,GSP,"At 2026-01-23 09:00:00, the stock GSP opened at 11.15 VND, reached a high of 11.40 VND, a low of 11.15 VND, and closed the hour at 11.40 VND with a trading volume of 1,700 shares."
2026-01-23 10:00:00,11.35,11.35,11.35,11.35,200,GSP,"At 2026-01-23 10:00:00, the stock GSP opened at 11.35 VND, reached a high of 11.35 VND, a low of 11.35 VND, and closed the hour at 11.35 VND with a trading volume of 200 shares."
2026-01-23 11:00:00,11.2,11.2,11.2,11.2,6500,GSP,"At 2026-01-23 11:00:00, the stock GSP opened at 11.20 VND, reached a high of 11.20 VND, a low of 11.20 VND, and closed the hour at 11.20 VND with a trading volume of 6,500 shares."
2026-01-23 13:00:00,11.2,11.2,11.2,11.2,22700,GSP,"At 2026-01-23 13:00:00, the stock GSP opened at 11.20 VND, reached a high of 11.20 VND, a low of 11.20 VND, and closed the hour at 11.20 VND with a trading volume of 22,700 shares."
2026-01-23 14:00:00,11.2,11.2,11.1,11.2,11300,GSP,"At 2026-01-23 14:00:00, the stock GSP opened at 11.20 VND, reached a high of 11.20 VND, a low of 11.10 VND, and closed the hour at 11.20 VND with a trading volume of 11,300 shares."
2026-01-26 09:00:00,11.3,11.35,11.3,11.35,3200,GSP,"At 2026-01-26 09:00:00, the stock GSP opened at 11.30 VND, reached a high of 11.35 VND, a low of 11.30 VND, and closed the hour at 11.35 VND with a trading volume of 3,200 shares."
2026-01-26 10:00:00,11.3,11.35,11.3,11.3,9300,GSP,"At 2026-01-26 10:00:00, the stock GSP opened at 11.30 VND, reached a high of 11.35 VND, a low of 11.30 VND, and closed the hour at 11.30 VND with a trading volume of 9,300 shares."
2026-01-26 11:00:00,11.3,11.3,11.3,11.3,23600,GSP,"At 2026-01-26 11:00:00, the stock GSP opened at 11.30 VND, reached a high of 11.30 VND, a low of 11.30 VND, and closed the hour at 11.30 VND with a trading volume of 23,600 shares."
2026-01-26 13:00:00,11.25,11.3,11.15,11.15,28200,GSP,"At 2026-01-26 13:00:00, the stock GSP opened at 11.25 VND, reached a high of 11.30 VND, a low of 11.15 VND, and closed the hour at 11.15 VND with a trading volume of 28,200 shares."
2026-01-26 14:00:00,11.15,11.15,11.15,11.15,5000,GSP,"At 2026-01-26 14:00:00, the stock GSP opened at 11.15 VND, reached a high of 11.15 VND, a low of 11.15 VND, and closed the hour at 11.15 VND with a trading volume of 5,000 shares."
2026-01-27 09:00:00,11.0,11.15,11.0,11.1,1200,GSP,"At 2026-01-27 09:00:00, the stock GSP opened at 11.00 VND, reached a high of 11.15 VND, a low of 11.00 VND, and closed the hour at 11.10 VND with a trading volume of 1,200 shares."
2026-01-27 10:00:00,11.1,11.15,11.0,11.15,1400,GSP,"At 2026-01-27 10:00:00, the stock GSP opened at 11.10 VND, reached a high of 11.15 VND, a low of 11.00 VND, and closed the hour at 11.15 VND with a trading volume of 1,400 shares."
2026-01-27 11:00:00,11.15,11.15,11.0,11.0,9500,GSP,"At 2026-01-27 11:00:00, the stock GSP opened at 11.15 VND, reached a high of 11.15 VND, a low of 11.00 VND, and closed the hour at 11.00 VND with a trading volume of 9,500 shares."
2026-01-27 13:00:00,11.1,11.1,11.1,11.1,200,GSP,"At 2026-01-27 13:00:00, the stock GSP opened at 11.10 VND, reached a high of 11.10 VND, a low of 11.10 VND, and closed the hour at 11.10 VND with a trading volume of 200 shares."
2026-01-27 14:00:00,11.1,11.15,11.1,11.15,32200,GSP,"At 2026-01-27 14:00:00, the stock GSP opened at 11.10 VND, reached a high of 11.15 VND, a low of 11.10 VND, and closed the hour at 11.15 VND with a trading volume of 32,200 shares."
2026-01-28 09:00:00,11.15,11.2,11.15,11.2,300,GSP,"At 2026-01-28 09:00:00, the stock GSP opened at 11.15 VND, reached a high of 11.20 VND, a low of 11.15 VND, and closed the hour at 11.20 VND with a trading volume of 300 shares."
2026-01-28 10:00:00,11.15,11.15,11.15,11.15,100,GSP,"At 2026-01-28 10:00:00, the stock GSP opened at 11.15 VND, reached a high of 11.15 VND, a low of 11.15 VND, and closed the hour at 11.15 VND with a trading volume of 100 shares."
2026-01-28 11:00:00,11.15,11.2,11.15,11.2,2000,GSP,"At 2026-01-28 11:00:00, the stock GSP opened at 11.15 VND, reached a high of 11.20 VND, a low of 11.15 VND, and closed the hour at 11.20 VND with a trading volume of 2,000 shares."
2026-01-28 13:00:00,11.2,11.25,11.1,11.1,4300,GSP,"At 2026-01-28 13:00:00, the stock GSP opened at 11.20 VND, reached a high of 11.25 VND, a low of 11.10 VND, and closed the hour at 11.10 VND with a trading volume of 4,300 shares."
2026-01-28 14:00:00,11.1,11.25,10.95,11.25,114500,GSP,"At 2026-01-28 14:00:00, the stock GSP opened at 11.10 VND, reached a high of 11.25 VND, a low of 10.95 VND, and closed the hour at 11.25 VND with a trading volume of 114,500 shares."
2026-01-29 09:00:00,11.05,11.25,11.05,11.25,1300,GSP,"At 2026-01-29 09:00:00, the stock GSP opened at 11.05 VND, reached a high of 11.25 VND, a low of 11.05 VND, and closed the hour at 11.25 VND with a trading volume of 1,300 shares."
2026-01-29 13:00:00,11.1,11.15,11.1,11.15,1100,GSP,"At 2026-01-29 13:00:00, the stock GSP opened at 11.10 VND, reached a high of 11.15 VND, a low of 11.10 VND, and closed the hour at 11.15 VND with a trading volume of 1,100 shares."
2026-01-29 14:00:00,11.1,11.1,11.1,11.1,400,GSP,"At 2026-01-29 14:00:00, the stock GSP opened at 11.10 VND, reached a high of 11.10 VND, a low of 11.10 VND, and closed the hour at 11.10 VND with a trading volume of 400 shares."
2026-01-30 09:00:00,11.2,11.2,11.05,11.2,2000,GSP,"At 2026-01-30 09:00:00, the stock GSP opened at 11.20 VND, reached a high of 11.20 VND, a low of 11.05 VND, and closed the hour at 11.20 VND with a trading volume of 2,000 shares."
2026-01-30 10:00:00,11.2,11.2,11.1,11.2,800,GSP,"At 2026-01-30 10:00:00, the stock GSP opened at 11.20 VND, reached a high of 11.20 VND, a low of 11.10 VND, and closed the hour at 11.20 VND with a trading volume of 800 shares."
2026-01-30 11:00:00,11.1,11.1,11.1,11.1,300,GSP,"At 2026-01-30 11:00:00, the stock GSP opened at 11.10 VND, reached a high of 11.10 VND, a low of 11.10 VND, and closed the hour at 11.10 VND with a trading volume of 300 shares."
2026-01-30 13:00:00,11.05,11.15,11.05,11.05,3700,GSP,"At 2026-01-30 13:00:00, the stock GSP opened at 11.05 VND, reached a high of 11.15 VND, a low of 11.05 VND, and closed the hour at 11.05 VND with a trading volume of 3,700 shares."
2026-01-30 14:00:00,11.05,11.1,11.05,11.05,19800,GSP,"At 2026-01-30 14:00:00, the stock GSP opened at 11.05 VND, reached a high of 11.10 VND, a low of 11.05 VND, and closed the hour at 11.05 VND with a trading volume of 19,800 shares."
2026-02-02 09:00:00,11.05,11.2,11.05,11.2,2300,GSP,"At 2026-02-02 09:00:00, the stock GSP opened at 11.05 VND, reached a high of 11.20 VND, a low of 11.05 VND, and closed the hour at 11.20 VND with a trading volume of 2,300 shares."
2026-02-02 10:00:00,11.1,11.2,11.1,11.2,1100,GSP,"At 2026-02-02 10:00:00, the stock GSP opened at 11.10 VND, reached a high of 11.20 VND, a low of 11.10 VND, and closed the hour at 11.20 VND with a trading volume of 1,100 shares."
2026-02-02 11:00:00,11.2,11.2,11.2,11.2,100,GSP,"At 2026-02-02 11:00:00, the stock GSP opened at 11.20 VND, reached a high of 11.20 VND, a low of 11.20 VND, and closed the hour at 11.20 VND with a trading volume of 100 shares."
2026-02-02 13:00:00,11.1,11.1,11.1,11.1,4000,GSP,"At 2026-02-02 13:00:00, the stock GSP opened at 11.10 VND, reached a high of 11.10 VND, a low of 11.10 VND, and closed the hour at 11.10 VND with a trading volume of 4,000 shares."
2026-02-02 14:00:00,11.05,11.15,11.05,11.15,14200,GSP,"At 2026-02-02 14:00:00, the stock GSP opened at 11.05 VND, reached a high of 11.15 VND, a low of 11.05 VND, and closed the hour at 11.15 VND with a trading volume of 14,200 shares."
2026-02-03 09:00:00,11.2,11.4,11.2,11.3,9700,GSP,"At 2026-02-03 09:00:00, the stock GSP opened at 11.20 VND, reached a high of 11.40 VND, a low of 11.20 VND, and closed the hour at 11.30 VND with a trading volume of 9,700 shares."
2026-02-03 10:00:00,11.3,11.3,11.25,11.25,5700,GSP,"At 2026-02-03 10:00:00, the stock GSP opened at 11.30 VND, reached a high of 11.30 VND, a low of 11.25 VND, and closed the hour at 11.25 VND with a trading volume of 5,700 shares."
2026-02-03 11:00:00,11.25,11.25,11.25,11.25,5000,GSP,"At 2026-02-03 11:00:00, the stock GSP opened at 11.25 VND, reached a high of 11.25 VND, a low of 11.25 VND, and closed the hour at 11.25 VND with a trading volume of 5,000 shares."
2026-02-03 13:00:00,11.2,11.25,11.15,11.2,15400,GSP,"At 2026-02-03 13:00:00, the stock GSP opened at 11.20 VND, reached a high of 11.25 VND, a low of 11.15 VND, and closed the hour at 11.20 VND with a trading volume of 15,400 shares."
2026-02-03 14:00:00,11.15,11.25,11.15,11.25,33700,GSP,"At 2026-02-03 14:00:00, the stock GSP opened at 11.15 VND, reached a high of 11.25 VND, a low of 11.15 VND, and closed the hour at 11.25 VND with a trading volume of 33,700 shares."
2026-02-04 09:00:00,11.25,11.25,11.25,11.25,3400,GSP,"At 2026-02-04 09:00:00, the stock GSP opened at 11.25 VND, reached a high of 11.25 VND, a low of 11.25 VND, and closed the hour at 11.25 VND with a trading volume of 3,400 shares."
2026-02-04 10:00:00,11.25,11.35,11.15,11.3,58900,GSP,"At 2026-02-04 10:00:00, the stock GSP opened at 11.25 VND, reached a high of 11.35 VND, a low of 11.15 VND, and closed the hour at 11.30 VND with a trading volume of 58,900 shares."
2026-02-04 11:00:00,11.3,11.3,11.3,11.3,5000,GSP,"At 2026-02-04 11:00:00, the stock GSP opened at 11.30 VND, reached a high of 11.30 VND, a low of 11.30 VND, and closed the hour at 11.30 VND with a trading volume of 5,000 shares."
2026-02-04 13:00:00,11.3,11.3,11.25,11.25,3400,GSP,"At 2026-02-04 13:00:00, the stock GSP opened at 11.30 VND, reached a high of 11.30 VND, a low of 11.25 VND, and closed the hour at 11.25 VND with a trading volume of 3,400 shares."
2026-02-04 14:00:00,11.25,11.25,11.25,11.25,20100,GSP,"At 2026-02-04 14:00:00, the stock GSP opened at 11.25 VND, reached a high of 11.25 VND, a low of 11.25 VND, and closed the hour at 11.25 VND with a trading volume of 20,100 shares."
2026-02-05 09:00:00,11.3,11.3,11.25,11.25,4800,GSP,"At 2026-02-05 09:00:00, the stock GSP opened at 11.30 VND, reached a high of 11.30 VND, a low of 11.25 VND, and closed the hour at 11.25 VND with a trading volume of 4,800 shares."
2026-02-05 13:00:00,11.2,11.2,11.2,11.2,13700,GSP,"At 2026-02-05 13:00:00, the stock GSP opened at 11.20 VND, reached a high of 11.20 VND, a low of 11.20 VND, and closed the hour at 11.20 VND with a trading volume of 13,700 shares."
2026-02-05 14:00:00,11.15,11.15,11.15,11.15,21800,GSP,"At 2026-02-05 14:00:00, the stock GSP opened at 11.15 VND, reached a high of 11.15 VND, a low of 11.15 VND, and closed the hour at 11.15 VND with a trading volume of 21,800 shares."
2026-02-06 09:00:00,11.05,11.15,11.05,11.15,8600,GSP,"At 2026-02-06 09:00:00, the stock GSP opened at 11.05 VND, reached a high of 11.15 VND, a low of 11.05 VND, and closed the hour at 11.15 VND with a trading volume of 8,600 shares."
2026-02-06 10:00:00,11.0,11.1,11.0,11.0,13500,GSP,"At 2026-02-06 10:00:00, the stock GSP opened at 11.00 VND, reached a high of 11.10 VND, a low of 11.00 VND, and closed the hour at 11.00 VND with a trading volume of 13,500 shares."
2026-02-06 11:00:00,11.05,11.05,11.0,11.05,12500,GSP,"At 2026-02-06 11:00:00, the stock GSP opened at 11.05 VND, reached a high of 11.05 VND, a low of 11.00 VND, and closed the hour at 11.05 VND with a trading volume of 12,500 shares."
2026-02-06 13:00:00,11.0,11.1,11.0,11.1,3400,GSP,"At 2026-02-06 13:00:00, the stock GSP opened at 11.00 VND, reached a high of 11.10 VND, a low of 11.00 VND, and closed the hour at 11.10 VND with a trading volume of 3,400 shares."
2026-02-06 14:00:00,11.1,11.1,11.0,11.1,15600,GSP,"At 2026-02-06 14:00:00, the stock GSP opened at 11.10 VND, reached a high of 11.10 VND, a low of 11.00 VND, and closed the hour at 11.10 VND with a trading volume of 15,600 shares."
2026-02-09 09:00:00,11.15,11.15,11.15,11.15,100,GSP,"At 2026-02-09 09:00:00, the stock GSP opened at 11.15 VND, reached a high of 11.15 VND, a low of 11.15 VND, and closed the hour at 11.15 VND with a trading volume of 100 shares."
2026-02-09 10:00:00,11.1,11.1,11.1,11.1,300,GSP,"At 2026-02-09 10:00:00, the stock GSP opened at 11.10 VND, reached a high of 11.10 VND, a low of 11.10 VND, and closed the hour at 11.10 VND with a trading volume of 300 shares."
2026-02-09 11:00:00,11.05,11.05,11.05,11.05,10000,GSP,"At 2026-02-09 11:00:00, the stock GSP opened at 11.05 VND, reached a high of 11.05 VND, a low of 11.05 VND, and closed the hour at 11.05 VND with a trading volume of 10,000 shares."
2026-02-09 14:00:00,11.05,11.1,11.0,11.1,11200,GSP,"At 2026-02-09 14:00:00, the stock GSP opened at 11.05 VND, reached a high of 11.10 VND, a low of 11.00 VND, and closed the hour at 11.10 VND with a trading volume of 11,200 shares."
2026-02-10 09:00:00,11.05,11.05,11.05,11.05,500,GSP,"At 2026-02-10 09:00:00, the stock GSP opened at 11.05 VND, reached a high of 11.05 VND, a low of 11.05 VND, and closed the hour at 11.05 VND with a trading volume of 500 shares."
2026-02-10 10:00:00,11.05,11.05,11.05,11.05,100,GSP,"At 2026-02-10 10:00:00, the stock GSP opened at 11.05 VND, reached a high of 11.05 VND, a low of 11.05 VND, and closed the hour at 11.05 VND with a trading volume of 100 shares."
2026-02-10 11:00:00,11.05,11.05,11.05,11.05,500,GSP,"At 2026-02-10 11:00:00, the stock GSP opened at 11.05 VND, reached a high of 11.05 VND, a low of 11.05 VND, and closed the hour at 11.05 VND with a trading volume of 500 shares."
2026-02-10 13:00:00,11.1,11.15,11.05,11.15,2400,GSP,"At 2026-02-10 13:00:00, the stock GSP opened at 11.10 VND, reached a high of 11.15 VND, a low of 11.05 VND, and closed the hour at 11.15 VND with a trading volume of 2,400 shares."
2026-02-10 14:00:00,11.05,11.15,11.05,11.05,3200,GSP,"At 2026-02-10 14:00:00, the stock GSP opened at 11.05 VND, reached a high of 11.15 VND, a low of 11.05 VND, and closed the hour at 11.05 VND with a trading volume of 3,200 shares."
2026-02-11 09:00:00,11.1,11.1,11.1,11.1,100,GSP,"At 2026-02-11 09:00:00, the stock GSP opened at 11.10 VND, reached a high of 11.10 VND, a low of 11.10 VND, and closed the hour at 11.10 VND with a trading volume of 100 shares."
2026-02-11 10:00:00,11.05,11.1,11.0,11.05,2300,GSP,"At 2026-02-11 10:00:00, the stock GSP opened at 11.05 VND, reached a high of 11.10 VND, a low of 11.00 VND, and closed the hour at 11.05 VND with a trading volume of 2,300 shares."
2026-02-11 13:00:00,11.05,11.15,11.05,11.15,9000,GSP,"At 2026-02-11 13:00:00, the stock GSP opened at 11.05 VND, reached a high of 11.15 VND, a low of 11.05 VND, and closed the hour at 11.15 VND with a trading volume of 9,000 shares."
2026-02-11 14:00:00,11.1,11.15,11.1,11.15,15500,GSP,"At 2026-02-11 14:00:00, the stock GSP opened at 11.10 VND, reached a high of 11.15 VND, a low of 11.10 VND, and closed the hour at 11.15 VND with a trading volume of 15,500 shares."
2026-02-12 11:00:00,11.05,11.05,11.0,11.0,6100,GSP,"At 2026-02-12 11:00:00, the stock GSP opened at 11.05 VND, reached a high of 11.05 VND, a low of 11.00 VND, and closed the hour at 11.00 VND with a trading volume of 6,100 shares."
2026-02-12 13:00:00,11.15,11.15,11.15,11.15,100,GSP,"At 2026-02-12 13:00:00, the stock GSP opened at 11.15 VND, reached a high of 11.15 VND, a low of 11.15 VND, and closed the hour at 11.15 VND with a trading volume of 100 shares."
2026-02-12 14:00:00,11.15,11.15,11.0,11.15,26300,GSP,"At 2026-02-12 14:00:00, the stock GSP opened at 11.15 VND, reached a high of 11.15 VND, a low of 11.00 VND, and closed the hour at 11.15 VND with a trading volume of 26,300 shares."
2026-02-13 13:00:00,11.15,11.15,11.15,11.15,2000,GSP,"At 2026-02-13 13:00:00, the stock GSP opened at 11.15 VND, reached a high of 11.15 VND, a low of 11.15 VND, and closed the hour at 11.15 VND with a trading volume of 2,000 shares."
2026-02-13 14:00:00,11.15,11.15,11.15,11.15,200,GSP,"At 2026-02-13 14:00:00, the stock GSP opened at 11.15 VND, reached a high of 11.15 VND, a low of 11.15 VND, and closed the hour at 11.15 VND with a trading volume of 200 shares."
2026-02-23 09:00:00,11.2,11.25,11.2,11.25,2500,GSP,"At 2026-02-23 09:00:00, the stock GSP opened at 11.20 VND, reached a high of 11.25 VND, a low of 11.20 VND, and closed the hour at 11.25 VND with a trading volume of 2,500 shares."
2026-02-23 10:00:00,11.25,11.25,11.25,11.25,5000,GSP,"At 2026-02-23 10:00:00, the stock GSP opened at 11.25 VND, reached a high of 11.25 VND, a low of 11.25 VND, and closed the hour at 11.25 VND with a trading volume of 5,000 shares."
2026-02-23 11:00:00,11.25,11.25,11.25,11.25,100,GSP,"At 2026-02-23 11:00:00, the stock GSP opened at 11.25 VND, reached a high of 11.25 VND, a low of 11.25 VND, and closed the hour at 11.25 VND with a trading volume of 100 shares."
2026-02-23 13:00:00,11.2,11.25,11.2,11.2,30100,GSP,"At 2026-02-23 13:00:00, the stock GSP opened at 11.20 VND, reached a high of 11.25 VND, a low of 11.20 VND, and closed the hour at 11.20 VND with a trading volume of 30,100 shares."
2026-02-23 14:00:00,11.2,11.2,11.2,11.2,3000,GSP,"At 2026-02-23 14:00:00, the stock GSP opened at 11.20 VND, reached a high of 11.20 VND, a low of 11.20 VND, and closed the hour at 11.20 VND with a trading volume of 3,000 shares."
2026-02-24 09:00:00,11.3,11.3,11.25,11.3,11800,GSP,"At 2026-02-24 09:00:00, the stock GSP opened at 11.30 VND, reached a high of 11.30 VND, a low of 11.25 VND, and closed the hour at 11.30 VND with a trading volume of 11,800 shares."
2026-02-24 10:00:00,11.25,11.25,11.2,11.25,5600,GSP,"At 2026-02-24 10:00:00, the stock GSP opened at 11.25 VND, reached a high of 11.25 VND, a low of 11.20 VND, and closed the hour at 11.25 VND with a trading volume of 5,600 shares."
2026-02-24 11:00:00,11.2,11.2,11.2,11.2,1200,GSP,"At 2026-02-24 11:00:00, the stock GSP opened at 11.20 VND, reached a high of 11.20 VND, a low of 11.20 VND, and closed the hour at 11.20 VND with a trading volume of 1,200 shares."
2026-02-24 13:00:00,11.2,11.2,11.2,11.2,11800,GSP,"At 2026-02-24 13:00:00, the stock GSP opened at 11.20 VND, reached a high of 11.20 VND, a low of 11.20 VND, and closed the hour at 11.20 VND with a trading volume of 11,800 shares."
2026-02-24 14:00:00,11.2,11.25,11.2,11.2,3400,GSP,"At 2026-02-24 14:00:00, the stock GSP opened at 11.20 VND, reached a high of 11.25 VND, a low of 11.20 VND, and closed the hour at 11.20 VND with a trading volume of 3,400 shares."
2026-02-25 09:00:00,11.25,11.25,11.0,11.25,22000,GSP,"At 2026-02-25 09:00:00, the stock GSP opened at 11.25 VND, reached a high of 11.25 VND, a low of 11.00 VND, and closed the hour at 11.25 VND with a trading volume of 22,000 shares."
2026-02-25 10:00:00,11.15,11.25,11.1,11.25,8200,GSP,"At 2026-02-25 10:00:00, the stock GSP opened at 11.15 VND, reached a high of 11.25 VND, a low of 11.10 VND, and closed the hour at 11.25 VND with a trading volume of 8,200 shares."
2026-02-25 11:00:00,11.2,11.2,11.2,11.2,1000,GSP,"At 2026-02-25 11:00:00, the stock GSP opened at 11.20 VND, reached a high of 11.20 VND, a low of 11.20 VND, and closed the hour at 11.20 VND with a trading volume of 1,000 shares."
2026-02-25 13:00:00,11.2,11.2,11.15,11.2,23100,GSP,"At 2026-02-25 13:00:00, the stock GSP opened at 11.20 VND, reached a high of 11.20 VND, a low of 11.15 VND, and closed the hour at 11.20 VND with a trading volume of 23,100 shares."
2026-02-25 14:00:00,11.2,11.2,11.2,11.2,5000,GSP,"At 2026-02-25 14:00:00, the stock GSP opened at 11.20 VND, reached a high of 11.20 VND, a low of 11.20 VND, and closed the hour at 11.20 VND with a trading volume of 5,000 shares."
2026-02-26 09:00:00,11.2,11.2,11.2,11.2,12000,GSP,"At 2026-02-26 09:00:00, the stock GSP opened at 11.20 VND, reached a high of 11.20 VND, a low of 11.20 VND, and closed the hour at 11.20 VND with a trading volume of 12,000 shares."
2026-02-26 10:00:00,11.2,11.2,11.2,11.2,10400,GSP,"At 2026-02-26 10:00:00, the stock GSP opened at 11.20 VND, reached a high of 11.20 VND, a low of 11.20 VND, and closed the hour at 11.20 VND with a trading volume of 10,400 shares."
2026-02-26 11:00:00,11.2,11.2,11.2,11.2,16400,GSP,"At 2026-02-26 11:00:00, the stock GSP opened at 11.20 VND, reached a high of 11.20 VND, a low of 11.20 VND, and closed the hour at 11.20 VND with a trading volume of 16,400 shares."
2026-02-26 13:00:00,11.2,11.2,11.2,11.2,13300,GSP,"At 2026-02-26 13:00:00, the stock GSP opened at 11.20 VND, reached a high of 11.20 VND, a low of 11.20 VND, and closed the hour at 11.20 VND with a trading volume of 13,300 shares."
2026-02-26 14:00:00,11.2,11.2,11.2,11.2,1200,GSP,"At 2026-02-26 14:00:00, the stock GSP opened at 11.20 VND, reached a high of 11.20 VND, a low of 11.20 VND, and closed the hour at 11.20 VND with a trading volume of 1,200 shares."
2026-02-27 09:00:00,11.3,11.6,11.3,11.3,114300,GSP,"At 2026-02-27 09:00:00, the stock GSP opened at 11.30 VND, reached a high of 11.60 VND, a low of 11.30 VND, and closed the hour at 11.30 VND with a trading volume of 114,300 shares."
2026-02-27 10:00:00,11.4,11.4,11.35,11.35,22000,GSP,"At 2026-02-27 10:00:00, the stock GSP opened at 11.40 VND, reached a high of 11.40 VND, a low of 11.35 VND, and closed the hour at 11.35 VND with a trading volume of 22,000 shares."
2026-02-27 11:00:00,11.35,11.35,11.35,11.35,1800,GSP,"At 2026-02-27 11:00:00, the stock GSP opened at 11.35 VND, reached a high of 11.35 VND, a low of 11.35 VND, and closed the hour at 11.35 VND with a trading volume of 1,800 shares."
2026-02-27 13:00:00,11.35,11.75,11.35,11.75,173900,GSP,"At 2026-02-27 13:00:00, the stock GSP opened at 11.35 VND, reached a high of 11.75 VND, a low of 11.35 VND, and closed the hour at 11.75 VND with a trading volume of 173,900 shares."
2026-02-27 14:00:00,11.7,11.75,11.6,11.75,67500,GSP,"At 2026-02-27 14:00:00, the stock GSP opened at 11.70 VND, reached a high of 11.75 VND, a low of 11.60 VND, and closed the hour at 11.75 VND with a trading volume of 67,500 shares."
2026-03-02 09:00:00,12.5,12.5,12.1,12.5,297100,GSP,"At 2026-03-02 09:00:00, the stock GSP opened at 12.50 VND, reached a high of 12.50 VND, a low of 12.10 VND, and closed the hour at 12.50 VND with a trading volume of 297,100 shares."
2026-03-02 10:00:00,12.55,12.55,12.45,12.55,455500,GSP,"At 2026-03-02 10:00:00, the stock GSP opened at 12.55 VND, reached a high of 12.55 VND, a low of 12.45 VND, and closed the hour at 12.55 VND with a trading volume of 455,500 shares."
2026-03-02 11:00:00,12.55,12.55,12.55,12.55,16000,GSP,"At 2026-03-02 11:00:00, the stock GSP opened at 12.55 VND, reached a high of 12.55 VND, a low of 12.55 VND, and closed the hour at 12.55 VND with a trading volume of 16,000 shares."
2026-03-02 13:00:00,12.55,12.55,12.55,12.55,136500,GSP,"At 2026-03-02 13:00:00, the stock GSP opened at 12.55 VND, reached a high of 12.55 VND, a low of 12.55 VND, and closed the hour at 12.55 VND with a trading volume of 136,500 shares."
2026-03-02 14:00:00,12.55,12.55,12.55,12.55,121500,GSP,"At 2026-03-02 14:00:00, the stock GSP opened at 12.55 VND, reached a high of 12.55 VND, a low of 12.55 VND, and closed the hour at 12.55 VND with a trading volume of 121,500 shares."
2026-03-03 09:00:00,12.85,12.85,12.4,12.4,102600,GSP,"At 2026-03-03 09:00:00, the stock GSP opened at 12.85 VND, reached a high of 12.85 VND, a low of 12.40 VND, and closed the hour at 12.40 VND with a trading volume of 102,600 shares."
2026-03-03 10:00:00,12.4,12.5,12.25,12.5,9000,GSP,"At 2026-03-03 10:00:00, the stock GSP opened at 12.40 VND, reached a high of 12.50 VND, a low of 12.25 VND, and closed the hour at 12.50 VND with a trading volume of 9,000 shares."
2026-03-03 11:00:00,12.5,12.65,12.45,12.65,53000,GSP,"At 2026-03-03 11:00:00, the stock GSP opened at 12.50 VND, reached a high of 12.65 VND, a low of 12.45 VND, and closed the hour at 12.65 VND with a trading volume of 53,000 shares."
2026-03-03 13:00:00,12.6,12.85,12.55,12.6,149000,GSP,"At 2026-03-03 13:00:00, the stock GSP opened at 12.60 VND, reached a high of 12.85 VND, a low of 12.55 VND, and closed the hour at 12.60 VND with a trading volume of 149,000 shares."
2026-03-03 14:00:00,12.6,12.75,12.6,12.7,152000,GSP,"At 2026-03-03 14:00:00, the stock GSP opened at 12.60 VND, reached a high of 12.75 VND, a low of 12.60 VND, and closed the hour at 12.70 VND with a trading volume of 152,000 shares."
2026-03-04 09:00:00,12.7,13.1,12.7,12.8,249600,GSP,"At 2026-03-04 09:00:00, the stock GSP opened at 12.70 VND, reached a high of 13.10 VND, a low of 12.70 VND, and closed the hour at 12.80 VND with a trading volume of 249,600 shares."
2026-03-04 10:00:00,12.75,12.75,12.5,12.55,63500,GSP,"At 2026-03-04 10:00:00, the stock GSP opened at 12.75 VND, reached a high of 12.75 VND, a low of 12.50 VND, and closed the hour at 12.55 VND with a trading volume of 63,500 shares."
2026-03-04 11:00:00,12.55,12.7,12.5,12.7,30800,GSP,"At 2026-03-04 11:00:00, the stock GSP opened at 12.55 VND, reached a high of 12.70 VND, a low of 12.50 VND, and closed the hour at 12.70 VND with a trading volume of 30,800 shares."
2026-03-04 13:00:00,12.7,12.7,12.15,12.5,182300,GSP,"At 2026-03-04 13:00:00, the stock GSP opened at 12.70 VND, reached a high of 12.70 VND, a low of 12.15 VND, and closed the hour at 12.50 VND with a trading volume of 182,300 shares."
2026-03-04 14:00:00,12.5,12.95,12.45,12.9,361900,GSP,"At 2026-03-04 14:00:00, the stock GSP opened at 12.50 VND, reached a high of 12.95 VND, a low of 12.45 VND, and closed the hour at 12.90 VND with a trading volume of 361,900 shares."
2026-03-05 09:00:00,12.95,12.95,12.6,12.8,97000,GSP,"At 2026-03-05 09:00:00, the stock GSP opened at 12.95 VND, reached a high of 12.95 VND, a low of 12.60 VND, and closed the hour at 12.80 VND with a trading volume of 97,000 shares."
2026-03-05 10:00:00,12.65,12.7,12.55,12.6,54800,GSP,"At 2026-03-05 10:00:00, the stock GSP opened at 12.65 VND, reached a high of 12.70 VND, a low of 12.55 VND, and closed the hour at 12.60 VND with a trading volume of 54,800 shares."
2026-03-05 11:00:00,12.6,12.85,12.6,12.85,17800,GSP,"At 2026-03-05 11:00:00, the stock GSP opened at 12.60 VND, reached a high of 12.85 VND, a low of 12.60 VND, and closed the hour at 12.85 VND with a trading volume of 17,800 shares."
2026-03-05 13:00:00,12.85,12.9,12.6,12.9,126300,GSP,"At 2026-03-05 13:00:00, the stock GSP opened at 12.85 VND, reached a high of 12.90 VND, a low of 12.60 VND, and closed the hour at 12.90 VND with a trading volume of 126,300 shares."
2026-03-05 14:00:00,12.9,13.2,12.85,12.9,286500,GSP,"At 2026-03-05 14:00:00, the stock GSP opened at 12.90 VND, reached a high of 13.20 VND, a low of 12.85 VND, and closed the hour at 12.90 VND with a trading volume of 286,500 shares."
2026-03-06 09:00:00,13.0,13.0,12.8,12.9,19300,GSP,"At 2026-03-06 09:00:00, the stock GSP opened at 13.00 VND, reached a high of 13.00 VND, a low of 12.80 VND, and closed the hour at 12.90 VND with a trading volume of 19,300 shares."
2026-03-06 10:00:00,12.95,13.3,12.8,13.3,215200,GSP,"At 2026-03-06 10:00:00, the stock GSP opened at 12.95 VND, reached a high of 13.30 VND, a low of 12.80 VND, and closed the hour at 13.30 VND with a trading volume of 215,200 shares."
2026-03-06 11:00:00,13.3,13.4,13.0,13.05,33700,GSP,"At 2026-03-06 11:00:00, the stock GSP opened at 13.30 VND, reached a high of 13.40 VND, a low of 13.00 VND, and closed the hour at 13.05 VND with a trading volume of 33,700 shares."
2026-03-06 13:00:00,13.15,13.3,12.95,13.15,261300,GSP,"At 2026-03-06 13:00:00, the stock GSP opened at 13.15 VND, reached a high of 13.30 VND, a low of 12.95 VND, and closed the hour at 13.15 VND with a trading volume of 261,300 shares."
2026-03-06 14:00:00,13.15,13.5,13.05,13.5,296500,GSP,"At 2026-03-06 14:00:00, the stock GSP opened at 13.15 VND, reached a high of 13.50 VND, a low of 13.05 VND, and closed the hour at 13.50 VND with a trading volume of 296,500 shares."
2026-03-09 09:00:00,14.0,14.0,12.6,13.25,336800,GSP,"At 2026-03-09 09:00:00, the stock GSP opened at 14.00 VND, reached a high of 14.00 VND, a low of 12.60 VND, and closed the hour at 13.25 VND with a trading volume of 336,800 shares."
2026-03-09 10:00:00,13.25,13.25,12.7,13.05,48500,GSP,"At 2026-03-09 10:00:00, the stock GSP opened at 13.25 VND, reached a high of 13.25 VND, a low of 12.70 VND, and closed the hour at 13.05 VND with a trading volume of 48,500 shares."
2026-03-09 11:00:00,13.05,13.05,12.9,12.9,3600,GSP,"At 2026-03-09 11:00:00, the stock GSP opened at 13.05 VND, reached a high of 13.05 VND, a low of 12.90 VND, and closed the hour at 12.90 VND with a trading volume of 3,600 shares."
2026-03-09 13:00:00,12.75,12.8,12.6,12.6,201500,GSP,"At 2026-03-09 13:00:00, the stock GSP opened at 12.75 VND, reached a high of 12.80 VND, a low of 12.60 VND, and closed the hour at 12.60 VND with a trading volume of 201,500 shares."
2026-03-09 14:00:00,12.6,12.6,12.6,12.6,4600,GSP,"At 2026-03-09 14:00:00, the stock GSP opened at 12.60 VND, reached a high of 12.60 VND, a low of 12.60 VND, and closed the hour at 12.60 VND with a trading volume of 4,600 shares."
2026-03-10 09:00:00,12.1,12.7,11.95,12.55,73900,GSP,"At 2026-03-10 09:00:00, the stock GSP opened at 12.10 VND, reached a high of 12.70 VND, a low of 11.95 VND, and closed the hour at 12.55 VND with a trading volume of 73,900 shares."
2026-03-10 10:00:00,12.6,12.6,12.3,12.35,37000,GSP,"At 2026-03-10 10:00:00, the stock GSP opened at 12.60 VND, reached a high of 12.60 VND, a low of 12.30 VND, and closed the hour at 12.35 VND with a trading volume of 37,000 shares."
2026-03-10 11:00:00,12.3,12.4,12.25,12.25,17500,GSP,"At 2026-03-10 11:00:00, the stock GSP opened at 12.30 VND, reached a high of 12.40 VND, a low of 12.25 VND, and closed the hour at 12.25 VND with a trading volume of 17,500 shares."
2026-03-10 13:00:00,12.2,12.2,11.75,11.75,269300,GSP,"At 2026-03-10 13:00:00, the stock GSP opened at 12.20 VND, reached a high of 12.20 VND, a low of 11.75 VND, and closed the hour at 11.75 VND with a trading volume of 269,300 shares."
2026-03-10 14:00:00,11.75,12.15,11.75,12.15,48500,GSP,"At 2026-03-10 14:00:00, the stock GSP opened at 11.75 VND, reached a high of 12.15 VND, a low of 11.75 VND, and closed the hour at 12.15 VND with a trading volume of 48,500 shares."
2026-03-11 09:00:00,12.15,12.15,11.35,12.15,26800,GSP,"At 2026-03-11 09:00:00, the stock GSP opened at 12.15 VND, reached a high of 12.15 VND, a low of 11.35 VND, and closed the hour at 12.15 VND with a trading volume of 26,800 shares."
2026-03-11 10:00:00,12.1,12.3,11.8,12.15,29500,GSP,"At 2026-03-11 10:00:00, the stock GSP opened at 12.10 VND, reached a high of 12.30 VND, a low of 11.80 VND, and closed the hour at 12.15 VND with a trading volume of 29,500 shares."
2026-03-11 11:00:00,12.05,12.15,12.05,12.05,5600,GSP,"At 2026-03-11 11:00:00, the stock GSP opened at 12.05 VND, reached a high of 12.15 VND, a low of 12.05 VND, and closed the hour at 12.05 VND with a trading volume of 5,600 shares."
2026-03-11 13:00:00,11.95,12.1,11.75,12.0,40900,GSP,"At 2026-03-11 13:00:00, the stock GSP opened at 11.95 VND, reached a high of 12.10 VND, a low of 11.75 VND, and closed the hour at 12.00 VND with a trading volume of 40,900 shares."
2026-03-11 14:00:00,12.0,12.4,11.9,12.4,100400,GSP,"At 2026-03-11 14:00:00, the stock GSP opened at 12.00 VND, reached a high of 12.40 VND, a low of 11.90 VND, and closed the hour at 12.40 VND with a trading volume of 100,400 shares."
2026-03-12 09:00:00,12.4,12.4,11.95,12.05,42000,GSP,"At 2026-03-12 09:00:00, the stock GSP opened at 12.40 VND, reached a high of 12.40 VND, a low of 11.95 VND, and closed the hour at 12.05 VND with a trading volume of 42,000 shares."
2026-03-12 10:00:00,12.05,12.1,12.0,12.0,57500,GSP,"At 2026-03-12 10:00:00, the stock GSP opened at 12.05 VND, reached a high of 12.10 VND, a low of 12.00 VND, and closed the hour at 12.00 VND with a trading volume of 57,500 shares."
2026-03-12 11:00:00,12.0,12.0,12.0,12.0,13100,GSP,"At 2026-03-12 11:00:00, the stock GSP opened at 12.00 VND, reached a high of 12.00 VND, a low of 12.00 VND, and closed the hour at 12.00 VND with a trading volume of 13,100 shares."
2026-03-12 13:00:00,11.95,12.2,11.9,12.0,54500,GSP,"At 2026-03-12 13:00:00, the stock GSP opened at 11.95 VND, reached a high of 12.20 VND, a low of 11.90 VND, and closed the hour at 12.00 VND with a trading volume of 54,500 shares."
2026-03-12 14:00:00,12.0,12.0,11.9,11.9,53500,GSP,"At 2026-03-12 14:00:00, the stock GSP opened at 12.00 VND, reached a high of 12.00 VND, a low of 11.90 VND, and closed the hour at 11.90 VND with a trading volume of 53,500 shares."
2026-03-13 09:00:00,11.9,12.2,11.9,12.1,56300,GSP,"At 2026-03-13 09:00:00, the stock GSP opened at 11.90 VND, reached a high of 12.20 VND, a low of 11.90 VND, and closed the hour at 12.10 VND with a trading volume of 56,300 shares."
2026-03-13 10:00:00,12.1,12.25,12.1,12.1,25600,GSP,"At 2026-03-13 10:00:00, the stock GSP opened at 12.10 VND, reached a high of 12.25 VND, a low of 12.10 VND, and closed the hour at 12.10 VND with a trading volume of 25,600 shares."
2026-03-13 11:00:00,12.15,12.2,12.1,12.15,4600,GSP,"At 2026-03-13 11:00:00, the stock GSP opened at 12.15 VND, reached a high of 12.20 VND, a low of 12.10 VND, and closed the hour at 12.15 VND with a trading volume of 4,600 shares."
2026-03-13 13:00:00,12.15,12.15,11.65,11.9,108100,GSP,"At 2026-03-13 13:00:00, the stock GSP opened at 12.15 VND, reached a high of 12.15 VND, a low of 11.65 VND, and closed the hour at 11.90 VND with a trading volume of 108,100 shares."
2026-03-13 14:00:00,11.9,11.95,11.7,11.9,141400,GSP,"At 2026-03-13 14:00:00, the stock GSP opened at 11.90 VND, reached a high of 11.95 VND, a low of 11.70 VND, and closed the hour at 11.90 VND with a trading volume of 141,400 shares."
2026-03-16 09:00:00,11.7,12.05,11.7,12.0,6900,GSP,"At 2026-03-16 09:00:00, the stock GSP opened at 11.70 VND, reached a high of 12.05 VND, a low of 11.70 VND, and closed the hour at 12.00 VND with a trading volume of 6,900 shares."
2026-03-16 10:00:00,11.75,11.75,11.7,11.75,3900,GSP,"At 2026-03-16 10:00:00, the stock GSP opened at 11.75 VND, reached a high of 11.75 VND, a low of 11.70 VND, and closed the hour at 11.75 VND with a trading volume of 3,900 shares."
2026-03-16 11:00:00,11.75,11.75,11.75,11.75,15400,GSP,"At 2026-03-16 11:00:00, the stock GSP opened at 11.75 VND, reached a high of 11.75 VND, a low of 11.75 VND, and closed the hour at 11.75 VND with a trading volume of 15,400 shares."
2026-03-16 13:00:00,11.75,11.75,11.6,11.65,72600,GSP,"At 2026-03-16 13:00:00, the stock GSP opened at 11.75 VND, reached a high of 11.75 VND, a low of 11.60 VND, and closed the hour at 11.65 VND with a trading volume of 72,600 shares."
2026-03-16 14:00:00,11.65,11.75,11.6,11.65,53000,GSP,"At 2026-03-16 14:00:00, the stock GSP opened at 11.65 VND, reached a high of 11.75 VND, a low of 11.60 VND, and closed the hour at 11.65 VND with a trading volume of 53,000 shares."
2026-03-17 09:00:00,11.7,11.85,11.6,11.65,24700,GSP,"At 2026-03-17 09:00:00, the stock GSP opened at 11.70 VND, reached a high of 11.85 VND, a low of 11.60 VND, and closed the hour at 11.65 VND with a trading volume of 24,700 shares."
2026-03-17 10:00:00,11.65,11.7,11.65,11.7,6500,GSP,"At 2026-03-17 10:00:00, the stock GSP opened at 11.65 VND, reached a high of 11.70 VND, a low of 11.65 VND, and closed the hour at 11.70 VND with a trading volume of 6,500 shares."
2026-03-17 11:00:00,11.7,11.7,11.6,11.6,24900,GSP,"At 2026-03-17 11:00:00, the stock GSP opened at 11.70 VND, reached a high of 11.70 VND, a low of 11.60 VND, and closed the hour at 11.60 VND with a trading volume of 24,900 shares."
2026-03-17 13:00:00,11.65,11.65,11.5,11.5,40000,GSP,"At 2026-03-17 13:00:00, the stock GSP opened at 11.65 VND, reached a high of 11.65 VND, a low of 11.50 VND, and closed the hour at 11.50 VND with a trading volume of 40,000 shares."
2026-03-17 14:00:00,11.55,11.6,11.5,11.5,49000,GSP,"At 2026-03-17 14:00:00, the stock GSP opened at 11.55 VND, reached a high of 11.60 VND, a low of 11.50 VND, and closed the hour at 11.50 VND with a trading volume of 49,000 shares."
2026-03-18 09:00:00,11.5,11.65,11.5,11.55,7700,GSP,"At 2026-03-18 09:00:00, the stock GSP opened at 11.50 VND, reached a high of 11.65 VND, a low of 11.50 VND, and closed the hour at 11.55 VND with a trading volume of 7,700 shares."
2026-03-18 10:00:00,11.5,11.55,11.4,11.5,65600,GSP,"At 2026-03-18 10:00:00, the stock GSP opened at 11.50 VND, reached a high of 11.55 VND, a low of 11.40 VND, and closed the hour at 11.50 VND with a trading volume of 65,600 shares."
2026-03-18 11:00:00,11.45,11.45,11.4,11.45,26900,GSP,"At 2026-03-18 11:00:00, the stock GSP opened at 11.45 VND, reached a high of 11.45 VND, a low of 11.40 VND, and closed the hour at 11.45 VND with a trading volume of 26,900 shares."
2026-03-18 13:00:00,11.4,11.55,11.4,11.5,59900,GSP,"At 2026-03-18 13:00:00, the stock GSP opened at 11.40 VND, reached a high of 11.55 VND, a low of 11.40 VND, and closed the hour at 11.50 VND with a trading volume of 59,900 shares."
2026-03-18 14:00:00,11.5,11.75,11.5,11.75,76400,GSP,"At 2026-03-18 14:00:00, the stock GSP opened at 11.50 VND, reached a high of 11.75 VND, a low of 11.50 VND, and closed the hour at 11.75 VND with a trading volume of 76,400 shares."
2026-03-19 09:00:00,11.8,11.8,11.75,11.75,400,GSP,"At 2026-03-19 09:00:00, the stock GSP opened at 11.80 VND, reached a high of 11.80 VND, a low of 11.75 VND, and closed the hour at 11.75 VND with a trading volume of 400 shares."
2026-03-19 10:00:00,11.65,11.65,11.6,11.6,40600,GSP,"At 2026-03-19 10:00:00, the stock GSP opened at 11.65 VND, reached a high of 11.65 VND, a low of 11.60 VND, and closed the hour at 11.60 VND with a trading volume of 40,600 shares."
2026-03-19 11:00:00,11.55,11.55,11.5,11.5,12400,GSP,"At 2026-03-19 11:00:00, the stock GSP opened at 11.55 VND, reached a high of 11.55 VND, a low of 11.50 VND, and closed the hour at 11.50 VND with a trading volume of 12,400 shares."
2026-03-19 13:00:00,11.45,11.5,11.45,11.5,102100,GSP,"At 2026-03-19 13:00:00, the stock GSP opened at 11.45 VND, reached a high of 11.50 VND, a low of 11.45 VND, and closed the hour at 11.50 VND with a trading volume of 102,100 shares."
2026-03-19 14:00:00,11.5,11.55,11.5,11.55,14400,GSP,"At 2026-03-19 14:00:00, the stock GSP opened at 11.50 VND, reached a high of 11.55 VND, a low of 11.50 VND, and closed the hour at 11.55 VND with a trading volume of 14,400 shares."
2026-03-20 09:00:00,11.55,11.55,11.35,11.5,73600,GSP,"At 2026-03-20 09:00:00, the stock GSP opened at 11.55 VND, reached a high of 11.55 VND, a low of 11.35 VND, and closed the hour at 11.50 VND with a trading volume of 73,600 shares."
2026-03-20 10:00:00,11.5,11.55,11.45,11.5,43200,GSP,"At 2026-03-20 10:00:00, the stock GSP opened at 11.50 VND, reached a high of 11.55 VND, a low of 11.45 VND, and closed the hour at 11.50 VND with a trading volume of 43,200 shares."
2026-03-20 11:00:00,11.5,11.55,11.45,11.55,24700,GSP,"At 2026-03-20 11:00:00, the stock GSP opened at 11.50 VND, reached a high of 11.55 VND, a low of 11.45 VND, and closed the hour at 11.55 VND with a trading volume of 24,700 shares."
2026-03-20 13:00:00,11.5,11.55,11.4,11.5,106300,GSP,"At 2026-03-20 13:00:00, the stock GSP opened at 11.50 VND, reached a high of 11.55 VND, a low of 11.40 VND, and closed the hour at 11.50 VND with a trading volume of 106,300 shares."
2026-03-20 14:00:00,11.45,11.5,11.25,11.4,99700,GSP,"At 2026-03-20 14:00:00, the stock GSP opened at 11.45 VND, reached a high of 11.50 VND, a low of 11.25 VND, and closed the hour at 11.40 VND with a trading volume of 99,700 shares."
