time,open,high,low,close,volume,ticker,llm_text
2025-03-27 13:00:00,26.05,26.05,25.96,25.96,900,HTL,"At 2025-03-27 13:00:00, the stock HTL opened at 26.05 VND, reached a high of 26.05 VND, a low of 25.96 VND, and closed the hour at 25.96 VND with a trading volume of 900 shares."
2025-03-28 14:00:00,26.0,26.0,26.0,26.0,200,HTL,"At 2025-03-28 14:00:00, the stock HTL opened at 26.00 VND, reached a high of 26.00 VND, a low of 26.00 VND, and closed the hour at 26.00 VND with a trading volume of 200 shares."
2025-03-31 09:00:00,26.41,26.41,26.41,26.41,100,HTL,"At 2025-03-31 09:00:00, the stock HTL opened at 26.41 VND, reached a high of 26.41 VND, a low of 26.41 VND, and closed the hour at 26.41 VND with a trading volume of 100 shares."
2025-04-01 09:00:00,26.0,26.0,26.0,26.0,500,HTL,"At 2025-04-01 09:00:00, the stock HTL opened at 26.00 VND, reached a high of 26.00 VND, a low of 26.00 VND, and closed the hour at 26.00 VND with a trading volume of 500 shares."
2025-04-01 10:00:00,26.0,26.0,26.0,26.0,200,HTL,"At 2025-04-01 10:00:00, the stock HTL opened at 26.00 VND, reached a high of 26.00 VND, a low of 26.00 VND, and closed the hour at 26.00 VND with a trading volume of 200 shares."
2025-04-01 14:00:00,26.0,26.0,26.0,26.0,400,HTL,"At 2025-04-01 14:00:00, the stock HTL opened at 26.00 VND, reached a high of 26.00 VND, a low of 26.00 VND, and closed the hour at 26.00 VND with a trading volume of 400 shares."
2025-04-02 09:00:00,26.0,26.0,26.0,26.0,200,HTL,"At 2025-04-02 09:00:00, the stock HTL opened at 26.00 VND, reached a high of 26.00 VND, a low of 26.00 VND, and closed the hour at 26.00 VND with a trading volume of 200 shares."
2025-04-03 09:00:00,25.47,25.51,25.2,25.2,1000,HTL,"At 2025-04-03 09:00:00, the stock HTL opened at 25.47 VND, reached a high of 25.51 VND, a low of 25.20 VND, and closed the hour at 25.20 VND with a trading volume of 1,000 shares."
2025-04-03 10:00:00,25.2,25.29,25.2,25.24,1200,HTL,"At 2025-04-03 10:00:00, the stock HTL opened at 25.20 VND, reached a high of 25.29 VND, a low of 25.20 VND, and closed the hour at 25.24 VND with a trading volume of 1,200 shares."
2025-04-03 13:00:00,25.24,25.24,24.35,24.35,1700,HTL,"At 2025-04-03 13:00:00, the stock HTL opened at 25.24 VND, reached a high of 25.24 VND, a low of 24.35 VND, and closed the hour at 24.35 VND with a trading volume of 1,700 shares."
2025-04-03 14:00:00,24.35,24.4,24.35,24.4,1300,HTL,"At 2025-04-03 14:00:00, the stock HTL opened at 24.35 VND, reached a high of 24.40 VND, a low of 24.35 VND, and closed the hour at 24.40 VND with a trading volume of 1,300 shares."
2025-04-04 09:00:00,24.4,24.4,24.13,24.13,700,HTL,"At 2025-04-04 09:00:00, the stock HTL opened at 24.40 VND, reached a high of 24.40 VND, a low of 24.13 VND, and closed the hour at 24.13 VND with a trading volume of 700 shares."
2025-04-04 10:00:00,24.13,24.13,24.13,24.13,200,HTL,"At 2025-04-04 10:00:00, the stock HTL opened at 24.13 VND, reached a high of 24.13 VND, a low of 24.13 VND, and closed the hour at 24.13 VND with a trading volume of 200 shares."
2025-04-04 11:00:00,24.13,24.13,24.13,24.13,400,HTL,"At 2025-04-04 11:00:00, the stock HTL opened at 24.13 VND, reached a high of 24.13 VND, a low of 24.13 VND, and closed the hour at 24.13 VND with a trading volume of 400 shares."
2025-04-04 13:00:00,24.13,24.13,24.13,24.13,200,HTL,"At 2025-04-04 13:00:00, the stock HTL opened at 24.13 VND, reached a high of 24.13 VND, a low of 24.13 VND, and closed the hour at 24.13 VND with a trading volume of 200 shares."
2025-04-08 09:00:00,24.13,24.13,23.95,23.95,3000,HTL,"At 2025-04-08 09:00:00, the stock HTL opened at 24.13 VND, reached a high of 24.13 VND, a low of 23.95 VND, and closed the hour at 23.95 VND with a trading volume of 3,000 shares."
2025-04-08 10:00:00,23.95,23.95,22.79,22.79,400,HTL,"At 2025-04-08 10:00:00, the stock HTL opened at 23.95 VND, reached a high of 23.95 VND, a low of 22.79 VND, and closed the hour at 22.79 VND with a trading volume of 400 shares."
2025-04-08 11:00:00,22.79,22.79,22.79,22.79,300,HTL,"At 2025-04-08 11:00:00, the stock HTL opened at 22.79 VND, reached a high of 22.79 VND, a low of 22.79 VND, and closed the hour at 22.79 VND with a trading volume of 300 shares."
2025-04-08 13:00:00,22.79,22.79,22.65,22.79,1100,HTL,"At 2025-04-08 13:00:00, the stock HTL opened at 22.79 VND, reached a high of 22.79 VND, a low of 22.65 VND, and closed the hour at 22.79 VND with a trading volume of 1,100 shares."
2025-04-08 14:00:00,22.79,22.79,22.79,22.79,600,HTL,"At 2025-04-08 14:00:00, the stock HTL opened at 22.79 VND, reached a high of 22.79 VND, a low of 22.79 VND, and closed the hour at 22.79 VND with a trading volume of 600 shares."
2025-04-09 09:00:00,21.89,23.23,21.89,23.23,700,HTL,"At 2025-04-09 09:00:00, the stock HTL opened at 21.89 VND, reached a high of 23.23 VND, a low of 21.89 VND, and closed the hour at 23.23 VND with a trading volume of 700 shares."
2025-04-09 10:00:00,23.23,23.23,23.23,23.23,100,HTL,"At 2025-04-09 10:00:00, the stock HTL opened at 23.23 VND, reached a high of 23.23 VND, a low of 23.23 VND, and closed the hour at 23.23 VND with a trading volume of 100 shares."
2025-04-09 14:00:00,23.23,23.41,23.23,23.41,2500,HTL,"At 2025-04-09 14:00:00, the stock HTL opened at 23.23 VND, reached a high of 23.41 VND, a low of 23.23 VND, and closed the hour at 23.41 VND with a trading volume of 2,500 shares."
2025-04-10 09:00:00,24.57,25.02,24.57,25.02,3800,HTL,"At 2025-04-10 09:00:00, the stock HTL opened at 24.57 VND, reached a high of 25.02 VND, a low of 24.57 VND, and closed the hour at 25.02 VND with a trading volume of 3,800 shares."
2025-04-10 13:00:00,25.02,25.02,25.02,25.02,400,HTL,"At 2025-04-10 13:00:00, the stock HTL opened at 25.02 VND, reached a high of 25.02 VND, a low of 25.02 VND, and closed the hour at 25.02 VND with a trading volume of 400 shares."
2025-04-11 09:00:00,25.2,25.2,25.02,25.02,1100,HTL,"At 2025-04-11 09:00:00, the stock HTL opened at 25.20 VND, reached a high of 25.20 VND, a low of 25.02 VND, and closed the hour at 25.02 VND with a trading volume of 1,100 shares."
2025-04-11 10:00:00,25.02,25.02,25.02,25.02,1000,HTL,"At 2025-04-11 10:00:00, the stock HTL opened at 25.02 VND, reached a high of 25.02 VND, a low of 25.02 VND, and closed the hour at 25.02 VND with a trading volume of 1,000 shares."
2025-04-11 14:00:00,25.02,25.02,24.75,25.02,1100,HTL,"At 2025-04-11 14:00:00, the stock HTL opened at 25.02 VND, reached a high of 25.02 VND, a low of 24.75 VND, and closed the hour at 25.02 VND with a trading volume of 1,100 shares."
2025-04-15 14:00:00,23.32,23.32,23.32,23.32,300,HTL,"At 2025-04-15 14:00:00, the stock HTL opened at 23.32 VND, reached a high of 23.32 VND, a low of 23.32 VND, and closed the hour at 23.32 VND with a trading volume of 300 shares."
2025-04-16 09:00:00,23.68,23.68,23.68,23.68,1200,HTL,"At 2025-04-16 09:00:00, the stock HTL opened at 23.68 VND, reached a high of 23.68 VND, a low of 23.68 VND, and closed the hour at 23.68 VND with a trading volume of 1,200 shares."
2025-04-17 09:00:00,23.77,24.13,23.77,24.13,1000,HTL,"At 2025-04-17 09:00:00, the stock HTL opened at 23.77 VND, reached a high of 24.13 VND, a low of 23.77 VND, and closed the hour at 24.13 VND with a trading volume of 1,000 shares."
2025-04-17 13:00:00,24.13,24.13,24.13,24.13,200,HTL,"At 2025-04-17 13:00:00, the stock HTL opened at 24.13 VND, reached a high of 24.13 VND, a low of 24.13 VND, and closed the hour at 24.13 VND with a trading volume of 200 shares."
2025-04-17 14:00:00,24.13,24.13,24.13,24.13,300,HTL,"At 2025-04-17 14:00:00, the stock HTL opened at 24.13 VND, reached a high of 24.13 VND, a low of 24.13 VND, and closed the hour at 24.13 VND with a trading volume of 300 shares."
2025-04-18 09:00:00,25.02,25.02,25.02,25.02,100,HTL,"At 2025-04-18 09:00:00, the stock HTL opened at 25.02 VND, reached a high of 25.02 VND, a low of 25.02 VND, and closed the hour at 25.02 VND with a trading volume of 100 shares."
2025-04-18 10:00:00,25.02,25.02,25.02,25.02,100,HTL,"At 2025-04-18 10:00:00, the stock HTL opened at 25.02 VND, reached a high of 25.02 VND, a low of 25.02 VND, and closed the hour at 25.02 VND with a trading volume of 100 shares."
2025-04-21 11:00:00,24.13,24.13,24.13,24.13,1000,HTL,"At 2025-04-21 11:00:00, the stock HTL opened at 24.13 VND, reached a high of 24.13 VND, a low of 24.13 VND, and closed the hour at 24.13 VND with a trading volume of 1,000 shares."
2025-04-21 13:00:00,24.13,24.13,24.13,24.13,100,HTL,"At 2025-04-21 13:00:00, the stock HTL opened at 24.13 VND, reached a high of 24.13 VND, a low of 24.13 VND, and closed the hour at 24.13 VND with a trading volume of 100 shares."
2025-04-21 14:00:00,24.13,24.57,24.13,24.57,100,HTL,"At 2025-04-21 14:00:00, the stock HTL opened at 24.13 VND, reached a high of 24.57 VND, a low of 24.13 VND, and closed the hour at 24.57 VND with a trading volume of 100 shares."
2025-04-22 10:00:00,24.98,24.98,23.68,23.68,100,HTL,"At 2025-04-22 10:00:00, the stock HTL opened at 24.98 VND, reached a high of 24.98 VND, a low of 23.68 VND, and closed the hour at 23.68 VND with a trading volume of 100 shares."
2025-04-22 13:00:00,23.68,23.68,23.68,23.68,100,HTL,"At 2025-04-22 13:00:00, the stock HTL opened at 23.68 VND, reached a high of 23.68 VND, a low of 23.68 VND, and closed the hour at 23.68 VND with a trading volume of 100 shares."
2025-04-23 09:00:00,24.57,24.57,24.35,24.35,100,HTL,"At 2025-04-23 09:00:00, the stock HTL opened at 24.57 VND, reached a high of 24.57 VND, a low of 24.35 VND, and closed the hour at 24.35 VND with a trading volume of 100 shares."
2025-04-23 11:00:00,24.35,24.35,24.35,24.35,200,HTL,"At 2025-04-23 11:00:00, the stock HTL opened at 24.35 VND, reached a high of 24.35 VND, a low of 24.35 VND, and closed the hour at 24.35 VND with a trading volume of 200 shares."
2025-04-23 13:00:00,24.35,24.35,24.31,24.31,300,HTL,"At 2025-04-23 13:00:00, the stock HTL opened at 24.35 VND, reached a high of 24.35 VND, a low of 24.31 VND, and closed the hour at 24.31 VND with a trading volume of 300 shares."
2025-04-23 14:00:00,24.31,24.31,24.31,24.31,200,HTL,"At 2025-04-23 14:00:00, the stock HTL opened at 24.31 VND, reached a high of 24.31 VND, a low of 24.31 VND, and closed the hour at 24.31 VND with a trading volume of 200 shares."
2025-04-24 13:00:00,24.4,24.57,24.35,24.57,1100,HTL,"At 2025-04-24 13:00:00, the stock HTL opened at 24.40 VND, reached a high of 24.57 VND, a low of 24.35 VND, and closed the hour at 24.57 VND with a trading volume of 1,100 shares."
2025-04-24 14:00:00,24.57,24.57,24.57,24.57,1500,HTL,"At 2025-04-24 14:00:00, the stock HTL opened at 24.57 VND, reached a high of 24.57 VND, a low of 24.57 VND, and closed the hour at 24.57 VND with a trading volume of 1,500 shares."
2025-04-25 11:00:00,24.98,24.98,24.98,24.98,100,HTL,"At 2025-04-25 11:00:00, the stock HTL opened at 24.98 VND, reached a high of 24.98 VND, a low of 24.98 VND, and closed the hour at 24.98 VND with a trading volume of 100 shares."
2025-04-25 13:00:00,24.98,24.98,24.89,24.89,500,HTL,"At 2025-04-25 13:00:00, the stock HTL opened at 24.98 VND, reached a high of 24.98 VND, a low of 24.89 VND, and closed the hour at 24.89 VND with a trading volume of 500 shares."
2025-04-25 14:00:00,24.89,24.93,24.89,24.93,500,HTL,"At 2025-04-25 14:00:00, the stock HTL opened at 24.89 VND, reached a high of 24.93 VND, a low of 24.89 VND, and closed the hour at 24.93 VND with a trading volume of 500 shares."
2025-04-28 09:00:00,24.93,24.93,24.93,24.93,200,HTL,"At 2025-04-28 09:00:00, the stock HTL opened at 24.93 VND, reached a high of 24.93 VND, a low of 24.93 VND, and closed the hour at 24.93 VND with a trading volume of 200 shares."
2025-04-28 10:00:00,24.93,24.93,24.93,24.93,100,HTL,"At 2025-04-28 10:00:00, the stock HTL opened at 24.93 VND, reached a high of 24.93 VND, a low of 24.93 VND, and closed the hour at 24.93 VND with a trading volume of 100 shares."
2025-04-28 13:00:00,24.93,24.93,24.93,24.93,100,HTL,"At 2025-04-28 13:00:00, the stock HTL opened at 24.93 VND, reached a high of 24.93 VND, a low of 24.93 VND, and closed the hour at 24.93 VND with a trading volume of 100 shares."
2025-04-28 14:00:00,24.93,24.93,24.93,24.93,1200,HTL,"At 2025-04-28 14:00:00, the stock HTL opened at 24.93 VND, reached a high of 24.93 VND, a low of 24.93 VND, and closed the hour at 24.93 VND with a trading volume of 1,200 shares."
2025-04-29 11:00:00,25.02,25.02,25.02,25.02,100,HTL,"At 2025-04-29 11:00:00, the stock HTL opened at 25.02 VND, reached a high of 25.02 VND, a low of 25.02 VND, and closed the hour at 25.02 VND with a trading volume of 100 shares."
2025-04-29 13:00:00,25.02,25.02,24.93,24.93,100,HTL,"At 2025-04-29 13:00:00, the stock HTL opened at 25.02 VND, reached a high of 25.02 VND, a low of 24.93 VND, and closed the hour at 24.93 VND with a trading volume of 100 shares."
2025-04-29 14:00:00,24.93,24.93,24.93,24.93,200,HTL,"At 2025-04-29 14:00:00, the stock HTL opened at 24.93 VND, reached a high of 24.93 VND, a low of 24.93 VND, and closed the hour at 24.93 VND with a trading volume of 200 shares."
2025-05-05 09:00:00,25.02,25.02,25.02,25.02,400,HTL,"At 2025-05-05 09:00:00, the stock HTL opened at 25.02 VND, reached a high of 25.02 VND, a low of 25.02 VND, and closed the hour at 25.02 VND with a trading volume of 400 shares."
2025-05-05 10:00:00,25.02,25.02,24.66,24.66,900,HTL,"At 2025-05-05 10:00:00, the stock HTL opened at 25.02 VND, reached a high of 25.02 VND, a low of 24.66 VND, and closed the hour at 24.66 VND with a trading volume of 900 shares."
2025-05-05 11:00:00,24.66,24.66,24.66,24.66,500,HTL,"At 2025-05-05 11:00:00, the stock HTL opened at 24.66 VND, reached a high of 24.66 VND, a low of 24.66 VND, and closed the hour at 24.66 VND with a trading volume of 500 shares."
2025-05-05 13:00:00,24.98,24.98,24.98,24.98,500,HTL,"At 2025-05-05 13:00:00, the stock HTL opened at 24.98 VND, reached a high of 24.98 VND, a low of 24.98 VND, and closed the hour at 24.98 VND with a trading volume of 500 shares."
2025-05-05 14:00:00,24.57,24.57,24.57,24.57,700,HTL,"At 2025-05-05 14:00:00, the stock HTL opened at 24.57 VND, reached a high of 24.57 VND, a low of 24.57 VND, and closed the hour at 24.57 VND with a trading volume of 700 shares."
2025-05-07 13:00:00,24.66,24.66,24.66,24.66,200,HTL,"At 2025-05-07 13:00:00, the stock HTL opened at 24.66 VND, reached a high of 24.66 VND, a low of 24.66 VND, and closed the hour at 24.66 VND with a trading volume of 200 shares."
2025-05-07 14:00:00,24.66,24.66,24.66,24.66,1000,HTL,"At 2025-05-07 14:00:00, the stock HTL opened at 24.66 VND, reached a high of 24.66 VND, a low of 24.66 VND, and closed the hour at 24.66 VND with a trading volume of 1,000 shares."
2025-05-08 09:00:00,24.66,24.66,24.13,24.13,2300,HTL,"At 2025-05-08 09:00:00, the stock HTL opened at 24.66 VND, reached a high of 24.66 VND, a low of 24.13 VND, and closed the hour at 24.13 VND with a trading volume of 2,300 shares."
2025-05-08 10:00:00,24.66,24.66,24.13,24.13,3300,HTL,"At 2025-05-08 10:00:00, the stock HTL opened at 24.66 VND, reached a high of 24.66 VND, a low of 24.13 VND, and closed the hour at 24.13 VND with a trading volume of 3,300 shares."
2025-05-08 11:00:00,24.13,24.13,24.13,24.13,1500,HTL,"At 2025-05-08 11:00:00, the stock HTL opened at 24.13 VND, reached a high of 24.13 VND, a low of 24.13 VND, and closed the hour at 24.13 VND with a trading volume of 1,500 shares."
2025-05-08 13:00:00,24.48,24.48,24.48,24.48,100,HTL,"At 2025-05-08 13:00:00, the stock HTL opened at 24.48 VND, reached a high of 24.48 VND, a low of 24.48 VND, and closed the hour at 24.48 VND with a trading volume of 100 shares."
2025-05-08 14:00:00,24.48,24.48,24.22,24.22,400,HTL,"At 2025-05-08 14:00:00, the stock HTL opened at 24.48 VND, reached a high of 24.48 VND, a low of 24.22 VND, and closed the hour at 24.22 VND with a trading volume of 400 shares."
2025-05-09 09:00:00,24.22,24.57,24.22,24.57,1200,HTL,"At 2025-05-09 09:00:00, the stock HTL opened at 24.22 VND, reached a high of 24.57 VND, a low of 24.22 VND, and closed the hour at 24.57 VND with a trading volume of 1,200 shares."
2025-05-09 10:00:00,24.84,24.84,24.22,24.22,200,HTL,"At 2025-05-09 10:00:00, the stock HTL opened at 24.84 VND, reached a high of 24.84 VND, a low of 24.22 VND, and closed the hour at 24.22 VND with a trading volume of 200 shares."
2025-05-09 11:00:00,24.22,24.22,24.22,24.22,1000,HTL,"At 2025-05-09 11:00:00, the stock HTL opened at 24.22 VND, reached a high of 24.22 VND, a low of 24.22 VND, and closed the hour at 24.22 VND with a trading volume of 1,000 shares."
2025-05-12 09:00:00,24.22,24.22,24.22,24.22,300,HTL,"At 2025-05-12 09:00:00, the stock HTL opened at 24.22 VND, reached a high of 24.22 VND, a low of 24.22 VND, and closed the hour at 24.22 VND with a trading volume of 300 shares."
2025-05-12 10:00:00,24.22,24.22,24.04,24.13,1100,HTL,"At 2025-05-12 10:00:00, the stock HTL opened at 24.22 VND, reached a high of 24.22 VND, a low of 24.04 VND, and closed the hour at 24.13 VND with a trading volume of 1,100 shares."
2025-05-12 11:00:00,24.08,24.17,24.08,24.17,500,HTL,"At 2025-05-12 11:00:00, the stock HTL opened at 24.08 VND, reached a high of 24.17 VND, a low of 24.08 VND, and closed the hour at 24.17 VND with a trading volume of 500 shares."
2025-05-12 13:00:00,24.22,24.22,24.22,24.22,300,HTL,"At 2025-05-12 13:00:00, the stock HTL opened at 24.22 VND, reached a high of 24.22 VND, a low of 24.22 VND, and closed the hour at 24.22 VND with a trading volume of 300 shares."
2025-05-12 14:00:00,24.17,24.17,24.08,24.08,1000,HTL,"At 2025-05-12 14:00:00, the stock HTL opened at 24.17 VND, reached a high of 24.17 VND, a low of 24.08 VND, and closed the hour at 24.08 VND with a trading volume of 1,000 shares."
2025-05-13 09:00:00,24.13,24.13,24.13,24.13,500,HTL,"At 2025-05-13 09:00:00, the stock HTL opened at 24.13 VND, reached a high of 24.13 VND, a low of 24.13 VND, and closed the hour at 24.13 VND with a trading volume of 500 shares."
2025-05-13 10:00:00,24.13,24.31,24.13,24.31,1000,HTL,"At 2025-05-13 10:00:00, the stock HTL opened at 24.13 VND, reached a high of 24.31 VND, a low of 24.13 VND, and closed the hour at 24.31 VND with a trading volume of 1,000 shares."
2025-05-13 13:00:00,24.13,24.13,24.13,24.13,1000,HTL,"At 2025-05-13 13:00:00, the stock HTL opened at 24.13 VND, reached a high of 24.13 VND, a low of 24.13 VND, and closed the hour at 24.13 VND with a trading volume of 1,000 shares."
2025-05-14 13:00:00,24.22,24.22,24.04,24.13,1300,HTL,"At 2025-05-14 13:00:00, the stock HTL opened at 24.22 VND, reached a high of 24.22 VND, a low of 24.04 VND, and closed the hour at 24.13 VND with a trading volume of 1,300 shares."
2025-05-14 14:00:00,24.13,24.13,24.13,24.13,600,HTL,"At 2025-05-14 14:00:00, the stock HTL opened at 24.13 VND, reached a high of 24.13 VND, a low of 24.13 VND, and closed the hour at 24.13 VND with a trading volume of 600 shares."
2025-05-15 09:00:00,24.22,24.31,24.22,24.31,1700,HTL,"At 2025-05-15 09:00:00, the stock HTL opened at 24.22 VND, reached a high of 24.31 VND, a low of 24.22 VND, and closed the hour at 24.31 VND with a trading volume of 1,700 shares."
2025-05-15 10:00:00,24.31,24.31,24.26,24.26,200,HTL,"At 2025-05-15 10:00:00, the stock HTL opened at 24.31 VND, reached a high of 24.31 VND, a low of 24.26 VND, and closed the hour at 24.26 VND with a trading volume of 200 shares."
2025-05-15 11:00:00,24.26,24.31,24.26,24.31,1800,HTL,"At 2025-05-15 11:00:00, the stock HTL opened at 24.26 VND, reached a high of 24.31 VND, a low of 24.26 VND, and closed the hour at 24.31 VND with a trading volume of 1,800 shares."
2025-05-15 13:00:00,24.31,24.31,24.04,24.04,1400,HTL,"At 2025-05-15 13:00:00, the stock HTL opened at 24.31 VND, reached a high of 24.31 VND, a low of 24.04 VND, and closed the hour at 24.04 VND with a trading volume of 1,400 shares."
2025-05-15 14:00:00,24.57,24.57,24.57,24.57,800,HTL,"At 2025-05-15 14:00:00, the stock HTL opened at 24.57 VND, reached a high of 24.57 VND, a low of 24.57 VND, and closed the hour at 24.57 VND with a trading volume of 800 shares."
2025-05-16 09:00:00,24.57,24.93,24.57,24.93,3700,HTL,"At 2025-05-16 09:00:00, the stock HTL opened at 24.57 VND, reached a high of 24.93 VND, a low of 24.57 VND, and closed the hour at 24.93 VND with a trading volume of 3,700 shares."
2025-05-16 10:00:00,24.75,24.75,24.75,24.75,100,HTL,"At 2025-05-16 10:00:00, the stock HTL opened at 24.75 VND, reached a high of 24.75 VND, a low of 24.75 VND, and closed the hour at 24.75 VND with a trading volume of 100 shares."
2025-05-16 13:00:00,24.57,24.57,24.57,24.57,600,HTL,"At 2025-05-16 13:00:00, the stock HTL opened at 24.57 VND, reached a high of 24.57 VND, a low of 24.57 VND, and closed the hour at 24.57 VND with a trading volume of 600 shares."
2025-05-16 14:00:00,24.57,24.57,24.57,24.57,200,HTL,"At 2025-05-16 14:00:00, the stock HTL opened at 24.57 VND, reached a high of 24.57 VND, a low of 24.57 VND, and closed the hour at 24.57 VND with a trading volume of 200 shares."
2025-05-19 09:00:00,24.57,24.57,24.57,24.57,500,HTL,"At 2025-05-19 09:00:00, the stock HTL opened at 24.57 VND, reached a high of 24.57 VND, a low of 24.57 VND, and closed the hour at 24.57 VND with a trading volume of 500 shares."
2025-05-19 13:00:00,24.57,24.57,24.57,24.57,500,HTL,"At 2025-05-19 13:00:00, the stock HTL opened at 24.57 VND, reached a high of 24.57 VND, a low of 24.57 VND, and closed the hour at 24.57 VND with a trading volume of 500 shares."
2025-05-20 09:00:00,24.17,24.17,24.17,24.17,400,HTL,"At 2025-05-20 09:00:00, the stock HTL opened at 24.17 VND, reached a high of 24.17 VND, a low of 24.17 VND, and closed the hour at 24.17 VND with a trading volume of 400 shares."
2025-05-20 10:00:00,24.22,24.22,24.22,24.22,500,HTL,"At 2025-05-20 10:00:00, the stock HTL opened at 24.22 VND, reached a high of 24.22 VND, a low of 24.22 VND, and closed the hour at 24.22 VND with a trading volume of 500 shares."
2025-05-20 11:00:00,24.22,24.22,24.22,24.22,400,HTL,"At 2025-05-20 11:00:00, the stock HTL opened at 24.22 VND, reached a high of 24.22 VND, a low of 24.22 VND, and closed the hour at 24.22 VND with a trading volume of 400 shares."
2025-05-20 13:00:00,24.22,24.22,24.22,24.22,100,HTL,"At 2025-05-20 13:00:00, the stock HTL opened at 24.22 VND, reached a high of 24.22 VND, a low of 24.22 VND, and closed the hour at 24.22 VND with a trading volume of 100 shares."
2025-05-20 14:00:00,24.22,24.22,24.22,24.22,1800,HTL,"At 2025-05-20 14:00:00, the stock HTL opened at 24.22 VND, reached a high of 24.22 VND, a low of 24.22 VND, and closed the hour at 24.22 VND with a trading volume of 1,800 shares."
2025-05-21 09:00:00,24.26,24.26,24.26,24.26,100,HTL,"At 2025-05-21 09:00:00, the stock HTL opened at 24.26 VND, reached a high of 24.26 VND, a low of 24.26 VND, and closed the hour at 24.26 VND with a trading volume of 100 shares."
2025-05-21 11:00:00,24.26,24.26,24.22,24.22,1200,HTL,"At 2025-05-21 11:00:00, the stock HTL opened at 24.26 VND, reached a high of 24.26 VND, a low of 24.22 VND, and closed the hour at 24.22 VND with a trading volume of 1,200 shares."
2025-05-21 13:00:00,24.22,24.22,24.22,24.22,300,HTL,"At 2025-05-21 13:00:00, the stock HTL opened at 24.22 VND, reached a high of 24.22 VND, a low of 24.22 VND, and closed the hour at 24.22 VND with a trading volume of 300 shares."
2025-05-22 10:00:00,24.31,24.31,24.31,24.31,100,HTL,"At 2025-05-22 10:00:00, the stock HTL opened at 24.31 VND, reached a high of 24.31 VND, a low of 24.31 VND, and closed the hour at 24.31 VND with a trading volume of 100 shares."
2025-05-23 13:00:00,24.66,24.66,24.66,24.66,1400,HTL,"At 2025-05-23 13:00:00, the stock HTL opened at 24.66 VND, reached a high of 24.66 VND, a low of 24.66 VND, and closed the hour at 24.66 VND with a trading volume of 1,400 shares."
2025-05-23 14:00:00,24.4,24.66,24.4,24.66,600,HTL,"At 2025-05-23 14:00:00, the stock HTL opened at 24.40 VND, reached a high of 24.66 VND, a low of 24.40 VND, and closed the hour at 24.66 VND with a trading volume of 600 shares."
2025-05-26 10:00:00,24.66,24.66,24.66,24.66,800,HTL,"At 2025-05-26 10:00:00, the stock HTL opened at 24.66 VND, reached a high of 24.66 VND, a low of 24.66 VND, and closed the hour at 24.66 VND with a trading volume of 800 shares."
2025-05-26 13:00:00,24.66,26.36,24.66,26.36,4200,HTL,"At 2025-05-26 13:00:00, the stock HTL opened at 24.66 VND, reached a high of 26.36 VND, a low of 24.66 VND, and closed the hour at 26.36 VND with a trading volume of 4,200 shares."
2025-05-26 14:00:00,26.36,26.36,26.32,26.32,2600,HTL,"At 2025-05-26 14:00:00, the stock HTL opened at 26.36 VND, reached a high of 26.36 VND, a low of 26.32 VND, and closed the hour at 26.32 VND with a trading volume of 2,600 shares."
2025-05-27 09:00:00,26.36,26.36,25.91,25.91,200,HTL,"At 2025-05-27 09:00:00, the stock HTL opened at 26.36 VND, reached a high of 26.36 VND, a low of 25.91 VND, and closed the hour at 25.91 VND with a trading volume of 200 shares."
2025-05-27 13:00:00,25.91,25.91,24.66,24.66,1100,HTL,"At 2025-05-27 13:00:00, the stock HTL opened at 25.91 VND, reached a high of 25.91 VND, a low of 24.66 VND, and closed the hour at 24.66 VND with a trading volume of 1,100 shares."
2025-05-28 14:00:00,24.75,24.75,24.75,24.75,200,HTL,"At 2025-05-28 14:00:00, the stock HTL opened at 24.75 VND, reached a high of 24.75 VND, a low of 24.75 VND, and closed the hour at 24.75 VND with a trading volume of 200 shares."
2025-05-29 13:00:00,24.93,25.65,24.93,25.65,200,HTL,"At 2025-05-29 13:00:00, the stock HTL opened at 24.93 VND, reached a high of 25.65 VND, a low of 24.93 VND, and closed the hour at 25.65 VND with a trading volume of 200 shares."
2025-05-29 14:00:00,25.47,25.56,25.47,25.56,1500,HTL,"At 2025-05-29 14:00:00, the stock HTL opened at 25.47 VND, reached a high of 25.56 VND, a low of 25.47 VND, and closed the hour at 25.56 VND with a trading volume of 1,500 shares."
2025-05-30 09:00:00,25.56,25.56,25.56,25.56,1400,HTL,"At 2025-05-30 09:00:00, the stock HTL opened at 25.56 VND, reached a high of 25.56 VND, a low of 25.56 VND, and closed the hour at 25.56 VND with a trading volume of 1,400 shares."
2025-05-30 10:00:00,25.51,25.56,25.51,25.51,700,HTL,"At 2025-05-30 10:00:00, the stock HTL opened at 25.51 VND, reached a high of 25.56 VND, a low of 25.51 VND, and closed the hour at 25.51 VND with a trading volume of 700 shares."
2025-05-30 13:00:00,25.11,25.11,25.11,25.11,1000,HTL,"At 2025-05-30 13:00:00, the stock HTL opened at 25.11 VND, reached a high of 25.11 VND, a low of 25.11 VND, and closed the hour at 25.11 VND with a trading volume of 1,000 shares."
2025-05-30 14:00:00,25.51,25.51,25.51,25.51,100,HTL,"At 2025-05-30 14:00:00, the stock HTL opened at 25.51 VND, reached a high of 25.51 VND, a low of 25.51 VND, and closed the hour at 25.51 VND with a trading volume of 100 shares."
2025-06-02 09:00:00,25.51,25.51,25.51,25.51,2500,HTL,"At 2025-06-02 09:00:00, the stock HTL opened at 25.51 VND, reached a high of 25.51 VND, a low of 25.51 VND, and closed the hour at 25.51 VND with a trading volume of 2,500 shares."
2025-06-02 10:00:00,25.51,25.51,25.51,25.51,100,HTL,"At 2025-06-02 10:00:00, the stock HTL opened at 25.51 VND, reached a high of 25.51 VND, a low of 25.51 VND, and closed the hour at 25.51 VND with a trading volume of 100 shares."
2025-06-03 09:00:00,25.29,25.29,25.24,25.24,1100,HTL,"At 2025-06-03 09:00:00, the stock HTL opened at 25.29 VND, reached a high of 25.29 VND, a low of 25.24 VND, and closed the hour at 25.24 VND with a trading volume of 1,100 shares."
2025-06-03 10:00:00,25.47,25.56,25.47,25.56,1600,HTL,"At 2025-06-03 10:00:00, the stock HTL opened at 25.47 VND, reached a high of 25.56 VND, a low of 25.47 VND, and closed the hour at 25.56 VND with a trading volume of 1,600 shares."
2025-06-04 10:00:00,25.38,25.38,25.2,25.2,600,HTL,"At 2025-06-04 10:00:00, the stock HTL opened at 25.38 VND, reached a high of 25.38 VND, a low of 25.20 VND, and closed the hour at 25.20 VND with a trading volume of 600 shares."
2025-06-04 11:00:00,25.47,25.47,25.47,25.47,200,HTL,"At 2025-06-04 11:00:00, the stock HTL opened at 25.47 VND, reached a high of 25.47 VND, a low of 25.47 VND, and closed the hour at 25.47 VND with a trading volume of 200 shares."
2025-06-04 13:00:00,25.29,25.29,25.29,25.29,500,HTL,"At 2025-06-04 13:00:00, the stock HTL opened at 25.29 VND, reached a high of 25.29 VND, a low of 25.29 VND, and closed the hour at 25.29 VND with a trading volume of 500 shares."
2025-06-04 14:00:00,25.56,25.56,25.56,25.56,200,HTL,"At 2025-06-04 14:00:00, the stock HTL opened at 25.56 VND, reached a high of 25.56 VND, a low of 25.56 VND, and closed the hour at 25.56 VND with a trading volume of 200 shares."
2025-06-05 09:00:00,25.56,26.36,25.56,26.27,4200,HTL,"At 2025-06-05 09:00:00, the stock HTL opened at 25.56 VND, reached a high of 26.36 VND, a low of 25.56 VND, and closed the hour at 26.27 VND with a trading volume of 4,200 shares."
2025-06-05 10:00:00,26.09,26.09,25.91,26.0,1400,HTL,"At 2025-06-05 10:00:00, the stock HTL opened at 26.09 VND, reached a high of 26.09 VND, a low of 25.91 VND, and closed the hour at 26.00 VND with a trading volume of 1,400 shares."
2025-06-05 11:00:00,25.91,25.91,25.91,25.91,500,HTL,"At 2025-06-05 11:00:00, the stock HTL opened at 25.91 VND, reached a high of 25.91 VND, a low of 25.91 VND, and closed the hour at 25.91 VND with a trading volume of 500 shares."
2025-06-05 13:00:00,25.56,25.56,25.42,25.42,6000,HTL,"At 2025-06-05 13:00:00, the stock HTL opened at 25.56 VND, reached a high of 25.56 VND, a low of 25.42 VND, and closed the hour at 25.42 VND with a trading volume of 6,000 shares."
2025-06-05 14:00:00,25.91,25.91,25.91,25.91,100,HTL,"At 2025-06-05 14:00:00, the stock HTL opened at 25.91 VND, reached a high of 25.91 VND, a low of 25.91 VND, and closed the hour at 25.91 VND with a trading volume of 100 shares."
2025-06-06 09:00:00,25.91,26.09,25.91,26.09,300,HTL,"At 2025-06-06 09:00:00, the stock HTL opened at 25.91 VND, reached a high of 26.09 VND, a low of 25.91 VND, and closed the hour at 26.09 VND with a trading volume of 300 shares."
2025-06-06 13:00:00,25.91,26.0,25.91,26.0,300,HTL,"At 2025-06-06 13:00:00, the stock HTL opened at 25.91 VND, reached a high of 26.00 VND, a low of 25.91 VND, and closed the hour at 26.00 VND with a trading volume of 300 shares."
2025-06-06 14:00:00,26.0,26.05,26.0,26.05,400,HTL,"At 2025-06-06 14:00:00, the stock HTL opened at 26.00 VND, reached a high of 26.05 VND, a low of 26.00 VND, and closed the hour at 26.05 VND with a trading volume of 400 shares."
2025-06-09 10:00:00,25.91,25.91,25.91,25.91,100,HTL,"At 2025-06-09 10:00:00, the stock HTL opened at 25.91 VND, reached a high of 25.91 VND, a low of 25.91 VND, and closed the hour at 25.91 VND with a trading volume of 100 shares."
2025-06-09 13:00:00,25.87,25.87,25.87,25.87,100,HTL,"At 2025-06-09 13:00:00, the stock HTL opened at 25.87 VND, reached a high of 25.87 VND, a low of 25.87 VND, and closed the hour at 25.87 VND with a trading volume of 100 shares."
2025-06-09 14:00:00,25.87,25.87,25.87,25.87,300,HTL,"At 2025-06-09 14:00:00, the stock HTL opened at 25.87 VND, reached a high of 25.87 VND, a low of 25.87 VND, and closed the hour at 25.87 VND with a trading volume of 300 shares."
2025-06-10 10:00:00,25.83,25.83,25.83,25.83,100,HTL,"At 2025-06-10 10:00:00, the stock HTL opened at 25.83 VND, reached a high of 25.83 VND, a low of 25.83 VND, and closed the hour at 25.83 VND with a trading volume of 100 shares."
2025-06-10 13:00:00,25.38,25.38,25.2,25.2,2300,HTL,"At 2025-06-10 13:00:00, the stock HTL opened at 25.38 VND, reached a high of 25.38 VND, a low of 25.20 VND, and closed the hour at 25.20 VND with a trading volume of 2,300 shares."
2025-06-10 14:00:00,25.2,25.2,25.2,25.2,1100,HTL,"At 2025-06-10 14:00:00, the stock HTL opened at 25.20 VND, reached a high of 25.20 VND, a low of 25.20 VND, and closed the hour at 25.20 VND with a trading volume of 1,100 shares."
2025-06-12 09:00:00,25.47,25.47,25.47,25.47,100,HTL,"At 2025-06-12 09:00:00, the stock HTL opened at 25.47 VND, reached a high of 25.47 VND, a low of 25.47 VND, and closed the hour at 25.47 VND with a trading volume of 100 shares."
2025-06-12 13:00:00,25.38,25.38,25.38,25.38,100,HTL,"At 2025-06-12 13:00:00, the stock HTL opened at 25.38 VND, reached a high of 25.38 VND, a low of 25.38 VND, and closed the hour at 25.38 VND with a trading volume of 100 shares."
2025-06-12 14:00:00,25.33,25.33,25.33,25.33,100,HTL,"At 2025-06-12 14:00:00, the stock HTL opened at 25.33 VND, reached a high of 25.33 VND, a low of 25.33 VND, and closed the hour at 25.33 VND with a trading volume of 100 shares."
2025-06-13 09:00:00,27.08,27.08,25.02,25.33,16200,HTL,"At 2025-06-13 09:00:00, the stock HTL opened at 27.08 VND, reached a high of 27.08 VND, a low of 25.02 VND, and closed the hour at 25.33 VND with a trading volume of 16,200 shares."
2025-06-13 11:00:00,25.91,25.91,25.91,25.91,100,HTL,"At 2025-06-13 11:00:00, the stock HTL opened at 25.91 VND, reached a high of 25.91 VND, a low of 25.91 VND, and closed the hour at 25.91 VND with a trading volume of 100 shares."
2025-06-16 11:00:00,25.74,25.74,25.74,25.74,300,HTL,"At 2025-06-16 11:00:00, the stock HTL opened at 25.74 VND, reached a high of 25.74 VND, a low of 25.74 VND, and closed the hour at 25.74 VND with a trading volume of 300 shares."
2025-06-16 13:00:00,25.38,25.47,25.29,25.29,1100,HTL,"At 2025-06-16 13:00:00, the stock HTL opened at 25.38 VND, reached a high of 25.47 VND, a low of 25.29 VND, and closed the hour at 25.29 VND with a trading volume of 1,100 shares."
2025-06-16 14:00:00,25.29,25.74,25.29,25.74,3600,HTL,"At 2025-06-16 14:00:00, the stock HTL opened at 25.29 VND, reached a high of 25.74 VND, a low of 25.29 VND, and closed the hour at 25.74 VND with a trading volume of 3,600 shares."
2025-06-17 09:00:00,25.33,25.33,25.33,25.33,4300,HTL,"At 2025-06-17 09:00:00, the stock HTL opened at 25.33 VND, reached a high of 25.33 VND, a low of 25.33 VND, and closed the hour at 25.33 VND with a trading volume of 4,300 shares."
2025-06-17 11:00:00,25.38,25.38,25.38,25.38,200,HTL,"At 2025-06-17 11:00:00, the stock HTL opened at 25.38 VND, reached a high of 25.38 VND, a low of 25.38 VND, and closed the hour at 25.38 VND with a trading volume of 200 shares."
2025-06-18 09:00:00,25.38,25.38,25.38,25.38,600,HTL,"At 2025-06-18 09:00:00, the stock HTL opened at 25.38 VND, reached a high of 25.38 VND, a low of 25.38 VND, and closed the hour at 25.38 VND with a trading volume of 600 shares."
2025-06-18 10:00:00,25.38,25.38,25.29,25.29,500,HTL,"At 2025-06-18 10:00:00, the stock HTL opened at 25.38 VND, reached a high of 25.38 VND, a low of 25.29 VND, and closed the hour at 25.29 VND with a trading volume of 500 shares."
2025-06-18 11:00:00,25.38,25.38,25.33,25.33,200,HTL,"At 2025-06-18 11:00:00, the stock HTL opened at 25.38 VND, reached a high of 25.38 VND, a low of 25.33 VND, and closed the hour at 25.33 VND with a trading volume of 200 shares."
2025-06-18 13:00:00,25.33,25.33,25.33,25.33,1900,HTL,"At 2025-06-18 13:00:00, the stock HTL opened at 25.33 VND, reached a high of 25.33 VND, a low of 25.33 VND, and closed the hour at 25.33 VND with a trading volume of 1,900 shares."
2025-06-18 14:00:00,25.33,25.33,25.29,25.29,1300,HTL,"At 2025-06-18 14:00:00, the stock HTL opened at 25.33 VND, reached a high of 25.33 VND, a low of 25.29 VND, and closed the hour at 25.29 VND with a trading volume of 1,300 shares."
2025-06-19 09:00:00,25.24,25.24,25.24,25.24,1700,HTL,"At 2025-06-19 09:00:00, the stock HTL opened at 25.24 VND, reached a high of 25.24 VND, a low of 25.24 VND, and closed the hour at 25.24 VND with a trading volume of 1,700 shares."
2025-06-19 14:00:00,25.2,25.2,25.2,25.2,200,HTL,"At 2025-06-19 14:00:00, the stock HTL opened at 25.20 VND, reached a high of 25.20 VND, a low of 25.20 VND, and closed the hour at 25.20 VND with a trading volume of 200 shares."
2025-06-20 09:00:00,25.11,25.11,25.11,25.11,300,HTL,"At 2025-06-20 09:00:00, the stock HTL opened at 25.11 VND, reached a high of 25.11 VND, a low of 25.11 VND, and closed the hour at 25.11 VND with a trading volume of 300 shares."
2025-06-20 13:00:00,25.11,25.11,25.11,25.11,200,HTL,"At 2025-06-20 13:00:00, the stock HTL opened at 25.11 VND, reached a high of 25.11 VND, a low of 25.11 VND, and closed the hour at 25.11 VND with a trading volume of 200 shares."
2025-06-20 14:00:00,25.2,25.2,25.2,25.2,100,HTL,"At 2025-06-20 14:00:00, the stock HTL opened at 25.20 VND, reached a high of 25.20 VND, a low of 25.20 VND, and closed the hour at 25.20 VND with a trading volume of 100 shares."
2025-06-23 10:00:00,25.02,25.02,25.02,25.02,500,HTL,"At 2025-06-23 10:00:00, the stock HTL opened at 25.02 VND, reached a high of 25.02 VND, a low of 25.02 VND, and closed the hour at 25.02 VND with a trading volume of 500 shares."
2025-06-23 13:00:00,25.2,25.2,25.2,25.2,100,HTL,"At 2025-06-23 13:00:00, the stock HTL opened at 25.20 VND, reached a high of 25.20 VND, a low of 25.20 VND, and closed the hour at 25.20 VND with a trading volume of 100 shares."
2025-06-23 14:00:00,25.2,25.2,25.2,25.2,100,HTL,"At 2025-06-23 14:00:00, the stock HTL opened at 25.20 VND, reached a high of 25.20 VND, a low of 25.20 VND, and closed the hour at 25.20 VND with a trading volume of 100 shares."
2025-06-24 13:00:00,25.02,25.02,25.02,25.02,1800,HTL,"At 2025-06-24 13:00:00, the stock HTL opened at 25.02 VND, reached a high of 25.02 VND, a low of 25.02 VND, and closed the hour at 25.02 VND with a trading volume of 1,800 shares."
2025-06-24 14:00:00,25.02,25.02,25.02,25.02,1000,HTL,"At 2025-06-24 14:00:00, the stock HTL opened at 25.02 VND, reached a high of 25.02 VND, a low of 25.02 VND, and closed the hour at 25.02 VND with a trading volume of 1,000 shares."
2025-06-25 11:00:00,25.47,25.47,25.47,25.47,1000,HTL,"At 2025-06-25 11:00:00, the stock HTL opened at 25.47 VND, reached a high of 25.47 VND, a low of 25.47 VND, and closed the hour at 25.47 VND with a trading volume of 1,000 shares."
2025-06-25 13:00:00,25.47,25.47,25.02,25.02,1400,HTL,"At 2025-06-25 13:00:00, the stock HTL opened at 25.47 VND, reached a high of 25.47 VND, a low of 25.02 VND, and closed the hour at 25.02 VND with a trading volume of 1,400 shares."
2025-06-25 14:00:00,25.02,25.02,25.02,25.02,1200,HTL,"At 2025-06-25 14:00:00, the stock HTL opened at 25.02 VND, reached a high of 25.02 VND, a low of 25.02 VND, and closed the hour at 25.02 VND with a trading volume of 1,200 shares."
2025-06-26 10:00:00,25.07,25.07,25.07,25.07,200,HTL,"At 2025-06-26 10:00:00, the stock HTL opened at 25.07 VND, reached a high of 25.07 VND, a low of 25.07 VND, and closed the hour at 25.07 VND with a trading volume of 200 shares."
2025-06-26 13:00:00,25.07,25.07,25.07,25.07,300,HTL,"At 2025-06-26 13:00:00, the stock HTL opened at 25.07 VND, reached a high of 25.07 VND, a low of 25.07 VND, and closed the hour at 25.07 VND with a trading volume of 300 shares."
2025-06-26 14:00:00,25.07,25.11,25.07,25.11,1000,HTL,"At 2025-06-26 14:00:00, the stock HTL opened at 25.07 VND, reached a high of 25.11 VND, a low of 25.07 VND, and closed the hour at 25.11 VND with a trading volume of 1,000 shares."
2025-06-27 10:00:00,25.11,25.11,25.11,25.11,300,HTL,"At 2025-06-27 10:00:00, the stock HTL opened at 25.11 VND, reached a high of 25.11 VND, a low of 25.11 VND, and closed the hour at 25.11 VND with a trading volume of 300 shares."
2025-06-27 11:00:00,25.11,25.11,25.02,25.02,400,HTL,"At 2025-06-27 11:00:00, the stock HTL opened at 25.11 VND, reached a high of 25.11 VND, a low of 25.02 VND, and closed the hour at 25.02 VND with a trading volume of 400 shares."
2025-06-27 13:00:00,25.11,25.11,25.02,25.02,3400,HTL,"At 2025-06-27 13:00:00, the stock HTL opened at 25.11 VND, reached a high of 25.11 VND, a low of 25.02 VND, and closed the hour at 25.02 VND with a trading volume of 3,400 shares."
2025-06-27 14:00:00,25.02,25.02,25.02,25.02,1500,HTL,"At 2025-06-27 14:00:00, the stock HTL opened at 25.02 VND, reached a high of 25.02 VND, a low of 25.02 VND, and closed the hour at 25.02 VND with a trading volume of 1,500 shares."
2025-06-30 09:00:00,25.02,25.02,25.02,25.02,100,HTL,"At 2025-06-30 09:00:00, the stock HTL opened at 25.02 VND, reached a high of 25.02 VND, a low of 25.02 VND, and closed the hour at 25.02 VND with a trading volume of 100 shares."
2025-06-30 10:00:00,25.02,25.02,25.02,25.02,200,HTL,"At 2025-06-30 10:00:00, the stock HTL opened at 25.02 VND, reached a high of 25.02 VND, a low of 25.02 VND, and closed the hour at 25.02 VND with a trading volume of 200 shares."
2025-06-30 13:00:00,25.11,25.11,25.11,25.11,100,HTL,"At 2025-06-30 13:00:00, the stock HTL opened at 25.11 VND, reached a high of 25.11 VND, a low of 25.11 VND, and closed the hour at 25.11 VND with a trading volume of 100 shares."
2025-06-30 14:00:00,25.11,25.11,25.11,25.11,900,HTL,"At 2025-06-30 14:00:00, the stock HTL opened at 25.11 VND, reached a high of 25.11 VND, a low of 25.11 VND, and closed the hour at 25.11 VND with a trading volume of 900 shares."
2025-07-01 09:00:00,25.11,25.11,25.11,25.11,5000,HTL,"At 2025-07-01 09:00:00, the stock HTL opened at 25.11 VND, reached a high of 25.11 VND, a low of 25.11 VND, and closed the hour at 25.11 VND with a trading volume of 5,000 shares."
2025-07-01 10:00:00,25.2,25.2,25.2,25.2,1000,HTL,"At 2025-07-01 10:00:00, the stock HTL opened at 25.20 VND, reached a high of 25.20 VND, a low of 25.20 VND, and closed the hour at 25.20 VND with a trading volume of 1,000 shares."
2025-07-01 11:00:00,25.2,25.2,25.2,25.2,400,HTL,"At 2025-07-01 11:00:00, the stock HTL opened at 25.20 VND, reached a high of 25.20 VND, a low of 25.20 VND, and closed the hour at 25.20 VND with a trading volume of 400 shares."
2025-07-01 14:00:00,25.02,25.11,24.84,25.11,1300,HTL,"At 2025-07-01 14:00:00, the stock HTL opened at 25.02 VND, reached a high of 25.11 VND, a low of 24.84 VND, and closed the hour at 25.11 VND with a trading volume of 1,300 shares."
2025-07-02 09:00:00,25.02,25.02,24.75,24.75,400,HTL,"At 2025-07-02 09:00:00, the stock HTL opened at 25.02 VND, reached a high of 25.02 VND, a low of 24.75 VND, and closed the hour at 24.75 VND with a trading volume of 400 shares."
2025-07-02 13:00:00,25.02,25.29,25.02,25.29,3400,HTL,"At 2025-07-02 13:00:00, the stock HTL opened at 25.02 VND, reached a high of 25.29 VND, a low of 25.02 VND, and closed the hour at 25.29 VND with a trading volume of 3,400 shares."
2025-07-02 14:00:00,25.29,25.29,25.29,25.29,600,HTL,"At 2025-07-02 14:00:00, the stock HTL opened at 25.29 VND, reached a high of 25.29 VND, a low of 25.29 VND, and closed the hour at 25.29 VND with a trading volume of 600 shares."
2025-07-03 09:00:00,25.74,25.74,25.74,25.74,100,HTL,"At 2025-07-03 09:00:00, the stock HTL opened at 25.74 VND, reached a high of 25.74 VND, a low of 25.74 VND, and closed the hour at 25.74 VND with a trading volume of 100 shares."
2025-07-03 13:00:00,25.51,25.51,25.02,25.02,1100,HTL,"At 2025-07-03 13:00:00, the stock HTL opened at 25.51 VND, reached a high of 25.51 VND, a low of 25.02 VND, and closed the hour at 25.02 VND with a trading volume of 1,100 shares."
2025-07-03 14:00:00,24.93,25.42,24.93,25.42,1100,HTL,"At 2025-07-03 14:00:00, the stock HTL opened at 24.93 VND, reached a high of 25.42 VND, a low of 24.93 VND, and closed the hour at 25.42 VND with a trading volume of 1,100 shares."
2025-07-04 09:00:00,26.18,26.18,26.18,26.18,100,HTL,"At 2025-07-04 09:00:00, the stock HTL opened at 26.18 VND, reached a high of 26.18 VND, a low of 26.18 VND, and closed the hour at 26.18 VND with a trading volume of 100 shares."
2025-07-04 10:00:00,25.87,25.91,25.87,25.91,500,HTL,"At 2025-07-04 10:00:00, the stock HTL opened at 25.87 VND, reached a high of 25.91 VND, a low of 25.87 VND, and closed the hour at 25.91 VND with a trading volume of 500 shares."
2025-07-04 13:00:00,25.87,25.87,25.87,25.87,100,HTL,"At 2025-07-04 13:00:00, the stock HTL opened at 25.87 VND, reached a high of 25.87 VND, a low of 25.87 VND, and closed the hour at 25.87 VND with a trading volume of 100 shares."
2025-07-04 14:00:00,25.78,25.87,25.78,25.87,4500,HTL,"At 2025-07-04 14:00:00, the stock HTL opened at 25.78 VND, reached a high of 25.87 VND, a low of 25.78 VND, and closed the hour at 25.87 VND with a trading volume of 4,500 shares."
2025-07-07 10:00:00,25.78,25.78,25.78,25.78,300,HTL,"At 2025-07-07 10:00:00, the stock HTL opened at 25.78 VND, reached a high of 25.78 VND, a low of 25.78 VND, and closed the hour at 25.78 VND with a trading volume of 300 shares."
2025-07-07 13:00:00,25.78,25.78,25.47,25.47,1800,HTL,"At 2025-07-07 13:00:00, the stock HTL opened at 25.78 VND, reached a high of 25.78 VND, a low of 25.47 VND, and closed the hour at 25.47 VND with a trading volume of 1,800 shares."
2025-07-07 14:00:00,25.78,25.78,25.74,25.74,200,HTL,"At 2025-07-07 14:00:00, the stock HTL opened at 25.78 VND, reached a high of 25.78 VND, a low of 25.74 VND, and closed the hour at 25.74 VND with a trading volume of 200 shares."
2025-07-08 14:00:00,25.69,25.69,25.69,25.69,300,HTL,"At 2025-07-08 14:00:00, the stock HTL opened at 25.69 VND, reached a high of 25.69 VND, a low of 25.69 VND, and closed the hour at 25.69 VND with a trading volume of 300 shares."
2025-07-09 09:00:00,25.07,25.24,25.07,25.24,500,HTL,"At 2025-07-09 09:00:00, the stock HTL opened at 25.07 VND, reached a high of 25.24 VND, a low of 25.07 VND, and closed the hour at 25.24 VND with a trading volume of 500 shares."
2025-07-09 10:00:00,25.33,25.33,25.33,25.33,2000,HTL,"At 2025-07-09 10:00:00, the stock HTL opened at 25.33 VND, reached a high of 25.33 VND, a low of 25.33 VND, and closed the hour at 25.33 VND with a trading volume of 2,000 shares."
2025-07-09 13:00:00,25.29,25.29,25.29,25.29,1300,HTL,"At 2025-07-09 13:00:00, the stock HTL opened at 25.29 VND, reached a high of 25.29 VND, a low of 25.29 VND, and closed the hour at 25.29 VND with a trading volume of 1,300 shares."
2025-07-09 14:00:00,25.65,25.65,25.65,25.65,200,HTL,"At 2025-07-09 14:00:00, the stock HTL opened at 25.65 VND, reached a high of 25.65 VND, a low of 25.65 VND, and closed the hour at 25.65 VND with a trading volume of 200 shares."
2025-07-10 09:00:00,25.15,25.29,25.02,25.02,4600,HTL,"At 2025-07-10 09:00:00, the stock HTL opened at 25.15 VND, reached a high of 25.29 VND, a low of 25.02 VND, and closed the hour at 25.02 VND with a trading volume of 4,600 shares."
2025-07-10 10:00:00,25.07,25.07,25.07,25.07,1700,HTL,"At 2025-07-10 10:00:00, the stock HTL opened at 25.07 VND, reached a high of 25.07 VND, a low of 25.07 VND, and closed the hour at 25.07 VND with a trading volume of 1,700 shares."
2025-07-10 13:00:00,25.07,25.07,25.07,25.07,2100,HTL,"At 2025-07-10 13:00:00, the stock HTL opened at 25.07 VND, reached a high of 25.07 VND, a low of 25.07 VND, and closed the hour at 25.07 VND with a trading volume of 2,100 shares."
2025-07-10 14:00:00,25.07,25.07,25.07,25.07,1500,HTL,"At 2025-07-10 14:00:00, the stock HTL opened at 25.07 VND, reached a high of 25.07 VND, a low of 25.07 VND, and closed the hour at 25.07 VND with a trading volume of 1,500 shares."
2025-07-15 10:00:00,25.11,25.11,25.11,25.11,100,HTL,"At 2025-07-15 10:00:00, the stock HTL opened at 25.11 VND, reached a high of 25.11 VND, a low of 25.11 VND, and closed the hour at 25.11 VND with a trading volume of 100 shares."
2025-07-15 11:00:00,25.07,25.07,25.02,25.02,1000,HTL,"At 2025-07-15 11:00:00, the stock HTL opened at 25.07 VND, reached a high of 25.07 VND, a low of 25.02 VND, and closed the hour at 25.02 VND with a trading volume of 1,000 shares."
2025-07-15 13:00:00,25.02,25.02,25.02,25.02,500,HTL,"At 2025-07-15 13:00:00, the stock HTL opened at 25.02 VND, reached a high of 25.02 VND, a low of 25.02 VND, and closed the hour at 25.02 VND with a trading volume of 500 shares."
2025-07-15 14:00:00,25.02,25.02,24.93,25.02,900,HTL,"At 2025-07-15 14:00:00, the stock HTL opened at 25.02 VND, reached a high of 25.02 VND, a low of 24.93 VND, and closed the hour at 25.02 VND with a trading volume of 900 shares."
2025-07-16 09:00:00,25.02,25.07,25.02,25.02,400,HTL,"At 2025-07-16 09:00:00, the stock HTL opened at 25.02 VND, reached a high of 25.07 VND, a low of 25.02 VND, and closed the hour at 25.02 VND with a trading volume of 400 shares."
2025-07-16 10:00:00,25.02,25.02,25.02,25.02,300,HTL,"At 2025-07-16 10:00:00, the stock HTL opened at 25.02 VND, reached a high of 25.02 VND, a low of 25.02 VND, and closed the hour at 25.02 VND with a trading volume of 300 shares."
2025-07-16 11:00:00,25.02,25.02,25.02,25.02,1500,HTL,"At 2025-07-16 11:00:00, the stock HTL opened at 25.02 VND, reached a high of 25.02 VND, a low of 25.02 VND, and closed the hour at 25.02 VND with a trading volume of 1,500 shares."
2025-07-16 13:00:00,25.02,25.02,25.02,25.02,200,HTL,"At 2025-07-16 13:00:00, the stock HTL opened at 25.02 VND, reached a high of 25.02 VND, a low of 25.02 VND, and closed the hour at 25.02 VND with a trading volume of 200 shares."
2025-07-17 10:00:00,25.07,25.91,25.07,25.07,1600,HTL,"At 2025-07-17 10:00:00, the stock HTL opened at 25.07 VND, reached a high of 25.91 VND, a low of 25.07 VND, and closed the hour at 25.07 VND with a trading volume of 1,600 shares."
2025-07-17 13:00:00,25.07,25.07,25.07,25.07,1200,HTL,"At 2025-07-17 13:00:00, the stock HTL opened at 25.07 VND, reached a high of 25.07 VND, a low of 25.07 VND, and closed the hour at 25.07 VND with a trading volume of 1,200 shares."
2025-07-17 14:00:00,25.07,25.07,25.07,25.07,600,HTL,"At 2025-07-17 14:00:00, the stock HTL opened at 25.07 VND, reached a high of 25.07 VND, a low of 25.07 VND, and closed the hour at 25.07 VND with a trading volume of 600 shares."
2025-07-18 09:00:00,24.93,24.93,24.93,24.93,100,HTL,"At 2025-07-18 09:00:00, the stock HTL opened at 24.93 VND, reached a high of 24.93 VND, a low of 24.93 VND, and closed the hour at 24.93 VND with a trading volume of 100 shares."
2025-07-18 13:00:00,24.93,24.93,24.93,24.93,200,HTL,"At 2025-07-18 13:00:00, the stock HTL opened at 24.93 VND, reached a high of 24.93 VND, a low of 24.93 VND, and closed the hour at 24.93 VND with a trading volume of 200 shares."
2025-07-21 09:00:00,24.93,24.93,24.89,24.89,2300,HTL,"At 2025-07-21 09:00:00, the stock HTL opened at 24.93 VND, reached a high of 24.93 VND, a low of 24.89 VND, and closed the hour at 24.89 VND with a trading volume of 2,300 shares."
2025-07-22 10:00:00,24.89,24.89,24.89,24.89,100,HTL,"At 2025-07-22 10:00:00, the stock HTL opened at 24.89 VND, reached a high of 24.89 VND, a low of 24.89 VND, and closed the hour at 24.89 VND with a trading volume of 100 shares."
2025-07-22 13:00:00,24.89,24.89,24.84,24.84,1900,HTL,"At 2025-07-22 13:00:00, the stock HTL opened at 24.89 VND, reached a high of 24.89 VND, a low of 24.84 VND, and closed the hour at 24.84 VND with a trading volume of 1,900 shares."
2025-07-22 14:00:00,24.8,25.29,24.8,25.29,1400,HTL,"At 2025-07-22 14:00:00, the stock HTL opened at 24.80 VND, reached a high of 25.29 VND, a low of 24.80 VND, and closed the hour at 25.29 VND with a trading volume of 1,400 shares."
2025-07-23 09:00:00,25.07,25.07,25.07,25.07,700,HTL,"At 2025-07-23 09:00:00, the stock HTL opened at 25.07 VND, reached a high of 25.07 VND, a low of 25.07 VND, and closed the hour at 25.07 VND with a trading volume of 700 shares."
2025-07-23 10:00:00,25.02,25.02,24.4,24.89,2700,HTL,"At 2025-07-23 10:00:00, the stock HTL opened at 25.02 VND, reached a high of 25.02 VND, a low of 24.40 VND, and closed the hour at 24.89 VND with a trading volume of 2,700 shares."
2025-07-23 11:00:00,24.89,24.89,24.89,24.89,500,HTL,"At 2025-07-23 11:00:00, the stock HTL opened at 24.89 VND, reached a high of 24.89 VND, a low of 24.89 VND, and closed the hour at 24.89 VND with a trading volume of 500 shares."
2025-07-23 13:00:00,24.57,24.57,24.57,24.57,1100,HTL,"At 2025-07-23 13:00:00, the stock HTL opened at 24.57 VND, reached a high of 24.57 VND, a low of 24.57 VND, and closed the hour at 24.57 VND with a trading volume of 1,100 shares."
2025-07-23 14:00:00,24.57,24.57,24.57,24.57,3400,HTL,"At 2025-07-23 14:00:00, the stock HTL opened at 24.57 VND, reached a high of 24.57 VND, a low of 24.57 VND, and closed the hour at 24.57 VND with a trading volume of 3,400 shares."
2025-07-25 10:00:00,25.02,25.02,24.66,24.66,400,HTL,"At 2025-07-25 10:00:00, the stock HTL opened at 25.02 VND, reached a high of 25.02 VND, a low of 24.66 VND, and closed the hour at 24.66 VND with a trading volume of 400 shares."
2025-07-25 13:00:00,25.02,25.02,25.02,25.02,100,HTL,"At 2025-07-25 13:00:00, the stock HTL opened at 25.02 VND, reached a high of 25.02 VND, a low of 25.02 VND, and closed the hour at 25.02 VND with a trading volume of 100 shares."
2025-07-25 14:00:00,25.02,25.02,25.02,25.02,100,HTL,"At 2025-07-25 14:00:00, the stock HTL opened at 25.02 VND, reached a high of 25.02 VND, a low of 25.02 VND, and closed the hour at 25.02 VND with a trading volume of 100 shares."
2025-07-28 09:00:00,24.62,24.62,24.13,24.13,1600,HTL,"At 2025-07-28 09:00:00, the stock HTL opened at 24.62 VND, reached a high of 24.62 VND, a low of 24.13 VND, and closed the hour at 24.13 VND with a trading volume of 1,600 shares."
2025-07-28 10:00:00,24.13,24.13,24.13,24.13,1200,HTL,"At 2025-07-28 10:00:00, the stock HTL opened at 24.13 VND, reached a high of 24.13 VND, a low of 24.13 VND, and closed the hour at 24.13 VND with a trading volume of 1,200 shares."
2025-07-28 13:00:00,24.26,25.02,24.26,25.02,400,HTL,"At 2025-07-28 13:00:00, the stock HTL opened at 24.26 VND, reached a high of 25.02 VND, a low of 24.26 VND, and closed the hour at 25.02 VND with a trading volume of 400 shares."
2025-07-29 14:00:00,24.57,24.57,24.57,24.57,200,HTL,"At 2025-07-29 14:00:00, the stock HTL opened at 24.57 VND, reached a high of 24.57 VND, a low of 24.57 VND, and closed the hour at 24.57 VND with a trading volume of 200 shares."
2025-07-30 09:00:00,24.57,24.57,24.57,24.57,400,HTL,"At 2025-07-30 09:00:00, the stock HTL opened at 24.57 VND, reached a high of 24.57 VND, a low of 24.57 VND, and closed the hour at 24.57 VND with a trading volume of 400 shares."
2025-07-30 10:00:00,24.66,24.66,24.66,24.66,100,HTL,"At 2025-07-30 10:00:00, the stock HTL opened at 24.66 VND, reached a high of 24.66 VND, a low of 24.66 VND, and closed the hour at 24.66 VND with a trading volume of 100 shares."
2025-07-30 13:00:00,24.57,24.75,24.57,24.75,900,HTL,"At 2025-07-30 13:00:00, the stock HTL opened at 24.57 VND, reached a high of 24.75 VND, a low of 24.57 VND, and closed the hour at 24.75 VND with a trading volume of 900 shares."
2025-07-31 13:00:00,24.57,24.57,24.4,24.4,500,HTL,"At 2025-07-31 13:00:00, the stock HTL opened at 24.57 VND, reached a high of 24.57 VND, a low of 24.40 VND, and closed the hour at 24.40 VND with a trading volume of 500 shares."
2025-08-01 14:00:00,24.4,24.4,24.4,24.4,100,HTL,"At 2025-08-01 14:00:00, the stock HTL opened at 24.40 VND, reached a high of 24.40 VND, a low of 24.40 VND, and closed the hour at 24.40 VND with a trading volume of 100 shares."
2025-08-04 13:00:00,24.44,24.44,24.4,24.4,600,HTL,"At 2025-08-04 13:00:00, the stock HTL opened at 24.44 VND, reached a high of 24.44 VND, a low of 24.40 VND, and closed the hour at 24.40 VND with a trading volume of 600 shares."
2025-08-05 09:00:00,24.4,24.4,24.4,24.4,200,HTL,"At 2025-08-05 09:00:00, the stock HTL opened at 24.40 VND, reached a high of 24.40 VND, a low of 24.40 VND, and closed the hour at 24.40 VND with a trading volume of 200 shares."
2025-08-05 13:00:00,24.13,24.13,23.95,23.95,1700,HTL,"At 2025-08-05 13:00:00, the stock HTL opened at 24.13 VND, reached a high of 24.13 VND, a low of 23.95 VND, and closed the hour at 23.95 VND with a trading volume of 1,700 shares."
2025-08-05 14:00:00,24.13,25.02,23.95,25.02,1900,HTL,"At 2025-08-05 14:00:00, the stock HTL opened at 24.13 VND, reached a high of 25.02 VND, a low of 23.95 VND, and closed the hour at 25.02 VND with a trading volume of 1,900 shares."
2025-08-06 09:00:00,25.2,25.2,25.2,25.2,100,HTL,"At 2025-08-06 09:00:00, the stock HTL opened at 25.20 VND, reached a high of 25.20 VND, a low of 25.20 VND, and closed the hour at 25.20 VND with a trading volume of 100 shares."
2025-08-06 13:00:00,24.93,24.93,24.93,24.93,100,HTL,"At 2025-08-06 13:00:00, the stock HTL opened at 24.93 VND, reached a high of 24.93 VND, a low of 24.93 VND, and closed the hour at 24.93 VND with a trading volume of 100 shares."
2025-08-07 09:00:00,24.13,24.84,24.13,24.84,400,HTL,"At 2025-08-07 09:00:00, the stock HTL opened at 24.13 VND, reached a high of 24.84 VND, a low of 24.13 VND, and closed the hour at 24.84 VND with a trading volume of 400 shares."
2025-08-07 10:00:00,24.84,24.84,24.84,24.84,300,HTL,"At 2025-08-07 10:00:00, the stock HTL opened at 24.84 VND, reached a high of 24.84 VND, a low of 24.84 VND, and closed the hour at 24.84 VND with a trading volume of 300 shares."
2025-08-07 14:00:00,24.75,24.75,24.75,24.75,100,HTL,"At 2025-08-07 14:00:00, the stock HTL opened at 24.75 VND, reached a high of 24.75 VND, a low of 24.75 VND, and closed the hour at 24.75 VND with a trading volume of 100 shares."
2025-08-08 11:00:00,24.57,24.57,24.57,24.57,100,HTL,"At 2025-08-08 11:00:00, the stock HTL opened at 24.57 VND, reached a high of 24.57 VND, a low of 24.57 VND, and closed the hour at 24.57 VND with a trading volume of 100 shares."
2025-08-08 13:00:00,24.57,24.57,24.53,24.53,200,HTL,"At 2025-08-08 13:00:00, the stock HTL opened at 24.57 VND, reached a high of 24.57 VND, a low of 24.53 VND, and closed the hour at 24.53 VND with a trading volume of 200 shares."
2025-08-08 14:00:00,24.66,24.66,24.66,24.66,300,HTL,"At 2025-08-08 14:00:00, the stock HTL opened at 24.66 VND, reached a high of 24.66 VND, a low of 24.66 VND, and closed the hour at 24.66 VND with a trading volume of 300 shares."
2025-08-11 10:00:00,24.93,24.93,24.84,24.84,300,HTL,"At 2025-08-11 10:00:00, the stock HTL opened at 24.93 VND, reached a high of 24.93 VND, a low of 24.84 VND, and closed the hour at 24.84 VND with a trading volume of 300 shares."
2025-08-11 14:00:00,24.66,24.66,24.66,24.66,300,HTL,"At 2025-08-11 14:00:00, the stock HTL opened at 24.66 VND, reached a high of 24.66 VND, a low of 24.66 VND, and closed the hour at 24.66 VND with a trading volume of 300 shares."
2025-08-12 09:00:00,24.66,24.66,24.66,24.66,600,HTL,"At 2025-08-12 09:00:00, the stock HTL opened at 24.66 VND, reached a high of 24.66 VND, a low of 24.66 VND, and closed the hour at 24.66 VND with a trading volume of 600 shares."
2025-08-12 10:00:00,24.48,24.48,24.48,24.48,300,HTL,"At 2025-08-12 10:00:00, the stock HTL opened at 24.48 VND, reached a high of 24.48 VND, a low of 24.48 VND, and closed the hour at 24.48 VND with a trading volume of 300 shares."
2025-08-12 11:00:00,24.48,24.48,24.48,24.48,600,HTL,"At 2025-08-12 11:00:00, the stock HTL opened at 24.48 VND, reached a high of 24.48 VND, a low of 24.48 VND, and closed the hour at 24.48 VND with a trading volume of 600 shares."
2025-08-12 13:00:00,24.48,24.48,24.48,24.48,300,HTL,"At 2025-08-12 13:00:00, the stock HTL opened at 24.48 VND, reached a high of 24.48 VND, a low of 24.48 VND, and closed the hour at 24.48 VND with a trading volume of 300 shares."
2025-08-12 14:00:00,24.48,24.48,24.48,24.48,200,HTL,"At 2025-08-12 14:00:00, the stock HTL opened at 24.48 VND, reached a high of 24.48 VND, a low of 24.48 VND, and closed the hour at 24.48 VND with a trading volume of 200 shares."
2025-08-13 09:00:00,24.44,24.44,24.22,24.22,1100,HTL,"At 2025-08-13 09:00:00, the stock HTL opened at 24.44 VND, reached a high of 24.44 VND, a low of 24.22 VND, and closed the hour at 24.22 VND with a trading volume of 1,100 shares."
2025-08-13 10:00:00,24.22,24.22,24.22,24.22,300,HTL,"At 2025-08-13 10:00:00, the stock HTL opened at 24.22 VND, reached a high of 24.22 VND, a low of 24.22 VND, and closed the hour at 24.22 VND with a trading volume of 300 shares."
2025-08-13 13:00:00,24.22,24.22,24.22,24.22,100,HTL,"At 2025-08-13 13:00:00, the stock HTL opened at 24.22 VND, reached a high of 24.22 VND, a low of 24.22 VND, and closed the hour at 24.22 VND with a trading volume of 100 shares."
2025-08-13 14:00:00,24.31,24.31,24.31,24.31,700,HTL,"At 2025-08-13 14:00:00, the stock HTL opened at 24.31 VND, reached a high of 24.31 VND, a low of 24.31 VND, and closed the hour at 24.31 VND with a trading volume of 700 shares."
2025-08-14 09:00:00,24.17,24.31,24.13,24.31,2700,HTL,"At 2025-08-14 09:00:00, the stock HTL opened at 24.17 VND, reached a high of 24.31 VND, a low of 24.13 VND, and closed the hour at 24.31 VND with a trading volume of 2,700 shares."
2025-08-14 13:00:00,24.13,24.13,24.13,24.13,800,HTL,"At 2025-08-14 13:00:00, the stock HTL opened at 24.13 VND, reached a high of 24.13 VND, a low of 24.13 VND, and closed the hour at 24.13 VND with a trading volume of 800 shares."
2025-08-14 14:00:00,24.22,24.31,24.22,24.31,500,HTL,"At 2025-08-14 14:00:00, the stock HTL opened at 24.22 VND, reached a high of 24.31 VND, a low of 24.22 VND, and closed the hour at 24.31 VND with a trading volume of 500 shares."
2025-08-15 09:00:00,24.04,24.04,24.04,24.04,2000,HTL,"At 2025-08-15 09:00:00, the stock HTL opened at 24.04 VND, reached a high of 24.04 VND, a low of 24.04 VND, and closed the hour at 24.04 VND with a trading volume of 2,000 shares."
2025-08-15 10:00:00,23.99,23.99,23.95,23.95,1700,HTL,"At 2025-08-15 10:00:00, the stock HTL opened at 23.99 VND, reached a high of 23.99 VND, a low of 23.95 VND, and closed the hour at 23.95 VND with a trading volume of 1,700 shares."
2025-08-15 11:00:00,23.95,23.95,23.95,23.95,300,HTL,"At 2025-08-15 11:00:00, the stock HTL opened at 23.95 VND, reached a high of 23.95 VND, a low of 23.95 VND, and closed the hour at 23.95 VND with a trading volume of 300 shares."
2025-08-15 13:00:00,23.9,23.9,23.73,23.73,1400,HTL,"At 2025-08-15 13:00:00, the stock HTL opened at 23.90 VND, reached a high of 23.90 VND, a low of 23.73 VND, and closed the hour at 23.73 VND with a trading volume of 1,400 shares."
2025-08-15 14:00:00,23.73,23.95,23.73,23.95,300,HTL,"At 2025-08-15 14:00:00, the stock HTL opened at 23.73 VND, reached a high of 23.95 VND, a low of 23.73 VND, and closed the hour at 23.95 VND with a trading volume of 300 shares."
2025-08-18 09:00:00,23.95,23.95,23.95,23.95,100,HTL,"At 2025-08-18 09:00:00, the stock HTL opened at 23.95 VND, reached a high of 23.95 VND, a low of 23.95 VND, and closed the hour at 23.95 VND with a trading volume of 100 shares."
2025-08-18 13:00:00,23.95,24.13,23.95,24.13,600,HTL,"At 2025-08-18 13:00:00, the stock HTL opened at 23.95 VND, reached a high of 24.13 VND, a low of 23.95 VND, and closed the hour at 24.13 VND with a trading volume of 600 shares."
2025-08-18 14:00:00,24.13,25.02,24.13,24.93,600,HTL,"At 2025-08-18 14:00:00, the stock HTL opened at 24.13 VND, reached a high of 25.02 VND, a low of 24.13 VND, and closed the hour at 24.93 VND with a trading volume of 600 shares."
2025-08-19 13:00:00,24.04,24.04,24.04,24.04,100,HTL,"At 2025-08-19 13:00:00, the stock HTL opened at 24.04 VND, reached a high of 24.04 VND, a low of 24.04 VND, and closed the hour at 24.04 VND with a trading volume of 100 shares."
2025-08-19 14:00:00,24.13,24.93,24.13,24.93,300,HTL,"At 2025-08-19 14:00:00, the stock HTL opened at 24.13 VND, reached a high of 24.93 VND, a low of 24.13 VND, and closed the hour at 24.93 VND with a trading volume of 300 shares."
2025-08-20 09:00:00,24.04,24.04,24.04,24.04,2800,HTL,"At 2025-08-20 09:00:00, the stock HTL opened at 24.04 VND, reached a high of 24.04 VND, a low of 24.04 VND, and closed the hour at 24.04 VND with a trading volume of 2,800 shares."
2025-08-20 10:00:00,24.04,24.13,23.95,24.13,1300,HTL,"At 2025-08-20 10:00:00, the stock HTL opened at 24.04 VND, reached a high of 24.13 VND, a low of 23.95 VND, and closed the hour at 24.13 VND with a trading volume of 1,300 shares."
2025-08-20 14:00:00,23.95,23.95,23.95,23.95,500,HTL,"At 2025-08-20 14:00:00, the stock HTL opened at 23.95 VND, reached a high of 23.95 VND, a low of 23.95 VND, and closed the hour at 23.95 VND with a trading volume of 500 shares."
2025-08-21 10:00:00,24.13,24.13,24.13,24.13,100,HTL,"At 2025-08-21 10:00:00, the stock HTL opened at 24.13 VND, reached a high of 24.13 VND, a low of 24.13 VND, and closed the hour at 24.13 VND with a trading volume of 100 shares."
2025-08-21 11:00:00,24.13,24.13,23.81,23.81,500,HTL,"At 2025-08-21 11:00:00, the stock HTL opened at 24.13 VND, reached a high of 24.13 VND, a low of 23.81 VND, and closed the hour at 23.81 VND with a trading volume of 500 shares."
2025-08-21 13:00:00,23.81,23.81,23.77,23.77,700,HTL,"At 2025-08-21 13:00:00, the stock HTL opened at 23.81 VND, reached a high of 23.81 VND, a low of 23.77 VND, and closed the hour at 23.77 VND with a trading volume of 700 shares."
2025-08-21 14:00:00,23.77,24.22,23.77,24.22,200,HTL,"At 2025-08-21 14:00:00, the stock HTL opened at 23.77 VND, reached a high of 24.22 VND, a low of 23.77 VND, and closed the hour at 24.22 VND with a trading volume of 200 shares."
2025-08-22 10:00:00,24.22,24.22,24.22,24.22,600,HTL,"At 2025-08-22 10:00:00, the stock HTL opened at 24.22 VND, reached a high of 24.22 VND, a low of 24.22 VND, and closed the hour at 24.22 VND with a trading volume of 600 shares."
2025-08-25 10:00:00,23.68,23.68,23.68,23.68,1700,HTL,"At 2025-08-25 10:00:00, the stock HTL opened at 23.68 VND, reached a high of 23.68 VND, a low of 23.68 VND, and closed the hour at 23.68 VND with a trading volume of 1,700 shares."
2025-08-25 11:00:00,23.68,23.68,23.68,23.68,500,HTL,"At 2025-08-25 11:00:00, the stock HTL opened at 23.68 VND, reached a high of 23.68 VND, a low of 23.68 VND, and closed the hour at 23.68 VND with a trading volume of 500 shares."
2025-08-25 14:00:00,23.59,23.59,23.59,23.59,400,HTL,"At 2025-08-25 14:00:00, the stock HTL opened at 23.59 VND, reached a high of 23.59 VND, a low of 23.59 VND, and closed the hour at 23.59 VND with a trading volume of 400 shares."
2025-08-26 13:00:00,23.9,23.9,23.9,23.9,100,HTL,"At 2025-08-26 13:00:00, the stock HTL opened at 23.90 VND, reached a high of 23.90 VND, a low of 23.90 VND, and closed the hour at 23.90 VND with a trading volume of 100 shares."
2025-08-27 09:00:00,24.08,24.08,24.08,24.08,100,HTL,"At 2025-08-27 09:00:00, the stock HTL opened at 24.08 VND, reached a high of 24.08 VND, a low of 24.08 VND, and closed the hour at 24.08 VND with a trading volume of 100 shares."
2025-08-27 10:00:00,24.08,24.08,24.08,24.08,1000,HTL,"At 2025-08-27 10:00:00, the stock HTL opened at 24.08 VND, reached a high of 24.08 VND, a low of 24.08 VND, and closed the hour at 24.08 VND with a trading volume of 1,000 shares."
2025-08-27 14:00:00,24.08,24.13,24.08,24.13,200,HTL,"At 2025-08-27 14:00:00, the stock HTL opened at 24.08 VND, reached a high of 24.13 VND, a low of 24.08 VND, and closed the hour at 24.13 VND with a trading volume of 200 shares."
2025-08-28 09:00:00,24.13,24.13,24.13,24.13,200,HTL,"At 2025-08-28 09:00:00, the stock HTL opened at 24.13 VND, reached a high of 24.13 VND, a low of 24.13 VND, and closed the hour at 24.13 VND with a trading volume of 200 shares."
2025-08-28 13:00:00,24.13,24.13,24.13,24.13,300,HTL,"At 2025-08-28 13:00:00, the stock HTL opened at 24.13 VND, reached a high of 24.13 VND, a low of 24.13 VND, and closed the hour at 24.13 VND with a trading volume of 300 shares."
2025-08-28 14:00:00,23.86,23.86,23.86,23.86,800,HTL,"At 2025-08-28 14:00:00, the stock HTL opened at 23.86 VND, reached a high of 23.86 VND, a low of 23.86 VND, and closed the hour at 23.86 VND with a trading volume of 800 shares."
2025-08-29 10:00:00,24.13,24.13,23.86,23.86,900,HTL,"At 2025-08-29 10:00:00, the stock HTL opened at 24.13 VND, reached a high of 24.13 VND, a low of 23.86 VND, and closed the hour at 23.86 VND with a trading volume of 900 shares."
2025-08-29 13:00:00,23.86,23.86,23.86,23.86,400,HTL,"At 2025-08-29 13:00:00, the stock HTL opened at 23.86 VND, reached a high of 23.86 VND, a low of 23.86 VND, and closed the hour at 23.86 VND with a trading volume of 400 shares."
2025-09-03 09:00:00,23.86,23.86,23.68,23.68,300,HTL,"At 2025-09-03 09:00:00, the stock HTL opened at 23.86 VND, reached a high of 23.86 VND, a low of 23.68 VND, and closed the hour at 23.68 VND with a trading volume of 300 shares."
2025-09-03 14:00:00,24.13,24.13,24.13,24.13,100,HTL,"At 2025-09-03 14:00:00, the stock HTL opened at 24.13 VND, reached a high of 24.13 VND, a low of 24.13 VND, and closed the hour at 24.13 VND with a trading volume of 100 shares."
2025-09-04 09:00:00,24.13,24.13,24.13,24.13,100,HTL,"At 2025-09-04 09:00:00, the stock HTL opened at 24.13 VND, reached a high of 24.13 VND, a low of 24.13 VND, and closed the hour at 24.13 VND with a trading volume of 100 shares."
2025-09-04 10:00:00,24.13,24.13,24.13,24.13,200,HTL,"At 2025-09-04 10:00:00, the stock HTL opened at 24.13 VND, reached a high of 24.13 VND, a low of 24.13 VND, and closed the hour at 24.13 VND with a trading volume of 200 shares."
2025-09-04 13:00:00,23.86,23.95,23.86,23.95,600,HTL,"At 2025-09-04 13:00:00, the stock HTL opened at 23.86 VND, reached a high of 23.95 VND, a low of 23.86 VND, and closed the hour at 23.95 VND with a trading volume of 600 shares."
2025-09-04 14:00:00,23.95,23.95,23.95,23.95,700,HTL,"At 2025-09-04 14:00:00, the stock HTL opened at 23.95 VND, reached a high of 23.95 VND, a low of 23.95 VND, and closed the hour at 23.95 VND with a trading volume of 700 shares."
2025-09-05 09:00:00,23.95,23.95,23.95,23.95,100,HTL,"At 2025-09-05 09:00:00, the stock HTL opened at 23.95 VND, reached a high of 23.95 VND, a low of 23.95 VND, and closed the hour at 23.95 VND with a trading volume of 100 shares."
2025-09-05 10:00:00,23.95,23.95,23.95,23.95,400,HTL,"At 2025-09-05 10:00:00, the stock HTL opened at 23.95 VND, reached a high of 23.95 VND, a low of 23.95 VND, and closed the hour at 23.95 VND with a trading volume of 400 shares."
2025-09-05 13:00:00,23.95,23.95,23.95,23.95,400,HTL,"At 2025-09-05 13:00:00, the stock HTL opened at 23.95 VND, reached a high of 23.95 VND, a low of 23.95 VND, and closed the hour at 23.95 VND with a trading volume of 400 shares."
2025-09-05 14:00:00,23.95,23.95,23.95,23.95,1000,HTL,"At 2025-09-05 14:00:00, the stock HTL opened at 23.95 VND, reached a high of 23.95 VND, a low of 23.95 VND, and closed the hour at 23.95 VND with a trading volume of 1,000 shares."
2025-09-08 09:00:00,23.95,23.95,23.95,23.95,600,HTL,"At 2025-09-08 09:00:00, the stock HTL opened at 23.95 VND, reached a high of 23.95 VND, a low of 23.95 VND, and closed the hour at 23.95 VND with a trading volume of 600 shares."
2025-09-08 10:00:00,23.95,23.95,23.68,23.68,300,HTL,"At 2025-09-08 10:00:00, the stock HTL opened at 23.95 VND, reached a high of 23.95 VND, a low of 23.68 VND, and closed the hour at 23.68 VND with a trading volume of 300 shares."
2025-09-08 14:00:00,23.95,23.95,23.95,23.95,300,HTL,"At 2025-09-08 14:00:00, the stock HTL opened at 23.95 VND, reached a high of 23.95 VND, a low of 23.95 VND, and closed the hour at 23.95 VND with a trading volume of 300 shares."
2025-09-09 13:00:00,23.95,24.04,23.95,24.04,600,HTL,"At 2025-09-09 13:00:00, the stock HTL opened at 23.95 VND, reached a high of 24.04 VND, a low of 23.95 VND, and closed the hour at 24.04 VND with a trading volume of 600 shares."
2025-09-09 14:00:00,24.04,24.04,24.04,24.04,100,HTL,"At 2025-09-09 14:00:00, the stock HTL opened at 24.04 VND, reached a high of 24.04 VND, a low of 24.04 VND, and closed the hour at 24.04 VND with a trading volume of 100 shares."
2025-09-10 09:00:00,24.08,24.08,24.04,24.04,600,HTL,"At 2025-09-10 09:00:00, the stock HTL opened at 24.08 VND, reached a high of 24.08 VND, a low of 24.04 VND, and closed the hour at 24.04 VND with a trading volume of 600 shares."
2025-09-10 13:00:00,24.04,24.04,24.04,24.04,100,HTL,"At 2025-09-10 13:00:00, the stock HTL opened at 24.04 VND, reached a high of 24.04 VND, a low of 24.04 VND, and closed the hour at 24.04 VND with a trading volume of 100 shares."
2025-09-11 09:00:00,24.04,24.04,23.68,23.68,300,HTL,"At 2025-09-11 09:00:00, the stock HTL opened at 24.04 VND, reached a high of 24.04 VND, a low of 23.68 VND, and closed the hour at 23.68 VND with a trading volume of 300 shares."
2025-09-11 10:00:00,23.68,23.68,23.68,23.68,800,HTL,"At 2025-09-11 10:00:00, the stock HTL opened at 23.68 VND, reached a high of 23.68 VND, a low of 23.68 VND, and closed the hour at 23.68 VND with a trading volume of 800 shares."
2025-09-11 13:00:00,23.68,23.68,23.68,23.68,300,HTL,"At 2025-09-11 13:00:00, the stock HTL opened at 23.68 VND, reached a high of 23.68 VND, a low of 23.68 VND, and closed the hour at 23.68 VND with a trading volume of 300 shares."
2025-09-11 14:00:00,24.13,24.13,24.13,24.13,100,HTL,"At 2025-09-11 14:00:00, the stock HTL opened at 24.13 VND, reached a high of 24.13 VND, a low of 24.13 VND, and closed the hour at 24.13 VND with a trading volume of 100 shares."
2025-09-12 13:00:00,24.13,24.4,24.13,24.4,400,HTL,"At 2025-09-12 13:00:00, the stock HTL opened at 24.13 VND, reached a high of 24.40 VND, a low of 24.13 VND, and closed the hour at 24.40 VND with a trading volume of 400 shares."
2025-09-15 09:00:00,24.4,24.4,24.4,24.4,100,HTL,"At 2025-09-15 09:00:00, the stock HTL opened at 24.40 VND, reached a high of 24.40 VND, a low of 24.40 VND, and closed the hour at 24.40 VND with a trading volume of 100 shares."
2025-09-16 09:00:00,24.31,24.31,23.95,23.95,1800,HTL,"At 2025-09-16 09:00:00, the stock HTL opened at 24.31 VND, reached a high of 24.31 VND, a low of 23.95 VND, and closed the hour at 23.95 VND with a trading volume of 1,800 shares."
2025-09-16 13:00:00,23.95,23.95,23.86,23.86,1600,HTL,"At 2025-09-16 13:00:00, the stock HTL opened at 23.95 VND, reached a high of 23.95 VND, a low of 23.86 VND, and closed the hour at 23.86 VND with a trading volume of 1,600 shares."
2025-09-16 14:00:00,24.4,24.4,24.4,24.4,100,HTL,"At 2025-09-16 14:00:00, the stock HTL opened at 24.40 VND, reached a high of 24.40 VND, a low of 24.40 VND, and closed the hour at 24.40 VND with a trading volume of 100 shares."
2025-09-18 10:00:00,24.13,24.13,24.13,24.13,600,HTL,"At 2025-09-18 10:00:00, the stock HTL opened at 24.13 VND, reached a high of 24.13 VND, a low of 24.13 VND, and closed the hour at 24.13 VND with a trading volume of 600 shares."
2025-09-19 13:00:00,24.13,24.13,24.13,24.13,100,HTL,"At 2025-09-19 13:00:00, the stock HTL opened at 24.13 VND, reached a high of 24.13 VND, a low of 24.13 VND, and closed the hour at 24.13 VND with a trading volume of 100 shares."
2025-09-22 09:00:00,23.68,23.86,23.68,23.86,1100,HTL,"At 2025-09-22 09:00:00, the stock HTL opened at 23.68 VND, reached a high of 23.86 VND, a low of 23.68 VND, and closed the hour at 23.86 VND with a trading volume of 1,100 shares."
2025-09-22 10:00:00,23.86,23.86,23.68,23.68,1300,HTL,"At 2025-09-22 10:00:00, the stock HTL opened at 23.86 VND, reached a high of 23.86 VND, a low of 23.68 VND, and closed the hour at 23.68 VND with a trading volume of 1,300 shares."
2025-09-22 13:00:00,23.77,23.77,23.68,23.77,700,HTL,"At 2025-09-22 13:00:00, the stock HTL opened at 23.77 VND, reached a high of 23.77 VND, a low of 23.68 VND, and closed the hour at 23.77 VND with a trading volume of 700 shares."
2025-09-22 14:00:00,24.13,24.13,24.13,24.13,100,HTL,"At 2025-09-22 14:00:00, the stock HTL opened at 24.13 VND, reached a high of 24.13 VND, a low of 24.13 VND, and closed the hour at 24.13 VND with a trading volume of 100 shares."
2025-09-23 13:00:00,23.9,23.9,23.77,23.77,400,HTL,"At 2025-09-23 13:00:00, the stock HTL opened at 23.90 VND, reached a high of 23.90 VND, a low of 23.77 VND, and closed the hour at 23.77 VND with a trading volume of 400 shares."
2025-09-23 14:00:00,23.77,24.13,23.68,24.13,1100,HTL,"At 2025-09-23 14:00:00, the stock HTL opened at 23.77 VND, reached a high of 24.13 VND, a low of 23.68 VND, and closed the hour at 24.13 VND with a trading volume of 1,100 shares."
2025-09-25 09:00:00,24.13,24.13,24.13,24.13,100,HTL,"At 2025-09-25 09:00:00, the stock HTL opened at 24.13 VND, reached a high of 24.13 VND, a low of 24.13 VND, and closed the hour at 24.13 VND with a trading volume of 100 shares."
2025-09-26 09:00:00,24.13,24.13,24.13,24.13,100,HTL,"At 2025-09-26 09:00:00, the stock HTL opened at 24.13 VND, reached a high of 24.13 VND, a low of 24.13 VND, and closed the hour at 24.13 VND with a trading volume of 100 shares."
2025-09-26 13:00:00,24.13,24.13,23.59,23.59,1300,HTL,"At 2025-09-26 13:00:00, the stock HTL opened at 24.13 VND, reached a high of 24.13 VND, a low of 23.59 VND, and closed the hour at 23.59 VND with a trading volume of 1,300 shares."
2025-09-26 14:00:00,24.13,24.13,24.13,24.13,100,HTL,"At 2025-09-26 14:00:00, the stock HTL opened at 24.13 VND, reached a high of 24.13 VND, a low of 24.13 VND, and closed the hour at 24.13 VND with a trading volume of 100 shares."
2025-09-29 13:00:00,23.68,23.68,23.68,23.68,100,HTL,"At 2025-09-29 13:00:00, the stock HTL opened at 23.68 VND, reached a high of 23.68 VND, a low of 23.68 VND, and closed the hour at 23.68 VND with a trading volume of 100 shares."
2025-09-29 14:00:00,24.08,24.08,24.08,24.08,100,HTL,"At 2025-09-29 14:00:00, the stock HTL opened at 24.08 VND, reached a high of 24.08 VND, a low of 24.08 VND, and closed the hour at 24.08 VND with a trading volume of 100 shares."
2025-09-30 11:00:00,23.68,23.68,23.68,23.68,400,HTL,"At 2025-09-30 11:00:00, the stock HTL opened at 23.68 VND, reached a high of 23.68 VND, a low of 23.68 VND, and closed the hour at 23.68 VND with a trading volume of 400 shares."
2025-09-30 13:00:00,23.68,23.68,23.68,23.68,400,HTL,"At 2025-09-30 13:00:00, the stock HTL opened at 23.68 VND, reached a high of 23.68 VND, a low of 23.68 VND, and closed the hour at 23.68 VND with a trading volume of 400 shares."
2025-09-30 14:00:00,24.04,24.04,24.04,24.04,100,HTL,"At 2025-09-30 14:00:00, the stock HTL opened at 24.04 VND, reached a high of 24.04 VND, a low of 24.04 VND, and closed the hour at 24.04 VND with a trading volume of 100 shares."
2025-10-01 11:00:00,23.59,23.59,23.59,23.59,100,HTL,"At 2025-10-01 11:00:00, the stock HTL opened at 23.59 VND, reached a high of 23.59 VND, a low of 23.59 VND, and closed the hour at 23.59 VND with a trading volume of 100 shares."
2025-10-01 14:00:00,24.08,24.08,24.08,24.08,100,HTL,"At 2025-10-01 14:00:00, the stock HTL opened at 24.08 VND, reached a high of 24.08 VND, a low of 24.08 VND, and closed the hour at 24.08 VND with a trading volume of 100 shares."
2025-10-02 14:00:00,23.99,23.99,23.99,23.99,100,HTL,"At 2025-10-02 14:00:00, the stock HTL opened at 23.99 VND, reached a high of 23.99 VND, a low of 23.99 VND, and closed the hour at 23.99 VND with a trading volume of 100 shares."
2025-10-06 10:00:00,23.68,23.68,23.68,23.68,100,HTL,"At 2025-10-06 10:00:00, the stock HTL opened at 23.68 VND, reached a high of 23.68 VND, a low of 23.68 VND, and closed the hour at 23.68 VND with a trading volume of 100 shares."
2025-10-06 13:00:00,23.73,23.73,23.68,23.68,600,HTL,"At 2025-10-06 13:00:00, the stock HTL opened at 23.73 VND, reached a high of 23.73 VND, a low of 23.68 VND, and closed the hour at 23.68 VND with a trading volume of 600 shares."
2025-10-06 14:00:00,23.23,23.23,23.23,23.23,1000,HTL,"At 2025-10-06 14:00:00, the stock HTL opened at 23.23 VND, reached a high of 23.23 VND, a low of 23.23 VND, and closed the hour at 23.23 VND with a trading volume of 1,000 shares."
2025-10-07 09:00:00,23.5,23.5,23.5,23.5,300,HTL,"At 2025-10-07 09:00:00, the stock HTL opened at 23.50 VND, reached a high of 23.50 VND, a low of 23.50 VND, and closed the hour at 23.50 VND with a trading volume of 300 shares."
2025-10-08 09:00:00,24.57,24.57,24.57,24.57,200,HTL,"At 2025-10-08 09:00:00, the stock HTL opened at 24.57 VND, reached a high of 24.57 VND, a low of 24.57 VND, and closed the hour at 24.57 VND with a trading volume of 200 shares."
2025-10-10 09:00:00,24.53,24.53,24.53,24.53,300,HTL,"At 2025-10-10 09:00:00, the stock HTL opened at 24.53 VND, reached a high of 24.53 VND, a low of 24.53 VND, and closed the hour at 24.53 VND with a trading volume of 300 shares."
2025-10-10 11:00:00,24.13,24.13,24.13,24.13,200,HTL,"At 2025-10-10 11:00:00, the stock HTL opened at 24.13 VND, reached a high of 24.13 VND, a low of 24.13 VND, and closed the hour at 24.13 VND with a trading volume of 200 shares."
2025-10-10 13:00:00,24.13,24.13,24.13,24.13,100,HTL,"At 2025-10-10 13:00:00, the stock HTL opened at 24.13 VND, reached a high of 24.13 VND, a low of 24.13 VND, and closed the hour at 24.13 VND with a trading volume of 100 shares."
2025-10-13 13:00:00,23.68,23.68,23.68,23.68,300,HTL,"At 2025-10-13 13:00:00, the stock HTL opened at 23.68 VND, reached a high of 23.68 VND, a low of 23.68 VND, and closed the hour at 23.68 VND with a trading volume of 300 shares."
2025-10-13 14:00:00,24.13,24.13,24.13,24.13,100,HTL,"At 2025-10-13 14:00:00, the stock HTL opened at 24.13 VND, reached a high of 24.13 VND, a low of 24.13 VND, and closed the hour at 24.13 VND with a trading volume of 100 shares."
2025-10-14 10:00:00,23.68,23.68,23.68,23.68,200,HTL,"At 2025-10-14 10:00:00, the stock HTL opened at 23.68 VND, reached a high of 23.68 VND, a low of 23.68 VND, and closed the hour at 23.68 VND with a trading volume of 200 shares."
2025-10-14 13:00:00,24.13,24.13,24.13,24.13,8000,HTL,"At 2025-10-14 13:00:00, the stock HTL opened at 24.13 VND, reached a high of 24.13 VND, a low of 24.13 VND, and closed the hour at 24.13 VND with a trading volume of 8,000 shares."
2025-10-15 09:00:00,24.44,24.44,24.31,24.44,300,HTL,"At 2025-10-15 09:00:00, the stock HTL opened at 24.44 VND, reached a high of 24.44 VND, a low of 24.31 VND, and closed the hour at 24.44 VND with a trading volume of 300 shares."
2025-10-15 13:00:00,23.68,23.68,23.68,23.68,100,HTL,"At 2025-10-15 13:00:00, the stock HTL opened at 23.68 VND, reached a high of 23.68 VND, a low of 23.68 VND, and closed the hour at 23.68 VND with a trading volume of 100 shares."
2025-10-15 14:00:00,24.44,24.44,24.44,24.44,100,HTL,"At 2025-10-15 14:00:00, the stock HTL opened at 24.44 VND, reached a high of 24.44 VND, a low of 24.44 VND, and closed the hour at 24.44 VND with a trading volume of 100 shares."
2025-10-16 10:00:00,24.44,24.44,24.13,24.13,200,HTL,"At 2025-10-16 10:00:00, the stock HTL opened at 24.44 VND, reached a high of 24.44 VND, a low of 24.13 VND, and closed the hour at 24.13 VND with a trading volume of 200 shares."
2025-10-17 09:00:00,23.73,23.73,23.73,23.73,100,HTL,"At 2025-10-17 09:00:00, the stock HTL opened at 23.73 VND, reached a high of 23.73 VND, a low of 23.73 VND, and closed the hour at 23.73 VND with a trading volume of 100 shares."
2025-10-17 10:00:00,23.77,23.77,23.77,23.77,100,HTL,"At 2025-10-17 10:00:00, the stock HTL opened at 23.77 VND, reached a high of 23.77 VND, a low of 23.77 VND, and closed the hour at 23.77 VND with a trading volume of 100 shares."
2025-10-17 14:00:00,23.77,23.77,23.77,23.77,600,HTL,"At 2025-10-17 14:00:00, the stock HTL opened at 23.77 VND, reached a high of 23.77 VND, a low of 23.77 VND, and closed the hour at 23.77 VND with a trading volume of 600 shares."
2025-10-20 09:00:00,23.77,23.77,23.77,23.77,200,HTL,"At 2025-10-20 09:00:00, the stock HTL opened at 23.77 VND, reached a high of 23.77 VND, a low of 23.77 VND, and closed the hour at 23.77 VND with a trading volume of 200 shares."
2025-10-20 10:00:00,23.5,23.77,23.5,23.77,400,HTL,"At 2025-10-20 10:00:00, the stock HTL opened at 23.50 VND, reached a high of 23.77 VND, a low of 23.50 VND, and closed the hour at 23.77 VND with a trading volume of 400 shares."
2025-10-20 13:00:00,23.81,23.81,23.77,23.77,200,HTL,"At 2025-10-20 13:00:00, the stock HTL opened at 23.81 VND, reached a high of 23.81 VND, a low of 23.77 VND, and closed the hour at 23.77 VND with a trading volume of 200 shares."
2025-10-21 10:00:00,23.5,23.5,23.5,23.5,300,HTL,"At 2025-10-21 10:00:00, the stock HTL opened at 23.50 VND, reached a high of 23.50 VND, a low of 23.50 VND, and closed the hour at 23.50 VND with a trading volume of 300 shares."
2025-10-21 11:00:00,23.5,23.5,23.5,23.5,600,HTL,"At 2025-10-21 11:00:00, the stock HTL opened at 23.50 VND, reached a high of 23.50 VND, a low of 23.50 VND, and closed the hour at 23.50 VND with a trading volume of 600 shares."
2025-10-21 14:00:00,23.5,23.5,23.5,23.5,300,HTL,"At 2025-10-21 14:00:00, the stock HTL opened at 23.50 VND, reached a high of 23.50 VND, a low of 23.50 VND, and closed the hour at 23.50 VND with a trading volume of 300 shares."
2025-10-22 10:00:00,23.5,23.5,23.5,23.5,100,HTL,"At 2025-10-22 10:00:00, the stock HTL opened at 23.50 VND, reached a high of 23.50 VND, a low of 23.50 VND, and closed the hour at 23.50 VND with a trading volume of 100 shares."
2025-10-22 13:00:00,23.5,23.5,23.5,23.5,400,HTL,"At 2025-10-22 13:00:00, the stock HTL opened at 23.50 VND, reached a high of 23.50 VND, a low of 23.50 VND, and closed the hour at 23.50 VND with a trading volume of 400 shares."
2025-10-22 14:00:00,23.41,23.41,23.41,23.41,300,HTL,"At 2025-10-22 14:00:00, the stock HTL opened at 23.41 VND, reached a high of 23.41 VND, a low of 23.41 VND, and closed the hour at 23.41 VND with a trading volume of 300 shares."
2025-10-23 10:00:00,23.5,23.5,23.41,23.41,4500,HTL,"At 2025-10-23 10:00:00, the stock HTL opened at 23.50 VND, reached a high of 23.50 VND, a low of 23.41 VND, and closed the hour at 23.41 VND with a trading volume of 4,500 shares."
2025-10-23 13:00:00,23.46,23.46,23.46,23.46,300,HTL,"At 2025-10-23 13:00:00, the stock HTL opened at 23.46 VND, reached a high of 23.46 VND, a low of 23.46 VND, and closed the hour at 23.46 VND with a trading volume of 300 shares."
2025-10-23 14:00:00,23.41,23.41,23.41,23.41,100,HTL,"At 2025-10-23 14:00:00, the stock HTL opened at 23.41 VND, reached a high of 23.41 VND, a low of 23.41 VND, and closed the hour at 23.41 VND with a trading volume of 100 shares."
2025-10-24 09:00:00,23.41,23.41,23.41,23.41,100,HTL,"At 2025-10-24 09:00:00, the stock HTL opened at 23.41 VND, reached a high of 23.41 VND, a low of 23.41 VND, and closed the hour at 23.41 VND with a trading volume of 100 shares."
2025-10-24 13:00:00,23.41,23.41,23.41,23.41,800,HTL,"At 2025-10-24 13:00:00, the stock HTL opened at 23.41 VND, reached a high of 23.41 VND, a low of 23.41 VND, and closed the hour at 23.41 VND with a trading volume of 800 shares."
2025-10-27 14:00:00,23.77,23.86,23.77,23.86,2000,HTL,"At 2025-10-27 14:00:00, the stock HTL opened at 23.77 VND, reached a high of 23.86 VND, a low of 23.77 VND, and closed the hour at 23.86 VND with a trading volume of 2,000 shares."
2025-10-29 10:00:00,24.04,24.04,24.04,24.04,100,HTL,"At 2025-10-29 10:00:00, the stock HTL opened at 24.04 VND, reached a high of 24.04 VND, a low of 24.04 VND, and closed the hour at 24.04 VND with a trading volume of 100 shares."
2025-10-29 11:00:00,23.86,23.86,23.86,23.86,200,HTL,"At 2025-10-29 11:00:00, the stock HTL opened at 23.86 VND, reached a high of 23.86 VND, a low of 23.86 VND, and closed the hour at 23.86 VND with a trading volume of 200 shares."
2025-10-29 13:00:00,23.86,23.86,23.23,23.23,5200,HTL,"At 2025-10-29 13:00:00, the stock HTL opened at 23.86 VND, reached a high of 23.86 VND, a low of 23.23 VND, and closed the hour at 23.23 VND with a trading volume of 5,200 shares."
2025-10-30 10:00:00,23.5,23.5,23.41,23.41,1500,HTL,"At 2025-10-30 10:00:00, the stock HTL opened at 23.50 VND, reached a high of 23.50 VND, a low of 23.41 VND, and closed the hour at 23.41 VND with a trading volume of 1,500 shares."
2025-10-30 14:00:00,23.95,23.95,23.95,23.95,1200,HTL,"At 2025-10-30 14:00:00, the stock HTL opened at 23.95 VND, reached a high of 23.95 VND, a low of 23.95 VND, and closed the hour at 23.95 VND with a trading volume of 1,200 shares."
2025-10-31 13:00:00,23.95,23.95,23.95,23.95,300,HTL,"At 2025-10-31 13:00:00, the stock HTL opened at 23.95 VND, reached a high of 23.95 VND, a low of 23.95 VND, and closed the hour at 23.95 VND with a trading volume of 300 shares."
2025-10-31 14:00:00,23.99,23.99,23.99,23.99,100,HTL,"At 2025-10-31 14:00:00, the stock HTL opened at 23.99 VND, reached a high of 23.99 VND, a low of 23.99 VND, and closed the hour at 23.99 VND with a trading volume of 100 shares."
2025-11-03 13:00:00,23.9,23.9,23.9,23.9,200,HTL,"At 2025-11-03 13:00:00, the stock HTL opened at 23.90 VND, reached a high of 23.90 VND, a low of 23.90 VND, and closed the hour at 23.90 VND with a trading volume of 200 shares."
2025-11-04 09:00:00,23.68,23.68,23.23,23.68,1100,HTL,"At 2025-11-04 09:00:00, the stock HTL opened at 23.68 VND, reached a high of 23.68 VND, a low of 23.23 VND, and closed the hour at 23.68 VND with a trading volume of 1,100 shares."
2025-11-04 10:00:00,23.68,23.68,23.23,23.68,4500,HTL,"At 2025-11-04 10:00:00, the stock HTL opened at 23.68 VND, reached a high of 23.68 VND, a low of 23.23 VND, and closed the hour at 23.68 VND with a trading volume of 4,500 shares."
2025-11-04 11:00:00,23.95,23.95,23.95,23.95,100,HTL,"At 2025-11-04 11:00:00, the stock HTL opened at 23.95 VND, reached a high of 23.95 VND, a low of 23.95 VND, and closed the hour at 23.95 VND with a trading volume of 100 shares."
2025-11-05 11:00:00,23.86,23.86,23.86,23.86,200,HTL,"At 2025-11-05 11:00:00, the stock HTL opened at 23.86 VND, reached a high of 23.86 VND, a low of 23.86 VND, and closed the hour at 23.86 VND with a trading volume of 200 shares."
2025-11-05 13:00:00,23.86,23.86,23.86,23.86,100,HTL,"At 2025-11-05 13:00:00, the stock HTL opened at 23.86 VND, reached a high of 23.86 VND, a low of 23.86 VND, and closed the hour at 23.86 VND with a trading volume of 100 shares."
2025-11-05 14:00:00,23.9,23.9,23.86,23.86,1000,HTL,"At 2025-11-05 14:00:00, the stock HTL opened at 23.90 VND, reached a high of 23.90 VND, a low of 23.86 VND, and closed the hour at 23.86 VND with a trading volume of 1,000 shares."
2025-11-06 09:00:00,24.84,24.84,24.4,24.57,1000,HTL,"At 2025-11-06 09:00:00, the stock HTL opened at 24.84 VND, reached a high of 24.84 VND, a low of 24.40 VND, and closed the hour at 24.57 VND with a trading volume of 1,000 shares."
2025-11-06 10:00:00,24.66,24.66,24.57,24.57,1400,HTL,"At 2025-11-06 10:00:00, the stock HTL opened at 24.66 VND, reached a high of 24.66 VND, a low of 24.57 VND, and closed the hour at 24.57 VND with a trading volume of 1,400 shares."
2025-11-06 11:00:00,24.66,24.98,24.66,24.98,2800,HTL,"At 2025-11-06 11:00:00, the stock HTL opened at 24.66 VND, reached a high of 24.98 VND, a low of 24.66 VND, and closed the hour at 24.98 VND with a trading volume of 2,800 shares."
2025-11-06 13:00:00,24.8,25.15,24.4,25.15,3700,HTL,"At 2025-11-06 13:00:00, the stock HTL opened at 24.80 VND, reached a high of 25.15 VND, a low of 24.40 VND, and closed the hour at 25.15 VND with a trading volume of 3,700 shares."
2025-11-06 14:00:00,25.11,25.15,25.11,25.15,3100,HTL,"At 2025-11-06 14:00:00, the stock HTL opened at 25.11 VND, reached a high of 25.15 VND, a low of 25.11 VND, and closed the hour at 25.15 VND with a trading volume of 3,100 shares."
2025-11-07 09:00:00,25.47,25.47,25.29,25.29,6900,HTL,"At 2025-11-07 09:00:00, the stock HTL opened at 25.47 VND, reached a high of 25.47 VND, a low of 25.29 VND, and closed the hour at 25.29 VND with a trading volume of 6,900 shares."
2025-11-07 10:00:00,25.29,25.29,25.15,25.15,3000,HTL,"At 2025-11-07 10:00:00, the stock HTL opened at 25.29 VND, reached a high of 25.29 VND, a low of 25.15 VND, and closed the hour at 25.15 VND with a trading volume of 3,000 shares."
2025-11-07 11:00:00,25.15,25.2,25.11,25.11,3000,HTL,"At 2025-11-07 11:00:00, the stock HTL opened at 25.15 VND, reached a high of 25.20 VND, a low of 25.11 VND, and closed the hour at 25.11 VND with a trading volume of 3,000 shares."
2025-11-07 13:00:00,25.11,25.29,25.02,25.29,11200,HTL,"At 2025-11-07 13:00:00, the stock HTL opened at 25.11 VND, reached a high of 25.29 VND, a low of 25.02 VND, and closed the hour at 25.29 VND with a trading volume of 11,200 shares."
2025-11-07 14:00:00,25.38,25.38,25.02,25.29,3500,HTL,"At 2025-11-07 14:00:00, the stock HTL opened at 25.38 VND, reached a high of 25.38 VND, a low of 25.02 VND, and closed the hour at 25.29 VND with a trading volume of 3,500 shares."
2025-11-10 09:00:00,25.02,25.29,25.02,25.15,5700,HTL,"At 2025-11-10 09:00:00, the stock HTL opened at 25.02 VND, reached a high of 25.29 VND, a low of 25.02 VND, and closed the hour at 25.15 VND with a trading volume of 5,700 shares."
2025-11-10 10:00:00,25.02,25.02,25.02,25.02,1900,HTL,"At 2025-11-10 10:00:00, the stock HTL opened at 25.02 VND, reached a high of 25.02 VND, a low of 25.02 VND, and closed the hour at 25.02 VND with a trading volume of 1,900 shares."
2025-11-10 11:00:00,25.02,25.07,25.02,25.07,2300,HTL,"At 2025-11-10 11:00:00, the stock HTL opened at 25.02 VND, reached a high of 25.07 VND, a low of 25.02 VND, and closed the hour at 25.07 VND with a trading volume of 2,300 shares."
2025-11-10 13:00:00,25.02,25.15,24.98,25.15,3100,HTL,"At 2025-11-10 13:00:00, the stock HTL opened at 25.02 VND, reached a high of 25.15 VND, a low of 24.98 VND, and closed the hour at 25.15 VND with a trading volume of 3,100 shares."
2025-11-10 14:00:00,25.2,25.2,25.2,25.2,600,HTL,"At 2025-11-10 14:00:00, the stock HTL opened at 25.20 VND, reached a high of 25.20 VND, a low of 25.20 VND, and closed the hour at 25.20 VND with a trading volume of 600 shares."
2025-11-11 09:00:00,25.02,25.2,25.02,25.02,500,HTL,"At 2025-11-11 09:00:00, the stock HTL opened at 25.02 VND, reached a high of 25.20 VND, a low of 25.02 VND, and closed the hour at 25.02 VND with a trading volume of 500 shares."
2025-11-11 10:00:00,24.93,24.93,24.57,24.57,1000,HTL,"At 2025-11-11 10:00:00, the stock HTL opened at 24.93 VND, reached a high of 24.93 VND, a low of 24.57 VND, and closed the hour at 24.57 VND with a trading volume of 1,000 shares."
2025-11-11 13:00:00,25.02,25.02,24.53,24.93,2700,HTL,"At 2025-11-11 13:00:00, the stock HTL opened at 25.02 VND, reached a high of 25.02 VND, a low of 24.53 VND, and closed the hour at 24.93 VND with a trading volume of 2,700 shares."
2025-11-11 14:00:00,24.93,24.93,24.62,24.62,700,HTL,"At 2025-11-11 14:00:00, the stock HTL opened at 24.93 VND, reached a high of 24.93 VND, a low of 24.62 VND, and closed the hour at 24.62 VND with a trading volume of 700 shares."
2025-11-12 09:00:00,25.02,25.02,24.98,25.02,6000,HTL,"At 2025-11-12 09:00:00, the stock HTL opened at 25.02 VND, reached a high of 25.02 VND, a low of 24.98 VND, and closed the hour at 25.02 VND with a trading volume of 6,000 shares."
2025-11-12 10:00:00,25.02,25.02,25.02,25.02,400,HTL,"At 2025-11-12 10:00:00, the stock HTL opened at 25.02 VND, reached a high of 25.02 VND, a low of 25.02 VND, and closed the hour at 25.02 VND with a trading volume of 400 shares."
2025-11-12 11:00:00,24.93,24.93,24.93,24.93,100,HTL,"At 2025-11-12 11:00:00, the stock HTL opened at 24.93 VND, reached a high of 24.93 VND, a low of 24.93 VND, and closed the hour at 24.93 VND with a trading volume of 100 shares."
2025-11-12 13:00:00,24.93,24.93,24.93,24.93,2600,HTL,"At 2025-11-12 13:00:00, the stock HTL opened at 24.93 VND, reached a high of 24.93 VND, a low of 24.93 VND, and closed the hour at 24.93 VND with a trading volume of 2,600 shares."
2025-11-12 14:00:00,24.93,24.98,24.93,24.98,500,HTL,"At 2025-11-12 14:00:00, the stock HTL opened at 24.93 VND, reached a high of 24.98 VND, a low of 24.93 VND, and closed the hour at 24.98 VND with a trading volume of 500 shares."
2025-11-13 09:00:00,24.98,24.98,24.66,24.66,6100,HTL,"At 2025-11-13 09:00:00, the stock HTL opened at 24.98 VND, reached a high of 24.98 VND, a low of 24.66 VND, and closed the hour at 24.66 VND with a trading volume of 6,100 shares."
2025-11-13 10:00:00,24.98,24.98,24.66,24.66,1500,HTL,"At 2025-11-13 10:00:00, the stock HTL opened at 24.98 VND, reached a high of 24.98 VND, a low of 24.66 VND, and closed the hour at 24.66 VND with a trading volume of 1,500 shares."
2025-11-13 13:00:00,24.75,24.84,24.75,24.84,700,HTL,"At 2025-11-13 13:00:00, the stock HTL opened at 24.75 VND, reached a high of 24.84 VND, a low of 24.75 VND, and closed the hour at 24.84 VND with a trading volume of 700 shares."
2025-11-13 14:00:00,24.75,24.75,24.75,24.75,400,HTL,"At 2025-11-13 14:00:00, the stock HTL opened at 24.75 VND, reached a high of 24.75 VND, a low of 24.75 VND, and closed the hour at 24.75 VND with a trading volume of 400 shares."
2025-11-14 09:00:00,24.98,24.98,24.75,24.84,9000,HTL,"At 2025-11-14 09:00:00, the stock HTL opened at 24.98 VND, reached a high of 24.98 VND, a low of 24.75 VND, and closed the hour at 24.84 VND with a trading volume of 9,000 shares."
2025-11-14 10:00:00,24.8,24.93,24.75,24.93,2500,HTL,"At 2025-11-14 10:00:00, the stock HTL opened at 24.80 VND, reached a high of 24.93 VND, a low of 24.75 VND, and closed the hour at 24.93 VND with a trading volume of 2,500 shares."
2025-11-14 11:00:00,24.93,24.93,24.93,24.93,1900,HTL,"At 2025-11-14 11:00:00, the stock HTL opened at 24.93 VND, reached a high of 24.93 VND, a low of 24.93 VND, and closed the hour at 24.93 VND with a trading volume of 1,900 shares."
2025-11-14 13:00:00,24.84,24.98,24.84,24.93,4600,HTL,"At 2025-11-14 13:00:00, the stock HTL opened at 24.84 VND, reached a high of 24.98 VND, a low of 24.84 VND, and closed the hour at 24.93 VND with a trading volume of 4,600 shares."
2025-11-14 14:00:00,24.93,24.93,24.84,24.93,8100,HTL,"At 2025-11-14 14:00:00, the stock HTL opened at 24.93 VND, reached a high of 24.93 VND, a low of 24.84 VND, and closed the hour at 24.93 VND with a trading volume of 8,100 shares."
2025-11-17 09:00:00,25.15,25.38,24.98,25.2,19900,HTL,"At 2025-11-17 09:00:00, the stock HTL opened at 25.15 VND, reached a high of 25.38 VND, a low of 24.98 VND, and closed the hour at 25.20 VND with a trading volume of 19,900 shares."
2025-11-17 10:00:00,25.02,25.29,25.02,25.2,9500,HTL,"At 2025-11-17 10:00:00, the stock HTL opened at 25.02 VND, reached a high of 25.29 VND, a low of 25.02 VND, and closed the hour at 25.20 VND with a trading volume of 9,500 shares."
2025-11-17 11:00:00,25.24,25.24,25.24,25.24,2600,HTL,"At 2025-11-17 11:00:00, the stock HTL opened at 25.24 VND, reached a high of 25.24 VND, a low of 25.24 VND, and closed the hour at 25.24 VND with a trading volume of 2,600 shares."
2025-11-17 13:00:00,25.24,25.29,25.2,25.29,15800,HTL,"At 2025-11-17 13:00:00, the stock HTL opened at 25.24 VND, reached a high of 25.29 VND, a low of 25.20 VND, and closed the hour at 25.29 VND with a trading volume of 15,800 shares."
2025-11-17 14:00:00,25.2,25.2,25.15,25.2,15300,HTL,"At 2025-11-17 14:00:00, the stock HTL opened at 25.20 VND, reached a high of 25.20 VND, a low of 25.15 VND, and closed the hour at 25.20 VND with a trading volume of 15,300 shares."
2025-11-18 09:00:00,25.8,25.8,25.0,25.2,4100,HTL,"At 2025-11-18 09:00:00, the stock HTL opened at 25.80 VND, reached a high of 25.80 VND, a low of 25.00 VND, and closed the hour at 25.20 VND with a trading volume of 4,100 shares."
2025-11-18 10:00:00,25.2,25.2,25.0,25.1,4600,HTL,"At 2025-11-18 10:00:00, the stock HTL opened at 25.20 VND, reached a high of 25.20 VND, a low of 25.00 VND, and closed the hour at 25.10 VND with a trading volume of 4,600 shares."
2025-11-18 13:00:00,25.05,25.05,25.0,25.0,900,HTL,"At 2025-11-18 13:00:00, the stock HTL opened at 25.05 VND, reached a high of 25.05 VND, a low of 25.00 VND, and closed the hour at 25.00 VND with a trading volume of 900 shares."
2025-11-18 14:00:00,24.9,25.0,24.9,24.95,1300,HTL,"At 2025-11-18 14:00:00, the stock HTL opened at 24.90 VND, reached a high of 25.00 VND, a low of 24.90 VND, and closed the hour at 24.95 VND with a trading volume of 1,300 shares."
2025-11-19 09:00:00,23.8,24.0,23.8,24.0,2500,HTL,"At 2025-11-19 09:00:00, the stock HTL opened at 23.80 VND, reached a high of 24.00 VND, a low of 23.80 VND, and closed the hour at 24.00 VND with a trading volume of 2,500 shares."
2025-11-19 11:00:00,24.05,24.1,24.05,24.1,400,HTL,"At 2025-11-19 11:00:00, the stock HTL opened at 24.05 VND, reached a high of 24.10 VND, a low of 24.05 VND, and closed the hour at 24.10 VND with a trading volume of 400 shares."
2025-11-19 13:00:00,24.1,24.1,23.6,23.8,6800,HTL,"At 2025-11-19 13:00:00, the stock HTL opened at 24.10 VND, reached a high of 24.10 VND, a low of 23.60 VND, and closed the hour at 23.80 VND with a trading volume of 6,800 shares."
2025-11-19 14:00:00,23.8,23.95,23.7,23.95,2200,HTL,"At 2025-11-19 14:00:00, the stock HTL opened at 23.80 VND, reached a high of 23.95 VND, a low of 23.70 VND, and closed the hour at 23.95 VND with a trading volume of 2,200 shares."
2025-11-20 09:00:00,23.6,23.6,23.1,23.1,2700,HTL,"At 2025-11-20 09:00:00, the stock HTL opened at 23.60 VND, reached a high of 23.60 VND, a low of 23.10 VND, and closed the hour at 23.10 VND with a trading volume of 2,700 shares."
2025-11-20 10:00:00,23.9,23.9,23.1,23.15,600,HTL,"At 2025-11-20 10:00:00, the stock HTL opened at 23.90 VND, reached a high of 23.90 VND, a low of 23.10 VND, and closed the hour at 23.15 VND with a trading volume of 600 shares."
2025-11-20 11:00:00,23.15,23.15,23.15,23.15,100,HTL,"At 2025-11-20 11:00:00, the stock HTL opened at 23.15 VND, reached a high of 23.15 VND, a low of 23.15 VND, and closed the hour at 23.15 VND with a trading volume of 100 shares."
2025-11-20 13:00:00,23.2,23.2,23.2,23.2,100,HTL,"At 2025-11-20 13:00:00, the stock HTL opened at 23.20 VND, reached a high of 23.20 VND, a low of 23.20 VND, and closed the hour at 23.20 VND with a trading volume of 100 shares."
2025-11-20 14:00:00,23.2,23.2,23.15,23.15,2700,HTL,"At 2025-11-20 14:00:00, the stock HTL opened at 23.20 VND, reached a high of 23.20 VND, a low of 23.15 VND, and closed the hour at 23.15 VND with a trading volume of 2,700 shares."
2025-11-21 09:00:00,23.0,23.0,23.0,23.0,5000,HTL,"At 2025-11-21 09:00:00, the stock HTL opened at 23.00 VND, reached a high of 23.00 VND, a low of 23.00 VND, and closed the hour at 23.00 VND with a trading volume of 5,000 shares."
2025-11-21 10:00:00,23.0,23.0,23.0,23.0,1000,HTL,"At 2025-11-21 10:00:00, the stock HTL opened at 23.00 VND, reached a high of 23.00 VND, a low of 23.00 VND, and closed the hour at 23.00 VND with a trading volume of 1,000 shares."
2025-11-21 13:00:00,23.0,23.0,23.0,23.0,500,HTL,"At 2025-11-21 13:00:00, the stock HTL opened at 23.00 VND, reached a high of 23.00 VND, a low of 23.00 VND, and closed the hour at 23.00 VND with a trading volume of 500 shares."
2025-11-21 14:00:00,23.0,23.0,23.0,23.0,1500,HTL,"At 2025-11-21 14:00:00, the stock HTL opened at 23.00 VND, reached a high of 23.00 VND, a low of 23.00 VND, and closed the hour at 23.00 VND with a trading volume of 1,500 shares."
2025-11-24 09:00:00,23.0,23.45,23.0,23.45,900,HTL,"At 2025-11-24 09:00:00, the stock HTL opened at 23.00 VND, reached a high of 23.45 VND, a low of 23.00 VND, and closed the hour at 23.45 VND with a trading volume of 900 shares."
2025-11-24 10:00:00,23.4,23.4,23.2,23.4,1200,HTL,"At 2025-11-24 10:00:00, the stock HTL opened at 23.40 VND, reached a high of 23.40 VND, a low of 23.20 VND, and closed the hour at 23.40 VND with a trading volume of 1,200 shares."
2025-11-24 11:00:00,23.4,23.4,23.4,23.4,100,HTL,"At 2025-11-24 11:00:00, the stock HTL opened at 23.40 VND, reached a high of 23.40 VND, a low of 23.40 VND, and closed the hour at 23.40 VND with a trading volume of 100 shares."
2025-11-24 13:00:00,23.4,23.4,23.2,23.2,800,HTL,"At 2025-11-24 13:00:00, the stock HTL opened at 23.40 VND, reached a high of 23.40 VND, a low of 23.20 VND, and closed the hour at 23.20 VND with a trading volume of 800 shares."
2025-11-24 14:00:00,23.3,23.3,23.3,23.3,300,HTL,"At 2025-11-24 14:00:00, the stock HTL opened at 23.30 VND, reached a high of 23.30 VND, a low of 23.30 VND, and closed the hour at 23.30 VND with a trading volume of 300 shares."
2025-11-25 09:00:00,22.9,23.3,22.9,23.25,500,HTL,"At 2025-11-25 09:00:00, the stock HTL opened at 22.90 VND, reached a high of 23.30 VND, a low of 22.90 VND, and closed the hour at 23.25 VND with a trading volume of 500 shares."
2025-11-25 10:00:00,23.2,23.2,23.2,23.2,200,HTL,"At 2025-11-25 10:00:00, the stock HTL opened at 23.20 VND, reached a high of 23.20 VND, a low of 23.20 VND, and closed the hour at 23.20 VND with a trading volume of 200 shares."
2025-11-25 11:00:00,23.2,23.2,23.2,23.2,1100,HTL,"At 2025-11-25 11:00:00, the stock HTL opened at 23.20 VND, reached a high of 23.20 VND, a low of 23.20 VND, and closed the hour at 23.20 VND with a trading volume of 1,100 shares."
2025-11-25 13:00:00,23.15,23.15,23.15,23.15,200,HTL,"At 2025-11-25 13:00:00, the stock HTL opened at 23.15 VND, reached a high of 23.15 VND, a low of 23.15 VND, and closed the hour at 23.15 VND with a trading volume of 200 shares."
2025-11-25 14:00:00,23.15,23.2,23.1,23.2,2500,HTL,"At 2025-11-25 14:00:00, the stock HTL opened at 23.15 VND, reached a high of 23.20 VND, a low of 23.10 VND, and closed the hour at 23.20 VND with a trading volume of 2,500 shares."
2025-11-26 10:00:00,23.5,23.5,23.5,23.5,400,HTL,"At 2025-11-26 10:00:00, the stock HTL opened at 23.50 VND, reached a high of 23.50 VND, a low of 23.50 VND, and closed the hour at 23.50 VND with a trading volume of 400 shares."
2025-11-26 11:00:00,23.2,23.2,23.2,23.2,100,HTL,"At 2025-11-26 11:00:00, the stock HTL opened at 23.20 VND, reached a high of 23.20 VND, a low of 23.20 VND, and closed the hour at 23.20 VND with a trading volume of 100 shares."
2025-11-26 13:00:00,23.45,23.45,23.45,23.45,100,HTL,"At 2025-11-26 13:00:00, the stock HTL opened at 23.45 VND, reached a high of 23.45 VND, a low of 23.45 VND, and closed the hour at 23.45 VND with a trading volume of 100 shares."
2025-11-26 14:00:00,23.4,23.4,23.4,23.4,100,HTL,"At 2025-11-26 14:00:00, the stock HTL opened at 23.40 VND, reached a high of 23.40 VND, a low of 23.40 VND, and closed the hour at 23.40 VND with a trading volume of 100 shares."
2025-11-27 09:00:00,23.4,23.5,23.2,23.5,2300,HTL,"At 2025-11-27 09:00:00, the stock HTL opened at 23.40 VND, reached a high of 23.50 VND, a low of 23.20 VND, and closed the hour at 23.50 VND with a trading volume of 2,300 shares."
2025-11-27 10:00:00,23.3,23.3,23.3,23.3,700,HTL,"At 2025-11-27 10:00:00, the stock HTL opened at 23.30 VND, reached a high of 23.30 VND, a low of 23.30 VND, and closed the hour at 23.30 VND with a trading volume of 700 shares."
2025-11-27 13:00:00,23.3,24.0,23.3,24.0,10900,HTL,"At 2025-11-27 13:00:00, the stock HTL opened at 23.30 VND, reached a high of 24.00 VND, a low of 23.30 VND, and closed the hour at 24.00 VND with a trading volume of 10,900 shares."
2025-11-27 14:00:00,23.45,24.0,23.45,24.0,10800,HTL,"At 2025-11-27 14:00:00, the stock HTL opened at 23.45 VND, reached a high of 24.00 VND, a low of 23.45 VND, and closed the hour at 24.00 VND with a trading volume of 10,800 shares."
2025-11-28 09:00:00,24.05,24.05,24.0,24.0,200,HTL,"At 2025-11-28 09:00:00, the stock HTL opened at 24.05 VND, reached a high of 24.05 VND, a low of 24.00 VND, and closed the hour at 24.00 VND with a trading volume of 200 shares."
2025-11-28 10:00:00,23.95,24.0,23.95,24.0,2200,HTL,"At 2025-11-28 10:00:00, the stock HTL opened at 23.95 VND, reached a high of 24.00 VND, a low of 23.95 VND, and closed the hour at 24.00 VND with a trading volume of 2,200 shares."
2025-11-28 11:00:00,23.95,23.95,23.95,23.95,900,HTL,"At 2025-11-28 11:00:00, the stock HTL opened at 23.95 VND, reached a high of 23.95 VND, a low of 23.95 VND, and closed the hour at 23.95 VND with a trading volume of 900 shares."
2025-11-28 13:00:00,23.95,23.95,23.95,23.95,500,HTL,"At 2025-11-28 13:00:00, the stock HTL opened at 23.95 VND, reached a high of 23.95 VND, a low of 23.95 VND, and closed the hour at 23.95 VND with a trading volume of 500 shares."
2025-11-28 14:00:00,24.0,24.0,23.95,23.95,2300,HTL,"At 2025-11-28 14:00:00, the stock HTL opened at 24.00 VND, reached a high of 24.00 VND, a low of 23.95 VND, and closed the hour at 23.95 VND with a trading volume of 2,300 shares."
2025-12-01 10:00:00,23.95,23.95,23.5,23.5,500,HTL,"At 2025-12-01 10:00:00, the stock HTL opened at 23.95 VND, reached a high of 23.95 VND, a low of 23.50 VND, and closed the hour at 23.50 VND with a trading volume of 500 shares."
2025-12-01 13:00:00,23.6,23.6,23.6,23.6,400,HTL,"At 2025-12-01 13:00:00, the stock HTL opened at 23.60 VND, reached a high of 23.60 VND, a low of 23.60 VND, and closed the hour at 23.60 VND with a trading volume of 400 shares."
2025-12-02 09:00:00,24.0,24.0,24.0,24.0,100,HTL,"At 2025-12-02 09:00:00, the stock HTL opened at 24.00 VND, reached a high of 24.00 VND, a low of 24.00 VND, and closed the hour at 24.00 VND with a trading volume of 100 shares."
2025-12-02 13:00:00,23.75,23.75,23.75,23.75,100,HTL,"At 2025-12-02 13:00:00, the stock HTL opened at 23.75 VND, reached a high of 23.75 VND, a low of 23.75 VND, and closed the hour at 23.75 VND with a trading volume of 100 shares."
2025-12-03 09:00:00,24.0,24.0,24.0,24.0,1000,HTL,"At 2025-12-03 09:00:00, the stock HTL opened at 24.00 VND, reached a high of 24.00 VND, a low of 24.00 VND, and closed the hour at 24.00 VND with a trading volume of 1,000 shares."
2025-12-03 11:00:00,23.5,23.5,23.5,23.5,100,HTL,"At 2025-12-03 11:00:00, the stock HTL opened at 23.50 VND, reached a high of 23.50 VND, a low of 23.50 VND, and closed the hour at 23.50 VND with a trading volume of 100 shares."
2025-12-03 13:00:00,23.6,23.6,23.5,23.5,800,HTL,"At 2025-12-03 13:00:00, the stock HTL opened at 23.60 VND, reached a high of 23.60 VND, a low of 23.50 VND, and closed the hour at 23.50 VND with a trading volume of 800 shares."
2025-12-03 14:00:00,23.4,23.55,23.4,23.55,800,HTL,"At 2025-12-03 14:00:00, the stock HTL opened at 23.40 VND, reached a high of 23.55 VND, a low of 23.40 VND, and closed the hour at 23.55 VND with a trading volume of 800 shares."
2025-12-04 10:00:00,23.5,23.5,23.45,23.5,1400,HTL,"At 2025-12-04 10:00:00, the stock HTL opened at 23.50 VND, reached a high of 23.50 VND, a low of 23.45 VND, and closed the hour at 23.50 VND with a trading volume of 1,400 shares."
2025-12-04 11:00:00,23.5,23.5,23.5,23.5,300,HTL,"At 2025-12-04 11:00:00, the stock HTL opened at 23.50 VND, reached a high of 23.50 VND, a low of 23.50 VND, and closed the hour at 23.50 VND with a trading volume of 300 shares."
2025-12-04 13:00:00,23.5,23.9,23.5,23.9,200,HTL,"At 2025-12-04 13:00:00, the stock HTL opened at 23.50 VND, reached a high of 23.90 VND, a low of 23.50 VND, and closed the hour at 23.90 VND with a trading volume of 200 shares."
2025-12-05 14:00:00,23.5,23.5,23.4,23.4,1200,HTL,"At 2025-12-05 14:00:00, the stock HTL opened at 23.50 VND, reached a high of 23.50 VND, a low of 23.40 VND, and closed the hour at 23.40 VND with a trading volume of 1,200 shares."
2025-12-08 09:00:00,23.85,23.9,23.85,23.9,200,HTL,"At 2025-12-08 09:00:00, the stock HTL opened at 23.85 VND, reached a high of 23.90 VND, a low of 23.85 VND, and closed the hour at 23.90 VND with a trading volume of 200 shares."
2025-12-08 10:00:00,23.85,23.85,23.8,23.8,300,HTL,"At 2025-12-08 10:00:00, the stock HTL opened at 23.85 VND, reached a high of 23.85 VND, a low of 23.80 VND, and closed the hour at 23.80 VND with a trading volume of 300 shares."
2025-12-08 11:00:00,23.8,23.8,23.5,23.5,700,HTL,"At 2025-12-08 11:00:00, the stock HTL opened at 23.80 VND, reached a high of 23.80 VND, a low of 23.50 VND, and closed the hour at 23.50 VND with a trading volume of 700 shares."
2025-12-08 13:00:00,23.5,23.5,23.5,23.5,500,HTL,"At 2025-12-08 13:00:00, the stock HTL opened at 23.50 VND, reached a high of 23.50 VND, a low of 23.50 VND, and closed the hour at 23.50 VND with a trading volume of 500 shares."
2025-12-08 14:00:00,23.5,23.5,23.45,23.5,500,HTL,"At 2025-12-08 14:00:00, the stock HTL opened at 23.50 VND, reached a high of 23.50 VND, a low of 23.45 VND, and closed the hour at 23.50 VND with a trading volume of 500 shares."
2025-12-09 09:00:00,23.5,23.5,23.5,23.5,200,HTL,"At 2025-12-09 09:00:00, the stock HTL opened at 23.50 VND, reached a high of 23.50 VND, a low of 23.50 VND, and closed the hour at 23.50 VND with a trading volume of 200 shares."
2025-12-09 10:00:00,23.5,23.5,23.5,23.5,200,HTL,"At 2025-12-09 10:00:00, the stock HTL opened at 23.50 VND, reached a high of 23.50 VND, a low of 23.50 VND, and closed the hour at 23.50 VND with a trading volume of 200 shares."
2025-12-09 13:00:00,23.5,23.5,23.5,23.5,300,HTL,"At 2025-12-09 13:00:00, the stock HTL opened at 23.50 VND, reached a high of 23.50 VND, a low of 23.50 VND, and closed the hour at 23.50 VND with a trading volume of 300 shares."
2025-12-10 09:00:00,23.4,23.4,23.4,23.4,100,HTL,"At 2025-12-10 09:00:00, the stock HTL opened at 23.40 VND, reached a high of 23.40 VND, a low of 23.40 VND, and closed the hour at 23.40 VND with a trading volume of 100 shares."
2025-12-10 10:00:00,23.5,23.5,23.5,23.5,100,HTL,"At 2025-12-10 10:00:00, the stock HTL opened at 23.50 VND, reached a high of 23.50 VND, a low of 23.50 VND, and closed the hour at 23.50 VND with a trading volume of 100 shares."
2025-12-10 11:00:00,23.5,23.5,23.5,23.5,100,HTL,"At 2025-12-10 11:00:00, the stock HTL opened at 23.50 VND, reached a high of 23.50 VND, a low of 23.50 VND, and closed the hour at 23.50 VND with a trading volume of 100 shares."
2025-12-10 13:00:00,23.4,23.4,23.3,23.3,700,HTL,"At 2025-12-10 13:00:00, the stock HTL opened at 23.40 VND, reached a high of 23.40 VND, a low of 23.30 VND, and closed the hour at 23.30 VND with a trading volume of 700 shares."
2025-12-11 10:00:00,23.35,23.55,23.3,23.55,1100,HTL,"At 2025-12-11 10:00:00, the stock HTL opened at 23.35 VND, reached a high of 23.55 VND, a low of 23.30 VND, and closed the hour at 23.55 VND with a trading volume of 1,100 shares."
2025-12-11 14:00:00,23.3,23.4,23.3,23.4,600,HTL,"At 2025-12-11 14:00:00, the stock HTL opened at 23.30 VND, reached a high of 23.40 VND, a low of 23.30 VND, and closed the hour at 23.40 VND with a trading volume of 600 shares."
2025-12-12 09:00:00,23.3,23.3,23.3,23.3,100,HTL,"At 2025-12-12 09:00:00, the stock HTL opened at 23.30 VND, reached a high of 23.30 VND, a low of 23.30 VND, and closed the hour at 23.30 VND with a trading volume of 100 shares."
2025-12-12 11:00:00,23.5,23.5,23.5,23.5,500,HTL,"At 2025-12-12 11:00:00, the stock HTL opened at 23.50 VND, reached a high of 23.50 VND, a low of 23.50 VND, and closed the hour at 23.50 VND with a trading volume of 500 shares."
2025-12-12 13:00:00,23.5,23.5,23.4,23.4,800,HTL,"At 2025-12-12 13:00:00, the stock HTL opened at 23.50 VND, reached a high of 23.50 VND, a low of 23.40 VND, and closed the hour at 23.40 VND with a trading volume of 800 shares."
2025-12-12 14:00:00,23.4,23.4,23.35,23.35,600,HTL,"At 2025-12-12 14:00:00, the stock HTL opened at 23.40 VND, reached a high of 23.40 VND, a low of 23.35 VND, and closed the hour at 23.35 VND with a trading volume of 600 shares."
2025-12-15 09:00:00,23.35,23.35,23.35,23.35,100,HTL,"At 2025-12-15 09:00:00, the stock HTL opened at 23.35 VND, reached a high of 23.35 VND, a low of 23.35 VND, and closed the hour at 23.35 VND with a trading volume of 100 shares."
2025-12-15 10:00:00,23.35,23.35,23.35,23.35,200,HTL,"At 2025-12-15 10:00:00, the stock HTL opened at 23.35 VND, reached a high of 23.35 VND, a low of 23.35 VND, and closed the hour at 23.35 VND with a trading volume of 200 shares."
2025-12-15 11:00:00,23.35,23.35,23.35,23.35,300,HTL,"At 2025-12-15 11:00:00, the stock HTL opened at 23.35 VND, reached a high of 23.35 VND, a low of 23.35 VND, and closed the hour at 23.35 VND with a trading volume of 300 shares."
2025-12-16 11:00:00,23.25,23.25,23.25,23.25,300,HTL,"At 2025-12-16 11:00:00, the stock HTL opened at 23.25 VND, reached a high of 23.25 VND, a low of 23.25 VND, and closed the hour at 23.25 VND with a trading volume of 300 shares."
2025-12-16 13:00:00,23.3,23.3,23.3,23.3,500,HTL,"At 2025-12-16 13:00:00, the stock HTL opened at 23.30 VND, reached a high of 23.30 VND, a low of 23.30 VND, and closed the hour at 23.30 VND with a trading volume of 500 shares."
2025-12-16 14:00:00,23.3,23.3,23.3,23.3,100,HTL,"At 2025-12-16 14:00:00, the stock HTL opened at 23.30 VND, reached a high of 23.30 VND, a low of 23.30 VND, and closed the hour at 23.30 VND with a trading volume of 100 shares."
2025-12-17 09:00:00,23.3,23.3,23.1,23.1,1000,HTL,"At 2025-12-17 09:00:00, the stock HTL opened at 23.30 VND, reached a high of 23.30 VND, a low of 23.10 VND, and closed the hour at 23.10 VND with a trading volume of 1,000 shares."
2025-12-17 10:00:00,23.1,23.1,23.1,23.1,400,HTL,"At 2025-12-17 10:00:00, the stock HTL opened at 23.10 VND, reached a high of 23.10 VND, a low of 23.10 VND, and closed the hour at 23.10 VND with a trading volume of 400 shares."
2025-12-17 14:00:00,23.15,23.15,23.1,23.1,1000,HTL,"At 2025-12-17 14:00:00, the stock HTL opened at 23.15 VND, reached a high of 23.15 VND, a low of 23.10 VND, and closed the hour at 23.10 VND with a trading volume of 1,000 shares."
2025-12-18 13:00:00,23.1,23.1,23.0,23.0,400,HTL,"At 2025-12-18 13:00:00, the stock HTL opened at 23.10 VND, reached a high of 23.10 VND, a low of 23.00 VND, and closed the hour at 23.00 VND with a trading volume of 400 shares."
2025-12-18 14:00:00,23.1,23.1,23.1,23.1,200,HTL,"At 2025-12-18 14:00:00, the stock HTL opened at 23.10 VND, reached a high of 23.10 VND, a low of 23.10 VND, and closed the hour at 23.10 VND with a trading volume of 200 shares."
2025-12-19 09:00:00,23.0,23.0,23.0,23.0,800,HTL,"At 2025-12-19 09:00:00, the stock HTL opened at 23.00 VND, reached a high of 23.00 VND, a low of 23.00 VND, and closed the hour at 23.00 VND with a trading volume of 800 shares."
2025-12-19 10:00:00,22.9,22.9,22.9,22.9,200,HTL,"At 2025-12-19 10:00:00, the stock HTL opened at 22.90 VND, reached a high of 22.90 VND, a low of 22.90 VND, and closed the hour at 22.90 VND with a trading volume of 200 shares."
2025-12-19 11:00:00,22.8,22.9,22.8,22.9,600,HTL,"At 2025-12-19 11:00:00, the stock HTL opened at 22.80 VND, reached a high of 22.90 VND, a low of 22.80 VND, and closed the hour at 22.90 VND with a trading volume of 600 shares."
2025-12-19 13:00:00,22.8,22.8,22.8,22.8,600,HTL,"At 2025-12-19 13:00:00, the stock HTL opened at 22.80 VND, reached a high of 22.80 VND, a low of 22.80 VND, and closed the hour at 22.80 VND with a trading volume of 600 shares."
2025-12-22 09:00:00,23.0,23.0,23.0,23.0,1400,HTL,"At 2025-12-22 09:00:00, the stock HTL opened at 23.00 VND, reached a high of 23.00 VND, a low of 23.00 VND, and closed the hour at 23.00 VND with a trading volume of 1,400 shares."
2025-12-22 10:00:00,23.0,23.0,23.0,23.0,1000,HTL,"At 2025-12-22 10:00:00, the stock HTL opened at 23.00 VND, reached a high of 23.00 VND, a low of 23.00 VND, and closed the hour at 23.00 VND with a trading volume of 1,000 shares."
2025-12-22 11:00:00,23.0,23.0,22.7,22.7,1600,HTL,"At 2025-12-22 11:00:00, the stock HTL opened at 23.00 VND, reached a high of 23.00 VND, a low of 22.70 VND, and closed the hour at 22.70 VND with a trading volume of 1,600 shares."
2025-12-23 09:00:00,23.4,23.4,23.4,23.4,100,HTL,"At 2025-12-23 09:00:00, the stock HTL opened at 23.40 VND, reached a high of 23.40 VND, a low of 23.40 VND, and closed the hour at 23.40 VND with a trading volume of 100 shares."
2025-12-23 13:00:00,22.7,22.7,22.7,22.7,500,HTL,"At 2025-12-23 13:00:00, the stock HTL opened at 22.70 VND, reached a high of 22.70 VND, a low of 22.70 VND, and closed the hour at 22.70 VND with a trading volume of 500 shares."
2025-12-23 14:00:00,22.7,22.7,22.7,22.7,100,HTL,"At 2025-12-23 14:00:00, the stock HTL opened at 22.70 VND, reached a high of 22.70 VND, a low of 22.70 VND, and closed the hour at 22.70 VND with a trading volume of 100 shares."
2025-12-24 09:00:00,22.7,22.7,22.7,22.7,100,HTL,"At 2025-12-24 09:00:00, the stock HTL opened at 22.70 VND, reached a high of 22.70 VND, a low of 22.70 VND, and closed the hour at 22.70 VND with a trading volume of 100 shares."
2025-12-24 13:00:00,23.3,23.3,23.3,23.3,100,HTL,"At 2025-12-24 13:00:00, the stock HTL opened at 23.30 VND, reached a high of 23.30 VND, a low of 23.30 VND, and closed the hour at 23.30 VND with a trading volume of 100 shares."
2025-12-25 10:00:00,23.0,23.0,22.7,22.7,1000,HTL,"At 2025-12-25 10:00:00, the stock HTL opened at 23.00 VND, reached a high of 23.00 VND, a low of 22.70 VND, and closed the hour at 22.70 VND with a trading volume of 1,000 shares."
2025-12-25 11:00:00,22.7,22.7,22.7,22.7,100,HTL,"At 2025-12-25 11:00:00, the stock HTL opened at 22.70 VND, reached a high of 22.70 VND, a low of 22.70 VND, and closed the hour at 22.70 VND with a trading volume of 100 shares."
2025-12-26 09:00:00,22.7,22.7,22.7,22.7,200,HTL,"At 2025-12-26 09:00:00, the stock HTL opened at 22.70 VND, reached a high of 22.70 VND, a low of 22.70 VND, and closed the hour at 22.70 VND with a trading volume of 200 shares."
2025-12-26 10:00:00,22.7,22.7,22.7,22.7,800,HTL,"At 2025-12-26 10:00:00, the stock HTL opened at 22.70 VND, reached a high of 22.70 VND, a low of 22.70 VND, and closed the hour at 22.70 VND with a trading volume of 800 shares."
2025-12-26 13:00:00,23.0,23.2,23.0,23.2,2000,HTL,"At 2025-12-26 13:00:00, the stock HTL opened at 23.00 VND, reached a high of 23.20 VND, a low of 23.00 VND, and closed the hour at 23.20 VND with a trading volume of 2,000 shares."
2025-12-26 14:00:00,23.0,23.0,23.0,23.0,600,HTL,"At 2025-12-26 14:00:00, the stock HTL opened at 23.00 VND, reached a high of 23.00 VND, a low of 23.00 VND, and closed the hour at 23.00 VND with a trading volume of 600 shares."
2025-12-29 09:00:00,23.2,23.3,23.2,23.3,500,HTL,"At 2025-12-29 09:00:00, the stock HTL opened at 23.20 VND, reached a high of 23.30 VND, a low of 23.20 VND, and closed the hour at 23.30 VND with a trading volume of 500 shares."
2025-12-29 13:00:00,23.1,23.3,23.1,23.3,600,HTL,"At 2025-12-29 13:00:00, the stock HTL opened at 23.10 VND, reached a high of 23.30 VND, a low of 23.10 VND, and closed the hour at 23.30 VND with a trading volume of 600 shares."
2025-12-30 10:00:00,23.3,23.3,23.3,23.3,100,HTL,"At 2025-12-30 10:00:00, the stock HTL opened at 23.30 VND, reached a high of 23.30 VND, a low of 23.30 VND, and closed the hour at 23.30 VND with a trading volume of 100 shares."
2025-12-31 11:00:00,23.3,23.3,23.3,23.3,100,HTL,"At 2025-12-31 11:00:00, the stock HTL opened at 23.30 VND, reached a high of 23.30 VND, a low of 23.30 VND, and closed the hour at 23.30 VND with a trading volume of 100 shares."
2026-01-05 09:00:00,23.3,23.3,23.3,23.3,400,HTL,"At 2026-01-05 09:00:00, the stock HTL opened at 23.30 VND, reached a high of 23.30 VND, a low of 23.30 VND, and closed the hour at 23.30 VND with a trading volume of 400 shares."
2026-01-05 10:00:00,23.3,23.3,23.3,23.3,2000,HTL,"At 2026-01-05 10:00:00, the stock HTL opened at 23.30 VND, reached a high of 23.30 VND, a low of 23.30 VND, and closed the hour at 23.30 VND with a trading volume of 2,000 shares."
2026-01-05 13:00:00,23.0,23.0,23.0,23.0,100,HTL,"At 2026-01-05 13:00:00, the stock HTL opened at 23.00 VND, reached a high of 23.00 VND, a low of 23.00 VND, and closed the hour at 23.00 VND with a trading volume of 100 shares."
2026-01-06 09:00:00,23.4,23.5,23.4,23.5,1000,HTL,"At 2026-01-06 09:00:00, the stock HTL opened at 23.40 VND, reached a high of 23.50 VND, a low of 23.40 VND, and closed the hour at 23.50 VND with a trading volume of 1,000 shares."
2026-01-06 10:00:00,23.5,23.5,23.0,23.0,1200,HTL,"At 2026-01-06 10:00:00, the stock HTL opened at 23.50 VND, reached a high of 23.50 VND, a low of 23.00 VND, and closed the hour at 23.00 VND with a trading volume of 1,200 shares."
2026-01-06 13:00:00,23.15,23.15,23.1,23.1,700,HTL,"At 2026-01-06 13:00:00, the stock HTL opened at 23.15 VND, reached a high of 23.15 VND, a low of 23.10 VND, and closed the hour at 23.10 VND with a trading volume of 700 shares."
2026-01-06 14:00:00,23.1,23.1,23.1,23.1,200,HTL,"At 2026-01-06 14:00:00, the stock HTL opened at 23.10 VND, reached a high of 23.10 VND, a low of 23.10 VND, and closed the hour at 23.10 VND with a trading volume of 200 shares."
2026-01-07 09:00:00,23.3,23.5,23.3,23.5,1900,HTL,"At 2026-01-07 09:00:00, the stock HTL opened at 23.30 VND, reached a high of 23.50 VND, a low of 23.30 VND, and closed the hour at 23.50 VND with a trading volume of 1,900 shares."
2026-01-07 10:00:00,23.6,23.6,23.6,23.6,900,HTL,"At 2026-01-07 10:00:00, the stock HTL opened at 23.60 VND, reached a high of 23.60 VND, a low of 23.60 VND, and closed the hour at 23.60 VND with a trading volume of 900 shares."
2026-01-07 13:00:00,23.6,23.6,23.6,23.6,1000,HTL,"At 2026-01-07 13:00:00, the stock HTL opened at 23.60 VND, reached a high of 23.60 VND, a low of 23.60 VND, and closed the hour at 23.60 VND with a trading volume of 1,000 shares."
2026-01-07 14:00:00,23.6,23.6,23.6,23.6,500,HTL,"At 2026-01-07 14:00:00, the stock HTL opened at 23.60 VND, reached a high of 23.60 VND, a low of 23.60 VND, and closed the hour at 23.60 VND with a trading volume of 500 shares."
2026-01-08 10:00:00,23.6,23.6,23.6,23.6,500,HTL,"At 2026-01-08 10:00:00, the stock HTL opened at 23.60 VND, reached a high of 23.60 VND, a low of 23.60 VND, and closed the hour at 23.60 VND with a trading volume of 500 shares."
2026-01-08 13:00:00,23.4,23.4,23.0,23.0,4500,HTL,"At 2026-01-08 13:00:00, the stock HTL opened at 23.40 VND, reached a high of 23.40 VND, a low of 23.00 VND, and closed the hour at 23.00 VND with a trading volume of 4,500 shares."
2026-01-08 14:00:00,23.0,23.0,23.0,23.0,900,HTL,"At 2026-01-08 14:00:00, the stock HTL opened at 23.00 VND, reached a high of 23.00 VND, a low of 23.00 VND, and closed the hour at 23.00 VND with a trading volume of 900 shares."
2026-01-09 09:00:00,23.45,23.45,23.45,23.45,100,HTL,"At 2026-01-09 09:00:00, the stock HTL opened at 23.45 VND, reached a high of 23.45 VND, a low of 23.45 VND, and closed the hour at 23.45 VND with a trading volume of 100 shares."
2026-01-09 11:00:00,23.45,23.45,23.45,23.45,200,HTL,"At 2026-01-09 11:00:00, the stock HTL opened at 23.45 VND, reached a high of 23.45 VND, a low of 23.45 VND, and closed the hour at 23.45 VND with a trading volume of 200 shares."
2026-01-09 13:00:00,23.05,23.05,23.05,23.05,100,HTL,"At 2026-01-09 13:00:00, the stock HTL opened at 23.05 VND, reached a high of 23.05 VND, a low of 23.05 VND, and closed the hour at 23.05 VND with a trading volume of 100 shares."
2026-01-09 14:00:00,23.0,23.0,23.0,23.0,200,HTL,"At 2026-01-09 14:00:00, the stock HTL opened at 23.00 VND, reached a high of 23.00 VND, a low of 23.00 VND, and closed the hour at 23.00 VND with a trading volume of 200 shares."
2026-01-12 09:00:00,23.0,23.0,22.9,22.9,3900,HTL,"At 2026-01-12 09:00:00, the stock HTL opened at 23.00 VND, reached a high of 23.00 VND, a low of 22.90 VND, and closed the hour at 22.90 VND with a trading volume of 3,900 shares."
2026-01-12 10:00:00,22.9,22.9,22.3,22.3,3400,HTL,"At 2026-01-12 10:00:00, the stock HTL opened at 22.90 VND, reached a high of 22.90 VND, a low of 22.30 VND, and closed the hour at 22.30 VND with a trading volume of 3,400 shares."
2026-01-12 13:00:00,22.4,22.5,22.25,22.25,6400,HTL,"At 2026-01-12 13:00:00, the stock HTL opened at 22.40 VND, reached a high of 22.50 VND, a low of 22.25 VND, and closed the hour at 22.25 VND with a trading volume of 6,400 shares."
2026-01-12 14:00:00,22.25,22.25,22.25,22.25,100,HTL,"At 2026-01-12 14:00:00, the stock HTL opened at 22.25 VND, reached a high of 22.25 VND, a low of 22.25 VND, and closed the hour at 22.25 VND with a trading volume of 100 shares."
2026-01-13 09:00:00,22.9,22.9,22.25,22.25,2900,HTL,"At 2026-01-13 09:00:00, the stock HTL opened at 22.90 VND, reached a high of 22.90 VND, a low of 22.25 VND, and closed the hour at 22.25 VND with a trading volume of 2,900 shares."
2026-01-13 10:00:00,22.8,22.8,22.3,22.3,800,HTL,"At 2026-01-13 10:00:00, the stock HTL opened at 22.80 VND, reached a high of 22.80 VND, a low of 22.30 VND, and closed the hour at 22.30 VND with a trading volume of 800 shares."
2026-01-13 11:00:00,22.5,22.5,22.5,22.5,100,HTL,"At 2026-01-13 11:00:00, the stock HTL opened at 22.50 VND, reached a high of 22.50 VND, a low of 22.50 VND, and closed the hour at 22.50 VND with a trading volume of 100 shares."
2026-01-14 09:00:00,22.5,22.5,22.5,22.5,3100,HTL,"At 2026-01-14 09:00:00, the stock HTL opened at 22.50 VND, reached a high of 22.50 VND, a low of 22.50 VND, and closed the hour at 22.50 VND with a trading volume of 3,100 shares."
2026-01-14 10:00:00,22.5,22.5,22.5,22.5,3000,HTL,"At 2026-01-14 10:00:00, the stock HTL opened at 22.50 VND, reached a high of 22.50 VND, a low of 22.50 VND, and closed the hour at 22.50 VND with a trading volume of 3,000 shares."
2026-01-14 13:00:00,22.5,22.5,22.5,22.5,3500,HTL,"At 2026-01-14 13:00:00, the stock HTL opened at 22.50 VND, reached a high of 22.50 VND, a low of 22.50 VND, and closed the hour at 22.50 VND with a trading volume of 3,500 shares."
2026-01-15 09:00:00,22.5,22.5,22.5,22.5,200,HTL,"At 2026-01-15 09:00:00, the stock HTL opened at 22.50 VND, reached a high of 22.50 VND, a low of 22.50 VND, and closed the hour at 22.50 VND with a trading volume of 200 shares."
2026-01-15 10:00:00,22.5,22.5,22.5,22.5,3000,HTL,"At 2026-01-15 10:00:00, the stock HTL opened at 22.50 VND, reached a high of 22.50 VND, a low of 22.50 VND, and closed the hour at 22.50 VND with a trading volume of 3,000 shares."
2026-01-15 11:00:00,22.5,22.5,22.5,22.5,100,HTL,"At 2026-01-15 11:00:00, the stock HTL opened at 22.50 VND, reached a high of 22.50 VND, a low of 22.50 VND, and closed the hour at 22.50 VND with a trading volume of 100 shares."
2026-01-15 13:00:00,22.5,22.5,22.5,22.5,200,HTL,"At 2026-01-15 13:00:00, the stock HTL opened at 22.50 VND, reached a high of 22.50 VND, a low of 22.50 VND, and closed the hour at 22.50 VND with a trading volume of 200 shares."
2026-01-16 09:00:00,22.3,22.3,22.3,22.3,200,HTL,"At 2026-01-16 09:00:00, the stock HTL opened at 22.30 VND, reached a high of 22.30 VND, a low of 22.30 VND, and closed the hour at 22.30 VND with a trading volume of 200 shares."
2026-01-16 13:00:00,22.6,22.6,22.6,22.6,3200,HTL,"At 2026-01-16 13:00:00, the stock HTL opened at 22.60 VND, reached a high of 22.60 VND, a low of 22.60 VND, and closed the hour at 22.60 VND with a trading volume of 3,200 shares."
2026-01-16 14:00:00,22.6,22.8,22.6,22.8,2500,HTL,"At 2026-01-16 14:00:00, the stock HTL opened at 22.60 VND, reached a high of 22.80 VND, a low of 22.60 VND, and closed the hour at 22.80 VND with a trading volume of 2,500 shares."
2026-01-19 09:00:00,22.75,22.75,22.75,22.75,100,HTL,"At 2026-01-19 09:00:00, the stock HTL opened at 22.75 VND, reached a high of 22.75 VND, a low of 22.75 VND, and closed the hour at 22.75 VND with a trading volume of 100 shares."
2026-01-19 10:00:00,22.8,22.8,22.8,22.8,600,HTL,"At 2026-01-19 10:00:00, the stock HTL opened at 22.80 VND, reached a high of 22.80 VND, a low of 22.80 VND, and closed the hour at 22.80 VND with a trading volume of 600 shares."
2026-01-19 13:00:00,22.8,22.8,22.5,22.5,26000,HTL,"At 2026-01-19 13:00:00, the stock HTL opened at 22.80 VND, reached a high of 22.80 VND, a low of 22.50 VND, and closed the hour at 22.50 VND with a trading volume of 26,000 shares."
2026-01-19 14:00:00,22.5,22.5,22.5,22.5,100,HTL,"At 2026-01-19 14:00:00, the stock HTL opened at 22.50 VND, reached a high of 22.50 VND, a low of 22.50 VND, and closed the hour at 22.50 VND with a trading volume of 100 shares."
2026-01-20 10:00:00,22.5,22.5,22.5,22.5,100,HTL,"At 2026-01-20 10:00:00, the stock HTL opened at 22.50 VND, reached a high of 22.50 VND, a low of 22.50 VND, and closed the hour at 22.50 VND with a trading volume of 100 shares."
2026-01-20 13:00:00,22.5,22.5,22.5,22.5,2200,HTL,"At 2026-01-20 13:00:00, the stock HTL opened at 22.50 VND, reached a high of 22.50 VND, a low of 22.50 VND, and closed the hour at 22.50 VND with a trading volume of 2,200 shares."
2026-01-21 09:00:00,22.3,22.5,22.25,22.5,500,HTL,"At 2026-01-21 09:00:00, the stock HTL opened at 22.30 VND, reached a high of 22.50 VND, a low of 22.25 VND, and closed the hour at 22.50 VND with a trading volume of 500 shares."
2026-01-21 14:00:00,22.5,22.5,22.45,22.45,2700,HTL,"At 2026-01-21 14:00:00, the stock HTL opened at 22.50 VND, reached a high of 22.50 VND, a low of 22.45 VND, and closed the hour at 22.45 VND with a trading volume of 2,700 shares."
2026-01-22 09:00:00,22.45,22.45,22.45,22.45,300,HTL,"At 2026-01-22 09:00:00, the stock HTL opened at 22.45 VND, reached a high of 22.45 VND, a low of 22.45 VND, and closed the hour at 22.45 VND with a trading volume of 300 shares."
2026-01-22 10:00:00,22.45,22.45,22.45,22.45,1100,HTL,"At 2026-01-22 10:00:00, the stock HTL opened at 22.45 VND, reached a high of 22.45 VND, a low of 22.45 VND, and closed the hour at 22.45 VND with a trading volume of 1,100 shares."
2026-01-23 14:00:00,22.6,22.6,22.5,22.5,500,HTL,"At 2026-01-23 14:00:00, the stock HTL opened at 22.60 VND, reached a high of 22.60 VND, a low of 22.50 VND, and closed the hour at 22.50 VND with a trading volume of 500 shares."
2026-01-26 09:00:00,23.45,23.6,23.3,23.3,4800,HTL,"At 2026-01-26 09:00:00, the stock HTL opened at 23.45 VND, reached a high of 23.60 VND, a low of 23.30 VND, and closed the hour at 23.30 VND with a trading volume of 4,800 shares."
2026-01-26 10:00:00,23.25,23.25,23.2,23.2,600,HTL,"At 2026-01-26 10:00:00, the stock HTL opened at 23.25 VND, reached a high of 23.25 VND, a low of 23.20 VND, and closed the hour at 23.20 VND with a trading volume of 600 shares."
2026-01-26 11:00:00,23.3,23.3,23.2,23.2,300,HTL,"At 2026-01-26 11:00:00, the stock HTL opened at 23.30 VND, reached a high of 23.30 VND, a low of 23.20 VND, and closed the hour at 23.20 VND with a trading volume of 300 shares."
2026-01-26 13:00:00,23.3,23.3,23.2,23.2,1100,HTL,"At 2026-01-26 13:00:00, the stock HTL opened at 23.30 VND, reached a high of 23.30 VND, a low of 23.20 VND, and closed the hour at 23.20 VND with a trading volume of 1,100 shares."
2026-01-26 14:00:00,23.2,23.2,23.2,23.2,1200,HTL,"At 2026-01-26 14:00:00, the stock HTL opened at 23.20 VND, reached a high of 23.20 VND, a low of 23.20 VND, and closed the hour at 23.20 VND with a trading volume of 1,200 shares."
2026-01-27 09:00:00,23.2,23.2,23.2,23.2,1200,HTL,"At 2026-01-27 09:00:00, the stock HTL opened at 23.20 VND, reached a high of 23.20 VND, a low of 23.20 VND, and closed the hour at 23.20 VND with a trading volume of 1,200 shares."
2026-01-27 10:00:00,23.2,23.2,23.2,23.2,100,HTL,"At 2026-01-27 10:00:00, the stock HTL opened at 23.20 VND, reached a high of 23.20 VND, a low of 23.20 VND, and closed the hour at 23.20 VND with a trading volume of 100 shares."
2026-01-27 11:00:00,23.2,23.2,23.15,23.15,400,HTL,"At 2026-01-27 11:00:00, the stock HTL opened at 23.20 VND, reached a high of 23.20 VND, a low of 23.15 VND, and closed the hour at 23.15 VND with a trading volume of 400 shares."
2026-01-28 09:00:00,23.15,23.15,23.15,23.15,400,HTL,"At 2026-01-28 09:00:00, the stock HTL opened at 23.15 VND, reached a high of 23.15 VND, a low of 23.15 VND, and closed the hour at 23.15 VND with a trading volume of 400 shares."
2026-01-28 10:00:00,23.1,23.15,23.1,23.15,200,HTL,"At 2026-01-28 10:00:00, the stock HTL opened at 23.10 VND, reached a high of 23.15 VND, a low of 23.10 VND, and closed the hour at 23.15 VND with a trading volume of 200 shares."
2026-01-28 14:00:00,23.15,23.15,23.15,23.15,300,HTL,"At 2026-01-28 14:00:00, the stock HTL opened at 23.15 VND, reached a high of 23.15 VND, a low of 23.15 VND, and closed the hour at 23.15 VND with a trading volume of 300 shares."
2026-01-29 09:00:00,23.15,23.15,23.15,23.15,400,HTL,"At 2026-01-29 09:00:00, the stock HTL opened at 23.15 VND, reached a high of 23.15 VND, a low of 23.15 VND, and closed the hour at 23.15 VND with a trading volume of 400 shares."
2026-01-29 11:00:00,23.2,23.2,23.2,23.2,200,HTL,"At 2026-01-29 11:00:00, the stock HTL opened at 23.20 VND, reached a high of 23.20 VND, a low of 23.20 VND, and closed the hour at 23.20 VND with a trading volume of 200 shares."
2026-01-29 13:00:00,23.2,24.0,23.2,24.0,7400,HTL,"At 2026-01-29 13:00:00, the stock HTL opened at 23.20 VND, reached a high of 24.00 VND, a low of 23.20 VND, and closed the hour at 24.00 VND with a trading volume of 7,400 shares."
2026-01-29 14:00:00,24.0,24.75,24.0,24.75,7000,HTL,"At 2026-01-29 14:00:00, the stock HTL opened at 24.00 VND, reached a high of 24.75 VND, a low of 24.00 VND, and closed the hour at 24.75 VND with a trading volume of 7,000 shares."
2026-01-30 09:00:00,23.15,24.75,23.15,24.75,500,HTL,"At 2026-01-30 09:00:00, the stock HTL opened at 23.15 VND, reached a high of 24.75 VND, a low of 23.15 VND, and closed the hour at 24.75 VND with a trading volume of 500 shares."
2026-01-30 10:00:00,23.3,23.3,23.3,23.3,300,HTL,"At 2026-01-30 10:00:00, the stock HTL opened at 23.30 VND, reached a high of 23.30 VND, a low of 23.30 VND, and closed the hour at 23.30 VND with a trading volume of 300 shares."
2026-01-30 11:00:00,24.55,25.0,24.4,25.0,8000,HTL,"At 2026-01-30 11:00:00, the stock HTL opened at 24.55 VND, reached a high of 25.00 VND, a low of 24.40 VND, and closed the hour at 25.00 VND with a trading volume of 8,000 shares."
2026-01-30 13:00:00,25.0,25.0,25.0,25.0,200,HTL,"At 2026-01-30 13:00:00, the stock HTL opened at 25.00 VND, reached a high of 25.00 VND, a low of 25.00 VND, and closed the hour at 25.00 VND with a trading volume of 200 shares."
2026-02-02 09:00:00,23.25,23.25,23.25,23.25,200,HTL,"At 2026-02-02 09:00:00, the stock HTL opened at 23.25 VND, reached a high of 23.25 VND, a low of 23.25 VND, and closed the hour at 23.25 VND with a trading volume of 200 shares."
2026-02-02 13:00:00,23.6,23.6,23.25,23.25,9600,HTL,"At 2026-02-02 13:00:00, the stock HTL opened at 23.60 VND, reached a high of 23.60 VND, a low of 23.25 VND, and closed the hour at 23.25 VND with a trading volume of 9,600 shares."
2026-02-02 14:00:00,23.25,23.35,23.25,23.35,300,HTL,"At 2026-02-02 14:00:00, the stock HTL opened at 23.25 VND, reached a high of 23.35 VND, a low of 23.25 VND, and closed the hour at 23.35 VND with a trading volume of 300 shares."
2026-02-03 09:00:00,23.2,23.2,23.05,23.1,2100,HTL,"At 2026-02-03 09:00:00, the stock HTL opened at 23.20 VND, reached a high of 23.20 VND, a low of 23.05 VND, and closed the hour at 23.10 VND with a trading volume of 2,100 shares."
2026-02-03 11:00:00,23.35,23.35,23.35,23.35,300,HTL,"At 2026-02-03 11:00:00, the stock HTL opened at 23.35 VND, reached a high of 23.35 VND, a low of 23.35 VND, and closed the hour at 23.35 VND with a trading volume of 300 shares."
2026-02-03 13:00:00,23.15,23.15,22.6,22.8,4600,HTL,"At 2026-02-03 13:00:00, the stock HTL opened at 23.15 VND, reached a high of 23.15 VND, a low of 22.60 VND, and closed the hour at 22.80 VND with a trading volume of 4,600 shares."
2026-02-04 09:00:00,22.8,22.8,22.8,22.8,200,HTL,"At 2026-02-04 09:00:00, the stock HTL opened at 22.80 VND, reached a high of 22.80 VND, a low of 22.80 VND, and closed the hour at 22.80 VND with a trading volume of 200 shares."
2026-02-04 10:00:00,22.7,22.7,22.3,22.3,3600,HTL,"At 2026-02-04 10:00:00, the stock HTL opened at 22.70 VND, reached a high of 22.70 VND, a low of 22.30 VND, and closed the hour at 22.30 VND with a trading volume of 3,600 shares."
2026-02-04 13:00:00,22.35,22.35,22.35,22.35,600,HTL,"At 2026-02-04 13:00:00, the stock HTL opened at 22.35 VND, reached a high of 22.35 VND, a low of 22.35 VND, and closed the hour at 22.35 VND with a trading volume of 600 shares."
2026-02-05 09:00:00,22.35,22.35,22.3,22.3,500,HTL,"At 2026-02-05 09:00:00, the stock HTL opened at 22.35 VND, reached a high of 22.35 VND, a low of 22.30 VND, and closed the hour at 22.30 VND with a trading volume of 500 shares."
2026-02-05 10:00:00,22.3,22.6,22.3,22.6,500,HTL,"At 2026-02-05 10:00:00, the stock HTL opened at 22.30 VND, reached a high of 22.60 VND, a low of 22.30 VND, and closed the hour at 22.60 VND with a trading volume of 500 shares."
2026-02-05 13:00:00,22.6,22.6,22.6,22.6,100,HTL,"At 2026-02-05 13:00:00, the stock HTL opened at 22.60 VND, reached a high of 22.60 VND, a low of 22.60 VND, and closed the hour at 22.60 VND with a trading volume of 100 shares."
2026-02-05 14:00:00,22.6,22.6,22.6,22.6,200,HTL,"At 2026-02-05 14:00:00, the stock HTL opened at 22.60 VND, reached a high of 22.60 VND, a low of 22.60 VND, and closed the hour at 22.60 VND with a trading volume of 200 shares."
2026-02-06 13:00:00,22.85,22.85,22.85,22.85,100,HTL,"At 2026-02-06 13:00:00, the stock HTL opened at 22.85 VND, reached a high of 22.85 VND, a low of 22.85 VND, and closed the hour at 22.85 VND with a trading volume of 100 shares."
2026-02-09 09:00:00,23.1,23.1,23.1,23.1,1000,HTL,"At 2026-02-09 09:00:00, the stock HTL opened at 23.10 VND, reached a high of 23.10 VND, a low of 23.10 VND, and closed the hour at 23.10 VND with a trading volume of 1,000 shares."
2026-02-09 13:00:00,23.0,23.0,23.0,23.0,100,HTL,"At 2026-02-09 13:00:00, the stock HTL opened at 23.00 VND, reached a high of 23.00 VND, a low of 23.00 VND, and closed the hour at 23.00 VND with a trading volume of 100 shares."
2026-02-10 09:00:00,23.0,23.0,23.0,23.0,200,HTL,"At 2026-02-10 09:00:00, the stock HTL opened at 23.00 VND, reached a high of 23.00 VND, a low of 23.00 VND, and closed the hour at 23.00 VND with a trading volume of 200 shares."
2026-02-10 10:00:00,23.1,23.1,23.0,23.0,8300,HTL,"At 2026-02-10 10:00:00, the stock HTL opened at 23.10 VND, reached a high of 23.10 VND, a low of 23.00 VND, and closed the hour at 23.00 VND with a trading volume of 8,300 shares."
2026-02-11 09:00:00,22.4,23.3,22.3,23.3,1200,HTL,"At 2026-02-11 09:00:00, the stock HTL opened at 22.40 VND, reached a high of 23.30 VND, a low of 22.30 VND, and closed the hour at 23.30 VND with a trading volume of 1,200 shares."
2026-02-11 10:00:00,23.15,23.15,23.15,23.15,100,HTL,"At 2026-02-11 10:00:00, the stock HTL opened at 23.15 VND, reached a high of 23.15 VND, a low of 23.15 VND, and closed the hour at 23.15 VND with a trading volume of 100 shares."
2026-02-11 13:00:00,23.3,23.3,23.3,23.3,100,HTL,"At 2026-02-11 13:00:00, the stock HTL opened at 23.30 VND, reached a high of 23.30 VND, a low of 23.30 VND, and closed the hour at 23.30 VND with a trading volume of 100 shares."
2026-02-12 11:00:00,23.25,23.25,23.25,23.25,100,HTL,"At 2026-02-12 11:00:00, the stock HTL opened at 23.25 VND, reached a high of 23.25 VND, a low of 23.25 VND, and closed the hour at 23.25 VND with a trading volume of 100 shares."
2026-02-12 13:00:00,23.25,23.25,23.25,23.25,300,HTL,"At 2026-02-12 13:00:00, the stock HTL opened at 23.25 VND, reached a high of 23.25 VND, a low of 23.25 VND, and closed the hour at 23.25 VND with a trading volume of 300 shares."
2026-02-12 14:00:00,22.5,23.4,22.45,23.4,700,HTL,"At 2026-02-12 14:00:00, the stock HTL opened at 22.50 VND, reached a high of 23.40 VND, a low of 22.45 VND, and closed the hour at 23.40 VND with a trading volume of 700 shares."
2026-02-13 09:00:00,23.4,23.4,23.4,23.4,200,HTL,"At 2026-02-13 09:00:00, the stock HTL opened at 23.40 VND, reached a high of 23.40 VND, a low of 23.40 VND, and closed the hour at 23.40 VND with a trading volume of 200 shares."
2026-02-13 10:00:00,23.5,23.5,23.4,23.4,1100,HTL,"At 2026-02-13 10:00:00, the stock HTL opened at 23.50 VND, reached a high of 23.50 VND, a low of 23.40 VND, and closed the hour at 23.40 VND with a trading volume of 1,100 shares."
2026-02-13 13:00:00,23.4,23.4,23.0,23.0,200,HTL,"At 2026-02-13 13:00:00, the stock HTL opened at 23.40 VND, reached a high of 23.40 VND, a low of 23.00 VND, and closed the hour at 23.00 VND with a trading volume of 200 shares."
2026-02-23 09:00:00,23.0,23.0,23.0,23.0,500,HTL,"At 2026-02-23 09:00:00, the stock HTL opened at 23.00 VND, reached a high of 23.00 VND, a low of 23.00 VND, and closed the hour at 23.00 VND with a trading volume of 500 shares."
2026-02-23 10:00:00,23.0,23.0,23.0,23.0,200,HTL,"At 2026-02-23 10:00:00, the stock HTL opened at 23.00 VND, reached a high of 23.00 VND, a low of 23.00 VND, and closed the hour at 23.00 VND with a trading volume of 200 shares."
2026-02-23 13:00:00,23.0,23.0,23.0,23.0,100,HTL,"At 2026-02-23 13:00:00, the stock HTL opened at 23.00 VND, reached a high of 23.00 VND, a low of 23.00 VND, and closed the hour at 23.00 VND with a trading volume of 100 shares."
2026-02-23 14:00:00,22.95,22.95,22.9,22.9,500,HTL,"At 2026-02-23 14:00:00, the stock HTL opened at 22.95 VND, reached a high of 22.95 VND, a low of 22.90 VND, and closed the hour at 22.90 VND with a trading volume of 500 shares."
2026-02-24 09:00:00,23.0,23.5,23.0,23.5,200,HTL,"At 2026-02-24 09:00:00, the stock HTL opened at 23.00 VND, reached a high of 23.50 VND, a low of 23.00 VND, and closed the hour at 23.50 VND with a trading volume of 200 shares."
2026-02-24 10:00:00,23.5,23.5,23.5,23.5,300,HTL,"At 2026-02-24 10:00:00, the stock HTL opened at 23.50 VND, reached a high of 23.50 VND, a low of 23.50 VND, and closed the hour at 23.50 VND with a trading volume of 300 shares."
2026-02-24 14:00:00,22.9,22.9,22.8,22.8,2200,HTL,"At 2026-02-24 14:00:00, the stock HTL opened at 22.90 VND, reached a high of 22.90 VND, a low of 22.80 VND, and closed the hour at 22.80 VND with a trading volume of 2,200 shares."
2026-02-26 13:00:00,23.15,23.15,23.1,23.1,200,HTL,"At 2026-02-26 13:00:00, the stock HTL opened at 23.15 VND, reached a high of 23.15 VND, a low of 23.10 VND, and closed the hour at 23.10 VND with a trading volume of 200 shares."
2026-02-27 09:00:00,23.0,23.0,23.0,23.0,400,HTL,"At 2026-02-27 09:00:00, the stock HTL opened at 23.00 VND, reached a high of 23.00 VND, a low of 23.00 VND, and closed the hour at 23.00 VND with a trading volume of 400 shares."
2026-02-27 10:00:00,23.0,23.1,22.6,22.6,4500,HTL,"At 2026-02-27 10:00:00, the stock HTL opened at 23.00 VND, reached a high of 23.10 VND, a low of 22.60 VND, and closed the hour at 22.60 VND with a trading volume of 4,500 shares."
2026-02-27 13:00:00,23.05,23.05,23.05,23.05,100,HTL,"At 2026-02-27 13:00:00, the stock HTL opened at 23.05 VND, reached a high of 23.05 VND, a low of 23.05 VND, and closed the hour at 23.05 VND with a trading volume of 100 shares."
2026-03-02 11:00:00,23.05,23.1,23.05,23.1,400,HTL,"At 2026-03-02 11:00:00, the stock HTL opened at 23.05 VND, reached a high of 23.10 VND, a low of 23.05 VND, and closed the hour at 23.10 VND with a trading volume of 400 shares."
2026-03-02 14:00:00,23.1,23.1,23.1,23.1,1100,HTL,"At 2026-03-02 14:00:00, the stock HTL opened at 23.10 VND, reached a high of 23.10 VND, a low of 23.10 VND, and closed the hour at 23.10 VND with a trading volume of 1,100 shares."
2026-03-04 09:00:00,23.0,23.0,23.0,23.0,300,HTL,"At 2026-03-04 09:00:00, the stock HTL opened at 23.00 VND, reached a high of 23.00 VND, a low of 23.00 VND, and closed the hour at 23.00 VND with a trading volume of 300 shares."
2026-03-04 10:00:00,22.95,22.95,22.5,22.6,1300,HTL,"At 2026-03-04 10:00:00, the stock HTL opened at 22.95 VND, reached a high of 22.95 VND, a low of 22.50 VND, and closed the hour at 22.60 VND with a trading volume of 1,300 shares."
2026-03-04 11:00:00,22.6,22.6,22.6,22.6,200,HTL,"At 2026-03-04 11:00:00, the stock HTL opened at 22.60 VND, reached a high of 22.60 VND, a low of 22.60 VND, and closed the hour at 22.60 VND with a trading volume of 200 shares."
2026-03-04 13:00:00,23.0,23.0,23.0,23.0,100,HTL,"At 2026-03-04 13:00:00, the stock HTL opened at 23.00 VND, reached a high of 23.00 VND, a low of 23.00 VND, and closed the hour at 23.00 VND with a trading volume of 100 shares."
2026-03-04 14:00:00,22.95,22.95,22.95,22.95,100,HTL,"At 2026-03-04 14:00:00, the stock HTL opened at 22.95 VND, reached a high of 22.95 VND, a low of 22.95 VND, and closed the hour at 22.95 VND with a trading volume of 100 shares."
2026-03-05 10:00:00,22.95,22.95,22.95,22.95,200,HTL,"At 2026-03-05 10:00:00, the stock HTL opened at 22.95 VND, reached a high of 22.95 VND, a low of 22.95 VND, and closed the hour at 22.95 VND with a trading volume of 200 shares."
2026-03-05 14:00:00,22.7,22.7,22.7,22.7,500,HTL,"At 2026-03-05 14:00:00, the stock HTL opened at 22.70 VND, reached a high of 22.70 VND, a low of 22.70 VND, and closed the hour at 22.70 VND with a trading volume of 500 shares."
2026-03-06 13:00:00,23.0,23.0,23.0,23.0,500,HTL,"At 2026-03-06 13:00:00, the stock HTL opened at 23.00 VND, reached a high of 23.00 VND, a low of 23.00 VND, and closed the hour at 23.00 VND with a trading volume of 500 shares."
2026-03-09 09:00:00,22.3,22.3,22.1,22.1,200,HTL,"At 2026-03-09 09:00:00, the stock HTL opened at 22.30 VND, reached a high of 22.30 VND, a low of 22.10 VND, and closed the hour at 22.10 VND with a trading volume of 200 shares."
2026-03-09 10:00:00,22.1,22.1,22.1,22.1,100,HTL,"At 2026-03-09 10:00:00, the stock HTL opened at 22.10 VND, reached a high of 22.10 VND, a low of 22.10 VND, and closed the hour at 22.10 VND with a trading volume of 100 shares."
2026-03-09 13:00:00,22.1,22.1,22.1,22.1,1000,HTL,"At 2026-03-09 13:00:00, the stock HTL opened at 22.10 VND, reached a high of 22.10 VND, a low of 22.10 VND, and closed the hour at 22.10 VND with a trading volume of 1,000 shares."
2026-03-09 14:00:00,22.15,22.15,22.0,22.0,1900,HTL,"At 2026-03-09 14:00:00, the stock HTL opened at 22.15 VND, reached a high of 22.15 VND, a low of 22.00 VND, and closed the hour at 22.00 VND with a trading volume of 1,900 shares."
2026-03-12 09:00:00,22.2,22.2,22.2,22.2,1000,HTL,"At 2026-03-12 09:00:00, the stock HTL opened at 22.20 VND, reached a high of 22.20 VND, a low of 22.20 VND, and closed the hour at 22.20 VND with a trading volume of 1,000 shares."
2026-03-12 13:00:00,22.3,22.3,22.3,22.3,1000,HTL,"At 2026-03-12 13:00:00, the stock HTL opened at 22.30 VND, reached a high of 22.30 VND, a low of 22.30 VND, and closed the hour at 22.30 VND with a trading volume of 1,000 shares."
2026-03-13 09:00:00,22.4,22.4,22.4,22.4,100,HTL,"At 2026-03-13 09:00:00, the stock HTL opened at 22.40 VND, reached a high of 22.40 VND, a low of 22.40 VND, and closed the hour at 22.40 VND with a trading volume of 100 shares."
2026-03-13 14:00:00,22.4,22.4,22.4,22.4,100,HTL,"At 2026-03-13 14:00:00, the stock HTL opened at 22.40 VND, reached a high of 22.40 VND, a low of 22.40 VND, and closed the hour at 22.40 VND with a trading volume of 100 shares."
2026-03-17 10:00:00,22.5,22.5,22.5,22.5,500,HTL,"At 2026-03-17 10:00:00, the stock HTL opened at 22.50 VND, reached a high of 22.50 VND, a low of 22.50 VND, and closed the hour at 22.50 VND with a trading volume of 500 shares."
2026-03-17 13:00:00,22.5,22.5,22.4,22.4,1200,HTL,"At 2026-03-17 13:00:00, the stock HTL opened at 22.50 VND, reached a high of 22.50 VND, a low of 22.40 VND, and closed the hour at 22.40 VND with a trading volume of 1,200 shares."
2026-03-17 14:00:00,22.4,22.4,22.4,22.4,100,HTL,"At 2026-03-17 14:00:00, the stock HTL opened at 22.40 VND, reached a high of 22.40 VND, a low of 22.40 VND, and closed the hour at 22.40 VND with a trading volume of 100 shares."
