time,open,high,low,close,volume,ticker,llm_text
2025-06-13 11:00:00,14.1,14.1,14.1,14.1,1000,KDM,"At 2025-06-13 11:00:00, the stock KDM opened at 14.10 VND, reached a high of 14.10 VND, a low of 14.10 VND, and closed the hour at 14.10 VND with a trading volume of 1,000 shares."
2025-06-13 13:00:00,13.8,14.2,13.8,14.2,1000,KDM,"At 2025-06-13 13:00:00, the stock KDM opened at 13.80 VND, reached a high of 14.20 VND, a low of 13.80 VND, and closed the hour at 14.20 VND with a trading volume of 1,000 shares."
2025-06-13 14:00:00,14.2,14.8,14.2,14.8,4200,KDM,"At 2025-06-13 14:00:00, the stock KDM opened at 14.20 VND, reached a high of 14.80 VND, a low of 14.20 VND, and closed the hour at 14.80 VND with a trading volume of 4,200 shares."
2025-06-16 09:00:00,14.2,14.2,14.2,14.2,2000,KDM,"At 2025-06-16 09:00:00, the stock KDM opened at 14.20 VND, reached a high of 14.20 VND, a low of 14.20 VND, and closed the hour at 14.20 VND with a trading volume of 2,000 shares."
2025-06-16 10:00:00,14.2,14.5,14.2,14.5,3900,KDM,"At 2025-06-16 10:00:00, the stock KDM opened at 14.20 VND, reached a high of 14.50 VND, a low of 14.20 VND, and closed the hour at 14.50 VND with a trading volume of 3,900 shares."
2025-06-16 11:00:00,14.5,14.5,14.5,14.5,5200,KDM,"At 2025-06-16 11:00:00, the stock KDM opened at 14.50 VND, reached a high of 14.50 VND, a low of 14.50 VND, and closed the hour at 14.50 VND with a trading volume of 5,200 shares."
2025-06-16 13:00:00,14.5,15.1,14.5,15.1,5400,KDM,"At 2025-06-16 13:00:00, the stock KDM opened at 14.50 VND, reached a high of 15.10 VND, a low of 14.50 VND, and closed the hour at 15.10 VND with a trading volume of 5,400 shares."
2025-06-16 14:00:00,15.3,16.2,15.3,16.2,23000,KDM,"At 2025-06-16 14:00:00, the stock KDM opened at 15.30 VND, reached a high of 16.20 VND, a low of 15.30 VND, and closed the hour at 16.20 VND with a trading volume of 23,000 shares."
2025-06-17 09:00:00,15.4,15.4,15.4,15.4,100,KDM,"At 2025-06-17 09:00:00, the stock KDM opened at 15.40 VND, reached a high of 15.40 VND, a low of 15.40 VND, and closed the hour at 15.40 VND with a trading volume of 100 shares."
2025-06-17 10:00:00,16.2,17.1,16.2,17.1,500,KDM,"At 2025-06-17 10:00:00, the stock KDM opened at 16.20 VND, reached a high of 17.10 VND, a low of 16.20 VND, and closed the hour at 17.10 VND with a trading volume of 500 shares."
2025-06-17 14:00:00,15.6,17.0,15.4,16.9,6200,KDM,"At 2025-06-17 14:00:00, the stock KDM opened at 15.60 VND, reached a high of 17.00 VND, a low of 15.40 VND, and closed the hour at 16.90 VND with a trading volume of 6,200 shares."
2025-06-18 09:00:00,15.9,15.9,15.9,15.9,3400,KDM,"At 2025-06-18 09:00:00, the stock KDM opened at 15.90 VND, reached a high of 15.90 VND, a low of 15.90 VND, and closed the hour at 15.90 VND with a trading volume of 3,400 shares."
2025-06-18 13:00:00,16.0,16.0,15.9,15.9,600,KDM,"At 2025-06-18 13:00:00, the stock KDM opened at 16.00 VND, reached a high of 16.00 VND, a low of 15.90 VND, and closed the hour at 15.90 VND with a trading volume of 600 shares."
2025-06-18 14:00:00,15.9,17.5,15.7,17.5,5400,KDM,"At 2025-06-18 14:00:00, the stock KDM opened at 15.90 VND, reached a high of 17.50 VND, a low of 15.70 VND, and closed the hour at 17.50 VND with a trading volume of 5,400 shares."
2025-06-19 10:00:00,16.4,16.4,16.4,16.4,100,KDM,"At 2025-06-19 10:00:00, the stock KDM opened at 16.40 VND, reached a high of 16.40 VND, a low of 16.40 VND, and closed the hour at 16.40 VND with a trading volume of 100 shares."
2025-06-19 13:00:00,16.4,16.4,16.4,16.4,3000,KDM,"At 2025-06-19 13:00:00, the stock KDM opened at 16.40 VND, reached a high of 16.40 VND, a low of 16.40 VND, and closed the hour at 16.40 VND with a trading volume of 3,000 shares."
2025-06-19 14:00:00,16.4,16.4,15.8,15.8,9400,KDM,"At 2025-06-19 14:00:00, the stock KDM opened at 16.40 VND, reached a high of 16.40 VND, a low of 15.80 VND, and closed the hour at 15.80 VND with a trading volume of 9,400 shares."
2025-06-20 09:00:00,15.8,15.8,15.8,15.8,1000,KDM,"At 2025-06-20 09:00:00, the stock KDM opened at 15.80 VND, reached a high of 15.80 VND, a low of 15.80 VND, and closed the hour at 15.80 VND with a trading volume of 1,000 shares."
2025-06-20 14:00:00,15.8,17.3,15.8,17.3,2800,KDM,"At 2025-06-20 14:00:00, the stock KDM opened at 15.80 VND, reached a high of 17.30 VND, a low of 15.80 VND, and closed the hour at 17.30 VND with a trading volume of 2,800 shares."
2025-06-23 09:00:00,16.8,16.8,16.0,16.0,6000,KDM,"At 2025-06-23 09:00:00, the stock KDM opened at 16.80 VND, reached a high of 16.80 VND, a low of 16.00 VND, and closed the hour at 16.00 VND with a trading volume of 6,000 shares."
2025-06-23 10:00:00,16.0,17.5,16.0,17.5,5100,KDM,"At 2025-06-23 10:00:00, the stock KDM opened at 16.00 VND, reached a high of 17.50 VND, a low of 16.00 VND, and closed the hour at 17.50 VND with a trading volume of 5,100 shares."
2025-06-23 14:00:00,18.0,18.0,18.0,18.0,4000,KDM,"At 2025-06-23 14:00:00, the stock KDM opened at 18.00 VND, reached a high of 18.00 VND, a low of 18.00 VND, and closed the hour at 18.00 VND with a trading volume of 4,000 shares."
2025-06-24 13:00:00,19.0,19.0,19.0,19.0,100,KDM,"At 2025-06-24 13:00:00, the stock KDM opened at 19.00 VND, reached a high of 19.00 VND, a low of 19.00 VND, and closed the hour at 19.00 VND with a trading volume of 100 shares."
2025-06-24 14:00:00,19.0,19.0,19.0,19.0,1000,KDM,"At 2025-06-24 14:00:00, the stock KDM opened at 19.00 VND, reached a high of 19.00 VND, a low of 19.00 VND, and closed the hour at 19.00 VND with a trading volume of 1,000 shares."
2025-06-25 09:00:00,19.5,19.5,19.5,19.5,100,KDM,"At 2025-06-25 09:00:00, the stock KDM opened at 19.50 VND, reached a high of 19.50 VND, a low of 19.50 VND, and closed the hour at 19.50 VND with a trading volume of 100 shares."
2025-06-25 10:00:00,19.5,19.5,19.5,19.5,100,KDM,"At 2025-06-25 10:00:00, the stock KDM opened at 19.50 VND, reached a high of 19.50 VND, a low of 19.50 VND, and closed the hour at 19.50 VND with a trading volume of 100 shares."
2025-06-25 13:00:00,17.4,17.4,17.1,17.1,19000,KDM,"At 2025-06-25 13:00:00, the stock KDM opened at 17.40 VND, reached a high of 17.40 VND, a low of 17.10 VND, and closed the hour at 17.10 VND with a trading volume of 19,000 shares."
2025-06-25 14:00:00,17.1,19.0,17.1,18.9,19700,KDM,"At 2025-06-25 14:00:00, the stock KDM opened at 17.10 VND, reached a high of 19.00 VND, a low of 17.10 VND, and closed the hour at 18.90 VND with a trading volume of 19,700 shares."
2025-06-26 10:00:00,17.3,17.3,17.1,17.1,500,KDM,"At 2025-06-26 10:00:00, the stock KDM opened at 17.30 VND, reached a high of 17.30 VND, a low of 17.10 VND, and closed the hour at 17.10 VND with a trading volume of 500 shares."
2025-06-26 11:00:00,17.1,17.1,17.1,17.1,2300,KDM,"At 2025-06-26 11:00:00, the stock KDM opened at 17.10 VND, reached a high of 17.10 VND, a low of 17.10 VND, and closed the hour at 17.10 VND with a trading volume of 2,300 shares."
2025-06-26 13:00:00,17.1,17.1,17.1,17.1,1000,KDM,"At 2025-06-26 13:00:00, the stock KDM opened at 17.10 VND, reached a high of 17.10 VND, a low of 17.10 VND, and closed the hour at 17.10 VND with a trading volume of 1,000 shares."
2025-06-26 14:00:00,18.4,18.4,18.4,18.4,4000,KDM,"At 2025-06-26 14:00:00, the stock KDM opened at 18.40 VND, reached a high of 18.40 VND, a low of 18.40 VND, and closed the hour at 18.40 VND with a trading volume of 4,000 shares."
2025-06-27 09:00:00,19.1,19.1,19.1,19.1,1000,KDM,"At 2025-06-27 09:00:00, the stock KDM opened at 19.10 VND, reached a high of 19.10 VND, a low of 19.10 VND, and closed the hour at 19.10 VND with a trading volume of 1,000 shares."
2025-06-27 13:00:00,17.1,17.1,17.1,17.1,400,KDM,"At 2025-06-27 13:00:00, the stock KDM opened at 17.10 VND, reached a high of 17.10 VND, a low of 17.10 VND, and closed the hour at 17.10 VND with a trading volume of 400 shares."
2025-06-27 14:00:00,17.1,17.1,17.1,17.1,4400,KDM,"At 2025-06-27 14:00:00, the stock KDM opened at 17.10 VND, reached a high of 17.10 VND, a low of 17.10 VND, and closed the hour at 17.10 VND with a trading volume of 4,400 shares."
2025-06-30 09:00:00,17.1,17.1,17.1,17.1,22500,KDM,"At 2025-06-30 09:00:00, the stock KDM opened at 17.10 VND, reached a high of 17.10 VND, a low of 17.10 VND, and closed the hour at 17.10 VND with a trading volume of 22,500 shares."
2025-06-30 10:00:00,17.1,17.1,17.1,17.1,200,KDM,"At 2025-06-30 10:00:00, the stock KDM opened at 17.10 VND, reached a high of 17.10 VND, a low of 17.10 VND, and closed the hour at 17.10 VND with a trading volume of 200 shares."
2025-06-30 11:00:00,15.5,15.5,15.5,15.5,100,KDM,"At 2025-06-30 11:00:00, the stock KDM opened at 15.50 VND, reached a high of 15.50 VND, a low of 15.50 VND, and closed the hour at 15.50 VND with a trading volume of 100 shares."
2025-06-30 13:00:00,15.5,17.7,15.4,15.5,5000,KDM,"At 2025-06-30 13:00:00, the stock KDM opened at 15.50 VND, reached a high of 17.70 VND, a low of 15.40 VND, and closed the hour at 15.50 VND with a trading volume of 5,000 shares."
2025-06-30 14:00:00,15.5,17.4,15.4,17.4,7200,KDM,"At 2025-06-30 14:00:00, the stock KDM opened at 15.50 VND, reached a high of 17.40 VND, a low of 15.40 VND, and closed the hour at 17.40 VND with a trading volume of 7,200 shares."
2025-07-01 09:00:00,15.8,18.7,15.8,18.7,200,KDM,"At 2025-07-01 09:00:00, the stock KDM opened at 15.80 VND, reached a high of 18.70 VND, a low of 15.80 VND, and closed the hour at 18.70 VND with a trading volume of 200 shares."
2025-07-01 10:00:00,16.0,16.0,15.9,15.9,1700,KDM,"At 2025-07-01 10:00:00, the stock KDM opened at 16.00 VND, reached a high of 16.00 VND, a low of 15.90 VND, and closed the hour at 15.90 VND with a trading volume of 1,700 shares."
2025-07-01 11:00:00,15.8,16.0,15.7,16.0,3100,KDM,"At 2025-07-01 11:00:00, the stock KDM opened at 15.80 VND, reached a high of 16.00 VND, a low of 15.70 VND, and closed the hour at 16.00 VND with a trading volume of 3,100 shares."
2025-07-01 13:00:00,15.9,15.9,15.7,15.9,1600,KDM,"At 2025-07-01 13:00:00, the stock KDM opened at 15.90 VND, reached a high of 15.90 VND, a low of 15.70 VND, and closed the hour at 15.90 VND with a trading volume of 1,600 shares."
2025-07-01 14:00:00,15.9,16.0,15.7,15.7,11300,KDM,"At 2025-07-01 14:00:00, the stock KDM opened at 15.90 VND, reached a high of 16.00 VND, a low of 15.70 VND, and closed the hour at 15.70 VND with a trading volume of 11,300 shares."
2025-07-02 09:00:00,15.7,15.7,15.7,15.7,1100,KDM,"At 2025-07-02 09:00:00, the stock KDM opened at 15.70 VND, reached a high of 15.70 VND, a low of 15.70 VND, and closed the hour at 15.70 VND with a trading volume of 1,100 shares."
2025-07-02 10:00:00,15.6,15.6,14.4,14.4,1200,KDM,"At 2025-07-02 10:00:00, the stock KDM opened at 15.60 VND, reached a high of 15.60 VND, a low of 14.40 VND, and closed the hour at 14.40 VND with a trading volume of 1,200 shares."
2025-07-02 11:00:00,14.3,14.3,14.2,14.2,2400,KDM,"At 2025-07-02 11:00:00, the stock KDM opened at 14.30 VND, reached a high of 14.30 VND, a low of 14.20 VND, and closed the hour at 14.20 VND with a trading volume of 2,400 shares."
2025-07-02 13:00:00,14.2,14.2,14.2,14.2,4500,KDM,"At 2025-07-02 13:00:00, the stock KDM opened at 14.20 VND, reached a high of 14.20 VND, a low of 14.20 VND, and closed the hour at 14.20 VND with a trading volume of 4,500 shares."
2025-07-02 14:00:00,16.8,16.8,16.8,16.8,4000,KDM,"At 2025-07-02 14:00:00, the stock KDM opened at 16.80 VND, reached a high of 16.80 VND, a low of 16.80 VND, and closed the hour at 16.80 VND with a trading volume of 4,000 shares."
2025-07-03 09:00:00,15.3,15.3,15.3,15.3,100,KDM,"At 2025-07-03 09:00:00, the stock KDM opened at 15.30 VND, reached a high of 15.30 VND, a low of 15.30 VND, and closed the hour at 15.30 VND with a trading volume of 100 shares."
2025-07-03 10:00:00,15.4,15.4,15.3,15.3,3500,KDM,"At 2025-07-03 10:00:00, the stock KDM opened at 15.40 VND, reached a high of 15.40 VND, a low of 15.30 VND, and closed the hour at 15.30 VND with a trading volume of 3,500 shares."
2025-07-03 13:00:00,15.3,15.4,15.3,15.4,1500,KDM,"At 2025-07-03 13:00:00, the stock KDM opened at 15.30 VND, reached a high of 15.40 VND, a low of 15.30 VND, and closed the hour at 15.40 VND with a trading volume of 1,500 shares."
2025-07-03 14:00:00,15.4,18.3,15.2,18.3,14000,KDM,"At 2025-07-03 14:00:00, the stock KDM opened at 15.40 VND, reached a high of 18.30 VND, a low of 15.20 VND, and closed the hour at 18.30 VND with a trading volume of 14,000 shares."
2025-07-04 09:00:00,16.5,16.6,16.5,16.5,4400,KDM,"At 2025-07-04 09:00:00, the stock KDM opened at 16.50 VND, reached a high of 16.60 VND, a low of 16.50 VND, and closed the hour at 16.50 VND with a trading volume of 4,400 shares."
2025-07-04 10:00:00,16.5,16.5,16.5,16.5,3400,KDM,"At 2025-07-04 10:00:00, the stock KDM opened at 16.50 VND, reached a high of 16.50 VND, a low of 16.50 VND, and closed the hour at 16.50 VND with a trading volume of 3,400 shares."
2025-07-04 13:00:00,16.5,16.5,16.5,16.5,300,KDM,"At 2025-07-04 13:00:00, the stock KDM opened at 16.50 VND, reached a high of 16.50 VND, a low of 16.50 VND, and closed the hour at 16.50 VND with a trading volume of 300 shares."
2025-07-07 09:00:00,15.9,15.9,15.6,15.6,4600,KDM,"At 2025-07-07 09:00:00, the stock KDM opened at 15.90 VND, reached a high of 15.90 VND, a low of 15.60 VND, and closed the hour at 15.60 VND with a trading volume of 4,600 shares."
2025-07-07 10:00:00,15.1,15.1,15.0,15.1,5100,KDM,"At 2025-07-07 10:00:00, the stock KDM opened at 15.10 VND, reached a high of 15.10 VND, a low of 15.00 VND, and closed the hour at 15.10 VND with a trading volume of 5,100 shares."
2025-07-07 11:00:00,15.1,15.1,15.1,15.1,800,KDM,"At 2025-07-07 11:00:00, the stock KDM opened at 15.10 VND, reached a high of 15.10 VND, a low of 15.10 VND, and closed the hour at 15.10 VND with a trading volume of 800 shares."
2025-07-07 13:00:00,15.1,15.1,14.9,14.9,5400,KDM,"At 2025-07-07 13:00:00, the stock KDM opened at 15.10 VND, reached a high of 15.10 VND, a low of 14.90 VND, and closed the hour at 14.90 VND with a trading volume of 5,400 shares."
2025-07-07 14:00:00,15.0,15.5,14.9,14.9,31200,KDM,"At 2025-07-07 14:00:00, the stock KDM opened at 15.00 VND, reached a high of 15.50 VND, a low of 14.90 VND, and closed the hour at 14.90 VND with a trading volume of 31,200 shares."
2025-07-08 09:00:00,13.7,14.5,13.7,14.5,900,KDM,"At 2025-07-08 09:00:00, the stock KDM opened at 13.70 VND, reached a high of 14.50 VND, a low of 13.70 VND, and closed the hour at 14.50 VND with a trading volume of 900 shares."
2025-07-08 11:00:00,15.3,15.3,15.3,15.3,100,KDM,"At 2025-07-08 11:00:00, the stock KDM opened at 15.30 VND, reached a high of 15.30 VND, a low of 15.30 VND, and closed the hour at 15.30 VND with a trading volume of 100 shares."
2025-07-08 14:00:00,15.1,15.1,15.1,15.1,1500,KDM,"At 2025-07-08 14:00:00, the stock KDM opened at 15.10 VND, reached a high of 15.10 VND, a low of 15.10 VND, and closed the hour at 15.10 VND with a trading volume of 1,500 shares."
2025-07-09 09:00:00,15.1,15.1,15.1,15.1,300,KDM,"At 2025-07-09 09:00:00, the stock KDM opened at 15.10 VND, reached a high of 15.10 VND, a low of 15.10 VND, and closed the hour at 15.10 VND with a trading volume of 300 shares."
2025-07-09 14:00:00,15.1,15.1,14.3,14.3,6800,KDM,"At 2025-07-09 14:00:00, the stock KDM opened at 15.10 VND, reached a high of 15.10 VND, a low of 14.30 VND, and closed the hour at 14.30 VND with a trading volume of 6,800 shares."
2025-07-10 10:00:00,14.5,14.5,14.5,14.5,100,KDM,"At 2025-07-10 10:00:00, the stock KDM opened at 14.50 VND, reached a high of 14.50 VND, a low of 14.50 VND, and closed the hour at 14.50 VND with a trading volume of 100 shares."
2025-07-10 11:00:00,14.5,14.5,14.5,14.5,3500,KDM,"At 2025-07-10 11:00:00, the stock KDM opened at 14.50 VND, reached a high of 14.50 VND, a low of 14.50 VND, and closed the hour at 14.50 VND with a trading volume of 3,500 shares."
2025-07-10 13:00:00,14.5,14.5,14.4,14.4,1400,KDM,"At 2025-07-10 13:00:00, the stock KDM opened at 14.50 VND, reached a high of 14.50 VND, a low of 14.40 VND, and closed the hour at 14.40 VND with a trading volume of 1,400 shares."
2025-07-10 14:00:00,14.4,14.4,13.7,14.3,2900,KDM,"At 2025-07-10 14:00:00, the stock KDM opened at 14.40 VND, reached a high of 14.40 VND, a low of 13.70 VND, and closed the hour at 14.30 VND with a trading volume of 2,900 shares."
2025-07-11 09:00:00,13.8,13.8,13.8,13.8,100,KDM,"At 2025-07-11 09:00:00, the stock KDM opened at 13.80 VND, reached a high of 13.80 VND, a low of 13.80 VND, and closed the hour at 13.80 VND with a trading volume of 100 shares."
2025-07-11 10:00:00,13.8,13.8,13.8,13.8,5200,KDM,"At 2025-07-11 10:00:00, the stock KDM opened at 13.80 VND, reached a high of 13.80 VND, a low of 13.80 VND, and closed the hour at 13.80 VND with a trading volume of 5,200 shares."
2025-07-11 11:00:00,13.8,13.8,13.8,13.8,200,KDM,"At 2025-07-11 11:00:00, the stock KDM opened at 13.80 VND, reached a high of 13.80 VND, a low of 13.80 VND, and closed the hour at 13.80 VND with a trading volume of 200 shares."
2025-07-11 13:00:00,13.8,13.8,13.8,13.8,1600,KDM,"At 2025-07-11 13:00:00, the stock KDM opened at 13.80 VND, reached a high of 13.80 VND, a low of 13.80 VND, and closed the hour at 13.80 VND with a trading volume of 1,600 shares."
2025-07-11 14:00:00,14.3,14.3,14.3,14.3,3500,KDM,"At 2025-07-11 14:00:00, the stock KDM opened at 14.30 VND, reached a high of 14.30 VND, a low of 14.30 VND, and closed the hour at 14.30 VND with a trading volume of 3,500 shares."
2025-07-14 09:00:00,13.4,13.4,13.2,13.3,17200,KDM,"At 2025-07-14 09:00:00, the stock KDM opened at 13.40 VND, reached a high of 13.40 VND, a low of 13.20 VND, and closed the hour at 13.30 VND with a trading volume of 17,200 shares."
2025-07-14 10:00:00,13.3,13.3,13.3,13.3,7900,KDM,"At 2025-07-14 10:00:00, the stock KDM opened at 13.30 VND, reached a high of 13.30 VND, a low of 13.30 VND, and closed the hour at 13.30 VND with a trading volume of 7,900 shares."
2025-07-14 13:00:00,13.4,13.4,13.3,13.3,2000,KDM,"At 2025-07-14 13:00:00, the stock KDM opened at 13.40 VND, reached a high of 13.40 VND, a low of 13.30 VND, and closed the hour at 13.30 VND with a trading volume of 2,000 shares."
2025-07-14 14:00:00,14.2,14.2,14.2,14.2,1000,KDM,"At 2025-07-14 14:00:00, the stock KDM opened at 14.20 VND, reached a high of 14.20 VND, a low of 14.20 VND, and closed the hour at 14.20 VND with a trading volume of 1,000 shares."
2025-07-15 09:00:00,14.2,14.2,14.0,14.0,2100,KDM,"At 2025-07-15 09:00:00, the stock KDM opened at 14.20 VND, reached a high of 14.20 VND, a low of 14.00 VND, and closed the hour at 14.00 VND with a trading volume of 2,100 shares."
2025-07-15 10:00:00,14.0,14.0,14.0,14.0,100,KDM,"At 2025-07-15 10:00:00, the stock KDM opened at 14.00 VND, reached a high of 14.00 VND, a low of 14.00 VND, and closed the hour at 14.00 VND with a trading volume of 100 shares."
2025-07-15 13:00:00,13.4,13.4,13.2,13.3,13000,KDM,"At 2025-07-15 13:00:00, the stock KDM opened at 13.40 VND, reached a high of 13.40 VND, a low of 13.20 VND, and closed the hour at 13.30 VND with a trading volume of 13,000 shares."
2025-07-15 14:00:00,13.9,13.9,13.9,13.9,1000,KDM,"At 2025-07-15 14:00:00, the stock KDM opened at 13.90 VND, reached a high of 13.90 VND, a low of 13.90 VND, and closed the hour at 13.90 VND with a trading volume of 1,000 shares."
2025-07-16 09:00:00,13.9,13.9,13.9,13.9,100,KDM,"At 2025-07-16 09:00:00, the stock KDM opened at 13.90 VND, reached a high of 13.90 VND, a low of 13.90 VND, and closed the hour at 13.90 VND with a trading volume of 100 shares."
2025-07-16 10:00:00,13.4,13.4,13.3,13.4,1100,KDM,"At 2025-07-16 10:00:00, the stock KDM opened at 13.40 VND, reached a high of 13.40 VND, a low of 13.30 VND, and closed the hour at 13.40 VND with a trading volume of 1,100 shares."
2025-07-16 11:00:00,13.3,13.3,13.3,13.3,1700,KDM,"At 2025-07-16 11:00:00, the stock KDM opened at 13.30 VND, reached a high of 13.30 VND, a low of 13.30 VND, and closed the hour at 13.30 VND with a trading volume of 1,700 shares."
2025-07-16 13:00:00,13.3,13.3,13.3,13.3,2000,KDM,"At 2025-07-16 13:00:00, the stock KDM opened at 13.30 VND, reached a high of 13.30 VND, a low of 13.30 VND, and closed the hour at 13.30 VND with a trading volume of 2,000 shares."
2025-07-16 14:00:00,13.7,13.7,13.3,13.3,4200,KDM,"At 2025-07-16 14:00:00, the stock KDM opened at 13.70 VND, reached a high of 13.70 VND, a low of 13.30 VND, and closed the hour at 13.30 VND with a trading volume of 4,200 shares."
2025-07-17 09:00:00,13.4,13.4,13.4,13.4,200,KDM,"At 2025-07-17 09:00:00, the stock KDM opened at 13.40 VND, reached a high of 13.40 VND, a low of 13.40 VND, and closed the hour at 13.40 VND with a trading volume of 200 shares."
2025-07-17 10:00:00,13.4,13.4,13.4,13.4,800,KDM,"At 2025-07-17 10:00:00, the stock KDM opened at 13.40 VND, reached a high of 13.40 VND, a low of 13.40 VND, and closed the hour at 13.40 VND with a trading volume of 800 shares."
2025-07-17 13:00:00,13.8,13.8,13.8,13.8,1000,KDM,"At 2025-07-17 13:00:00, the stock KDM opened at 13.80 VND, reached a high of 13.80 VND, a low of 13.80 VND, and closed the hour at 13.80 VND with a trading volume of 1,000 shares."
2025-07-17 14:00:00,13.6,13.8,13.6,13.7,1700,KDM,"At 2025-07-17 14:00:00, the stock KDM opened at 13.60 VND, reached a high of 13.80 VND, a low of 13.60 VND, and closed the hour at 13.70 VND with a trading volume of 1,700 shares."
2025-07-18 10:00:00,14.0,14.0,14.0,14.0,100,KDM,"At 2025-07-18 10:00:00, the stock KDM opened at 14.00 VND, reached a high of 14.00 VND, a low of 14.00 VND, and closed the hour at 14.00 VND with a trading volume of 100 shares."
2025-07-18 11:00:00,13.7,13.7,13.6,13.6,9200,KDM,"At 2025-07-18 11:00:00, the stock KDM opened at 13.70 VND, reached a high of 13.70 VND, a low of 13.60 VND, and closed the hour at 13.60 VND with a trading volume of 9,200 shares."
2025-07-18 13:00:00,13.6,13.6,13.5,13.6,16300,KDM,"At 2025-07-18 13:00:00, the stock KDM opened at 13.60 VND, reached a high of 13.60 VND, a low of 13.50 VND, and closed the hour at 13.60 VND with a trading volume of 16,300 shares."
2025-07-18 14:00:00,14.0,14.0,14.0,14.0,3800,KDM,"At 2025-07-18 14:00:00, the stock KDM opened at 14.00 VND, reached a high of 14.00 VND, a low of 14.00 VND, and closed the hour at 14.00 VND with a trading volume of 3,800 shares."
2025-07-21 09:00:00,13.6,14.0,13.4,13.6,18500,KDM,"At 2025-07-21 09:00:00, the stock KDM opened at 13.60 VND, reached a high of 14.00 VND, a low of 13.40 VND, and closed the hour at 13.60 VND with a trading volume of 18,500 shares."
2025-07-21 10:00:00,14.0,14.0,14.0,14.0,200,KDM,"At 2025-07-21 10:00:00, the stock KDM opened at 14.00 VND, reached a high of 14.00 VND, a low of 14.00 VND, and closed the hour at 14.00 VND with a trading volume of 200 shares."
2025-07-21 13:00:00,14.0,14.0,14.0,14.0,100,KDM,"At 2025-07-21 13:00:00, the stock KDM opened at 14.00 VND, reached a high of 14.00 VND, a low of 14.00 VND, and closed the hour at 14.00 VND with a trading volume of 100 shares."
2025-07-21 14:00:00,13.9,13.9,13.9,13.9,900,KDM,"At 2025-07-21 14:00:00, the stock KDM opened at 13.90 VND, reached a high of 13.90 VND, a low of 13.90 VND, and closed the hour at 13.90 VND with a trading volume of 900 shares."
2025-07-22 10:00:00,13.9,14.0,13.9,14.0,3900,KDM,"At 2025-07-22 10:00:00, the stock KDM opened at 13.90 VND, reached a high of 14.00 VND, a low of 13.90 VND, and closed the hour at 14.00 VND with a trading volume of 3,900 shares."
2025-07-22 13:00:00,14.0,14.0,14.0,14.0,200,KDM,"At 2025-07-22 13:00:00, the stock KDM opened at 14.00 VND, reached a high of 14.00 VND, a low of 14.00 VND, and closed the hour at 14.00 VND with a trading volume of 200 shares."
2025-07-22 14:00:00,14.2,14.2,14.2,14.2,1000,KDM,"At 2025-07-22 14:00:00, the stock KDM opened at 14.20 VND, reached a high of 14.20 VND, a low of 14.20 VND, and closed the hour at 14.20 VND with a trading volume of 1,000 shares."
2025-07-23 09:00:00,14.2,14.2,14.2,14.2,3600,KDM,"At 2025-07-23 09:00:00, the stock KDM opened at 14.20 VND, reached a high of 14.20 VND, a low of 14.20 VND, and closed the hour at 14.20 VND with a trading volume of 3,600 shares."
2025-07-23 11:00:00,14.2,14.2,14.2,14.2,1000,KDM,"At 2025-07-23 11:00:00, the stock KDM opened at 14.20 VND, reached a high of 14.20 VND, a low of 14.20 VND, and closed the hour at 14.20 VND with a trading volume of 1,000 shares."
2025-07-23 13:00:00,14.2,14.2,14.2,14.2,1500,KDM,"At 2025-07-23 13:00:00, the stock KDM opened at 14.20 VND, reached a high of 14.20 VND, a low of 14.20 VND, and closed the hour at 14.20 VND with a trading volume of 1,500 shares."
2025-07-23 14:00:00,14.5,14.5,14.5,14.5,1400,KDM,"At 2025-07-23 14:00:00, the stock KDM opened at 14.50 VND, reached a high of 14.50 VND, a low of 14.50 VND, and closed the hour at 14.50 VND with a trading volume of 1,400 shares."
2025-07-24 13:00:00,14.4,14.4,13.7,13.8,12900,KDM,"At 2025-07-24 13:00:00, the stock KDM opened at 14.40 VND, reached a high of 14.40 VND, a low of 13.70 VND, and closed the hour at 13.80 VND with a trading volume of 12,900 shares."
2025-07-24 14:00:00,14.3,14.7,14.3,14.7,2500,KDM,"At 2025-07-24 14:00:00, the stock KDM opened at 14.30 VND, reached a high of 14.70 VND, a low of 14.30 VND, and closed the hour at 14.70 VND with a trading volume of 2,500 shares."
2025-07-25 09:00:00,13.7,14.7,13.7,13.9,13200,KDM,"At 2025-07-25 09:00:00, the stock KDM opened at 13.70 VND, reached a high of 14.70 VND, a low of 13.70 VND, and closed the hour at 13.90 VND with a trading volume of 13,200 shares."
2025-07-25 11:00:00,14.2,14.2,14.2,14.2,100,KDM,"At 2025-07-25 11:00:00, the stock KDM opened at 14.20 VND, reached a high of 14.20 VND, a low of 14.20 VND, and closed the hour at 14.20 VND with a trading volume of 100 shares."
2025-07-25 14:00:00,14.3,14.7,14.1,14.7,11200,KDM,"At 2025-07-25 14:00:00, the stock KDM opened at 14.30 VND, reached a high of 14.70 VND, a low of 14.10 VND, and closed the hour at 14.70 VND with a trading volume of 11,200 shares."
2025-07-28 09:00:00,14.7,14.7,14.7,14.7,500,KDM,"At 2025-07-28 09:00:00, the stock KDM opened at 14.70 VND, reached a high of 14.70 VND, a low of 14.70 VND, and closed the hour at 14.70 VND with a trading volume of 500 shares."
2025-07-28 10:00:00,14.7,14.7,14.7,14.7,100,KDM,"At 2025-07-28 10:00:00, the stock KDM opened at 14.70 VND, reached a high of 14.70 VND, a low of 14.70 VND, and closed the hour at 14.70 VND with a trading volume of 100 shares."
2025-07-28 13:00:00,14.3,14.3,14.3,14.3,100,KDM,"At 2025-07-28 13:00:00, the stock KDM opened at 14.30 VND, reached a high of 14.30 VND, a low of 14.30 VND, and closed the hour at 14.30 VND with a trading volume of 100 shares."
2025-07-28 14:00:00,14.4,14.6,14.3,14.6,3800,KDM,"At 2025-07-28 14:00:00, the stock KDM opened at 14.40 VND, reached a high of 14.60 VND, a low of 14.30 VND, and closed the hour at 14.60 VND with a trading volume of 3,800 shares."
2025-07-29 11:00:00,14.2,14.2,14.2,14.2,2000,KDM,"At 2025-07-29 11:00:00, the stock KDM opened at 14.20 VND, reached a high of 14.20 VND, a low of 14.20 VND, and closed the hour at 14.20 VND with a trading volume of 2,000 shares."
2025-07-29 13:00:00,14.2,14.2,14.2,14.2,21300,KDM,"At 2025-07-29 13:00:00, the stock KDM opened at 14.20 VND, reached a high of 14.20 VND, a low of 14.20 VND, and closed the hour at 14.20 VND with a trading volume of 21,300 shares."
2025-07-29 14:00:00,14.2,14.2,14.0,14.0,12200,KDM,"At 2025-07-29 14:00:00, the stock KDM opened at 14.20 VND, reached a high of 14.20 VND, a low of 14.00 VND, and closed the hour at 14.00 VND with a trading volume of 12,200 shares."
2025-07-30 13:00:00,13.4,13.4,12.8,13.1,4500,KDM,"At 2025-07-30 13:00:00, the stock KDM opened at 13.40 VND, reached a high of 13.40 VND, a low of 12.80 VND, and closed the hour at 13.10 VND with a trading volume of 4,500 shares."
2025-07-30 14:00:00,13.5,14.4,13.2,14.4,9600,KDM,"At 2025-07-30 14:00:00, the stock KDM opened at 13.50 VND, reached a high of 14.40 VND, a low of 13.20 VND, and closed the hour at 14.40 VND with a trading volume of 9,600 shares."
2025-07-31 10:00:00,14.0,14.0,14.0,14.0,1700,KDM,"At 2025-07-31 10:00:00, the stock KDM opened at 14.00 VND, reached a high of 14.00 VND, a low of 14.00 VND, and closed the hour at 14.00 VND with a trading volume of 1,700 shares."
2025-07-31 13:00:00,14.0,14.0,14.0,14.0,1400,KDM,"At 2025-07-31 13:00:00, the stock KDM opened at 14.00 VND, reached a high of 14.00 VND, a low of 14.00 VND, and closed the hour at 14.00 VND with a trading volume of 1,400 shares."
2025-07-31 14:00:00,14.6,14.6,14.6,14.6,2200,KDM,"At 2025-07-31 14:00:00, the stock KDM opened at 14.60 VND, reached a high of 14.60 VND, a low of 14.60 VND, and closed the hour at 14.60 VND with a trading volume of 2,200 shares."
2025-08-01 13:00:00,14.1,14.1,14.1,14.1,4000,KDM,"At 2025-08-01 13:00:00, the stock KDM opened at 14.10 VND, reached a high of 14.10 VND, a low of 14.10 VND, and closed the hour at 14.10 VND with a trading volume of 4,000 shares."
2025-08-01 14:00:00,14.4,14.6,14.4,14.6,7000,KDM,"At 2025-08-01 14:00:00, the stock KDM opened at 14.40 VND, reached a high of 14.60 VND, a low of 14.40 VND, and closed the hour at 14.60 VND with a trading volume of 7,000 shares."
2025-08-04 09:00:00,14.1,14.2,14.1,14.2,1500,KDM,"At 2025-08-04 09:00:00, the stock KDM opened at 14.10 VND, reached a high of 14.20 VND, a low of 14.10 VND, and closed the hour at 14.20 VND with a trading volume of 1,500 shares."
2025-08-04 10:00:00,14.1,14.1,14.1,14.1,1600,KDM,"At 2025-08-04 10:00:00, the stock KDM opened at 14.10 VND, reached a high of 14.10 VND, a low of 14.10 VND, and closed the hour at 14.10 VND with a trading volume of 1,600 shares."
2025-08-04 11:00:00,14.1,14.1,14.1,14.1,2900,KDM,"At 2025-08-04 11:00:00, the stock KDM opened at 14.10 VND, reached a high of 14.10 VND, a low of 14.10 VND, and closed the hour at 14.10 VND with a trading volume of 2,900 shares."
2025-08-04 13:00:00,14.2,14.2,14.1,14.1,2000,KDM,"At 2025-08-04 13:00:00, the stock KDM opened at 14.20 VND, reached a high of 14.20 VND, a low of 14.10 VND, and closed the hour at 14.10 VND with a trading volume of 2,000 shares."
2025-08-04 14:00:00,14.8,14.8,14.7,14.7,1100,KDM,"At 2025-08-04 14:00:00, the stock KDM opened at 14.80 VND, reached a high of 14.80 VND, a low of 14.70 VND, and closed the hour at 14.70 VND with a trading volume of 1,100 shares."
2025-08-05 13:00:00,14.3,14.3,14.3,14.3,19900,KDM,"At 2025-08-05 13:00:00, the stock KDM opened at 14.30 VND, reached a high of 14.30 VND, a low of 14.30 VND, and closed the hour at 14.30 VND with a trading volume of 19,900 shares."
2025-08-05 14:00:00,14.3,14.3,14.3,14.3,5800,KDM,"At 2025-08-05 14:00:00, the stock KDM opened at 14.30 VND, reached a high of 14.30 VND, a low of 14.30 VND, and closed the hour at 14.30 VND with a trading volume of 5,800 shares."
2025-08-06 09:00:00,14.2,14.2,14.1,14.1,7000,KDM,"At 2025-08-06 09:00:00, the stock KDM opened at 14.20 VND, reached a high of 14.20 VND, a low of 14.10 VND, and closed the hour at 14.10 VND with a trading volume of 7,000 shares."
2025-08-06 10:00:00,14.2,14.2,14.2,14.2,7600,KDM,"At 2025-08-06 10:00:00, the stock KDM opened at 14.20 VND, reached a high of 14.20 VND, a low of 14.20 VND, and closed the hour at 14.20 VND with a trading volume of 7,600 shares."
2025-08-06 11:00:00,14.2,14.2,14.2,14.2,2600,KDM,"At 2025-08-06 11:00:00, the stock KDM opened at 14.20 VND, reached a high of 14.20 VND, a low of 14.20 VND, and closed the hour at 14.20 VND with a trading volume of 2,600 shares."
2025-08-06 14:00:00,14.2,14.7,14.2,14.7,3000,KDM,"At 2025-08-06 14:00:00, the stock KDM opened at 14.20 VND, reached a high of 14.70 VND, a low of 14.20 VND, and closed the hour at 14.70 VND with a trading volume of 3,000 shares."
2025-08-07 09:00:00,14.7,14.7,14.7,14.7,400,KDM,"At 2025-08-07 09:00:00, the stock KDM opened at 14.70 VND, reached a high of 14.70 VND, a low of 14.70 VND, and closed the hour at 14.70 VND with a trading volume of 400 shares."
2025-08-07 11:00:00,14.2,14.2,14.1,14.1,1200,KDM,"At 2025-08-07 11:00:00, the stock KDM opened at 14.20 VND, reached a high of 14.20 VND, a low of 14.10 VND, and closed the hour at 14.10 VND with a trading volume of 1,200 shares."
2025-08-07 13:00:00,14.1,14.1,14.1,14.1,1300,KDM,"At 2025-08-07 13:00:00, the stock KDM opened at 14.10 VND, reached a high of 14.10 VND, a low of 14.10 VND, and closed the hour at 14.10 VND with a trading volume of 1,300 shares."
2025-08-07 14:00:00,13.8,14.7,13.8,14.7,3300,KDM,"At 2025-08-07 14:00:00, the stock KDM opened at 13.80 VND, reached a high of 14.70 VND, a low of 13.80 VND, and closed the hour at 14.70 VND with a trading volume of 3,300 shares."
2025-08-08 09:00:00,14.2,14.2,14.2,14.2,3000,KDM,"At 2025-08-08 09:00:00, the stock KDM opened at 14.20 VND, reached a high of 14.20 VND, a low of 14.20 VND, and closed the hour at 14.20 VND with a trading volume of 3,000 shares."
2025-08-08 10:00:00,14.2,14.2,14.2,14.2,200,KDM,"At 2025-08-08 10:00:00, the stock KDM opened at 14.20 VND, reached a high of 14.20 VND, a low of 14.20 VND, and closed the hour at 14.20 VND with a trading volume of 200 shares."
2025-08-08 13:00:00,14.2,14.7,14.2,14.7,900,KDM,"At 2025-08-08 13:00:00, the stock KDM opened at 14.20 VND, reached a high of 14.70 VND, a low of 14.20 VND, and closed the hour at 14.70 VND with a trading volume of 900 shares."
2025-08-08 14:00:00,14.6,14.6,14.6,14.6,3000,KDM,"At 2025-08-08 14:00:00, the stock KDM opened at 14.60 VND, reached a high of 14.60 VND, a low of 14.60 VND, and closed the hour at 14.60 VND with a trading volume of 3,000 shares."
2025-08-11 09:00:00,14.6,14.6,14.0,14.0,2000,KDM,"At 2025-08-11 09:00:00, the stock KDM opened at 14.60 VND, reached a high of 14.60 VND, a low of 14.00 VND, and closed the hour at 14.00 VND with a trading volume of 2,000 shares."
2025-08-11 10:00:00,14.0,14.2,14.0,14.2,2800,KDM,"At 2025-08-11 10:00:00, the stock KDM opened at 14.00 VND, reached a high of 14.20 VND, a low of 14.00 VND, and closed the hour at 14.20 VND with a trading volume of 2,800 shares."
2025-08-11 11:00:00,14.2,14.2,14.2,14.2,2000,KDM,"At 2025-08-11 11:00:00, the stock KDM opened at 14.20 VND, reached a high of 14.20 VND, a low of 14.20 VND, and closed the hour at 14.20 VND with a trading volume of 2,000 shares."
2025-08-11 13:00:00,14.2,14.2,14.2,14.2,2200,KDM,"At 2025-08-11 13:00:00, the stock KDM opened at 14.20 VND, reached a high of 14.20 VND, a low of 14.20 VND, and closed the hour at 14.20 VND with a trading volume of 2,200 shares."
2025-08-11 14:00:00,14.5,14.5,14.5,14.5,2100,KDM,"At 2025-08-11 14:00:00, the stock KDM opened at 14.50 VND, reached a high of 14.50 VND, a low of 14.50 VND, and closed the hour at 14.50 VND with a trading volume of 2,100 shares."
2025-08-12 09:00:00,14.1,14.1,14.1,14.1,500,KDM,"At 2025-08-12 09:00:00, the stock KDM opened at 14.10 VND, reached a high of 14.10 VND, a low of 14.10 VND, and closed the hour at 14.10 VND with a trading volume of 500 shares."
2025-08-12 10:00:00,14.1,14.1,14.1,14.1,100,KDM,"At 2025-08-12 10:00:00, the stock KDM opened at 14.10 VND, reached a high of 14.10 VND, a low of 14.10 VND, and closed the hour at 14.10 VND with a trading volume of 100 shares."
2025-08-12 13:00:00,14.1,14.1,13.9,13.9,3000,KDM,"At 2025-08-12 13:00:00, the stock KDM opened at 14.10 VND, reached a high of 14.10 VND, a low of 13.90 VND, and closed the hour at 13.90 VND with a trading volume of 3,000 shares."
2025-08-12 14:00:00,14.5,14.5,14.5,14.5,3500,KDM,"At 2025-08-12 14:00:00, the stock KDM opened at 14.50 VND, reached a high of 14.50 VND, a low of 14.50 VND, and closed the hour at 14.50 VND with a trading volume of 3,500 shares."
2025-08-13 13:00:00,14.2,14.2,14.2,14.2,400,KDM,"At 2025-08-13 13:00:00, the stock KDM opened at 14.20 VND, reached a high of 14.20 VND, a low of 14.20 VND, and closed the hour at 14.20 VND with a trading volume of 400 shares."
2025-08-13 14:00:00,14.5,14.5,14.5,14.5,6100,KDM,"At 2025-08-13 14:00:00, the stock KDM opened at 14.50 VND, reached a high of 14.50 VND, a low of 14.50 VND, and closed the hour at 14.50 VND with a trading volume of 6,100 shares."
2025-08-14 09:00:00,14.2,14.2,14.2,14.2,100,KDM,"At 2025-08-14 09:00:00, the stock KDM opened at 14.20 VND, reached a high of 14.20 VND, a low of 14.20 VND, and closed the hour at 14.20 VND with a trading volume of 100 shares."
2025-08-14 10:00:00,14.1,14.1,13.7,13.7,2200,KDM,"At 2025-08-14 10:00:00, the stock KDM opened at 14.10 VND, reached a high of 14.10 VND, a low of 13.70 VND, and closed the hour at 13.70 VND with a trading volume of 2,200 shares."
2025-08-14 13:00:00,14.0,14.0,13.9,13.9,4400,KDM,"At 2025-08-14 13:00:00, the stock KDM opened at 14.00 VND, reached a high of 14.00 VND, a low of 13.90 VND, and closed the hour at 13.90 VND with a trading volume of 4,400 shares."
2025-08-14 14:00:00,14.4,14.4,14.4,14.4,3100,KDM,"At 2025-08-14 14:00:00, the stock KDM opened at 14.40 VND, reached a high of 14.40 VND, a low of 14.40 VND, and closed the hour at 14.40 VND with a trading volume of 3,100 shares."
2025-08-15 10:00:00,14.2,14.2,14.2,14.2,500,KDM,"At 2025-08-15 10:00:00, the stock KDM opened at 14.20 VND, reached a high of 14.20 VND, a low of 14.20 VND, and closed the hour at 14.20 VND with a trading volume of 500 shares."
2025-08-15 14:00:00,14.5,14.6,14.5,14.6,3100,KDM,"At 2025-08-15 14:00:00, the stock KDM opened at 14.50 VND, reached a high of 14.60 VND, a low of 14.50 VND, and closed the hour at 14.60 VND with a trading volume of 3,100 shares."
2025-08-18 09:00:00,14.6,14.6,14.6,14.6,1000,KDM,"At 2025-08-18 09:00:00, the stock KDM opened at 14.60 VND, reached a high of 14.60 VND, a low of 14.60 VND, and closed the hour at 14.60 VND with a trading volume of 1,000 shares."
2025-08-18 14:00:00,14.3,14.6,14.3,14.6,8000,KDM,"At 2025-08-18 14:00:00, the stock KDM opened at 14.30 VND, reached a high of 14.60 VND, a low of 14.30 VND, and closed the hour at 14.60 VND with a trading volume of 8,000 shares."
2025-08-19 13:00:00,14.3,14.3,14.3,14.3,3000,KDM,"At 2025-08-19 13:00:00, the stock KDM opened at 14.30 VND, reached a high of 14.30 VND, a low of 14.30 VND, and closed the hour at 14.30 VND with a trading volume of 3,000 shares."
2025-08-19 14:00:00,14.3,14.5,14.2,14.5,5300,KDM,"At 2025-08-19 14:00:00, the stock KDM opened at 14.30 VND, reached a high of 14.50 VND, a low of 14.20 VND, and closed the hour at 14.50 VND with a trading volume of 5,300 shares."
2025-08-20 09:00:00,14.2,14.2,13.6,13.6,1000,KDM,"At 2025-08-20 09:00:00, the stock KDM opened at 14.20 VND, reached a high of 14.20 VND, a low of 13.60 VND, and closed the hour at 13.60 VND with a trading volume of 1,000 shares."
2025-08-20 10:00:00,14.0,14.0,14.0,14.0,500,KDM,"At 2025-08-20 10:00:00, the stock KDM opened at 14.00 VND, reached a high of 14.00 VND, a low of 14.00 VND, and closed the hour at 14.00 VND with a trading volume of 500 shares."
2025-08-20 13:00:00,14.1,14.1,14.1,14.1,500,KDM,"At 2025-08-20 13:00:00, the stock KDM opened at 14.10 VND, reached a high of 14.10 VND, a low of 14.10 VND, and closed the hour at 14.10 VND with a trading volume of 500 shares."
2025-08-20 14:00:00,14.1,14.5,13.9,14.5,7700,KDM,"At 2025-08-20 14:00:00, the stock KDM opened at 14.10 VND, reached a high of 14.50 VND, a low of 13.90 VND, and closed the hour at 14.50 VND with a trading volume of 7,700 shares."
2025-08-21 14:00:00,14.5,14.5,14.5,14.5,3000,KDM,"At 2025-08-21 14:00:00, the stock KDM opened at 14.50 VND, reached a high of 14.50 VND, a low of 14.50 VND, and closed the hour at 14.50 VND with a trading volume of 3,000 shares."
2025-08-22 10:00:00,14.2,14.2,14.1,14.1,1000,KDM,"At 2025-08-22 10:00:00, the stock KDM opened at 14.20 VND, reached a high of 14.20 VND, a low of 14.10 VND, and closed the hour at 14.10 VND with a trading volume of 1,000 shares."
2025-08-22 13:00:00,14.0,14.0,14.0,14.0,300,KDM,"At 2025-08-22 13:00:00, the stock KDM opened at 14.00 VND, reached a high of 14.00 VND, a low of 14.00 VND, and closed the hour at 14.00 VND with a trading volume of 300 shares."
2025-08-22 14:00:00,14.0,14.5,14.0,14.5,7000,KDM,"At 2025-08-22 14:00:00, the stock KDM opened at 14.00 VND, reached a high of 14.50 VND, a low of 14.00 VND, and closed the hour at 14.50 VND with a trading volume of 7,000 shares."
2025-08-25 09:00:00,14.4,14.4,14.3,14.3,26000,KDM,"At 2025-08-25 09:00:00, the stock KDM opened at 14.40 VND, reached a high of 14.40 VND, a low of 14.30 VND, and closed the hour at 14.30 VND with a trading volume of 26,000 shares."
2025-08-25 10:00:00,14.3,14.4,14.1,14.4,52700,KDM,"At 2025-08-25 10:00:00, the stock KDM opened at 14.30 VND, reached a high of 14.40 VND, a low of 14.10 VND, and closed the hour at 14.40 VND with a trading volume of 52,700 shares."
2025-08-25 11:00:00,14.4,14.4,14.4,14.4,300,KDM,"At 2025-08-25 11:00:00, the stock KDM opened at 14.40 VND, reached a high of 14.40 VND, a low of 14.40 VND, and closed the hour at 14.40 VND with a trading volume of 300 shares."
2025-08-25 13:00:00,14.3,14.3,14.3,14.3,400,KDM,"At 2025-08-25 13:00:00, the stock KDM opened at 14.30 VND, reached a high of 14.30 VND, a low of 14.30 VND, and closed the hour at 14.30 VND with a trading volume of 400 shares."
2025-08-25 14:00:00,14.2,15.0,14.1,15.0,8200,KDM,"At 2025-08-25 14:00:00, the stock KDM opened at 14.20 VND, reached a high of 15.00 VND, a low of 14.10 VND, and closed the hour at 15.00 VND with a trading volume of 8,200 shares."
2025-08-26 09:00:00,16.0,16.0,16.0,16.0,200,KDM,"At 2025-08-26 09:00:00, the stock KDM opened at 16.00 VND, reached a high of 16.00 VND, a low of 16.00 VND, and closed the hour at 16.00 VND with a trading volume of 200 shares."
2025-08-26 14:00:00,15.0,15.7,14.8,15.7,2200,KDM,"At 2025-08-26 14:00:00, the stock KDM opened at 15.00 VND, reached a high of 15.70 VND, a low of 14.80 VND, and closed the hour at 15.70 VND with a trading volume of 2,200 shares."
2025-08-27 10:00:00,14.9,14.9,14.2,14.2,8000,KDM,"At 2025-08-27 10:00:00, the stock KDM opened at 14.90 VND, reached a high of 14.90 VND, a low of 14.20 VND, and closed the hour at 14.20 VND with a trading volume of 8,000 shares."
2025-08-27 14:00:00,15.6,15.6,15.6,15.6,2100,KDM,"At 2025-08-27 14:00:00, the stock KDM opened at 15.60 VND, reached a high of 15.60 VND, a low of 15.60 VND, and closed the hour at 15.60 VND with a trading volume of 2,100 shares."
2025-08-28 14:00:00,15.6,15.6,15.6,15.6,2000,KDM,"At 2025-08-28 14:00:00, the stock KDM opened at 15.60 VND, reached a high of 15.60 VND, a low of 15.60 VND, and closed the hour at 15.60 VND with a trading volume of 2,000 shares."
2025-08-29 09:00:00,14.8,14.8,14.8,14.8,1000,KDM,"At 2025-08-29 09:00:00, the stock KDM opened at 14.80 VND, reached a high of 14.80 VND, a low of 14.80 VND, and closed the hour at 14.80 VND with a trading volume of 1,000 shares."
2025-08-29 10:00:00,14.8,14.8,14.8,14.8,200,KDM,"At 2025-08-29 10:00:00, the stock KDM opened at 14.80 VND, reached a high of 14.80 VND, a low of 14.80 VND, and closed the hour at 14.80 VND with a trading volume of 200 shares."
2025-08-29 13:00:00,14.8,14.8,14.5,14.8,2000,KDM,"At 2025-08-29 13:00:00, the stock KDM opened at 14.80 VND, reached a high of 14.80 VND, a low of 14.50 VND, and closed the hour at 14.80 VND with a trading volume of 2,000 shares."
2025-08-29 14:00:00,14.5,15.1,14.4,15.1,5600,KDM,"At 2025-08-29 14:00:00, the stock KDM opened at 14.50 VND, reached a high of 15.10 VND, a low of 14.40 VND, and closed the hour at 15.10 VND with a trading volume of 5,600 shares."
2025-09-03 09:00:00,15.1,15.1,14.4,14.4,1300,KDM,"At 2025-09-03 09:00:00, the stock KDM opened at 15.10 VND, reached a high of 15.10 VND, a low of 14.40 VND, and closed the hour at 14.40 VND with a trading volume of 1,300 shares."
2025-09-03 14:00:00,16.3,16.3,16.3,16.3,1500,KDM,"At 2025-09-03 14:00:00, the stock KDM opened at 16.30 VND, reached a high of 16.30 VND, a low of 16.30 VND, and closed the hour at 16.30 VND with a trading volume of 1,500 shares."
2025-09-04 14:00:00,15.5,16.0,15.5,16.0,1700,KDM,"At 2025-09-04 14:00:00, the stock KDM opened at 15.50 VND, reached a high of 16.00 VND, a low of 15.50 VND, and closed the hour at 16.00 VND with a trading volume of 1,700 shares."
2025-09-05 13:00:00,15.8,15.8,15.5,15.5,66000,KDM,"At 2025-09-05 13:00:00, the stock KDM opened at 15.80 VND, reached a high of 15.80 VND, a low of 15.50 VND, and closed the hour at 15.50 VND with a trading volume of 66,000 shares."
2025-09-05 14:00:00,15.5,15.8,15.5,15.8,64700,KDM,"At 2025-09-05 14:00:00, the stock KDM opened at 15.50 VND, reached a high of 15.80 VND, a low of 15.50 VND, and closed the hour at 15.80 VND with a trading volume of 64,700 shares."
2025-09-08 09:00:00,16.0,16.0,16.0,16.0,600,KDM,"At 2025-09-08 09:00:00, the stock KDM opened at 16.00 VND, reached a high of 16.00 VND, a low of 16.00 VND, and closed the hour at 16.00 VND with a trading volume of 600 shares."
2025-09-08 14:00:00,15.8,15.8,15.8,15.8,300,KDM,"At 2025-09-08 14:00:00, the stock KDM opened at 15.80 VND, reached a high of 15.80 VND, a low of 15.80 VND, and closed the hour at 15.80 VND with a trading volume of 300 shares."
2025-09-09 14:00:00,16.0,16.0,16.0,16.0,2000,KDM,"At 2025-09-09 14:00:00, the stock KDM opened at 16.00 VND, reached a high of 16.00 VND, a low of 16.00 VND, and closed the hour at 16.00 VND with a trading volume of 2,000 shares."
2025-09-10 14:00:00,15.8,15.8,15.8,15.8,1000,KDM,"At 2025-09-10 14:00:00, the stock KDM opened at 15.80 VND, reached a high of 15.80 VND, a low of 15.80 VND, and closed the hour at 15.80 VND with a trading volume of 1,000 shares."
2025-09-11 09:00:00,15.1,15.1,15.1,15.1,2700,KDM,"At 2025-09-11 09:00:00, the stock KDM opened at 15.10 VND, reached a high of 15.10 VND, a low of 15.10 VND, and closed the hour at 15.10 VND with a trading volume of 2,700 shares."
2025-09-11 10:00:00,15.1,15.1,15.1,15.1,400,KDM,"At 2025-09-11 10:00:00, the stock KDM opened at 15.10 VND, reached a high of 15.10 VND, a low of 15.10 VND, and closed the hour at 15.10 VND with a trading volume of 400 shares."
2025-09-11 13:00:00,15.1,15.1,15.1,15.1,200,KDM,"At 2025-09-11 13:00:00, the stock KDM opened at 15.10 VND, reached a high of 15.10 VND, a low of 15.10 VND, and closed the hour at 15.10 VND with a trading volume of 200 shares."
2025-09-11 14:00:00,15.6,15.8,15.0,15.0,5200,KDM,"At 2025-09-11 14:00:00, the stock KDM opened at 15.60 VND, reached a high of 15.80 VND, a low of 15.00 VND, and closed the hour at 15.00 VND with a trading volume of 5,200 shares."
2025-09-12 09:00:00,14.5,14.6,14.5,14.6,200,KDM,"At 2025-09-12 09:00:00, the stock KDM opened at 14.50 VND, reached a high of 14.60 VND, a low of 14.50 VND, and closed the hour at 14.60 VND with a trading volume of 200 shares."
2025-09-12 14:00:00,16.2,16.2,16.2,16.2,3500,KDM,"At 2025-09-12 14:00:00, the stock KDM opened at 16.20 VND, reached a high of 16.20 VND, a low of 16.20 VND, and closed the hour at 16.20 VND with a trading volume of 3,500 shares."
2025-09-15 13:00:00,15.1,15.1,15.1,15.1,100,KDM,"At 2025-09-15 13:00:00, the stock KDM opened at 15.10 VND, reached a high of 15.10 VND, a low of 15.10 VND, and closed the hour at 15.10 VND with a trading volume of 100 shares."
2025-09-15 14:00:00,15.7,15.7,15.7,15.7,4000,KDM,"At 2025-09-15 14:00:00, the stock KDM opened at 15.70 VND, reached a high of 15.70 VND, a low of 15.70 VND, and closed the hour at 15.70 VND with a trading volume of 4,000 shares."
2025-09-16 09:00:00,15.7,15.7,15.7,15.7,4600,KDM,"At 2025-09-16 09:00:00, the stock KDM opened at 15.70 VND, reached a high of 15.70 VND, a low of 15.70 VND, and closed the hour at 15.70 VND with a trading volume of 4,600 shares."
2025-09-16 13:00:00,15.4,15.4,15.4,15.4,100,KDM,"At 2025-09-16 13:00:00, the stock KDM opened at 15.40 VND, reached a high of 15.40 VND, a low of 15.40 VND, and closed the hour at 15.40 VND with a trading volume of 100 shares."
2025-09-16 14:00:00,16.0,16.0,16.0,16.0,7100,KDM,"At 2025-09-16 14:00:00, the stock KDM opened at 16.00 VND, reached a high of 16.00 VND, a low of 16.00 VND, and closed the hour at 16.00 VND with a trading volume of 7,100 shares."
2025-09-17 14:00:00,16.2,16.2,16.2,16.2,2000,KDM,"At 2025-09-17 14:00:00, the stock KDM opened at 16.20 VND, reached a high of 16.20 VND, a low of 16.20 VND, and closed the hour at 16.20 VND with a trading volume of 2,000 shares."
2025-09-18 09:00:00,15.1,15.4,15.1,15.2,5800,KDM,"At 2025-09-18 09:00:00, the stock KDM opened at 15.10 VND, reached a high of 15.40 VND, a low of 15.10 VND, and closed the hour at 15.20 VND with a trading volume of 5,800 shares."
2025-09-18 13:00:00,15.3,16.2,15.3,16.2,5500,KDM,"At 2025-09-18 13:00:00, the stock KDM opened at 15.30 VND, reached a high of 16.20 VND, a low of 15.30 VND, and closed the hour at 16.20 VND with a trading volume of 5,500 shares."
2025-09-18 14:00:00,15.5,15.5,15.5,15.5,3000,KDM,"At 2025-09-18 14:00:00, the stock KDM opened at 15.50 VND, reached a high of 15.50 VND, a low of 15.50 VND, and closed the hour at 15.50 VND with a trading volume of 3,000 shares."
2025-09-19 09:00:00,14.6,15.2,14.6,14.6,700,KDM,"At 2025-09-19 09:00:00, the stock KDM opened at 14.60 VND, reached a high of 15.20 VND, a low of 14.60 VND, and closed the hour at 14.60 VND with a trading volume of 700 shares."
2025-09-19 10:00:00,16.5,16.5,16.5,16.5,100,KDM,"At 2025-09-19 10:00:00, the stock KDM opened at 16.50 VND, reached a high of 16.50 VND, a low of 16.50 VND, and closed the hour at 16.50 VND with a trading volume of 100 shares."
2025-09-19 14:00:00,15.0,15.0,15.0,15.0,7200,KDM,"At 2025-09-19 14:00:00, the stock KDM opened at 15.00 VND, reached a high of 15.00 VND, a low of 15.00 VND, and closed the hour at 15.00 VND with a trading volume of 7,200 shares."
2025-09-22 14:00:00,15.0,15.0,15.0,15.0,7900,KDM,"At 2025-09-22 14:00:00, the stock KDM opened at 15.00 VND, reached a high of 15.00 VND, a low of 15.00 VND, and closed the hour at 15.00 VND with a trading volume of 7,900 shares."
2025-09-23 14:00:00,14.5,14.5,13.8,13.8,12000,KDM,"At 2025-09-23 14:00:00, the stock KDM opened at 14.50 VND, reached a high of 14.50 VND, a low of 13.80 VND, and closed the hour at 13.80 VND with a trading volume of 12,000 shares."
2025-09-24 09:00:00,13.7,13.8,13.7,13.8,5500,KDM,"At 2025-09-24 09:00:00, the stock KDM opened at 13.70 VND, reached a high of 13.80 VND, a low of 13.70 VND, and closed the hour at 13.80 VND with a trading volume of 5,500 shares."
2025-09-24 11:00:00,14.0,14.0,14.0,14.0,1900,KDM,"At 2025-09-24 11:00:00, the stock KDM opened at 14.00 VND, reached a high of 14.00 VND, a low of 14.00 VND, and closed the hour at 14.00 VND with a trading volume of 1,900 shares."
2025-09-24 13:00:00,14.0,15.1,12.8,15.1,27000,KDM,"At 2025-09-24 13:00:00, the stock KDM opened at 14.00 VND, reached a high of 15.10 VND, a low of 12.80 VND, and closed the hour at 15.10 VND with a trading volume of 27,000 shares."
2025-09-24 14:00:00,14.5,14.5,14.5,14.5,5800,KDM,"At 2025-09-24 14:00:00, the stock KDM opened at 14.50 VND, reached a high of 14.50 VND, a low of 14.50 VND, and closed the hour at 14.50 VND with a trading volume of 5,800 shares."
2025-09-25 09:00:00,13.7,13.7,13.7,13.7,400,KDM,"At 2025-09-25 09:00:00, the stock KDM opened at 13.70 VND, reached a high of 13.70 VND, a low of 13.70 VND, and closed the hour at 13.70 VND with a trading volume of 400 shares."
2025-09-25 14:00:00,13.9,14.0,13.9,14.0,4900,KDM,"At 2025-09-25 14:00:00, the stock KDM opened at 13.90 VND, reached a high of 14.00 VND, a low of 13.90 VND, and closed the hour at 14.00 VND with a trading volume of 4,900 shares."
2025-09-26 14:00:00,14.1,14.2,14.0,14.2,4700,KDM,"At 2025-09-26 14:00:00, the stock KDM opened at 14.10 VND, reached a high of 14.20 VND, a low of 14.00 VND, and closed the hour at 14.20 VND with a trading volume of 4,700 shares."
2025-09-29 09:00:00,14.2,14.2,14.2,14.2,1000,KDM,"At 2025-09-29 09:00:00, the stock KDM opened at 14.20 VND, reached a high of 14.20 VND, a low of 14.20 VND, and closed the hour at 14.20 VND with a trading volume of 1,000 shares."
2025-09-29 14:00:00,14.0,14.0,14.0,14.0,6100,KDM,"At 2025-09-29 14:00:00, the stock KDM opened at 14.00 VND, reached a high of 14.00 VND, a low of 14.00 VND, and closed the hour at 14.00 VND with a trading volume of 6,100 shares."
2025-09-30 09:00:00,13.2,13.5,13.2,13.5,1200,KDM,"At 2025-09-30 09:00:00, the stock KDM opened at 13.20 VND, reached a high of 13.50 VND, a low of 13.20 VND, and closed the hour at 13.50 VND with a trading volume of 1,200 shares."
2025-09-30 14:00:00,14.0,14.0,14.0,14.0,5000,KDM,"At 2025-09-30 14:00:00, the stock KDM opened at 14.00 VND, reached a high of 14.00 VND, a low of 14.00 VND, and closed the hour at 14.00 VND with a trading volume of 5,000 shares."
2025-10-01 13:00:00,14.0,14.0,14.0,14.0,100,KDM,"At 2025-10-01 13:00:00, the stock KDM opened at 14.00 VND, reached a high of 14.00 VND, a low of 14.00 VND, and closed the hour at 14.00 VND with a trading volume of 100 shares."
2025-10-01 14:00:00,13.6,14.0,13.6,14.0,7400,KDM,"At 2025-10-01 14:00:00, the stock KDM opened at 13.60 VND, reached a high of 14.00 VND, a low of 13.60 VND, and closed the hour at 14.00 VND with a trading volume of 7,400 shares."
2025-10-02 09:00:00,13.1,13.5,13.1,13.5,600,KDM,"At 2025-10-02 09:00:00, the stock KDM opened at 13.10 VND, reached a high of 13.50 VND, a low of 13.10 VND, and closed the hour at 13.50 VND with a trading volume of 600 shares."
2025-10-02 11:00:00,13.8,14.5,13.5,14.5,3000,KDM,"At 2025-10-02 11:00:00, the stock KDM opened at 13.80 VND, reached a high of 14.50 VND, a low of 13.50 VND, and closed the hour at 14.50 VND with a trading volume of 3,000 shares."
2025-10-02 14:00:00,13.9,13.9,13.9,13.9,11800,KDM,"At 2025-10-02 14:00:00, the stock KDM opened at 13.90 VND, reached a high of 13.90 VND, a low of 13.90 VND, and closed the hour at 13.90 VND with a trading volume of 11,800 shares."
2025-10-03 14:00:00,14.0,14.0,14.0,14.0,1900,KDM,"At 2025-10-03 14:00:00, the stock KDM opened at 14.00 VND, reached a high of 14.00 VND, a low of 14.00 VND, and closed the hour at 14.00 VND with a trading volume of 1,900 shares."
2025-10-06 09:00:00,13.5,13.5,13.5,13.5,100,KDM,"At 2025-10-06 09:00:00, the stock KDM opened at 13.50 VND, reached a high of 13.50 VND, a low of 13.50 VND, and closed the hour at 13.50 VND with a trading volume of 100 shares."
2025-10-06 10:00:00,13.8,13.8,13.7,13.7,2000,KDM,"At 2025-10-06 10:00:00, the stock KDM opened at 13.80 VND, reached a high of 13.80 VND, a low of 13.70 VND, and closed the hour at 13.70 VND with a trading volume of 2,000 shares."
2025-10-06 11:00:00,13.9,13.9,13.9,13.9,32000,KDM,"At 2025-10-06 11:00:00, the stock KDM opened at 13.90 VND, reached a high of 13.90 VND, a low of 13.90 VND, and closed the hour at 13.90 VND with a trading volume of 32,000 shares."
2025-10-06 13:00:00,13.8,13.8,13.5,13.5,900,KDM,"At 2025-10-06 13:00:00, the stock KDM opened at 13.80 VND, reached a high of 13.80 VND, a low of 13.50 VND, and closed the hour at 13.50 VND with a trading volume of 900 shares."
2025-10-06 14:00:00,13.6,13.9,13.6,13.9,8900,KDM,"At 2025-10-06 14:00:00, the stock KDM opened at 13.60 VND, reached a high of 13.90 VND, a low of 13.60 VND, and closed the hour at 13.90 VND with a trading volume of 8,900 shares."
2025-10-07 14:00:00,14.1,14.1,14.1,14.1,4000,KDM,"At 2025-10-07 14:00:00, the stock KDM opened at 14.10 VND, reached a high of 14.10 VND, a low of 14.10 VND, and closed the hour at 14.10 VND with a trading volume of 4,000 shares."
2025-10-08 14:00:00,13.9,13.9,13.9,13.9,3000,KDM,"At 2025-10-08 14:00:00, the stock KDM opened at 13.90 VND, reached a high of 13.90 VND, a low of 13.90 VND, and closed the hour at 13.90 VND with a trading volume of 3,000 shares."
2025-10-09 14:00:00,13.9,13.9,13.9,13.9,2000,KDM,"At 2025-10-09 14:00:00, the stock KDM opened at 13.90 VND, reached a high of 13.90 VND, a low of 13.90 VND, and closed the hour at 13.90 VND with a trading volume of 2,000 shares."
2025-10-10 09:00:00,13.1,13.5,13.1,13.3,900,KDM,"At 2025-10-10 09:00:00, the stock KDM opened at 13.10 VND, reached a high of 13.50 VND, a low of 13.10 VND, and closed the hour at 13.30 VND with a trading volume of 900 shares."
2025-10-10 14:00:00,13.5,14.5,13.5,13.9,5200,KDM,"At 2025-10-10 14:00:00, the stock KDM opened at 13.50 VND, reached a high of 14.50 VND, a low of 13.50 VND, and closed the hour at 13.90 VND with a trading volume of 5,200 shares."
2025-10-13 13:00:00,13.5,13.5,13.5,13.5,200,KDM,"At 2025-10-13 13:00:00, the stock KDM opened at 13.50 VND, reached a high of 13.50 VND, a low of 13.50 VND, and closed the hour at 13.50 VND with a trading volume of 200 shares."
2025-10-13 14:00:00,14.0,14.0,14.0,14.0,3000,KDM,"At 2025-10-13 14:00:00, the stock KDM opened at 14.00 VND, reached a high of 14.00 VND, a low of 14.00 VND, and closed the hour at 14.00 VND with a trading volume of 3,000 shares."
2025-10-14 14:00:00,13.9,13.9,13.9,13.9,2000,KDM,"At 2025-10-14 14:00:00, the stock KDM opened at 13.90 VND, reached a high of 13.90 VND, a low of 13.90 VND, and closed the hour at 13.90 VND with a trading volume of 2,000 shares."
2025-10-15 14:00:00,13.9,14.2,13.9,14.2,8300,KDM,"At 2025-10-15 14:00:00, the stock KDM opened at 13.90 VND, reached a high of 14.20 VND, a low of 13.90 VND, and closed the hour at 14.20 VND with a trading volume of 8,300 shares."
2025-10-16 13:00:00,14.2,14.2,14.1,14.1,4100,KDM,"At 2025-10-16 13:00:00, the stock KDM opened at 14.20 VND, reached a high of 14.20 VND, a low of 14.10 VND, and closed the hour at 14.10 VND with a trading volume of 4,100 shares."
2025-10-16 14:00:00,14.2,14.2,14.2,14.2,2000,KDM,"At 2025-10-16 14:00:00, the stock KDM opened at 14.20 VND, reached a high of 14.20 VND, a low of 14.20 VND, and closed the hour at 14.20 VND with a trading volume of 2,000 shares."
2025-10-17 13:00:00,13.9,13.9,13.9,13.9,1900,KDM,"At 2025-10-17 13:00:00, the stock KDM opened at 13.90 VND, reached a high of 13.90 VND, a low of 13.90 VND, and closed the hour at 13.90 VND with a trading volume of 1,900 shares."
2025-10-17 14:00:00,13.8,13.8,13.8,13.8,3500,KDM,"At 2025-10-17 14:00:00, the stock KDM opened at 13.80 VND, reached a high of 13.80 VND, a low of 13.80 VND, and closed the hour at 13.80 VND with a trading volume of 3,500 shares."
2025-10-20 14:00:00,13.5,13.5,13.5,13.5,9600,KDM,"At 2025-10-20 14:00:00, the stock KDM opened at 13.50 VND, reached a high of 13.50 VND, a low of 13.50 VND, and closed the hour at 13.50 VND with a trading volume of 9,600 shares."
2025-10-21 13:00:00,13.5,13.5,13.5,13.5,100,KDM,"At 2025-10-21 13:00:00, the stock KDM opened at 13.50 VND, reached a high of 13.50 VND, a low of 13.50 VND, and closed the hour at 13.50 VND with a trading volume of 100 shares."
2025-10-21 14:00:00,13.5,13.9,13.5,13.9,5900,KDM,"At 2025-10-21 14:00:00, the stock KDM opened at 13.50 VND, reached a high of 13.90 VND, a low of 13.50 VND, and closed the hour at 13.90 VND with a trading volume of 5,900 shares."
2025-10-22 14:00:00,13.9,13.9,13.9,13.9,3000,KDM,"At 2025-10-22 14:00:00, the stock KDM opened at 13.90 VND, reached a high of 13.90 VND, a low of 13.90 VND, and closed the hour at 13.90 VND with a trading volume of 3,000 shares."
2025-10-23 09:00:00,13.6,13.6,13.4,13.4,1100,KDM,"At 2025-10-23 09:00:00, the stock KDM opened at 13.60 VND, reached a high of 13.60 VND, a low of 13.40 VND, and closed the hour at 13.40 VND with a trading volume of 1,100 shares."
2025-10-23 14:00:00,13.9,13.9,13.9,13.9,2000,KDM,"At 2025-10-23 14:00:00, the stock KDM opened at 13.90 VND, reached a high of 13.90 VND, a low of 13.90 VND, and closed the hour at 13.90 VND with a trading volume of 2,000 shares."
2025-10-24 09:00:00,13.5,13.5,13.1,13.1,10900,KDM,"At 2025-10-24 09:00:00, the stock KDM opened at 13.50 VND, reached a high of 13.50 VND, a low of 13.10 VND, and closed the hour at 13.10 VND with a trading volume of 10,900 shares."
2025-10-24 13:00:00,13.3,13.3,13.3,13.3,5000,KDM,"At 2025-10-24 13:00:00, the stock KDM opened at 13.30 VND, reached a high of 13.30 VND, a low of 13.30 VND, and closed the hour at 13.30 VND with a trading volume of 5,000 shares."
2025-10-24 14:00:00,13.3,13.8,13.3,13.8,5900,KDM,"At 2025-10-24 14:00:00, the stock KDM opened at 13.30 VND, reached a high of 13.80 VND, a low of 13.30 VND, and closed the hour at 13.80 VND with a trading volume of 5,900 shares."
2025-10-27 13:00:00,13.3,13.3,13.3,13.3,100,KDM,"At 2025-10-27 13:00:00, the stock KDM opened at 13.30 VND, reached a high of 13.30 VND, a low of 13.30 VND, and closed the hour at 13.30 VND with a trading volume of 100 shares."
2025-10-27 14:00:00,13.8,13.8,13.8,13.8,3500,KDM,"At 2025-10-27 14:00:00, the stock KDM opened at 13.80 VND, reached a high of 13.80 VND, a low of 13.80 VND, and closed the hour at 13.80 VND with a trading volume of 3,500 shares."
2025-10-28 14:00:00,13.7,13.7,13.7,13.7,4000,KDM,"At 2025-10-28 14:00:00, the stock KDM opened at 13.70 VND, reached a high of 13.70 VND, a low of 13.70 VND, and closed the hour at 13.70 VND with a trading volume of 4,000 shares."
2025-10-29 10:00:00,13.4,13.4,13.4,13.4,7800,KDM,"At 2025-10-29 10:00:00, the stock KDM opened at 13.40 VND, reached a high of 13.40 VND, a low of 13.40 VND, and closed the hour at 13.40 VND with a trading volume of 7,800 shares."
2025-10-29 14:00:00,13.4,13.5,13.4,13.5,14000,KDM,"At 2025-10-29 14:00:00, the stock KDM opened at 13.40 VND, reached a high of 13.50 VND, a low of 13.40 VND, and closed the hour at 13.50 VND with a trading volume of 14,000 shares."
2025-10-30 14:00:00,14.2,14.2,14.2,14.2,2000,KDM,"At 2025-10-30 14:00:00, the stock KDM opened at 14.20 VND, reached a high of 14.20 VND, a low of 14.20 VND, and closed the hour at 14.20 VND with a trading volume of 2,000 shares."
2025-10-31 13:00:00,13.4,13.4,13.4,13.4,100,KDM,"At 2025-10-31 13:00:00, the stock KDM opened at 13.40 VND, reached a high of 13.40 VND, a low of 13.40 VND, and closed the hour at 13.40 VND with a trading volume of 100 shares."
2025-10-31 14:00:00,14.1,14.1,14.1,14.1,3000,KDM,"At 2025-10-31 14:00:00, the stock KDM opened at 14.10 VND, reached a high of 14.10 VND, a low of 14.10 VND, and closed the hour at 14.10 VND with a trading volume of 3,000 shares."
2025-11-03 09:00:00,14.1,14.1,13.0,14.0,15400,KDM,"At 2025-11-03 09:00:00, the stock KDM opened at 14.10 VND, reached a high of 14.10 VND, a low of 13.00 VND, and closed the hour at 14.00 VND with a trading volume of 15,400 shares."
2025-11-03 10:00:00,13.8,13.8,12.7,13.8,37800,KDM,"At 2025-11-03 10:00:00, the stock KDM opened at 13.80 VND, reached a high of 13.80 VND, a low of 12.70 VND, and closed the hour at 13.80 VND with a trading volume of 37,800 shares."
2025-11-03 11:00:00,13.8,14.0,13.8,14.0,9400,KDM,"At 2025-11-03 11:00:00, the stock KDM opened at 13.80 VND, reached a high of 14.00 VND, a low of 13.80 VND, and closed the hour at 14.00 VND with a trading volume of 9,400 shares."
2025-11-03 13:00:00,14.2,15.5,14.0,15.5,55500,KDM,"At 2025-11-03 13:00:00, the stock KDM opened at 14.20 VND, reached a high of 15.50 VND, a low of 14.00 VND, and closed the hour at 15.50 VND with a trading volume of 55,500 shares."
2025-11-03 14:00:00,15.5,15.5,15.5,15.5,31200,KDM,"At 2025-11-03 14:00:00, the stock KDM opened at 15.50 VND, reached a high of 15.50 VND, a low of 15.50 VND, and closed the hour at 15.50 VND with a trading volume of 31,200 shares."
2025-11-04 09:00:00,15.5,17.0,14.5,17.0,32500,KDM,"At 2025-11-04 09:00:00, the stock KDM opened at 15.50 VND, reached a high of 17.00 VND, a low of 14.50 VND, and closed the hour at 17.00 VND with a trading volume of 32,500 shares."
2025-11-04 10:00:00,15.5,15.5,15.0,15.0,3000,KDM,"At 2025-11-04 10:00:00, the stock KDM opened at 15.50 VND, reached a high of 15.50 VND, a low of 15.00 VND, and closed the hour at 15.00 VND with a trading volume of 3,000 shares."
2025-11-04 11:00:00,15.5,16.9,15.5,15.6,21000,KDM,"At 2025-11-04 11:00:00, the stock KDM opened at 15.50 VND, reached a high of 16.90 VND, a low of 15.50 VND, and closed the hour at 15.60 VND with a trading volume of 21,000 shares."
2025-11-04 14:00:00,16.0,16.0,16.0,16.0,1500,KDM,"At 2025-11-04 14:00:00, the stock KDM opened at 16.00 VND, reached a high of 16.00 VND, a low of 16.00 VND, and closed the hour at 16.00 VND with a trading volume of 1,500 shares."
2025-11-05 09:00:00,16.0,16.0,15.5,15.5,169800,KDM,"At 2025-11-05 09:00:00, the stock KDM opened at 16.00 VND, reached a high of 16.00 VND, a low of 15.50 VND, and closed the hour at 15.50 VND with a trading volume of 169,800 shares."
2025-11-05 10:00:00,15.5,15.5,15.5,15.5,7000,KDM,"At 2025-11-05 10:00:00, the stock KDM opened at 15.50 VND, reached a high of 15.50 VND, a low of 15.50 VND, and closed the hour at 15.50 VND with a trading volume of 7,000 shares."
2025-11-05 11:00:00,15.5,15.5,15.5,15.5,100,KDM,"At 2025-11-05 11:00:00, the stock KDM opened at 15.50 VND, reached a high of 15.50 VND, a low of 15.50 VND, and closed the hour at 15.50 VND with a trading volume of 100 shares."
2025-11-05 13:00:00,14.9,15.0,14.8,15.0,7100,KDM,"At 2025-11-05 13:00:00, the stock KDM opened at 14.90 VND, reached a high of 15.00 VND, a low of 14.80 VND, and closed the hour at 15.00 VND with a trading volume of 7,100 shares."
2025-11-05 14:00:00,15.0,15.9,15.0,15.9,21400,KDM,"At 2025-11-05 14:00:00, the stock KDM opened at 15.00 VND, reached a high of 15.90 VND, a low of 15.00 VND, and closed the hour at 15.90 VND with a trading volume of 21,400 shares."
2025-11-06 09:00:00,15.5,15.7,15.5,15.5,87200,KDM,"At 2025-11-06 09:00:00, the stock KDM opened at 15.50 VND, reached a high of 15.70 VND, a low of 15.50 VND, and closed the hour at 15.50 VND with a trading volume of 87,200 shares."
2025-11-06 10:00:00,15.5,17.0,15.2,15.5,128000,KDM,"At 2025-11-06 10:00:00, the stock KDM opened at 15.50 VND, reached a high of 17.00 VND, a low of 15.20 VND, and closed the hour at 15.50 VND with a trading volume of 128,000 shares."
2025-11-06 13:00:00,15.9,15.9,15.0,15.0,4000,KDM,"At 2025-11-06 13:00:00, the stock KDM opened at 15.90 VND, reached a high of 15.90 VND, a low of 15.00 VND, and closed the hour at 15.00 VND with a trading volume of 4,000 shares."
2025-11-06 14:00:00,16.0,16.0,16.0,16.0,2000,KDM,"At 2025-11-06 14:00:00, the stock KDM opened at 16.00 VND, reached a high of 16.00 VND, a low of 16.00 VND, and closed the hour at 16.00 VND with a trading volume of 2,000 shares."
2025-11-07 09:00:00,16.0,17.6,16.0,16.0,45400,KDM,"At 2025-11-07 09:00:00, the stock KDM opened at 16.00 VND, reached a high of 17.60 VND, a low of 16.00 VND, and closed the hour at 16.00 VND with a trading volume of 45,400 shares."
2025-11-07 10:00:00,16.0,16.0,16.0,16.0,11400,KDM,"At 2025-11-07 10:00:00, the stock KDM opened at 16.00 VND, reached a high of 16.00 VND, a low of 16.00 VND, and closed the hour at 16.00 VND with a trading volume of 11,400 shares."
2025-11-07 11:00:00,16.0,16.0,16.0,16.0,3000,KDM,"At 2025-11-07 11:00:00, the stock KDM opened at 16.00 VND, reached a high of 16.00 VND, a low of 16.00 VND, and closed the hour at 16.00 VND with a trading volume of 3,000 shares."
2025-11-07 13:00:00,16.0,16.0,16.0,16.0,2000,KDM,"At 2025-11-07 13:00:00, the stock KDM opened at 16.00 VND, reached a high of 16.00 VND, a low of 16.00 VND, and closed the hour at 16.00 VND with a trading volume of 2,000 shares."
2025-11-07 14:00:00,15.9,16.3,15.8,16.3,14900,KDM,"At 2025-11-07 14:00:00, the stock KDM opened at 15.90 VND, reached a high of 16.30 VND, a low of 15.80 VND, and closed the hour at 16.30 VND with a trading volume of 14,900 shares."
2025-11-10 09:00:00,17.0,17.4,15.9,16.0,24600,KDM,"At 2025-11-10 09:00:00, the stock KDM opened at 17.00 VND, reached a high of 17.40 VND, a low of 15.90 VND, and closed the hour at 16.00 VND with a trading volume of 24,600 shares."
2025-11-10 10:00:00,16.0,16.3,16.0,16.3,7000,KDM,"At 2025-11-10 10:00:00, the stock KDM opened at 16.00 VND, reached a high of 16.30 VND, a low of 16.00 VND, and closed the hour at 16.30 VND with a trading volume of 7,000 shares."
2025-11-10 11:00:00,16.3,16.3,16.3,16.3,2000,KDM,"At 2025-11-10 11:00:00, the stock KDM opened at 16.30 VND, reached a high of 16.30 VND, a low of 16.30 VND, and closed the hour at 16.30 VND with a trading volume of 2,000 shares."
2025-11-10 13:00:00,16.3,16.8,16.0,16.3,25000,KDM,"At 2025-11-10 13:00:00, the stock KDM opened at 16.30 VND, reached a high of 16.80 VND, a low of 16.00 VND, and closed the hour at 16.30 VND with a trading volume of 25,000 shares."
2025-11-10 14:00:00,16.5,16.6,16.3,16.6,12500,KDM,"At 2025-11-10 14:00:00, the stock KDM opened at 16.50 VND, reached a high of 16.60 VND, a low of 16.30 VND, and closed the hour at 16.60 VND with a trading volume of 12,500 shares."
2025-11-11 09:00:00,16.0,16.0,16.0,16.0,17900,KDM,"At 2025-11-11 09:00:00, the stock KDM opened at 16.00 VND, reached a high of 16.00 VND, a low of 16.00 VND, and closed the hour at 16.00 VND with a trading volume of 17,900 shares."
2025-11-11 10:00:00,16.0,16.5,16.0,16.5,12200,KDM,"At 2025-11-11 10:00:00, the stock KDM opened at 16.00 VND, reached a high of 16.50 VND, a low of 16.00 VND, and closed the hour at 16.50 VND with a trading volume of 12,200 shares."
2025-11-11 11:00:00,16.5,16.8,16.5,16.8,18000,KDM,"At 2025-11-11 11:00:00, the stock KDM opened at 16.50 VND, reached a high of 16.80 VND, a low of 16.50 VND, and closed the hour at 16.80 VND with a trading volume of 18,000 shares."
2025-11-11 13:00:00,16.6,17.3,16.6,17.3,97000,KDM,"At 2025-11-11 13:00:00, the stock KDM opened at 16.60 VND, reached a high of 17.30 VND, a low of 16.60 VND, and closed the hour at 17.30 VND with a trading volume of 97,000 shares."
2025-11-11 14:00:00,17.3,17.3,17.0,17.0,37900,KDM,"At 2025-11-11 14:00:00, the stock KDM opened at 17.30 VND, reached a high of 17.30 VND, a low of 17.00 VND, and closed the hour at 17.00 VND with a trading volume of 37,900 shares."
2025-11-12 09:00:00,16.7,16.7,16.7,16.7,12000,KDM,"At 2025-11-12 09:00:00, the stock KDM opened at 16.70 VND, reached a high of 16.70 VND, a low of 16.70 VND, and closed the hour at 16.70 VND with a trading volume of 12,000 shares."
2025-11-12 10:00:00,17.0,17.2,17.0,17.1,6200,KDM,"At 2025-11-12 10:00:00, the stock KDM opened at 17.00 VND, reached a high of 17.20 VND, a low of 17.00 VND, and closed the hour at 17.10 VND with a trading volume of 6,200 shares."
2025-11-12 11:00:00,17.1,17.1,17.0,17.1,19700,KDM,"At 2025-11-12 11:00:00, the stock KDM opened at 17.10 VND, reached a high of 17.10 VND, a low of 17.00 VND, and closed the hour at 17.10 VND with a trading volume of 19,700 shares."
2025-11-12 13:00:00,17.1,18.5,17.0,18.5,62900,KDM,"At 2025-11-12 13:00:00, the stock KDM opened at 17.10 VND, reached a high of 18.50 VND, a low of 17.00 VND, and closed the hour at 18.50 VND with a trading volume of 62,900 shares."
2025-11-12 14:00:00,18.4,18.7,18.4,18.7,59600,KDM,"At 2025-11-12 14:00:00, the stock KDM opened at 18.40 VND, reached a high of 18.70 VND, a low of 18.40 VND, and closed the hour at 18.70 VND with a trading volume of 59,600 shares."
2025-11-13 09:00:00,20.4,20.5,18.0,18.0,31500,KDM,"At 2025-11-13 09:00:00, the stock KDM opened at 20.40 VND, reached a high of 20.50 VND, a low of 18.00 VND, and closed the hour at 18.00 VND with a trading volume of 31,500 shares."
2025-11-13 10:00:00,18.0,18.1,18.0,18.0,25800,KDM,"At 2025-11-13 10:00:00, the stock KDM opened at 18.00 VND, reached a high of 18.10 VND, a low of 18.00 VND, and closed the hour at 18.00 VND with a trading volume of 25,800 shares."
2025-11-13 11:00:00,18.7,19.0,18.2,18.2,11500,KDM,"At 2025-11-13 11:00:00, the stock KDM opened at 18.70 VND, reached a high of 19.00 VND, a low of 18.20 VND, and closed the hour at 18.20 VND with a trading volume of 11,500 shares."
2025-11-13 13:00:00,18.2,18.9,18.2,18.2,41900,KDM,"At 2025-11-13 13:00:00, the stock KDM opened at 18.20 VND, reached a high of 18.90 VND, a low of 18.20 VND, and closed the hour at 18.20 VND with a trading volume of 41,900 shares."
2025-11-13 14:00:00,18.2,18.4,18.0,18.4,24500,KDM,"At 2025-11-13 14:00:00, the stock KDM opened at 18.20 VND, reached a high of 18.40 VND, a low of 18.00 VND, and closed the hour at 18.40 VND with a trading volume of 24,500 shares."
2025-11-14 09:00:00,17.8,17.8,17.8,17.8,500,KDM,"At 2025-11-14 09:00:00, the stock KDM opened at 17.80 VND, reached a high of 17.80 VND, a low of 17.80 VND, and closed the hour at 17.80 VND with a trading volume of 500 shares."
2025-11-14 10:00:00,18.0,18.0,18.0,18.0,1000,KDM,"At 2025-11-14 10:00:00, the stock KDM opened at 18.00 VND, reached a high of 18.00 VND, a low of 18.00 VND, and closed the hour at 18.00 VND with a trading volume of 1,000 shares."
2025-11-14 11:00:00,18.1,18.2,18.0,18.2,21000,KDM,"At 2025-11-14 11:00:00, the stock KDM opened at 18.10 VND, reached a high of 18.20 VND, a low of 18.00 VND, and closed the hour at 18.20 VND with a trading volume of 21,000 shares."
2025-11-14 13:00:00,18.0,19.0,18.0,18.4,94400,KDM,"At 2025-11-14 13:00:00, the stock KDM opened at 18.00 VND, reached a high of 19.00 VND, a low of 18.00 VND, and closed the hour at 18.40 VND with a trading volume of 94,400 shares."
2025-11-14 14:00:00,18.4,18.8,18.2,18.8,37200,KDM,"At 2025-11-14 14:00:00, the stock KDM opened at 18.40 VND, reached a high of 18.80 VND, a low of 18.20 VND, and closed the hour at 18.80 VND with a trading volume of 37,200 shares."
2025-11-17 09:00:00,18.2,18.2,18.2,18.2,26700,KDM,"At 2025-11-17 09:00:00, the stock KDM opened at 18.20 VND, reached a high of 18.20 VND, a low of 18.20 VND, and closed the hour at 18.20 VND with a trading volume of 26,700 shares."
2025-11-17 10:00:00,18.2,19.0,18.2,18.2,19000,KDM,"At 2025-11-17 10:00:00, the stock KDM opened at 18.20 VND, reached a high of 19.00 VND, a low of 18.20 VND, and closed the hour at 18.20 VND with a trading volume of 19,000 shares."
2025-11-17 11:00:00,18.8,18.8,18.2,18.2,21400,KDM,"At 2025-11-17 11:00:00, the stock KDM opened at 18.80 VND, reached a high of 18.80 VND, a low of 18.20 VND, and closed the hour at 18.20 VND with a trading volume of 21,400 shares."
2025-11-17 13:00:00,18.2,18.7,18.1,18.4,14100,KDM,"At 2025-11-17 13:00:00, the stock KDM opened at 18.20 VND, reached a high of 18.70 VND, a low of 18.10 VND, and closed the hour at 18.40 VND with a trading volume of 14,100 shares."
2025-11-17 14:00:00,18.4,18.8,18.4,18.8,51000,KDM,"At 2025-11-17 14:00:00, the stock KDM opened at 18.40 VND, reached a high of 18.80 VND, a low of 18.40 VND, and closed the hour at 18.80 VND with a trading volume of 51,000 shares."
2025-11-18 09:00:00,19.0,19.5,18.4,19.5,52000,KDM,"At 2025-11-18 09:00:00, the stock KDM opened at 19.00 VND, reached a high of 19.50 VND, a low of 18.40 VND, and closed the hour at 19.50 VND with a trading volume of 52,000 shares."
2025-11-18 10:00:00,19.0,19.0,18.8,18.8,3000,KDM,"At 2025-11-18 10:00:00, the stock KDM opened at 19.00 VND, reached a high of 19.00 VND, a low of 18.80 VND, and closed the hour at 18.80 VND with a trading volume of 3,000 shares."
2025-11-18 13:00:00,19.0,19.3,18.9,19.0,44000,KDM,"At 2025-11-18 13:00:00, the stock KDM opened at 19.00 VND, reached a high of 19.30 VND, a low of 18.90 VND, and closed the hour at 19.00 VND with a trading volume of 44,000 shares."
2025-11-18 14:00:00,19.0,19.5,19.0,19.5,26300,KDM,"At 2025-11-18 14:00:00, the stock KDM opened at 19.00 VND, reached a high of 19.50 VND, a low of 19.00 VND, and closed the hour at 19.50 VND with a trading volume of 26,300 shares."
2025-11-19 09:00:00,20.0,20.5,20.0,20.0,37500,KDM,"At 2025-11-19 09:00:00, the stock KDM opened at 20.00 VND, reached a high of 20.50 VND, a low of 20.00 VND, and closed the hour at 20.00 VND with a trading volume of 37,500 shares."
2025-11-19 10:00:00,19.6,19.9,19.0,19.9,18500,KDM,"At 2025-11-19 10:00:00, the stock KDM opened at 19.60 VND, reached a high of 19.90 VND, a low of 19.00 VND, and closed the hour at 19.90 VND with a trading volume of 18,500 shares."
2025-11-19 11:00:00,19.9,20.0,19.9,20.0,12600,KDM,"At 2025-11-19 11:00:00, the stock KDM opened at 19.90 VND, reached a high of 20.00 VND, a low of 19.90 VND, and closed the hour at 20.00 VND with a trading volume of 12,600 shares."
2025-11-19 13:00:00,19.6,19.6,19.5,19.5,43300,KDM,"At 2025-11-19 13:00:00, the stock KDM opened at 19.60 VND, reached a high of 19.60 VND, a low of 19.50 VND, and closed the hour at 19.50 VND with a trading volume of 43,300 shares."
2025-11-19 14:00:00,19.5,19.6,19.5,19.5,29200,KDM,"At 2025-11-19 14:00:00, the stock KDM opened at 19.50 VND, reached a high of 19.60 VND, a low of 19.50 VND, and closed the hour at 19.50 VND with a trading volume of 29,200 shares."
2025-11-20 09:00:00,19.9,20.0,18.7,18.7,34900,KDM,"At 2025-11-20 09:00:00, the stock KDM opened at 19.90 VND, reached a high of 20.00 VND, a low of 18.70 VND, and closed the hour at 18.70 VND with a trading volume of 34,900 shares."
2025-11-20 10:00:00,19.0,19.5,19.0,19.5,13500,KDM,"At 2025-11-20 10:00:00, the stock KDM opened at 19.00 VND, reached a high of 19.50 VND, a low of 19.00 VND, and closed the hour at 19.50 VND with a trading volume of 13,500 shares."
2025-11-20 13:00:00,19.3,19.5,19.3,19.5,9300,KDM,"At 2025-11-20 13:00:00, the stock KDM opened at 19.30 VND, reached a high of 19.50 VND, a low of 19.30 VND, and closed the hour at 19.50 VND with a trading volume of 9,300 shares."
2025-11-20 14:00:00,19.5,21.4,19.3,21.3,100000,KDM,"At 2025-11-20 14:00:00, the stock KDM opened at 19.50 VND, reached a high of 21.40 VND, a low of 19.30 VND, and closed the hour at 21.30 VND with a trading volume of 100,000 shares."
2025-11-21 09:00:00,21.3,21.3,20.0,20.0,46100,KDM,"At 2025-11-21 09:00:00, the stock KDM opened at 21.30 VND, reached a high of 21.30 VND, a low of 20.00 VND, and closed the hour at 20.00 VND with a trading volume of 46,100 shares."
2025-11-21 10:00:00,21.0,22.5,20.0,20.0,62400,KDM,"At 2025-11-21 10:00:00, the stock KDM opened at 21.00 VND, reached a high of 22.50 VND, a low of 20.00 VND, and closed the hour at 20.00 VND with a trading volume of 62,400 shares."
2025-11-21 11:00:00,20.1,20.1,20.1,20.1,4000,KDM,"At 2025-11-21 11:00:00, the stock KDM opened at 20.10 VND, reached a high of 20.10 VND, a low of 20.10 VND, and closed the hour at 20.10 VND with a trading volume of 4,000 shares."
2025-11-21 13:00:00,20.5,21.3,20.5,21.3,14500,KDM,"At 2025-11-21 13:00:00, the stock KDM opened at 20.50 VND, reached a high of 21.30 VND, a low of 20.50 VND, and closed the hour at 21.30 VND with a trading volume of 14,500 shares."
2025-11-21 14:00:00,21.3,21.3,21.3,21.3,2200,KDM,"At 2025-11-21 14:00:00, the stock KDM opened at 21.30 VND, reached a high of 21.30 VND, a low of 21.30 VND, and closed the hour at 21.30 VND with a trading volume of 2,200 shares."
2025-11-24 09:00:00,21.3,22.3,20.5,22.3,67300,KDM,"At 2025-11-24 09:00:00, the stock KDM opened at 21.30 VND, reached a high of 22.30 VND, a low of 20.50 VND, and closed the hour at 22.30 VND with a trading volume of 67,300 shares."
2025-11-24 10:00:00,21.0,21.0,21.0,21.0,15200,KDM,"At 2025-11-24 10:00:00, the stock KDM opened at 21.00 VND, reached a high of 21.00 VND, a low of 21.00 VND, and closed the hour at 21.00 VND with a trading volume of 15,200 shares."
2025-11-24 11:00:00,21.0,21.0,21.0,21.0,2400,KDM,"At 2025-11-24 11:00:00, the stock KDM opened at 21.00 VND, reached a high of 21.00 VND, a low of 21.00 VND, and closed the hour at 21.00 VND with a trading volume of 2,400 shares."
2025-11-24 13:00:00,21.0,21.0,21.0,21.0,700,KDM,"At 2025-11-24 13:00:00, the stock KDM opened at 21.00 VND, reached a high of 21.00 VND, a low of 21.00 VND, and closed the hour at 21.00 VND with a trading volume of 700 shares."
2025-11-24 14:00:00,21.0,21.9,21.0,21.9,11800,KDM,"At 2025-11-24 14:00:00, the stock KDM opened at 21.00 VND, reached a high of 21.90 VND, a low of 21.00 VND, and closed the hour at 21.90 VND with a trading volume of 11,800 shares."
2025-11-25 09:00:00,21.5,21.5,20.9,21.0,11500,KDM,"At 2025-11-25 09:00:00, the stock KDM opened at 21.50 VND, reached a high of 21.50 VND, a low of 20.90 VND, and closed the hour at 21.00 VND with a trading volume of 11,500 shares."
2025-11-25 10:00:00,21.1,22.0,20.8,21.0,22900,KDM,"At 2025-11-25 10:00:00, the stock KDM opened at 21.10 VND, reached a high of 22.00 VND, a low of 20.80 VND, and closed the hour at 21.00 VND with a trading volume of 22,900 shares."
2025-11-25 11:00:00,21.0,21.0,20.8,20.8,1700,KDM,"At 2025-11-25 11:00:00, the stock KDM opened at 21.00 VND, reached a high of 21.00 VND, a low of 20.80 VND, and closed the hour at 20.80 VND with a trading volume of 1,700 shares."
2025-11-25 13:00:00,20.8,21.5,20.8,21.5,18900,KDM,"At 2025-11-25 13:00:00, the stock KDM opened at 20.80 VND, reached a high of 21.50 VND, a low of 20.80 VND, and closed the hour at 21.50 VND with a trading volume of 18,900 shares."
2025-11-25 14:00:00,21.5,21.9,20.9,20.9,21600,KDM,"At 2025-11-25 14:00:00, the stock KDM opened at 21.50 VND, reached a high of 21.90 VND, a low of 20.90 VND, and closed the hour at 20.90 VND with a trading volume of 21,600 shares."
2025-11-26 09:00:00,20.8,21.0,20.8,21.0,31100,KDM,"At 2025-11-26 09:00:00, the stock KDM opened at 20.80 VND, reached a high of 21.00 VND, a low of 20.80 VND, and closed the hour at 21.00 VND with a trading volume of 31,100 shares."
2025-11-26 10:00:00,20.5,20.5,20.3,20.3,600,KDM,"At 2025-11-26 10:00:00, the stock KDM opened at 20.50 VND, reached a high of 20.50 VND, a low of 20.30 VND, and closed the hour at 20.30 VND with a trading volume of 600 shares."
2025-11-26 13:00:00,20.8,20.8,20.8,20.8,5000,KDM,"At 2025-11-26 13:00:00, the stock KDM opened at 20.80 VND, reached a high of 20.80 VND, a low of 20.80 VND, and closed the hour at 20.80 VND with a trading volume of 5,000 shares."
2025-11-26 14:00:00,20.8,22.0,20.8,22.0,18600,KDM,"At 2025-11-26 14:00:00, the stock KDM opened at 20.80 VND, reached a high of 22.00 VND, a low of 20.80 VND, and closed the hour at 22.00 VND with a trading volume of 18,600 shares."
2025-11-27 09:00:00,21.5,21.5,21.5,21.5,7000,KDM,"At 2025-11-27 09:00:00, the stock KDM opened at 21.50 VND, reached a high of 21.50 VND, a low of 21.50 VND, and closed the hour at 21.50 VND with a trading volume of 7,000 shares."
2025-11-27 10:00:00,21.0,21.0,21.0,21.0,11000,KDM,"At 2025-11-27 10:00:00, the stock KDM opened at 21.00 VND, reached a high of 21.00 VND, a low of 21.00 VND, and closed the hour at 21.00 VND with a trading volume of 11,000 shares."
2025-11-27 11:00:00,21.0,21.0,20.9,20.9,2300,KDM,"At 2025-11-27 11:00:00, the stock KDM opened at 21.00 VND, reached a high of 21.00 VND, a low of 20.90 VND, and closed the hour at 20.90 VND with a trading volume of 2,300 shares."
2025-11-27 14:00:00,20.9,22.0,20.9,21.0,15700,KDM,"At 2025-11-27 14:00:00, the stock KDM opened at 20.90 VND, reached a high of 22.00 VND, a low of 20.90 VND, and closed the hour at 21.00 VND with a trading volume of 15,700 shares."
2025-11-28 09:00:00,21.2,21.5,21.1,21.5,20300,KDM,"At 2025-11-28 09:00:00, the stock KDM opened at 21.20 VND, reached a high of 21.50 VND, a low of 21.10 VND, and closed the hour at 21.50 VND with a trading volume of 20,300 shares."
2025-11-28 10:00:00,21.5,22.0,21.5,22.0,18900,KDM,"At 2025-11-28 10:00:00, the stock KDM opened at 21.50 VND, reached a high of 22.00 VND, a low of 21.50 VND, and closed the hour at 22.00 VND with a trading volume of 18,900 shares."
2025-11-28 11:00:00,22.0,23.1,22.0,23.1,115500,KDM,"At 2025-11-28 11:00:00, the stock KDM opened at 22.00 VND, reached a high of 23.10 VND, a low of 22.00 VND, and closed the hour at 23.10 VND with a trading volume of 115,500 shares."
2025-11-28 13:00:00,23.0,23.1,23.0,23.1,55200,KDM,"At 2025-11-28 13:00:00, the stock KDM opened at 23.00 VND, reached a high of 23.10 VND, a low of 23.00 VND, and closed the hour at 23.10 VND with a trading volume of 55,200 shares."
2025-11-28 14:00:00,23.1,23.1,23.1,23.1,3200,KDM,"At 2025-11-28 14:00:00, the stock KDM opened at 23.10 VND, reached a high of 23.10 VND, a low of 23.10 VND, and closed the hour at 23.10 VND with a trading volume of 3,200 shares."
2025-12-01 09:00:00,23.1,23.5,22.1,23.1,44000,KDM,"At 2025-12-01 09:00:00, the stock KDM opened at 23.10 VND, reached a high of 23.50 VND, a low of 22.10 VND, and closed the hour at 23.10 VND with a trading volume of 44,000 shares."
2025-12-01 10:00:00,23.0,23.1,23.0,23.1,500,KDM,"At 2025-12-01 10:00:00, the stock KDM opened at 23.00 VND, reached a high of 23.10 VND, a low of 23.00 VND, and closed the hour at 23.10 VND with a trading volume of 500 shares."
2025-12-01 11:00:00,22.1,23.1,22.1,23.1,86500,KDM,"At 2025-12-01 11:00:00, the stock KDM opened at 22.10 VND, reached a high of 23.10 VND, a low of 22.10 VND, and closed the hour at 23.10 VND with a trading volume of 86,500 shares."
2025-12-01 13:00:00,23.1,23.1,22.1,22.1,29700,KDM,"At 2025-12-01 13:00:00, the stock KDM opened at 23.10 VND, reached a high of 23.10 VND, a low of 22.10 VND, and closed the hour at 22.10 VND with a trading volume of 29,700 shares."
2025-12-01 14:00:00,22.1,23.1,22.1,23.0,9100,KDM,"At 2025-12-01 14:00:00, the stock KDM opened at 22.10 VND, reached a high of 23.10 VND, a low of 22.10 VND, and closed the hour at 23.00 VND with a trading volume of 9,100 shares."
2025-12-02 09:00:00,23.1,24.0,22.5,23.0,45200,KDM,"At 2025-12-02 09:00:00, the stock KDM opened at 23.10 VND, reached a high of 24.00 VND, a low of 22.50 VND, and closed the hour at 23.00 VND with a trading volume of 45,200 shares."
2025-12-02 10:00:00,22.8,22.8,22.5,22.5,7000,KDM,"At 2025-12-02 10:00:00, the stock KDM opened at 22.80 VND, reached a high of 22.80 VND, a low of 22.50 VND, and closed the hour at 22.50 VND with a trading volume of 7,000 shares."
2025-12-02 11:00:00,22.5,22.5,22.5,22.5,1000,KDM,"At 2025-12-02 11:00:00, the stock KDM opened at 22.50 VND, reached a high of 22.50 VND, a low of 22.50 VND, and closed the hour at 22.50 VND with a trading volume of 1,000 shares."
2025-12-02 13:00:00,22.4,22.4,22.1,22.1,11600,KDM,"At 2025-12-02 13:00:00, the stock KDM opened at 22.40 VND, reached a high of 22.40 VND, a low of 22.10 VND, and closed the hour at 22.10 VND with a trading volume of 11,600 shares."
2025-12-02 14:00:00,22.5,23.0,22.5,22.9,8000,KDM,"At 2025-12-02 14:00:00, the stock KDM opened at 22.50 VND, reached a high of 23.00 VND, a low of 22.50 VND, and closed the hour at 22.90 VND with a trading volume of 8,000 shares."
2025-12-03 09:00:00,23.0,23.1,22.2,22.6,22900,KDM,"At 2025-12-03 09:00:00, the stock KDM opened at 23.00 VND, reached a high of 23.10 VND, a low of 22.20 VND, and closed the hour at 22.60 VND with a trading volume of 22,900 shares."
2025-12-03 10:00:00,22.8,22.8,22.3,22.8,7900,KDM,"At 2025-12-03 10:00:00, the stock KDM opened at 22.80 VND, reached a high of 22.80 VND, a low of 22.30 VND, and closed the hour at 22.80 VND with a trading volume of 7,900 shares."
2025-12-03 11:00:00,22.8,22.9,22.0,22.3,32300,KDM,"At 2025-12-03 11:00:00, the stock KDM opened at 22.80 VND, reached a high of 22.90 VND, a low of 22.00 VND, and closed the hour at 22.30 VND with a trading volume of 32,300 shares."
2025-12-03 13:00:00,22.2,22.9,22.0,22.9,14700,KDM,"At 2025-12-03 13:00:00, the stock KDM opened at 22.20 VND, reached a high of 22.90 VND, a low of 22.00 VND, and closed the hour at 22.90 VND with a trading volume of 14,700 shares."
2025-12-03 14:00:00,22.1,22.1,22.1,22.1,9200,KDM,"At 2025-12-03 14:00:00, the stock KDM opened at 22.10 VND, reached a high of 22.10 VND, a low of 22.10 VND, and closed the hour at 22.10 VND with a trading volume of 9,200 shares."
2025-12-04 09:00:00,22.0,22.0,21.6,21.7,36500,KDM,"At 2025-12-04 09:00:00, the stock KDM opened at 22.00 VND, reached a high of 22.00 VND, a low of 21.60 VND, and closed the hour at 21.70 VND with a trading volume of 36,500 shares."
2025-12-04 10:00:00,22.2,22.2,22.2,22.2,18500,KDM,"At 2025-12-04 10:00:00, the stock KDM opened at 22.20 VND, reached a high of 22.20 VND, a low of 22.20 VND, and closed the hour at 22.20 VND with a trading volume of 18,500 shares."
2025-12-04 13:00:00,22.1,22.5,22.1,22.5,17000,KDM,"At 2025-12-04 13:00:00, the stock KDM opened at 22.10 VND, reached a high of 22.50 VND, a low of 22.10 VND, and closed the hour at 22.50 VND with a trading volume of 17,000 shares."
2025-12-04 14:00:00,22.5,23.0,22.5,23.0,13800,KDM,"At 2025-12-04 14:00:00, the stock KDM opened at 22.50 VND, reached a high of 23.00 VND, a low of 22.50 VND, and closed the hour at 23.00 VND with a trading volume of 13,800 shares."
2025-12-05 09:00:00,23.1,23.1,23.1,23.1,16500,KDM,"At 2025-12-05 09:00:00, the stock KDM opened at 23.10 VND, reached a high of 23.10 VND, a low of 23.10 VND, and closed the hour at 23.10 VND with a trading volume of 16,500 shares."
2025-12-05 10:00:00,23.0,23.0,22.7,22.7,900,KDM,"At 2025-12-05 10:00:00, the stock KDM opened at 23.00 VND, reached a high of 23.00 VND, a low of 22.70 VND, and closed the hour at 22.70 VND with a trading volume of 900 shares."
2025-12-05 13:00:00,22.4,22.9,22.1,22.9,15800,KDM,"At 2025-12-05 13:00:00, the stock KDM opened at 22.40 VND, reached a high of 22.90 VND, a low of 22.10 VND, and closed the hour at 22.90 VND with a trading volume of 15,800 shares."
2025-12-05 14:00:00,22.8,23.0,22.7,23.0,7900,KDM,"At 2025-12-05 14:00:00, the stock KDM opened at 22.80 VND, reached a high of 23.00 VND, a low of 22.70 VND, and closed the hour at 23.00 VND with a trading volume of 7,900 shares."
2025-12-08 10:00:00,22.8,22.8,22.0,22.0,15200,KDM,"At 2025-12-08 10:00:00, the stock KDM opened at 22.80 VND, reached a high of 22.80 VND, a low of 22.00 VND, and closed the hour at 22.00 VND with a trading volume of 15,200 shares."
2025-12-08 11:00:00,22.2,22.8,22.2,22.8,3100,KDM,"At 2025-12-08 11:00:00, the stock KDM opened at 22.20 VND, reached a high of 22.80 VND, a low of 22.20 VND, and closed the hour at 22.80 VND with a trading volume of 3,100 shares."
2025-12-08 13:00:00,22.2,22.4,22.2,22.4,9200,KDM,"At 2025-12-08 13:00:00, the stock KDM opened at 22.20 VND, reached a high of 22.40 VND, a low of 22.20 VND, and closed the hour at 22.40 VND with a trading volume of 9,200 shares."
2025-12-08 14:00:00,22.6,23.5,22.6,23.5,39000,KDM,"At 2025-12-08 14:00:00, the stock KDM opened at 22.60 VND, reached a high of 23.50 VND, a low of 22.60 VND, and closed the hour at 23.50 VND with a trading volume of 39,000 shares."
2025-12-09 09:00:00,23.5,23.5,23.5,23.5,5000,KDM,"At 2025-12-09 09:00:00, the stock KDM opened at 23.50 VND, reached a high of 23.50 VND, a low of 23.50 VND, and closed the hour at 23.50 VND with a trading volume of 5,000 shares."
2025-12-09 11:00:00,22.7,22.7,22.5,22.5,15000,KDM,"At 2025-12-09 11:00:00, the stock KDM opened at 22.70 VND, reached a high of 22.70 VND, a low of 22.50 VND, and closed the hour at 22.50 VND with a trading volume of 15,000 shares."
2025-12-09 13:00:00,22.5,22.6,22.5,22.6,2100,KDM,"At 2025-12-09 13:00:00, the stock KDM opened at 22.50 VND, reached a high of 22.60 VND, a low of 22.50 VND, and closed the hour at 22.60 VND with a trading volume of 2,100 shares."
2025-12-09 14:00:00,22.7,23.5,22.7,23.5,4400,KDM,"At 2025-12-09 14:00:00, the stock KDM opened at 22.70 VND, reached a high of 23.50 VND, a low of 22.70 VND, and closed the hour at 23.50 VND with a trading volume of 4,400 shares."
2025-12-10 09:00:00,23.5,24.0,23.1,23.5,29100,KDM,"At 2025-12-10 09:00:00, the stock KDM opened at 23.50 VND, reached a high of 24.00 VND, a low of 23.10 VND, and closed the hour at 23.50 VND with a trading volume of 29,100 shares."
2025-12-10 10:00:00,23.5,23.5,22.8,22.8,37000,KDM,"At 2025-12-10 10:00:00, the stock KDM opened at 23.50 VND, reached a high of 23.50 VND, a low of 22.80 VND, and closed the hour at 22.80 VND with a trading volume of 37,000 shares."
2025-12-10 13:00:00,22.7,22.8,22.7,22.8,5800,KDM,"At 2025-12-10 13:00:00, the stock KDM opened at 22.70 VND, reached a high of 22.80 VND, a low of 22.70 VND, and closed the hour at 22.80 VND with a trading volume of 5,800 shares."
2025-12-10 14:00:00,22.8,22.8,22.7,22.7,24600,KDM,"At 2025-12-10 14:00:00, the stock KDM opened at 22.80 VND, reached a high of 22.80 VND, a low of 22.70 VND, and closed the hour at 22.70 VND with a trading volume of 24,600 shares."
2025-12-11 09:00:00,22.7,23.5,22.7,22.8,18500,KDM,"At 2025-12-11 09:00:00, the stock KDM opened at 22.70 VND, reached a high of 23.50 VND, a low of 22.70 VND, and closed the hour at 22.80 VND with a trading volume of 18,500 shares."
2025-12-11 11:00:00,22.8,23.0,22.8,23.0,7700,KDM,"At 2025-12-11 11:00:00, the stock KDM opened at 22.80 VND, reached a high of 23.00 VND, a low of 22.80 VND, and closed the hour at 23.00 VND with a trading volume of 7,700 shares."
2025-12-11 13:00:00,23.0,23.0,23.0,23.0,1500,KDM,"At 2025-12-11 13:00:00, the stock KDM opened at 23.00 VND, reached a high of 23.00 VND, a low of 23.00 VND, and closed the hour at 23.00 VND with a trading volume of 1,500 shares."
2025-12-11 14:00:00,23.0,24.9,23.0,24.9,68600,KDM,"At 2025-12-11 14:00:00, the stock KDM opened at 23.00 VND, reached a high of 24.90 VND, a low of 23.00 VND, and closed the hour at 24.90 VND with a trading volume of 68,600 shares."
2025-12-12 09:00:00,24.8,26.0,24.8,26.0,30200,KDM,"At 2025-12-12 09:00:00, the stock KDM opened at 24.80 VND, reached a high of 26.00 VND, a low of 24.80 VND, and closed the hour at 26.00 VND with a trading volume of 30,200 shares."
2025-12-12 10:00:00,26.0,26.0,23.0,23.0,20700,KDM,"At 2025-12-12 10:00:00, the stock KDM opened at 26.00 VND, reached a high of 26.00 VND, a low of 23.00 VND, and closed the hour at 23.00 VND with a trading volume of 20,700 shares."
2025-12-12 14:00:00,25.1,25.9,25.1,25.9,2100,KDM,"At 2025-12-12 14:00:00, the stock KDM opened at 25.10 VND, reached a high of 25.90 VND, a low of 25.10 VND, and closed the hour at 25.90 VND with a trading volume of 2,100 shares."
2025-12-15 09:00:00,25.9,27.0,25.0,26.0,36500,KDM,"At 2025-12-15 09:00:00, the stock KDM opened at 25.90 VND, reached a high of 27.00 VND, a low of 25.00 VND, and closed the hour at 26.00 VND with a trading volume of 36,500 shares."
2025-12-15 10:00:00,25.0,25.0,25.0,25.0,4000,KDM,"At 2025-12-15 10:00:00, the stock KDM opened at 25.00 VND, reached a high of 25.00 VND, a low of 25.00 VND, and closed the hour at 25.00 VND with a trading volume of 4,000 shares."
2025-12-15 11:00:00,25.0,25.0,25.0,25.0,1300,KDM,"At 2025-12-15 11:00:00, the stock KDM opened at 25.00 VND, reached a high of 25.00 VND, a low of 25.00 VND, and closed the hour at 25.00 VND with a trading volume of 1,300 shares."
2025-12-15 13:00:00,24.8,26.0,24.8,26.0,11800,KDM,"At 2025-12-15 13:00:00, the stock KDM opened at 24.80 VND, reached a high of 26.00 VND, a low of 24.80 VND, and closed the hour at 26.00 VND with a trading volume of 11,800 shares."
2025-12-15 14:00:00,25.9,25.9,25.9,25.9,1000,KDM,"At 2025-12-15 14:00:00, the stock KDM opened at 25.90 VND, reached a high of 25.90 VND, a low of 25.90 VND, and closed the hour at 25.90 VND with a trading volume of 1,000 shares."
2025-12-16 09:00:00,25.9,26.0,25.5,25.5,15200,KDM,"At 2025-12-16 09:00:00, the stock KDM opened at 25.90 VND, reached a high of 26.00 VND, a low of 25.50 VND, and closed the hour at 25.50 VND with a trading volume of 15,200 shares."
2025-12-16 10:00:00,25.2,25.2,25.0,25.0,1400,KDM,"At 2025-12-16 10:00:00, the stock KDM opened at 25.20 VND, reached a high of 25.20 VND, a low of 25.00 VND, and closed the hour at 25.00 VND with a trading volume of 1,400 shares."
2025-12-16 13:00:00,24.6,24.6,23.8,23.9,36500,KDM,"At 2025-12-16 13:00:00, the stock KDM opened at 24.60 VND, reached a high of 24.60 VND, a low of 23.80 VND, and closed the hour at 23.90 VND with a trading volume of 36,500 shares."
2025-12-16 14:00:00,25.3,25.3,25.3,25.3,3000,KDM,"At 2025-12-16 14:00:00, the stock KDM opened at 25.30 VND, reached a high of 25.30 VND, a low of 25.30 VND, and closed the hour at 25.30 VND with a trading volume of 3,000 shares."
2025-12-17 09:00:00,24.0,24.1,24.0,24.1,17700,KDM,"At 2025-12-17 09:00:00, the stock KDM opened at 24.00 VND, reached a high of 24.10 VND, a low of 24.00 VND, and closed the hour at 24.10 VND with a trading volume of 17,700 shares."
2025-12-17 10:00:00,24.1,24.1,23.5,23.5,13400,KDM,"At 2025-12-17 10:00:00, the stock KDM opened at 24.10 VND, reached a high of 24.10 VND, a low of 23.50 VND, and closed the hour at 23.50 VND with a trading volume of 13,400 shares."
2025-12-17 11:00:00,23.5,23.5,23.5,23.5,3300,KDM,"At 2025-12-17 11:00:00, the stock KDM opened at 23.50 VND, reached a high of 23.50 VND, a low of 23.50 VND, and closed the hour at 23.50 VND with a trading volume of 3,300 shares."
2025-12-17 13:00:00,24.0,24.0,23.5,23.6,6400,KDM,"At 2025-12-17 13:00:00, the stock KDM opened at 24.00 VND, reached a high of 24.00 VND, a low of 23.50 VND, and closed the hour at 23.60 VND with a trading volume of 6,400 shares."
2025-12-17 14:00:00,23.6,23.6,23.0,23.1,18400,KDM,"At 2025-12-17 14:00:00, the stock KDM opened at 23.60 VND, reached a high of 23.60 VND, a low of 23.00 VND, and closed the hour at 23.10 VND with a trading volume of 18,400 shares."
2025-12-18 09:00:00,23.1,23.5,23.0,23.1,41500,KDM,"At 2025-12-18 09:00:00, the stock KDM opened at 23.10 VND, reached a high of 23.50 VND, a low of 23.00 VND, and closed the hour at 23.10 VND with a trading volume of 41,500 shares."
2025-12-18 10:00:00,23.1,23.4,23.0,23.1,11100,KDM,"At 2025-12-18 10:00:00, the stock KDM opened at 23.10 VND, reached a high of 23.40 VND, a low of 23.00 VND, and closed the hour at 23.10 VND with a trading volume of 11,100 shares."
2025-12-18 13:00:00,23.1,23.1,23.0,23.0,8000,KDM,"At 2025-12-18 13:00:00, the stock KDM opened at 23.10 VND, reached a high of 23.10 VND, a low of 23.00 VND, and closed the hour at 23.00 VND with a trading volume of 8,000 shares."
2025-12-18 14:00:00,23.0,23.2,23.0,23.2,4100,KDM,"At 2025-12-18 14:00:00, the stock KDM opened at 23.00 VND, reached a high of 23.20 VND, a low of 23.00 VND, and closed the hour at 23.20 VND with a trading volume of 4,100 shares."
2025-12-19 09:00:00,23.1,23.5,23.1,23.5,15000,KDM,"At 2025-12-19 09:00:00, the stock KDM opened at 23.10 VND, reached a high of 23.50 VND, a low of 23.10 VND, and closed the hour at 23.50 VND with a trading volume of 15,000 shares."
2025-12-19 10:00:00,23.1,23.1,23.0,23.0,7500,KDM,"At 2025-12-19 10:00:00, the stock KDM opened at 23.10 VND, reached a high of 23.10 VND, a low of 23.00 VND, and closed the hour at 23.00 VND with a trading volume of 7,500 shares."
2025-12-19 13:00:00,23.0,23.0,23.0,23.0,1500,KDM,"At 2025-12-19 13:00:00, the stock KDM opened at 23.00 VND, reached a high of 23.00 VND, a low of 23.00 VND, and closed the hour at 23.00 VND with a trading volume of 1,500 shares."
2025-12-19 14:00:00,23.2,23.3,23.0,23.0,6600,KDM,"At 2025-12-19 14:00:00, the stock KDM opened at 23.20 VND, reached a high of 23.30 VND, a low of 23.00 VND, and closed the hour at 23.00 VND with a trading volume of 6,600 shares."
2025-12-22 09:00:00,23.0,24.5,23.0,24.0,60500,KDM,"At 2025-12-22 09:00:00, the stock KDM opened at 23.00 VND, reached a high of 24.50 VND, a low of 23.00 VND, and closed the hour at 24.00 VND with a trading volume of 60,500 shares."
2025-12-22 10:00:00,23.7,23.9,23.7,23.9,22000,KDM,"At 2025-12-22 10:00:00, the stock KDM opened at 23.70 VND, reached a high of 23.90 VND, a low of 23.70 VND, and closed the hour at 23.90 VND with a trading volume of 22,000 shares."
2025-12-22 11:00:00,24.0,24.0,24.0,24.0,300,KDM,"At 2025-12-22 11:00:00, the stock KDM opened at 24.00 VND, reached a high of 24.00 VND, a low of 24.00 VND, and closed the hour at 24.00 VND with a trading volume of 300 shares."
2025-12-22 13:00:00,24.5,25.3,24.5,25.3,30900,KDM,"At 2025-12-22 13:00:00, the stock KDM opened at 24.50 VND, reached a high of 25.30 VND, a low of 24.50 VND, and closed the hour at 25.30 VND with a trading volume of 30,900 shares."
2025-12-23 09:00:00,26.0,27.8,26.0,27.8,39300,KDM,"At 2025-12-23 09:00:00, the stock KDM opened at 26.00 VND, reached a high of 27.80 VND, a low of 26.00 VND, and closed the hour at 27.80 VND with a trading volume of 39,300 shares."
2025-12-23 10:00:00,27.8,27.8,27.0,27.8,8400,KDM,"At 2025-12-23 10:00:00, the stock KDM opened at 27.80 VND, reached a high of 27.80 VND, a low of 27.00 VND, and closed the hour at 27.80 VND with a trading volume of 8,400 shares."
2025-12-23 11:00:00,27.6,27.8,27.5,27.5,8400,KDM,"At 2025-12-23 11:00:00, the stock KDM opened at 27.60 VND, reached a high of 27.80 VND, a low of 27.50 VND, and closed the hour at 27.50 VND with a trading volume of 8,400 shares."
2025-12-23 13:00:00,27.6,27.8,27.4,27.8,50000,KDM,"At 2025-12-23 13:00:00, the stock KDM opened at 27.60 VND, reached a high of 27.80 VND, a low of 27.40 VND, and closed the hour at 27.80 VND with a trading volume of 50,000 shares."
2025-12-23 14:00:00,27.8,27.8,27.4,27.4,6000,KDM,"At 2025-12-23 14:00:00, the stock KDM opened at 27.80 VND, reached a high of 27.80 VND, a low of 27.40 VND, and closed the hour at 27.40 VND with a trading volume of 6,000 shares."
2025-12-24 09:00:00,27.8,30.0,27.8,29.9,47800,KDM,"At 2025-12-24 09:00:00, the stock KDM opened at 27.80 VND, reached a high of 30.00 VND, a low of 27.80 VND, and closed the hour at 29.90 VND with a trading volume of 47,800 shares."
2025-12-24 10:00:00,29.8,29.8,29.8,29.8,1400,KDM,"At 2025-12-24 10:00:00, the stock KDM opened at 29.80 VND, reached a high of 29.80 VND, a low of 29.80 VND, and closed the hour at 29.80 VND with a trading volume of 1,400 shares."
2025-12-24 11:00:00,29.8,29.8,29.8,29.8,200,KDM,"At 2025-12-24 11:00:00, the stock KDM opened at 29.80 VND, reached a high of 29.80 VND, a low of 29.80 VND, and closed the hour at 29.80 VND with a trading volume of 200 shares."
2025-12-24 13:00:00,29.7,29.8,29.0,29.0,400,KDM,"At 2025-12-24 13:00:00, the stock KDM opened at 29.70 VND, reached a high of 29.80 VND, a low of 29.00 VND, and closed the hour at 29.00 VND with a trading volume of 400 shares."
2025-12-24 14:00:00,29.0,29.4,27.5,27.5,8200,KDM,"At 2025-12-24 14:00:00, the stock KDM opened at 29.00 VND, reached a high of 29.40 VND, a low of 27.50 VND, and closed the hour at 27.50 VND with a trading volume of 8,200 shares."
2025-12-25 09:00:00,27.8,27.8,26.2,26.2,51900,KDM,"At 2025-12-25 09:00:00, the stock KDM opened at 27.80 VND, reached a high of 27.80 VND, a low of 26.20 VND, and closed the hour at 26.20 VND with a trading volume of 51,900 shares."
2025-12-25 10:00:00,26.5,26.6,26.4,26.6,29400,KDM,"At 2025-12-25 10:00:00, the stock KDM opened at 26.50 VND, reached a high of 26.60 VND, a low of 26.40 VND, and closed the hour at 26.60 VND with a trading volume of 29,400 shares."
2025-12-25 11:00:00,26.6,26.6,26.6,26.6,16200,KDM,"At 2025-12-25 11:00:00, the stock KDM opened at 26.60 VND, reached a high of 26.60 VND, a low of 26.60 VND, and closed the hour at 26.60 VND with a trading volume of 16,200 shares."
2025-12-25 13:00:00,26.6,27.0,26.0,27.0,33100,KDM,"At 2025-12-25 13:00:00, the stock KDM opened at 26.60 VND, reached a high of 27.00 VND, a low of 26.00 VND, and closed the hour at 27.00 VND with a trading volume of 33,100 shares."
2025-12-25 14:00:00,27.0,28.0,27.0,27.0,24600,KDM,"At 2025-12-25 14:00:00, the stock KDM opened at 27.00 VND, reached a high of 28.00 VND, a low of 27.00 VND, and closed the hour at 27.00 VND with a trading volume of 24,600 shares."
2025-12-26 09:00:00,26.0,26.5,26.0,26.5,14200,KDM,"At 2025-12-26 09:00:00, the stock KDM opened at 26.00 VND, reached a high of 26.50 VND, a low of 26.00 VND, and closed the hour at 26.50 VND with a trading volume of 14,200 shares."
2025-12-26 10:00:00,26.5,27.0,26.1,27.0,1700,KDM,"At 2025-12-26 10:00:00, the stock KDM opened at 26.50 VND, reached a high of 27.00 VND, a low of 26.10 VND, and closed the hour at 27.00 VND with a trading volume of 1,700 shares."
2025-12-26 11:00:00,27.0,27.0,27.0,27.0,400,KDM,"At 2025-12-26 11:00:00, the stock KDM opened at 27.00 VND, reached a high of 27.00 VND, a low of 27.00 VND, and closed the hour at 27.00 VND with a trading volume of 400 shares."
2025-12-26 13:00:00,26.1,26.1,26.0,26.0,15400,KDM,"At 2025-12-26 13:00:00, the stock KDM opened at 26.10 VND, reached a high of 26.10 VND, a low of 26.00 VND, and closed the hour at 26.00 VND with a trading volume of 15,400 shares."
2025-12-26 14:00:00,26.0,27.0,26.0,27.0,1300,KDM,"At 2025-12-26 14:00:00, the stock KDM opened at 26.00 VND, reached a high of 27.00 VND, a low of 26.00 VND, and closed the hour at 27.00 VND with a trading volume of 1,300 shares."
2025-12-29 09:00:00,26.2,27.5,26.0,27.5,32000,KDM,"At 2025-12-29 09:00:00, the stock KDM opened at 26.20 VND, reached a high of 27.50 VND, a low of 26.00 VND, and closed the hour at 27.50 VND with a trading volume of 32,000 shares."
2025-12-29 10:00:00,26.1,26.1,26.0,26.0,20000,KDM,"At 2025-12-29 10:00:00, the stock KDM opened at 26.10 VND, reached a high of 26.10 VND, a low of 26.00 VND, and closed the hour at 26.00 VND with a trading volume of 20,000 shares."
2025-12-29 11:00:00,26.0,26.0,25.2,25.2,7200,KDM,"At 2025-12-29 11:00:00, the stock KDM opened at 26.00 VND, reached a high of 26.00 VND, a low of 25.20 VND, and closed the hour at 25.20 VND with a trading volume of 7,200 shares."
2025-12-29 13:00:00,25.5,25.5,24.5,24.5,79000,KDM,"At 2025-12-29 13:00:00, the stock KDM opened at 25.50 VND, reached a high of 25.50 VND, a low of 24.50 VND, and closed the hour at 24.50 VND with a trading volume of 79,000 shares."
2025-12-29 14:00:00,24.3,24.8,24.3,24.8,23200,KDM,"At 2025-12-29 14:00:00, the stock KDM opened at 24.30 VND, reached a high of 24.80 VND, a low of 24.30 VND, and closed the hour at 24.80 VND with a trading volume of 23,200 shares."
2025-12-30 09:00:00,23.5,24.8,23.5,24.8,17300,KDM,"At 2025-12-30 09:00:00, the stock KDM opened at 23.50 VND, reached a high of 24.80 VND, a low of 23.50 VND, and closed the hour at 24.80 VND with a trading volume of 17,300 shares."
2025-12-30 10:00:00,24.8,25.0,24.8,24.8,1700,KDM,"At 2025-12-30 10:00:00, the stock KDM opened at 24.80 VND, reached a high of 25.00 VND, a low of 24.80 VND, and closed the hour at 24.80 VND with a trading volume of 1,700 shares."
2025-12-30 13:00:00,24.8,24.8,24.8,24.8,300,KDM,"At 2025-12-30 13:00:00, the stock KDM opened at 24.80 VND, reached a high of 24.80 VND, a low of 24.80 VND, and closed the hour at 24.80 VND with a trading volume of 300 shares."
2025-12-30 14:00:00,24.8,25.0,24.8,25.0,1200,KDM,"At 2025-12-30 14:00:00, the stock KDM opened at 24.80 VND, reached a high of 25.00 VND, a low of 24.80 VND, and closed the hour at 25.00 VND with a trading volume of 1,200 shares."
2025-12-31 09:00:00,24.1,24.1,24.0,24.0,13000,KDM,"At 2025-12-31 09:00:00, the stock KDM opened at 24.10 VND, reached a high of 24.10 VND, a low of 24.00 VND, and closed the hour at 24.00 VND with a trading volume of 13,000 shares."
2025-12-31 10:00:00,24.5,24.8,24.5,24.8,1300,KDM,"At 2025-12-31 10:00:00, the stock KDM opened at 24.50 VND, reached a high of 24.80 VND, a low of 24.50 VND, and closed the hour at 24.80 VND with a trading volume of 1,300 shares."
2025-12-31 13:00:00,24.1,24.1,24.0,24.0,25300,KDM,"At 2025-12-31 13:00:00, the stock KDM opened at 24.10 VND, reached a high of 24.10 VND, a low of 24.00 VND, and closed the hour at 24.00 VND with a trading volume of 25,300 shares."
2025-12-31 14:00:00,24.0,24.5,23.8,24.5,19000,KDM,"At 2025-12-31 14:00:00, the stock KDM opened at 24.00 VND, reached a high of 24.50 VND, a low of 23.80 VND, and closed the hour at 24.50 VND with a trading volume of 19,000 shares."
2026-01-05 09:00:00,24.5,24.9,24.5,24.9,500,KDM,"At 2026-01-05 09:00:00, the stock KDM opened at 24.50 VND, reached a high of 24.90 VND, a low of 24.50 VND, and closed the hour at 24.90 VND with a trading volume of 500 shares."
2026-01-05 10:00:00,24.0,24.0,23.8,23.8,21000,KDM,"At 2026-01-05 10:00:00, the stock KDM opened at 24.00 VND, reached a high of 24.00 VND, a low of 23.80 VND, and closed the hour at 23.80 VND with a trading volume of 21,000 shares."
2026-01-05 11:00:00,23.8,23.8,23.8,23.8,2700,KDM,"At 2026-01-05 11:00:00, the stock KDM opened at 23.80 VND, reached a high of 23.80 VND, a low of 23.80 VND, and closed the hour at 23.80 VND with a trading volume of 2,700 shares."
2026-01-05 13:00:00,23.7,23.7,23.6,23.6,3000,KDM,"At 2026-01-05 13:00:00, the stock KDM opened at 23.70 VND, reached a high of 23.70 VND, a low of 23.60 VND, and closed the hour at 23.60 VND with a trading volume of 3,000 shares."
2026-01-05 14:00:00,23.6,23.6,23.5,23.5,17100,KDM,"At 2026-01-05 14:00:00, the stock KDM opened at 23.60 VND, reached a high of 23.60 VND, a low of 23.50 VND, and closed the hour at 23.50 VND with a trading volume of 17,100 shares."
2026-01-06 09:00:00,23.4,23.4,23.3,23.3,20000,KDM,"At 2026-01-06 09:00:00, the stock KDM opened at 23.40 VND, reached a high of 23.40 VND, a low of 23.30 VND, and closed the hour at 23.30 VND with a trading volume of 20,000 shares."
2026-01-06 10:00:00,23.5,24.0,23.5,24.0,12100,KDM,"At 2026-01-06 10:00:00, the stock KDM opened at 23.50 VND, reached a high of 24.00 VND, a low of 23.50 VND, and closed the hour at 24.00 VND with a trading volume of 12,100 shares."
2026-01-06 13:00:00,23.5,23.5,23.5,23.5,14000,KDM,"At 2026-01-06 13:00:00, the stock KDM opened at 23.50 VND, reached a high of 23.50 VND, a low of 23.50 VND, and closed the hour at 23.50 VND with a trading volume of 14,000 shares."
2026-01-06 14:00:00,23.5,25.0,23.5,24.8,46500,KDM,"At 2026-01-06 14:00:00, the stock KDM opened at 23.50 VND, reached a high of 25.00 VND, a low of 23.50 VND, and closed the hour at 24.80 VND with a trading volume of 46,500 shares."
2026-01-07 09:00:00,24.9,25.5,24.0,24.0,30000,KDM,"At 2026-01-07 09:00:00, the stock KDM opened at 24.90 VND, reached a high of 25.50 VND, a low of 24.00 VND, and closed the hour at 24.00 VND with a trading volume of 30,000 shares."
2026-01-07 13:00:00,24.0,24.0,23.5,23.5,2800,KDM,"At 2026-01-07 13:00:00, the stock KDM opened at 24.00 VND, reached a high of 24.00 VND, a low of 23.50 VND, and closed the hour at 23.50 VND with a trading volume of 2,800 shares."
2026-01-07 14:00:00,24.9,24.9,24.9,24.9,2000,KDM,"At 2026-01-07 14:00:00, the stock KDM opened at 24.90 VND, reached a high of 24.90 VND, a low of 24.90 VND, and closed the hour at 24.90 VND with a trading volume of 2,000 shares."
2026-01-08 10:00:00,24.9,25.0,24.9,25.0,8000,KDM,"At 2026-01-08 10:00:00, the stock KDM opened at 24.90 VND, reached a high of 25.00 VND, a low of 24.90 VND, and closed the hour at 25.00 VND with a trading volume of 8,000 shares."
2026-01-08 13:00:00,24.2,24.2,24.0,24.0,7500,KDM,"At 2026-01-08 13:00:00, the stock KDM opened at 24.20 VND, reached a high of 24.20 VND, a low of 24.00 VND, and closed the hour at 24.00 VND with a trading volume of 7,500 shares."
2026-01-08 14:00:00,24.9,24.9,24.9,24.9,1000,KDM,"At 2026-01-08 14:00:00, the stock KDM opened at 24.90 VND, reached a high of 24.90 VND, a low of 24.90 VND, and closed the hour at 24.90 VND with a trading volume of 1,000 shares."
2026-01-09 09:00:00,24.8,24.8,24.1,24.1,12000,KDM,"At 2026-01-09 09:00:00, the stock KDM opened at 24.80 VND, reached a high of 24.80 VND, a low of 24.10 VND, and closed the hour at 24.10 VND with a trading volume of 12,000 shares."
2026-01-09 11:00:00,24.1,24.1,24.1,24.1,200,KDM,"At 2026-01-09 11:00:00, the stock KDM opened at 24.10 VND, reached a high of 24.10 VND, a low of 24.10 VND, and closed the hour at 24.10 VND with a trading volume of 200 shares."
2026-01-09 14:00:00,24.2,24.9,24.1,24.9,9100,KDM,"At 2026-01-09 14:00:00, the stock KDM opened at 24.20 VND, reached a high of 24.90 VND, a low of 24.10 VND, and closed the hour at 24.90 VND with a trading volume of 9,100 shares."
2026-01-12 10:00:00,24.7,24.8,24.7,24.8,11000,KDM,"At 2026-01-12 10:00:00, the stock KDM opened at 24.70 VND, reached a high of 24.80 VND, a low of 24.70 VND, and closed the hour at 24.80 VND with a trading volume of 11,000 shares."
2026-01-12 13:00:00,24.2,24.2,24.2,24.2,3000,KDM,"At 2026-01-12 13:00:00, the stock KDM opened at 24.20 VND, reached a high of 24.20 VND, a low of 24.20 VND, and closed the hour at 24.20 VND with a trading volume of 3,000 shares."
2026-01-12 14:00:00,24.2,24.7,24.2,24.7,2300,KDM,"At 2026-01-12 14:00:00, the stock KDM opened at 24.20 VND, reached a high of 24.70 VND, a low of 24.20 VND, and closed the hour at 24.70 VND with a trading volume of 2,300 shares."
2026-01-13 11:00:00,23.9,23.9,23.4,23.4,15100,KDM,"At 2026-01-13 11:00:00, the stock KDM opened at 23.90 VND, reached a high of 23.90 VND, a low of 23.40 VND, and closed the hour at 23.40 VND with a trading volume of 15,100 shares."
2026-01-13 13:00:00,23.5,23.5,23.4,23.4,75200,KDM,"At 2026-01-13 13:00:00, the stock KDM opened at 23.50 VND, reached a high of 23.50 VND, a low of 23.40 VND, and closed the hour at 23.40 VND with a trading volume of 75,200 shares."
2026-01-13 14:00:00,23.6,24.2,23.4,24.2,8400,KDM,"At 2026-01-13 14:00:00, the stock KDM opened at 23.60 VND, reached a high of 24.20 VND, a low of 23.40 VND, and closed the hour at 24.20 VND with a trading volume of 8,400 shares."
2026-01-14 09:00:00,23.5,23.5,23.4,23.5,9000,KDM,"At 2026-01-14 09:00:00, the stock KDM opened at 23.50 VND, reached a high of 23.50 VND, a low of 23.40 VND, and closed the hour at 23.50 VND with a trading volume of 9,000 shares."
2026-01-14 10:00:00,23.5,23.5,23.5,23.5,18000,KDM,"At 2026-01-14 10:00:00, the stock KDM opened at 23.50 VND, reached a high of 23.50 VND, a low of 23.50 VND, and closed the hour at 23.50 VND with a trading volume of 18,000 shares."
2026-01-14 11:00:00,23.5,23.5,23.5,23.5,9300,KDM,"At 2026-01-14 11:00:00, the stock KDM opened at 23.50 VND, reached a high of 23.50 VND, a low of 23.50 VND, and closed the hour at 23.50 VND with a trading volume of 9,300 shares."
2026-01-14 13:00:00,23.4,23.5,23.3,23.5,26800,KDM,"At 2026-01-14 13:00:00, the stock KDM opened at 23.40 VND, reached a high of 23.50 VND, a low of 23.30 VND, and closed the hour at 23.50 VND with a trading volume of 26,800 shares."
2026-01-14 14:00:00,23.5,24.7,23.1,24.7,24000,KDM,"At 2026-01-14 14:00:00, the stock KDM opened at 23.50 VND, reached a high of 24.70 VND, a low of 23.10 VND, and closed the hour at 24.70 VND with a trading volume of 24,000 shares."
2026-01-15 09:00:00,23.5,23.8,23.5,23.8,23500,KDM,"At 2026-01-15 09:00:00, the stock KDM opened at 23.50 VND, reached a high of 23.80 VND, a low of 23.50 VND, and closed the hour at 23.80 VND with a trading volume of 23,500 shares."
2026-01-15 10:00:00,23.6,23.6,23.6,23.6,2000,KDM,"At 2026-01-15 10:00:00, the stock KDM opened at 23.60 VND, reached a high of 23.60 VND, a low of 23.60 VND, and closed the hour at 23.60 VND with a trading volume of 2,000 shares."
2026-01-15 13:00:00,23.4,23.5,23.4,23.5,47000,KDM,"At 2026-01-15 13:00:00, the stock KDM opened at 23.40 VND, reached a high of 23.50 VND, a low of 23.40 VND, and closed the hour at 23.50 VND with a trading volume of 47,000 shares."
2026-01-15 14:00:00,23.8,23.8,23.8,23.8,3300,KDM,"At 2026-01-15 14:00:00, the stock KDM opened at 23.80 VND, reached a high of 23.80 VND, a low of 23.80 VND, and closed the hour at 23.80 VND with a trading volume of 3,300 shares."
2026-01-16 09:00:00,24.5,24.5,24.5,24.5,8000,KDM,"At 2026-01-16 09:00:00, the stock KDM opened at 24.50 VND, reached a high of 24.50 VND, a low of 24.50 VND, and closed the hour at 24.50 VND with a trading volume of 8,000 shares."
2026-01-16 13:00:00,23.5,23.5,23.5,23.5,27000,KDM,"At 2026-01-16 13:00:00, the stock KDM opened at 23.50 VND, reached a high of 23.50 VND, a low of 23.50 VND, and closed the hour at 23.50 VND with a trading volume of 27,000 shares."
2026-01-16 14:00:00,23.5,24.1,23.5,24.1,15100,KDM,"At 2026-01-16 14:00:00, the stock KDM opened at 23.50 VND, reached a high of 24.10 VND, a low of 23.50 VND, and closed the hour at 24.10 VND with a trading volume of 15,100 shares."
2026-01-19 09:00:00,24.1,24.1,24.1,24.1,6000,KDM,"At 2026-01-19 09:00:00, the stock KDM opened at 24.10 VND, reached a high of 24.10 VND, a low of 24.10 VND, and closed the hour at 24.10 VND with a trading volume of 6,000 shares."
2026-01-19 10:00:00,23.5,23.5,23.5,23.5,1500,KDM,"At 2026-01-19 10:00:00, the stock KDM opened at 23.50 VND, reached a high of 23.50 VND, a low of 23.50 VND, and closed the hour at 23.50 VND with a trading volume of 1,500 shares."
2026-01-19 11:00:00,23.5,23.5,23.5,23.5,6300,KDM,"At 2026-01-19 11:00:00, the stock KDM opened at 23.50 VND, reached a high of 23.50 VND, a low of 23.50 VND, and closed the hour at 23.50 VND with a trading volume of 6,300 shares."
2026-01-19 13:00:00,23.5,23.5,23.5,23.5,9500,KDM,"At 2026-01-19 13:00:00, the stock KDM opened at 23.50 VND, reached a high of 23.50 VND, a low of 23.50 VND, and closed the hour at 23.50 VND with a trading volume of 9,500 shares."
2026-01-19 14:00:00,23.5,23.8,23.5,23.8,19500,KDM,"At 2026-01-19 14:00:00, the stock KDM opened at 23.50 VND, reached a high of 23.80 VND, a low of 23.50 VND, and closed the hour at 23.80 VND with a trading volume of 19,500 shares."
2026-01-20 09:00:00,23.8,23.8,23.3,23.7,17900,KDM,"At 2026-01-20 09:00:00, the stock KDM opened at 23.80 VND, reached a high of 23.80 VND, a low of 23.30 VND, and closed the hour at 23.70 VND with a trading volume of 17,900 shares."
2026-01-20 10:00:00,23.5,23.5,23.5,23.5,700,KDM,"At 2026-01-20 10:00:00, the stock KDM opened at 23.50 VND, reached a high of 23.50 VND, a low of 23.50 VND, and closed the hour at 23.50 VND with a trading volume of 700 shares."
2026-01-20 13:00:00,23.5,23.5,23.3,23.3,9600,KDM,"At 2026-01-20 13:00:00, the stock KDM opened at 23.50 VND, reached a high of 23.50 VND, a low of 23.30 VND, and closed the hour at 23.30 VND with a trading volume of 9,600 shares."
2026-01-20 14:00:00,23.6,23.6,23.6,23.6,6000,KDM,"At 2026-01-20 14:00:00, the stock KDM opened at 23.60 VND, reached a high of 23.60 VND, a low of 23.60 VND, and closed the hour at 23.60 VND with a trading volume of 6,000 shares."
2026-01-21 09:00:00,23.8,25.9,23.8,25.5,49100,KDM,"At 2026-01-21 09:00:00, the stock KDM opened at 23.80 VND, reached a high of 25.90 VND, a low of 23.80 VND, and closed the hour at 25.50 VND with a trading volume of 49,100 shares."
2026-01-21 14:00:00,24.9,24.9,24.9,24.9,1000,KDM,"At 2026-01-21 14:00:00, the stock KDM opened at 24.90 VND, reached a high of 24.90 VND, a low of 24.90 VND, and closed the hour at 24.90 VND with a trading volume of 1,000 shares."
2026-01-22 09:00:00,24.8,25.0,24.8,25.0,15000,KDM,"At 2026-01-22 09:00:00, the stock KDM opened at 24.80 VND, reached a high of 25.00 VND, a low of 24.80 VND, and closed the hour at 25.00 VND with a trading volume of 15,000 shares."
2026-01-22 10:00:00,25.0,25.5,25.0,25.1,17200,KDM,"At 2026-01-22 10:00:00, the stock KDM opened at 25.00 VND, reached a high of 25.50 VND, a low of 25.00 VND, and closed the hour at 25.10 VND with a trading volume of 17,200 shares."
2026-01-22 13:00:00,25.1,25.5,23.8,23.8,3900,KDM,"At 2026-01-22 13:00:00, the stock KDM opened at 25.10 VND, reached a high of 25.50 VND, a low of 23.80 VND, and closed the hour at 23.80 VND with a trading volume of 3,900 shares."
2026-01-22 14:00:00,23.6,23.6,23.6,23.6,1400,KDM,"At 2026-01-22 14:00:00, the stock KDM opened at 23.60 VND, reached a high of 23.60 VND, a low of 23.60 VND, and closed the hour at 23.60 VND with a trading volume of 1,400 shares."
2026-01-23 09:00:00,23.6,24.5,23.6,24.0,100100,KDM,"At 2026-01-23 09:00:00, the stock KDM opened at 23.60 VND, reached a high of 24.50 VND, a low of 23.60 VND, and closed the hour at 24.00 VND with a trading volume of 100,100 shares."
2026-01-23 10:00:00,24.0,25.9,24.0,25.6,159500,KDM,"At 2026-01-23 10:00:00, the stock KDM opened at 24.00 VND, reached a high of 25.90 VND, a low of 24.00 VND, and closed the hour at 25.60 VND with a trading volume of 159,500 shares."
2026-01-23 11:00:00,25.6,25.6,25.6,25.6,7000,KDM,"At 2026-01-23 11:00:00, the stock KDM opened at 25.60 VND, reached a high of 25.60 VND, a low of 25.60 VND, and closed the hour at 25.60 VND with a trading volume of 7,000 shares."
2026-01-23 13:00:00,25.6,25.9,25.6,25.9,17200,KDM,"At 2026-01-23 13:00:00, the stock KDM opened at 25.60 VND, reached a high of 25.90 VND, a low of 25.60 VND, and closed the hour at 25.90 VND with a trading volume of 17,200 shares."
2026-01-23 14:00:00,25.9,25.9,25.9,25.9,200,KDM,"At 2026-01-23 14:00:00, the stock KDM opened at 25.90 VND, reached a high of 25.90 VND, a low of 25.90 VND, and closed the hour at 25.90 VND with a trading volume of 200 shares."
2026-01-26 09:00:00,25.9,28.0,25.9,28.0,43000,KDM,"At 2026-01-26 09:00:00, the stock KDM opened at 25.90 VND, reached a high of 28.00 VND, a low of 25.90 VND, and closed the hour at 28.00 VND with a trading volume of 43,000 shares."
2026-01-26 10:00:00,27.5,28.0,27.0,27.0,36800,KDM,"At 2026-01-26 10:00:00, the stock KDM opened at 27.50 VND, reached a high of 28.00 VND, a low of 27.00 VND, and closed the hour at 27.00 VND with a trading volume of 36,800 shares."
2026-01-26 11:00:00,27.0,27.0,26.0,26.0,32100,KDM,"At 2026-01-26 11:00:00, the stock KDM opened at 27.00 VND, reached a high of 27.00 VND, a low of 26.00 VND, and closed the hour at 26.00 VND with a trading volume of 32,100 shares."
2026-01-26 13:00:00,26.0,26.0,25.8,26.0,23600,KDM,"At 2026-01-26 13:00:00, the stock KDM opened at 26.00 VND, reached a high of 26.00 VND, a low of 25.80 VND, and closed the hour at 26.00 VND with a trading volume of 23,600 shares."
2026-01-26 14:00:00,26.0,26.9,25.9,26.9,16000,KDM,"At 2026-01-26 14:00:00, the stock KDM opened at 26.00 VND, reached a high of 26.90 VND, a low of 25.90 VND, and closed the hour at 26.90 VND with a trading volume of 16,000 shares."
2026-01-27 09:00:00,26.3,27.1,26.3,26.5,32100,KDM,"At 2026-01-27 09:00:00, the stock KDM opened at 26.30 VND, reached a high of 27.10 VND, a low of 26.30 VND, and closed the hour at 26.50 VND with a trading volume of 32,100 shares."
2026-01-27 10:00:00,26.5,26.5,26.5,26.5,10400,KDM,"At 2026-01-27 10:00:00, the stock KDM opened at 26.50 VND, reached a high of 26.50 VND, a low of 26.50 VND, and closed the hour at 26.50 VND with a trading volume of 10,400 shares."
2026-01-27 11:00:00,26.5,26.5,26.5,26.5,2800,KDM,"At 2026-01-27 11:00:00, the stock KDM opened at 26.50 VND, reached a high of 26.50 VND, a low of 26.50 VND, and closed the hour at 26.50 VND with a trading volume of 2,800 shares."
2026-01-27 13:00:00,26.5,27.5,26.5,27.5,29200,KDM,"At 2026-01-27 13:00:00, the stock KDM opened at 26.50 VND, reached a high of 27.50 VND, a low of 26.50 VND, and closed the hour at 27.50 VND with a trading volume of 29,200 shares."
2026-01-27 14:00:00,27.5,29.0,27.5,28.5,39300,KDM,"At 2026-01-27 14:00:00, the stock KDM opened at 27.50 VND, reached a high of 29.00 VND, a low of 27.50 VND, and closed the hour at 28.50 VND with a trading volume of 39,300 shares."
2026-01-28 09:00:00,28.0,28.5,28.0,28.5,16900,KDM,"At 2026-01-28 09:00:00, the stock KDM opened at 28.00 VND, reached a high of 28.50 VND, a low of 28.00 VND, and closed the hour at 28.50 VND with a trading volume of 16,900 shares."
2026-01-28 10:00:00,28.5,29.0,28.4,28.6,22200,KDM,"At 2026-01-28 10:00:00, the stock KDM opened at 28.50 VND, reached a high of 29.00 VND, a low of 28.40 VND, and closed the hour at 28.60 VND with a trading volume of 22,200 shares."
2026-01-28 13:00:00,28.9,30.0,28.4,28.4,68500,KDM,"At 2026-01-28 13:00:00, the stock KDM opened at 28.90 VND, reached a high of 30.00 VND, a low of 28.40 VND, and closed the hour at 28.40 VND with a trading volume of 68,500 shares."
2026-01-28 14:00:00,28.4,29.0,28.4,28.6,7500,KDM,"At 2026-01-28 14:00:00, the stock KDM opened at 28.40 VND, reached a high of 29.00 VND, a low of 28.40 VND, and closed the hour at 28.60 VND with a trading volume of 7,500 shares."
2026-01-29 09:00:00,28.6,29.0,28.6,29.0,9700,KDM,"At 2026-01-29 09:00:00, the stock KDM opened at 28.60 VND, reached a high of 29.00 VND, a low of 28.60 VND, and closed the hour at 29.00 VND with a trading volume of 9,700 shares."
2026-01-29 10:00:00,29.0,30.9,29.0,30.0,21600,KDM,"At 2026-01-29 10:00:00, the stock KDM opened at 29.00 VND, reached a high of 30.90 VND, a low of 29.00 VND, and closed the hour at 30.00 VND with a trading volume of 21,600 shares."
2026-01-29 11:00:00,30.0,31.0,30.0,31.0,19200,KDM,"At 2026-01-29 11:00:00, the stock KDM opened at 30.00 VND, reached a high of 31.00 VND, a low of 30.00 VND, and closed the hour at 31.00 VND with a trading volume of 19,200 shares."
2026-01-29 13:00:00,31.0,31.4,30.5,30.5,33600,KDM,"At 2026-01-29 13:00:00, the stock KDM opened at 31.00 VND, reached a high of 31.40 VND, a low of 30.50 VND, and closed the hour at 30.50 VND with a trading volume of 33,600 shares."
2026-01-29 14:00:00,30.5,31.0,30.0,31.0,15800,KDM,"At 2026-01-29 14:00:00, the stock KDM opened at 30.50 VND, reached a high of 31.00 VND, a low of 30.00 VND, and closed the hour at 31.00 VND with a trading volume of 15,800 shares."
2026-01-30 09:00:00,31.0,32.0,31.0,31.5,24000,KDM,"At 2026-01-30 09:00:00, the stock KDM opened at 31.00 VND, reached a high of 32.00 VND, a low of 31.00 VND, and closed the hour at 31.50 VND with a trading volume of 24,000 shares."
2026-01-30 10:00:00,31.4,31.5,31.4,31.5,3400,KDM,"At 2026-01-30 10:00:00, the stock KDM opened at 31.40 VND, reached a high of 31.50 VND, a low of 31.40 VND, and closed the hour at 31.50 VND with a trading volume of 3,400 shares."
2026-01-30 11:00:00,31.5,31.5,31.3,31.3,10000,KDM,"At 2026-01-30 11:00:00, the stock KDM opened at 31.50 VND, reached a high of 31.50 VND, a low of 31.30 VND, and closed the hour at 31.30 VND with a trading volume of 10,000 shares."
2026-01-30 13:00:00,31.0,33.0,31.0,32.9,28500,KDM,"At 2026-01-30 13:00:00, the stock KDM opened at 31.00 VND, reached a high of 33.00 VND, a low of 31.00 VND, and closed the hour at 32.90 VND with a trading volume of 28,500 shares."
2026-01-30 14:00:00,32.9,34.0,32.9,34.0,9800,KDM,"At 2026-01-30 14:00:00, the stock KDM opened at 32.90 VND, reached a high of 34.00 VND, a low of 32.90 VND, and closed the hour at 34.00 VND with a trading volume of 9,800 shares."
2026-02-02 09:00:00,34.0,34.0,32.5,32.5,49300,KDM,"At 2026-02-02 09:00:00, the stock KDM opened at 34.00 VND, reached a high of 34.00 VND, a low of 32.50 VND, and closed the hour at 32.50 VND with a trading volume of 49,300 shares."
2026-02-02 10:00:00,32.5,32.7,30.6,31.1,50500,KDM,"At 2026-02-02 10:00:00, the stock KDM opened at 32.50 VND, reached a high of 32.70 VND, a low of 30.60 VND, and closed the hour at 31.10 VND with a trading volume of 50,500 shares."
2026-02-02 13:00:00,31.8,31.8,31.5,31.5,10400,KDM,"At 2026-02-02 13:00:00, the stock KDM opened at 31.80 VND, reached a high of 31.80 VND, a low of 31.50 VND, and closed the hour at 31.50 VND with a trading volume of 10,400 shares."
2026-02-02 14:00:00,33.0,36.0,33.0,35.9,30300,KDM,"At 2026-02-02 14:00:00, the stock KDM opened at 33.00 VND, reached a high of 36.00 VND, a low of 33.00 VND, and closed the hour at 35.90 VND with a trading volume of 30,300 shares."
2026-02-03 09:00:00,35.9,35.9,33.5,33.5,10800,KDM,"At 2026-02-03 09:00:00, the stock KDM opened at 35.90 VND, reached a high of 35.90 VND, a low of 33.50 VND, and closed the hour at 33.50 VND with a trading volume of 10,800 shares."
2026-02-03 10:00:00,33.5,37.0,33.3,33.5,42200,KDM,"At 2026-02-03 10:00:00, the stock KDM opened at 33.50 VND, reached a high of 37.00 VND, a low of 33.30 VND, and closed the hour at 33.50 VND with a trading volume of 42,200 shares."
2026-02-03 11:00:00,33.5,33.5,33.5,33.5,4600,KDM,"At 2026-02-03 11:00:00, the stock KDM opened at 33.50 VND, reached a high of 33.50 VND, a low of 33.50 VND, and closed the hour at 33.50 VND with a trading volume of 4,600 shares."
2026-02-03 13:00:00,33.5,33.5,33.0,33.0,42700,KDM,"At 2026-02-03 13:00:00, the stock KDM opened at 33.50 VND, reached a high of 33.50 VND, a low of 33.00 VND, and closed the hour at 33.00 VND with a trading volume of 42,700 shares."
2026-02-03 14:00:00,35.0,36.0,35.0,35.5,6500,KDM,"At 2026-02-03 14:00:00, the stock KDM opened at 35.00 VND, reached a high of 36.00 VND, a low of 35.00 VND, and closed the hour at 35.50 VND with a trading volume of 6,500 shares."
2026-02-04 09:00:00,35.5,35.5,33.5,33.5,4200,KDM,"At 2026-02-04 09:00:00, the stock KDM opened at 35.50 VND, reached a high of 35.50 VND, a low of 33.50 VND, and closed the hour at 33.50 VND with a trading volume of 4,200 shares."
2026-02-04 10:00:00,33.5,33.5,33.2,33.4,4700,KDM,"At 2026-02-04 10:00:00, the stock KDM opened at 33.50 VND, reached a high of 33.50 VND, a low of 33.20 VND, and closed the hour at 33.40 VND with a trading volume of 4,700 shares."
2026-02-04 11:00:00,33.5,33.5,33.4,33.4,2200,KDM,"At 2026-02-04 11:00:00, the stock KDM opened at 33.50 VND, reached a high of 33.50 VND, a low of 33.40 VND, and closed the hour at 33.40 VND with a trading volume of 2,200 shares."
2026-02-04 13:00:00,33.1,33.1,32.0,32.0,75600,KDM,"At 2026-02-04 13:00:00, the stock KDM opened at 33.10 VND, reached a high of 33.10 VND, a low of 32.00 VND, and closed the hour at 32.00 VND with a trading volume of 75,600 shares."
2026-02-04 14:00:00,32.5,34.9,32.5,33.0,18800,KDM,"At 2026-02-04 14:00:00, the stock KDM opened at 32.50 VND, reached a high of 34.90 VND, a low of 32.50 VND, and closed the hour at 33.00 VND with a trading volume of 18,800 shares."
2026-02-05 09:00:00,32.2,32.2,32.0,32.0,5500,KDM,"At 2026-02-05 09:00:00, the stock KDM opened at 32.20 VND, reached a high of 32.20 VND, a low of 32.00 VND, and closed the hour at 32.00 VND with a trading volume of 5,500 shares."
2026-02-05 10:00:00,32.0,33.3,32.0,33.0,18000,KDM,"At 2026-02-05 10:00:00, the stock KDM opened at 32.00 VND, reached a high of 33.30 VND, a low of 32.00 VND, and closed the hour at 33.00 VND with a trading volume of 18,000 shares."
2026-02-05 11:00:00,33.0,33.2,33.0,33.2,1200,KDM,"At 2026-02-05 11:00:00, the stock KDM opened at 33.00 VND, reached a high of 33.20 VND, a low of 33.00 VND, and closed the hour at 33.20 VND with a trading volume of 1,200 shares."
2026-02-05 14:00:00,33.1,33.1,33.0,33.1,1600,KDM,"At 2026-02-05 14:00:00, the stock KDM opened at 33.10 VND, reached a high of 33.10 VND, a low of 33.00 VND, and closed the hour at 33.10 VND with a trading volume of 1,600 shares."
2026-02-06 09:00:00,33.0,33.0,32.9,33.0,12500,KDM,"At 2026-02-06 09:00:00, the stock KDM opened at 33.00 VND, reached a high of 33.00 VND, a low of 32.90 VND, and closed the hour at 33.00 VND with a trading volume of 12,500 shares."
2026-02-06 10:00:00,32.2,33.1,32.0,33.1,3300,KDM,"At 2026-02-06 10:00:00, the stock KDM opened at 32.20 VND, reached a high of 33.10 VND, a low of 32.00 VND, and closed the hour at 33.10 VND with a trading volume of 3,300 shares."
2026-02-06 13:00:00,32.0,32.0,31.0,31.0,9200,KDM,"At 2026-02-06 13:00:00, the stock KDM opened at 32.00 VND, reached a high of 32.00 VND, a low of 31.00 VND, and closed the hour at 31.00 VND with a trading volume of 9,200 shares."
2026-02-06 14:00:00,31.0,32.0,31.0,32.0,14900,KDM,"At 2026-02-06 14:00:00, the stock KDM opened at 31.00 VND, reached a high of 32.00 VND, a low of 31.00 VND, and closed the hour at 32.00 VND with a trading volume of 14,900 shares."
2026-02-09 09:00:00,31.5,32.0,29.5,31.0,22700,KDM,"At 2026-02-09 09:00:00, the stock KDM opened at 31.50 VND, reached a high of 32.00 VND, a low of 29.50 VND, and closed the hour at 31.00 VND with a trading volume of 22,700 shares."
2026-02-09 10:00:00,31.0,31.5,31.0,31.5,7400,KDM,"At 2026-02-09 10:00:00, the stock KDM opened at 31.00 VND, reached a high of 31.50 VND, a low of 31.00 VND, and closed the hour at 31.50 VND with a trading volume of 7,400 shares."
2026-02-09 11:00:00,31.5,31.5,31.5,31.5,2000,KDM,"At 2026-02-09 11:00:00, the stock KDM opened at 31.50 VND, reached a high of 31.50 VND, a low of 31.50 VND, and closed the hour at 31.50 VND with a trading volume of 2,000 shares."
2026-02-09 13:00:00,31.5,31.5,29.8,29.8,29900,KDM,"At 2026-02-09 13:00:00, the stock KDM opened at 31.50 VND, reached a high of 31.50 VND, a low of 29.80 VND, and closed the hour at 29.80 VND with a trading volume of 29,900 shares."
2026-02-09 14:00:00,30.0,31.5,30.0,30.0,11200,KDM,"At 2026-02-09 14:00:00, the stock KDM opened at 30.00 VND, reached a high of 31.50 VND, a low of 30.00 VND, and closed the hour at 30.00 VND with a trading volume of 11,200 shares."
2026-02-10 09:00:00,30.9,32.0,30.0,30.0,21300,KDM,"At 2026-02-10 09:00:00, the stock KDM opened at 30.90 VND, reached a high of 32.00 VND, a low of 30.00 VND, and closed the hour at 30.00 VND with a trading volume of 21,300 shares."
2026-02-10 13:00:00,29.9,29.9,29.8,29.8,400,KDM,"At 2026-02-10 13:00:00, the stock KDM opened at 29.90 VND, reached a high of 29.90 VND, a low of 29.80 VND, and closed the hour at 29.80 VND with a trading volume of 400 shares."
2026-02-10 14:00:00,29.8,31.9,29.7,31.9,7200,KDM,"At 2026-02-10 14:00:00, the stock KDM opened at 29.80 VND, reached a high of 31.90 VND, a low of 29.70 VND, and closed the hour at 31.90 VND with a trading volume of 7,200 shares."
2026-02-11 09:00:00,31.5,31.5,31.5,31.5,7200,KDM,"At 2026-02-11 09:00:00, the stock KDM opened at 31.50 VND, reached a high of 31.50 VND, a low of 31.50 VND, and closed the hour at 31.50 VND with a trading volume of 7,200 shares."
2026-02-11 10:00:00,31.5,31.5,31.4,31.5,11000,KDM,"At 2026-02-11 10:00:00, the stock KDM opened at 31.50 VND, reached a high of 31.50 VND, a low of 31.40 VND, and closed the hour at 31.50 VND with a trading volume of 11,000 shares."
2026-02-11 11:00:00,30.3,30.3,29.3,29.3,15000,KDM,"At 2026-02-11 11:00:00, the stock KDM opened at 30.30 VND, reached a high of 30.30 VND, a low of 29.30 VND, and closed the hour at 29.30 VND with a trading volume of 15,000 shares."
2026-02-11 14:00:00,30.0,30.0,30.0,30.0,1800,KDM,"At 2026-02-11 14:00:00, the stock KDM opened at 30.00 VND, reached a high of 30.00 VND, a low of 30.00 VND, and closed the hour at 30.00 VND with a trading volume of 1,800 shares."
2026-02-12 10:00:00,30.0,30.0,30.0,30.0,500,KDM,"At 2026-02-12 10:00:00, the stock KDM opened at 30.00 VND, reached a high of 30.00 VND, a low of 30.00 VND, and closed the hour at 30.00 VND with a trading volume of 500 shares."
2026-02-12 11:00:00,30.0,30.0,29.8,29.8,3000,KDM,"At 2026-02-12 11:00:00, the stock KDM opened at 30.00 VND, reached a high of 30.00 VND, a low of 29.80 VND, and closed the hour at 29.80 VND with a trading volume of 3,000 shares."
2026-02-12 14:00:00,30.9,30.9,30.9,30.9,1000,KDM,"At 2026-02-12 14:00:00, the stock KDM opened at 30.90 VND, reached a high of 30.90 VND, a low of 30.90 VND, and closed the hour at 30.90 VND with a trading volume of 1,000 shares."
2026-02-13 09:00:00,30.9,30.9,30.0,30.0,2500,KDM,"At 2026-02-13 09:00:00, the stock KDM opened at 30.90 VND, reached a high of 30.90 VND, a low of 30.00 VND, and closed the hour at 30.00 VND with a trading volume of 2,500 shares."
2026-02-13 10:00:00,30.0,30.0,30.0,30.0,12000,KDM,"At 2026-02-13 10:00:00, the stock KDM opened at 30.00 VND, reached a high of 30.00 VND, a low of 30.00 VND, and closed the hour at 30.00 VND with a trading volume of 12,000 shares."
2026-02-13 11:00:00,30.0,30.0,30.0,30.0,100,KDM,"At 2026-02-13 11:00:00, the stock KDM opened at 30.00 VND, reached a high of 30.00 VND, a low of 30.00 VND, and closed the hour at 30.00 VND with a trading volume of 100 shares."
2026-02-13 13:00:00,30.0,30.0,29.5,29.5,7100,KDM,"At 2026-02-13 13:00:00, the stock KDM opened at 30.00 VND, reached a high of 30.00 VND, a low of 29.50 VND, and closed the hour at 29.50 VND with a trading volume of 7,100 shares."
2026-02-13 14:00:00,29.5,30.0,29.3,30.0,8100,KDM,"At 2026-02-13 14:00:00, the stock KDM opened at 29.50 VND, reached a high of 30.00 VND, a low of 29.30 VND, and closed the hour at 30.00 VND with a trading volume of 8,100 shares."
2026-02-23 09:00:00,31.0,31.5,30.1,30.1,16200,KDM,"At 2026-02-23 09:00:00, the stock KDM opened at 31.00 VND, reached a high of 31.50 VND, a low of 30.10 VND, and closed the hour at 30.10 VND with a trading volume of 16,200 shares."
2026-02-23 10:00:00,30.1,30.1,30.1,30.1,1600,KDM,"At 2026-02-23 10:00:00, the stock KDM opened at 30.10 VND, reached a high of 30.10 VND, a low of 30.10 VND, and closed the hour at 30.10 VND with a trading volume of 1,600 shares."
2026-02-23 13:00:00,30.1,30.1,29.7,29.8,7000,KDM,"At 2026-02-23 13:00:00, the stock KDM opened at 30.10 VND, reached a high of 30.10 VND, a low of 29.70 VND, and closed the hour at 29.80 VND with a trading volume of 7,000 shares."
2026-02-23 14:00:00,30.0,30.0,30.0,30.0,1000,KDM,"At 2026-02-23 14:00:00, the stock KDM opened at 30.00 VND, reached a high of 30.00 VND, a low of 30.00 VND, and closed the hour at 30.00 VND with a trading volume of 1,000 shares."
2026-02-24 09:00:00,30.0,30.3,29.8,30.3,10600,KDM,"At 2026-02-24 09:00:00, the stock KDM opened at 30.00 VND, reached a high of 30.30 VND, a low of 29.80 VND, and closed the hour at 30.30 VND with a trading volume of 10,600 shares."
2026-02-24 13:00:00,30.4,30.5,30.0,30.5,24000,KDM,"At 2026-02-24 13:00:00, the stock KDM opened at 30.40 VND, reached a high of 30.50 VND, a low of 30.00 VND, and closed the hour at 30.50 VND with a trading volume of 24,000 shares."
2026-02-24 14:00:00,30.5,30.7,30.5,30.7,4000,KDM,"At 2026-02-24 14:00:00, the stock KDM opened at 30.50 VND, reached a high of 30.70 VND, a low of 30.50 VND, and closed the hour at 30.70 VND with a trading volume of 4,000 shares."
2026-02-25 09:00:00,30.5,30.5,30.0,30.0,15900,KDM,"At 2026-02-25 09:00:00, the stock KDM opened at 30.50 VND, reached a high of 30.50 VND, a low of 30.00 VND, and closed the hour at 30.00 VND with a trading volume of 15,900 shares."
2026-02-25 10:00:00,30.5,30.5,30.5,30.5,5900,KDM,"At 2026-02-25 10:00:00, the stock KDM opened at 30.50 VND, reached a high of 30.50 VND, a low of 30.50 VND, and closed the hour at 30.50 VND with a trading volume of 5,900 shares."
2026-02-25 13:00:00,30.1,30.4,30.1,30.4,1000,KDM,"At 2026-02-25 13:00:00, the stock KDM opened at 30.10 VND, reached a high of 30.40 VND, a low of 30.10 VND, and closed the hour at 30.40 VND with a trading volume of 1,000 shares."
2026-02-25 14:00:00,30.5,30.5,30.5,30.5,1000,KDM,"At 2026-02-25 14:00:00, the stock KDM opened at 30.50 VND, reached a high of 30.50 VND, a low of 30.50 VND, and closed the hour at 30.50 VND with a trading volume of 1,000 shares."
2026-02-26 09:00:00,30.5,30.5,30.4,30.4,9100,KDM,"At 2026-02-26 09:00:00, the stock KDM opened at 30.50 VND, reached a high of 30.50 VND, a low of 30.40 VND, and closed the hour at 30.40 VND with a trading volume of 9,100 shares."
2026-02-26 10:00:00,30.4,30.4,30.0,30.0,7900,KDM,"At 2026-02-26 10:00:00, the stock KDM opened at 30.40 VND, reached a high of 30.40 VND, a low of 30.00 VND, and closed the hour at 30.00 VND with a trading volume of 7,900 shares."
2026-02-26 11:00:00,30.0,30.0,30.0,30.0,600,KDM,"At 2026-02-26 11:00:00, the stock KDM opened at 30.00 VND, reached a high of 30.00 VND, a low of 30.00 VND, and closed the hour at 30.00 VND with a trading volume of 600 shares."
2026-02-26 13:00:00,29.9,29.9,29.3,29.3,14700,KDM,"At 2026-02-26 13:00:00, the stock KDM opened at 29.90 VND, reached a high of 29.90 VND, a low of 29.30 VND, and closed the hour at 29.30 VND with a trading volume of 14,700 shares."
2026-02-26 14:00:00,29.4,30.2,29.3,29.9,7800,KDM,"At 2026-02-26 14:00:00, the stock KDM opened at 29.40 VND, reached a high of 30.20 VND, a low of 29.30 VND, and closed the hour at 29.90 VND with a trading volume of 7,800 shares."
2026-02-27 09:00:00,30.0,30.2,30.0,30.2,7500,KDM,"At 2026-02-27 09:00:00, the stock KDM opened at 30.00 VND, reached a high of 30.20 VND, a low of 30.00 VND, and closed the hour at 30.20 VND with a trading volume of 7,500 shares."
2026-02-27 13:00:00,30.0,30.0,30.0,30.0,7000,KDM,"At 2026-02-27 13:00:00, the stock KDM opened at 30.00 VND, reached a high of 30.00 VND, a low of 30.00 VND, and closed the hour at 30.00 VND with a trading volume of 7,000 shares."
2026-02-27 14:00:00,29.8,29.8,29.8,29.8,3000,KDM,"At 2026-02-27 14:00:00, the stock KDM opened at 29.80 VND, reached a high of 29.80 VND, a low of 29.80 VND, and closed the hour at 29.80 VND with a trading volume of 3,000 shares."
2026-03-02 09:00:00,30.0,30.4,29.3,30.4,22700,KDM,"At 2026-03-02 09:00:00, the stock KDM opened at 30.00 VND, reached a high of 30.40 VND, a low of 29.30 VND, and closed the hour at 30.40 VND with a trading volume of 22,700 shares."
2026-03-02 10:00:00,30.0,30.2,29.5,30.2,14500,KDM,"At 2026-03-02 10:00:00, the stock KDM opened at 30.00 VND, reached a high of 30.20 VND, a low of 29.50 VND, and closed the hour at 30.20 VND with a trading volume of 14,500 shares."
2026-03-02 11:00:00,29.7,29.7,29.5,29.5,5100,KDM,"At 2026-03-02 11:00:00, the stock KDM opened at 29.70 VND, reached a high of 29.70 VND, a low of 29.50 VND, and closed the hour at 29.50 VND with a trading volume of 5,100 shares."
2026-03-02 13:00:00,29.5,29.5,29.3,29.3,35500,KDM,"At 2026-03-02 13:00:00, the stock KDM opened at 29.50 VND, reached a high of 29.50 VND, a low of 29.30 VND, and closed the hour at 29.30 VND with a trading volume of 35,500 shares."
2026-03-02 14:00:00,29.0,29.5,26.9,29.5,22100,KDM,"At 2026-03-02 14:00:00, the stock KDM opened at 29.00 VND, reached a high of 29.50 VND, a low of 26.90 VND, and closed the hour at 29.50 VND with a trading volume of 22,100 shares."
2026-03-03 09:00:00,29.5,29.5,29.5,29.5,1200,KDM,"At 2026-03-03 09:00:00, the stock KDM opened at 29.50 VND, reached a high of 29.50 VND, a low of 29.50 VND, and closed the hour at 29.50 VND with a trading volume of 1,200 shares."
2026-03-03 10:00:00,29.5,29.5,29.5,29.5,2800,KDM,"At 2026-03-03 10:00:00, the stock KDM opened at 29.50 VND, reached a high of 29.50 VND, a low of 29.50 VND, and closed the hour at 29.50 VND with a trading volume of 2,800 shares."
2026-03-03 13:00:00,29.5,29.7,29.5,29.5,14500,KDM,"At 2026-03-03 13:00:00, the stock KDM opened at 29.50 VND, reached a high of 29.70 VND, a low of 29.50 VND, and closed the hour at 29.50 VND with a trading volume of 14,500 shares."
2026-03-03 14:00:00,29.5,29.8,29.5,29.8,9400,KDM,"At 2026-03-03 14:00:00, the stock KDM opened at 29.50 VND, reached a high of 29.80 VND, a low of 29.50 VND, and closed the hour at 29.80 VND with a trading volume of 9,400 shares."
2026-03-04 09:00:00,29.5,29.5,29.3,29.5,16400,KDM,"At 2026-03-04 09:00:00, the stock KDM opened at 29.50 VND, reached a high of 29.50 VND, a low of 29.30 VND, and closed the hour at 29.50 VND with a trading volume of 16,400 shares."
2026-03-04 10:00:00,29.5,29.5,29.5,29.5,3000,KDM,"At 2026-03-04 10:00:00, the stock KDM opened at 29.50 VND, reached a high of 29.50 VND, a low of 29.50 VND, and closed the hour at 29.50 VND with a trading volume of 3,000 shares."
2026-03-04 13:00:00,29.3,30.0,29.3,30.0,13100,KDM,"At 2026-03-04 13:00:00, the stock KDM opened at 29.30 VND, reached a high of 30.00 VND, a low of 29.30 VND, and closed the hour at 30.00 VND with a trading volume of 13,100 shares."
2026-03-04 14:00:00,30.0,30.3,30.0,30.3,2700,KDM,"At 2026-03-04 14:00:00, the stock KDM opened at 30.00 VND, reached a high of 30.30 VND, a low of 30.00 VND, and closed the hour at 30.30 VND with a trading volume of 2,700 shares."
2026-03-05 09:00:00,30.0,30.8,30.0,30.8,23500,KDM,"At 2026-03-05 09:00:00, the stock KDM opened at 30.00 VND, reached a high of 30.80 VND, a low of 30.00 VND, and closed the hour at 30.80 VND with a trading volume of 23,500 shares."
2026-03-05 10:00:00,30.8,31.0,29.6,29.6,6000,KDM,"At 2026-03-05 10:00:00, the stock KDM opened at 30.80 VND, reached a high of 31.00 VND, a low of 29.60 VND, and closed the hour at 29.60 VND with a trading volume of 6,000 shares."
2026-03-05 14:00:00,30.5,30.5,29.5,29.5,7000,KDM,"At 2026-03-05 14:00:00, the stock KDM opened at 30.50 VND, reached a high of 30.50 VND, a low of 29.50 VND, and closed the hour at 29.50 VND with a trading volume of 7,000 shares."
2026-03-06 09:00:00,29.6,30.4,29.6,30.4,16800,KDM,"At 2026-03-06 09:00:00, the stock KDM opened at 29.60 VND, reached a high of 30.40 VND, a low of 29.60 VND, and closed the hour at 30.40 VND with a trading volume of 16,800 shares."
2026-03-06 13:00:00,30.4,30.4,30.4,30.4,1000,KDM,"At 2026-03-06 13:00:00, the stock KDM opened at 30.40 VND, reached a high of 30.40 VND, a low of 30.40 VND, and closed the hour at 30.40 VND with a trading volume of 1,000 shares."
2026-03-06 14:00:00,29.5,30.4,29.5,30.4,2500,KDM,"At 2026-03-06 14:00:00, the stock KDM opened at 29.50 VND, reached a high of 30.40 VND, a low of 29.50 VND, and closed the hour at 30.40 VND with a trading volume of 2,500 shares."
2026-03-09 09:00:00,30.0,30.0,27.4,27.5,16800,KDM,"At 2026-03-09 09:00:00, the stock KDM opened at 30.00 VND, reached a high of 30.00 VND, a low of 27.40 VND, and closed the hour at 27.50 VND with a trading volume of 16,800 shares."
2026-03-09 11:00:00,27.6,28.5,27.5,28.5,1000,KDM,"At 2026-03-09 11:00:00, the stock KDM opened at 27.60 VND, reached a high of 28.50 VND, a low of 27.50 VND, and closed the hour at 28.50 VND with a trading volume of 1,000 shares."
2026-03-09 13:00:00,28.5,28.5,27.6,27.6,500,KDM,"At 2026-03-09 13:00:00, the stock KDM opened at 28.50 VND, reached a high of 28.50 VND, a low of 27.60 VND, and closed the hour at 27.60 VND with a trading volume of 500 shares."
2026-03-09 14:00:00,27.6,29.9,27.6,29.9,4200,KDM,"At 2026-03-09 14:00:00, the stock KDM opened at 27.60 VND, reached a high of 29.90 VND, a low of 27.60 VND, and closed the hour at 29.90 VND with a trading volume of 4,200 shares."
2026-03-10 09:00:00,27.8,29.9,27.8,29.9,21500,KDM,"At 2026-03-10 09:00:00, the stock KDM opened at 27.80 VND, reached a high of 29.90 VND, a low of 27.80 VND, and closed the hour at 29.90 VND with a trading volume of 21,500 shares."
2026-03-10 13:00:00,29.4,29.4,27.8,27.8,1400,KDM,"At 2026-03-10 13:00:00, the stock KDM opened at 29.40 VND, reached a high of 29.40 VND, a low of 27.80 VND, and closed the hour at 27.80 VND with a trading volume of 1,400 shares."
2026-03-10 14:00:00,29.9,29.9,29.9,29.9,2400,KDM,"At 2026-03-10 14:00:00, the stock KDM opened at 29.90 VND, reached a high of 29.90 VND, a low of 29.90 VND, and closed the hour at 29.90 VND with a trading volume of 2,400 shares."
2026-03-11 09:00:00,28.1,28.1,27.9,27.9,6000,KDM,"At 2026-03-11 09:00:00, the stock KDM opened at 28.10 VND, reached a high of 28.10 VND, a low of 27.90 VND, and closed the hour at 27.90 VND with a trading volume of 6,000 shares."
2026-03-11 14:00:00,29.9,29.9,29.9,29.9,1000,KDM,"At 2026-03-11 14:00:00, the stock KDM opened at 29.90 VND, reached a high of 29.90 VND, a low of 29.90 VND, and closed the hour at 29.90 VND with a trading volume of 1,000 shares."
2026-03-12 11:00:00,28.5,28.5,28.1,28.1,500,KDM,"At 2026-03-12 11:00:00, the stock KDM opened at 28.50 VND, reached a high of 28.50 VND, a low of 28.10 VND, and closed the hour at 28.10 VND with a trading volume of 500 shares."
2026-03-12 14:00:00,29.0,29.8,29.0,29.8,20100,KDM,"At 2026-03-12 14:00:00, the stock KDM opened at 29.00 VND, reached a high of 29.80 VND, a low of 29.00 VND, and closed the hour at 29.80 VND with a trading volume of 20,100 shares."
2026-03-13 11:00:00,29.0,29.0,29.0,29.0,10000,KDM,"At 2026-03-13 11:00:00, the stock KDM opened at 29.00 VND, reached a high of 29.00 VND, a low of 29.00 VND, and closed the hour at 29.00 VND with a trading volume of 10,000 shares."
2026-03-13 13:00:00,29.5,29.5,29.5,29.5,300,KDM,"At 2026-03-13 13:00:00, the stock KDM opened at 29.50 VND, reached a high of 29.50 VND, a low of 29.50 VND, and closed the hour at 29.50 VND with a trading volume of 300 shares."
2026-03-13 14:00:00,29.7,29.7,29.7,29.7,1000,KDM,"At 2026-03-13 14:00:00, the stock KDM opened at 29.70 VND, reached a high of 29.70 VND, a low of 29.70 VND, and closed the hour at 29.70 VND with a trading volume of 1,000 shares."
2026-03-16 09:00:00,29.7,29.7,29.7,29.7,6000,KDM,"At 2026-03-16 09:00:00, the stock KDM opened at 29.70 VND, reached a high of 29.70 VND, a low of 29.70 VND, and closed the hour at 29.70 VND with a trading volume of 6,000 shares."
2026-03-16 14:00:00,29.7,29.7,29.7,29.7,7000,KDM,"At 2026-03-16 14:00:00, the stock KDM opened at 29.70 VND, reached a high of 29.70 VND, a low of 29.70 VND, and closed the hour at 29.70 VND with a trading volume of 7,000 shares."
2026-03-17 09:00:00,29.7,29.7,29.7,29.7,8000,KDM,"At 2026-03-17 09:00:00, the stock KDM opened at 29.70 VND, reached a high of 29.70 VND, a low of 29.70 VND, and closed the hour at 29.70 VND with a trading volume of 8,000 shares."
2026-03-17 10:00:00,29.6,29.7,29.6,29.7,14000,KDM,"At 2026-03-17 10:00:00, the stock KDM opened at 29.60 VND, reached a high of 29.70 VND, a low of 29.60 VND, and closed the hour at 29.70 VND with a trading volume of 14,000 shares."
2026-03-17 14:00:00,29.1,29.1,29.0,29.0,3000,KDM,"At 2026-03-17 14:00:00, the stock KDM opened at 29.10 VND, reached a high of 29.10 VND, a low of 29.00 VND, and closed the hour at 29.00 VND with a trading volume of 3,000 shares."
2026-03-18 09:00:00,29.9,30.0,29.5,29.5,4900,KDM,"At 2026-03-18 09:00:00, the stock KDM opened at 29.90 VND, reached a high of 30.00 VND, a low of 29.50 VND, and closed the hour at 29.50 VND with a trading volume of 4,900 shares."
2026-03-18 13:00:00,29.0,29.3,29.0,29.3,10000,KDM,"At 2026-03-18 13:00:00, the stock KDM opened at 29.00 VND, reached a high of 29.30 VND, a low of 29.00 VND, and closed the hour at 29.30 VND with a trading volume of 10,000 shares."
2026-03-18 14:00:00,29.0,29.3,29.0,29.3,7000,KDM,"At 2026-03-18 14:00:00, the stock KDM opened at 29.00 VND, reached a high of 29.30 VND, a low of 29.00 VND, and closed the hour at 29.30 VND with a trading volume of 7,000 shares."
2026-03-19 09:00:00,29.0,29.0,29.0,29.0,10000,KDM,"At 2026-03-19 09:00:00, the stock KDM opened at 29.00 VND, reached a high of 29.00 VND, a low of 29.00 VND, and closed the hour at 29.00 VND with a trading volume of 10,000 shares."
2026-03-19 14:00:00,29.0,29.0,29.0,29.0,1000,KDM,"At 2026-03-19 14:00:00, the stock KDM opened at 29.00 VND, reached a high of 29.00 VND, a low of 29.00 VND, and closed the hour at 29.00 VND with a trading volume of 1,000 shares."
2026-03-20 09:00:00,29.0,29.5,29.0,29.5,11300,KDM,"At 2026-03-20 09:00:00, the stock KDM opened at 29.00 VND, reached a high of 29.50 VND, a low of 29.00 VND, and closed the hour at 29.50 VND with a trading volume of 11,300 shares."
2026-03-20 14:00:00,29.5,29.5,29.5,29.5,200,KDM,"At 2026-03-20 14:00:00, the stock KDM opened at 29.50 VND, reached a high of 29.50 VND, a low of 29.50 VND, and closed the hour at 29.50 VND with a trading volume of 200 shares."
