time,open,high,low,close,volume,ticker,llm_text
2025-09-10 14:00:00,27.0,27.1,26.85,26.95,4329100,MBB,"At 2025-09-10 14:00:00, the stock MBB opened at 27.00 VND, reached a high of 27.10 VND, a low of 26.85 VND, and closed the hour at 26.95 VND with a trading volume of 4,329,100 shares."
2025-09-11 09:00:00,26.8,26.85,26.05,26.25,9795400,MBB,"At 2025-09-11 09:00:00, the stock MBB opened at 26.80 VND, reached a high of 26.85 VND, a low of 26.05 VND, and closed the hour at 26.25 VND with a trading volume of 9,795,400 shares."
2025-09-11 10:00:00,26.25,26.45,26.1,26.35,7613000,MBB,"At 2025-09-11 10:00:00, the stock MBB opened at 26.25 VND, reached a high of 26.45 VND, a low of 26.10 VND, and closed the hour at 26.35 VND with a trading volume of 7,613,000 shares."
2025-09-11 11:00:00,26.35,26.6,26.3,26.5,2207000,MBB,"At 2025-09-11 11:00:00, the stock MBB opened at 26.35 VND, reached a high of 26.60 VND, a low of 26.30 VND, and closed the hour at 26.50 VND with a trading volume of 2,207,000 shares."
2025-09-11 13:00:00,26.55,26.75,26.3,26.75,6438600,MBB,"At 2025-09-11 13:00:00, the stock MBB opened at 26.55 VND, reached a high of 26.75 VND, a low of 26.30 VND, and closed the hour at 26.75 VND with a trading volume of 6,438,600 shares."
2025-09-11 14:00:00,26.75,26.95,26.7,26.7,5112200,MBB,"At 2025-09-11 14:00:00, the stock MBB opened at 26.75 VND, reached a high of 26.95 VND, a low of 26.70 VND, and closed the hour at 26.70 VND with a trading volume of 5,112,200 shares."
2025-09-12 09:00:00,26.9,27.0,26.7,26.75,3678100,MBB,"At 2025-09-12 09:00:00, the stock MBB opened at 26.90 VND, reached a high of 27.00 VND, a low of 26.70 VND, and closed the hour at 26.75 VND with a trading volume of 3,678,100 shares."
2025-09-12 10:00:00,26.75,26.85,26.65,26.85,3361700,MBB,"At 2025-09-12 10:00:00, the stock MBB opened at 26.75 VND, reached a high of 26.85 VND, a low of 26.65 VND, and closed the hour at 26.85 VND with a trading volume of 3,361,700 shares."
2025-09-12 11:00:00,26.85,26.9,26.7,26.75,1105900,MBB,"At 2025-09-12 11:00:00, the stock MBB opened at 26.85 VND, reached a high of 26.90 VND, a low of 26.70 VND, and closed the hour at 26.75 VND with a trading volume of 1,105,900 shares."
2025-09-12 13:00:00,26.8,26.8,26.65,26.75,4578800,MBB,"At 2025-09-12 13:00:00, the stock MBB opened at 26.80 VND, reached a high of 26.80 VND, a low of 26.65 VND, and closed the hour at 26.75 VND with a trading volume of 4,578,800 shares."
2025-09-12 14:00:00,26.75,26.75,26.6,26.6,6507300,MBB,"At 2025-09-12 14:00:00, the stock MBB opened at 26.75 VND, reached a high of 26.75 VND, a low of 26.60 VND, and closed the hour at 26.60 VND with a trading volume of 6,507,300 shares."
2025-09-15 09:00:00,26.75,26.85,26.65,26.75,3438600,MBB,"At 2025-09-15 09:00:00, the stock MBB opened at 26.75 VND, reached a high of 26.85 VND, a low of 26.65 VND, and closed the hour at 26.75 VND with a trading volume of 3,438,600 shares."
2025-09-15 10:00:00,26.8,26.85,26.7,26.7,2706500,MBB,"At 2025-09-15 10:00:00, the stock MBB opened at 26.80 VND, reached a high of 26.85 VND, a low of 26.70 VND, and closed the hour at 26.70 VND with a trading volume of 2,706,500 shares."
2025-09-15 11:00:00,26.75,26.8,26.7,26.8,1587800,MBB,"At 2025-09-15 11:00:00, the stock MBB opened at 26.75 VND, reached a high of 26.80 VND, a low of 26.70 VND, and closed the hour at 26.80 VND with a trading volume of 1,587,800 shares."
2025-09-15 13:00:00,26.8,26.8,26.55,26.65,7560800,MBB,"At 2025-09-15 13:00:00, the stock MBB opened at 26.80 VND, reached a high of 26.80 VND, a low of 26.55 VND, and closed the hour at 26.65 VND with a trading volume of 7,560,800 shares."
2025-09-15 14:00:00,26.6,26.85,26.6,26.85,6189600,MBB,"At 2025-09-15 14:00:00, the stock MBB opened at 26.60 VND, reached a high of 26.85 VND, a low of 26.60 VND, and closed the hour at 26.85 VND with a trading volume of 6,189,600 shares."
2025-09-16 09:00:00,27.1,27.85,27.05,27.75,16523900,MBB,"At 2025-09-16 09:00:00, the stock MBB opened at 27.10 VND, reached a high of 27.85 VND, a low of 27.05 VND, and closed the hour at 27.75 VND with a trading volume of 16,523,900 shares."
2025-09-16 10:00:00,27.75,27.8,27.5,27.65,9127400,MBB,"At 2025-09-16 10:00:00, the stock MBB opened at 27.75 VND, reached a high of 27.80 VND, a low of 27.50 VND, and closed the hour at 27.65 VND with a trading volume of 9,127,400 shares."
2025-09-16 11:00:00,27.65,27.65,27.5,27.5,2442200,MBB,"At 2025-09-16 11:00:00, the stock MBB opened at 27.65 VND, reached a high of 27.65 VND, a low of 27.50 VND, and closed the hour at 27.50 VND with a trading volume of 2,442,200 shares."
2025-09-16 13:00:00,27.5,27.85,27.45,27.6,14956600,MBB,"At 2025-09-16 13:00:00, the stock MBB opened at 27.50 VND, reached a high of 27.85 VND, a low of 27.45 VND, and closed the hour at 27.60 VND with a trading volume of 14,956,600 shares."
2025-09-16 14:00:00,27.6,27.7,27.35,27.5,8316700,MBB,"At 2025-09-16 14:00:00, the stock MBB opened at 27.60 VND, reached a high of 27.70 VND, a low of 27.35 VND, and closed the hour at 27.50 VND with a trading volume of 8,316,700 shares."
2025-09-17 09:00:00,27.4,27.55,27.25,27.4,2498700,MBB,"At 2025-09-17 09:00:00, the stock MBB opened at 27.40 VND, reached a high of 27.55 VND, a low of 27.25 VND, and closed the hour at 27.40 VND with a trading volume of 2,498,700 shares."
2025-09-17 10:00:00,27.45,27.45,27.3,27.35,1790200,MBB,"At 2025-09-17 10:00:00, the stock MBB opened at 27.45 VND, reached a high of 27.45 VND, a low of 27.30 VND, and closed the hour at 27.35 VND with a trading volume of 1,790,200 shares."
2025-09-17 11:00:00,27.35,27.4,27.2,27.25,1311300,MBB,"At 2025-09-17 11:00:00, the stock MBB opened at 27.35 VND, reached a high of 27.40 VND, a low of 27.20 VND, and closed the hour at 27.25 VND with a trading volume of 1,311,300 shares."
2025-09-17 13:00:00,27.25,27.3,27.05,27.1,5131700,MBB,"At 2025-09-17 13:00:00, the stock MBB opened at 27.25 VND, reached a high of 27.30 VND, a low of 27.05 VND, and closed the hour at 27.10 VND with a trading volume of 5,131,700 shares."
2025-09-17 14:00:00,27.1,27.15,27.0,27.0,5087200,MBB,"At 2025-09-17 14:00:00, the stock MBB opened at 27.10 VND, reached a high of 27.15 VND, a low of 27.00 VND, and closed the hour at 27.00 VND with a trading volume of 5,087,200 shares."
2025-09-18 09:00:00,26.95,27.1,26.75,26.75,3713100,MBB,"At 2025-09-18 09:00:00, the stock MBB opened at 26.95 VND, reached a high of 27.10 VND, a low of 26.75 VND, and closed the hour at 26.75 VND with a trading volume of 3,713,100 shares."
2025-09-18 10:00:00,26.75,26.9,26.7,26.8,3116200,MBB,"At 2025-09-18 10:00:00, the stock MBB opened at 26.75 VND, reached a high of 26.90 VND, a low of 26.70 VND, and closed the hour at 26.80 VND with a trading volume of 3,116,200 shares."
2025-09-18 11:00:00,26.8,26.85,26.7,26.8,1128700,MBB,"At 2025-09-18 11:00:00, the stock MBB opened at 26.80 VND, reached a high of 26.85 VND, a low of 26.70 VND, and closed the hour at 26.80 VND with a trading volume of 1,128,700 shares."
2025-09-18 13:00:00,26.8,26.85,26.6,26.8,5830500,MBB,"At 2025-09-18 13:00:00, the stock MBB opened at 26.80 VND, reached a high of 26.85 VND, a low of 26.60 VND, and closed the hour at 26.80 VND with a trading volume of 5,830,500 shares."
2025-09-18 14:00:00,26.75,26.9,26.7,26.8,3927700,MBB,"At 2025-09-18 14:00:00, the stock MBB opened at 26.75 VND, reached a high of 26.90 VND, a low of 26.70 VND, and closed the hour at 26.80 VND with a trading volume of 3,927,700 shares."
2025-09-19 09:00:00,26.95,26.95,26.65,26.7,2031200,MBB,"At 2025-09-19 09:00:00, the stock MBB opened at 26.95 VND, reached a high of 26.95 VND, a low of 26.65 VND, and closed the hour at 26.70 VND with a trading volume of 2,031,200 shares."
2025-09-19 10:00:00,26.7,26.75,26.55,26.55,3580400,MBB,"At 2025-09-19 10:00:00, the stock MBB opened at 26.70 VND, reached a high of 26.75 VND, a low of 26.55 VND, and closed the hour at 26.55 VND with a trading volume of 3,580,400 shares."
2025-09-19 11:00:00,26.6,26.6,26.5,26.55,1532400,MBB,"At 2025-09-19 11:00:00, the stock MBB opened at 26.60 VND, reached a high of 26.60 VND, a low of 26.50 VND, and closed the hour at 26.55 VND with a trading volume of 1,532,400 shares."
2025-09-19 13:00:00,26.55,26.8,26.5,26.65,3987200,MBB,"At 2025-09-19 13:00:00, the stock MBB opened at 26.55 VND, reached a high of 26.80 VND, a low of 26.50 VND, and closed the hour at 26.65 VND with a trading volume of 3,987,200 shares."
2025-09-19 14:00:00,26.6,26.8,26.6,26.65,3350500,MBB,"At 2025-09-19 14:00:00, the stock MBB opened at 26.60 VND, reached a high of 26.80 VND, a low of 26.60 VND, and closed the hour at 26.65 VND with a trading volume of 3,350,500 shares."
2025-09-22 09:00:00,26.55,26.6,26.35,26.45,4355500,MBB,"At 2025-09-22 09:00:00, the stock MBB opened at 26.55 VND, reached a high of 26.60 VND, a low of 26.35 VND, and closed the hour at 26.45 VND with a trading volume of 4,355,500 shares."
2025-09-22 10:00:00,26.45,26.5,26.2,26.3,5337900,MBB,"At 2025-09-22 10:00:00, the stock MBB opened at 26.45 VND, reached a high of 26.50 VND, a low of 26.20 VND, and closed the hour at 26.30 VND with a trading volume of 5,337,900 shares."
2025-09-22 11:00:00,26.35,26.35,26.2,26.25,1947500,MBB,"At 2025-09-22 11:00:00, the stock MBB opened at 26.35 VND, reached a high of 26.35 VND, a low of 26.20 VND, and closed the hour at 26.25 VND with a trading volume of 1,947,500 shares."
2025-09-22 13:00:00,26.25,26.35,26.15,26.15,8093300,MBB,"At 2025-09-22 13:00:00, the stock MBB opened at 26.25 VND, reached a high of 26.35 VND, a low of 26.15 VND, and closed the hour at 26.15 VND with a trading volume of 8,093,300 shares."
2025-09-22 14:00:00,26.15,26.3,26.1,26.15,6638500,MBB,"At 2025-09-22 14:00:00, the stock MBB opened at 26.15 VND, reached a high of 26.30 VND, a low of 26.10 VND, and closed the hour at 26.15 VND with a trading volume of 6,638,500 shares."
2025-09-23 09:00:00,26.45,26.55,26.15,26.45,2634100,MBB,"At 2025-09-23 09:00:00, the stock MBB opened at 26.45 VND, reached a high of 26.55 VND, a low of 26.15 VND, and closed the hour at 26.45 VND with a trading volume of 2,634,100 shares."
2025-09-23 10:00:00,26.45,26.55,26.4,26.4,1471600,MBB,"At 2025-09-23 10:00:00, the stock MBB opened at 26.45 VND, reached a high of 26.55 VND, a low of 26.40 VND, and closed the hour at 26.40 VND with a trading volume of 1,471,600 shares."
2025-09-23 11:00:00,26.45,26.5,26.4,26.4,363700,MBB,"At 2025-09-23 11:00:00, the stock MBB opened at 26.45 VND, reached a high of 26.50 VND, a low of 26.40 VND, and closed the hour at 26.40 VND with a trading volume of 363,700 shares."
2025-09-23 13:00:00,26.4,26.55,26.35,26.45,3723000,MBB,"At 2025-09-23 13:00:00, the stock MBB opened at 26.40 VND, reached a high of 26.55 VND, a low of 26.35 VND, and closed the hour at 26.45 VND with a trading volume of 3,723,000 shares."
2025-09-23 14:00:00,26.4,26.45,26.25,26.35,1908000,MBB,"At 2025-09-23 14:00:00, the stock MBB opened at 26.40 VND, reached a high of 26.45 VND, a low of 26.25 VND, and closed the hour at 26.35 VND with a trading volume of 1,908,000 shares."
2025-09-24 09:00:00,26.35,26.35,26.1,26.2,2180600,MBB,"At 2025-09-24 09:00:00, the stock MBB opened at 26.35 VND, reached a high of 26.35 VND, a low of 26.10 VND, and closed the hour at 26.20 VND with a trading volume of 2,180,600 shares."
2025-09-24 10:00:00,26.2,26.35,26.2,26.2,2237200,MBB,"At 2025-09-24 10:00:00, the stock MBB opened at 26.20 VND, reached a high of 26.35 VND, a low of 26.20 VND, and closed the hour at 26.20 VND with a trading volume of 2,237,200 shares."
2025-09-24 11:00:00,26.2,26.25,26.15,26.15,973400,MBB,"At 2025-09-24 11:00:00, the stock MBB opened at 26.20 VND, reached a high of 26.25 VND, a low of 26.15 VND, and closed the hour at 26.15 VND with a trading volume of 973,400 shares."
2025-09-24 13:00:00,26.2,26.4,25.9,26.3,10975300,MBB,"At 2025-09-24 13:00:00, the stock MBB opened at 26.20 VND, reached a high of 26.40 VND, a low of 25.90 VND, and closed the hour at 26.30 VND with a trading volume of 10,975,300 shares."
2025-09-24 14:00:00,26.25,26.8,26.25,26.8,6385600,MBB,"At 2025-09-24 14:00:00, the stock MBB opened at 26.25 VND, reached a high of 26.80 VND, a low of 26.25 VND, and closed the hour at 26.80 VND with a trading volume of 6,385,600 shares."
2025-09-25 09:00:00,27.0,27.0,26.75,26.8,3105500,MBB,"At 2025-09-25 09:00:00, the stock MBB opened at 27.00 VND, reached a high of 27.00 VND, a low of 26.75 VND, and closed the hour at 26.80 VND with a trading volume of 3,105,500 shares."
2025-09-25 10:00:00,26.8,26.85,26.6,26.6,2233100,MBB,"At 2025-09-25 10:00:00, the stock MBB opened at 26.80 VND, reached a high of 26.85 VND, a low of 26.60 VND, and closed the hour at 26.60 VND with a trading volume of 2,233,100 shares."
2025-09-25 11:00:00,26.65,26.7,26.55,26.65,1113000,MBB,"At 2025-09-25 11:00:00, the stock MBB opened at 26.65 VND, reached a high of 26.70 VND, a low of 26.55 VND, and closed the hour at 26.65 VND with a trading volume of 1,113,000 shares."
2025-09-25 13:00:00,26.65,26.75,26.4,26.5,5474500,MBB,"At 2025-09-25 13:00:00, the stock MBB opened at 26.65 VND, reached a high of 26.75 VND, a low of 26.40 VND, and closed the hour at 26.50 VND with a trading volume of 5,474,500 shares."
2025-09-25 14:00:00,26.5,26.6,26.4,26.55,3563600,MBB,"At 2025-09-25 14:00:00, the stock MBB opened at 26.50 VND, reached a high of 26.60 VND, a low of 26.40 VND, and closed the hour at 26.55 VND with a trading volume of 3,563,600 shares."
2025-09-26 09:00:00,26.5,26.55,26.35,26.45,1709700,MBB,"At 2025-09-26 09:00:00, the stock MBB opened at 26.50 VND, reached a high of 26.55 VND, a low of 26.35 VND, and closed the hour at 26.45 VND with a trading volume of 1,709,700 shares."
2025-09-26 10:00:00,26.4,26.7,26.4,26.5,2162800,MBB,"At 2025-09-26 10:00:00, the stock MBB opened at 26.40 VND, reached a high of 26.70 VND, a low of 26.40 VND, and closed the hour at 26.50 VND with a trading volume of 2,162,800 shares."
2025-09-26 11:00:00,26.55,26.55,26.45,26.45,623200,MBB,"At 2025-09-26 11:00:00, the stock MBB opened at 26.55 VND, reached a high of 26.55 VND, a low of 26.45 VND, and closed the hour at 26.45 VND with a trading volume of 623,200 shares."
2025-09-26 13:00:00,26.45,26.55,26.4,26.45,3107900,MBB,"At 2025-09-26 13:00:00, the stock MBB opened at 26.45 VND, reached a high of 26.55 VND, a low of 26.40 VND, and closed the hour at 26.45 VND with a trading volume of 3,107,900 shares."
2025-09-26 14:00:00,26.45,26.55,26.25,26.25,5342300,MBB,"At 2025-09-26 14:00:00, the stock MBB opened at 26.45 VND, reached a high of 26.55 VND, a low of 26.25 VND, and closed the hour at 26.25 VND with a trading volume of 5,342,300 shares."
2025-09-29 09:00:00,26.25,26.35,26.2,26.2,2321300,MBB,"At 2025-09-29 09:00:00, the stock MBB opened at 26.25 VND, reached a high of 26.35 VND, a low of 26.20 VND, and closed the hour at 26.20 VND with a trading volume of 2,321,300 shares."
2025-09-29 10:00:00,26.2,26.35,26.1,26.25,3213900,MBB,"At 2025-09-29 10:00:00, the stock MBB opened at 26.20 VND, reached a high of 26.35 VND, a low of 26.10 VND, and closed the hour at 26.25 VND with a trading volume of 3,213,900 shares."
2025-09-29 11:00:00,26.3,26.3,26.15,26.25,1999900,MBB,"At 2025-09-29 11:00:00, the stock MBB opened at 26.30 VND, reached a high of 26.30 VND, a low of 26.15 VND, and closed the hour at 26.25 VND with a trading volume of 1,999,900 shares."
2025-09-29 13:00:00,26.25,26.3,26.15,26.25,5309400,MBB,"At 2025-09-29 13:00:00, the stock MBB opened at 26.25 VND, reached a high of 26.30 VND, a low of 26.15 VND, and closed the hour at 26.25 VND with a trading volume of 5,309,400 shares."
2025-09-29 14:00:00,26.25,26.25,26.15,26.15,3408500,MBB,"At 2025-09-29 14:00:00, the stock MBB opened at 26.25 VND, reached a high of 26.25 VND, a low of 26.15 VND, and closed the hour at 26.15 VND with a trading volume of 3,408,500 shares."
2025-09-30 09:00:00,26.2,26.35,26.15,26.25,2326500,MBB,"At 2025-09-30 09:00:00, the stock MBB opened at 26.20 VND, reached a high of 26.35 VND, a low of 26.15 VND, and closed the hour at 26.25 VND with a trading volume of 2,326,500 shares."
2025-09-30 10:00:00,26.25,26.6,26.15,26.3,6382400,MBB,"At 2025-09-30 10:00:00, the stock MBB opened at 26.25 VND, reached a high of 26.60 VND, a low of 26.15 VND, and closed the hour at 26.30 VND with a trading volume of 6,382,400 shares."
2025-09-30 11:00:00,26.3,26.3,26.15,26.2,2072200,MBB,"At 2025-09-30 11:00:00, the stock MBB opened at 26.30 VND, reached a high of 26.30 VND, a low of 26.15 VND, and closed the hour at 26.20 VND with a trading volume of 2,072,200 shares."
2025-09-30 13:00:00,26.2,26.3,26.05,26.2,5500500,MBB,"At 2025-09-30 13:00:00, the stock MBB opened at 26.20 VND, reached a high of 26.30 VND, a low of 26.05 VND, and closed the hour at 26.20 VND with a trading volume of 5,500,500 shares."
2025-09-30 14:00:00,26.2,26.4,26.15,26.2,3478200,MBB,"At 2025-09-30 14:00:00, the stock MBB opened at 26.20 VND, reached a high of 26.40 VND, a low of 26.15 VND, and closed the hour at 26.20 VND with a trading volume of 3,478,200 shares."
2025-10-01 09:00:00,26.25,26.6,26.15,26.5,3864700,MBB,"At 2025-10-01 09:00:00, the stock MBB opened at 26.25 VND, reached a high of 26.60 VND, a low of 26.15 VND, and closed the hour at 26.50 VND with a trading volume of 3,864,700 shares."
2025-10-01 10:00:00,26.55,26.55,26.4,26.45,2719600,MBB,"At 2025-10-01 10:00:00, the stock MBB opened at 26.55 VND, reached a high of 26.55 VND, a low of 26.40 VND, and closed the hour at 26.45 VND with a trading volume of 2,719,600 shares."
2025-10-01 11:00:00,26.5,26.5,26.35,26.45,1056800,MBB,"At 2025-10-01 11:00:00, the stock MBB opened at 26.50 VND, reached a high of 26.50 VND, a low of 26.35 VND, and closed the hour at 26.45 VND with a trading volume of 1,056,800 shares."
2025-10-01 13:00:00,26.45,26.5,26.35,26.4,1663400,MBB,"At 2025-10-01 13:00:00, the stock MBB opened at 26.45 VND, reached a high of 26.50 VND, a low of 26.35 VND, and closed the hour at 26.40 VND with a trading volume of 1,663,400 shares."
2025-10-01 14:00:00,26.4,26.5,26.4,26.4,2240100,MBB,"At 2025-10-01 14:00:00, the stock MBB opened at 26.40 VND, reached a high of 26.50 VND, a low of 26.40 VND, and closed the hour at 26.40 VND with a trading volume of 2,240,100 shares."
2025-10-02 09:00:00,26.5,27.35,26.45,27.25,19504100,MBB,"At 2025-10-02 09:00:00, the stock MBB opened at 26.50 VND, reached a high of 27.35 VND, a low of 26.45 VND, and closed the hour at 27.25 VND with a trading volume of 19,504,100 shares."
2025-10-02 10:00:00,27.2,27.25,27.05,27.1,6118100,MBB,"At 2025-10-02 10:00:00, the stock MBB opened at 27.20 VND, reached a high of 27.25 VND, a low of 27.05 VND, and closed the hour at 27.10 VND with a trading volume of 6,118,100 shares."
2025-10-02 11:00:00,27.1,27.15,27.0,27.05,2424200,MBB,"At 2025-10-02 11:00:00, the stock MBB opened at 27.10 VND, reached a high of 27.15 VND, a low of 27.00 VND, and closed the hour at 27.05 VND with a trading volume of 2,424,200 shares."
2025-10-02 13:00:00,27.05,27.1,26.9,27.0,8044000,MBB,"At 2025-10-02 13:00:00, the stock MBB opened at 27.05 VND, reached a high of 27.10 VND, a low of 26.90 VND, and closed the hour at 27.00 VND with a trading volume of 8,044,000 shares."
2025-10-02 14:00:00,27.0,27.1,26.75,26.8,7995700,MBB,"At 2025-10-02 14:00:00, the stock MBB opened at 27.00 VND, reached a high of 27.10 VND, a low of 26.75 VND, and closed the hour at 26.80 VND with a trading volume of 7,995,700 shares."
2025-10-03 09:00:00,26.7,26.8,26.5,26.55,2774800,MBB,"At 2025-10-03 09:00:00, the stock MBB opened at 26.70 VND, reached a high of 26.80 VND, a low of 26.50 VND, and closed the hour at 26.55 VND with a trading volume of 2,774,800 shares."
2025-10-03 10:00:00,26.6,26.6,26.4,26.45,3764200,MBB,"At 2025-10-03 10:00:00, the stock MBB opened at 26.60 VND, reached a high of 26.60 VND, a low of 26.40 VND, and closed the hour at 26.45 VND with a trading volume of 3,764,200 shares."
2025-10-03 11:00:00,26.45,26.55,26.4,26.5,1668800,MBB,"At 2025-10-03 11:00:00, the stock MBB opened at 26.45 VND, reached a high of 26.55 VND, a low of 26.40 VND, and closed the hour at 26.50 VND with a trading volume of 1,668,800 shares."
2025-10-03 13:00:00,26.55,26.8,26.45,26.7,3803200,MBB,"At 2025-10-03 13:00:00, the stock MBB opened at 26.55 VND, reached a high of 26.80 VND, a low of 26.45 VND, and closed the hour at 26.70 VND with a trading volume of 3,803,200 shares."
2025-10-03 14:00:00,26.7,26.75,26.55,26.55,2498500,MBB,"At 2025-10-03 14:00:00, the stock MBB opened at 26.70 VND, reached a high of 26.75 VND, a low of 26.55 VND, and closed the hour at 26.55 VND with a trading volume of 2,498,500 shares."
2025-10-06 09:00:00,26.95,26.95,26.65,26.75,3261800,MBB,"At 2025-10-06 09:00:00, the stock MBB opened at 26.95 VND, reached a high of 26.95 VND, a low of 26.65 VND, and closed the hour at 26.75 VND with a trading volume of 3,261,800 shares."
2025-10-06 10:00:00,26.75,27.5,26.7,27.1,16494800,MBB,"At 2025-10-06 10:00:00, the stock MBB opened at 26.75 VND, reached a high of 27.50 VND, a low of 26.70 VND, and closed the hour at 27.10 VND with a trading volume of 16,494,800 shares."
2025-10-06 11:00:00,27.1,27.15,27.0,27.0,1793100,MBB,"At 2025-10-06 11:00:00, the stock MBB opened at 27.10 VND, reached a high of 27.15 VND, a low of 27.00 VND, and closed the hour at 27.00 VND with a trading volume of 1,793,100 shares."
2025-10-06 13:00:00,27.05,27.1,26.9,27.05,8403600,MBB,"At 2025-10-06 13:00:00, the stock MBB opened at 27.05 VND, reached a high of 27.10 VND, a low of 26.90 VND, and closed the hour at 27.05 VND with a trading volume of 8,403,600 shares."
2025-10-06 14:00:00,27.1,27.35,27.0,27.35,9029100,MBB,"At 2025-10-06 14:00:00, the stock MBB opened at 27.10 VND, reached a high of 27.35 VND, a low of 27.00 VND, and closed the hour at 27.35 VND with a trading volume of 9,029,100 shares."
2025-10-07 09:00:00,27.5,27.55,27.05,27.15,4900800,MBB,"At 2025-10-07 09:00:00, the stock MBB opened at 27.50 VND, reached a high of 27.55 VND, a low of 27.05 VND, and closed the hour at 27.15 VND with a trading volume of 4,900,800 shares."
2025-10-07 10:00:00,27.15,27.25,27.05,27.15,3005000,MBB,"At 2025-10-07 10:00:00, the stock MBB opened at 27.15 VND, reached a high of 27.25 VND, a low of 27.05 VND, and closed the hour at 27.15 VND with a trading volume of 3,005,000 shares."
2025-10-07 11:00:00,27.15,27.15,27.0,27.1,2008800,MBB,"At 2025-10-07 11:00:00, the stock MBB opened at 27.15 VND, reached a high of 27.15 VND, a low of 27.00 VND, and closed the hour at 27.10 VND with a trading volume of 2,008,800 shares."
2025-10-07 13:00:00,27.1,27.1,26.9,26.95,6582800,MBB,"At 2025-10-07 13:00:00, the stock MBB opened at 27.10 VND, reached a high of 27.10 VND, a low of 26.90 VND, and closed the hour at 26.95 VND with a trading volume of 6,582,800 shares."
2025-10-07 14:00:00,26.9,27.0,26.85,26.85,5690900,MBB,"At 2025-10-07 14:00:00, the stock MBB opened at 26.90 VND, reached a high of 27.00 VND, a low of 26.85 VND, and closed the hour at 26.85 VND with a trading volume of 5,690,900 shares."
2025-10-08 09:00:00,27.2,27.3,27.0,27.15,10363000,MBB,"At 2025-10-08 09:00:00, the stock MBB opened at 27.20 VND, reached a high of 27.30 VND, a low of 27.00 VND, and closed the hour at 27.15 VND with a trading volume of 10,363,000 shares."
2025-10-08 10:00:00,27.15,27.2,27.1,27.1,4172800,MBB,"At 2025-10-08 10:00:00, the stock MBB opened at 27.15 VND, reached a high of 27.20 VND, a low of 27.10 VND, and closed the hour at 27.10 VND with a trading volume of 4,172,800 shares."
2025-10-08 11:00:00,27.15,27.15,26.95,26.95,4829800,MBB,"At 2025-10-08 11:00:00, the stock MBB opened at 27.15 VND, reached a high of 27.15 VND, a low of 26.95 VND, and closed the hour at 26.95 VND with a trading volume of 4,829,800 shares."
2025-10-08 13:00:00,26.95,27.0,26.85,26.85,6317300,MBB,"At 2025-10-08 13:00:00, the stock MBB opened at 26.95 VND, reached a high of 27.00 VND, a low of 26.85 VND, and closed the hour at 26.85 VND with a trading volume of 6,317,300 shares."
2025-10-08 14:00:00,26.9,27.05,26.85,26.85,6490100,MBB,"At 2025-10-08 14:00:00, the stock MBB opened at 26.90 VND, reached a high of 27.05 VND, a low of 26.85 VND, and closed the hour at 26.85 VND with a trading volume of 6,490,100 shares."
2025-10-09 09:00:00,27.0,27.1,26.85,27.1,5977700,MBB,"At 2025-10-09 09:00:00, the stock MBB opened at 27.00 VND, reached a high of 27.10 VND, a low of 26.85 VND, and closed the hour at 27.10 VND with a trading volume of 5,977,700 shares."
2025-10-09 10:00:00,27.1,27.4,27.1,27.15,8546500,MBB,"At 2025-10-09 10:00:00, the stock MBB opened at 27.10 VND, reached a high of 27.40 VND, a low of 27.10 VND, and closed the hour at 27.15 VND with a trading volume of 8,546,500 shares."
2025-10-09 11:00:00,27.2,27.2,27.05,27.15,1644800,MBB,"At 2025-10-09 11:00:00, the stock MBB opened at 27.20 VND, reached a high of 27.20 VND, a low of 27.05 VND, and closed the hour at 27.15 VND with a trading volume of 1,644,800 shares."
2025-10-09 13:00:00,27.15,27.35,27.05,27.3,12488600,MBB,"At 2025-10-09 13:00:00, the stock MBB opened at 27.15 VND, reached a high of 27.35 VND, a low of 27.05 VND, and closed the hour at 27.30 VND with a trading volume of 12,488,600 shares."
2025-10-09 14:00:00,27.3,27.35,27.2,27.35,10010100,MBB,"At 2025-10-09 14:00:00, the stock MBB opened at 27.30 VND, reached a high of 27.35 VND, a low of 27.20 VND, and closed the hour at 27.35 VND with a trading volume of 10,010,100 shares."
2025-10-10 09:00:00,27.4,27.45,27.2,27.3,12313300,MBB,"At 2025-10-10 09:00:00, the stock MBB opened at 27.40 VND, reached a high of 27.45 VND, a low of 27.20 VND, and closed the hour at 27.30 VND with a trading volume of 12,313,300 shares."
2025-10-10 10:00:00,27.25,27.75,27.25,27.6,22917700,MBB,"At 2025-10-10 10:00:00, the stock MBB opened at 27.25 VND, reached a high of 27.75 VND, a low of 27.25 VND, and closed the hour at 27.60 VND with a trading volume of 22,917,700 shares."
2025-10-10 11:00:00,27.6,27.65,27.55,27.55,3596500,MBB,"At 2025-10-10 11:00:00, the stock MBB opened at 27.60 VND, reached a high of 27.65 VND, a low of 27.55 VND, and closed the hour at 27.55 VND with a trading volume of 3,596,500 shares."
2025-10-10 13:00:00,27.55,27.65,27.55,27.6,9018400,MBB,"At 2025-10-10 13:00:00, the stock MBB opened at 27.55 VND, reached a high of 27.65 VND, a low of 27.55 VND, and closed the hour at 27.60 VND with a trading volume of 9,018,400 shares."
2025-10-10 14:00:00,27.6,27.6,27.35,27.45,8935000,MBB,"At 2025-10-10 14:00:00, the stock MBB opened at 27.60 VND, reached a high of 27.60 VND, a low of 27.35 VND, and closed the hour at 27.45 VND with a trading volume of 8,935,000 shares."
2025-10-13 09:00:00,27.15,27.3,27.0,27.1,12356400,MBB,"At 2025-10-13 09:00:00, the stock MBB opened at 27.15 VND, reached a high of 27.30 VND, a low of 27.00 VND, and closed the hour at 27.10 VND with a trading volume of 12,356,400 shares."
2025-10-13 10:00:00,27.1,27.35,27.05,27.25,7487400,MBB,"At 2025-10-13 10:00:00, the stock MBB opened at 27.10 VND, reached a high of 27.35 VND, a low of 27.05 VND, and closed the hour at 27.25 VND with a trading volume of 7,487,400 shares."
2025-10-13 11:00:00,27.2,27.4,27.15,27.4,5443800,MBB,"At 2025-10-13 11:00:00, the stock MBB opened at 27.20 VND, reached a high of 27.40 VND, a low of 27.15 VND, and closed the hour at 27.40 VND with a trading volume of 5,443,800 shares."
2025-10-13 13:00:00,27.35,27.4,27.15,27.15,11557200,MBB,"At 2025-10-13 13:00:00, the stock MBB opened at 27.35 VND, reached a high of 27.40 VND, a low of 27.15 VND, and closed the hour at 27.15 VND with a trading volume of 11,557,200 shares."
2025-10-13 14:00:00,27.15,27.35,27.15,27.35,9605100,MBB,"At 2025-10-13 14:00:00, the stock MBB opened at 27.15 VND, reached a high of 27.35 VND, a low of 27.15 VND, and closed the hour at 27.35 VND with a trading volume of 9,605,100 shares."
2025-10-14 09:00:00,27.5,27.7,27.4,27.45,12813600,MBB,"At 2025-10-14 09:00:00, the stock MBB opened at 27.50 VND, reached a high of 27.70 VND, a low of 27.40 VND, and closed the hour at 27.45 VND with a trading volume of 12,813,600 shares."
2025-10-14 10:00:00,27.4,27.5,27.35,27.5,6826600,MBB,"At 2025-10-14 10:00:00, the stock MBB opened at 27.40 VND, reached a high of 27.50 VND, a low of 27.35 VND, and closed the hour at 27.50 VND with a trading volume of 6,826,600 shares."
2025-10-14 11:00:00,27.45,27.6,27.45,27.55,5332700,MBB,"At 2025-10-14 11:00:00, the stock MBB opened at 27.45 VND, reached a high of 27.60 VND, a low of 27.45 VND, and closed the hour at 27.55 VND with a trading volume of 5,332,700 shares."
2025-10-14 13:00:00,27.55,27.6,27.3,27.35,12610000,MBB,"At 2025-10-14 13:00:00, the stock MBB opened at 27.55 VND, reached a high of 27.60 VND, a low of 27.30 VND, and closed the hour at 27.35 VND with a trading volume of 12,610,000 shares."
2025-10-14 14:00:00,27.3,27.35,27.05,27.05,11818400,MBB,"At 2025-10-14 14:00:00, the stock MBB opened at 27.30 VND, reached a high of 27.35 VND, a low of 27.05 VND, and closed the hour at 27.05 VND with a trading volume of 11,818,400 shares."
2025-10-15 09:00:00,27.15,27.35,27.1,27.25,8118200,MBB,"At 2025-10-15 09:00:00, the stock MBB opened at 27.15 VND, reached a high of 27.35 VND, a low of 27.10 VND, and closed the hour at 27.25 VND with a trading volume of 8,118,200 shares."
2025-10-15 10:00:00,27.25,27.65,27.25,27.45,10386900,MBB,"At 2025-10-15 10:00:00, the stock MBB opened at 27.25 VND, reached a high of 27.65 VND, a low of 27.25 VND, and closed the hour at 27.45 VND with a trading volume of 10,386,900 shares."
2025-10-15 11:00:00,27.5,27.5,27.25,27.35,3484200,MBB,"At 2025-10-15 11:00:00, the stock MBB opened at 27.50 VND, reached a high of 27.50 VND, a low of 27.25 VND, and closed the hour at 27.35 VND with a trading volume of 3,484,200 shares."
2025-10-15 13:00:00,27.35,27.4,27.2,27.25,5174800,MBB,"At 2025-10-15 13:00:00, the stock MBB opened at 27.35 VND, reached a high of 27.40 VND, a low of 27.20 VND, and closed the hour at 27.25 VND with a trading volume of 5,174,800 shares."
2025-10-15 14:00:00,27.25,27.4,27.25,27.25,4322200,MBB,"At 2025-10-15 14:00:00, the stock MBB opened at 27.25 VND, reached a high of 27.40 VND, a low of 27.25 VND, and closed the hour at 27.25 VND with a trading volume of 4,322,200 shares."
2025-10-16 09:00:00,27.3,27.55,27.25,27.45,5534900,MBB,"At 2025-10-16 09:00:00, the stock MBB opened at 27.30 VND, reached a high of 27.55 VND, a low of 27.25 VND, and closed the hour at 27.45 VND with a trading volume of 5,534,900 shares."
2025-10-16 10:00:00,27.5,27.5,27.3,27.35,5793300,MBB,"At 2025-10-16 10:00:00, the stock MBB opened at 27.50 VND, reached a high of 27.50 VND, a low of 27.30 VND, and closed the hour at 27.35 VND with a trading volume of 5,793,300 shares."
2025-10-16 11:00:00,27.35,27.35,27.25,27.3,1923200,MBB,"At 2025-10-16 11:00:00, the stock MBB opened at 27.35 VND, reached a high of 27.35 VND, a low of 27.25 VND, and closed the hour at 27.30 VND with a trading volume of 1,923,200 shares."
2025-10-16 13:00:00,27.3,27.35,27.2,27.25,6259500,MBB,"At 2025-10-16 13:00:00, the stock MBB opened at 27.30 VND, reached a high of 27.35 VND, a low of 27.20 VND, and closed the hour at 27.25 VND with a trading volume of 6,259,500 shares."
2025-10-16 14:00:00,27.2,27.3,27.15,27.2,6971900,MBB,"At 2025-10-16 14:00:00, the stock MBB opened at 27.20 VND, reached a high of 27.30 VND, a low of 27.15 VND, and closed the hour at 27.20 VND with a trading volume of 6,971,900 shares."
2025-10-17 09:00:00,27.25,27.3,27.15,27.25,5517500,MBB,"At 2025-10-17 09:00:00, the stock MBB opened at 27.25 VND, reached a high of 27.30 VND, a low of 27.15 VND, and closed the hour at 27.25 VND with a trading volume of 5,517,500 shares."
2025-10-17 10:00:00,27.2,27.8,27.2,27.55,15077500,MBB,"At 2025-10-17 10:00:00, the stock MBB opened at 27.20 VND, reached a high of 27.80 VND, a low of 27.20 VND, and closed the hour at 27.55 VND with a trading volume of 15,077,500 shares."
2025-10-17 11:00:00,27.5,27.55,27.4,27.4,1750300,MBB,"At 2025-10-17 11:00:00, the stock MBB opened at 27.50 VND, reached a high of 27.55 VND, a low of 27.40 VND, and closed the hour at 27.40 VND with a trading volume of 1,750,300 shares."
2025-10-17 13:00:00,27.4,27.45,27.2,27.2,8979900,MBB,"At 2025-10-17 13:00:00, the stock MBB opened at 27.40 VND, reached a high of 27.45 VND, a low of 27.20 VND, and closed the hour at 27.20 VND with a trading volume of 8,979,900 shares."
2025-10-17 14:00:00,27.2,27.3,27.1,27.1,12203900,MBB,"At 2025-10-17 14:00:00, the stock MBB opened at 27.20 VND, reached a high of 27.30 VND, a low of 27.10 VND, and closed the hour at 27.10 VND with a trading volume of 12,203,900 shares."
2025-10-20 09:00:00,26.95,27.1,26.9,26.9,8978200,MBB,"At 2025-10-20 09:00:00, the stock MBB opened at 26.95 VND, reached a high of 27.10 VND, a low of 26.90 VND, and closed the hour at 26.90 VND with a trading volume of 8,978,200 shares."
2025-10-20 10:00:00,26.9,26.95,26.8,26.85,7006100,MBB,"At 2025-10-20 10:00:00, the stock MBB opened at 26.90 VND, reached a high of 26.95 VND, a low of 26.80 VND, and closed the hour at 26.85 VND with a trading volume of 7,006,100 shares."
2025-10-20 11:00:00,26.85,26.9,26.6,26.65,4888900,MBB,"At 2025-10-20 11:00:00, the stock MBB opened at 26.85 VND, reached a high of 26.90 VND, a low of 26.60 VND, and closed the hour at 26.65 VND with a trading volume of 4,888,900 shares."
2025-10-20 13:00:00,26.65,26.7,26.4,26.4,14988000,MBB,"At 2025-10-20 13:00:00, the stock MBB opened at 26.65 VND, reached a high of 26.70 VND, a low of 26.40 VND, and closed the hour at 26.40 VND with a trading volume of 14,988,000 shares."
2025-10-20 14:00:00,26.4,26.45,25.25,25.25,38669000,MBB,"At 2025-10-20 14:00:00, the stock MBB opened at 26.40 VND, reached a high of 26.45 VND, a low of 25.25 VND, and closed the hour at 25.25 VND with a trading volume of 38,669,000 shares."
2025-10-21 09:00:00,25.35,26.0,25.25,25.45,16528900,MBB,"At 2025-10-21 09:00:00, the stock MBB opened at 25.35 VND, reached a high of 26.00 VND, a low of 25.25 VND, and closed the hour at 25.45 VND with a trading volume of 16,528,900 shares."
2025-10-21 10:00:00,25.5,25.6,25.0,25.25,10757700,MBB,"At 2025-10-21 10:00:00, the stock MBB opened at 25.50 VND, reached a high of 25.60 VND, a low of 25.00 VND, and closed the hour at 25.25 VND with a trading volume of 10,757,700 shares."
2025-10-21 11:00:00,25.25,25.25,24.8,24.9,5531700,MBB,"At 2025-10-21 11:00:00, the stock MBB opened at 25.25 VND, reached a high of 25.25 VND, a low of 24.80 VND, and closed the hour at 24.90 VND with a trading volume of 5,531,700 shares."
2025-10-21 13:00:00,24.95,25.5,24.85,25.3,10666500,MBB,"At 2025-10-21 13:00:00, the stock MBB opened at 24.95 VND, reached a high of 25.50 VND, a low of 24.85 VND, and closed the hour at 25.30 VND with a trading volume of 10,666,500 shares."
2025-10-21 14:00:00,25.25,25.65,25.25,25.3,8183600,MBB,"At 2025-10-21 14:00:00, the stock MBB opened at 25.25 VND, reached a high of 25.65 VND, a low of 25.25 VND, and closed the hour at 25.30 VND with a trading volume of 8,183,600 shares."
2025-10-22 09:00:00,25.6,25.65,25.15,25.3,4692500,MBB,"At 2025-10-22 09:00:00, the stock MBB opened at 25.60 VND, reached a high of 25.65 VND, a low of 25.15 VND, and closed the hour at 25.30 VND with a trading volume of 4,692,500 shares."
2025-10-22 10:00:00,25.25,25.3,25.1,25.15,5067400,MBB,"At 2025-10-22 10:00:00, the stock MBB opened at 25.25 VND, reached a high of 25.30 VND, a low of 25.10 VND, and closed the hour at 25.15 VND with a trading volume of 5,067,400 shares."
2025-10-22 11:00:00,25.15,25.25,25.1,25.25,1194800,MBB,"At 2025-10-22 11:00:00, the stock MBB opened at 25.15 VND, reached a high of 25.25 VND, a low of 25.10 VND, and closed the hour at 25.25 VND with a trading volume of 1,194,800 shares."
2025-10-22 13:00:00,25.25,25.25,24.8,24.9,11784400,MBB,"At 2025-10-22 13:00:00, the stock MBB opened at 25.25 VND, reached a high of 25.25 VND, a low of 24.80 VND, and closed the hour at 24.90 VND with a trading volume of 11,784,400 shares."
2025-10-22 14:00:00,24.95,25.45,24.8,25.45,6857200,MBB,"At 2025-10-22 14:00:00, the stock MBB opened at 24.95 VND, reached a high of 25.45 VND, a low of 24.80 VND, and closed the hour at 25.45 VND with a trading volume of 6,857,200 shares."
2025-10-23 09:00:00,25.5,25.6,25.4,25.55,3380800,MBB,"At 2025-10-23 09:00:00, the stock MBB opened at 25.50 VND, reached a high of 25.60 VND, a low of 25.40 VND, and closed the hour at 25.55 VND with a trading volume of 3,380,800 shares."
2025-10-23 10:00:00,25.55,25.7,25.4,25.55,4771200,MBB,"At 2025-10-23 10:00:00, the stock MBB opened at 25.55 VND, reached a high of 25.70 VND, a low of 25.40 VND, and closed the hour at 25.55 VND with a trading volume of 4,771,200 shares."
2025-10-23 11:00:00,25.55,25.6,25.5,25.55,1077900,MBB,"At 2025-10-23 11:00:00, the stock MBB opened at 25.55 VND, reached a high of 25.60 VND, a low of 25.50 VND, and closed the hour at 25.55 VND with a trading volume of 1,077,900 shares."
2025-10-23 13:00:00,25.55,25.55,25.3,25.4,6457900,MBB,"At 2025-10-23 13:00:00, the stock MBB opened at 25.55 VND, reached a high of 25.55 VND, a low of 25.30 VND, and closed the hour at 25.40 VND with a trading volume of 6,457,900 shares."
2025-10-23 14:00:00,25.35,25.45,25.2,25.2,4217000,MBB,"At 2025-10-23 14:00:00, the stock MBB opened at 25.35 VND, reached a high of 25.45 VND, a low of 25.20 VND, and closed the hour at 25.20 VND with a trading volume of 4,217,000 shares."
2025-10-24 09:00:00,25.15,25.15,24.8,25.0,6422800,MBB,"At 2025-10-24 09:00:00, the stock MBB opened at 25.15 VND, reached a high of 25.15 VND, a low of 24.80 VND, and closed the hour at 25.00 VND with a trading volume of 6,422,800 shares."
2025-10-24 10:00:00,25.0,25.0,24.5,24.5,13768900,MBB,"At 2025-10-24 10:00:00, the stock MBB opened at 25.00 VND, reached a high of 25.00 VND, a low of 24.50 VND, and closed the hour at 24.50 VND with a trading volume of 13,768,900 shares."
2025-10-24 11:00:00,24.5,24.65,24.35,24.55,4479200,MBB,"At 2025-10-24 11:00:00, the stock MBB opened at 24.50 VND, reached a high of 24.65 VND, a low of 24.35 VND, and closed the hour at 24.55 VND with a trading volume of 4,479,200 shares."
2025-10-24 13:00:00,24.55,24.7,24.35,24.45,11137200,MBB,"At 2025-10-24 13:00:00, the stock MBB opened at 24.55 VND, reached a high of 24.70 VND, a low of 24.35 VND, and closed the hour at 24.45 VND with a trading volume of 11,137,200 shares."
2025-10-24 14:00:00,24.5,24.6,24.4,24.4,10555000,MBB,"At 2025-10-24 14:00:00, the stock MBB opened at 24.50 VND, reached a high of 24.60 VND, a low of 24.40 VND, and closed the hour at 24.40 VND with a trading volume of 10,555,000 shares."
2025-10-27 09:00:00,24.55,24.65,24.0,24.1,8935500,MBB,"At 2025-10-27 09:00:00, the stock MBB opened at 24.55 VND, reached a high of 24.65 VND, a low of 24.00 VND, and closed the hour at 24.10 VND with a trading volume of 8,935,500 shares."
2025-10-27 10:00:00,24.1,24.15,23.85,23.85,13462900,MBB,"At 2025-10-27 10:00:00, the stock MBB opened at 24.10 VND, reached a high of 24.15 VND, a low of 23.85 VND, and closed the hour at 23.85 VND with a trading volume of 13,462,900 shares."
2025-10-27 11:00:00,23.85,24.1,23.85,24.0,5445600,MBB,"At 2025-10-27 11:00:00, the stock MBB opened at 23.85 VND, reached a high of 24.10 VND, a low of 23.85 VND, and closed the hour at 24.00 VND with a trading volume of 5,445,600 shares."
2025-10-27 13:00:00,24.0,24.1,23.85,24.05,12345500,MBB,"At 2025-10-27 13:00:00, the stock MBB opened at 24.00 VND, reached a high of 24.10 VND, a low of 23.85 VND, and closed the hour at 24.05 VND with a trading volume of 12,345,500 shares."
2025-10-27 14:00:00,24.0,24.1,23.8,23.8,12136500,MBB,"At 2025-10-27 14:00:00, the stock MBB opened at 24.00 VND, reached a high of 24.10 VND, a low of 23.80 VND, and closed the hour at 23.80 VND with a trading volume of 12,136,500 shares."
2025-10-28 09:00:00,23.8,23.85,23.45,23.5,9048900,MBB,"At 2025-10-28 09:00:00, the stock MBB opened at 23.80 VND, reached a high of 23.85 VND, a low of 23.45 VND, and closed the hour at 23.50 VND with a trading volume of 9,048,900 shares."
2025-10-28 10:00:00,23.5,23.55,23.2,23.3,11443000,MBB,"At 2025-10-28 10:00:00, the stock MBB opened at 23.50 VND, reached a high of 23.55 VND, a low of 23.20 VND, and closed the hour at 23.30 VND with a trading volume of 11,443,000 shares."
2025-10-28 11:00:00,23.25,23.3,23.15,23.2,4841900,MBB,"At 2025-10-28 11:00:00, the stock MBB opened at 23.25 VND, reached a high of 23.30 VND, a low of 23.15 VND, and closed the hour at 23.20 VND with a trading volume of 4,841,900 shares."
2025-10-28 13:00:00,23.2,23.85,23.15,23.75,15353800,MBB,"At 2025-10-28 13:00:00, the stock MBB opened at 23.20 VND, reached a high of 23.85 VND, a low of 23.15 VND, and closed the hour at 23.75 VND with a trading volume of 15,353,800 shares."
2025-10-28 14:00:00,23.75,24.0,23.65,24.0,8832200,MBB,"At 2025-10-28 14:00:00, the stock MBB opened at 23.75 VND, reached a high of 24.00 VND, a low of 23.65 VND, and closed the hour at 24.00 VND with a trading volume of 8,832,200 shares."
2025-10-29 09:00:00,24.2,24.6,24.1,24.25,6026300,MBB,"At 2025-10-29 09:00:00, the stock MBB opened at 24.20 VND, reached a high of 24.60 VND, a low of 24.10 VND, and closed the hour at 24.25 VND with a trading volume of 6,026,300 shares."
2025-10-29 10:00:00,24.25,24.3,24.05,24.2,5886200,MBB,"At 2025-10-29 10:00:00, the stock MBB opened at 24.25 VND, reached a high of 24.30 VND, a low of 24.05 VND, and closed the hour at 24.20 VND with a trading volume of 5,886,200 shares."
2025-10-29 11:00:00,24.2,24.3,24.15,24.25,2302200,MBB,"At 2025-10-29 11:00:00, the stock MBB opened at 24.20 VND, reached a high of 24.30 VND, a low of 24.15 VND, and closed the hour at 24.25 VND with a trading volume of 2,302,200 shares."
2025-10-29 13:00:00,24.25,24.4,24.2,24.3,5690500,MBB,"At 2025-10-29 13:00:00, the stock MBB opened at 24.25 VND, reached a high of 24.40 VND, a low of 24.20 VND, and closed the hour at 24.30 VND with a trading volume of 5,690,500 shares."
2025-10-29 14:00:00,24.3,24.5,24.25,24.35,4202200,MBB,"At 2025-10-29 14:00:00, the stock MBB opened at 24.30 VND, reached a high of 24.50 VND, a low of 24.25 VND, and closed the hour at 24.35 VND with a trading volume of 4,202,200 shares."
2025-10-30 09:00:00,24.4,24.4,24.0,24.1,4184700,MBB,"At 2025-10-30 09:00:00, the stock MBB opened at 24.40 VND, reached a high of 24.40 VND, a low of 24.00 VND, and closed the hour at 24.10 VND with a trading volume of 4,184,700 shares."
2025-10-30 10:00:00,24.1,24.15,23.9,23.95,5748000,MBB,"At 2025-10-30 10:00:00, the stock MBB opened at 24.10 VND, reached a high of 24.15 VND, a low of 23.90 VND, and closed the hour at 23.95 VND with a trading volume of 5,748,000 shares."
2025-10-30 11:00:00,23.95,24.0,23.9,23.95,2131900,MBB,"At 2025-10-30 11:00:00, the stock MBB opened at 23.95 VND, reached a high of 24.00 VND, a low of 23.90 VND, and closed the hour at 23.95 VND with a trading volume of 2,131,900 shares."
2025-10-30 13:00:00,23.95,24.0,23.85,23.9,8074300,MBB,"At 2025-10-30 13:00:00, the stock MBB opened at 23.95 VND, reached a high of 24.00 VND, a low of 23.85 VND, and closed the hour at 23.90 VND with a trading volume of 8,074,300 shares."
2025-10-30 14:00:00,23.9,24.05,23.85,23.95,4359700,MBB,"At 2025-10-30 14:00:00, the stock MBB opened at 23.90 VND, reached a high of 24.05 VND, a low of 23.85 VND, and closed the hour at 23.95 VND with a trading volume of 4,359,700 shares."
2025-10-31 09:00:00,23.8,24.1,23.8,23.95,3083100,MBB,"At 2025-10-31 09:00:00, the stock MBB opened at 23.80 VND, reached a high of 24.10 VND, a low of 23.80 VND, and closed the hour at 23.95 VND with a trading volume of 3,083,100 shares."
2025-10-31 10:00:00,24.0,24.0,23.85,23.85,2860400,MBB,"At 2025-10-31 10:00:00, the stock MBB opened at 24.00 VND, reached a high of 24.00 VND, a low of 23.85 VND, and closed the hour at 23.85 VND with a trading volume of 2,860,400 shares."
2025-10-31 11:00:00,23.85,23.9,23.8,23.85,1422800,MBB,"At 2025-10-31 11:00:00, the stock MBB opened at 23.85 VND, reached a high of 23.90 VND, a low of 23.80 VND, and closed the hour at 23.85 VND with a trading volume of 1,422,800 shares."
2025-10-31 13:00:00,23.85,23.95,23.8,23.85,3252700,MBB,"At 2025-10-31 13:00:00, the stock MBB opened at 23.85 VND, reached a high of 23.95 VND, a low of 23.80 VND, and closed the hour at 23.85 VND with a trading volume of 3,252,700 shares."
2025-10-31 14:00:00,23.85,23.9,23.6,23.6,9230200,MBB,"At 2025-10-31 14:00:00, the stock MBB opened at 23.85 VND, reached a high of 23.90 VND, a low of 23.60 VND, and closed the hour at 23.60 VND with a trading volume of 9,230,200 shares."
2025-11-03 09:00:00,23.7,24.0,23.7,23.8,4594600,MBB,"At 2025-11-03 09:00:00, the stock MBB opened at 23.70 VND, reached a high of 24.00 VND, a low of 23.70 VND, and closed the hour at 23.80 VND with a trading volume of 4,594,600 shares."
2025-11-03 10:00:00,23.75,23.9,23.65,23.75,5196500,MBB,"At 2025-11-03 10:00:00, the stock MBB opened at 23.75 VND, reached a high of 23.90 VND, a low of 23.65 VND, and closed the hour at 23.75 VND with a trading volume of 5,196,500 shares."
2025-11-03 11:00:00,23.7,23.9,23.7,23.85,2300400,MBB,"At 2025-11-03 11:00:00, the stock MBB opened at 23.70 VND, reached a high of 23.90 VND, a low of 23.70 VND, and closed the hour at 23.85 VND with a trading volume of 2,300,400 shares."
2025-11-03 13:00:00,23.85,23.9,23.6,23.65,6521100,MBB,"At 2025-11-03 13:00:00, the stock MBB opened at 23.85 VND, reached a high of 23.90 VND, a low of 23.60 VND, and closed the hour at 23.65 VND with a trading volume of 6,521,100 shares."
2025-11-03 14:00:00,23.6,23.65,23.1,23.1,11348600,MBB,"At 2025-11-03 14:00:00, the stock MBB opened at 23.60 VND, reached a high of 23.65 VND, a low of 23.10 VND, and closed the hour at 23.10 VND with a trading volume of 11,348,600 shares."
2025-11-04 09:00:00,23.5,23.7,23.2,23.6,6475000,MBB,"At 2025-11-04 09:00:00, the stock MBB opened at 23.50 VND, reached a high of 23.70 VND, a low of 23.20 VND, and closed the hour at 23.60 VND with a trading volume of 6,475,000 shares."
2025-11-04 10:00:00,23.55,23.7,23.4,23.45,5062100,MBB,"At 2025-11-04 10:00:00, the stock MBB opened at 23.55 VND, reached a high of 23.70 VND, a low of 23.40 VND, and closed the hour at 23.45 VND with a trading volume of 5,062,100 shares."
2025-11-04 11:00:00,23.45,23.55,23.35,23.45,2124700,MBB,"At 2025-11-04 11:00:00, the stock MBB opened at 23.45 VND, reached a high of 23.55 VND, a low of 23.35 VND, and closed the hour at 23.45 VND with a trading volume of 2,124,700 shares."
2025-11-04 13:00:00,23.45,24.05,23.35,23.8,14244500,MBB,"At 2025-11-04 13:00:00, the stock MBB opened at 23.45 VND, reached a high of 24.05 VND, a low of 23.35 VND, and closed the hour at 23.80 VND with a trading volume of 14,244,500 shares."
2025-11-04 14:00:00,23.85,24.35,23.7,24.0,10320200,MBB,"At 2025-11-04 14:00:00, the stock MBB opened at 23.85 VND, reached a high of 24.35 VND, a low of 23.70 VND, and closed the hour at 24.00 VND with a trading volume of 10,320,200 shares."
2025-11-05 09:00:00,24.0,24.1,23.9,24.0,3425100,MBB,"At 2025-11-05 09:00:00, the stock MBB opened at 24.00 VND, reached a high of 24.10 VND, a low of 23.90 VND, and closed the hour at 24.00 VND with a trading volume of 3,425,100 shares."
2025-11-05 10:00:00,24.0,24.05,23.8,24.0,2576900,MBB,"At 2025-11-05 10:00:00, the stock MBB opened at 24.00 VND, reached a high of 24.05 VND, a low of 23.80 VND, and closed the hour at 24.00 VND with a trading volume of 2,576,900 shares."
2025-11-05 11:00:00,23.95,24.1,23.95,23.95,749700,MBB,"At 2025-11-05 11:00:00, the stock MBB opened at 23.95 VND, reached a high of 24.10 VND, a low of 23.95 VND, and closed the hour at 23.95 VND with a trading volume of 749,700 shares."
2025-11-05 13:00:00,23.95,24.1,23.85,23.95,3886100,MBB,"At 2025-11-05 13:00:00, the stock MBB opened at 23.95 VND, reached a high of 24.10 VND, a low of 23.85 VND, and closed the hour at 23.95 VND with a trading volume of 3,886,100 shares."
2025-11-05 14:00:00,23.95,24.0,23.85,23.9,1779700,MBB,"At 2025-11-05 14:00:00, the stock MBB opened at 23.95 VND, reached a high of 24.00 VND, a low of 23.85 VND, and closed the hour at 23.90 VND with a trading volume of 1,779,700 shares."
2025-11-06 09:00:00,24.0,24.1,23.9,23.95,1717700,MBB,"At 2025-11-06 09:00:00, the stock MBB opened at 24.00 VND, reached a high of 24.10 VND, a low of 23.90 VND, and closed the hour at 23.95 VND with a trading volume of 1,717,700 shares."
2025-11-06 10:00:00,23.95,23.95,23.75,23.75,1718900,MBB,"At 2025-11-06 10:00:00, the stock MBB opened at 23.95 VND, reached a high of 23.95 VND, a low of 23.75 VND, and closed the hour at 23.75 VND with a trading volume of 1,718,900 shares."
2025-11-06 11:00:00,23.8,23.8,23.6,23.7,1566100,MBB,"At 2025-11-06 11:00:00, the stock MBB opened at 23.80 VND, reached a high of 23.80 VND, a low of 23.60 VND, and closed the hour at 23.70 VND with a trading volume of 1,566,100 shares."
2025-11-06 13:00:00,23.7,23.9,23.6,23.75,3523000,MBB,"At 2025-11-06 13:00:00, the stock MBB opened at 23.70 VND, reached a high of 23.90 VND, a low of 23.60 VND, and closed the hour at 23.75 VND with a trading volume of 3,523,000 shares."
2025-11-06 14:00:00,23.75,23.95,23.7,23.7,2192200,MBB,"At 2025-11-06 14:00:00, the stock MBB opened at 23.75 VND, reached a high of 23.95 VND, a low of 23.70 VND, and closed the hour at 23.70 VND with a trading volume of 2,192,200 shares."
2025-11-07 09:00:00,23.75,23.75,23.6,23.6,2197700,MBB,"At 2025-11-07 09:00:00, the stock MBB opened at 23.75 VND, reached a high of 23.75 VND, a low of 23.60 VND, and closed the hour at 23.60 VND with a trading volume of 2,197,700 shares."
2025-11-07 10:00:00,23.6,23.65,23.5,23.65,2840400,MBB,"At 2025-11-07 10:00:00, the stock MBB opened at 23.60 VND, reached a high of 23.65 VND, a low of 23.50 VND, and closed the hour at 23.65 VND with a trading volume of 2,840,400 shares."
2025-11-07 11:00:00,23.6,23.65,23.5,23.5,1166600,MBB,"At 2025-11-07 11:00:00, the stock MBB opened at 23.60 VND, reached a high of 23.65 VND, a low of 23.50 VND, and closed the hour at 23.50 VND with a trading volume of 1,166,600 shares."
2025-11-07 13:00:00,23.5,23.6,23.4,23.45,5392400,MBB,"At 2025-11-07 13:00:00, the stock MBB opened at 23.50 VND, reached a high of 23.60 VND, a low of 23.40 VND, and closed the hour at 23.45 VND with a trading volume of 5,392,400 shares."
2025-11-07 14:00:00,23.45,23.5,23.15,23.3,9729600,MBB,"At 2025-11-07 14:00:00, the stock MBB opened at 23.45 VND, reached a high of 23.50 VND, a low of 23.15 VND, and closed the hour at 23.30 VND with a trading volume of 9,729,600 shares."
2025-11-10 09:00:00,23.3,23.5,23.3,23.35,2461700,MBB,"At 2025-11-10 09:00:00, the stock MBB opened at 23.30 VND, reached a high of 23.50 VND, a low of 23.30 VND, and closed the hour at 23.35 VND with a trading volume of 2,461,700 shares."
2025-11-10 10:00:00,23.4,23.4,23.05,23.15,4210300,MBB,"At 2025-11-10 10:00:00, the stock MBB opened at 23.40 VND, reached a high of 23.40 VND, a low of 23.05 VND, and closed the hour at 23.15 VND with a trading volume of 4,210,300 shares."
2025-11-10 11:00:00,23.15,23.35,23.1,23.2,1604200,MBB,"At 2025-11-10 11:00:00, the stock MBB opened at 23.15 VND, reached a high of 23.35 VND, a low of 23.10 VND, and closed the hour at 23.20 VND with a trading volume of 1,604,200 shares."
2025-11-10 13:00:00,23.2,23.6,23.2,23.55,4923800,MBB,"At 2025-11-10 13:00:00, the stock MBB opened at 23.20 VND, reached a high of 23.60 VND, a low of 23.20 VND, and closed the hour at 23.55 VND with a trading volume of 4,923,800 shares."
2025-11-10 14:00:00,23.5,23.55,23.1,23.1,3825200,MBB,"At 2025-11-10 14:00:00, the stock MBB opened at 23.50 VND, reached a high of 23.55 VND, a low of 23.10 VND, and closed the hour at 23.10 VND with a trading volume of 3,825,200 shares."
2025-11-11 09:00:00,23.15,23.35,23.15,23.3,2033000,MBB,"At 2025-11-11 09:00:00, the stock MBB opened at 23.15 VND, reached a high of 23.35 VND, a low of 23.15 VND, and closed the hour at 23.30 VND with a trading volume of 2,033,000 shares."
2025-11-11 10:00:00,23.3,23.3,23.1,23.15,2576400,MBB,"At 2025-11-11 10:00:00, the stock MBB opened at 23.30 VND, reached a high of 23.30 VND, a low of 23.10 VND, and closed the hour at 23.15 VND with a trading volume of 2,576,400 shares."
2025-11-11 11:00:00,23.15,23.2,23.05,23.1,2418700,MBB,"At 2025-11-11 11:00:00, the stock MBB opened at 23.15 VND, reached a high of 23.20 VND, a low of 23.05 VND, and closed the hour at 23.10 VND with a trading volume of 2,418,700 shares."
2025-11-11 13:00:00,23.1,23.35,23.0,23.3,5178900,MBB,"At 2025-11-11 13:00:00, the stock MBB opened at 23.10 VND, reached a high of 23.35 VND, a low of 23.00 VND, and closed the hour at 23.30 VND with a trading volume of 5,178,900 shares."
2025-11-11 14:00:00,23.3,23.3,23.15,23.2,3004100,MBB,"At 2025-11-11 14:00:00, the stock MBB opened at 23.30 VND, reached a high of 23.30 VND, a low of 23.15 VND, and closed the hour at 23.20 VND with a trading volume of 3,004,100 shares."
2025-11-12 09:00:00,23.35,23.5,23.3,23.35,2208900,MBB,"At 2025-11-12 09:00:00, the stock MBB opened at 23.35 VND, reached a high of 23.50 VND, a low of 23.30 VND, and closed the hour at 23.35 VND with a trading volume of 2,208,900 shares."
2025-11-12 10:00:00,23.35,23.4,23.2,23.25,2421400,MBB,"At 2025-11-12 10:00:00, the stock MBB opened at 23.35 VND, reached a high of 23.40 VND, a low of 23.20 VND, and closed the hour at 23.25 VND with a trading volume of 2,421,400 shares."
2025-11-12 11:00:00,23.25,23.4,23.2,23.35,1630400,MBB,"At 2025-11-12 11:00:00, the stock MBB opened at 23.25 VND, reached a high of 23.40 VND, a low of 23.20 VND, and closed the hour at 23.35 VND with a trading volume of 1,630,400 shares."
2025-11-12 13:00:00,23.35,23.55,23.3,23.5,6003900,MBB,"At 2025-11-12 13:00:00, the stock MBB opened at 23.35 VND, reached a high of 23.55 VND, a low of 23.30 VND, and closed the hour at 23.50 VND with a trading volume of 6,003,900 shares."
2025-11-12 14:00:00,23.55,23.8,23.5,23.7,5263700,MBB,"At 2025-11-12 14:00:00, the stock MBB opened at 23.55 VND, reached a high of 23.80 VND, a low of 23.50 VND, and closed the hour at 23.70 VND with a trading volume of 5,263,700 shares."
2025-11-13 09:00:00,23.75,23.8,23.65,23.7,3754000,MBB,"At 2025-11-13 09:00:00, the stock MBB opened at 23.75 VND, reached a high of 23.80 VND, a low of 23.65 VND, and closed the hour at 23.70 VND with a trading volume of 3,754,000 shares."
2025-11-13 10:00:00,23.7,23.75,23.6,23.65,3386800,MBB,"At 2025-11-13 10:00:00, the stock MBB opened at 23.70 VND, reached a high of 23.75 VND, a low of 23.60 VND, and closed the hour at 23.65 VND with a trading volume of 3,386,800 shares."
2025-11-13 11:00:00,23.7,23.7,23.6,23.65,2238400,MBB,"At 2025-11-13 11:00:00, the stock MBB opened at 23.70 VND, reached a high of 23.70 VND, a low of 23.60 VND, and closed the hour at 23.65 VND with a trading volume of 2,238,400 shares."
2025-11-13 13:00:00,23.65,23.7,23.5,23.55,5965800,MBB,"At 2025-11-13 13:00:00, the stock MBB opened at 23.65 VND, reached a high of 23.70 VND, a low of 23.50 VND, and closed the hour at 23.55 VND with a trading volume of 5,965,800 shares."
2025-11-13 14:00:00,23.55,23.6,23.5,23.5,4286300,MBB,"At 2025-11-13 14:00:00, the stock MBB opened at 23.55 VND, reached a high of 23.60 VND, a low of 23.50 VND, and closed the hour at 23.50 VND with a trading volume of 4,286,300 shares."
2025-11-14 09:00:00,23.45,23.65,23.35,23.5,2652100,MBB,"At 2025-11-14 09:00:00, the stock MBB opened at 23.45 VND, reached a high of 23.65 VND, a low of 23.35 VND, and closed the hour at 23.50 VND with a trading volume of 2,652,100 shares."
2025-11-14 10:00:00,23.5,23.5,23.3,23.35,3151900,MBB,"At 2025-11-14 10:00:00, the stock MBB opened at 23.50 VND, reached a high of 23.50 VND, a low of 23.30 VND, and closed the hour at 23.35 VND with a trading volume of 3,151,900 shares."
2025-11-14 11:00:00,23.35,23.5,23.3,23.5,1409100,MBB,"At 2025-11-14 11:00:00, the stock MBB opened at 23.35 VND, reached a high of 23.50 VND, a low of 23.30 VND, and closed the hour at 23.50 VND with a trading volume of 1,409,100 shares."
2025-11-14 13:00:00,23.5,23.6,23.4,23.55,5818100,MBB,"At 2025-11-14 13:00:00, the stock MBB opened at 23.50 VND, reached a high of 23.60 VND, a low of 23.40 VND, and closed the hour at 23.55 VND with a trading volume of 5,818,100 shares."
2025-11-14 14:00:00,23.55,23.65,23.45,23.5,3529600,MBB,"At 2025-11-14 14:00:00, the stock MBB opened at 23.55 VND, reached a high of 23.65 VND, a low of 23.45 VND, and closed the hour at 23.50 VND with a trading volume of 3,529,600 shares."
2025-11-17 09:00:00,23.6,23.75,23.6,23.65,2756700,MBB,"At 2025-11-17 09:00:00, the stock MBB opened at 23.60 VND, reached a high of 23.75 VND, a low of 23.60 VND, and closed the hour at 23.65 VND with a trading volume of 2,756,700 shares."
2025-11-17 10:00:00,23.7,23.7,23.6,23.7,3238500,MBB,"At 2025-11-17 10:00:00, the stock MBB opened at 23.70 VND, reached a high of 23.70 VND, a low of 23.60 VND, and closed the hour at 23.70 VND with a trading volume of 3,238,500 shares."
2025-11-17 11:00:00,23.65,23.9,23.65,23.85,3488900,MBB,"At 2025-11-17 11:00:00, the stock MBB opened at 23.65 VND, reached a high of 23.90 VND, a low of 23.65 VND, and closed the hour at 23.85 VND with a trading volume of 3,488,900 shares."
2025-11-17 13:00:00,23.85,23.95,23.7,23.85,5044400,MBB,"At 2025-11-17 13:00:00, the stock MBB opened at 23.85 VND, reached a high of 23.95 VND, a low of 23.70 VND, and closed the hour at 23.85 VND with a trading volume of 5,044,400 shares."
2025-11-17 14:00:00,23.85,23.9,23.8,23.8,2314900,MBB,"At 2025-11-17 14:00:00, the stock MBB opened at 23.85 VND, reached a high of 23.90 VND, a low of 23.80 VND, and closed the hour at 23.80 VND with a trading volume of 2,314,900 shares."
2025-11-18 09:00:00,23.8,23.95,23.7,23.9,4455800,MBB,"At 2025-11-18 09:00:00, the stock MBB opened at 23.80 VND, reached a high of 23.95 VND, a low of 23.70 VND, and closed the hour at 23.90 VND with a trading volume of 4,455,800 shares."
2025-11-18 10:00:00,23.9,23.9,23.75,23.8,3694100,MBB,"At 2025-11-18 10:00:00, the stock MBB opened at 23.90 VND, reached a high of 23.90 VND, a low of 23.75 VND, and closed the hour at 23.80 VND with a trading volume of 3,694,100 shares."
2025-11-18 11:00:00,23.8,23.85,23.75,23.85,1493700,MBB,"At 2025-11-18 11:00:00, the stock MBB opened at 23.80 VND, reached a high of 23.85 VND, a low of 23.75 VND, and closed the hour at 23.85 VND with a trading volume of 1,493,700 shares."
2025-11-18 13:00:00,23.85,23.85,23.7,23.75,5719300,MBB,"At 2025-11-18 13:00:00, the stock MBB opened at 23.85 VND, reached a high of 23.85 VND, a low of 23.70 VND, and closed the hour at 23.75 VND with a trading volume of 5,719,300 shares."
2025-11-18 14:00:00,23.75,23.85,23.7,23.7,4130000,MBB,"At 2025-11-18 14:00:00, the stock MBB opened at 23.75 VND, reached a high of 23.85 VND, a low of 23.70 VND, and closed the hour at 23.70 VND with a trading volume of 4,130,000 shares."
2025-11-19 09:00:00,23.75,23.8,23.7,23.7,2409500,MBB,"At 2025-11-19 09:00:00, the stock MBB opened at 23.75 VND, reached a high of 23.80 VND, a low of 23.70 VND, and closed the hour at 23.70 VND with a trading volume of 2,409,500 shares."
2025-11-19 10:00:00,23.7,23.75,23.55,23.65,4421600,MBB,"At 2025-11-19 10:00:00, the stock MBB opened at 23.70 VND, reached a high of 23.75 VND, a low of 23.55 VND, and closed the hour at 23.65 VND with a trading volume of 4,421,600 shares."
2025-11-19 11:00:00,23.6,23.7,23.6,23.6,761500,MBB,"At 2025-11-19 11:00:00, the stock MBB opened at 23.60 VND, reached a high of 23.70 VND, a low of 23.60 VND, and closed the hour at 23.60 VND with a trading volume of 761,500 shares."
2025-11-19 13:00:00,23.6,23.65,23.55,23.55,2858200,MBB,"At 2025-11-19 13:00:00, the stock MBB opened at 23.60 VND, reached a high of 23.65 VND, a low of 23.55 VND, and closed the hour at 23.55 VND with a trading volume of 2,858,200 shares."
2025-11-19 14:00:00,23.55,23.6,23.4,23.5,6130900,MBB,"At 2025-11-19 14:00:00, the stock MBB opened at 23.55 VND, reached a high of 23.60 VND, a low of 23.40 VND, and closed the hour at 23.50 VND with a trading volume of 6,130,900 shares."
2025-11-20 09:00:00,23.7,23.7,23.5,23.65,1482700,MBB,"At 2025-11-20 09:00:00, the stock MBB opened at 23.70 VND, reached a high of 23.70 VND, a low of 23.50 VND, and closed the hour at 23.65 VND with a trading volume of 1,482,700 shares."
2025-11-20 10:00:00,23.6,23.65,23.45,23.5,2671800,MBB,"At 2025-11-20 10:00:00, the stock MBB opened at 23.60 VND, reached a high of 23.65 VND, a low of 23.45 VND, and closed the hour at 23.50 VND with a trading volume of 2,671,800 shares."
2025-11-20 11:00:00,23.55,23.55,23.45,23.45,636100,MBB,"At 2025-11-20 11:00:00, the stock MBB opened at 23.55 VND, reached a high of 23.55 VND, a low of 23.45 VND, and closed the hour at 23.45 VND with a trading volume of 636,100 shares."
2025-11-20 13:00:00,23.45,23.5,23.3,23.35,3689400,MBB,"At 2025-11-20 13:00:00, the stock MBB opened at 23.45 VND, reached a high of 23.50 VND, a low of 23.30 VND, and closed the hour at 23.35 VND with a trading volume of 3,689,400 shares."
2025-11-20 14:00:00,23.3,23.45,23.3,23.35,5142300,MBB,"At 2025-11-20 14:00:00, the stock MBB opened at 23.30 VND, reached a high of 23.45 VND, a low of 23.30 VND, and closed the hour at 23.35 VND with a trading volume of 5,142,300 shares."
2025-11-21 09:00:00,23.25,23.25,23.1,23.2,4035500,MBB,"At 2025-11-21 09:00:00, the stock MBB opened at 23.25 VND, reached a high of 23.25 VND, a low of 23.10 VND, and closed the hour at 23.20 VND with a trading volume of 4,035,500 shares."
2025-11-21 10:00:00,23.2,23.2,23.05,23.05,6773700,MBB,"At 2025-11-21 10:00:00, the stock MBB opened at 23.20 VND, reached a high of 23.20 VND, a low of 23.05 VND, and closed the hour at 23.05 VND with a trading volume of 6,773,700 shares."
2025-11-21 11:00:00,23.05,23.1,23.0,23.05,5741500,MBB,"At 2025-11-21 11:00:00, the stock MBB opened at 23.05 VND, reached a high of 23.10 VND, a low of 23.00 VND, and closed the hour at 23.05 VND with a trading volume of 5,741,500 shares."
2025-11-21 13:00:00,23.05,23.15,23.0,23.1,5083000,MBB,"At 2025-11-21 13:00:00, the stock MBB opened at 23.05 VND, reached a high of 23.15 VND, a low of 23.00 VND, and closed the hour at 23.10 VND with a trading volume of 5,083,000 shares."
2025-11-21 14:00:00,23.1,23.2,23.05,23.2,5035300,MBB,"At 2025-11-21 14:00:00, the stock MBB opened at 23.10 VND, reached a high of 23.20 VND, a low of 23.05 VND, and closed the hour at 23.20 VND with a trading volume of 5,035,300 shares."
2025-11-24 09:00:00,23.25,23.4,23.25,23.3,1457200,MBB,"At 2025-11-24 09:00:00, the stock MBB opened at 23.25 VND, reached a high of 23.40 VND, a low of 23.25 VND, and closed the hour at 23.30 VND with a trading volume of 1,457,200 shares."
2025-11-24 10:00:00,23.35,23.35,23.05,23.15,2770000,MBB,"At 2025-11-24 10:00:00, the stock MBB opened at 23.35 VND, reached a high of 23.35 VND, a low of 23.05 VND, and closed the hour at 23.15 VND with a trading volume of 2,770,000 shares."
2025-11-24 11:00:00,23.15,23.2,23.1,23.15,1282200,MBB,"At 2025-11-24 11:00:00, the stock MBB opened at 23.15 VND, reached a high of 23.20 VND, a low of 23.10 VND, and closed the hour at 23.15 VND with a trading volume of 1,282,200 shares."
2025-11-24 13:00:00,23.15,23.2,23.1,23.2,2621300,MBB,"At 2025-11-24 13:00:00, the stock MBB opened at 23.15 VND, reached a high of 23.20 VND, a low of 23.10 VND, and closed the hour at 23.20 VND with a trading volume of 2,621,300 shares."
2025-11-24 14:00:00,23.15,23.25,23.1,23.15,2400300,MBB,"At 2025-11-24 14:00:00, the stock MBB opened at 23.15 VND, reached a high of 23.25 VND, a low of 23.10 VND, and closed the hour at 23.15 VND with a trading volume of 2,400,300 shares."
2025-11-25 09:00:00,23.2,23.3,23.1,23.15,1646700,MBB,"At 2025-11-25 09:00:00, the stock MBB opened at 23.20 VND, reached a high of 23.30 VND, a low of 23.10 VND, and closed the hour at 23.15 VND with a trading volume of 1,646,700 shares."
2025-11-25 10:00:00,23.15,23.2,23.1,23.15,2178100,MBB,"At 2025-11-25 10:00:00, the stock MBB opened at 23.15 VND, reached a high of 23.20 VND, a low of 23.10 VND, and closed the hour at 23.15 VND with a trading volume of 2,178,100 shares."
2025-11-25 11:00:00,23.15,23.15,23.0,23.1,2041200,MBB,"At 2025-11-25 11:00:00, the stock MBB opened at 23.15 VND, reached a high of 23.15 VND, a low of 23.00 VND, and closed the hour at 23.10 VND with a trading volume of 2,041,200 shares."
2025-11-25 13:00:00,23.1,23.1,23.0,23.05,4388800,MBB,"At 2025-11-25 13:00:00, the stock MBB opened at 23.10 VND, reached a high of 23.10 VND, a low of 23.00 VND, and closed the hour at 23.05 VND with a trading volume of 4,388,800 shares."
2025-11-25 14:00:00,23.05,23.1,22.8,22.85,8247900,MBB,"At 2025-11-25 14:00:00, the stock MBB opened at 23.05 VND, reached a high of 23.10 VND, a low of 22.80 VND, and closed the hour at 22.85 VND with a trading volume of 8,247,900 shares."
2025-11-26 09:00:00,22.9,23.15,22.85,23.1,3369600,MBB,"At 2025-11-26 09:00:00, the stock MBB opened at 22.90 VND, reached a high of 23.15 VND, a low of 22.85 VND, and closed the hour at 23.10 VND with a trading volume of 3,369,600 shares."
2025-11-26 10:00:00,23.1,23.2,22.9,22.95,4484300,MBB,"At 2025-11-26 10:00:00, the stock MBB opened at 23.10 VND, reached a high of 23.20 VND, a low of 22.90 VND, and closed the hour at 22.95 VND with a trading volume of 4,484,300 shares."
2025-11-26 11:00:00,22.95,23.05,22.9,23.05,986000,MBB,"At 2025-11-26 11:00:00, the stock MBB opened at 22.95 VND, reached a high of 23.05 VND, a low of 22.90 VND, and closed the hour at 23.05 VND with a trading volume of 986,000 shares."
2025-11-26 13:00:00,23.05,23.45,23.0,23.2,8444400,MBB,"At 2025-11-26 13:00:00, the stock MBB opened at 23.05 VND, reached a high of 23.45 VND, a low of 23.00 VND, and closed the hour at 23.20 VND with a trading volume of 8,444,400 shares."
2025-11-26 14:00:00,23.2,23.3,23.15,23.25,4351000,MBB,"At 2025-11-26 14:00:00, the stock MBB opened at 23.20 VND, reached a high of 23.30 VND, a low of 23.15 VND, and closed the hour at 23.25 VND with a trading volume of 4,351,000 shares."
2025-11-27 09:00:00,23.35,23.65,23.3,23.55,6020100,MBB,"At 2025-11-27 09:00:00, the stock MBB opened at 23.35 VND, reached a high of 23.65 VND, a low of 23.30 VND, and closed the hour at 23.55 VND with a trading volume of 6,020,100 shares."
2025-11-27 10:00:00,23.55,23.65,23.45,23.6,4615900,MBB,"At 2025-11-27 10:00:00, the stock MBB opened at 23.55 VND, reached a high of 23.65 VND, a low of 23.45 VND, and closed the hour at 23.60 VND with a trading volume of 4,615,900 shares."
2025-11-27 11:00:00,23.65,23.65,23.5,23.55,1572500,MBB,"At 2025-11-27 11:00:00, the stock MBB opened at 23.65 VND, reached a high of 23.65 VND, a low of 23.50 VND, and closed the hour at 23.55 VND with a trading volume of 1,572,500 shares."
2025-11-27 13:00:00,23.55,23.6,23.45,23.55,6483300,MBB,"At 2025-11-27 13:00:00, the stock MBB opened at 23.55 VND, reached a high of 23.60 VND, a low of 23.45 VND, and closed the hour at 23.55 VND with a trading volume of 6,483,300 shares."
2025-11-27 14:00:00,23.55,23.6,23.4,23.5,4200500,MBB,"At 2025-11-27 14:00:00, the stock MBB opened at 23.55 VND, reached a high of 23.60 VND, a low of 23.40 VND, and closed the hour at 23.50 VND with a trading volume of 4,200,500 shares."
2025-11-28 09:00:00,23.5,23.5,23.3,23.4,1678200,MBB,"At 2025-11-28 09:00:00, the stock MBB opened at 23.50 VND, reached a high of 23.50 VND, a low of 23.30 VND, and closed the hour at 23.40 VND with a trading volume of 1,678,200 shares."
2025-11-28 10:00:00,23.45,23.45,23.35,23.45,1933300,MBB,"At 2025-11-28 10:00:00, the stock MBB opened at 23.45 VND, reached a high of 23.45 VND, a low of 23.35 VND, and closed the hour at 23.45 VND with a trading volume of 1,933,300 shares."
2025-11-28 11:00:00,23.45,23.45,23.35,23.4,1172900,MBB,"At 2025-11-28 11:00:00, the stock MBB opened at 23.45 VND, reached a high of 23.45 VND, a low of 23.35 VND, and closed the hour at 23.40 VND with a trading volume of 1,172,900 shares."
2025-11-28 13:00:00,23.4,23.45,23.3,23.3,3494200,MBB,"At 2025-11-28 13:00:00, the stock MBB opened at 23.40 VND, reached a high of 23.45 VND, a low of 23.30 VND, and closed the hour at 23.30 VND with a trading volume of 3,494,200 shares."
2025-11-28 14:00:00,23.3,23.35,23.25,23.25,3480800,MBB,"At 2025-11-28 14:00:00, the stock MBB opened at 23.30 VND, reached a high of 23.35 VND, a low of 23.25 VND, and closed the hour at 23.25 VND with a trading volume of 3,480,800 shares."
2025-12-01 09:00:00,23.3,23.4,23.25,23.3,1756500,MBB,"At 2025-12-01 09:00:00, the stock MBB opened at 23.30 VND, reached a high of 23.40 VND, a low of 23.25 VND, and closed the hour at 23.30 VND with a trading volume of 1,756,500 shares."
2025-12-01 10:00:00,23.3,23.35,23.25,23.3,1289200,MBB,"At 2025-12-01 10:00:00, the stock MBB opened at 23.30 VND, reached a high of 23.35 VND, a low of 23.25 VND, and closed the hour at 23.30 VND with a trading volume of 1,289,200 shares."
2025-12-01 11:00:00,23.3,23.35,23.25,23.25,513200,MBB,"At 2025-12-01 11:00:00, the stock MBB opened at 23.30 VND, reached a high of 23.35 VND, a low of 23.25 VND, and closed the hour at 23.25 VND with a trading volume of 513,200 shares."
2025-12-01 13:00:00,23.25,23.35,23.25,23.25,1902800,MBB,"At 2025-12-01 13:00:00, the stock MBB opened at 23.25 VND, reached a high of 23.35 VND, a low of 23.25 VND, and closed the hour at 23.25 VND with a trading volume of 1,902,800 shares."
2025-12-01 14:00:00,23.3,23.3,23.2,23.2,2334600,MBB,"At 2025-12-01 14:00:00, the stock MBB opened at 23.30 VND, reached a high of 23.30 VND, a low of 23.20 VND, and closed the hour at 23.20 VND with a trading volume of 2,334,600 shares."
2025-12-02 09:00:00,23.2,23.35,23.15,23.2,1840000,MBB,"At 2025-12-02 09:00:00, the stock MBB opened at 23.20 VND, reached a high of 23.35 VND, a low of 23.15 VND, and closed the hour at 23.20 VND with a trading volume of 1,840,000 shares."
2025-12-02 10:00:00,23.2,23.2,23.0,23.15,3720600,MBB,"At 2025-12-02 10:00:00, the stock MBB opened at 23.20 VND, reached a high of 23.20 VND, a low of 23.00 VND, and closed the hour at 23.15 VND with a trading volume of 3,720,600 shares."
2025-12-02 11:00:00,23.1,23.15,23.05,23.05,960100,MBB,"At 2025-12-02 11:00:00, the stock MBB opened at 23.10 VND, reached a high of 23.15 VND, a low of 23.05 VND, and closed the hour at 23.05 VND with a trading volume of 960,100 shares."
2025-12-02 13:00:00,23.05,23.3,23.05,23.3,5018700,MBB,"At 2025-12-02 13:00:00, the stock MBB opened at 23.05 VND, reached a high of 23.30 VND, a low of 23.05 VND, and closed the hour at 23.30 VND with a trading volume of 5,018,700 shares."
2025-12-02 14:00:00,23.3,23.6,23.25,23.55,7627000,MBB,"At 2025-12-02 14:00:00, the stock MBB opened at 23.30 VND, reached a high of 23.60 VND, a low of 23.25 VND, and closed the hour at 23.55 VND with a trading volume of 7,627,000 shares."
2025-12-03 09:00:00,23.55,23.8,23.55,23.65,6352100,MBB,"At 2025-12-03 09:00:00, the stock MBB opened at 23.55 VND, reached a high of 23.80 VND, a low of 23.55 VND, and closed the hour at 23.65 VND with a trading volume of 6,352,100 shares."
2025-12-03 10:00:00,23.7,23.75,23.65,23.75,3386700,MBB,"At 2025-12-03 10:00:00, the stock MBB opened at 23.70 VND, reached a high of 23.75 VND, a low of 23.65 VND, and closed the hour at 23.75 VND with a trading volume of 3,386,700 shares."
2025-12-03 11:00:00,23.7,23.95,23.7,23.85,7377600,MBB,"At 2025-12-03 11:00:00, the stock MBB opened at 23.70 VND, reached a high of 23.95 VND, a low of 23.70 VND, and closed the hour at 23.85 VND with a trading volume of 7,377,600 shares."
2025-12-03 13:00:00,23.85,24.45,23.8,24.4,26065200,MBB,"At 2025-12-03 13:00:00, the stock MBB opened at 23.85 VND, reached a high of 24.45 VND, a low of 23.80 VND, and closed the hour at 24.40 VND with a trading volume of 26,065,200 shares."
2025-12-03 14:00:00,24.45,24.6,24.4,24.55,13493300,MBB,"At 2025-12-03 14:00:00, the stock MBB opened at 24.45 VND, reached a high of 24.60 VND, a low of 24.40 VND, and closed the hour at 24.55 VND with a trading volume of 13,493,300 shares."
2025-12-04 09:00:00,24.8,25.2,24.8,25.1,21974900,MBB,"At 2025-12-04 09:00:00, the stock MBB opened at 24.80 VND, reached a high of 25.20 VND, a low of 24.80 VND, and closed the hour at 25.10 VND with a trading volume of 21,974,900 shares."
2025-12-04 10:00:00,25.15,25.45,25.05,25.4,18813500,MBB,"At 2025-12-04 10:00:00, the stock MBB opened at 25.15 VND, reached a high of 25.45 VND, a low of 25.05 VND, and closed the hour at 25.40 VND with a trading volume of 18,813,500 shares."
2025-12-04 11:00:00,25.4,25.45,25.3,25.45,5231800,MBB,"At 2025-12-04 11:00:00, the stock MBB opened at 25.40 VND, reached a high of 25.45 VND, a low of 25.30 VND, and closed the hour at 25.45 VND with a trading volume of 5,231,800 shares."
2025-12-04 13:00:00,25.45,26.0,25.4,25.65,26515200,MBB,"At 2025-12-04 13:00:00, the stock MBB opened at 25.45 VND, reached a high of 26.00 VND, a low of 25.40 VND, and closed the hour at 25.65 VND with a trading volume of 26,515,200 shares."
2025-12-04 14:00:00,25.6,25.7,25.5,25.7,8370800,MBB,"At 2025-12-04 14:00:00, the stock MBB opened at 25.60 VND, reached a high of 25.70 VND, a low of 25.50 VND, and closed the hour at 25.70 VND with a trading volume of 8,370,800 shares."
2025-12-05 09:00:00,25.8,25.8,25.1,25.15,6784100,MBB,"At 2025-12-05 09:00:00, the stock MBB opened at 25.80 VND, reached a high of 25.80 VND, a low of 25.10 VND, and closed the hour at 25.15 VND with a trading volume of 6,784,100 shares."
2025-12-05 10:00:00,25.15,25.25,25.1,25.2,4212300,MBB,"At 2025-12-05 10:00:00, the stock MBB opened at 25.15 VND, reached a high of 25.25 VND, a low of 25.10 VND, and closed the hour at 25.20 VND with a trading volume of 4,212,300 shares."
2025-12-05 11:00:00,25.2,25.3,25.15,25.25,1525700,MBB,"At 2025-12-05 11:00:00, the stock MBB opened at 25.20 VND, reached a high of 25.30 VND, a low of 25.15 VND, and closed the hour at 25.25 VND with a trading volume of 1,525,700 shares."
2025-12-05 13:00:00,25.25,25.4,25.1,25.3,9957700,MBB,"At 2025-12-05 13:00:00, the stock MBB opened at 25.25 VND, reached a high of 25.40 VND, a low of 25.10 VND, and closed the hour at 25.30 VND with a trading volume of 9,957,700 shares."
2025-12-05 14:00:00,25.3,25.3,25.15,25.15,6964700,MBB,"At 2025-12-05 14:00:00, the stock MBB opened at 25.30 VND, reached a high of 25.30 VND, a low of 25.15 VND, and closed the hour at 25.15 VND with a trading volume of 6,964,700 shares."
2025-12-08 09:00:00,25.0,25.2,24.85,25.15,4472400,MBB,"At 2025-12-08 09:00:00, the stock MBB opened at 25.00 VND, reached a high of 25.20 VND, a low of 24.85 VND, and closed the hour at 25.15 VND with a trading volume of 4,472,400 shares."
2025-12-08 10:00:00,25.2,25.55,25.15,25.2,5340000,MBB,"At 2025-12-08 10:00:00, the stock MBB opened at 25.20 VND, reached a high of 25.55 VND, a low of 25.15 VND, and closed the hour at 25.20 VND with a trading volume of 5,340,000 shares."
2025-12-08 11:00:00,25.25,25.3,25.2,25.25,1403900,MBB,"At 2025-12-08 11:00:00, the stock MBB opened at 25.25 VND, reached a high of 25.30 VND, a low of 25.20 VND, and closed the hour at 25.25 VND with a trading volume of 1,403,900 shares."
2025-12-08 13:00:00,25.25,25.35,25.15,25.15,6626700,MBB,"At 2025-12-08 13:00:00, the stock MBB opened at 25.25 VND, reached a high of 25.35 VND, a low of 25.15 VND, and closed the hour at 25.15 VND with a trading volume of 6,626,700 shares."
2025-12-08 14:00:00,25.15,25.3,25.05,25.3,4773800,MBB,"At 2025-12-08 14:00:00, the stock MBB opened at 25.15 VND, reached a high of 25.30 VND, a low of 25.05 VND, and closed the hour at 25.30 VND with a trading volume of 4,773,800 shares."
2025-12-09 09:00:00,25.05,25.2,24.7,24.7,5504200,MBB,"At 2025-12-09 09:00:00, the stock MBB opened at 25.05 VND, reached a high of 25.20 VND, a low of 24.70 VND, and closed the hour at 24.70 VND with a trading volume of 5,504,200 shares."
2025-12-09 10:00:00,24.7,24.75,24.4,24.45,10882200,MBB,"At 2025-12-09 10:00:00, the stock MBB opened at 24.70 VND, reached a high of 24.75 VND, a low of 24.40 VND, and closed the hour at 24.45 VND with a trading volume of 10,882,200 shares."
2025-12-09 11:00:00,24.4,24.55,24.4,24.5,2433600,MBB,"At 2025-12-09 11:00:00, the stock MBB opened at 24.40 VND, reached a high of 24.55 VND, a low of 24.40 VND, and closed the hour at 24.50 VND with a trading volume of 2,433,600 shares."
2025-12-09 13:00:00,24.5,24.85,24.35,24.85,9051600,MBB,"At 2025-12-09 13:00:00, the stock MBB opened at 24.50 VND, reached a high of 24.85 VND, a low of 24.35 VND, and closed the hour at 24.85 VND with a trading volume of 9,051,600 shares."
2025-12-09 14:00:00,24.8,25.0,24.6,24.7,6507300,MBB,"At 2025-12-09 14:00:00, the stock MBB opened at 24.80 VND, reached a high of 25.00 VND, a low of 24.60 VND, and closed the hour at 24.70 VND with a trading volume of 6,507,300 shares."
2025-12-10 09:00:00,24.7,25.05,24.6,24.95,2395900,MBB,"At 2025-12-10 09:00:00, the stock MBB opened at 24.70 VND, reached a high of 25.05 VND, a low of 24.60 VND, and closed the hour at 24.95 VND with a trading volume of 2,395,900 shares."
2025-12-10 10:00:00,24.95,25.0,24.85,24.95,2227700,MBB,"At 2025-12-10 10:00:00, the stock MBB opened at 24.95 VND, reached a high of 25.00 VND, a low of 24.85 VND, and closed the hour at 24.95 VND with a trading volume of 2,227,700 shares."
2025-12-10 11:00:00,24.9,25.0,24.9,24.95,1031100,MBB,"At 2025-12-10 11:00:00, the stock MBB opened at 24.90 VND, reached a high of 25.00 VND, a low of 24.90 VND, and closed the hour at 24.95 VND with a trading volume of 1,031,100 shares."
2025-12-10 13:00:00,24.9,25.3,24.85,25.3,8937400,MBB,"At 2025-12-10 13:00:00, the stock MBB opened at 24.90 VND, reached a high of 25.30 VND, a low of 24.85 VND, and closed the hour at 25.30 VND with a trading volume of 8,937,400 shares."
2025-12-10 14:00:00,25.3,25.45,25.15,25.15,11273200,MBB,"At 2025-12-10 14:00:00, the stock MBB opened at 25.30 VND, reached a high of 25.45 VND, a low of 25.15 VND, and closed the hour at 25.15 VND with a trading volume of 11,273,200 shares."
2025-12-11 09:00:00,25.25,25.3,25.1,25.1,1658100,MBB,"At 2025-12-11 09:00:00, the stock MBB opened at 25.25 VND, reached a high of 25.30 VND, a low of 25.10 VND, and closed the hour at 25.10 VND with a trading volume of 1,658,100 shares."
2025-12-11 10:00:00,25.15,25.2,25.1,25.15,2428000,MBB,"At 2025-12-11 10:00:00, the stock MBB opened at 25.15 VND, reached a high of 25.20 VND, a low of 25.10 VND, and closed the hour at 25.15 VND with a trading volume of 2,428,000 shares."
2025-12-11 11:00:00,25.15,25.2,25.1,25.2,727200,MBB,"At 2025-12-11 11:00:00, the stock MBB opened at 25.15 VND, reached a high of 25.20 VND, a low of 25.10 VND, and closed the hour at 25.20 VND with a trading volume of 727,200 shares."
2025-12-11 13:00:00,25.15,25.2,24.85,24.95,5449800,MBB,"At 2025-12-11 13:00:00, the stock MBB opened at 25.15 VND, reached a high of 25.20 VND, a low of 24.85 VND, and closed the hour at 24.95 VND with a trading volume of 5,449,800 shares."
2025-12-11 14:00:00,24.95,25.0,24.7,24.85,4927500,MBB,"At 2025-12-11 14:00:00, the stock MBB opened at 24.95 VND, reached a high of 25.00 VND, a low of 24.70 VND, and closed the hour at 24.85 VND with a trading volume of 4,927,500 shares."
2025-12-12 09:00:00,24.9,24.95,24.65,24.7,1950900,MBB,"At 2025-12-12 09:00:00, the stock MBB opened at 24.90 VND, reached a high of 24.95 VND, a low of 24.65 VND, and closed the hour at 24.70 VND with a trading volume of 1,950,900 shares."
2025-12-12 10:00:00,24.7,24.75,24.5,24.5,3714800,MBB,"At 2025-12-12 10:00:00, the stock MBB opened at 24.70 VND, reached a high of 24.75 VND, a low of 24.50 VND, and closed the hour at 24.50 VND with a trading volume of 3,714,800 shares."
2025-12-12 11:00:00,24.5,24.6,24.45,24.5,1745100,MBB,"At 2025-12-12 11:00:00, the stock MBB opened at 24.50 VND, reached a high of 24.60 VND, a low of 24.45 VND, and closed the hour at 24.50 VND with a trading volume of 1,745,100 shares."
2025-12-12 13:00:00,24.5,24.55,24.3,24.4,4076000,MBB,"At 2025-12-12 13:00:00, the stock MBB opened at 24.50 VND, reached a high of 24.55 VND, a low of 24.30 VND, and closed the hour at 24.40 VND with a trading volume of 4,076,000 shares."
2025-12-12 14:00:00,24.4,24.55,24.0,24.0,10362400,MBB,"At 2025-12-12 14:00:00, the stock MBB opened at 24.40 VND, reached a high of 24.55 VND, a low of 24.00 VND, and closed the hour at 24.00 VND with a trading volume of 10,362,400 shares."
2025-12-15 09:00:00,24.0,24.2,23.9,24.1,4156300,MBB,"At 2025-12-15 09:00:00, the stock MBB opened at 24.00 VND, reached a high of 24.20 VND, a low of 23.90 VND, and closed the hour at 24.10 VND with a trading volume of 4,156,300 shares."
2025-12-15 10:00:00,24.1,24.2,24.0,24.05,2797900,MBB,"At 2025-12-15 10:00:00, the stock MBB opened at 24.10 VND, reached a high of 24.20 VND, a low of 24.00 VND, and closed the hour at 24.05 VND with a trading volume of 2,797,900 shares."
2025-12-15 11:00:00,24.05,24.05,23.9,23.9,1361000,MBB,"At 2025-12-15 11:00:00, the stock MBB opened at 24.05 VND, reached a high of 24.05 VND, a low of 23.90 VND, and closed the hour at 23.90 VND with a trading volume of 1,361,000 shares."
2025-12-15 13:00:00,23.9,23.95,23.7,23.75,4296000,MBB,"At 2025-12-15 13:00:00, the stock MBB opened at 23.90 VND, reached a high of 23.95 VND, a low of 23.70 VND, and closed the hour at 23.75 VND with a trading volume of 4,296,000 shares."
2025-12-15 14:00:00,23.75,23.9,23.65,23.75,3411900,MBB,"At 2025-12-15 14:00:00, the stock MBB opened at 23.75 VND, reached a high of 23.90 VND, a low of 23.65 VND, and closed the hour at 23.75 VND with a trading volume of 3,411,900 shares."
2025-12-16 09:00:00,23.85,23.95,23.75,23.75,1675200,MBB,"At 2025-12-16 09:00:00, the stock MBB opened at 23.85 VND, reached a high of 23.95 VND, a low of 23.75 VND, and closed the hour at 23.75 VND with a trading volume of 1,675,200 shares."
2025-12-16 10:00:00,23.8,23.8,23.5,23.7,4626900,MBB,"At 2025-12-16 10:00:00, the stock MBB opened at 23.80 VND, reached a high of 23.80 VND, a low of 23.50 VND, and closed the hour at 23.70 VND with a trading volume of 4,626,900 shares."
2025-12-16 11:00:00,23.65,23.9,23.65,23.85,1531900,MBB,"At 2025-12-16 11:00:00, the stock MBB opened at 23.65 VND, reached a high of 23.90 VND, a low of 23.65 VND, and closed the hour at 23.85 VND with a trading volume of 1,531,900 shares."
2025-12-16 13:00:00,23.85,24.4,23.75,24.35,7537700,MBB,"At 2025-12-16 13:00:00, the stock MBB opened at 23.85 VND, reached a high of 24.40 VND, a low of 23.75 VND, and closed the hour at 24.35 VND with a trading volume of 7,537,700 shares."
2025-12-16 14:00:00,24.4,24.75,24.3,24.45,6050300,MBB,"At 2025-12-16 14:00:00, the stock MBB opened at 24.40 VND, reached a high of 24.75 VND, a low of 24.30 VND, and closed the hour at 24.45 VND with a trading volume of 6,050,300 shares."
2025-12-17 09:00:00,24.55,24.7,24.4,24.65,1962100,MBB,"At 2025-12-17 09:00:00, the stock MBB opened at 24.55 VND, reached a high of 24.70 VND, a low of 24.40 VND, and closed the hour at 24.65 VND with a trading volume of 1,962,100 shares."
2025-12-17 10:00:00,24.65,24.7,24.55,24.6,1315300,MBB,"At 2025-12-17 10:00:00, the stock MBB opened at 24.65 VND, reached a high of 24.70 VND, a low of 24.55 VND, and closed the hour at 24.60 VND with a trading volume of 1,315,300 shares."
2025-12-17 11:00:00,24.55,24.6,24.55,24.6,448500,MBB,"At 2025-12-17 11:00:00, the stock MBB opened at 24.55 VND, reached a high of 24.60 VND, a low of 24.55 VND, and closed the hour at 24.60 VND with a trading volume of 448,500 shares."
2025-12-17 13:00:00,24.55,24.6,24.35,24.5,3145800,MBB,"At 2025-12-17 13:00:00, the stock MBB opened at 24.55 VND, reached a high of 24.60 VND, a low of 24.35 VND, and closed the hour at 24.50 VND with a trading volume of 3,145,800 shares."
2025-12-17 14:00:00,24.5,24.6,24.35,24.4,2652900,MBB,"At 2025-12-17 14:00:00, the stock MBB opened at 24.50 VND, reached a high of 24.60 VND, a low of 24.35 VND, and closed the hour at 24.40 VND with a trading volume of 2,652,900 shares."
2025-12-18 09:00:00,24.3,24.5,24.3,24.35,848100,MBB,"At 2025-12-18 09:00:00, the stock MBB opened at 24.30 VND, reached a high of 24.50 VND, a low of 24.30 VND, and closed the hour at 24.35 VND with a trading volume of 848,100 shares."
2025-12-18 10:00:00,24.35,24.4,24.3,24.35,1022200,MBB,"At 2025-12-18 10:00:00, the stock MBB opened at 24.35 VND, reached a high of 24.40 VND, a low of 24.30 VND, and closed the hour at 24.35 VND with a trading volume of 1,022,200 shares."
2025-12-18 11:00:00,24.35,24.4,24.3,24.35,455700,MBB,"At 2025-12-18 11:00:00, the stock MBB opened at 24.35 VND, reached a high of 24.40 VND, a low of 24.30 VND, and closed the hour at 24.35 VND with a trading volume of 455,700 shares."
2025-12-18 13:00:00,24.35,24.6,24.25,24.55,4629000,MBB,"At 2025-12-18 13:00:00, the stock MBB opened at 24.35 VND, reached a high of 24.60 VND, a low of 24.25 VND, and closed the hour at 24.55 VND with a trading volume of 4,629,000 shares."
2025-12-18 14:00:00,24.6,24.7,24.5,24.65,6002300,MBB,"At 2025-12-18 14:00:00, the stock MBB opened at 24.60 VND, reached a high of 24.70 VND, a low of 24.50 VND, and closed the hour at 24.65 VND with a trading volume of 6,002,300 shares."
2025-12-19 09:00:00,24.65,24.7,24.55,24.65,2000500,MBB,"At 2025-12-19 09:00:00, the stock MBB opened at 24.65 VND, reached a high of 24.70 VND, a low of 24.55 VND, and closed the hour at 24.65 VND with a trading volume of 2,000,500 shares."
2025-12-19 10:00:00,24.65,24.7,24.55,24.55,2143900,MBB,"At 2025-12-19 10:00:00, the stock MBB opened at 24.65 VND, reached a high of 24.70 VND, a low of 24.55 VND, and closed the hour at 24.55 VND with a trading volume of 2,143,900 shares."
2025-12-19 11:00:00,24.55,24.6,24.55,24.55,448200,MBB,"At 2025-12-19 11:00:00, the stock MBB opened at 24.55 VND, reached a high of 24.60 VND, a low of 24.55 VND, and closed the hour at 24.55 VND with a trading volume of 448,200 shares."
2025-12-19 13:00:00,24.55,24.7,24.5,24.6,2372800,MBB,"At 2025-12-19 13:00:00, the stock MBB opened at 24.55 VND, reached a high of 24.70 VND, a low of 24.50 VND, and closed the hour at 24.60 VND with a trading volume of 2,372,800 shares."
2025-12-19 14:00:00,24.6,24.7,24.55,24.7,3378200,MBB,"At 2025-12-19 14:00:00, the stock MBB opened at 24.60 VND, reached a high of 24.70 VND, a low of 24.55 VND, and closed the hour at 24.70 VND with a trading volume of 3,378,200 shares."
2025-12-22 09:00:00,24.85,24.95,24.75,24.8,2587500,MBB,"At 2025-12-22 09:00:00, the stock MBB opened at 24.85 VND, reached a high of 24.95 VND, a low of 24.75 VND, and closed the hour at 24.80 VND with a trading volume of 2,587,500 shares."
2025-12-22 10:00:00,24.8,24.85,24.65,24.85,2985000,MBB,"At 2025-12-22 10:00:00, the stock MBB opened at 24.80 VND, reached a high of 24.85 VND, a low of 24.65 VND, and closed the hour at 24.85 VND with a trading volume of 2,985,000 shares."
2025-12-22 11:00:00,24.85,25.4,24.8,25.2,8493700,MBB,"At 2025-12-22 11:00:00, the stock MBB opened at 24.85 VND, reached a high of 25.40 VND, a low of 24.80 VND, and closed the hour at 25.20 VND with a trading volume of 8,493,700 shares."
2025-12-22 13:00:00,25.2,25.35,25.15,25.25,8752900,MBB,"At 2025-12-22 13:00:00, the stock MBB opened at 25.20 VND, reached a high of 25.35 VND, a low of 25.15 VND, and closed the hour at 25.25 VND with a trading volume of 8,752,900 shares."
2025-12-22 14:00:00,25.25,25.3,25.15,25.25,3845000,MBB,"At 2025-12-22 14:00:00, the stock MBB opened at 25.25 VND, reached a high of 25.30 VND, a low of 25.15 VND, and closed the hour at 25.25 VND with a trading volume of 3,845,000 shares."
2025-12-23 09:00:00,25.35,25.65,25.3,25.4,6689300,MBB,"At 2025-12-23 09:00:00, the stock MBB opened at 25.35 VND, reached a high of 25.65 VND, a low of 25.30 VND, and closed the hour at 25.40 VND with a trading volume of 6,689,300 shares."
2025-12-23 10:00:00,25.4,25.45,25.25,25.3,4626300,MBB,"At 2025-12-23 10:00:00, the stock MBB opened at 25.40 VND, reached a high of 25.45 VND, a low of 25.25 VND, and closed the hour at 25.30 VND with a trading volume of 4,626,300 shares."
2025-12-23 11:00:00,25.3,25.4,25.25,25.35,953800,MBB,"At 2025-12-23 11:00:00, the stock MBB opened at 25.30 VND, reached a high of 25.40 VND, a low of 25.25 VND, and closed the hour at 25.35 VND with a trading volume of 953,800 shares."
2025-12-23 13:00:00,25.35,25.4,25.05,25.1,5481100,MBB,"At 2025-12-23 13:00:00, the stock MBB opened at 25.35 VND, reached a high of 25.40 VND, a low of 25.05 VND, and closed the hour at 25.10 VND with a trading volume of 5,481,100 shares."
2025-12-23 14:00:00,25.1,25.15,24.9,25.1,4245700,MBB,"At 2025-12-23 14:00:00, the stock MBB opened at 25.10 VND, reached a high of 25.15 VND, a low of 24.90 VND, and closed the hour at 25.10 VND with a trading volume of 4,245,700 shares."
2025-12-24 09:00:00,25.1,25.3,24.95,25.25,4424700,MBB,"At 2025-12-24 09:00:00, the stock MBB opened at 25.10 VND, reached a high of 25.30 VND, a low of 24.95 VND, and closed the hour at 25.25 VND with a trading volume of 4,424,700 shares."
2025-12-24 10:00:00,25.25,25.55,25.25,25.4,8898900,MBB,"At 2025-12-24 10:00:00, the stock MBB opened at 25.25 VND, reached a high of 25.55 VND, a low of 25.25 VND, and closed the hour at 25.40 VND with a trading volume of 8,898,900 shares."
2025-12-24 11:00:00,25.4,25.45,25.3,25.35,2155100,MBB,"At 2025-12-24 11:00:00, the stock MBB opened at 25.40 VND, reached a high of 25.45 VND, a low of 25.30 VND, and closed the hour at 25.35 VND with a trading volume of 2,155,100 shares."
2025-12-24 13:00:00,25.35,25.35,25.2,25.35,4586100,MBB,"At 2025-12-24 13:00:00, the stock MBB opened at 25.35 VND, reached a high of 25.35 VND, a low of 25.20 VND, and closed the hour at 25.35 VND with a trading volume of 4,586,100 shares."
2025-12-24 14:00:00,25.35,25.4,25.25,25.3,4729900,MBB,"At 2025-12-24 14:00:00, the stock MBB opened at 25.35 VND, reached a high of 25.40 VND, a low of 25.25 VND, and closed the hour at 25.30 VND with a trading volume of 4,729,900 shares."
2025-12-25 09:00:00,25.25,25.55,25.25,25.45,3598400,MBB,"At 2025-12-25 09:00:00, the stock MBB opened at 25.25 VND, reached a high of 25.55 VND, a low of 25.25 VND, and closed the hour at 25.45 VND with a trading volume of 3,598,400 shares."
2025-12-25 10:00:00,25.5,25.5,25.35,25.35,3683100,MBB,"At 2025-12-25 10:00:00, the stock MBB opened at 25.50 VND, reached a high of 25.50 VND, a low of 25.35 VND, and closed the hour at 25.35 VND with a trading volume of 3,683,100 shares."
2025-12-25 11:00:00,25.4,25.4,25.25,25.3,1597500,MBB,"At 2025-12-25 11:00:00, the stock MBB opened at 25.40 VND, reached a high of 25.40 VND, a low of 25.25 VND, and closed the hour at 25.30 VND with a trading volume of 1,597,500 shares."
2025-12-25 13:00:00,25.3,25.35,25.15,25.25,3704900,MBB,"At 2025-12-25 13:00:00, the stock MBB opened at 25.30 VND, reached a high of 25.35 VND, a low of 25.15 VND, and closed the hour at 25.25 VND with a trading volume of 3,704,900 shares."
2025-12-25 14:00:00,25.3,25.4,25.0,25.0,5342800,MBB,"At 2025-12-25 14:00:00, the stock MBB opened at 25.30 VND, reached a high of 25.40 VND, a low of 25.00 VND, and closed the hour at 25.00 VND with a trading volume of 5,342,800 shares."
2025-12-26 09:00:00,24.7,25.0,24.7,24.85,4840700,MBB,"At 2025-12-26 09:00:00, the stock MBB opened at 24.70 VND, reached a high of 25.00 VND, a low of 24.70 VND, and closed the hour at 24.85 VND with a trading volume of 4,840,700 shares."
2025-12-26 10:00:00,24.85,24.9,24.6,24.7,4620300,MBB,"At 2025-12-26 10:00:00, the stock MBB opened at 24.85 VND, reached a high of 24.90 VND, a low of 24.60 VND, and closed the hour at 24.70 VND with a trading volume of 4,620,300 shares."
2025-12-26 11:00:00,24.65,24.7,24.25,24.3,4325200,MBB,"At 2025-12-26 11:00:00, the stock MBB opened at 24.65 VND, reached a high of 24.70 VND, a low of 24.25 VND, and closed the hour at 24.30 VND with a trading volume of 4,325,200 shares."
2025-12-26 13:00:00,24.25,24.9,24.2,24.8,6823100,MBB,"At 2025-12-26 13:00:00, the stock MBB opened at 24.25 VND, reached a high of 24.90 VND, a low of 24.20 VND, and closed the hour at 24.80 VND with a trading volume of 6,823,100 shares."
2025-12-26 14:00:00,24.8,25.0,24.65,24.85,3760200,MBB,"At 2025-12-26 14:00:00, the stock MBB opened at 24.80 VND, reached a high of 25.00 VND, a low of 24.65 VND, and closed the hour at 24.85 VND with a trading volume of 3,760,200 shares."
2025-12-29 09:00:00,24.85,24.9,24.75,24.85,1653700,MBB,"At 2025-12-29 09:00:00, the stock MBB opened at 24.85 VND, reached a high of 24.90 VND, a low of 24.75 VND, and closed the hour at 24.85 VND with a trading volume of 1,653,700 shares."
2025-12-29 10:00:00,24.85,25.0,24.8,24.85,1748600,MBB,"At 2025-12-29 10:00:00, the stock MBB opened at 24.85 VND, reached a high of 25.00 VND, a low of 24.80 VND, and closed the hour at 24.85 VND with a trading volume of 1,748,600 shares."
2025-12-29 11:00:00,24.85,24.95,24.85,24.85,1008700,MBB,"At 2025-12-29 11:00:00, the stock MBB opened at 24.85 VND, reached a high of 24.95 VND, a low of 24.85 VND, and closed the hour at 24.85 VND with a trading volume of 1,008,700 shares."
2025-12-29 13:00:00,24.85,24.95,24.75,24.9,3844300,MBB,"At 2025-12-29 13:00:00, the stock MBB opened at 24.85 VND, reached a high of 24.95 VND, a low of 24.75 VND, and closed the hour at 24.90 VND with a trading volume of 3,844,300 shares."
2025-12-29 14:00:00,24.9,24.9,24.7,24.85,3192900,MBB,"At 2025-12-29 14:00:00, the stock MBB opened at 24.90 VND, reached a high of 24.90 VND, a low of 24.70 VND, and closed the hour at 24.85 VND with a trading volume of 3,192,900 shares."
2025-12-30 09:00:00,24.9,25.2,24.85,25.1,3270300,MBB,"At 2025-12-30 09:00:00, the stock MBB opened at 24.90 VND, reached a high of 25.20 VND, a low of 24.85 VND, and closed the hour at 25.10 VND with a trading volume of 3,270,300 shares."
2025-12-30 10:00:00,25.1,25.1,24.85,24.9,2197900,MBB,"At 2025-12-30 10:00:00, the stock MBB opened at 25.10 VND, reached a high of 25.10 VND, a low of 24.85 VND, and closed the hour at 24.90 VND with a trading volume of 2,197,900 shares."
2025-12-30 11:00:00,24.9,24.95,24.85,24.9,442000,MBB,"At 2025-12-30 11:00:00, the stock MBB opened at 24.90 VND, reached a high of 24.95 VND, a low of 24.85 VND, and closed the hour at 24.90 VND with a trading volume of 442,000 shares."
2025-12-30 13:00:00,24.9,25.0,24.85,24.9,2838700,MBB,"At 2025-12-30 13:00:00, the stock MBB opened at 24.90 VND, reached a high of 25.00 VND, a low of 24.85 VND, and closed the hour at 24.90 VND with a trading volume of 2,838,700 shares."
2025-12-30 14:00:00,24.85,25.0,24.85,25.0,3308000,MBB,"At 2025-12-30 14:00:00, the stock MBB opened at 24.85 VND, reached a high of 25.00 VND, a low of 24.85 VND, and closed the hour at 25.00 VND with a trading volume of 3,308,000 shares."
2025-12-31 09:00:00,25.0,25.2,24.95,25.05,2292200,MBB,"At 2025-12-31 09:00:00, the stock MBB opened at 25.00 VND, reached a high of 25.20 VND, a low of 24.95 VND, and closed the hour at 25.05 VND with a trading volume of 2,292,200 shares."
2025-12-31 10:00:00,25.05,25.15,24.95,25.05,2669600,MBB,"At 2025-12-31 10:00:00, the stock MBB opened at 25.05 VND, reached a high of 25.15 VND, a low of 24.95 VND, and closed the hour at 25.05 VND with a trading volume of 2,669,600 shares."
2025-12-31 11:00:00,25.05,25.05,24.95,25.0,916300,MBB,"At 2025-12-31 11:00:00, the stock MBB opened at 25.05 VND, reached a high of 25.05 VND, a low of 24.95 VND, and closed the hour at 25.00 VND with a trading volume of 916,300 shares."
2025-12-31 13:00:00,25.0,25.3,24.95,25.1,6956400,MBB,"At 2025-12-31 13:00:00, the stock MBB opened at 25.00 VND, reached a high of 25.30 VND, a low of 24.95 VND, and closed the hour at 25.10 VND with a trading volume of 6,956,400 shares."
2025-12-31 14:00:00,25.1,25.3,25.05,25.3,10990300,MBB,"At 2025-12-31 14:00:00, the stock MBB opened at 25.10 VND, reached a high of 25.30 VND, a low of 25.05 VND, and closed the hour at 25.30 VND with a trading volume of 10,990,300 shares."
2026-01-05 09:00:00,25.35,25.75,25.35,25.5,9547300,MBB,"At 2026-01-05 09:00:00, the stock MBB opened at 25.35 VND, reached a high of 25.75 VND, a low of 25.35 VND, and closed the hour at 25.50 VND with a trading volume of 9,547,300 shares."
2026-01-05 10:00:00,25.5,25.55,25.4,25.5,4603900,MBB,"At 2026-01-05 10:00:00, the stock MBB opened at 25.50 VND, reached a high of 25.55 VND, a low of 25.40 VND, and closed the hour at 25.50 VND with a trading volume of 4,603,900 shares."
2026-01-05 11:00:00,25.5,25.5,25.4,25.45,1481700,MBB,"At 2026-01-05 11:00:00, the stock MBB opened at 25.50 VND, reached a high of 25.50 VND, a low of 25.40 VND, and closed the hour at 25.45 VND with a trading volume of 1,481,700 shares."
2026-01-05 13:00:00,25.45,25.5,25.35,25.4,6034000,MBB,"At 2026-01-05 13:00:00, the stock MBB opened at 25.45 VND, reached a high of 25.50 VND, a low of 25.35 VND, and closed the hour at 25.40 VND with a trading volume of 6,034,000 shares."
2026-01-05 14:00:00,25.4,25.45,24.0,25.35,15191600,MBB,"At 2026-01-05 14:00:00, the stock MBB opened at 25.40 VND, reached a high of 25.45 VND, a low of 24.00 VND, and closed the hour at 25.35 VND with a trading volume of 15,191,600 shares."
2026-01-06 09:00:00,25.45,25.55,25.2,25.25,2969200,MBB,"At 2026-01-06 09:00:00, the stock MBB opened at 25.45 VND, reached a high of 25.55 VND, a low of 25.20 VND, and closed the hour at 25.25 VND with a trading volume of 2,969,200 shares."
2026-01-06 10:00:00,25.2,25.35,25.0,25.25,3650500,MBB,"At 2026-01-06 10:00:00, the stock MBB opened at 25.20 VND, reached a high of 25.35 VND, a low of 25.00 VND, and closed the hour at 25.25 VND with a trading volume of 3,650,500 shares."
2026-01-06 11:00:00,25.3,25.35,25.2,25.25,967000,MBB,"At 2026-01-06 11:00:00, the stock MBB opened at 25.30 VND, reached a high of 25.35 VND, a low of 25.20 VND, and closed the hour at 25.25 VND with a trading volume of 967,000 shares."
2026-01-06 13:00:00,25.25,26.75,25.15,26.4,46295500,MBB,"At 2026-01-06 13:00:00, the stock MBB opened at 25.25 VND, reached a high of 26.75 VND, a low of 25.15 VND, and closed the hour at 26.40 VND with a trading volume of 46,295,500 shares."
2026-01-06 14:00:00,26.35,26.7,26.35,26.65,18261900,MBB,"At 2026-01-06 14:00:00, the stock MBB opened at 26.35 VND, reached a high of 26.70 VND, a low of 26.35 VND, and closed the hour at 26.65 VND with a trading volume of 18,261,900 shares."
2026-01-07 09:00:00,26.75,26.75,26.45,26.75,7560700,MBB,"At 2026-01-07 09:00:00, the stock MBB opened at 26.75 VND, reached a high of 26.75 VND, a low of 26.45 VND, and closed the hour at 26.75 VND with a trading volume of 7,560,700 shares."
2026-01-07 10:00:00,26.75,26.75,26.55,26.6,4812800,MBB,"At 2026-01-07 10:00:00, the stock MBB opened at 26.75 VND, reached a high of 26.75 VND, a low of 26.55 VND, and closed the hour at 26.60 VND with a trading volume of 4,812,800 shares."
2026-01-07 11:00:00,26.6,26.65,26.55,26.65,1244500,MBB,"At 2026-01-07 11:00:00, the stock MBB opened at 26.60 VND, reached a high of 26.65 VND, a low of 26.55 VND, and closed the hour at 26.65 VND with a trading volume of 1,244,500 shares."
2026-01-07 13:00:00,26.6,26.7,26.55,26.7,9326400,MBB,"At 2026-01-07 13:00:00, the stock MBB opened at 26.60 VND, reached a high of 26.70 VND, a low of 26.55 VND, and closed the hour at 26.70 VND with a trading volume of 9,326,400 shares."
2026-01-07 14:00:00,26.65,26.85,26.6,26.7,10953500,MBB,"At 2026-01-07 14:00:00, the stock MBB opened at 26.65 VND, reached a high of 26.85 VND, a low of 26.60 VND, and closed the hour at 26.70 VND with a trading volume of 10,953,500 shares."
2026-01-08 09:00:00,26.75,26.75,26.55,26.7,4371900,MBB,"At 2026-01-08 09:00:00, the stock MBB opened at 26.75 VND, reached a high of 26.75 VND, a low of 26.55 VND, and closed the hour at 26.70 VND with a trading volume of 4,371,900 shares."
2026-01-08 10:00:00,26.7,27.15,26.65,26.85,10281500,MBB,"At 2026-01-08 10:00:00, the stock MBB opened at 26.70 VND, reached a high of 27.15 VND, a low of 26.65 VND, and closed the hour at 26.85 VND with a trading volume of 10,281,500 shares."
2026-01-08 11:00:00,26.85,26.9,26.8,26.85,3218400,MBB,"At 2026-01-08 11:00:00, the stock MBB opened at 26.85 VND, reached a high of 26.90 VND, a low of 26.80 VND, and closed the hour at 26.85 VND with a trading volume of 3,218,400 shares."
2026-01-08 13:00:00,26.85,27.1,26.8,26.85,19190100,MBB,"At 2026-01-08 13:00:00, the stock MBB opened at 26.85 VND, reached a high of 27.10 VND, a low of 26.80 VND, and closed the hour at 26.85 VND with a trading volume of 19,190,100 shares."
2026-01-08 14:00:00,26.8,26.9,26.5,26.6,10473000,MBB,"At 2026-01-08 14:00:00, the stock MBB opened at 26.80 VND, reached a high of 26.90 VND, a low of 26.50 VND, and closed the hour at 26.60 VND with a trading volume of 10,473,000 shares."
2026-01-09 09:00:00,26.75,27.1,26.7,26.7,6727700,MBB,"At 2026-01-09 09:00:00, the stock MBB opened at 26.75 VND, reached a high of 27.10 VND, a low of 26.70 VND, and closed the hour at 26.70 VND with a trading volume of 6,727,700 shares."
2026-01-09 10:00:00,26.7,27.2,26.7,26.95,10437700,MBB,"At 2026-01-09 10:00:00, the stock MBB opened at 26.70 VND, reached a high of 27.20 VND, a low of 26.70 VND, and closed the hour at 26.95 VND with a trading volume of 10,437,700 shares."
2026-01-09 11:00:00,26.95,27.0,26.8,26.85,1757600,MBB,"At 2026-01-09 11:00:00, the stock MBB opened at 26.95 VND, reached a high of 27.00 VND, a low of 26.80 VND, and closed the hour at 26.85 VND with a trading volume of 1,757,600 shares."
2026-01-09 13:00:00,26.85,27.4,26.8,27.15,20731400,MBB,"At 2026-01-09 13:00:00, the stock MBB opened at 26.85 VND, reached a high of 27.40 VND, a low of 26.80 VND, and closed the hour at 27.15 VND with a trading volume of 20,731,400 shares."
2026-01-09 14:00:00,27.15,27.7,27.05,27.3,26410900,MBB,"At 2026-01-09 14:00:00, the stock MBB opened at 27.15 VND, reached a high of 27.70 VND, a low of 27.05 VND, and closed the hour at 27.30 VND with a trading volume of 26,410,900 shares."
2026-01-12 09:00:00,27.55,28.15,27.55,27.9,22359500,MBB,"At 2026-01-12 09:00:00, the stock MBB opened at 27.55 VND, reached a high of 28.15 VND, a low of 27.55 VND, and closed the hour at 27.90 VND with a trading volume of 22,359,500 shares."
2026-01-12 10:00:00,27.95,28.05,27.9,28.0,7908600,MBB,"At 2026-01-12 10:00:00, the stock MBB opened at 27.95 VND, reached a high of 28.05 VND, a low of 27.90 VND, and closed the hour at 28.00 VND with a trading volume of 7,908,600 shares."
2026-01-12 11:00:00,28.0,28.0,27.85,27.85,2131800,MBB,"At 2026-01-12 11:00:00, the stock MBB opened at 28.00 VND, reached a high of 28.00 VND, a low of 27.85 VND, and closed the hour at 27.85 VND with a trading volume of 2,131,800 shares."
2026-01-12 13:00:00,27.85,28.15,27.75,28.1,15912400,MBB,"At 2026-01-12 13:00:00, the stock MBB opened at 27.85 VND, reached a high of 28.15 VND, a low of 27.75 VND, and closed the hour at 28.10 VND with a trading volume of 15,912,400 shares."
2026-01-12 14:00:00,28.1,28.2,27.9,28.2,8656000,MBB,"At 2026-01-12 14:00:00, the stock MBB opened at 28.10 VND, reached a high of 28.20 VND, a low of 27.90 VND, and closed the hour at 28.20 VND with a trading volume of 8,656,000 shares."
2026-01-13 09:00:00,28.25,28.3,27.8,27.9,8569000,MBB,"At 2026-01-13 09:00:00, the stock MBB opened at 28.25 VND, reached a high of 28.30 VND, a low of 27.80 VND, and closed the hour at 27.90 VND with a trading volume of 8,569,000 shares."
2026-01-13 10:00:00,27.9,28.05,27.85,28.0,6251100,MBB,"At 2026-01-13 10:00:00, the stock MBB opened at 27.90 VND, reached a high of 28.05 VND, a low of 27.85 VND, and closed the hour at 28.00 VND with a trading volume of 6,251,100 shares."
2026-01-13 11:00:00,28.0,28.05,27.9,27.9,2425700,MBB,"At 2026-01-13 11:00:00, the stock MBB opened at 28.00 VND, reached a high of 28.05 VND, a low of 27.90 VND, and closed the hour at 27.90 VND with a trading volume of 2,425,700 shares."
2026-01-13 13:00:00,27.9,27.95,27.45,27.9,20131900,MBB,"At 2026-01-13 13:00:00, the stock MBB opened at 27.90 VND, reached a high of 27.95 VND, a low of 27.45 VND, and closed the hour at 27.90 VND with a trading volume of 20,131,900 shares."
2026-01-13 14:00:00,27.9,27.95,27.55,27.55,8391300,MBB,"At 2026-01-13 14:00:00, the stock MBB opened at 27.90 VND, reached a high of 27.95 VND, a low of 27.55 VND, and closed the hour at 27.55 VND with a trading volume of 8,391,300 shares."
2026-01-14 09:00:00,27.6,27.8,27.5,27.65,4616100,MBB,"At 2026-01-14 09:00:00, the stock MBB opened at 27.60 VND, reached a high of 27.80 VND, a low of 27.50 VND, and closed the hour at 27.65 VND with a trading volume of 4,616,100 shares."
2026-01-14 10:00:00,27.6,27.9,27.5,27.9,7168000,MBB,"At 2026-01-14 10:00:00, the stock MBB opened at 27.60 VND, reached a high of 27.90 VND, a low of 27.50 VND, and closed the hour at 27.90 VND with a trading volume of 7,168,000 shares."
2026-01-14 11:00:00,27.9,27.95,27.55,27.6,2613900,MBB,"At 2026-01-14 11:00:00, the stock MBB opened at 27.90 VND, reached a high of 27.95 VND, a low of 27.55 VND, and closed the hour at 27.60 VND with a trading volume of 2,613,900 shares."
2026-01-14 13:00:00,27.6,27.6,27.2,27.3,14463400,MBB,"At 2026-01-14 13:00:00, the stock MBB opened at 27.60 VND, reached a high of 27.60 VND, a low of 27.20 VND, and closed the hour at 27.30 VND with a trading volume of 14,463,400 shares."
2026-01-14 14:00:00,27.25,27.3,26.85,27.15,16264900,MBB,"At 2026-01-14 14:00:00, the stock MBB opened at 27.25 VND, reached a high of 27.30 VND, a low of 26.85 VND, and closed the hour at 27.15 VND with a trading volume of 16,264,900 shares."
2026-01-15 09:00:00,27.05,27.5,26.95,27.2,6176000,MBB,"At 2026-01-15 09:00:00, the stock MBB opened at 27.05 VND, reached a high of 27.50 VND, a low of 26.95 VND, and closed the hour at 27.20 VND with a trading volume of 6,176,000 shares."
2026-01-15 10:00:00,27.2,27.2,27.0,27.05,6320400,MBB,"At 2026-01-15 10:00:00, the stock MBB opened at 27.20 VND, reached a high of 27.20 VND, a low of 27.00 VND, and closed the hour at 27.05 VND with a trading volume of 6,320,400 shares."
2026-01-15 11:00:00,27.05,27.15,26.9,26.9,3695400,MBB,"At 2026-01-15 11:00:00, the stock MBB opened at 27.05 VND, reached a high of 27.15 VND, a low of 26.90 VND, and closed the hour at 26.90 VND with a trading volume of 3,695,400 shares."
2026-01-15 13:00:00,26.9,27.55,26.8,27.5,13858300,MBB,"At 2026-01-15 13:00:00, the stock MBB opened at 26.90 VND, reached a high of 27.55 VND, a low of 26.80 VND, and closed the hour at 27.50 VND with a trading volume of 13,858,300 shares."
2026-01-15 14:00:00,27.5,27.55,27.25,27.25,4546700,MBB,"At 2026-01-15 14:00:00, the stock MBB opened at 27.50 VND, reached a high of 27.55 VND, a low of 27.25 VND, and closed the hour at 27.25 VND with a trading volume of 4,546,700 shares."
2026-01-16 09:00:00,27.4,27.7,27.25,27.45,3945000,MBB,"At 2026-01-16 09:00:00, the stock MBB opened at 27.40 VND, reached a high of 27.70 VND, a low of 27.25 VND, and closed the hour at 27.45 VND with a trading volume of 3,945,000 shares."
2026-01-16 10:00:00,27.45,27.5,27.1,27.15,3386800,MBB,"At 2026-01-16 10:00:00, the stock MBB opened at 27.45 VND, reached a high of 27.50 VND, a low of 27.10 VND, and closed the hour at 27.15 VND with a trading volume of 3,386,800 shares."
2026-01-16 11:00:00,27.1,27.3,27.1,27.3,1348800,MBB,"At 2026-01-16 11:00:00, the stock MBB opened at 27.10 VND, reached a high of 27.30 VND, a low of 27.10 VND, and closed the hour at 27.30 VND with a trading volume of 1,348,800 shares."
2026-01-16 13:00:00,27.3,27.4,27.15,27.2,4872100,MBB,"At 2026-01-16 13:00:00, the stock MBB opened at 27.30 VND, reached a high of 27.40 VND, a low of 27.15 VND, and closed the hour at 27.20 VND with a trading volume of 4,872,100 shares."
2026-01-16 14:00:00,27.25,27.25,27.05,27.05,6806800,MBB,"At 2026-01-16 14:00:00, the stock MBB opened at 27.25 VND, reached a high of 27.25 VND, a low of 27.05 VND, and closed the hour at 27.05 VND with a trading volume of 6,806,800 shares."
2026-01-19 09:00:00,27.2,27.55,27.15,27.5,7461600,MBB,"At 2026-01-19 09:00:00, the stock MBB opened at 27.20 VND, reached a high of 27.55 VND, a low of 27.15 VND, and closed the hour at 27.50 VND with a trading volume of 7,461,600 shares."
2026-01-19 10:00:00,27.5,27.55,27.4,27.45,3486500,MBB,"At 2026-01-19 10:00:00, the stock MBB opened at 27.50 VND, reached a high of 27.55 VND, a low of 27.40 VND, and closed the hour at 27.45 VND with a trading volume of 3,486,500 shares."
2026-01-19 11:00:00,27.5,27.5,27.4,27.45,2718900,MBB,"At 2026-01-19 11:00:00, the stock MBB opened at 27.50 VND, reached a high of 27.50 VND, a low of 27.40 VND, and closed the hour at 27.45 VND with a trading volume of 2,718,900 shares."
2026-01-19 13:00:00,27.45,27.5,27.3,27.45,5848900,MBB,"At 2026-01-19 13:00:00, the stock MBB opened at 27.45 VND, reached a high of 27.50 VND, a low of 27.30 VND, and closed the hour at 27.45 VND with a trading volume of 5,848,900 shares."
2026-01-19 14:00:00,27.45,27.6,27.35,27.5,7702700,MBB,"At 2026-01-19 14:00:00, the stock MBB opened at 27.45 VND, reached a high of 27.60 VND, a low of 27.35 VND, and closed the hour at 27.50 VND with a trading volume of 7,702,700 shares."
2026-01-20 09:00:00,27.75,28.0,27.6,27.7,8553600,MBB,"At 2026-01-20 09:00:00, the stock MBB opened at 27.75 VND, reached a high of 28.00 VND, a low of 27.60 VND, and closed the hour at 27.70 VND with a trading volume of 8,553,600 shares."
2026-01-20 10:00:00,27.7,27.75,27.5,27.6,4976800,MBB,"At 2026-01-20 10:00:00, the stock MBB opened at 27.70 VND, reached a high of 27.75 VND, a low of 27.50 VND, and closed the hour at 27.60 VND with a trading volume of 4,976,800 shares."
2026-01-20 11:00:00,27.6,27.65,27.5,27.6,1398700,MBB,"At 2026-01-20 11:00:00, the stock MBB opened at 27.60 VND, reached a high of 27.65 VND, a low of 27.50 VND, and closed the hour at 27.60 VND with a trading volume of 1,398,700 shares."
2026-01-20 13:00:00,27.6,27.65,27.5,27.55,5591000,MBB,"At 2026-01-20 13:00:00, the stock MBB opened at 27.60 VND, reached a high of 27.65 VND, a low of 27.50 VND, and closed the hour at 27.55 VND with a trading volume of 5,591,000 shares."
2026-01-20 14:00:00,27.55,27.6,27.1,27.4,7588900,MBB,"At 2026-01-20 14:00:00, the stock MBB opened at 27.55 VND, reached a high of 27.60 VND, a low of 27.10 VND, and closed the hour at 27.40 VND with a trading volume of 7,588,900 shares."
2026-01-21 09:00:00,27.3,27.3,26.9,27.05,8221300,MBB,"At 2026-01-21 09:00:00, the stock MBB opened at 27.30 VND, reached a high of 27.30 VND, a low of 26.90 VND, and closed the hour at 27.05 VND with a trading volume of 8,221,300 shares."
2026-01-21 10:00:00,27.0,27.45,27.0,27.4,4609900,MBB,"At 2026-01-21 10:00:00, the stock MBB opened at 27.00 VND, reached a high of 27.45 VND, a low of 27.00 VND, and closed the hour at 27.40 VND with a trading volume of 4,609,900 shares."
2026-01-21 11:00:00,27.45,27.5,27.15,27.2,2361100,MBB,"At 2026-01-21 11:00:00, the stock MBB opened at 27.45 VND, reached a high of 27.50 VND, a low of 27.15 VND, and closed the hour at 27.20 VND with a trading volume of 2,361,100 shares."
2026-01-21 13:00:00,27.2,27.2,26.9,27.0,7637800,MBB,"At 2026-01-21 13:00:00, the stock MBB opened at 27.20 VND, reached a high of 27.20 VND, a low of 26.90 VND, and closed the hour at 27.00 VND with a trading volume of 7,637,800 shares."
2026-01-21 14:00:00,27.0,27.2,26.95,27.0,4236600,MBB,"At 2026-01-21 14:00:00, the stock MBB opened at 27.00 VND, reached a high of 27.20 VND, a low of 26.95 VND, and closed the hour at 27.00 VND with a trading volume of 4,236,600 shares."
2026-01-22 09:00:00,27.15,27.35,27.1,27.25,2974500,MBB,"At 2026-01-22 09:00:00, the stock MBB opened at 27.15 VND, reached a high of 27.35 VND, a low of 27.10 VND, and closed the hour at 27.25 VND with a trading volume of 2,974,500 shares."
2026-01-22 10:00:00,27.2,27.45,27.2,27.2,4047400,MBB,"At 2026-01-22 10:00:00, the stock MBB opened at 27.20 VND, reached a high of 27.45 VND, a low of 27.20 VND, and closed the hour at 27.20 VND with a trading volume of 4,047,400 shares."
2026-01-22 11:00:00,27.25,27.25,27.15,27.15,1779900,MBB,"At 2026-01-22 11:00:00, the stock MBB opened at 27.25 VND, reached a high of 27.25 VND, a low of 27.15 VND, and closed the hour at 27.15 VND with a trading volume of 1,779,900 shares."
2026-01-22 13:00:00,27.15,27.2,27.1,27.2,3323400,MBB,"At 2026-01-22 13:00:00, the stock MBB opened at 27.15 VND, reached a high of 27.20 VND, a low of 27.10 VND, and closed the hour at 27.20 VND with a trading volume of 3,323,400 shares."
2026-01-22 14:00:00,27.15,27.2,26.9,26.95,5381500,MBB,"At 2026-01-22 14:00:00, the stock MBB opened at 27.15 VND, reached a high of 27.20 VND, a low of 26.90 VND, and closed the hour at 26.95 VND with a trading volume of 5,381,500 shares."
2026-01-23 09:00:00,26.95,27.1,26.85,27.0,2851600,MBB,"At 2026-01-23 09:00:00, the stock MBB opened at 26.95 VND, reached a high of 27.10 VND, a low of 26.85 VND, and closed the hour at 27.00 VND with a trading volume of 2,851,600 shares."
2026-01-23 10:00:00,27.0,27.05,26.85,26.95,5441600,MBB,"At 2026-01-23 10:00:00, the stock MBB opened at 27.00 VND, reached a high of 27.05 VND, a low of 26.85 VND, and closed the hour at 26.95 VND with a trading volume of 5,441,600 shares."
2026-01-23 11:00:00,26.95,26.95,26.85,26.9,1241900,MBB,"At 2026-01-23 11:00:00, the stock MBB opened at 26.95 VND, reached a high of 26.95 VND, a low of 26.85 VND, and closed the hour at 26.90 VND with a trading volume of 1,241,900 shares."
2026-01-23 13:00:00,26.95,26.95,26.8,26.8,6167300,MBB,"At 2026-01-23 13:00:00, the stock MBB opened at 26.95 VND, reached a high of 26.95 VND, a low of 26.80 VND, and closed the hour at 26.80 VND with a trading volume of 6,167,300 shares."
2026-01-23 14:00:00,26.85,27.0,26.65,26.95,7334400,MBB,"At 2026-01-23 14:00:00, the stock MBB opened at 26.85 VND, reached a high of 27.00 VND, a low of 26.65 VND, and closed the hour at 26.95 VND with a trading volume of 7,334,400 shares."
2026-01-26 09:00:00,26.75,26.85,26.7,26.75,3882100,MBB,"At 2026-01-26 09:00:00, the stock MBB opened at 26.75 VND, reached a high of 26.85 VND, a low of 26.70 VND, and closed the hour at 26.75 VND with a trading volume of 3,882,100 shares."
2026-01-26 10:00:00,26.8,26.8,26.6,26.65,4646600,MBB,"At 2026-01-26 10:00:00, the stock MBB opened at 26.80 VND, reached a high of 26.80 VND, a low of 26.60 VND, and closed the hour at 26.65 VND with a trading volume of 4,646,600 shares."
2026-01-26 11:00:00,26.65,26.75,26.6,26.7,1198700,MBB,"At 2026-01-26 11:00:00, the stock MBB opened at 26.65 VND, reached a high of 26.75 VND, a low of 26.60 VND, and closed the hour at 26.70 VND with a trading volume of 1,198,700 shares."
2026-01-26 13:00:00,26.7,26.7,26.3,26.4,10166600,MBB,"At 2026-01-26 13:00:00, the stock MBB opened at 26.70 VND, reached a high of 26.70 VND, a low of 26.30 VND, and closed the hour at 26.40 VND with a trading volume of 10,166,600 shares."
2026-01-26 14:00:00,26.35,26.5,26.0,26.1,11814000,MBB,"At 2026-01-26 14:00:00, the stock MBB opened at 26.35 VND, reached a high of 26.50 VND, a low of 26.00 VND, and closed the hour at 26.10 VND with a trading volume of 11,814,000 shares."
2026-01-27 09:00:00,26.15,26.4,26.1,26.2,2378800,MBB,"At 2026-01-27 09:00:00, the stock MBB opened at 26.15 VND, reached a high of 26.40 VND, a low of 26.10 VND, and closed the hour at 26.20 VND with a trading volume of 2,378,800 shares."
2026-01-27 10:00:00,26.2,26.45,26.15,26.35,3435900,MBB,"At 2026-01-27 10:00:00, the stock MBB opened at 26.20 VND, reached a high of 26.45 VND, a low of 26.15 VND, and closed the hour at 26.35 VND with a trading volume of 3,435,900 shares."
2026-01-27 11:00:00,26.4,26.45,26.3,26.35,995300,MBB,"At 2026-01-27 11:00:00, the stock MBB opened at 26.40 VND, reached a high of 26.45 VND, a low of 26.30 VND, and closed the hour at 26.35 VND with a trading volume of 995,300 shares."
2026-01-27 13:00:00,26.35,26.6,26.3,26.5,8332400,MBB,"At 2026-01-27 13:00:00, the stock MBB opened at 26.35 VND, reached a high of 26.60 VND, a low of 26.30 VND, and closed the hour at 26.50 VND with a trading volume of 8,332,400 shares."
2026-01-27 14:00:00,26.5,26.55,26.35,26.5,4058600,MBB,"At 2026-01-27 14:00:00, the stock MBB opened at 26.50 VND, reached a high of 26.55 VND, a low of 26.35 VND, and closed the hour at 26.50 VND with a trading volume of 4,058,600 shares."
2026-01-28 09:00:00,26.55,26.6,26.35,26.45,2162100,MBB,"At 2026-01-28 09:00:00, the stock MBB opened at 26.55 VND, reached a high of 26.60 VND, a low of 26.35 VND, and closed the hour at 26.45 VND with a trading volume of 2,162,100 shares."
2026-01-28 10:00:00,26.45,26.75,26.35,26.45,4251100,MBB,"At 2026-01-28 10:00:00, the stock MBB opened at 26.45 VND, reached a high of 26.75 VND, a low of 26.35 VND, and closed the hour at 26.45 VND with a trading volume of 4,251,100 shares."
2026-01-28 11:00:00,26.4,26.45,26.2,26.25,2358800,MBB,"At 2026-01-28 11:00:00, the stock MBB opened at 26.40 VND, reached a high of 26.45 VND, a low of 26.20 VND, and closed the hour at 26.25 VND with a trading volume of 2,358,800 shares."
2026-01-28 13:00:00,26.25,26.6,26.2,26.35,5134000,MBB,"At 2026-01-28 13:00:00, the stock MBB opened at 26.25 VND, reached a high of 26.60 VND, a low of 26.20 VND, and closed the hour at 26.35 VND with a trading volume of 5,134,000 shares."
2026-01-28 14:00:00,26.35,26.55,26.25,26.55,4048900,MBB,"At 2026-01-28 14:00:00, the stock MBB opened at 26.35 VND, reached a high of 26.55 VND, a low of 26.25 VND, and closed the hour at 26.55 VND with a trading volume of 4,048,900 shares."
2026-01-29 09:00:00,26.9,26.95,26.6,26.65,3557800,MBB,"At 2026-01-29 09:00:00, the stock MBB opened at 26.90 VND, reached a high of 26.95 VND, a low of 26.60 VND, and closed the hour at 26.65 VND with a trading volume of 3,557,800 shares."
2026-01-29 10:00:00,26.65,26.7,26.4,26.4,2710200,MBB,"At 2026-01-29 10:00:00, the stock MBB opened at 26.65 VND, reached a high of 26.70 VND, a low of 26.40 VND, and closed the hour at 26.40 VND with a trading volume of 2,710,200 shares."
2026-01-29 11:00:00,26.45,26.45,26.35,26.4,1370900,MBB,"At 2026-01-29 11:00:00, the stock MBB opened at 26.45 VND, reached a high of 26.45 VND, a low of 26.35 VND, and closed the hour at 26.40 VND with a trading volume of 1,370,900 shares."
2026-01-29 13:00:00,26.4,26.6,26.3,26.4,5350300,MBB,"At 2026-01-29 13:00:00, the stock MBB opened at 26.40 VND, reached a high of 26.60 VND, a low of 26.30 VND, and closed the hour at 26.40 VND with a trading volume of 5,350,300 shares."
2026-01-29 14:00:00,26.45,26.7,26.3,26.7,6319100,MBB,"At 2026-01-29 14:00:00, the stock MBB opened at 26.45 VND, reached a high of 26.70 VND, a low of 26.30 VND, and closed the hour at 26.70 VND with a trading volume of 6,319,100 shares."
2026-01-30 09:00:00,26.75,26.85,26.6,26.7,3156400,MBB,"At 2026-01-30 09:00:00, the stock MBB opened at 26.75 VND, reached a high of 26.85 VND, a low of 26.60 VND, and closed the hour at 26.70 VND with a trading volume of 3,156,400 shares."
2026-01-30 10:00:00,26.75,26.8,26.6,26.7,3032500,MBB,"At 2026-01-30 10:00:00, the stock MBB opened at 26.75 VND, reached a high of 26.80 VND, a low of 26.60 VND, and closed the hour at 26.70 VND with a trading volume of 3,032,500 shares."
2026-01-30 11:00:00,26.75,26.85,26.7,26.85,2186200,MBB,"At 2026-01-30 11:00:00, the stock MBB opened at 26.75 VND, reached a high of 26.85 VND, a low of 26.70 VND, and closed the hour at 26.85 VND with a trading volume of 2,186,200 shares."
2026-01-30 13:00:00,26.85,27.1,26.8,27.1,11094300,MBB,"At 2026-01-30 13:00:00, the stock MBB opened at 26.85 VND, reached a high of 27.10 VND, a low of 26.80 VND, and closed the hour at 27.10 VND with a trading volume of 11,094,300 shares."
2026-01-30 14:00:00,27.05,27.2,26.95,27.2,8595200,MBB,"At 2026-01-30 14:00:00, the stock MBB opened at 27.05 VND, reached a high of 27.20 VND, a low of 26.95 VND, and closed the hour at 27.20 VND with a trading volume of 8,595,200 shares."
2026-02-02 09:00:00,27.2,27.6,27.05,27.3,8371700,MBB,"At 2026-02-02 09:00:00, the stock MBB opened at 27.20 VND, reached a high of 27.60 VND, a low of 27.05 VND, and closed the hour at 27.30 VND with a trading volume of 8,371,700 shares."
2026-02-02 10:00:00,27.3,27.45,27.15,27.25,4526300,MBB,"At 2026-02-02 10:00:00, the stock MBB opened at 27.30 VND, reached a high of 27.45 VND, a low of 27.15 VND, and closed the hour at 27.25 VND with a trading volume of 4,526,300 shares."
2026-02-02 11:00:00,27.25,27.3,27.0,27.05,2830400,MBB,"At 2026-02-02 11:00:00, the stock MBB opened at 27.25 VND, reached a high of 27.30 VND, a low of 27.00 VND, and closed the hour at 27.05 VND with a trading volume of 2,830,400 shares."
2026-02-02 13:00:00,27.05,27.3,26.95,27.25,6489800,MBB,"At 2026-02-02 13:00:00, the stock MBB opened at 27.05 VND, reached a high of 27.30 VND, a low of 26.95 VND, and closed the hour at 27.25 VND with a trading volume of 6,489,800 shares."
2026-02-02 14:00:00,27.3,27.3,27.15,27.3,3759400,MBB,"At 2026-02-02 14:00:00, the stock MBB opened at 27.30 VND, reached a high of 27.30 VND, a low of 27.15 VND, and closed the hour at 27.30 VND with a trading volume of 3,759,400 shares."
2026-02-03 09:00:00,27.5,27.75,27.5,27.65,10710700,MBB,"At 2026-02-03 09:00:00, the stock MBB opened at 27.50 VND, reached a high of 27.75 VND, a low of 27.50 VND, and closed the hour at 27.65 VND with a trading volume of 10,710,700 shares."
2026-02-03 10:00:00,27.65,28.1,27.65,27.95,25242200,MBB,"At 2026-02-03 10:00:00, the stock MBB opened at 27.65 VND, reached a high of 28.10 VND, a low of 27.65 VND, and closed the hour at 27.95 VND with a trading volume of 25,242,200 shares."
2026-02-03 11:00:00,27.9,27.95,27.85,27.9,2494700,MBB,"At 2026-02-03 11:00:00, the stock MBB opened at 27.90 VND, reached a high of 27.95 VND, a low of 27.85 VND, and closed the hour at 27.90 VND with a trading volume of 2,494,700 shares."
2026-02-03 13:00:00,27.9,27.95,27.8,27.85,7226100,MBB,"At 2026-02-03 13:00:00, the stock MBB opened at 27.90 VND, reached a high of 27.95 VND, a low of 27.80 VND, and closed the hour at 27.85 VND with a trading volume of 7,226,100 shares."
2026-02-03 14:00:00,27.9,27.9,27.7,27.7,5095500,MBB,"At 2026-02-03 14:00:00, the stock MBB opened at 27.90 VND, reached a high of 27.90 VND, a low of 27.70 VND, and closed the hour at 27.70 VND with a trading volume of 5,095,500 shares."
2026-02-04 09:00:00,27.85,27.9,27.55,27.6,4394400,MBB,"At 2026-02-04 09:00:00, the stock MBB opened at 27.85 VND, reached a high of 27.90 VND, a low of 27.55 VND, and closed the hour at 27.60 VND with a trading volume of 4,394,400 shares."
2026-02-04 10:00:00,27.6,27.8,27.55,27.75,2775100,MBB,"At 2026-02-04 10:00:00, the stock MBB opened at 27.60 VND, reached a high of 27.80 VND, a low of 27.55 VND, and closed the hour at 27.75 VND with a trading volume of 2,775,100 shares."
2026-02-04 11:00:00,27.8,27.8,27.65,27.7,1161100,MBB,"At 2026-02-04 11:00:00, the stock MBB opened at 27.80 VND, reached a high of 27.80 VND, a low of 27.65 VND, and closed the hour at 27.70 VND with a trading volume of 1,161,100 shares."
2026-02-04 13:00:00,27.7,28.1,27.65,27.8,12798000,MBB,"At 2026-02-04 13:00:00, the stock MBB opened at 27.70 VND, reached a high of 28.10 VND, a low of 27.65 VND, and closed the hour at 27.80 VND with a trading volume of 12,798,000 shares."
2026-02-04 14:00:00,27.85,27.85,27.65,27.8,4605100,MBB,"At 2026-02-04 14:00:00, the stock MBB opened at 27.85 VND, reached a high of 27.85 VND, a low of 27.65 VND, and closed the hour at 27.80 VND with a trading volume of 4,605,100 shares."
2026-02-05 09:00:00,27.85,27.9,27.65,27.65,2630900,MBB,"At 2026-02-05 09:00:00, the stock MBB opened at 27.85 VND, reached a high of 27.90 VND, a low of 27.65 VND, and closed the hour at 27.65 VND with a trading volume of 2,630,900 shares."
2026-02-05 10:00:00,27.65,27.7,27.55,27.65,3178500,MBB,"At 2026-02-05 10:00:00, the stock MBB opened at 27.65 VND, reached a high of 27.70 VND, a low of 27.55 VND, and closed the hour at 27.65 VND with a trading volume of 3,178,500 shares."
2026-02-05 11:00:00,27.7,27.8,27.65,27.7,1638000,MBB,"At 2026-02-05 11:00:00, the stock MBB opened at 27.70 VND, reached a high of 27.80 VND, a low of 27.65 VND, and closed the hour at 27.70 VND with a trading volume of 1,638,000 shares."
2026-02-05 13:00:00,27.7,27.7,27.4,27.45,7913700,MBB,"At 2026-02-05 13:00:00, the stock MBB opened at 27.70 VND, reached a high of 27.70 VND, a low of 27.40 VND, and closed the hour at 27.45 VND with a trading volume of 7,913,700 shares."
2026-02-05 14:00:00,27.45,27.5,27.05,27.05,9924800,MBB,"At 2026-02-05 14:00:00, the stock MBB opened at 27.45 VND, reached a high of 27.50 VND, a low of 27.05 VND, and closed the hour at 27.05 VND with a trading volume of 9,924,800 shares."
2026-02-06 09:00:00,27.0,27.0,26.75,26.9,8910900,MBB,"At 2026-02-06 09:00:00, the stock MBB opened at 27.00 VND, reached a high of 27.00 VND, a low of 26.75 VND, and closed the hour at 26.90 VND with a trading volume of 8,910,900 shares."
2026-02-06 10:00:00,26.9,26.95,26.45,26.8,10913700,MBB,"At 2026-02-06 10:00:00, the stock MBB opened at 26.90 VND, reached a high of 26.95 VND, a low of 26.45 VND, and closed the hour at 26.80 VND with a trading volume of 10,913,700 shares."
2026-02-06 11:00:00,26.85,27.5,26.75,27.4,4310900,MBB,"At 2026-02-06 11:00:00, the stock MBB opened at 26.85 VND, reached a high of 27.50 VND, a low of 26.75 VND, and closed the hour at 27.40 VND with a trading volume of 4,310,900 shares."
2026-02-06 13:00:00,27.4,27.6,27.2,27.6,8824000,MBB,"At 2026-02-06 13:00:00, the stock MBB opened at 27.40 VND, reached a high of 27.60 VND, a low of 27.20 VND, and closed the hour at 27.60 VND with a trading volume of 8,824,000 shares."
2026-02-06 14:00:00,27.6,28.1,27.35,27.35,16998300,MBB,"At 2026-02-06 14:00:00, the stock MBB opened at 27.60 VND, reached a high of 28.10 VND, a low of 27.35 VND, and closed the hour at 27.35 VND with a trading volume of 16,998,300 shares."
2026-02-09 09:00:00,27.8,28.1,27.65,27.8,10659500,MBB,"At 2026-02-09 09:00:00, the stock MBB opened at 27.80 VND, reached a high of 28.10 VND, a low of 27.65 VND, and closed the hour at 27.80 VND with a trading volume of 10,659,500 shares."
2026-02-09 10:00:00,27.75,27.85,27.55,27.55,2858300,MBB,"At 2026-02-09 10:00:00, the stock MBB opened at 27.75 VND, reached a high of 27.85 VND, a low of 27.55 VND, and closed the hour at 27.55 VND with a trading volume of 2,858,300 shares."
2026-02-09 11:00:00,27.55,27.7,27.4,27.6,2150100,MBB,"At 2026-02-09 11:00:00, the stock MBB opened at 27.55 VND, reached a high of 27.70 VND, a low of 27.40 VND, and closed the hour at 27.60 VND with a trading volume of 2,150,100 shares."
2026-02-09 13:00:00,27.55,27.9,27.55,27.75,6379600,MBB,"At 2026-02-09 13:00:00, the stock MBB opened at 27.55 VND, reached a high of 27.90 VND, a low of 27.55 VND, and closed the hour at 27.75 VND with a trading volume of 6,379,600 shares."
2026-02-09 14:00:00,27.8,27.8,27.55,27.6,3366300,MBB,"At 2026-02-09 14:00:00, the stock MBB opened at 27.80 VND, reached a high of 27.80 VND, a low of 27.55 VND, and closed the hour at 27.60 VND with a trading volume of 3,366,300 shares."
2026-02-10 09:00:00,27.8,28.5,27.75,28.15,22241000,MBB,"At 2026-02-10 09:00:00, the stock MBB opened at 27.80 VND, reached a high of 28.50 VND, a low of 27.75 VND, and closed the hour at 28.15 VND with a trading volume of 22,241,000 shares."
2026-02-10 10:00:00,28.1,28.2,27.9,28.0,10680200,MBB,"At 2026-02-10 10:00:00, the stock MBB opened at 28.10 VND, reached a high of 28.20 VND, a low of 27.90 VND, and closed the hour at 28.00 VND with a trading volume of 10,680,200 shares."
2026-02-10 11:00:00,28.05,28.05,27.95,28.05,1722300,MBB,"At 2026-02-10 11:00:00, the stock MBB opened at 28.05 VND, reached a high of 28.05 VND, a low of 27.95 VND, and closed the hour at 28.05 VND with a trading volume of 1,722,300 shares."
2026-02-10 13:00:00,28.05,28.15,27.8,27.8,9135000,MBB,"At 2026-02-10 13:00:00, the stock MBB opened at 28.05 VND, reached a high of 28.15 VND, a low of 27.80 VND, and closed the hour at 27.80 VND with a trading volume of 9,135,000 shares."
2026-02-10 14:00:00,27.85,27.95,27.5,27.85,7540000,MBB,"At 2026-02-10 14:00:00, the stock MBB opened at 27.85 VND, reached a high of 27.95 VND, a low of 27.50 VND, and closed the hour at 27.85 VND with a trading volume of 7,540,000 shares."
2026-02-11 09:00:00,28.1,28.35,28.05,28.2,7999300,MBB,"At 2026-02-11 09:00:00, the stock MBB opened at 28.10 VND, reached a high of 28.35 VND, a low of 28.05 VND, and closed the hour at 28.20 VND with a trading volume of 7,999,300 shares."
2026-02-11 10:00:00,28.2,28.4,28.15,28.2,12847300,MBB,"At 2026-02-11 10:00:00, the stock MBB opened at 28.20 VND, reached a high of 28.40 VND, a low of 28.15 VND, and closed the hour at 28.20 VND with a trading volume of 12,847,300 shares."
2026-02-11 11:00:00,28.25,28.75,28.15,28.7,21128400,MBB,"At 2026-02-11 11:00:00, the stock MBB opened at 28.25 VND, reached a high of 28.75 VND, a low of 28.15 VND, and closed the hour at 28.70 VND with a trading volume of 21,128,400 shares."
2026-02-11 13:00:00,28.7,29.5,28.65,29.45,46512100,MBB,"At 2026-02-11 13:00:00, the stock MBB opened at 28.70 VND, reached a high of 29.50 VND, a low of 28.65 VND, and closed the hour at 29.45 VND with a trading volume of 46,512,100 shares."
2026-02-11 14:00:00,29.5,29.5,29.0,29.0,16090200,MBB,"At 2026-02-11 14:00:00, the stock MBB opened at 29.50 VND, reached a high of 29.50 VND, a low of 29.00 VND, and closed the hour at 29.00 VND with a trading volume of 16,090,200 shares."
2026-02-12 09:00:00,29.3,29.3,29.0,29.05,4837700,MBB,"At 2026-02-12 09:00:00, the stock MBB opened at 29.30 VND, reached a high of 29.30 VND, a low of 29.00 VND, and closed the hour at 29.05 VND with a trading volume of 4,837,700 shares."
2026-02-12 10:00:00,29.05,29.1,28.6,28.65,4633200,MBB,"At 2026-02-12 10:00:00, the stock MBB opened at 29.05 VND, reached a high of 29.10 VND, a low of 28.60 VND, and closed the hour at 28.65 VND with a trading volume of 4,633,200 shares."
2026-02-12 11:00:00,28.7,28.7,28.6,28.7,731000,MBB,"At 2026-02-12 11:00:00, the stock MBB opened at 28.70 VND, reached a high of 28.70 VND, a low of 28.60 VND, and closed the hour at 28.70 VND with a trading volume of 731,000 shares."
2026-02-12 13:00:00,28.7,28.8,28.4,28.6,8348900,MBB,"At 2026-02-12 13:00:00, the stock MBB opened at 28.70 VND, reached a high of 28.80 VND, a low of 28.40 VND, and closed the hour at 28.60 VND with a trading volume of 8,348,900 shares."
2026-02-12 14:00:00,28.6,28.6,28.3,28.35,9433100,MBB,"At 2026-02-12 14:00:00, the stock MBB opened at 28.60 VND, reached a high of 28.60 VND, a low of 28.30 VND, and closed the hour at 28.35 VND with a trading volume of 9,433,100 shares."
2026-02-13 09:00:00,28.6,28.6,28.35,28.45,2925800,MBB,"At 2026-02-13 09:00:00, the stock MBB opened at 28.60 VND, reached a high of 28.60 VND, a low of 28.35 VND, and closed the hour at 28.45 VND with a trading volume of 2,925,800 shares."
2026-02-13 10:00:00,28.45,28.6,28.4,28.55,1577000,MBB,"At 2026-02-13 10:00:00, the stock MBB opened at 28.45 VND, reached a high of 28.60 VND, a low of 28.40 VND, and closed the hour at 28.55 VND with a trading volume of 1,577,000 shares."
2026-02-13 11:00:00,28.55,28.6,28.5,28.55,757100,MBB,"At 2026-02-13 11:00:00, the stock MBB opened at 28.55 VND, reached a high of 28.60 VND, a low of 28.50 VND, and closed the hour at 28.55 VND with a trading volume of 757,100 shares."
2026-02-13 13:00:00,28.55,28.6,28.4,28.5,7047000,MBB,"At 2026-02-13 13:00:00, the stock MBB opened at 28.55 VND, reached a high of 28.60 VND, a low of 28.40 VND, and closed the hour at 28.50 VND with a trading volume of 7,047,000 shares."
2026-02-13 14:00:00,28.5,28.55,28.3,28.3,9065000,MBB,"At 2026-02-13 14:00:00, the stock MBB opened at 28.50 VND, reached a high of 28.55 VND, a low of 28.30 VND, and closed the hour at 28.30 VND with a trading volume of 9,065,000 shares."
2026-02-23 09:00:00,28.8,28.85,28.3,28.65,6455600,MBB,"At 2026-02-23 09:00:00, the stock MBB opened at 28.80 VND, reached a high of 28.85 VND, a low of 28.30 VND, and closed the hour at 28.65 VND with a trading volume of 6,455,600 shares."
2026-02-23 10:00:00,28.65,28.65,28.5,28.6,3348900,MBB,"At 2026-02-23 10:00:00, the stock MBB opened at 28.65 VND, reached a high of 28.65 VND, a low of 28.50 VND, and closed the hour at 28.60 VND with a trading volume of 3,348,900 shares."
2026-02-23 11:00:00,28.55,28.65,28.45,28.55,1361100,MBB,"At 2026-02-23 11:00:00, the stock MBB opened at 28.55 VND, reached a high of 28.65 VND, a low of 28.45 VND, and closed the hour at 28.55 VND with a trading volume of 1,361,100 shares."
2026-02-23 13:00:00,28.55,28.6,28.35,28.4,4061200,MBB,"At 2026-02-23 13:00:00, the stock MBB opened at 28.55 VND, reached a high of 28.60 VND, a low of 28.35 VND, and closed the hour at 28.40 VND with a trading volume of 4,061,200 shares."
2026-02-23 14:00:00,28.45,28.45,28.35,28.35,3809200,MBB,"At 2026-02-23 14:00:00, the stock MBB opened at 28.45 VND, reached a high of 28.45 VND, a low of 28.35 VND, and closed the hour at 28.35 VND with a trading volume of 3,809,200 shares."
2026-02-24 09:00:00,28.5,28.5,28.2,28.25,6865000,MBB,"At 2026-02-24 09:00:00, the stock MBB opened at 28.50 VND, reached a high of 28.50 VND, a low of 28.20 VND, and closed the hour at 28.25 VND with a trading volume of 6,865,000 shares."
2026-02-24 10:00:00,28.2,28.45,28.2,28.45,5072000,MBB,"At 2026-02-24 10:00:00, the stock MBB opened at 28.20 VND, reached a high of 28.45 VND, a low of 28.20 VND, and closed the hour at 28.45 VND with a trading volume of 5,072,000 shares."
2026-02-24 11:00:00,28.45,28.5,28.25,28.35,2423400,MBB,"At 2026-02-24 11:00:00, the stock MBB opened at 28.45 VND, reached a high of 28.50 VND, a low of 28.25 VND, and closed the hour at 28.35 VND with a trading volume of 2,423,400 shares."
2026-02-24 13:00:00,28.35,28.45,28.15,28.25,7263100,MBB,"At 2026-02-24 13:00:00, the stock MBB opened at 28.35 VND, reached a high of 28.45 VND, a low of 28.15 VND, and closed the hour at 28.25 VND with a trading volume of 7,263,100 shares."
2026-02-24 14:00:00,28.25,28.4,28.15,28.25,5563600,MBB,"At 2026-02-24 14:00:00, the stock MBB opened at 28.25 VND, reached a high of 28.40 VND, a low of 28.15 VND, and closed the hour at 28.25 VND with a trading volume of 5,563,600 shares."
2026-02-25 09:00:00,28.5,28.75,28.3,28.7,5647500,MBB,"At 2026-02-25 09:00:00, the stock MBB opened at 28.50 VND, reached a high of 28.75 VND, a low of 28.30 VND, and closed the hour at 28.70 VND with a trading volume of 5,647,500 shares."
2026-02-25 10:00:00,28.7,29.3,28.65,28.95,13508100,MBB,"At 2026-02-25 10:00:00, the stock MBB opened at 28.70 VND, reached a high of 29.30 VND, a low of 28.65 VND, and closed the hour at 28.95 VND with a trading volume of 13,508,100 shares."
2026-02-25 11:00:00,28.95,28.95,28.75,28.9,1964200,MBB,"At 2026-02-25 11:00:00, the stock MBB opened at 28.95 VND, reached a high of 28.95 VND, a low of 28.75 VND, and closed the hour at 28.90 VND with a trading volume of 1,964,200 shares."
2026-02-25 13:00:00,28.9,28.95,28.75,28.8,4295900,MBB,"At 2026-02-25 13:00:00, the stock MBB opened at 28.90 VND, reached a high of 28.95 VND, a low of 28.75 VND, and closed the hour at 28.80 VND with a trading volume of 4,295,900 shares."
2026-02-25 14:00:00,28.8,28.85,28.75,28.75,2672700,MBB,"At 2026-02-25 14:00:00, the stock MBB opened at 28.80 VND, reached a high of 28.85 VND, a low of 28.75 VND, and closed the hour at 28.75 VND with a trading volume of 2,672,700 shares."
2026-02-26 09:00:00,28.9,29.1,28.8,28.85,3999900,MBB,"At 2026-02-26 09:00:00, the stock MBB opened at 28.90 VND, reached a high of 29.10 VND, a low of 28.80 VND, and closed the hour at 28.85 VND with a trading volume of 3,999,900 shares."
2026-02-26 10:00:00,28.85,28.85,28.6,28.65,1891200,MBB,"At 2026-02-26 10:00:00, the stock MBB opened at 28.85 VND, reached a high of 28.85 VND, a low of 28.60 VND, and closed the hour at 28.65 VND with a trading volume of 1,891,200 shares."
2026-02-26 11:00:00,28.65,28.7,28.6,28.65,1603500,MBB,"At 2026-02-26 11:00:00, the stock MBB opened at 28.65 VND, reached a high of 28.70 VND, a low of 28.60 VND, and closed the hour at 28.65 VND with a trading volume of 1,603,500 shares."
2026-02-26 13:00:00,28.65,28.65,28.45,28.6,5426700,MBB,"At 2026-02-26 13:00:00, the stock MBB opened at 28.65 VND, reached a high of 28.65 VND, a low of 28.45 VND, and closed the hour at 28.60 VND with a trading volume of 5,426,700 shares."
2026-02-26 14:00:00,28.65,28.8,28.6,28.8,3135400,MBB,"At 2026-02-26 14:00:00, the stock MBB opened at 28.65 VND, reached a high of 28.80 VND, a low of 28.60 VND, and closed the hour at 28.80 VND with a trading volume of 3,135,400 shares."
2026-02-27 09:00:00,28.75,28.85,28.55,28.7,2842700,MBB,"At 2026-02-27 09:00:00, the stock MBB opened at 28.75 VND, reached a high of 28.85 VND, a low of 28.55 VND, and closed the hour at 28.70 VND with a trading volume of 2,842,700 shares."
2026-02-27 10:00:00,28.7,28.75,28.5,28.7,2614900,MBB,"At 2026-02-27 10:00:00, the stock MBB opened at 28.70 VND, reached a high of 28.75 VND, a low of 28.50 VND, and closed the hour at 28.70 VND with a trading volume of 2,614,900 shares."
2026-02-27 11:00:00,28.7,28.8,28.7,28.75,918100,MBB,"At 2026-02-27 11:00:00, the stock MBB opened at 28.70 VND, reached a high of 28.80 VND, a low of 28.70 VND, and closed the hour at 28.75 VND with a trading volume of 918,100 shares."
2026-02-27 13:00:00,28.75,28.8,28.65,28.75,2862800,MBB,"At 2026-02-27 13:00:00, the stock MBB opened at 28.75 VND, reached a high of 28.80 VND, a low of 28.65 VND, and closed the hour at 28.75 VND with a trading volume of 2,862,800 shares."
2026-02-27 14:00:00,28.75,28.75,28.5,28.5,5610000,MBB,"At 2026-02-27 14:00:00, the stock MBB opened at 28.75 VND, reached a high of 28.75 VND, a low of 28.50 VND, and closed the hour at 28.50 VND with a trading volume of 5,610,000 shares."
2026-03-02 09:00:00,28.0,28.1,27.6,27.95,20209300,MBB,"At 2026-03-02 09:00:00, the stock MBB opened at 28.00 VND, reached a high of 28.10 VND, a low of 27.60 VND, and closed the hour at 27.95 VND with a trading volume of 20,209,300 shares."
2026-03-02 10:00:00,28.0,28.1,27.9,28.05,5856300,MBB,"At 2026-03-02 10:00:00, the stock MBB opened at 28.00 VND, reached a high of 28.10 VND, a low of 27.90 VND, and closed the hour at 28.05 VND with a trading volume of 5,856,300 shares."
2026-03-02 11:00:00,28.0,28.2,28.0,28.0,3990600,MBB,"At 2026-03-02 11:00:00, the stock MBB opened at 28.00 VND, reached a high of 28.20 VND, a low of 28.00 VND, and closed the hour at 28.00 VND with a trading volume of 3,990,600 shares."
2026-03-02 13:00:00,28.05,28.1,27.95,28.0,6860300,MBB,"At 2026-03-02 13:00:00, the stock MBB opened at 28.05 VND, reached a high of 28.10 VND, a low of 27.95 VND, and closed the hour at 28.00 VND with a trading volume of 6,860,300 shares."
2026-03-02 14:00:00,28.0,28.0,27.65,27.65,14258900,MBB,"At 2026-03-02 14:00:00, the stock MBB opened at 28.00 VND, reached a high of 28.00 VND, a low of 27.65 VND, and closed the hour at 27.65 VND with a trading volume of 14,258,900 shares."
2026-03-03 09:00:00,27.75,27.85,27.6,27.8,9155300,MBB,"At 2026-03-03 09:00:00, the stock MBB opened at 27.75 VND, reached a high of 27.85 VND, a low of 27.60 VND, and closed the hour at 27.80 VND with a trading volume of 9,155,300 shares."
2026-03-03 10:00:00,27.8,27.85,27.6,27.65,3868900,MBB,"At 2026-03-03 10:00:00, the stock MBB opened at 27.80 VND, reached a high of 27.85 VND, a low of 27.60 VND, and closed the hour at 27.65 VND with a trading volume of 3,868,900 shares."
2026-03-03 11:00:00,27.65,27.65,27.5,27.55,2953200,MBB,"At 2026-03-03 11:00:00, the stock MBB opened at 27.65 VND, reached a high of 27.65 VND, a low of 27.50 VND, and closed the hour at 27.55 VND with a trading volume of 2,953,200 shares."
2026-03-03 13:00:00,27.55,27.55,27.0,27.15,16615200,MBB,"At 2026-03-03 13:00:00, the stock MBB opened at 27.55 VND, reached a high of 27.55 VND, a low of 27.00 VND, and closed the hour at 27.15 VND with a trading volume of 16,615,200 shares."
2026-03-03 14:00:00,27.2,27.2,27.0,27.05,9652100,MBB,"At 2026-03-03 14:00:00, the stock MBB opened at 27.20 VND, reached a high of 27.20 VND, a low of 27.00 VND, and closed the hour at 27.05 VND with a trading volume of 9,652,100 shares."
2026-03-04 09:00:00,27.1,27.4,26.95,27.1,6214800,MBB,"At 2026-03-04 09:00:00, the stock MBB opened at 27.10 VND, reached a high of 27.40 VND, a low of 26.95 VND, and closed the hour at 27.10 VND with a trading volume of 6,214,800 shares."
2026-03-04 10:00:00,27.1,27.15,26.65,26.7,11599600,MBB,"At 2026-03-04 10:00:00, the stock MBB opened at 27.10 VND, reached a high of 27.15 VND, a low of 26.65 VND, and closed the hour at 26.70 VND with a trading volume of 11,599,600 shares."
2026-03-04 11:00:00,26.7,26.85,26.65,26.75,3207900,MBB,"At 2026-03-04 11:00:00, the stock MBB opened at 26.70 VND, reached a high of 26.85 VND, a low of 26.65 VND, and closed the hour at 26.75 VND with a trading volume of 3,207,900 shares."
2026-03-04 13:00:00,26.8,26.8,26.35,26.6,15485100,MBB,"At 2026-03-04 13:00:00, the stock MBB opened at 26.80 VND, reached a high of 26.80 VND, a low of 26.35 VND, and closed the hour at 26.60 VND with a trading volume of 15,485,100 shares."
2026-03-04 14:00:00,26.6,27.1,26.6,26.95,5597800,MBB,"At 2026-03-04 14:00:00, the stock MBB opened at 26.60 VND, reached a high of 27.10 VND, a low of 26.60 VND, and closed the hour at 26.95 VND with a trading volume of 5,597,800 shares."
2026-03-05 09:00:00,27.45,27.55,27.2,27.3,4243300,MBB,"At 2026-03-05 09:00:00, the stock MBB opened at 27.45 VND, reached a high of 27.55 VND, a low of 27.20 VND, and closed the hour at 27.30 VND with a trading volume of 4,243,300 shares."
2026-03-05 10:00:00,27.35,27.45,27.3,27.4,3616600,MBB,"At 2026-03-05 10:00:00, the stock MBB opened at 27.35 VND, reached a high of 27.45 VND, a low of 27.30 VND, and closed the hour at 27.40 VND with a trading volume of 3,616,600 shares."
2026-03-05 11:00:00,27.35,27.4,27.3,27.3,988700,MBB,"At 2026-03-05 11:00:00, the stock MBB opened at 27.35 VND, reached a high of 27.40 VND, a low of 27.30 VND, and closed the hour at 27.30 VND with a trading volume of 988,700 shares."
2026-03-05 13:00:00,27.3,27.35,27.0,27.1,5106700,MBB,"At 2026-03-05 13:00:00, the stock MBB opened at 27.30 VND, reached a high of 27.35 VND, a low of 27.00 VND, and closed the hour at 27.10 VND with a trading volume of 5,106,700 shares."
2026-03-05 14:00:00,27.05,27.2,27.05,27.05,3353400,MBB,"At 2026-03-05 14:00:00, the stock MBB opened at 27.05 VND, reached a high of 27.20 VND, a low of 27.05 VND, and closed the hour at 27.05 VND with a trading volume of 3,353,400 shares."
2026-03-06 09:00:00,27.1,27.15,26.65,27.0,5404800,MBB,"At 2026-03-06 09:00:00, the stock MBB opened at 27.10 VND, reached a high of 27.15 VND, a low of 26.65 VND, and closed the hour at 27.00 VND with a trading volume of 5,404,800 shares."
2026-03-06 10:00:00,26.95,27.1,26.85,27.05,3576200,MBB,"At 2026-03-06 10:00:00, the stock MBB opened at 26.95 VND, reached a high of 27.10 VND, a low of 26.85 VND, and closed the hour at 27.05 VND with a trading volume of 3,576,200 shares."
2026-03-06 11:00:00,27.05,27.15,27.05,27.1,1674000,MBB,"At 2026-03-06 11:00:00, the stock MBB opened at 27.05 VND, reached a high of 27.15 VND, a low of 27.05 VND, and closed the hour at 27.10 VND with a trading volume of 1,674,000 shares."
2026-03-06 13:00:00,27.1,27.1,26.85,26.9,4302000,MBB,"At 2026-03-06 13:00:00, the stock MBB opened at 27.10 VND, reached a high of 27.10 VND, a low of 26.85 VND, and closed the hour at 26.90 VND with a trading volume of 4,302,000 shares."
2026-03-06 14:00:00,26.9,27.1,26.7,26.7,7209600,MBB,"At 2026-03-06 14:00:00, the stock MBB opened at 26.90 VND, reached a high of 27.10 VND, a low of 26.70 VND, and closed the hour at 26.70 VND with a trading volume of 7,209,600 shares."
2026-03-09 09:00:00,24.9,25.65,24.85,24.9,32619700,MBB,"At 2026-03-09 09:00:00, the stock MBB opened at 24.90 VND, reached a high of 25.65 VND, a low of 24.85 VND, and closed the hour at 24.90 VND with a trading volume of 32,619,700 shares."
2026-03-09 10:00:00,24.9,24.9,24.85,24.85,10315000,MBB,"At 2026-03-09 10:00:00, the stock MBB opened at 24.90 VND, reached a high of 24.90 VND, a low of 24.85 VND, and closed the hour at 24.85 VND with a trading volume of 10,315,000 shares."
2026-03-09 11:00:00,24.85,24.85,24.85,24.85,1021000,MBB,"At 2026-03-09 11:00:00, the stock MBB opened at 24.85 VND, reached a high of 24.85 VND, a low of 24.85 VND, and closed the hour at 24.85 VND with a trading volume of 1,021,000 shares."
2026-03-09 13:00:00,24.85,25.2,24.85,24.85,24914900,MBB,"At 2026-03-09 13:00:00, the stock MBB opened at 24.85 VND, reached a high of 25.20 VND, a low of 24.85 VND, and closed the hour at 24.85 VND with a trading volume of 24,914,900 shares."
2026-03-09 14:00:00,24.85,24.85,24.85,24.85,4186700,MBB,"At 2026-03-09 14:00:00, the stock MBB opened at 24.85 VND, reached a high of 24.85 VND, a low of 24.85 VND, and closed the hour at 24.85 VND with a trading volume of 4,186,700 shares."
2026-03-10 09:00:00,26.1,26.1,25.6,26.0,14719400,MBB,"At 2026-03-10 09:00:00, the stock MBB opened at 26.10 VND, reached a high of 26.10 VND, a low of 25.60 VND, and closed the hour at 26.00 VND with a trading volume of 14,719,400 shares."
2026-03-10 10:00:00,26.05,26.55,26.0,26.3,10772500,MBB,"At 2026-03-10 10:00:00, the stock MBB opened at 26.05 VND, reached a high of 26.55 VND, a low of 26.00 VND, and closed the hour at 26.30 VND with a trading volume of 10,772,500 shares."
2026-03-10 11:00:00,26.25,26.3,26.15,26.15,1578500,MBB,"At 2026-03-10 11:00:00, the stock MBB opened at 26.25 VND, reached a high of 26.30 VND, a low of 26.15 VND, and closed the hour at 26.15 VND with a trading volume of 1,578,500 shares."
2026-03-10 13:00:00,26.2,26.25,26.05,26.05,4947200,MBB,"At 2026-03-10 13:00:00, the stock MBB opened at 26.20 VND, reached a high of 26.25 VND, a low of 26.05 VND, and closed the hour at 26.05 VND with a trading volume of 4,947,200 shares."
2026-03-10 14:00:00,26.05,26.55,26.05,26.55,5826900,MBB,"At 2026-03-10 14:00:00, the stock MBB opened at 26.05 VND, reached a high of 26.55 VND, a low of 26.05 VND, and closed the hour at 26.55 VND with a trading volume of 5,826,900 shares."
2026-03-11 09:00:00,26.55,26.65,26.45,26.5,3020500,MBB,"At 2026-03-11 09:00:00, the stock MBB opened at 26.55 VND, reached a high of 26.65 VND, a low of 26.45 VND, and closed the hour at 26.50 VND with a trading volume of 3,020,500 shares."
2026-03-11 10:00:00,26.5,26.75,26.45,26.75,2307500,MBB,"At 2026-03-11 10:00:00, the stock MBB opened at 26.50 VND, reached a high of 26.75 VND, a low of 26.45 VND, and closed the hour at 26.75 VND with a trading volume of 2,307,500 shares."
2026-03-11 11:00:00,26.7,26.8,26.7,26.75,2581400,MBB,"At 2026-03-11 11:00:00, the stock MBB opened at 26.70 VND, reached a high of 26.80 VND, a low of 26.70 VND, and closed the hour at 26.75 VND with a trading volume of 2,581,400 shares."
2026-03-11 13:00:00,26.75,27.0,26.6,26.9,8846400,MBB,"At 2026-03-11 13:00:00, the stock MBB opened at 26.75 VND, reached a high of 27.00 VND, a low of 26.60 VND, and closed the hour at 26.90 VND with a trading volume of 8,846,400 shares."
2026-03-11 14:00:00,26.9,27.0,26.7,26.8,5456800,MBB,"At 2026-03-11 14:00:00, the stock MBB opened at 26.90 VND, reached a high of 27.00 VND, a low of 26.70 VND, and closed the hour at 26.80 VND with a trading volume of 5,456,800 shares."
2026-03-12 09:00:00,26.5,26.8,26.0,26.65,4602900,MBB,"At 2026-03-12 09:00:00, the stock MBB opened at 26.50 VND, reached a high of 26.80 VND, a low of 26.00 VND, and closed the hour at 26.65 VND with a trading volume of 4,602,900 shares."
2026-03-12 10:00:00,26.65,26.7,26.4,26.55,4172000,MBB,"At 2026-03-12 10:00:00, the stock MBB opened at 26.65 VND, reached a high of 26.70 VND, a low of 26.40 VND, and closed the hour at 26.55 VND with a trading volume of 4,172,000 shares."
2026-03-12 11:00:00,26.55,26.55,26.4,26.4,1186600,MBB,"At 2026-03-12 11:00:00, the stock MBB opened at 26.55 VND, reached a high of 26.55 VND, a low of 26.40 VND, and closed the hour at 26.40 VND with a trading volume of 1,186,600 shares."
2026-03-12 13:00:00,26.45,26.55,26.2,26.45,5273400,MBB,"At 2026-03-12 13:00:00, the stock MBB opened at 26.45 VND, reached a high of 26.55 VND, a low of 26.20 VND, and closed the hour at 26.45 VND with a trading volume of 5,273,400 shares."
2026-03-12 14:00:00,26.5,26.5,26.25,26.25,3840700,MBB,"At 2026-03-12 14:00:00, the stock MBB opened at 26.50 VND, reached a high of 26.50 VND, a low of 26.25 VND, and closed the hour at 26.25 VND with a trading volume of 3,840,700 shares."
2026-03-13 09:00:00,26.2,26.45,25.8,26.4,4802500,MBB,"At 2026-03-13 09:00:00, the stock MBB opened at 26.20 VND, reached a high of 26.45 VND, a low of 25.80 VND, and closed the hour at 26.40 VND with a trading volume of 4,802,500 shares."
2026-03-13 10:00:00,26.4,26.5,26.0,26.25,3660900,MBB,"At 2026-03-13 10:00:00, the stock MBB opened at 26.40 VND, reached a high of 26.50 VND, a low of 26.00 VND, and closed the hour at 26.25 VND with a trading volume of 3,660,900 shares."
2026-03-13 11:00:00,26.25,26.4,26.2,26.3,702700,MBB,"At 2026-03-13 11:00:00, the stock MBB opened at 26.25 VND, reached a high of 26.40 VND, a low of 26.20 VND, and closed the hour at 26.30 VND with a trading volume of 702,700 shares."
2026-03-13 13:00:00,26.3,26.3,26.1,26.25,3408000,MBB,"At 2026-03-13 13:00:00, the stock MBB opened at 26.30 VND, reached a high of 26.30 VND, a low of 26.10 VND, and closed the hour at 26.25 VND with a trading volume of 3,408,000 shares."
2026-03-13 14:00:00,26.3,26.3,26.15,26.15,4740600,MBB,"At 2026-03-13 14:00:00, the stock MBB opened at 26.30 VND, reached a high of 26.30 VND, a low of 26.15 VND, and closed the hour at 26.15 VND with a trading volume of 4,740,600 shares."
2026-03-16 09:00:00,26.15,26.5,26.15,26.2,2520800,MBB,"At 2026-03-16 09:00:00, the stock MBB opened at 26.15 VND, reached a high of 26.50 VND, a low of 26.15 VND, and closed the hour at 26.20 VND with a trading volume of 2,520,800 shares."
2026-03-16 10:00:00,26.2,26.25,26.1,26.15,2883000,MBB,"At 2026-03-16 10:00:00, the stock MBB opened at 26.20 VND, reached a high of 26.25 VND, a low of 26.10 VND, and closed the hour at 26.15 VND with a trading volume of 2,883,000 shares."
2026-03-16 11:00:00,26.15,26.25,26.1,26.15,601800,MBB,"At 2026-03-16 11:00:00, the stock MBB opened at 26.15 VND, reached a high of 26.25 VND, a low of 26.10 VND, and closed the hour at 26.15 VND with a trading volume of 601,800 shares."
2026-03-16 13:00:00,26.15,26.25,26.1,26.15,3231000,MBB,"At 2026-03-16 13:00:00, the stock MBB opened at 26.15 VND, reached a high of 26.25 VND, a low of 26.10 VND, and closed the hour at 26.15 VND with a trading volume of 3,231,000 shares."
2026-03-16 14:00:00,26.15,26.3,26.1,26.1,3211600,MBB,"At 2026-03-16 14:00:00, the stock MBB opened at 26.15 VND, reached a high of 26.30 VND, a low of 26.10 VND, and closed the hour at 26.10 VND with a trading volume of 3,211,600 shares."
2026-03-17 09:00:00,26.4,26.75,26.35,26.6,2773100,MBB,"At 2026-03-17 09:00:00, the stock MBB opened at 26.40 VND, reached a high of 26.75 VND, a low of 26.35 VND, and closed the hour at 26.60 VND with a trading volume of 2,773,100 shares."
2026-03-17 10:00:00,26.6,26.7,26.6,26.65,1807000,MBB,"At 2026-03-17 10:00:00, the stock MBB opened at 26.60 VND, reached a high of 26.70 VND, a low of 26.60 VND, and closed the hour at 26.65 VND with a trading volume of 1,807,000 shares."
2026-03-17 11:00:00,26.65,26.65,26.6,26.65,510100,MBB,"At 2026-03-17 11:00:00, the stock MBB opened at 26.65 VND, reached a high of 26.65 VND, a low of 26.60 VND, and closed the hour at 26.65 VND with a trading volume of 510,100 shares."
2026-03-17 13:00:00,26.6,26.65,26.25,26.35,2833200,MBB,"At 2026-03-17 13:00:00, the stock MBB opened at 26.60 VND, reached a high of 26.65 VND, a low of 26.25 VND, and closed the hour at 26.35 VND with a trading volume of 2,833,200 shares."
2026-03-17 14:00:00,26.3,26.5,26.25,26.35,1591100,MBB,"At 2026-03-17 14:00:00, the stock MBB opened at 26.30 VND, reached a high of 26.50 VND, a low of 26.25 VND, and closed the hour at 26.35 VND with a trading volume of 1,591,100 shares."
2026-03-18 09:00:00,26.7,26.9,26.55,26.7,3581200,MBB,"At 2026-03-18 09:00:00, the stock MBB opened at 26.70 VND, reached a high of 26.90 VND, a low of 26.55 VND, and closed the hour at 26.70 VND with a trading volume of 3,581,200 shares."
2026-03-18 10:00:00,26.7,26.75,26.5,26.55,1550500,MBB,"At 2026-03-18 10:00:00, the stock MBB opened at 26.70 VND, reached a high of 26.75 VND, a low of 26.50 VND, and closed the hour at 26.55 VND with a trading volume of 1,550,500 shares."
2026-03-18 11:00:00,26.55,26.6,25.75,26.15,2778300,MBB,"At 2026-03-18 11:00:00, the stock MBB opened at 26.55 VND, reached a high of 26.60 VND, a low of 25.75 VND, and closed the hour at 26.15 VND with a trading volume of 2,778,300 shares."
2026-03-18 13:00:00,26.2,26.65,26.15,26.5,4113600,MBB,"At 2026-03-18 13:00:00, the stock MBB opened at 26.20 VND, reached a high of 26.65 VND, a low of 26.15 VND, and closed the hour at 26.50 VND with a trading volume of 4,113,600 shares."
2026-03-18 14:00:00,26.45,26.6,26.3,26.3,2905900,MBB,"At 2026-03-18 14:00:00, the stock MBB opened at 26.45 VND, reached a high of 26.60 VND, a low of 26.30 VND, and closed the hour at 26.30 VND with a trading volume of 2,905,900 shares."
2026-03-19 09:00:00,26.05,26.2,25.95,26.2,4331700,MBB,"At 2026-03-19 09:00:00, the stock MBB opened at 26.05 VND, reached a high of 26.20 VND, a low of 25.95 VND, and closed the hour at 26.20 VND with a trading volume of 4,331,700 shares."
2026-03-19 10:00:00,26.15,26.25,26.05,26.2,1781200,MBB,"At 2026-03-19 10:00:00, the stock MBB opened at 26.15 VND, reached a high of 26.25 VND, a low of 26.05 VND, and closed the hour at 26.20 VND with a trading volume of 1,781,200 shares."
2026-03-19 11:00:00,26.2,26.25,26.05,26.1,687500,MBB,"At 2026-03-19 11:00:00, the stock MBB opened at 26.20 VND, reached a high of 26.25 VND, a low of 26.05 VND, and closed the hour at 26.10 VND with a trading volume of 687,500 shares."
2026-03-19 13:00:00,26.1,26.15,25.9,26.0,4537200,MBB,"At 2026-03-19 13:00:00, the stock MBB opened at 26.10 VND, reached a high of 26.15 VND, a low of 25.90 VND, and closed the hour at 26.00 VND with a trading volume of 4,537,200 shares."
2026-03-19 14:00:00,26.0,26.5,26.0,26.4,8386600,MBB,"At 2026-03-19 14:00:00, the stock MBB opened at 26.00 VND, reached a high of 26.50 VND, a low of 26.00 VND, and closed the hour at 26.40 VND with a trading volume of 8,386,600 shares."
2026-03-20 09:00:00,26.3,26.35,26.1,26.1,1667900,MBB,"At 2026-03-20 09:00:00, the stock MBB opened at 26.30 VND, reached a high of 26.35 VND, a low of 26.10 VND, and closed the hour at 26.10 VND with a trading volume of 1,667,900 shares."
2026-03-20 10:00:00,26.1,26.3,26.1,26.15,1934700,MBB,"At 2026-03-20 10:00:00, the stock MBB opened at 26.10 VND, reached a high of 26.30 VND, a low of 26.10 VND, and closed the hour at 26.15 VND with a trading volume of 1,934,700 shares."
2026-03-20 11:00:00,26.2,26.2,26.1,26.1,633300,MBB,"At 2026-03-20 11:00:00, the stock MBB opened at 26.20 VND, reached a high of 26.20 VND, a low of 26.10 VND, and closed the hour at 26.10 VND with a trading volume of 633,300 shares."
2026-03-20 13:00:00,26.1,26.2,26.0,26.05,5297100,MBB,"At 2026-03-20 13:00:00, the stock MBB opened at 26.10 VND, reached a high of 26.20 VND, a low of 26.00 VND, and closed the hour at 26.05 VND with a trading volume of 5,297,100 shares."
2026-03-20 14:00:00,26.0,26.05,25.95,25.95,3772900,MBB,"At 2026-03-20 14:00:00, the stock MBB opened at 26.00 VND, reached a high of 26.05 VND, a low of 25.95 VND, and closed the hour at 25.95 VND with a trading volume of 3,772,900 shares."
