time,open,high,low,close,volume,ticker,llm_text
2023-09-11 09:00:00,6.5,6.5,6.5,6.5,400,MGR,"At 2023-09-11 09:00:00, the stock MGR opened at 6.50 VND, reached a high of 6.50 VND, a low of 6.50 VND, and closed the hour at 6.50 VND with a trading volume of 400 shares."
2023-09-13 10:00:00,6.0,6.0,6.0,6.0,700,MGR,"At 2023-09-13 10:00:00, the stock MGR opened at 6.00 VND, reached a high of 6.00 VND, a low of 6.00 VND, and closed the hour at 6.00 VND with a trading volume of 700 shares."
2023-09-13 13:00:00,6.0,6.4,6.0,6.4,2000,MGR,"At 2023-09-13 13:00:00, the stock MGR opened at 6.00 VND, reached a high of 6.40 VND, a low of 6.00 VND, and closed the hour at 6.40 VND with a trading volume of 2,000 shares."
2023-09-14 09:00:00,6.5,6.5,6.5,6.5,100,MGR,"At 2023-09-14 09:00:00, the stock MGR opened at 6.50 VND, reached a high of 6.50 VND, a low of 6.50 VND, and closed the hour at 6.50 VND with a trading volume of 100 shares."
2023-09-15 09:00:00,6.8,6.8,5.7,5.7,400,MGR,"At 2023-09-15 09:00:00, the stock MGR opened at 6.80 VND, reached a high of 6.80 VND, a low of 5.70 VND, and closed the hour at 5.70 VND with a trading volume of 400 shares."
2023-09-18 09:00:00,6.8,6.8,6.8,6.8,100,MGR,"At 2023-09-18 09:00:00, the stock MGR opened at 6.80 VND, reached a high of 6.80 VND, a low of 6.80 VND, and closed the hour at 6.80 VND with a trading volume of 100 shares."
2023-09-27 13:00:00,5.8,5.8,5.8,5.8,300,MGR,"At 2023-09-27 13:00:00, the stock MGR opened at 5.80 VND, reached a high of 5.80 VND, a low of 5.80 VND, and closed the hour at 5.80 VND with a trading volume of 300 shares."
2023-09-27 14:00:00,5.8,6.5,5.8,6.5,1800,MGR,"At 2023-09-27 14:00:00, the stock MGR opened at 5.80 VND, reached a high of 6.50 VND, a low of 5.80 VND, and closed the hour at 6.50 VND with a trading volume of 1,800 shares."
2023-10-02 11:00:00,5.8,5.8,5.8,5.8,300,MGR,"At 2023-10-02 11:00:00, the stock MGR opened at 5.80 VND, reached a high of 5.80 VND, a low of 5.80 VND, and closed the hour at 5.80 VND with a trading volume of 300 shares."
2023-10-02 13:00:00,5.8,5.8,5.8,5.8,1400,MGR,"At 2023-10-02 13:00:00, the stock MGR opened at 5.80 VND, reached a high of 5.80 VND, a low of 5.80 VND, and closed the hour at 5.80 VND with a trading volume of 1,400 shares."
2023-10-03 09:00:00,5.8,5.8,5.8,5.8,100,MGR,"At 2023-10-03 09:00:00, the stock MGR opened at 5.80 VND, reached a high of 5.80 VND, a low of 5.80 VND, and closed the hour at 5.80 VND with a trading volume of 100 shares."
2023-10-03 10:00:00,6.6,6.6,6.6,6.6,100,MGR,"At 2023-10-03 10:00:00, the stock MGR opened at 6.60 VND, reached a high of 6.60 VND, a low of 6.60 VND, and closed the hour at 6.60 VND with a trading volume of 100 shares."
2023-10-03 13:00:00,6.1,6.1,5.5,5.5,1800,MGR,"At 2023-10-03 13:00:00, the stock MGR opened at 6.10 VND, reached a high of 6.10 VND, a low of 5.50 VND, and closed the hour at 5.50 VND with a trading volume of 1,800 shares."
2023-10-03 14:00:00,6.0,6.0,6.0,6.0,100,MGR,"At 2023-10-03 14:00:00, the stock MGR opened at 6.00 VND, reached a high of 6.00 VND, a low of 6.00 VND, and closed the hour at 6.00 VND with a trading volume of 100 shares."
2023-10-04 13:00:00,5.5,5.5,5.5,5.5,500,MGR,"At 2023-10-04 13:00:00, the stock MGR opened at 5.50 VND, reached a high of 5.50 VND, a low of 5.50 VND, and closed the hour at 5.50 VND with a trading volume of 500 shares."
2023-10-06 09:00:00,5.8,5.8,5.8,5.8,100,MGR,"At 2023-10-06 09:00:00, the stock MGR opened at 5.80 VND, reached a high of 5.80 VND, a low of 5.80 VND, and closed the hour at 5.80 VND with a trading volume of 100 shares."
2023-10-09 14:00:00,6.5,6.5,6.5,6.5,100,MGR,"At 2023-10-09 14:00:00, the stock MGR opened at 6.50 VND, reached a high of 6.50 VND, a low of 6.50 VND, and closed the hour at 6.50 VND with a trading volume of 100 shares."
2023-10-16 10:00:00,5.6,5.6,5.6,5.6,100,MGR,"At 2023-10-16 10:00:00, the stock MGR opened at 5.60 VND, reached a high of 5.60 VND, a low of 5.60 VND, and closed the hour at 5.60 VND with a trading volume of 100 shares."
2023-10-16 13:00:00,5.6,6.4,5.6,6.4,400,MGR,"At 2023-10-16 13:00:00, the stock MGR opened at 5.60 VND, reached a high of 6.40 VND, a low of 5.60 VND, and closed the hour at 6.40 VND with a trading volume of 400 shares."
2023-10-19 09:00:00,5.5,5.5,5.5,5.5,800,MGR,"At 2023-10-19 09:00:00, the stock MGR opened at 5.50 VND, reached a high of 5.50 VND, a low of 5.50 VND, and closed the hour at 5.50 VND with a trading volume of 800 shares."
2023-10-19 10:00:00,5.1,5.1,5.1,5.1,1000,MGR,"At 2023-10-19 10:00:00, the stock MGR opened at 5.10 VND, reached a high of 5.10 VND, a low of 5.10 VND, and closed the hour at 5.10 VND with a trading volume of 1,000 shares."
2023-10-19 13:00:00,6.5,6.5,6.5,6.5,100,MGR,"At 2023-10-19 13:00:00, the stock MGR opened at 6.50 VND, reached a high of 6.50 VND, a low of 6.50 VND, and closed the hour at 6.50 VND with a trading volume of 100 shares."
2023-10-20 14:00:00,5.3,5.3,5.3,5.3,1000,MGR,"At 2023-10-20 14:00:00, the stock MGR opened at 5.30 VND, reached a high of 5.30 VND, a low of 5.30 VND, and closed the hour at 5.30 VND with a trading volume of 1,000 shares."
2023-10-24 09:00:00,6.0,6.0,6.0,6.0,100,MGR,"At 2023-10-24 09:00:00, the stock MGR opened at 6.00 VND, reached a high of 6.00 VND, a low of 6.00 VND, and closed the hour at 6.00 VND with a trading volume of 100 shares."
2023-10-31 09:00:00,6.7,6.7,5.3,5.3,600,MGR,"At 2023-10-31 09:00:00, the stock MGR opened at 6.70 VND, reached a high of 6.70 VND, a low of 5.30 VND, and closed the hour at 5.30 VND with a trading volume of 600 shares."
2023-10-31 13:00:00,5.3,5.3,5.1,5.1,1700,MGR,"At 2023-10-31 13:00:00, the stock MGR opened at 5.30 VND, reached a high of 5.30 VND, a low of 5.10 VND, and closed the hour at 5.10 VND with a trading volume of 1,700 shares."
2023-11-02 10:00:00,6.0,6.0,6.0,6.0,200,MGR,"At 2023-11-02 10:00:00, the stock MGR opened at 6.00 VND, reached a high of 6.00 VND, a low of 6.00 VND, and closed the hour at 6.00 VND with a trading volume of 200 shares."
2023-11-03 09:00:00,6.8,6.8,6.8,6.8,100,MGR,"At 2023-11-03 09:00:00, the stock MGR opened at 6.80 VND, reached a high of 6.80 VND, a low of 6.80 VND, and closed the hour at 6.80 VND with a trading volume of 100 shares."
2023-11-20 14:00:00,5.8,5.8,5.8,5.8,100,MGR,"At 2023-11-20 14:00:00, the stock MGR opened at 5.80 VND, reached a high of 5.80 VND, a low of 5.80 VND, and closed the hour at 5.80 VND with a trading volume of 100 shares."
2023-11-21 09:00:00,6.6,6.6,6.6,6.6,100,MGR,"At 2023-11-21 09:00:00, the stock MGR opened at 6.60 VND, reached a high of 6.60 VND, a low of 6.60 VND, and closed the hour at 6.60 VND with a trading volume of 100 shares."
2023-12-25 13:00:00,5.7,5.7,5.7,5.7,4900,MGR,"At 2023-12-25 13:00:00, the stock MGR opened at 5.70 VND, reached a high of 5.70 VND, a low of 5.70 VND, and closed the hour at 5.70 VND with a trading volume of 4,900 shares."
2023-12-25 14:00:00,5.7,6.0,5.7,6.0,1400,MGR,"At 2023-12-25 14:00:00, the stock MGR opened at 5.70 VND, reached a high of 6.00 VND, a low of 5.70 VND, and closed the hour at 6.00 VND with a trading volume of 1,400 shares."
2023-12-29 11:00:00,6.3,6.3,6.3,6.3,100,MGR,"At 2023-12-29 11:00:00, the stock MGR opened at 6.30 VND, reached a high of 6.30 VND, a low of 6.30 VND, and closed the hour at 6.30 VND with a trading volume of 100 shares."
2024-01-03 09:00:00,5.5,5.5,5.5,5.5,5000,MGR,"At 2024-01-03 09:00:00, the stock MGR opened at 5.50 VND, reached a high of 5.50 VND, a low of 5.50 VND, and closed the hour at 5.50 VND with a trading volume of 5,000 shares."
2024-01-05 10:00:00,5.0,6.0,5.0,6.0,1100,MGR,"At 2024-01-05 10:00:00, the stock MGR opened at 5.00 VND, reached a high of 6.00 VND, a low of 5.00 VND, and closed the hour at 6.00 VND with a trading volume of 1,100 shares."
2024-01-09 14:00:00,5.7,5.7,5.7,5.7,100,MGR,"At 2024-01-09 14:00:00, the stock MGR opened at 5.70 VND, reached a high of 5.70 VND, a low of 5.70 VND, and closed the hour at 5.70 VND with a trading volume of 100 shares."
2024-01-22 13:00:00,5.7,6.3,5.7,6.3,400,MGR,"At 2024-01-22 13:00:00, the stock MGR opened at 5.70 VND, reached a high of 6.30 VND, a low of 5.70 VND, and closed the hour at 6.30 VND with a trading volume of 400 shares."
2024-01-23 09:00:00,5.9,5.9,5.9,5.9,100,MGR,"At 2024-01-23 09:00:00, the stock MGR opened at 5.90 VND, reached a high of 5.90 VND, a low of 5.90 VND, and closed the hour at 5.90 VND with a trading volume of 100 shares."
2024-01-23 13:00:00,5.9,5.9,5.9,5.9,600,MGR,"At 2024-01-23 13:00:00, the stock MGR opened at 5.90 VND, reached a high of 5.90 VND, a low of 5.90 VND, and closed the hour at 5.90 VND with a trading volume of 600 shares."
2024-01-26 09:00:00,6.5,6.5,6.5,6.5,100,MGR,"At 2024-01-26 09:00:00, the stock MGR opened at 6.50 VND, reached a high of 6.50 VND, a low of 6.50 VND, and closed the hour at 6.50 VND with a trading volume of 100 shares."
2024-01-26 13:00:00,5.2,5.2,5.2,5.2,100,MGR,"At 2024-01-26 13:00:00, the stock MGR opened at 5.20 VND, reached a high of 5.20 VND, a low of 5.20 VND, and closed the hour at 5.20 VND with a trading volume of 100 shares."
2024-02-02 10:00:00,5.9,5.9,5.9,5.9,3800,MGR,"At 2024-02-02 10:00:00, the stock MGR opened at 5.90 VND, reached a high of 5.90 VND, a low of 5.90 VND, and closed the hour at 5.90 VND with a trading volume of 3,800 shares."
2024-02-02 11:00:00,5.9,5.9,5.9,5.9,5000,MGR,"At 2024-02-02 11:00:00, the stock MGR opened at 5.90 VND, reached a high of 5.90 VND, a low of 5.90 VND, and closed the hour at 5.90 VND with a trading volume of 5,000 shares."
2024-02-02 13:00:00,6.0,6.0,6.0,6.0,6500,MGR,"At 2024-02-02 13:00:00, the stock MGR opened at 6.00 VND, reached a high of 6.00 VND, a low of 6.00 VND, and closed the hour at 6.00 VND with a trading volume of 6,500 shares."
2024-02-07 10:00:00,6.7,6.7,6.7,6.7,100,MGR,"At 2024-02-07 10:00:00, the stock MGR opened at 6.70 VND, reached a high of 6.70 VND, a low of 6.70 VND, and closed the hour at 6.70 VND with a trading volume of 100 shares."
2024-02-19 09:00:00,7.4,7.4,7.4,7.4,100,MGR,"At 2024-02-19 09:00:00, the stock MGR opened at 7.40 VND, reached a high of 7.40 VND, a low of 7.40 VND, and closed the hour at 7.40 VND with a trading volume of 100 shares."
2024-02-20 09:00:00,7.7,7.7,7.7,7.7,100,MGR,"At 2024-02-20 09:00:00, the stock MGR opened at 7.70 VND, reached a high of 7.70 VND, a low of 7.70 VND, and closed the hour at 7.70 VND with a trading volume of 100 shares."
2024-02-28 14:00:00,6.6,6.6,6.6,6.6,300,MGR,"At 2024-02-28 14:00:00, the stock MGR opened at 6.60 VND, reached a high of 6.60 VND, a low of 6.60 VND, and closed the hour at 6.60 VND with a trading volume of 300 shares."
2024-02-29 10:00:00,6.9,6.9,6.9,6.9,100,MGR,"At 2024-02-29 10:00:00, the stock MGR opened at 6.90 VND, reached a high of 6.90 VND, a low of 6.90 VND, and closed the hour at 6.90 VND with a trading volume of 100 shares."
2024-03-04 09:00:00,7.5,7.5,7.5,7.5,100,MGR,"At 2024-03-04 09:00:00, the stock MGR opened at 7.50 VND, reached a high of 7.50 VND, a low of 7.50 VND, and closed the hour at 7.50 VND with a trading volume of 100 shares."
2024-03-15 10:00:00,6.4,6.4,6.4,6.4,100,MGR,"At 2024-03-15 10:00:00, the stock MGR opened at 6.40 VND, reached a high of 6.40 VND, a low of 6.40 VND, and closed the hour at 6.40 VND with a trading volume of 100 shares."
2024-03-18 13:00:00,5.5,5.5,5.5,5.5,500,MGR,"At 2024-03-18 13:00:00, the stock MGR opened at 5.50 VND, reached a high of 5.50 VND, a low of 5.50 VND, and closed the hour at 5.50 VND with a trading volume of 500 shares."
2024-03-18 14:00:00,5.5,5.5,5.5,5.5,400,MGR,"At 2024-03-18 14:00:00, the stock MGR opened at 5.50 VND, reached a high of 5.50 VND, a low of 5.50 VND, and closed the hour at 5.50 VND with a trading volume of 400 shares."
2024-03-19 09:00:00,6.3,6.3,6.3,6.3,2900,MGR,"At 2024-03-19 09:00:00, the stock MGR opened at 6.30 VND, reached a high of 6.30 VND, a low of 6.30 VND, and closed the hour at 6.30 VND with a trading volume of 2,900 shares."
2024-03-26 13:00:00,5.4,5.4,5.4,5.4,100,MGR,"At 2024-03-26 13:00:00, the stock MGR opened at 5.40 VND, reached a high of 5.40 VND, a low of 5.40 VND, and closed the hour at 5.40 VND with a trading volume of 100 shares."
2024-03-26 14:00:00,6.3,6.3,6.3,6.3,100,MGR,"At 2024-03-26 14:00:00, the stock MGR opened at 6.30 VND, reached a high of 6.30 VND, a low of 6.30 VND, and closed the hour at 6.30 VND with a trading volume of 100 shares."
2024-03-28 09:00:00,6.7,6.7,6.6,6.6,600,MGR,"At 2024-03-28 09:00:00, the stock MGR opened at 6.70 VND, reached a high of 6.70 VND, a low of 6.60 VND, and closed the hour at 6.60 VND with a trading volume of 600 shares."
2024-03-29 14:00:00,6.5,6.5,6.5,6.5,1000,MGR,"At 2024-03-29 14:00:00, the stock MGR opened at 6.50 VND, reached a high of 6.50 VND, a low of 6.50 VND, and closed the hour at 6.50 VND with a trading volume of 1,000 shares."
2024-04-01 10:00:00,6.3,6.3,6.0,6.0,2000,MGR,"At 2024-04-01 10:00:00, the stock MGR opened at 6.30 VND, reached a high of 6.30 VND, a low of 6.00 VND, and closed the hour at 6.00 VND with a trading volume of 2,000 shares."
2024-04-01 13:00:00,5.9,5.9,5.9,5.9,1000,MGR,"At 2024-04-01 13:00:00, the stock MGR opened at 5.90 VND, reached a high of 5.90 VND, a low of 5.90 VND, and closed the hour at 5.90 VND with a trading volume of 1,000 shares."
2024-04-01 14:00:00,6.0,6.0,6.0,6.0,1000,MGR,"At 2024-04-01 14:00:00, the stock MGR opened at 6.00 VND, reached a high of 6.00 VND, a low of 6.00 VND, and closed the hour at 6.00 VND with a trading volume of 1,000 shares."
2024-04-03 10:00:00,5.2,5.5,5.2,5.5,300,MGR,"At 2024-04-03 10:00:00, the stock MGR opened at 5.20 VND, reached a high of 5.50 VND, a low of 5.20 VND, and closed the hour at 5.50 VND with a trading volume of 300 shares."
2024-04-03 11:00:00,6.0,6.0,6.0,6.0,200,MGR,"At 2024-04-03 11:00:00, the stock MGR opened at 6.00 VND, reached a high of 6.00 VND, a low of 6.00 VND, and closed the hour at 6.00 VND with a trading volume of 200 shares."
2024-04-19 09:00:00,4.8,4.8,4.8,4.8,100,MGR,"At 2024-04-19 09:00:00, the stock MGR opened at 4.80 VND, reached a high of 4.80 VND, a low of 4.80 VND, and closed the hour at 4.80 VND with a trading volume of 100 shares."
2024-04-19 13:00:00,4.8,4.8,4.8,4.8,500,MGR,"At 2024-04-19 13:00:00, the stock MGR opened at 4.80 VND, reached a high of 4.80 VND, a low of 4.80 VND, and closed the hour at 4.80 VND with a trading volume of 500 shares."
2024-04-22 09:00:00,5.5,5.5,5.5,5.5,100,MGR,"At 2024-04-22 09:00:00, the stock MGR opened at 5.50 VND, reached a high of 5.50 VND, a low of 5.50 VND, and closed the hour at 5.50 VND with a trading volume of 100 shares."
2024-04-24 09:00:00,6.2,6.2,6.2,6.2,100,MGR,"At 2024-04-24 09:00:00, the stock MGR opened at 6.20 VND, reached a high of 6.20 VND, a low of 6.20 VND, and closed the hour at 6.20 VND with a trading volume of 100 shares."
2024-04-25 13:00:00,5.3,5.3,5.3,5.3,2400,MGR,"At 2024-04-25 13:00:00, the stock MGR opened at 5.30 VND, reached a high of 5.30 VND, a low of 5.30 VND, and closed the hour at 5.30 VND with a trading volume of 2,400 shares."
2024-04-26 11:00:00,6.0,6.0,6.0,6.0,100,MGR,"At 2024-04-26 11:00:00, the stock MGR opened at 6.00 VND, reached a high of 6.00 VND, a low of 6.00 VND, and closed the hour at 6.00 VND with a trading volume of 100 shares."
2024-05-02 09:00:00,6.5,6.5,6.0,6.0,5100,MGR,"At 2024-05-02 09:00:00, the stock MGR opened at 6.50 VND, reached a high of 6.50 VND, a low of 6.00 VND, and closed the hour at 6.00 VND with a trading volume of 5,100 shares."
2024-05-16 10:00:00,5.6,5.6,5.6,5.6,100,MGR,"At 2024-05-16 10:00:00, the stock MGR opened at 5.60 VND, reached a high of 5.60 VND, a low of 5.60 VND, and closed the hour at 5.60 VND with a trading volume of 100 shares."
2024-05-17 09:00:00,5.6,5.6,5.6,5.6,1000,MGR,"At 2024-05-17 09:00:00, the stock MGR opened at 5.60 VND, reached a high of 5.60 VND, a low of 5.60 VND, and closed the hour at 5.60 VND with a trading volume of 1,000 shares."
2024-05-21 14:00:00,5.3,5.3,4.8,4.8,1100,MGR,"At 2024-05-21 14:00:00, the stock MGR opened at 5.30 VND, reached a high of 5.30 VND, a low of 4.80 VND, and closed the hour at 4.80 VND with a trading volume of 1,100 shares."
2024-05-22 09:00:00,4.8,5.4,4.8,5.4,200,MGR,"At 2024-05-22 09:00:00, the stock MGR opened at 4.80 VND, reached a high of 5.40 VND, a low of 4.80 VND, and closed the hour at 5.40 VND with a trading volume of 200 shares."
2024-05-22 13:00:00,5.3,5.3,5.3,5.3,400,MGR,"At 2024-05-22 13:00:00, the stock MGR opened at 5.30 VND, reached a high of 5.30 VND, a low of 5.30 VND, and closed the hour at 5.30 VND with a trading volume of 400 shares."
2024-05-23 09:00:00,5.3,5.3,5.3,5.3,400,MGR,"At 2024-05-23 09:00:00, the stock MGR opened at 5.30 VND, reached a high of 5.30 VND, a low of 5.30 VND, and closed the hour at 5.30 VND with a trading volume of 400 shares."
2024-05-23 11:00:00,4.7,4.7,4.6,4.6,2400,MGR,"At 2024-05-23 11:00:00, the stock MGR opened at 4.70 VND, reached a high of 4.70 VND, a low of 4.60 VND, and closed the hour at 4.60 VND with a trading volume of 2,400 shares."
2024-05-23 13:00:00,4.6,4.6,4.6,4.6,1000,MGR,"At 2024-05-23 13:00:00, the stock MGR opened at 4.60 VND, reached a high of 4.60 VND, a low of 4.60 VND, and closed the hour at 4.60 VND with a trading volume of 1,000 shares."
2024-05-24 10:00:00,4.7,4.7,4.6,4.6,1200,MGR,"At 2024-05-24 10:00:00, the stock MGR opened at 4.70 VND, reached a high of 4.70 VND, a low of 4.60 VND, and closed the hour at 4.60 VND with a trading volume of 1,200 shares."
2024-05-24 13:00:00,4.1,4.1,4.1,4.1,400,MGR,"At 2024-05-24 13:00:00, the stock MGR opened at 4.10 VND, reached a high of 4.10 VND, a low of 4.10 VND, and closed the hour at 4.10 VND with a trading volume of 400 shares."
2024-05-27 10:00:00,5.1,5.1,5.1,5.1,100,MGR,"At 2024-05-27 10:00:00, the stock MGR opened at 5.10 VND, reached a high of 5.10 VND, a low of 5.10 VND, and closed the hour at 5.10 VND with a trading volume of 100 shares."
2024-05-27 13:00:00,5.1,5.1,4.9,4.9,600,MGR,"At 2024-05-27 13:00:00, the stock MGR opened at 5.10 VND, reached a high of 5.10 VND, a low of 4.90 VND, and closed the hour at 4.90 VND with a trading volume of 600 shares."
2024-05-28 09:00:00,5.5,5.5,5.5,5.5,200,MGR,"At 2024-05-28 09:00:00, the stock MGR opened at 5.50 VND, reached a high of 5.50 VND, a low of 5.50 VND, and closed the hour at 5.50 VND with a trading volume of 200 shares."
2024-05-28 13:00:00,4.5,4.5,4.4,4.4,2000,MGR,"At 2024-05-28 13:00:00, the stock MGR opened at 4.50 VND, reached a high of 4.50 VND, a low of 4.40 VND, and closed the hour at 4.40 VND with a trading volume of 2,000 shares."
2024-05-28 14:00:00,4.4,5.3,4.4,4.8,10500,MGR,"At 2024-05-28 14:00:00, the stock MGR opened at 4.40 VND, reached a high of 5.30 VND, a low of 4.40 VND, and closed the hour at 4.80 VND with a trading volume of 10,500 shares."
2024-05-29 09:00:00,5.1,5.1,5.1,5.1,1100,MGR,"At 2024-05-29 09:00:00, the stock MGR opened at 5.10 VND, reached a high of 5.10 VND, a low of 5.10 VND, and closed the hour at 5.10 VND with a trading volume of 1,100 shares."
2024-05-29 10:00:00,4.6,4.6,4.0,4.0,8600,MGR,"At 2024-05-29 10:00:00, the stock MGR opened at 4.60 VND, reached a high of 4.60 VND, a low of 4.00 VND, and closed the hour at 4.00 VND with a trading volume of 8,600 shares."
2024-05-29 11:00:00,4.6,4.6,4.6,4.6,100,MGR,"At 2024-05-29 11:00:00, the stock MGR opened at 4.60 VND, reached a high of 4.60 VND, a low of 4.60 VND, and closed the hour at 4.60 VND with a trading volume of 100 shares."
2024-05-29 13:00:00,4.1,4.1,3.9,3.9,17300,MGR,"At 2024-05-29 13:00:00, the stock MGR opened at 4.10 VND, reached a high of 4.10 VND, a low of 3.90 VND, and closed the hour at 3.90 VND with a trading volume of 17,300 shares."
2024-05-29 14:00:00,3.9,4.6,3.9,3.9,36100,MGR,"At 2024-05-29 14:00:00, the stock MGR opened at 3.90 VND, reached a high of 4.60 VND, a low of 3.90 VND, and closed the hour at 3.90 VND with a trading volume of 36,100 shares."
2024-05-30 09:00:00,4.6,4.6,4.6,4.6,400,MGR,"At 2024-05-30 09:00:00, the stock MGR opened at 4.60 VND, reached a high of 4.60 VND, a low of 4.60 VND, and closed the hour at 4.60 VND with a trading volume of 400 shares."
2024-05-30 10:00:00,4.6,4.6,4.6,4.6,1700,MGR,"At 2024-05-30 10:00:00, the stock MGR opened at 4.60 VND, reached a high of 4.60 VND, a low of 4.60 VND, and closed the hour at 4.60 VND with a trading volume of 1,700 shares."
2024-05-30 13:00:00,4.6,4.6,4.5,4.5,2400,MGR,"At 2024-05-30 13:00:00, the stock MGR opened at 4.60 VND, reached a high of 4.60 VND, a low of 4.50 VND, and closed the hour at 4.50 VND with a trading volume of 2,400 shares."
2024-05-30 14:00:00,4.6,4.6,4.6,4.6,1800,MGR,"At 2024-05-30 14:00:00, the stock MGR opened at 4.60 VND, reached a high of 4.60 VND, a low of 4.60 VND, and closed the hour at 4.60 VND with a trading volume of 1,800 shares."
2024-05-31 10:00:00,4.6,5.1,4.6,5.1,2100,MGR,"At 2024-05-31 10:00:00, the stock MGR opened at 4.60 VND, reached a high of 5.10 VND, a low of 4.60 VND, and closed the hour at 5.10 VND with a trading volume of 2,100 shares."
2024-05-31 13:00:00,4.3,4.5,4.3,4.5,800,MGR,"At 2024-05-31 13:00:00, the stock MGR opened at 4.30 VND, reached a high of 4.50 VND, a low of 4.30 VND, and closed the hour at 4.50 VND with a trading volume of 800 shares."
2024-05-31 14:00:00,4.5,4.5,4.5,4.5,200,MGR,"At 2024-05-31 14:00:00, the stock MGR opened at 4.50 VND, reached a high of 4.50 VND, a low of 4.50 VND, and closed the hour at 4.50 VND with a trading volume of 200 shares."
2024-06-03 09:00:00,4.4,4.4,4.4,4.4,5300,MGR,"At 2024-06-03 09:00:00, the stock MGR opened at 4.40 VND, reached a high of 4.40 VND, a low of 4.40 VND, and closed the hour at 4.40 VND with a trading volume of 5,300 shares."
2024-06-03 10:00:00,4.4,4.4,4.0,4.0,15500,MGR,"At 2024-06-03 10:00:00, the stock MGR opened at 4.40 VND, reached a high of 4.40 VND, a low of 4.00 VND, and closed the hour at 4.00 VND with a trading volume of 15,500 shares."
2024-06-03 11:00:00,4.0,4.0,4.0,4.0,2300,MGR,"At 2024-06-03 11:00:00, the stock MGR opened at 4.00 VND, reached a high of 4.00 VND, a low of 4.00 VND, and closed the hour at 4.00 VND with a trading volume of 2,300 shares."
2024-06-03 13:00:00,4.3,4.3,4.1,4.1,3600,MGR,"At 2024-06-03 13:00:00, the stock MGR opened at 4.30 VND, reached a high of 4.30 VND, a low of 4.10 VND, and closed the hour at 4.10 VND with a trading volume of 3,600 shares."
2024-06-03 14:00:00,4.4,4.4,4.3,4.3,1300,MGR,"At 2024-06-03 14:00:00, the stock MGR opened at 4.40 VND, reached a high of 4.40 VND, a low of 4.30 VND, and closed the hour at 4.30 VND with a trading volume of 1,300 shares."
2024-06-04 09:00:00,4.3,4.3,4.3,4.3,400,MGR,"At 2024-06-04 09:00:00, the stock MGR opened at 4.30 VND, reached a high of 4.30 VND, a low of 4.30 VND, and closed the hour at 4.30 VND with a trading volume of 400 shares."
2024-06-04 10:00:00,4.7,4.7,4.7,4.7,100,MGR,"At 2024-06-04 10:00:00, the stock MGR opened at 4.70 VND, reached a high of 4.70 VND, a low of 4.70 VND, and closed the hour at 4.70 VND with a trading volume of 100 shares."
2024-06-04 11:00:00,4.5,4.5,4.5,4.5,100,MGR,"At 2024-06-04 11:00:00, the stock MGR opened at 4.50 VND, reached a high of 4.50 VND, a low of 4.50 VND, and closed the hour at 4.50 VND with a trading volume of 100 shares."
2024-06-04 13:00:00,4.2,4.2,4.2,4.2,200,MGR,"At 2024-06-04 13:00:00, the stock MGR opened at 4.20 VND, reached a high of 4.20 VND, a low of 4.20 VND, and closed the hour at 4.20 VND with a trading volume of 200 shares."
2024-06-04 14:00:00,4.4,4.4,4.4,4.4,100,MGR,"At 2024-06-04 14:00:00, the stock MGR opened at 4.40 VND, reached a high of 4.40 VND, a low of 4.40 VND, and closed the hour at 4.40 VND with a trading volume of 100 shares."
2024-06-05 13:00:00,4.1,4.4,4.1,4.1,3600,MGR,"At 2024-06-05 13:00:00, the stock MGR opened at 4.10 VND, reached a high of 4.40 VND, a low of 4.10 VND, and closed the hour at 4.10 VND with a trading volume of 3,600 shares."
2024-06-05 14:00:00,4.4,4.7,4.4,4.7,5000,MGR,"At 2024-06-05 14:00:00, the stock MGR opened at 4.40 VND, reached a high of 4.70 VND, a low of 4.40 VND, and closed the hour at 4.70 VND with a trading volume of 5,000 shares."
2024-06-07 10:00:00,4.4,4.4,4.4,4.4,2900,MGR,"At 2024-06-07 10:00:00, the stock MGR opened at 4.40 VND, reached a high of 4.40 VND, a low of 4.40 VND, and closed the hour at 4.40 VND with a trading volume of 2,900 shares."
2024-06-07 13:00:00,4.4,4.4,4.4,4.4,200,MGR,"At 2024-06-07 13:00:00, the stock MGR opened at 4.40 VND, reached a high of 4.40 VND, a low of 4.40 VND, and closed the hour at 4.40 VND with a trading volume of 200 shares."
2024-06-10 10:00:00,4.2,4.7,4.2,4.7,1100,MGR,"At 2024-06-10 10:00:00, the stock MGR opened at 4.20 VND, reached a high of 4.70 VND, a low of 4.20 VND, and closed the hour at 4.70 VND with a trading volume of 1,100 shares."
2024-06-10 14:00:00,4.2,4.2,4.2,4.2,700,MGR,"At 2024-06-10 14:00:00, the stock MGR opened at 4.20 VND, reached a high of 4.20 VND, a low of 4.20 VND, and closed the hour at 4.20 VND with a trading volume of 700 shares."
2024-06-11 10:00:00,4.1,4.1,4.1,4.1,600,MGR,"At 2024-06-11 10:00:00, the stock MGR opened at 4.10 VND, reached a high of 4.10 VND, a low of 4.10 VND, and closed the hour at 4.10 VND with a trading volume of 600 shares."
2024-06-11 14:00:00,4.6,4.6,4.6,4.6,500,MGR,"At 2024-06-11 14:00:00, the stock MGR opened at 4.60 VND, reached a high of 4.60 VND, a low of 4.60 VND, and closed the hour at 4.60 VND with a trading volume of 500 shares."
2024-06-12 13:00:00,4.1,4.1,4.1,4.1,1000,MGR,"At 2024-06-12 13:00:00, the stock MGR opened at 4.10 VND, reached a high of 4.10 VND, a low of 4.10 VND, and closed the hour at 4.10 VND with a trading volume of 1,000 shares."
2024-06-13 09:00:00,4.6,4.6,4.1,4.1,2500,MGR,"At 2024-06-13 09:00:00, the stock MGR opened at 4.60 VND, reached a high of 4.60 VND, a low of 4.10 VND, and closed the hour at 4.10 VND with a trading volume of 2,500 shares."
2024-06-13 10:00:00,4.1,4.1,4.1,4.1,1400,MGR,"At 2024-06-13 10:00:00, the stock MGR opened at 4.10 VND, reached a high of 4.10 VND, a low of 4.10 VND, and closed the hour at 4.10 VND with a trading volume of 1,400 shares."
2024-06-13 14:00:00,4.5,4.5,4.5,4.5,8000,MGR,"At 2024-06-13 14:00:00, the stock MGR opened at 4.50 VND, reached a high of 4.50 VND, a low of 4.50 VND, and closed the hour at 4.50 VND with a trading volume of 8,000 shares."
2024-06-14 10:00:00,4.9,4.9,4.9,4.9,10000,MGR,"At 2024-06-14 10:00:00, the stock MGR opened at 4.90 VND, reached a high of 4.90 VND, a low of 4.90 VND, and closed the hour at 4.90 VND with a trading volume of 10,000 shares."
2024-06-14 13:00:00,4.8,4.8,4.8,4.8,500,MGR,"At 2024-06-14 13:00:00, the stock MGR opened at 4.80 VND, reached a high of 4.80 VND, a low of 4.80 VND, and closed the hour at 4.80 VND with a trading volume of 500 shares."
2024-06-17 09:00:00,4.7,4.7,4.7,4.7,3000,MGR,"At 2024-06-17 09:00:00, the stock MGR opened at 4.70 VND, reached a high of 4.70 VND, a low of 4.70 VND, and closed the hour at 4.70 VND with a trading volume of 3,000 shares."
2024-06-17 13:00:00,4.7,4.7,4.7,4.7,1200,MGR,"At 2024-06-17 13:00:00, the stock MGR opened at 4.70 VND, reached a high of 4.70 VND, a low of 4.70 VND, and closed the hour at 4.70 VND with a trading volume of 1,200 shares."
2024-06-17 14:00:00,4.5,4.5,4.5,4.5,600,MGR,"At 2024-06-17 14:00:00, the stock MGR opened at 4.50 VND, reached a high of 4.50 VND, a low of 4.50 VND, and closed the hour at 4.50 VND with a trading volume of 600 shares."
2024-06-18 09:00:00,4.7,4.7,4.7,4.7,3700,MGR,"At 2024-06-18 09:00:00, the stock MGR opened at 4.70 VND, reached a high of 4.70 VND, a low of 4.70 VND, and closed the hour at 4.70 VND with a trading volume of 3,700 shares."
2024-06-18 10:00:00,4.5,4.5,4.5,4.5,1100,MGR,"At 2024-06-18 10:00:00, the stock MGR opened at 4.50 VND, reached a high of 4.50 VND, a low of 4.50 VND, and closed the hour at 4.50 VND with a trading volume of 1,100 shares."
2024-06-18 13:00:00,4.5,4.5,4.5,4.5,900,MGR,"At 2024-06-18 13:00:00, the stock MGR opened at 4.50 VND, reached a high of 4.50 VND, a low of 4.50 VND, and closed the hour at 4.50 VND with a trading volume of 900 shares."
2024-06-21 13:00:00,4.4,4.4,4.4,4.4,2400,MGR,"At 2024-06-21 13:00:00, the stock MGR opened at 4.40 VND, reached a high of 4.40 VND, a low of 4.40 VND, and closed the hour at 4.40 VND with a trading volume of 2,400 shares."
2024-06-24 13:00:00,4.0,4.0,4.0,4.0,1400,MGR,"At 2024-06-24 13:00:00, the stock MGR opened at 4.00 VND, reached a high of 4.00 VND, a low of 4.00 VND, and closed the hour at 4.00 VND with a trading volume of 1,400 shares."
2024-06-28 14:00:00,4.4,4.4,4.4,4.4,20300,MGR,"At 2024-06-28 14:00:00, the stock MGR opened at 4.40 VND, reached a high of 4.40 VND, a low of 4.40 VND, and closed the hour at 4.40 VND with a trading volume of 20,300 shares."
2024-07-01 14:00:00,4.7,4.7,4.7,4.7,700,MGR,"At 2024-07-01 14:00:00, the stock MGR opened at 4.70 VND, reached a high of 4.70 VND, a low of 4.70 VND, and closed the hour at 4.70 VND with a trading volume of 700 shares."
2024-07-02 13:00:00,4.5,4.5,4.5,4.5,100,MGR,"At 2024-07-02 13:00:00, the stock MGR opened at 4.50 VND, reached a high of 4.50 VND, a low of 4.50 VND, and closed the hour at 4.50 VND with a trading volume of 100 shares."
2024-07-03 10:00:00,4.7,5.0,4.7,5.0,600,MGR,"At 2024-07-03 10:00:00, the stock MGR opened at 4.70 VND, reached a high of 5.00 VND, a low of 4.70 VND, and closed the hour at 5.00 VND with a trading volume of 600 shares."
2024-07-03 13:00:00,4.7,4.7,4.7,4.7,500,MGR,"At 2024-07-03 13:00:00, the stock MGR opened at 4.70 VND, reached a high of 4.70 VND, a low of 4.70 VND, and closed the hour at 4.70 VND with a trading volume of 500 shares."
2024-07-05 09:00:00,5.2,5.2,5.2,5.2,100,MGR,"At 2024-07-05 09:00:00, the stock MGR opened at 5.20 VND, reached a high of 5.20 VND, a low of 5.20 VND, and closed the hour at 5.20 VND with a trading volume of 100 shares."
2024-07-10 09:00:00,5.3,5.3,5.3,5.3,100,MGR,"At 2024-07-10 09:00:00, the stock MGR opened at 5.30 VND, reached a high of 5.30 VND, a low of 5.30 VND, and closed the hour at 5.30 VND with a trading volume of 100 shares."
2024-07-15 09:00:00,5.9,5.9,5.9,5.9,100,MGR,"At 2024-07-15 09:00:00, the stock MGR opened at 5.90 VND, reached a high of 5.90 VND, a low of 5.90 VND, and closed the hour at 5.90 VND with a trading volume of 100 shares."
2024-07-16 14:00:00,5.1,5.1,5.1,5.1,6800,MGR,"At 2024-07-16 14:00:00, the stock MGR opened at 5.10 VND, reached a high of 5.10 VND, a low of 5.10 VND, and closed the hour at 5.10 VND with a trading volume of 6,800 shares."
2024-07-17 09:00:00,4.4,5.1,4.4,5.1,10100,MGR,"At 2024-07-17 09:00:00, the stock MGR opened at 4.40 VND, reached a high of 5.10 VND, a low of 4.40 VND, and closed the hour at 5.10 VND with a trading volume of 10,100 shares."
2024-07-18 09:00:00,4.0,4.0,4.0,4.0,11000,MGR,"At 2024-07-18 09:00:00, the stock MGR opened at 4.00 VND, reached a high of 4.00 VND, a low of 4.00 VND, and closed the hour at 4.00 VND with a trading volume of 11,000 shares."
2024-07-19 10:00:00,4.4,4.6,4.4,4.5,1400,MGR,"At 2024-07-19 10:00:00, the stock MGR opened at 4.40 VND, reached a high of 4.60 VND, a low of 4.40 VND, and closed the hour at 4.50 VND with a trading volume of 1,400 shares."
2024-07-19 13:00:00,4.5,4.5,4.5,4.5,1300,MGR,"At 2024-07-19 13:00:00, the stock MGR opened at 4.50 VND, reached a high of 4.50 VND, a low of 4.50 VND, and closed the hour at 4.50 VND with a trading volume of 1,300 shares."
2024-07-19 14:00:00,4.5,4.5,4.5,4.5,300,MGR,"At 2024-07-19 14:00:00, the stock MGR opened at 4.50 VND, reached a high of 4.50 VND, a low of 4.50 VND, and closed the hour at 4.50 VND with a trading volume of 300 shares."
2024-07-25 09:00:00,3.9,3.9,3.9,3.9,1400,MGR,"At 2024-07-25 09:00:00, the stock MGR opened at 3.90 VND, reached a high of 3.90 VND, a low of 3.90 VND, and closed the hour at 3.90 VND with a trading volume of 1,400 shares."
2024-07-25 13:00:00,4.0,4.0,4.0,4.0,700,MGR,"At 2024-07-25 13:00:00, the stock MGR opened at 4.00 VND, reached a high of 4.00 VND, a low of 4.00 VND, and closed the hour at 4.00 VND with a trading volume of 700 shares."
2024-07-25 14:00:00,4.0,4.0,4.0,4.0,4000,MGR,"At 2024-07-25 14:00:00, the stock MGR opened at 4.00 VND, reached a high of 4.00 VND, a low of 4.00 VND, and closed the hour at 4.00 VND with a trading volume of 4,000 shares."
2024-07-29 09:00:00,4.5,4.5,4.5,4.5,200,MGR,"At 2024-07-29 09:00:00, the stock MGR opened at 4.50 VND, reached a high of 4.50 VND, a low of 4.50 VND, and closed the hour at 4.50 VND with a trading volume of 200 shares."
2024-08-05 09:00:00,3.9,4.5,3.9,4.5,2000,MGR,"At 2024-08-05 09:00:00, the stock MGR opened at 3.90 VND, reached a high of 4.50 VND, a low of 3.90 VND, and closed the hour at 4.50 VND with a trading volume of 2,000 shares."
2024-08-06 09:00:00,3.6,3.6,3.6,3.6,100,MGR,"At 2024-08-06 09:00:00, the stock MGR opened at 3.60 VND, reached a high of 3.60 VND, a low of 3.60 VND, and closed the hour at 3.60 VND with a trading volume of 100 shares."
2024-08-07 10:00:00,3.6,3.6,3.6,3.6,100,MGR,"At 2024-08-07 10:00:00, the stock MGR opened at 3.60 VND, reached a high of 3.60 VND, a low of 3.60 VND, and closed the hour at 3.60 VND with a trading volume of 100 shares."
2024-08-09 09:00:00,3.9,3.9,3.9,3.9,500,MGR,"At 2024-08-09 09:00:00, the stock MGR opened at 3.90 VND, reached a high of 3.90 VND, a low of 3.90 VND, and closed the hour at 3.90 VND with a trading volume of 500 shares."
2024-08-14 10:00:00,4.0,4.0,4.0,4.0,300,MGR,"At 2024-08-14 10:00:00, the stock MGR opened at 4.00 VND, reached a high of 4.00 VND, a low of 4.00 VND, and closed the hour at 4.00 VND with a trading volume of 300 shares."
2024-08-16 10:00:00,4.4,4.4,4.4,4.4,100,MGR,"At 2024-08-16 10:00:00, the stock MGR opened at 4.40 VND, reached a high of 4.40 VND, a low of 4.40 VND, and closed the hour at 4.40 VND with a trading volume of 100 shares."
2024-08-27 14:00:00,4.0,4.0,4.0,4.0,3000,MGR,"At 2024-08-27 14:00:00, the stock MGR opened at 4.00 VND, reached a high of 4.00 VND, a low of 4.00 VND, and closed the hour at 4.00 VND with a trading volume of 3,000 shares."
2024-09-05 13:00:00,4.0,4.0,4.0,4.0,400,MGR,"At 2024-09-05 13:00:00, the stock MGR opened at 4.00 VND, reached a high of 4.00 VND, a low of 4.00 VND, and closed the hour at 4.00 VND with a trading volume of 400 shares."
2024-09-11 09:00:00,4.6,4.6,4.6,4.6,300,MGR,"At 2024-09-11 09:00:00, the stock MGR opened at 4.60 VND, reached a high of 4.60 VND, a low of 4.60 VND, and closed the hour at 4.60 VND with a trading volume of 300 shares."
2024-09-11 10:00:00,4.5,4.5,4.5,4.5,200,MGR,"At 2024-09-11 10:00:00, the stock MGR opened at 4.50 VND, reached a high of 4.50 VND, a low of 4.50 VND, and closed the hour at 4.50 VND with a trading volume of 200 shares."
2024-09-12 09:00:00,4.5,4.8,4.5,4.8,200,MGR,"At 2024-09-12 09:00:00, the stock MGR opened at 4.50 VND, reached a high of 4.80 VND, a low of 4.50 VND, and closed the hour at 4.80 VND with a trading volume of 200 shares."
2024-09-18 09:00:00,5.0,5.0,5.0,5.0,4600,MGR,"At 2024-09-18 09:00:00, the stock MGR opened at 5.00 VND, reached a high of 5.00 VND, a low of 5.00 VND, and closed the hour at 5.00 VND with a trading volume of 4,600 shares."
2024-09-18 10:00:00,5.0,5.0,5.0,5.0,6000,MGR,"At 2024-09-18 10:00:00, the stock MGR opened at 5.00 VND, reached a high of 5.00 VND, a low of 5.00 VND, and closed the hour at 5.00 VND with a trading volume of 6,000 shares."
2024-09-25 10:00:00,5.0,5.0,5.0,5.0,5000,MGR,"At 2024-09-25 10:00:00, the stock MGR opened at 5.00 VND, reached a high of 5.00 VND, a low of 5.00 VND, and closed the hour at 5.00 VND with a trading volume of 5,000 shares."
2024-09-25 11:00:00,5.0,5.0,5.0,5.0,200,MGR,"At 2024-09-25 11:00:00, the stock MGR opened at 5.00 VND, reached a high of 5.00 VND, a low of 5.00 VND, and closed the hour at 5.00 VND with a trading volume of 200 shares."
2024-09-26 10:00:00,4.3,5.4,4.3,5.4,3700,MGR,"At 2024-09-26 10:00:00, the stock MGR opened at 4.30 VND, reached a high of 5.40 VND, a low of 4.30 VND, and closed the hour at 5.40 VND with a trading volume of 3,700 shares."
2024-09-27 10:00:00,4.9,4.9,4.9,4.9,100,MGR,"At 2024-09-27 10:00:00, the stock MGR opened at 4.90 VND, reached a high of 4.90 VND, a low of 4.90 VND, and closed the hour at 4.90 VND with a trading volume of 100 shares."
2024-09-30 09:00:00,5.3,5.3,5.3,5.3,100,MGR,"At 2024-09-30 09:00:00, the stock MGR opened at 5.30 VND, reached a high of 5.30 VND, a low of 5.30 VND, and closed the hour at 5.30 VND with a trading volume of 100 shares."
2024-09-30 10:00:00,4.2,4.2,4.2,4.2,100,MGR,"At 2024-09-30 10:00:00, the stock MGR opened at 4.20 VND, reached a high of 4.20 VND, a low of 4.20 VND, and closed the hour at 4.20 VND with a trading volume of 100 shares."
2024-09-30 13:00:00,4.2,4.2,4.2,4.2,200,MGR,"At 2024-09-30 13:00:00, the stock MGR opened at 4.20 VND, reached a high of 4.20 VND, a low of 4.20 VND, and closed the hour at 4.20 VND with a trading volume of 200 shares."
2024-09-30 14:00:00,4.2,4.2,4.2,4.2,1800,MGR,"At 2024-09-30 14:00:00, the stock MGR opened at 4.20 VND, reached a high of 4.20 VND, a low of 4.20 VND, and closed the hour at 4.20 VND with a trading volume of 1,800 shares."
2024-10-01 09:00:00,3.7,3.7,3.7,3.7,100,MGR,"At 2024-10-01 09:00:00, the stock MGR opened at 3.70 VND, reached a high of 3.70 VND, a low of 3.70 VND, and closed the hour at 3.70 VND with a trading volume of 100 shares."
2024-10-01 13:00:00,4.0,4.0,4.0,4.0,100,MGR,"At 2024-10-01 13:00:00, the stock MGR opened at 4.00 VND, reached a high of 4.00 VND, a low of 4.00 VND, and closed the hour at 4.00 VND with a trading volume of 100 shares."
2024-10-08 13:00:00,4.4,4.4,4.4,4.4,100,MGR,"At 2024-10-08 13:00:00, the stock MGR opened at 4.40 VND, reached a high of 4.40 VND, a low of 4.40 VND, and closed the hour at 4.40 VND with a trading volume of 100 shares."
2024-10-17 13:00:00,4.7,4.7,4.7,4.7,200,MGR,"At 2024-10-17 13:00:00, the stock MGR opened at 4.70 VND, reached a high of 4.70 VND, a low of 4.70 VND, and closed the hour at 4.70 VND with a trading volume of 200 shares."
2024-10-31 09:00:00,4.7,4.7,4.7,4.7,100,MGR,"At 2024-10-31 09:00:00, the stock MGR opened at 4.70 VND, reached a high of 4.70 VND, a low of 4.70 VND, and closed the hour at 4.70 VND with a trading volume of 100 shares."
2024-10-31 13:00:00,4.0,4.0,4.0,4.0,200,MGR,"At 2024-10-31 13:00:00, the stock MGR opened at 4.00 VND, reached a high of 4.00 VND, a low of 4.00 VND, and closed the hour at 4.00 VND with a trading volume of 200 shares."
2024-11-07 11:00:00,4.2,4.2,4.2,4.2,5200,MGR,"At 2024-11-07 11:00:00, the stock MGR opened at 4.20 VND, reached a high of 4.20 VND, a low of 4.20 VND, and closed the hour at 4.20 VND with a trading volume of 5,200 shares."
2024-11-15 13:00:00,3.6,3.6,3.6,3.6,200,MGR,"At 2024-11-15 13:00:00, the stock MGR opened at 3.60 VND, reached a high of 3.60 VND, a low of 3.60 VND, and closed the hour at 3.60 VND with a trading volume of 200 shares."
2024-11-18 10:00:00,4.1,4.1,4.1,4.1,100,MGR,"At 2024-11-18 10:00:00, the stock MGR opened at 4.10 VND, reached a high of 4.10 VND, a low of 4.10 VND, and closed the hour at 4.10 VND with a trading volume of 100 shares."
2024-11-22 14:00:00,4.7,4.7,4.7,4.7,100,MGR,"At 2024-11-22 14:00:00, the stock MGR opened at 4.70 VND, reached a high of 4.70 VND, a low of 4.70 VND, and closed the hour at 4.70 VND with a trading volume of 100 shares."
2024-11-25 14:00:00,4.7,4.7,4.7,4.7,100,MGR,"At 2024-11-25 14:00:00, the stock MGR opened at 4.70 VND, reached a high of 4.70 VND, a low of 4.70 VND, and closed the hour at 4.70 VND with a trading volume of 100 shares."
2024-11-27 09:00:00,5.0,5.0,5.0,5.0,100,MGR,"At 2024-11-27 09:00:00, the stock MGR opened at 5.00 VND, reached a high of 5.00 VND, a low of 5.00 VND, and closed the hour at 5.00 VND with a trading volume of 100 shares."
2024-11-29 09:00:00,5.0,5.0,5.0,5.0,200,MGR,"At 2024-11-29 09:00:00, the stock MGR opened at 5.00 VND, reached a high of 5.00 VND, a low of 5.00 VND, and closed the hour at 5.00 VND with a trading volume of 200 shares."
2024-12-02 09:00:00,5.0,5.0,5.0,5.0,100,MGR,"At 2024-12-02 09:00:00, the stock MGR opened at 5.00 VND, reached a high of 5.00 VND, a low of 5.00 VND, and closed the hour at 5.00 VND with a trading volume of 100 shares."
2024-12-17 09:00:00,4.3,4.3,4.3,4.3,100,MGR,"At 2024-12-17 09:00:00, the stock MGR opened at 4.30 VND, reached a high of 4.30 VND, a low of 4.30 VND, and closed the hour at 4.30 VND with a trading volume of 100 shares."
2024-12-18 13:00:00,4.9,4.9,4.9,4.9,100,MGR,"At 2024-12-18 13:00:00, the stock MGR opened at 4.90 VND, reached a high of 4.90 VND, a low of 4.90 VND, and closed the hour at 4.90 VND with a trading volume of 100 shares."
2024-12-19 13:00:00,4.2,4.2,4.2,4.2,100,MGR,"At 2024-12-19 13:00:00, the stock MGR opened at 4.20 VND, reached a high of 4.20 VND, a low of 4.20 VND, and closed the hour at 4.20 VND with a trading volume of 100 shares."
2024-12-23 14:00:00,3.6,3.6,3.6,3.6,100,MGR,"At 2024-12-23 14:00:00, the stock MGR opened at 3.60 VND, reached a high of 3.60 VND, a low of 3.60 VND, and closed the hour at 3.60 VND with a trading volume of 100 shares."
2024-12-30 09:00:00,4.0,4.0,3.7,3.7,20000,MGR,"At 2024-12-30 09:00:00, the stock MGR opened at 4.00 VND, reached a high of 4.00 VND, a low of 3.70 VND, and closed the hour at 3.70 VND with a trading volume of 20,000 shares."
2024-12-31 09:00:00,3.5,4.1,3.5,4.1,20100,MGR,"At 2024-12-31 09:00:00, the stock MGR opened at 3.50 VND, reached a high of 4.10 VND, a low of 3.50 VND, and closed the hour at 4.10 VND with a trading volume of 20,100 shares."
2024-12-31 14:00:00,3.5,4.0,3.5,4.0,9300,MGR,"At 2024-12-31 14:00:00, the stock MGR opened at 3.50 VND, reached a high of 4.00 VND, a low of 3.50 VND, and closed the hour at 4.00 VND with a trading volume of 9,300 shares."
2025-01-02 09:00:00,4.2,4.2,4.2,4.2,100,MGR,"At 2025-01-02 09:00:00, the stock MGR opened at 4.20 VND, reached a high of 4.20 VND, a low of 4.20 VND, and closed the hour at 4.20 VND with a trading volume of 100 shares."
2025-01-02 13:00:00,3.4,3.4,3.4,3.4,100,MGR,"At 2025-01-02 13:00:00, the stock MGR opened at 3.40 VND, reached a high of 3.40 VND, a low of 3.40 VND, and closed the hour at 3.40 VND with a trading volume of 100 shares."
2025-01-03 09:00:00,4.3,4.3,4.3,4.3,100,MGR,"At 2025-01-03 09:00:00, the stock MGR opened at 4.30 VND, reached a high of 4.30 VND, a low of 4.30 VND, and closed the hour at 4.30 VND with a trading volume of 100 shares."
2025-01-06 09:00:00,3.7,3.7,3.7,3.7,100,MGR,"At 2025-01-06 09:00:00, the stock MGR opened at 3.70 VND, reached a high of 3.70 VND, a low of 3.70 VND, and closed the hour at 3.70 VND with a trading volume of 100 shares."
2025-01-07 10:00:00,3.3,3.3,3.3,3.3,100,MGR,"At 2025-01-07 10:00:00, the stock MGR opened at 3.30 VND, reached a high of 3.30 VND, a low of 3.30 VND, and closed the hour at 3.30 VND with a trading volume of 100 shares."
2025-01-07 14:00:00,4.1,4.1,3.3,3.3,200,MGR,"At 2025-01-07 14:00:00, the stock MGR opened at 4.10 VND, reached a high of 4.10 VND, a low of 3.30 VND, and closed the hour at 3.30 VND with a trading volume of 200 shares."
2025-01-08 13:00:00,3.3,3.3,3.3,3.3,100,MGR,"At 2025-01-08 13:00:00, the stock MGR opened at 3.30 VND, reached a high of 3.30 VND, a low of 3.30 VND, and closed the hour at 3.30 VND with a trading volume of 100 shares."
2025-01-09 09:00:00,3.7,3.7,3.7,3.7,100,MGR,"At 2025-01-09 09:00:00, the stock MGR opened at 3.70 VND, reached a high of 3.70 VND, a low of 3.70 VND, and closed the hour at 3.70 VND with a trading volume of 100 shares."
2025-01-09 13:00:00,3.7,3.7,3.7,3.7,400,MGR,"At 2025-01-09 13:00:00, the stock MGR opened at 3.70 VND, reached a high of 3.70 VND, a low of 3.70 VND, and closed the hour at 3.70 VND with a trading volume of 400 shares."
2025-01-10 09:00:00,3.3,3.3,3.3,3.3,100,MGR,"At 2025-01-10 09:00:00, the stock MGR opened at 3.30 VND, reached a high of 3.30 VND, a low of 3.30 VND, and closed the hour at 3.30 VND with a trading volume of 100 shares."
2025-01-10 10:00:00,4.2,4.2,4.2,4.2,100,MGR,"At 2025-01-10 10:00:00, the stock MGR opened at 4.20 VND, reached a high of 4.20 VND, a low of 4.20 VND, and closed the hour at 4.20 VND with a trading volume of 100 shares."
2025-01-10 13:00:00,3.5,3.5,3.5,3.5,100,MGR,"At 2025-01-10 13:00:00, the stock MGR opened at 3.50 VND, reached a high of 3.50 VND, a low of 3.50 VND, and closed the hour at 3.50 VND with a trading volume of 100 shares."
2025-01-13 09:00:00,3.4,3.4,3.4,3.4,100,MGR,"At 2025-01-13 09:00:00, the stock MGR opened at 3.40 VND, reached a high of 3.40 VND, a low of 3.40 VND, and closed the hour at 3.40 VND with a trading volume of 100 shares."
2025-01-14 13:00:00,3.9,3.9,3.1,3.1,200,MGR,"At 2025-01-14 13:00:00, the stock MGR opened at 3.90 VND, reached a high of 3.90 VND, a low of 3.10 VND, and closed the hour at 3.10 VND with a trading volume of 200 shares."
2025-01-15 09:00:00,3.1,3.1,3.1,3.1,100,MGR,"At 2025-01-15 09:00:00, the stock MGR opened at 3.10 VND, reached a high of 3.10 VND, a low of 3.10 VND, and closed the hour at 3.10 VND with a trading volume of 100 shares."
2025-01-15 14:00:00,4.0,4.0,4.0,4.0,100,MGR,"At 2025-01-15 14:00:00, the stock MGR opened at 4.00 VND, reached a high of 4.00 VND, a low of 4.00 VND, and closed the hour at 4.00 VND with a trading volume of 100 shares."
2025-01-16 09:00:00,3.2,3.2,3.2,3.2,100,MGR,"At 2025-01-16 09:00:00, the stock MGR opened at 3.20 VND, reached a high of 3.20 VND, a low of 3.20 VND, and closed the hour at 3.20 VND with a trading volume of 100 shares."
2025-01-16 13:00:00,3.2,3.2,3.2,3.2,1100,MGR,"At 2025-01-16 13:00:00, the stock MGR opened at 3.20 VND, reached a high of 3.20 VND, a low of 3.20 VND, and closed the hour at 3.20 VND with a trading volume of 1,100 shares."
2025-01-16 14:00:00,4.1,4.1,3.3,3.3,200,MGR,"At 2025-01-16 14:00:00, the stock MGR opened at 4.10 VND, reached a high of 4.10 VND, a low of 3.30 VND, and closed the hour at 3.30 VND with a trading volume of 200 shares."
2025-01-17 13:00:00,3.2,3.2,3.2,3.2,100,MGR,"At 2025-01-17 13:00:00, the stock MGR opened at 3.20 VND, reached a high of 3.20 VND, a low of 3.20 VND, and closed the hour at 3.20 VND with a trading volume of 100 shares."
2025-01-20 09:00:00,3.0,3.0,3.0,3.0,1000,MGR,"At 2025-01-20 09:00:00, the stock MGR opened at 3.00 VND, reached a high of 3.00 VND, a low of 3.00 VND, and closed the hour at 3.00 VND with a trading volume of 1,000 shares."
2025-01-20 14:00:00,3.1,3.6,3.1,3.6,400,MGR,"At 2025-01-20 14:00:00, the stock MGR opened at 3.10 VND, reached a high of 3.60 VND, a low of 3.10 VND, and closed the hour at 3.60 VND with a trading volume of 400 shares."
2025-01-21 10:00:00,2.9,2.9,2.9,2.9,100,MGR,"At 2025-01-21 10:00:00, the stock MGR opened at 2.90 VND, reached a high of 2.90 VND, a low of 2.90 VND, and closed the hour at 2.90 VND with a trading volume of 100 shares."
2025-01-21 13:00:00,3.5,3.5,3.0,3.0,200,MGR,"At 2025-01-21 13:00:00, the stock MGR opened at 3.50 VND, reached a high of 3.50 VND, a low of 3.00 VND, and closed the hour at 3.00 VND with a trading volume of 200 shares."
2025-01-21 14:00:00,3.5,3.5,3.5,3.5,100,MGR,"At 2025-01-21 14:00:00, the stock MGR opened at 3.50 VND, reached a high of 3.50 VND, a low of 3.50 VND, and closed the hour at 3.50 VND with a trading volume of 100 shares."
2025-01-22 14:00:00,3.6,3.6,2.9,2.9,200,MGR,"At 2025-01-22 14:00:00, the stock MGR opened at 3.60 VND, reached a high of 3.60 VND, a low of 2.90 VND, and closed the hour at 2.90 VND with a trading volume of 200 shares."
2025-01-23 09:00:00,3.0,3.0,3.0,3.0,100,MGR,"At 2025-01-23 09:00:00, the stock MGR opened at 3.00 VND, reached a high of 3.00 VND, a low of 3.00 VND, and closed the hour at 3.00 VND with a trading volume of 100 shares."
2025-01-23 14:00:00,3.7,3.7,3.7,3.7,100,MGR,"At 2025-01-23 14:00:00, the stock MGR opened at 3.70 VND, reached a high of 3.70 VND, a low of 3.70 VND, and closed the hour at 3.70 VND with a trading volume of 100 shares."
2025-01-24 09:00:00,3.9,3.9,3.9,3.9,100,MGR,"At 2025-01-24 09:00:00, the stock MGR opened at 3.90 VND, reached a high of 3.90 VND, a low of 3.90 VND, and closed the hour at 3.90 VND with a trading volume of 100 shares."
2025-01-24 10:00:00,3.9,3.9,3.9,3.9,100,MGR,"At 2025-01-24 10:00:00, the stock MGR opened at 3.90 VND, reached a high of 3.90 VND, a low of 3.90 VND, and closed the hour at 3.90 VND with a trading volume of 100 shares."
2025-01-24 11:00:00,3.9,3.9,3.9,3.9,900,MGR,"At 2025-01-24 11:00:00, the stock MGR opened at 3.90 VND, reached a high of 3.90 VND, a low of 3.90 VND, and closed the hour at 3.90 VND with a trading volume of 900 shares."
2025-01-24 13:00:00,3.2,3.2,3.2,3.2,100,MGR,"At 2025-01-24 13:00:00, the stock MGR opened at 3.20 VND, reached a high of 3.20 VND, a low of 3.20 VND, and closed the hour at 3.20 VND with a trading volume of 100 shares."
2025-01-24 14:00:00,3.9,3.9,3.9,3.9,100,MGR,"At 2025-01-24 14:00:00, the stock MGR opened at 3.90 VND, reached a high of 3.90 VND, a low of 3.90 VND, and closed the hour at 3.90 VND with a trading volume of 100 shares."
2025-02-03 09:00:00,3.4,4.3,3.4,4.3,200,MGR,"At 2025-02-03 09:00:00, the stock MGR opened at 3.40 VND, reached a high of 4.30 VND, a low of 3.40 VND, and closed the hour at 4.30 VND with a trading volume of 200 shares."
2025-02-04 09:00:00,4.4,4.4,4.4,4.4,100,MGR,"At 2025-02-04 09:00:00, the stock MGR opened at 4.40 VND, reached a high of 4.40 VND, a low of 4.40 VND, and closed the hour at 4.40 VND with a trading volume of 100 shares."
2025-02-04 10:00:00,4.3,4.3,4.3,4.3,100,MGR,"At 2025-02-04 10:00:00, the stock MGR opened at 4.30 VND, reached a high of 4.30 VND, a low of 4.30 VND, and closed the hour at 4.30 VND with a trading volume of 100 shares."
2025-02-04 13:00:00,3.6,3.6,3.6,3.6,200,MGR,"At 2025-02-04 13:00:00, the stock MGR opened at 3.60 VND, reached a high of 3.60 VND, a low of 3.60 VND, and closed the hour at 3.60 VND with a trading volume of 200 shares."
2025-02-05 09:00:00,4.6,4.6,4.6,4.6,100,MGR,"At 2025-02-05 09:00:00, the stock MGR opened at 4.60 VND, reached a high of 4.60 VND, a low of 4.60 VND, and closed the hour at 4.60 VND with a trading volume of 100 shares."
2025-02-05 13:00:00,4.6,4.6,4.3,4.4,3400,MGR,"At 2025-02-05 13:00:00, the stock MGR opened at 4.60 VND, reached a high of 4.60 VND, a low of 4.30 VND, and closed the hour at 4.40 VND with a trading volume of 3,400 shares."
2025-02-06 09:00:00,5.0,5.0,5.0,5.0,200,MGR,"At 2025-02-06 09:00:00, the stock MGR opened at 5.00 VND, reached a high of 5.00 VND, a low of 5.00 VND, and closed the hour at 5.00 VND with a trading volume of 200 shares."
2025-02-06 10:00:00,5.0,5.0,5.0,5.0,1200,MGR,"At 2025-02-06 10:00:00, the stock MGR opened at 5.00 VND, reached a high of 5.00 VND, a low of 5.00 VND, and closed the hour at 5.00 VND with a trading volume of 1,200 shares."
2025-02-06 13:00:00,5.0,5.0,5.0,5.0,500,MGR,"At 2025-02-06 13:00:00, the stock MGR opened at 5.00 VND, reached a high of 5.00 VND, a low of 5.00 VND, and closed the hour at 5.00 VND with a trading volume of 500 shares."
2025-02-07 09:00:00,5.7,5.7,4.3,4.3,400,MGR,"At 2025-02-07 09:00:00, the stock MGR opened at 5.70 VND, reached a high of 5.70 VND, a low of 4.30 VND, and closed the hour at 4.30 VND with a trading volume of 400 shares."
2025-02-07 10:00:00,4.3,4.3,4.3,4.3,2900,MGR,"At 2025-02-07 10:00:00, the stock MGR opened at 4.30 VND, reached a high of 4.30 VND, a low of 4.30 VND, and closed the hour at 4.30 VND with a trading volume of 2,900 shares."
2025-02-07 11:00:00,5.5,5.5,5.5,5.5,100,MGR,"At 2025-02-07 11:00:00, the stock MGR opened at 5.50 VND, reached a high of 5.50 VND, a low of 5.50 VND, and closed the hour at 5.50 VND with a trading volume of 100 shares."
2025-02-10 09:00:00,5.0,5.0,5.0,5.0,300,MGR,"At 2025-02-10 09:00:00, the stock MGR opened at 5.00 VND, reached a high of 5.00 VND, a low of 5.00 VND, and closed the hour at 5.00 VND with a trading volume of 300 shares."
2025-02-10 13:00:00,5.0,5.0,5.0,5.0,100,MGR,"At 2025-02-10 13:00:00, the stock MGR opened at 5.00 VND, reached a high of 5.00 VND, a low of 5.00 VND, and closed the hour at 5.00 VND with a trading volume of 100 shares."
2025-02-11 09:00:00,5.5,5.5,5.5,5.5,100,MGR,"At 2025-02-11 09:00:00, the stock MGR opened at 5.50 VND, reached a high of 5.50 VND, a low of 5.50 VND, and closed the hour at 5.50 VND with a trading volume of 100 shares."
2025-02-11 13:00:00,4.5,4.5,4.5,4.5,600,MGR,"At 2025-02-11 13:00:00, the stock MGR opened at 4.50 VND, reached a high of 4.50 VND, a low of 4.50 VND, and closed the hour at 4.50 VND with a trading volume of 600 shares."
2025-02-12 09:00:00,5.2,5.2,5.2,5.2,100,MGR,"At 2025-02-12 09:00:00, the stock MGR opened at 5.20 VND, reached a high of 5.20 VND, a low of 5.20 VND, and closed the hour at 5.20 VND with a trading volume of 100 shares."
2025-02-12 10:00:00,4.1,4.1,4.1,4.1,100,MGR,"At 2025-02-12 10:00:00, the stock MGR opened at 4.10 VND, reached a high of 4.10 VND, a low of 4.10 VND, and closed the hour at 4.10 VND with a trading volume of 100 shares."
2025-02-12 13:00:00,4.1,4.1,4.1,4.1,100,MGR,"At 2025-02-12 13:00:00, the stock MGR opened at 4.10 VND, reached a high of 4.10 VND, a low of 4.10 VND, and closed the hour at 4.10 VND with a trading volume of 100 shares."
2025-02-12 14:00:00,4.2,4.2,4.2,4.2,100,MGR,"At 2025-02-12 14:00:00, the stock MGR opened at 4.20 VND, reached a high of 4.20 VND, a low of 4.20 VND, and closed the hour at 4.20 VND with a trading volume of 100 shares."
2025-02-13 09:00:00,4.9,4.9,4.9,4.9,100,MGR,"At 2025-02-13 09:00:00, the stock MGR opened at 4.90 VND, reached a high of 4.90 VND, a low of 4.90 VND, and closed the hour at 4.90 VND with a trading volume of 100 shares."
2025-02-13 14:00:00,4.3,4.3,4.3,4.3,100,MGR,"At 2025-02-13 14:00:00, the stock MGR opened at 4.30 VND, reached a high of 4.30 VND, a low of 4.30 VND, and closed the hour at 4.30 VND with a trading volume of 100 shares."
2025-02-14 09:00:00,4.0,4.0,4.0,4.0,100,MGR,"At 2025-02-14 09:00:00, the stock MGR opened at 4.00 VND, reached a high of 4.00 VND, a low of 4.00 VND, and closed the hour at 4.00 VND with a trading volume of 100 shares."
2025-02-14 11:00:00,5.0,5.0,5.0,5.0,1500,MGR,"At 2025-02-14 11:00:00, the stock MGR opened at 5.00 VND, reached a high of 5.00 VND, a low of 5.00 VND, and closed the hour at 5.00 VND with a trading volume of 1,500 shares."
2025-02-14 13:00:00,5.0,5.0,5.0,5.0,400,MGR,"At 2025-02-14 13:00:00, the stock MGR opened at 5.00 VND, reached a high of 5.00 VND, a low of 5.00 VND, and closed the hour at 5.00 VND with a trading volume of 400 shares."
2025-02-18 09:00:00,5.0,5.0,5.0,5.0,1100,MGR,"At 2025-02-18 09:00:00, the stock MGR opened at 5.00 VND, reached a high of 5.00 VND, a low of 5.00 VND, and closed the hour at 5.00 VND with a trading volume of 1,100 shares."
2025-02-18 10:00:00,4.4,4.4,4.4,4.4,100,MGR,"At 2025-02-18 10:00:00, the stock MGR opened at 4.40 VND, reached a high of 4.40 VND, a low of 4.40 VND, and closed the hour at 4.40 VND with a trading volume of 100 shares."
2025-02-18 13:00:00,4.3,4.3,4.3,4.3,2800,MGR,"At 2025-02-18 13:00:00, the stock MGR opened at 4.30 VND, reached a high of 4.30 VND, a low of 4.30 VND, and closed the hour at 4.30 VND with a trading volume of 2,800 shares."
2025-02-18 14:00:00,4.9,5.0,4.4,4.4,400,MGR,"At 2025-02-18 14:00:00, the stock MGR opened at 4.90 VND, reached a high of 5.00 VND, a low of 4.40 VND, and closed the hour at 4.40 VND with a trading volume of 400 shares."
2025-02-19 13:00:00,4.4,4.4,4.2,4.2,200,MGR,"At 2025-02-19 13:00:00, the stock MGR opened at 4.40 VND, reached a high of 4.40 VND, a low of 4.20 VND, and closed the hour at 4.20 VND with a trading volume of 200 shares."
2025-02-20 09:00:00,4.0,4.0,4.0,4.0,100,MGR,"At 2025-02-20 09:00:00, the stock MGR opened at 4.00 VND, reached a high of 4.00 VND, a low of 4.00 VND, and closed the hour at 4.00 VND with a trading volume of 100 shares."
2025-02-21 09:00:00,3.6,3.6,3.6,3.6,200,MGR,"At 2025-02-21 09:00:00, the stock MGR opened at 3.60 VND, reached a high of 3.60 VND, a low of 3.60 VND, and closed the hour at 3.60 VND with a trading volume of 200 shares."
2025-02-21 14:00:00,4.6,4.6,4.6,4.6,100,MGR,"At 2025-02-21 14:00:00, the stock MGR opened at 4.60 VND, reached a high of 4.60 VND, a low of 4.60 VND, and closed the hour at 4.60 VND with a trading volume of 100 shares."
2025-02-24 09:00:00,4.7,4.7,4.7,4.7,900,MGR,"At 2025-02-24 09:00:00, the stock MGR opened at 4.70 VND, reached a high of 4.70 VND, a low of 4.70 VND, and closed the hour at 4.70 VND with a trading volume of 900 shares."
2025-02-24 13:00:00,4.7,4.7,4.7,4.7,600,MGR,"At 2025-02-24 13:00:00, the stock MGR opened at 4.70 VND, reached a high of 4.70 VND, a low of 4.70 VND, and closed the hour at 4.70 VND with a trading volume of 600 shares."
2025-02-24 14:00:00,4.7,4.7,4.7,4.7,9100,MGR,"At 2025-02-24 14:00:00, the stock MGR opened at 4.70 VND, reached a high of 4.70 VND, a low of 4.70 VND, and closed the hour at 4.70 VND with a trading volume of 9,100 shares."
2025-02-25 09:00:00,5.2,5.2,5.2,5.2,500,MGR,"At 2025-02-25 09:00:00, the stock MGR opened at 5.20 VND, reached a high of 5.20 VND, a low of 5.20 VND, and closed the hour at 5.20 VND with a trading volume of 500 shares."
2025-02-25 13:00:00,5.1,5.1,5.1,5.1,200,MGR,"At 2025-02-25 13:00:00, the stock MGR opened at 5.10 VND, reached a high of 5.10 VND, a low of 5.10 VND, and closed the hour at 5.10 VND with a trading volume of 200 shares."
2025-02-26 10:00:00,5.2,5.2,5.2,5.2,300,MGR,"At 2025-02-26 10:00:00, the stock MGR opened at 5.20 VND, reached a high of 5.20 VND, a low of 5.20 VND, and closed the hour at 5.20 VND with a trading volume of 300 shares."
2025-02-26 13:00:00,4.5,4.6,4.5,4.6,200,MGR,"At 2025-02-26 13:00:00, the stock MGR opened at 4.50 VND, reached a high of 4.60 VND, a low of 4.50 VND, and closed the hour at 4.60 VND with a trading volume of 200 shares."
2025-02-26 14:00:00,4.7,5.2,4.7,5.2,400,MGR,"At 2025-02-26 14:00:00, the stock MGR opened at 4.70 VND, reached a high of 5.20 VND, a low of 4.70 VND, and closed the hour at 5.20 VND with a trading volume of 400 shares."
2025-02-27 11:00:00,5.1,5.1,5.1,5.1,300,MGR,"At 2025-02-27 11:00:00, the stock MGR opened at 5.10 VND, reached a high of 5.10 VND, a low of 5.10 VND, and closed the hour at 5.10 VND with a trading volume of 300 shares."
2025-02-28 09:00:00,5.2,5.2,5.2,5.2,100,MGR,"At 2025-02-28 09:00:00, the stock MGR opened at 5.20 VND, reached a high of 5.20 VND, a low of 5.20 VND, and closed the hour at 5.20 VND with a trading volume of 100 shares."
2025-03-03 10:00:00,4.6,4.6,4.5,4.5,200,MGR,"At 2025-03-03 10:00:00, the stock MGR opened at 4.60 VND, reached a high of 4.60 VND, a low of 4.50 VND, and closed the hour at 4.50 VND with a trading volume of 200 shares."
2025-03-03 14:00:00,4.8,5.2,4.8,5.2,600,MGR,"At 2025-03-03 14:00:00, the stock MGR opened at 4.80 VND, reached a high of 5.20 VND, a low of 4.80 VND, and closed the hour at 5.20 VND with a trading volume of 600 shares."
2025-03-04 13:00:00,4.1,4.1,4.1,4.1,200,MGR,"At 2025-03-04 13:00:00, the stock MGR opened at 4.10 VND, reached a high of 4.10 VND, a low of 4.10 VND, and closed the hour at 4.10 VND with a trading volume of 200 shares."
2025-03-04 14:00:00,5.1,5.1,5.1,5.1,100,MGR,"At 2025-03-04 14:00:00, the stock MGR opened at 5.10 VND, reached a high of 5.10 VND, a low of 5.10 VND, and closed the hour at 5.10 VND with a trading volume of 100 shares."
2025-03-05 09:00:00,5.1,5.1,5.1,5.1,200,MGR,"At 2025-03-05 09:00:00, the stock MGR opened at 5.10 VND, reached a high of 5.10 VND, a low of 5.10 VND, and closed the hour at 5.10 VND with a trading volume of 200 shares."
2025-03-10 09:00:00,4.4,4.4,4.4,4.4,100,MGR,"At 2025-03-10 09:00:00, the stock MGR opened at 4.40 VND, reached a high of 4.40 VND, a low of 4.40 VND, and closed the hour at 4.40 VND with a trading volume of 100 shares."
2025-03-10 10:00:00,4.8,4.8,4.8,4.8,1700,MGR,"At 2025-03-10 10:00:00, the stock MGR opened at 4.80 VND, reached a high of 4.80 VND, a low of 4.80 VND, and closed the hour at 4.80 VND with a trading volume of 1,700 shares."
2025-03-10 13:00:00,4.6,4.6,4.6,4.6,100,MGR,"At 2025-03-10 13:00:00, the stock MGR opened at 4.60 VND, reached a high of 4.60 VND, a low of 4.60 VND, and closed the hour at 4.60 VND with a trading volume of 100 shares."
2025-03-10 14:00:00,5.1,5.1,5.1,5.1,100,MGR,"At 2025-03-10 14:00:00, the stock MGR opened at 5.10 VND, reached a high of 5.10 VND, a low of 5.10 VND, and closed the hour at 5.10 VND with a trading volume of 100 shares."
2025-03-11 09:00:00,4.5,4.5,4.5,4.5,100,MGR,"At 2025-03-11 09:00:00, the stock MGR opened at 4.50 VND, reached a high of 4.50 VND, a low of 4.50 VND, and closed the hour at 4.50 VND with a trading volume of 100 shares."
2025-03-11 10:00:00,4.9,4.9,4.9,4.9,200,MGR,"At 2025-03-11 10:00:00, the stock MGR opened at 4.90 VND, reached a high of 4.90 VND, a low of 4.90 VND, and closed the hour at 4.90 VND with a trading volume of 200 shares."
2025-03-11 14:00:00,5.0,5.0,4.9,4.9,1700,MGR,"At 2025-03-11 14:00:00, the stock MGR opened at 5.00 VND, reached a high of 5.00 VND, a low of 4.90 VND, and closed the hour at 4.90 VND with a trading volume of 1,700 shares."
2025-03-12 10:00:00,5.1,5.1,5.1,5.1,100,MGR,"At 2025-03-12 10:00:00, the stock MGR opened at 5.10 VND, reached a high of 5.10 VND, a low of 5.10 VND, and closed the hour at 5.10 VND with a trading volume of 100 shares."
2025-03-12 14:00:00,4.4,5.1,4.4,5.1,400,MGR,"At 2025-03-12 14:00:00, the stock MGR opened at 4.40 VND, reached a high of 5.10 VND, a low of 4.40 VND, and closed the hour at 5.10 VND with a trading volume of 400 shares."
2025-03-13 09:00:00,4.0,4.0,4.0,4.0,100,MGR,"At 2025-03-13 09:00:00, the stock MGR opened at 4.00 VND, reached a high of 4.00 VND, a low of 4.00 VND, and closed the hour at 4.00 VND with a trading volume of 100 shares."
2025-03-13 10:00:00,5.0,5.0,5.0,5.0,100,MGR,"At 2025-03-13 10:00:00, the stock MGR opened at 5.00 VND, reached a high of 5.00 VND, a low of 5.00 VND, and closed the hour at 5.00 VND with a trading volume of 100 shares."
2025-03-14 09:00:00,5.0,5.0,5.0,5.0,100,MGR,"At 2025-03-14 09:00:00, the stock MGR opened at 5.00 VND, reached a high of 5.00 VND, a low of 5.00 VND, and closed the hour at 5.00 VND with a trading volume of 100 shares."
2025-03-14 13:00:00,4.0,4.3,4.0,4.3,300,MGR,"At 2025-03-14 13:00:00, the stock MGR opened at 4.00 VND, reached a high of 4.30 VND, a low of 4.00 VND, and closed the hour at 4.30 VND with a trading volume of 300 shares."
2025-03-14 14:00:00,5.0,5.0,5.0,5.0,200,MGR,"At 2025-03-14 14:00:00, the stock MGR opened at 5.00 VND, reached a high of 5.00 VND, a low of 5.00 VND, and closed the hour at 5.00 VND with a trading volume of 200 shares."
2025-03-17 09:00:00,4.3,5.0,4.3,5.0,500,MGR,"At 2025-03-17 09:00:00, the stock MGR opened at 4.30 VND, reached a high of 5.00 VND, a low of 4.30 VND, and closed the hour at 5.00 VND with a trading volume of 500 shares."
2025-03-18 10:00:00,5.0,5.0,4.5,4.5,200,MGR,"At 2025-03-18 10:00:00, the stock MGR opened at 5.00 VND, reached a high of 5.00 VND, a low of 4.50 VND, and closed the hour at 4.50 VND with a trading volume of 200 shares."
2025-03-18 13:00:00,5.0,5.0,5.0,5.0,100,MGR,"At 2025-03-18 13:00:00, the stock MGR opened at 5.00 VND, reached a high of 5.00 VND, a low of 5.00 VND, and closed the hour at 5.00 VND with a trading volume of 100 shares."
2025-03-19 09:00:00,4.9,4.9,4.9,4.9,500,MGR,"At 2025-03-19 09:00:00, the stock MGR opened at 4.90 VND, reached a high of 4.90 VND, a low of 4.90 VND, and closed the hour at 4.90 VND with a trading volume of 500 shares."
2025-03-20 09:00:00,5.0,5.0,4.4,4.4,600,MGR,"At 2025-03-20 09:00:00, the stock MGR opened at 5.00 VND, reached a high of 5.00 VND, a low of 4.40 VND, and closed the hour at 4.40 VND with a trading volume of 600 shares."
2025-03-20 13:00:00,4.5,4.6,4.5,4.6,200,MGR,"At 2025-03-20 13:00:00, the stock MGR opened at 4.50 VND, reached a high of 4.60 VND, a low of 4.50 VND, and closed the hour at 4.60 VND with a trading volume of 200 shares."
2025-03-21 09:00:00,4.3,4.3,4.3,4.3,100,MGR,"At 2025-03-21 09:00:00, the stock MGR opened at 4.30 VND, reached a high of 4.30 VND, a low of 4.30 VND, and closed the hour at 4.30 VND with a trading volume of 100 shares."
2025-03-24 10:00:00,3.9,3.9,3.9,3.9,100,MGR,"At 2025-03-24 10:00:00, the stock MGR opened at 3.90 VND, reached a high of 3.90 VND, a low of 3.90 VND, and closed the hour at 3.90 VND with a trading volume of 100 shares."
2025-03-24 13:00:00,4.0,4.0,4.0,4.0,200,MGR,"At 2025-03-24 13:00:00, the stock MGR opened at 4.00 VND, reached a high of 4.00 VND, a low of 4.00 VND, and closed the hour at 4.00 VND with a trading volume of 200 shares."
2025-03-24 14:00:00,4.9,4.9,4.9,4.9,100,MGR,"At 2025-03-24 14:00:00, the stock MGR opened at 4.90 VND, reached a high of 4.90 VND, a low of 4.90 VND, and closed the hour at 4.90 VND with a trading volume of 100 shares."
2025-03-25 09:00:00,4.8,4.8,4.8,4.8,100,MGR,"At 2025-03-25 09:00:00, the stock MGR opened at 4.80 VND, reached a high of 4.80 VND, a low of 4.80 VND, and closed the hour at 4.80 VND with a trading volume of 100 shares."
2025-03-25 10:00:00,4.1,4.1,4.1,4.1,500,MGR,"At 2025-03-25 10:00:00, the stock MGR opened at 4.10 VND, reached a high of 4.10 VND, a low of 4.10 VND, and closed the hour at 4.10 VND with a trading volume of 500 shares."
2025-03-25 14:00:00,4.8,4.8,4.8,4.8,100,MGR,"At 2025-03-25 14:00:00, the stock MGR opened at 4.80 VND, reached a high of 4.80 VND, a low of 4.80 VND, and closed the hour at 4.80 VND with a trading volume of 100 shares."
2025-03-26 09:00:00,4.8,4.8,4.8,4.8,200,MGR,"At 2025-03-26 09:00:00, the stock MGR opened at 4.80 VND, reached a high of 4.80 VND, a low of 4.80 VND, and closed the hour at 4.80 VND with a trading volume of 200 shares."
2025-03-27 14:00:00,4.2,4.2,4.2,4.2,100,MGR,"At 2025-03-27 14:00:00, the stock MGR opened at 4.20 VND, reached a high of 4.20 VND, a low of 4.20 VND, and closed the hour at 4.20 VND with a trading volume of 100 shares."
2025-03-28 09:00:00,3.6,3.6,3.6,3.6,500,MGR,"At 2025-03-28 09:00:00, the stock MGR opened at 3.60 VND, reached a high of 3.60 VND, a low of 3.60 VND, and closed the hour at 3.60 VND with a trading volume of 500 shares."
2025-03-31 13:00:00,3.6,3.8,3.6,3.8,500,MGR,"At 2025-03-31 13:00:00, the stock MGR opened at 3.60 VND, reached a high of 3.80 VND, a low of 3.60 VND, and closed the hour at 3.80 VND with a trading volume of 500 shares."
2025-03-31 14:00:00,4.5,4.5,4.5,4.5,500,MGR,"At 2025-03-31 14:00:00, the stock MGR opened at 4.50 VND, reached a high of 4.50 VND, a low of 4.50 VND, and closed the hour at 4.50 VND with a trading volume of 500 shares."
2025-04-01 09:00:00,3.7,3.7,3.7,3.7,200,MGR,"At 2025-04-01 09:00:00, the stock MGR opened at 3.70 VND, reached a high of 3.70 VND, a low of 3.70 VND, and closed the hour at 3.70 VND with a trading volume of 200 shares."
2025-04-01 14:00:00,4.5,4.5,4.5,4.5,100,MGR,"At 2025-04-01 14:00:00, the stock MGR opened at 4.50 VND, reached a high of 4.50 VND, a low of 4.50 VND, and closed the hour at 4.50 VND with a trading volume of 100 shares."
2025-04-02 09:00:00,3.4,3.4,3.4,3.4,100,MGR,"At 2025-04-02 09:00:00, the stock MGR opened at 3.40 VND, reached a high of 3.40 VND, a low of 3.40 VND, and closed the hour at 3.40 VND with a trading volume of 100 shares."
2025-04-02 10:00:00,4.6,4.6,4.5,4.5,300,MGR,"At 2025-04-02 10:00:00, the stock MGR opened at 4.60 VND, reached a high of 4.60 VND, a low of 4.50 VND, and closed the hour at 4.50 VND with a trading volume of 300 shares."
2025-04-03 10:00:00,4.9,4.9,4.9,4.9,600,MGR,"At 2025-04-03 10:00:00, the stock MGR opened at 4.90 VND, reached a high of 4.90 VND, a low of 4.90 VND, and closed the hour at 4.90 VND with a trading volume of 600 shares."
2025-04-04 09:00:00,5.2,5.2,5.2,5.2,300,MGR,"At 2025-04-04 09:00:00, the stock MGR opened at 5.20 VND, reached a high of 5.20 VND, a low of 5.20 VND, and closed the hour at 5.20 VND with a trading volume of 300 shares."
2025-04-04 13:00:00,5.0,5.0,5.0,5.0,200,MGR,"At 2025-04-04 13:00:00, the stock MGR opened at 5.00 VND, reached a high of 5.00 VND, a low of 5.00 VND, and closed the hour at 5.00 VND with a trading volume of 200 shares."
2025-04-04 14:00:00,4.8,4.9,4.8,4.9,200,MGR,"At 2025-04-04 14:00:00, the stock MGR opened at 4.80 VND, reached a high of 4.90 VND, a low of 4.80 VND, and closed the hour at 4.90 VND with a trading volume of 200 shares."
2025-04-09 10:00:00,4.3,4.3,4.3,4.3,1000,MGR,"At 2025-04-09 10:00:00, the stock MGR opened at 4.30 VND, reached a high of 4.30 VND, a low of 4.30 VND, and closed the hour at 4.30 VND with a trading volume of 1,000 shares."
2025-04-09 11:00:00,4.3,4.3,4.3,4.3,1100,MGR,"At 2025-04-09 11:00:00, the stock MGR opened at 4.30 VND, reached a high of 4.30 VND, a low of 4.30 VND, and closed the hour at 4.30 VND with a trading volume of 1,100 shares."
2025-04-09 14:00:00,4.3,4.3,4.3,4.3,100,MGR,"At 2025-04-09 14:00:00, the stock MGR opened at 4.30 VND, reached a high of 4.30 VND, a low of 4.30 VND, and closed the hour at 4.30 VND with a trading volume of 100 shares."
2025-04-10 09:00:00,4.9,4.9,4.9,4.9,200,MGR,"At 2025-04-10 09:00:00, the stock MGR opened at 4.90 VND, reached a high of 4.90 VND, a low of 4.90 VND, and closed the hour at 4.90 VND with a trading volume of 200 shares."
2025-04-11 14:00:00,4.2,4.9,4.2,4.9,300,MGR,"At 2025-04-11 14:00:00, the stock MGR opened at 4.20 VND, reached a high of 4.90 VND, a low of 4.20 VND, and closed the hour at 4.90 VND with a trading volume of 300 shares."
2025-04-15 10:00:00,4.9,4.9,4.9,4.9,100,MGR,"At 2025-04-15 10:00:00, the stock MGR opened at 4.90 VND, reached a high of 4.90 VND, a low of 4.90 VND, and closed the hour at 4.90 VND with a trading volume of 100 shares."
2025-04-15 13:00:00,3.8,4.0,3.8,3.8,500,MGR,"At 2025-04-15 13:00:00, the stock MGR opened at 3.80 VND, reached a high of 4.00 VND, a low of 3.80 VND, and closed the hour at 3.80 VND with a trading volume of 500 shares."
2025-04-16 10:00:00,3.5,3.5,3.5,3.5,600,MGR,"At 2025-04-16 10:00:00, the stock MGR opened at 3.50 VND, reached a high of 3.50 VND, a low of 3.50 VND, and closed the hour at 3.50 VND with a trading volume of 600 shares."
2025-04-17 10:00:00,3.3,3.3,3.0,3.0,1400,MGR,"At 2025-04-17 10:00:00, the stock MGR opened at 3.30 VND, reached a high of 3.30 VND, a low of 3.00 VND, and closed the hour at 3.00 VND with a trading volume of 1,400 shares."
2025-04-17 11:00:00,4.0,4.0,4.0,4.0,100,MGR,"At 2025-04-17 11:00:00, the stock MGR opened at 4.00 VND, reached a high of 4.00 VND, a low of 4.00 VND, and closed the hour at 4.00 VND with a trading volume of 100 shares."
2025-04-17 13:00:00,4.0,4.0,4.0,4.0,300,MGR,"At 2025-04-17 13:00:00, the stock MGR opened at 4.00 VND, reached a high of 4.00 VND, a low of 4.00 VND, and closed the hour at 4.00 VND with a trading volume of 300 shares."
2025-04-18 09:00:00,3.7,3.7,3.7,3.7,200,MGR,"At 2025-04-18 09:00:00, the stock MGR opened at 3.70 VND, reached a high of 3.70 VND, a low of 3.70 VND, and closed the hour at 3.70 VND with a trading volume of 200 shares."
2025-04-18 13:00:00,3.7,3.7,3.7,3.7,100,MGR,"At 2025-04-18 13:00:00, the stock MGR opened at 3.70 VND, reached a high of 3.70 VND, a low of 3.70 VND, and closed the hour at 3.70 VND with a trading volume of 100 shares."
2025-04-21 09:00:00,4.2,4.2,4.2,4.2,100,MGR,"At 2025-04-21 09:00:00, the stock MGR opened at 4.20 VND, reached a high of 4.20 VND, a low of 4.20 VND, and closed the hour at 4.20 VND with a trading volume of 100 shares."
2025-04-21 13:00:00,3.8,3.8,3.8,3.8,100,MGR,"At 2025-04-21 13:00:00, the stock MGR opened at 3.80 VND, reached a high of 3.80 VND, a low of 3.80 VND, and closed the hour at 3.80 VND with a trading volume of 100 shares."
2025-04-22 09:00:00,4.6,4.6,4.6,4.6,1000,MGR,"At 2025-04-22 09:00:00, the stock MGR opened at 4.60 VND, reached a high of 4.60 VND, a low of 4.60 VND, and closed the hour at 4.60 VND with a trading volume of 1,000 shares."
2025-04-22 11:00:00,4.5,4.6,4.5,4.6,400,MGR,"At 2025-04-22 11:00:00, the stock MGR opened at 4.50 VND, reached a high of 4.60 VND, a low of 4.50 VND, and closed the hour at 4.60 VND with a trading volume of 400 shares."
2025-04-23 09:00:00,5.2,5.2,5.2,5.2,100,MGR,"At 2025-04-23 09:00:00, the stock MGR opened at 5.20 VND, reached a high of 5.20 VND, a low of 5.20 VND, and closed the hour at 5.20 VND with a trading volume of 100 shares."
2025-04-23 13:00:00,5.0,5.0,5.0,5.0,500,MGR,"At 2025-04-23 13:00:00, the stock MGR opened at 5.00 VND, reached a high of 5.00 VND, a low of 5.00 VND, and closed the hour at 5.00 VND with a trading volume of 500 shares."
2025-04-24 13:00:00,4.9,4.9,4.9,4.9,200,MGR,"At 2025-04-24 13:00:00, the stock MGR opened at 4.90 VND, reached a high of 4.90 VND, a low of 4.90 VND, and closed the hour at 4.90 VND with a trading volume of 200 shares."
2025-04-24 14:00:00,4.9,4.9,4.4,4.9,600,MGR,"At 2025-04-24 14:00:00, the stock MGR opened at 4.90 VND, reached a high of 4.90 VND, a low of 4.40 VND, and closed the hour at 4.90 VND with a trading volume of 600 shares."
2025-04-25 13:00:00,4.2,4.2,4.1,4.1,2100,MGR,"At 2025-04-25 13:00:00, the stock MGR opened at 4.20 VND, reached a high of 4.20 VND, a low of 4.10 VND, and closed the hour at 4.10 VND with a trading volume of 2,100 shares."
2025-04-28 09:00:00,4.7,4.7,4.7,4.7,100,MGR,"At 2025-04-28 09:00:00, the stock MGR opened at 4.70 VND, reached a high of 4.70 VND, a low of 4.70 VND, and closed the hour at 4.70 VND with a trading volume of 100 shares."
2025-04-28 10:00:00,4.7,4.7,4.7,4.7,1100,MGR,"At 2025-04-28 10:00:00, the stock MGR opened at 4.70 VND, reached a high of 4.70 VND, a low of 4.70 VND, and closed the hour at 4.70 VND with a trading volume of 1,100 shares."
2025-04-28 13:00:00,4.7,4.7,4.7,4.7,900,MGR,"At 2025-04-28 13:00:00, the stock MGR opened at 4.70 VND, reached a high of 4.70 VND, a low of 4.70 VND, and closed the hour at 4.70 VND with a trading volume of 900 shares."
2025-04-29 09:00:00,5.2,5.2,5.2,5.2,100,MGR,"At 2025-04-29 09:00:00, the stock MGR opened at 5.20 VND, reached a high of 5.20 VND, a low of 5.20 VND, and closed the hour at 5.20 VND with a trading volume of 100 shares."
2025-04-29 10:00:00,4.8,4.8,4.8,4.8,700,MGR,"At 2025-04-29 10:00:00, the stock MGR opened at 4.80 VND, reached a high of 4.80 VND, a low of 4.80 VND, and closed the hour at 4.80 VND with a trading volume of 700 shares."
2025-04-29 13:00:00,4.8,4.8,4.8,4.8,400,MGR,"At 2025-04-29 13:00:00, the stock MGR opened at 4.80 VND, reached a high of 4.80 VND, a low of 4.80 VND, and closed the hour at 4.80 VND with a trading volume of 400 shares."
2025-04-29 14:00:00,4.9,4.9,4.8,4.8,2100,MGR,"At 2025-04-29 14:00:00, the stock MGR opened at 4.90 VND, reached a high of 4.90 VND, a low of 4.80 VND, and closed the hour at 4.80 VND with a trading volume of 2,100 shares."
2025-05-05 09:00:00,5.3,5.3,4.8,4.8,200,MGR,"At 2025-05-05 09:00:00, the stock MGR opened at 5.30 VND, reached a high of 5.30 VND, a low of 4.80 VND, and closed the hour at 4.80 VND with a trading volume of 200 shares."
2025-05-05 10:00:00,5.2,5.2,5.2,5.2,200,MGR,"At 2025-05-05 10:00:00, the stock MGR opened at 5.20 VND, reached a high of 5.20 VND, a low of 5.20 VND, and closed the hour at 5.20 VND with a trading volume of 200 shares."
2025-05-07 10:00:00,4.7,4.7,4.7,4.7,500,MGR,"At 2025-05-07 10:00:00, the stock MGR opened at 4.70 VND, reached a high of 4.70 VND, a low of 4.70 VND, and closed the hour at 4.70 VND with a trading volume of 500 shares."
2025-05-07 14:00:00,4.7,4.7,4.7,4.7,500,MGR,"At 2025-05-07 14:00:00, the stock MGR opened at 4.70 VND, reached a high of 4.70 VND, a low of 4.70 VND, and closed the hour at 4.70 VND with a trading volume of 500 shares."
2025-05-08 09:00:00,5.2,5.2,5.2,5.2,100,MGR,"At 2025-05-08 09:00:00, the stock MGR opened at 5.20 VND, reached a high of 5.20 VND, a low of 5.20 VND, and closed the hour at 5.20 VND with a trading volume of 100 shares."
2025-05-08 13:00:00,4.2,4.2,4.2,4.2,500,MGR,"At 2025-05-08 13:00:00, the stock MGR opened at 4.20 VND, reached a high of 4.20 VND, a low of 4.20 VND, and closed the hour at 4.20 VND with a trading volume of 500 shares."
2025-05-12 09:00:00,4.9,4.9,4.9,4.9,200,MGR,"At 2025-05-12 09:00:00, the stock MGR opened at 4.90 VND, reached a high of 4.90 VND, a low of 4.90 VND, and closed the hour at 4.90 VND with a trading volume of 200 shares."
2025-05-12 11:00:00,4.8,4.8,4.8,4.8,500,MGR,"At 2025-05-12 11:00:00, the stock MGR opened at 4.80 VND, reached a high of 4.80 VND, a low of 4.80 VND, and closed the hour at 4.80 VND with a trading volume of 500 shares."
2025-05-13 14:00:00,4.5,4.5,4.4,4.4,400,MGR,"At 2025-05-13 14:00:00, the stock MGR opened at 4.50 VND, reached a high of 4.50 VND, a low of 4.40 VND, and closed the hour at 4.40 VND with a trading volume of 400 shares."
2025-05-14 09:00:00,5.1,5.1,4.1,4.1,4100,MGR,"At 2025-05-14 09:00:00, the stock MGR opened at 5.10 VND, reached a high of 5.10 VND, a low of 4.10 VND, and closed the hour at 4.10 VND with a trading volume of 4,100 shares."
2025-05-15 11:00:00,4.6,4.6,4.6,4.6,600,MGR,"At 2025-05-15 11:00:00, the stock MGR opened at 4.60 VND, reached a high of 4.60 VND, a low of 4.60 VND, and closed the hour at 4.60 VND with a trading volume of 600 shares."
2025-05-16 10:00:00,4.6,4.6,4.6,4.6,400,MGR,"At 2025-05-16 10:00:00, the stock MGR opened at 4.60 VND, reached a high of 4.60 VND, a low of 4.60 VND, and closed the hour at 4.60 VND with a trading volume of 400 shares."
2025-05-16 14:00:00,4.6,4.6,4.6,4.6,600,MGR,"At 2025-05-16 14:00:00, the stock MGR opened at 4.60 VND, reached a high of 4.60 VND, a low of 4.60 VND, and closed the hour at 4.60 VND with a trading volume of 600 shares."
2025-05-19 09:00:00,5.2,5.2,5.2,5.2,100,MGR,"At 2025-05-19 09:00:00, the stock MGR opened at 5.20 VND, reached a high of 5.20 VND, a low of 5.20 VND, and closed the hour at 5.20 VND with a trading volume of 100 shares."
2025-05-19 13:00:00,4.6,4.6,4.6,4.6,1100,MGR,"At 2025-05-19 13:00:00, the stock MGR opened at 4.60 VND, reached a high of 4.60 VND, a low of 4.60 VND, and closed the hour at 4.60 VND with a trading volume of 1,100 shares."
2025-05-20 13:00:00,5.1,5.1,5.1,5.1,100,MGR,"At 2025-05-20 13:00:00, the stock MGR opened at 5.10 VND, reached a high of 5.10 VND, a low of 5.10 VND, and closed the hour at 5.10 VND with a trading volume of 100 shares."
2025-05-23 14:00:00,4.4,4.4,4.4,4.4,800,MGR,"At 2025-05-23 14:00:00, the stock MGR opened at 4.40 VND, reached a high of 4.40 VND, a low of 4.40 VND, and closed the hour at 4.40 VND with a trading volume of 800 shares."
2025-05-27 09:00:00,5.0,5.0,5.0,5.0,100,MGR,"At 2025-05-27 09:00:00, the stock MGR opened at 5.00 VND, reached a high of 5.00 VND, a low of 5.00 VND, and closed the hour at 5.00 VND with a trading volume of 100 shares."
2025-05-28 10:00:00,4.9,5.0,4.9,5.0,300,MGR,"At 2025-05-28 10:00:00, the stock MGR opened at 4.90 VND, reached a high of 5.00 VND, a low of 4.90 VND, and closed the hour at 5.00 VND with a trading volume of 300 shares."
2025-05-30 14:00:00,4.5,4.5,4.5,4.5,700,MGR,"At 2025-05-30 14:00:00, the stock MGR opened at 4.50 VND, reached a high of 4.50 VND, a low of 4.50 VND, and closed the hour at 4.50 VND with a trading volume of 700 shares."
2025-06-02 13:00:00,5.0,5.0,5.0,5.0,200,MGR,"At 2025-06-02 13:00:00, the stock MGR opened at 5.00 VND, reached a high of 5.00 VND, a low of 5.00 VND, and closed the hour at 5.00 VND with a trading volume of 200 shares."
2025-06-04 09:00:00,5.1,5.1,5.1,5.1,1000,MGR,"At 2025-06-04 09:00:00, the stock MGR opened at 5.10 VND, reached a high of 5.10 VND, a low of 5.10 VND, and closed the hour at 5.10 VND with a trading volume of 1,000 shares."
2025-06-18 10:00:00,4.9,4.9,4.9,4.9,6000,MGR,"At 2025-06-18 10:00:00, the stock MGR opened at 4.90 VND, reached a high of 4.90 VND, a low of 4.90 VND, and closed the hour at 4.90 VND with a trading volume of 6,000 shares."
2025-06-20 10:00:00,5.1,5.1,5.1,5.1,200,MGR,"At 2025-06-20 10:00:00, the stock MGR opened at 5.10 VND, reached a high of 5.10 VND, a low of 5.10 VND, and closed the hour at 5.10 VND with a trading volume of 200 shares."
2025-06-24 09:00:00,5.1,5.2,5.1,5.2,300,MGR,"At 2025-06-24 09:00:00, the stock MGR opened at 5.10 VND, reached a high of 5.20 VND, a low of 5.10 VND, and closed the hour at 5.20 VND with a trading volume of 300 shares."
2025-06-27 10:00:00,4.5,4.5,4.5,4.5,5400,MGR,"At 2025-06-27 10:00:00, the stock MGR opened at 4.50 VND, reached a high of 4.50 VND, a low of 4.50 VND, and closed the hour at 4.50 VND with a trading volume of 5,400 shares."
2025-06-27 13:00:00,5.1,5.1,5.1,5.1,100,MGR,"At 2025-06-27 13:00:00, the stock MGR opened at 5.10 VND, reached a high of 5.10 VND, a low of 5.10 VND, and closed the hour at 5.10 VND with a trading volume of 100 shares."
2025-06-30 09:00:00,5.1,5.1,5.1,5.1,100,MGR,"At 2025-06-30 09:00:00, the stock MGR opened at 5.10 VND, reached a high of 5.10 VND, a low of 5.10 VND, and closed the hour at 5.10 VND with a trading volume of 100 shares."
2025-07-03 09:00:00,5.6,5.6,5.6,5.6,100,MGR,"At 2025-07-03 09:00:00, the stock MGR opened at 5.60 VND, reached a high of 5.60 VND, a low of 5.60 VND, and closed the hour at 5.60 VND with a trading volume of 100 shares."
2025-08-04 09:00:00,5.6,6.2,5.6,6.2,7900,MGR,"At 2025-08-04 09:00:00, the stock MGR opened at 5.60 VND, reached a high of 6.20 VND, a low of 5.60 VND, and closed the hour at 6.20 VND with a trading volume of 7,900 shares."
2025-08-05 09:00:00,4.8,4.8,4.8,4.8,1300,MGR,"At 2025-08-05 09:00:00, the stock MGR opened at 4.80 VND, reached a high of 4.80 VND, a low of 4.80 VND, and closed the hour at 4.80 VND with a trading volume of 1,300 shares."
2025-08-05 10:00:00,4.8,6.0,4.8,6.0,6100,MGR,"At 2025-08-05 10:00:00, the stock MGR opened at 4.80 VND, reached a high of 6.00 VND, a low of 4.80 VND, and closed the hour at 6.00 VND with a trading volume of 6,100 shares."
2025-08-06 09:00:00,5.5,5.5,5.5,5.5,600,MGR,"At 2025-08-06 09:00:00, the stock MGR opened at 5.50 VND, reached a high of 5.50 VND, a low of 5.50 VND, and closed the hour at 5.50 VND with a trading volume of 600 shares."
2025-08-06 13:00:00,4.8,4.8,4.8,4.8,100,MGR,"At 2025-08-06 13:00:00, the stock MGR opened at 4.80 VND, reached a high of 4.80 VND, a low of 4.80 VND, and closed the hour at 4.80 VND with a trading volume of 100 shares."
2025-08-07 10:00:00,4.6,4.6,4.6,4.6,100,MGR,"At 2025-08-07 10:00:00, the stock MGR opened at 4.60 VND, reached a high of 4.60 VND, a low of 4.60 VND, and closed the hour at 4.60 VND with a trading volume of 100 shares."
2025-08-08 13:00:00,5.2,5.2,5.2,5.2,100,MGR,"At 2025-08-08 13:00:00, the stock MGR opened at 5.20 VND, reached a high of 5.20 VND, a low of 5.20 VND, and closed the hour at 5.20 VND with a trading volume of 100 shares."
2025-08-11 09:00:00,5.9,5.9,5.8,5.8,1100,MGR,"At 2025-08-11 09:00:00, the stock MGR opened at 5.90 VND, reached a high of 5.90 VND, a low of 5.80 VND, and closed the hour at 5.80 VND with a trading volume of 1,100 shares."
2025-08-11 13:00:00,4.5,4.5,4.5,4.5,100,MGR,"At 2025-08-11 13:00:00, the stock MGR opened at 4.50 VND, reached a high of 4.50 VND, a low of 4.50 VND, and closed the hour at 4.50 VND with a trading volume of 100 shares."
2025-08-12 10:00:00,5.2,5.2,5.2,5.2,2000,MGR,"At 2025-08-12 10:00:00, the stock MGR opened at 5.20 VND, reached a high of 5.20 VND, a low of 5.20 VND, and closed the hour at 5.20 VND with a trading volume of 2,000 shares."
2025-08-12 13:00:00,5.4,5.4,5.4,5.4,300,MGR,"At 2025-08-12 13:00:00, the stock MGR opened at 5.40 VND, reached a high of 5.40 VND, a low of 5.40 VND, and closed the hour at 5.40 VND with a trading volume of 300 shares."
2025-08-13 11:00:00,5.2,5.2,5.2,5.2,400,MGR,"At 2025-08-13 11:00:00, the stock MGR opened at 5.20 VND, reached a high of 5.20 VND, a low of 5.20 VND, and closed the hour at 5.20 VND with a trading volume of 400 shares."
2025-08-14 14:00:00,5.0,5.2,5.0,5.2,3000,MGR,"At 2025-08-14 14:00:00, the stock MGR opened at 5.00 VND, reached a high of 5.20 VND, a low of 5.00 VND, and closed the hour at 5.20 VND with a trading volume of 3,000 shares."
2025-08-19 10:00:00,4.5,4.5,4.5,4.5,1400,MGR,"At 2025-08-19 10:00:00, the stock MGR opened at 4.50 VND, reached a high of 4.50 VND, a low of 4.50 VND, and closed the hour at 4.50 VND with a trading volume of 1,400 shares."
2025-08-20 10:00:00,5.1,5.1,5.1,5.1,100,MGR,"At 2025-08-20 10:00:00, the stock MGR opened at 5.10 VND, reached a high of 5.10 VND, a low of 5.10 VND, and closed the hour at 5.10 VND with a trading volume of 100 shares."
2025-08-22 10:00:00,4.5,4.5,4.4,4.5,3900,MGR,"At 2025-08-22 10:00:00, the stock MGR opened at 4.50 VND, reached a high of 4.50 VND, a low of 4.40 VND, and closed the hour at 4.50 VND with a trading volume of 3,900 shares."
2025-08-22 11:00:00,4.5,4.5,4.5,4.5,500,MGR,"At 2025-08-22 11:00:00, the stock MGR opened at 4.50 VND, reached a high of 4.50 VND, a low of 4.50 VND, and closed the hour at 4.50 VND with a trading volume of 500 shares."
2025-08-26 09:00:00,4.9,4.9,4.9,4.9,500,MGR,"At 2025-08-26 09:00:00, the stock MGR opened at 4.90 VND, reached a high of 4.90 VND, a low of 4.90 VND, and closed the hour at 4.90 VND with a trading volume of 500 shares."
2025-08-27 10:00:00,5.2,5.2,5.2,5.2,500,MGR,"At 2025-08-27 10:00:00, the stock MGR opened at 5.20 VND, reached a high of 5.20 VND, a low of 5.20 VND, and closed the hour at 5.20 VND with a trading volume of 500 shares."
2025-08-28 09:00:00,5.3,5.4,5.3,5.4,1000,MGR,"At 2025-08-28 09:00:00, the stock MGR opened at 5.30 VND, reached a high of 5.40 VND, a low of 5.30 VND, and closed the hour at 5.40 VND with a trading volume of 1,000 shares."
2025-09-10 09:00:00,5.9,5.9,5.9,5.9,100,MGR,"At 2025-09-10 09:00:00, the stock MGR opened at 5.90 VND, reached a high of 5.90 VND, a low of 5.90 VND, and closed the hour at 5.90 VND with a trading volume of 100 shares."
2025-09-10 14:00:00,5.5,5.5,5.5,5.5,2000,MGR,"At 2025-09-10 14:00:00, the stock MGR opened at 5.50 VND, reached a high of 5.50 VND, a low of 5.50 VND, and closed the hour at 5.50 VND with a trading volume of 2,000 shares."
2025-09-12 13:00:00,4.7,4.7,4.7,4.7,3000,MGR,"At 2025-09-12 13:00:00, the stock MGR opened at 4.70 VND, reached a high of 4.70 VND, a low of 4.70 VND, and closed the hour at 4.70 VND with a trading volume of 3,000 shares."
2025-09-15 09:00:00,4.7,5.0,4.7,5.0,1100,MGR,"At 2025-09-15 09:00:00, the stock MGR opened at 4.70 VND, reached a high of 5.00 VND, a low of 4.70 VND, and closed the hour at 5.00 VND with a trading volume of 1,100 shares."
2025-09-17 09:00:00,4.9,5.2,4.9,5.2,1900,MGR,"At 2025-09-17 09:00:00, the stock MGR opened at 4.90 VND, reached a high of 5.20 VND, a low of 4.90 VND, and closed the hour at 5.20 VND with a trading volume of 1,900 shares."
2025-09-18 09:00:00,4.3,4.3,4.3,4.3,5000,MGR,"At 2025-09-18 09:00:00, the stock MGR opened at 4.30 VND, reached a high of 4.30 VND, a low of 4.30 VND, and closed the hour at 4.30 VND with a trading volume of 5,000 shares."
2025-09-18 11:00:00,5.4,5.4,5.4,5.4,100,MGR,"At 2025-09-18 11:00:00, the stock MGR opened at 5.40 VND, reached a high of 5.40 VND, a low of 5.40 VND, and closed the hour at 5.40 VND with a trading volume of 100 shares."
2025-09-19 09:00:00,3.8,4.5,3.8,4.5,3200,MGR,"At 2025-09-19 09:00:00, the stock MGR opened at 3.80 VND, reached a high of 4.50 VND, a low of 3.80 VND, and closed the hour at 4.50 VND with a trading volume of 3,200 shares."
2025-09-19 13:00:00,4.5,4.5,4.5,4.5,1000,MGR,"At 2025-09-19 13:00:00, the stock MGR opened at 4.50 VND, reached a high of 4.50 VND, a low of 4.50 VND, and closed the hour at 4.50 VND with a trading volume of 1,000 shares."
2025-09-22 10:00:00,4.6,4.6,4.6,4.6,1000,MGR,"At 2025-09-22 10:00:00, the stock MGR opened at 4.60 VND, reached a high of 4.60 VND, a low of 4.60 VND, and closed the hour at 4.60 VND with a trading volume of 1,000 shares."
2025-09-23 09:00:00,5.2,5.2,5.2,5.2,200,MGR,"At 2025-09-23 09:00:00, the stock MGR opened at 5.20 VND, reached a high of 5.20 VND, a low of 5.20 VND, and closed the hour at 5.20 VND with a trading volume of 200 shares."
2025-09-23 13:00:00,5.2,5.2,5.2,5.2,100,MGR,"At 2025-09-23 13:00:00, the stock MGR opened at 5.20 VND, reached a high of 5.20 VND, a low of 5.20 VND, and closed the hour at 5.20 VND with a trading volume of 100 shares."
2025-09-24 09:00:00,5.5,5.5,5.5,5.5,2200,MGR,"At 2025-09-24 09:00:00, the stock MGR opened at 5.50 VND, reached a high of 5.50 VND, a low of 5.50 VND, and closed the hour at 5.50 VND with a trading volume of 2,200 shares."
2025-09-24 10:00:00,5.4,5.4,5.4,5.4,400,MGR,"At 2025-09-24 10:00:00, the stock MGR opened at 5.40 VND, reached a high of 5.40 VND, a low of 5.40 VND, and closed the hour at 5.40 VND with a trading volume of 400 shares."
2025-09-25 09:00:00,6.2,6.2,6.2,6.2,100,MGR,"At 2025-09-25 09:00:00, the stock MGR opened at 6.20 VND, reached a high of 6.20 VND, a low of 6.20 VND, and closed the hour at 6.20 VND with a trading volume of 100 shares."
2025-09-26 10:00:00,6.0,6.0,6.0,6.0,1300,MGR,"At 2025-09-26 10:00:00, the stock MGR opened at 6.00 VND, reached a high of 6.00 VND, a low of 6.00 VND, and closed the hour at 6.00 VND with a trading volume of 1,300 shares."
2025-09-26 11:00:00,6.2,7.0,6.0,6.0,1200,MGR,"At 2025-09-26 11:00:00, the stock MGR opened at 6.20 VND, reached a high of 7.00 VND, a low of 6.00 VND, and closed the hour at 6.00 VND with a trading volume of 1,200 shares."
2025-09-26 13:00:00,6.0,6.0,6.0,6.0,1100,MGR,"At 2025-09-26 13:00:00, the stock MGR opened at 6.00 VND, reached a high of 6.00 VND, a low of 6.00 VND, and closed the hour at 6.00 VND with a trading volume of 1,100 shares."
2025-09-30 14:00:00,6.0,6.0,6.0,6.0,100,MGR,"At 2025-09-30 14:00:00, the stock MGR opened at 6.00 VND, reached a high of 6.00 VND, a low of 6.00 VND, and closed the hour at 6.00 VND with a trading volume of 100 shares."
2025-10-02 10:00:00,6.8,6.8,6.8,6.8,100,MGR,"At 2025-10-02 10:00:00, the stock MGR opened at 6.80 VND, reached a high of 6.80 VND, a low of 6.80 VND, and closed the hour at 6.80 VND with a trading volume of 100 shares."
2025-10-03 09:00:00,7.5,7.5,7.5,7.5,100,MGR,"At 2025-10-03 09:00:00, the stock MGR opened at 7.50 VND, reached a high of 7.50 VND, a low of 7.50 VND, and closed the hour at 7.50 VND with a trading volume of 100 shares."
2025-10-06 09:00:00,8.0,8.0,8.0,8.0,1000,MGR,"At 2025-10-06 09:00:00, the stock MGR opened at 8.00 VND, reached a high of 8.00 VND, a low of 8.00 VND, and closed the hour at 8.00 VND with a trading volume of 1,000 shares."
2025-10-07 09:00:00,8.5,8.5,8.5,8.5,100,MGR,"At 2025-10-07 09:00:00, the stock MGR opened at 8.50 VND, reached a high of 8.50 VND, a low of 8.50 VND, and closed the hour at 8.50 VND with a trading volume of 100 shares."
2025-10-07 13:00:00,6.8,6.8,6.8,6.8,700,MGR,"At 2025-10-07 13:00:00, the stock MGR opened at 6.80 VND, reached a high of 6.80 VND, a low of 6.80 VND, and closed the hour at 6.80 VND with a trading volume of 700 shares."
2025-10-08 09:00:00,6.0,6.0,6.0,6.0,500,MGR,"At 2025-10-08 09:00:00, the stock MGR opened at 6.00 VND, reached a high of 6.00 VND, a low of 6.00 VND, and closed the hour at 6.00 VND with a trading volume of 500 shares."
2025-10-08 10:00:00,6.0,6.0,6.0,6.0,200,MGR,"At 2025-10-08 10:00:00, the stock MGR opened at 6.00 VND, reached a high of 6.00 VND, a low of 6.00 VND, and closed the hour at 6.00 VND with a trading volume of 200 shares."
2025-10-09 09:00:00,6.5,6.5,6.5,6.5,100,MGR,"At 2025-10-09 09:00:00, the stock MGR opened at 6.50 VND, reached a high of 6.50 VND, a low of 6.50 VND, and closed the hour at 6.50 VND with a trading volume of 100 shares."
2025-10-09 10:00:00,5.1,5.1,5.1,5.1,1000,MGR,"At 2025-10-09 10:00:00, the stock MGR opened at 5.10 VND, reached a high of 5.10 VND, a low of 5.10 VND, and closed the hour at 5.10 VND with a trading volume of 1,000 shares."
2025-10-09 11:00:00,6.4,6.4,6.4,6.4,100,MGR,"At 2025-10-09 11:00:00, the stock MGR opened at 6.40 VND, reached a high of 6.40 VND, a low of 6.40 VND, and closed the hour at 6.40 VND with a trading volume of 100 shares."
2025-10-09 13:00:00,5.1,5.1,5.1,5.1,1300,MGR,"At 2025-10-09 13:00:00, the stock MGR opened at 5.10 VND, reached a high of 5.10 VND, a low of 5.10 VND, and closed the hour at 5.10 VND with a trading volume of 1,300 shares."
2025-10-09 14:00:00,5.1,5.1,5.1,5.1,1800,MGR,"At 2025-10-09 14:00:00, the stock MGR opened at 5.10 VND, reached a high of 5.10 VND, a low of 5.10 VND, and closed the hour at 5.10 VND with a trading volume of 1,800 shares."
2025-10-10 09:00:00,5.2,5.2,5.2,5.2,200,MGR,"At 2025-10-10 09:00:00, the stock MGR opened at 5.20 VND, reached a high of 5.20 VND, a low of 5.20 VND, and closed the hour at 5.20 VND with a trading volume of 200 shares."
2025-10-10 10:00:00,5.1,5.1,5.1,5.1,200,MGR,"At 2025-10-10 10:00:00, the stock MGR opened at 5.10 VND, reached a high of 5.10 VND, a low of 5.10 VND, and closed the hour at 5.10 VND with a trading volume of 200 shares."
2025-10-10 14:00:00,5.1,5.1,5.1,5.1,1000,MGR,"At 2025-10-10 14:00:00, the stock MGR opened at 5.10 VND, reached a high of 5.10 VND, a low of 5.10 VND, and closed the hour at 5.10 VND with a trading volume of 1,000 shares."
2025-10-13 09:00:00,4.4,4.5,4.4,4.5,1800,MGR,"At 2025-10-13 09:00:00, the stock MGR opened at 4.40 VND, reached a high of 4.50 VND, a low of 4.40 VND, and closed the hour at 4.50 VND with a trading volume of 1,800 shares."
2025-10-13 13:00:00,4.4,4.4,4.4,4.4,1000,MGR,"At 2025-10-13 13:00:00, the stock MGR opened at 4.40 VND, reached a high of 4.40 VND, a low of 4.40 VND, and closed the hour at 4.40 VND with a trading volume of 1,000 shares."
2025-10-14 09:00:00,4.5,5.0,4.5,5.0,600,MGR,"At 2025-10-14 09:00:00, the stock MGR opened at 4.50 VND, reached a high of 5.00 VND, a low of 4.50 VND, and closed the hour at 5.00 VND with a trading volume of 600 shares."
2025-10-14 10:00:00,5.0,5.0,5.0,5.0,100,MGR,"At 2025-10-14 10:00:00, the stock MGR opened at 5.00 VND, reached a high of 5.00 VND, a low of 5.00 VND, and closed the hour at 5.00 VND with a trading volume of 100 shares."
2025-10-14 13:00:00,5.0,5.0,5.0,5.0,100,MGR,"At 2025-10-14 13:00:00, the stock MGR opened at 5.00 VND, reached a high of 5.00 VND, a low of 5.00 VND, and closed the hour at 5.00 VND with a trading volume of 100 shares."
2025-10-15 13:00:00,5.0,5.0,5.0,5.0,400,MGR,"At 2025-10-15 13:00:00, the stock MGR opened at 5.00 VND, reached a high of 5.00 VND, a low of 5.00 VND, and closed the hour at 5.00 VND with a trading volume of 400 shares."
2025-10-16 09:00:00,4.9,5.0,4.9,5.0,2400,MGR,"At 2025-10-16 09:00:00, the stock MGR opened at 4.90 VND, reached a high of 5.00 VND, a low of 4.90 VND, and closed the hour at 5.00 VND with a trading volume of 2,400 shares."
2025-10-16 13:00:00,5.7,5.7,5.7,5.7,300,MGR,"At 2025-10-16 13:00:00, the stock MGR opened at 5.70 VND, reached a high of 5.70 VND, a low of 5.70 VND, and closed the hour at 5.70 VND with a trading volume of 300 shares."
2025-10-17 10:00:00,5.1,5.1,5.1,5.1,700,MGR,"At 2025-10-17 10:00:00, the stock MGR opened at 5.10 VND, reached a high of 5.10 VND, a low of 5.10 VND, and closed the hour at 5.10 VND with a trading volume of 700 shares."
2025-10-17 14:00:00,5.1,5.1,5.1,5.1,100,MGR,"At 2025-10-17 14:00:00, the stock MGR opened at 5.10 VND, reached a high of 5.10 VND, a low of 5.10 VND, and closed the hour at 5.10 VND with a trading volume of 100 shares."
2025-10-21 09:00:00,4.4,5.0,4.4,5.0,400,MGR,"At 2025-10-21 09:00:00, the stock MGR opened at 4.40 VND, reached a high of 5.00 VND, a low of 4.40 VND, and closed the hour at 5.00 VND with a trading volume of 400 shares."
2025-10-21 10:00:00,4.4,4.4,4.4,4.4,300,MGR,"At 2025-10-21 10:00:00, the stock MGR opened at 4.40 VND, reached a high of 4.40 VND, a low of 4.40 VND, and closed the hour at 4.40 VND with a trading volume of 300 shares."
2025-10-21 11:00:00,5.5,5.5,5.5,5.5,300,MGR,"At 2025-10-21 11:00:00, the stock MGR opened at 5.50 VND, reached a high of 5.50 VND, a low of 5.50 VND, and closed the hour at 5.50 VND with a trading volume of 300 shares."
2025-10-23 13:00:00,4.9,5.0,4.9,5.0,400,MGR,"At 2025-10-23 13:00:00, the stock MGR opened at 4.90 VND, reached a high of 5.00 VND, a low of 4.90 VND, and closed the hour at 5.00 VND with a trading volume of 400 shares."
2025-10-24 10:00:00,5.5,5.5,5.5,5.5,100,MGR,"At 2025-10-24 10:00:00, the stock MGR opened at 5.50 VND, reached a high of 5.50 VND, a low of 5.50 VND, and closed the hour at 5.50 VND with a trading volume of 100 shares."
2025-10-27 10:00:00,4.7,5.4,4.7,5.4,1100,MGR,"At 2025-10-27 10:00:00, the stock MGR opened at 4.70 VND, reached a high of 5.40 VND, a low of 4.70 VND, and closed the hour at 5.40 VND with a trading volume of 1,100 shares."
2025-10-27 13:00:00,4.7,4.7,4.7,4.7,3000,MGR,"At 2025-10-27 13:00:00, the stock MGR opened at 4.70 VND, reached a high of 4.70 VND, a low of 4.70 VND, and closed the hour at 4.70 VND with a trading volume of 3,000 shares."
2025-10-28 09:00:00,4.7,4.7,4.7,4.7,400,MGR,"At 2025-10-28 09:00:00, the stock MGR opened at 4.70 VND, reached a high of 4.70 VND, a low of 4.70 VND, and closed the hour at 4.70 VND with a trading volume of 400 shares."
2025-10-28 13:00:00,4.7,4.7,4.7,4.7,1000,MGR,"At 2025-10-28 13:00:00, the stock MGR opened at 4.70 VND, reached a high of 4.70 VND, a low of 4.70 VND, and closed the hour at 4.70 VND with a trading volume of 1,000 shares."
2025-10-30 09:00:00,5.3,5.3,5.3,5.3,100,MGR,"At 2025-10-30 09:00:00, the stock MGR opened at 5.30 VND, reached a high of 5.30 VND, a low of 5.30 VND, and closed the hour at 5.30 VND with a trading volume of 100 shares."
2025-10-31 09:00:00,5.3,5.3,5.3,5.3,3800,MGR,"At 2025-10-31 09:00:00, the stock MGR opened at 5.30 VND, reached a high of 5.30 VND, a low of 5.30 VND, and closed the hour at 5.30 VND with a trading volume of 3,800 shares."
2025-10-31 10:00:00,5.8,5.8,5.8,5.8,100,MGR,"At 2025-10-31 10:00:00, the stock MGR opened at 5.80 VND, reached a high of 5.80 VND, a low of 5.80 VND, and closed the hour at 5.80 VND with a trading volume of 100 shares."
2025-11-03 09:00:00,4.6,4.6,4.6,4.6,500,MGR,"At 2025-11-03 09:00:00, the stock MGR opened at 4.60 VND, reached a high of 4.60 VND, a low of 4.60 VND, and closed the hour at 4.60 VND with a trading volume of 500 shares."
2025-11-03 13:00:00,5.6,5.6,5.6,5.6,500,MGR,"At 2025-11-03 13:00:00, the stock MGR opened at 5.60 VND, reached a high of 5.60 VND, a low of 5.60 VND, and closed the hour at 5.60 VND with a trading volume of 500 shares."
2025-11-05 09:00:00,5.7,5.7,5.7,5.7,100,MGR,"At 2025-11-05 09:00:00, the stock MGR opened at 5.70 VND, reached a high of 5.70 VND, a low of 5.70 VND, and closed the hour at 5.70 VND with a trading volume of 100 shares."
2025-11-06 11:00:00,4.9,4.9,4.9,4.9,1200,MGR,"At 2025-11-06 11:00:00, the stock MGR opened at 4.90 VND, reached a high of 4.90 VND, a low of 4.90 VND, and closed the hour at 4.90 VND with a trading volume of 1,200 shares."
2025-11-06 13:00:00,4.9,4.9,4.9,4.9,800,MGR,"At 2025-11-06 13:00:00, the stock MGR opened at 4.90 VND, reached a high of 4.90 VND, a low of 4.90 VND, and closed the hour at 4.90 VND with a trading volume of 800 shares."
2025-11-06 14:00:00,4.9,4.9,4.9,4.9,300,MGR,"At 2025-11-06 14:00:00, the stock MGR opened at 4.90 VND, reached a high of 4.90 VND, a low of 4.90 VND, and closed the hour at 4.90 VND with a trading volume of 300 shares."
2025-11-07 09:00:00,4.5,4.5,4.5,4.5,2200,MGR,"At 2025-11-07 09:00:00, the stock MGR opened at 4.50 VND, reached a high of 4.50 VND, a low of 4.50 VND, and closed the hour at 4.50 VND with a trading volume of 2,200 shares."
2025-11-07 10:00:00,4.5,4.5,4.5,4.5,200,MGR,"At 2025-11-07 10:00:00, the stock MGR opened at 4.50 VND, reached a high of 4.50 VND, a low of 4.50 VND, and closed the hour at 4.50 VND with a trading volume of 200 shares."
2025-11-07 14:00:00,5.4,5.4,5.4,5.4,100,MGR,"At 2025-11-07 14:00:00, the stock MGR opened at 5.40 VND, reached a high of 5.40 VND, a low of 5.40 VND, and closed the hour at 5.40 VND with a trading volume of 100 shares."
2025-11-10 09:00:00,5.1,5.1,5.1,5.1,200,MGR,"At 2025-11-10 09:00:00, the stock MGR opened at 5.10 VND, reached a high of 5.10 VND, a low of 5.10 VND, and closed the hour at 5.10 VND with a trading volume of 200 shares."
2025-11-10 13:00:00,5.0,5.0,5.0,5.0,100,MGR,"At 2025-11-10 13:00:00, the stock MGR opened at 5.00 VND, reached a high of 5.00 VND, a low of 5.00 VND, and closed the hour at 5.00 VND with a trading volume of 100 shares."
2025-11-13 09:00:00,4.5,4.5,4.5,4.5,100,MGR,"At 2025-11-13 09:00:00, the stock MGR opened at 4.50 VND, reached a high of 4.50 VND, a low of 4.50 VND, and closed the hour at 4.50 VND with a trading volume of 100 shares."
2025-11-13 13:00:00,4.5,4.5,4.5,4.5,300,MGR,"At 2025-11-13 13:00:00, the stock MGR opened at 4.50 VND, reached a high of 4.50 VND, a low of 4.50 VND, and closed the hour at 4.50 VND with a trading volume of 300 shares."
2025-11-14 14:00:00,4.5,4.5,4.5,4.5,1300,MGR,"At 2025-11-14 14:00:00, the stock MGR opened at 4.50 VND, reached a high of 4.50 VND, a low of 4.50 VND, and closed the hour at 4.50 VND with a trading volume of 1,300 shares."
2025-11-17 09:00:00,4.5,4.5,4.5,4.5,1800,MGR,"At 2025-11-17 09:00:00, the stock MGR opened at 4.50 VND, reached a high of 4.50 VND, a low of 4.50 VND, and closed the hour at 4.50 VND with a trading volume of 1,800 shares."
2025-11-18 09:00:00,3.9,3.9,3.9,3.9,1500,MGR,"At 2025-11-18 09:00:00, the stock MGR opened at 3.90 VND, reached a high of 3.90 VND, a low of 3.90 VND, and closed the hour at 3.90 VND with a trading volume of 1,500 shares."
2025-11-18 13:00:00,4.9,4.9,4.9,4.9,100,MGR,"At 2025-11-18 13:00:00, the stock MGR opened at 4.90 VND, reached a high of 4.90 VND, a low of 4.90 VND, and closed the hour at 4.90 VND with a trading volume of 100 shares."
2025-11-19 14:00:00,4.0,4.0,3.9,3.9,400,MGR,"At 2025-11-19 14:00:00, the stock MGR opened at 4.00 VND, reached a high of 4.00 VND, a low of 3.90 VND, and closed the hour at 3.90 VND with a trading volume of 400 shares."
2025-11-20 13:00:00,4.4,4.4,4.4,4.4,100,MGR,"At 2025-11-20 13:00:00, the stock MGR opened at 4.40 VND, reached a high of 4.40 VND, a low of 4.40 VND, and closed the hour at 4.40 VND with a trading volume of 100 shares."
2025-11-26 13:00:00,4.9,4.9,4.9,4.9,100,MGR,"At 2025-11-26 13:00:00, the stock MGR opened at 4.90 VND, reached a high of 4.90 VND, a low of 4.90 VND, and closed the hour at 4.90 VND with a trading volume of 100 shares."
2025-11-27 13:00:00,4.8,4.8,4.8,4.8,100,MGR,"At 2025-11-27 13:00:00, the stock MGR opened at 4.80 VND, reached a high of 4.80 VND, a low of 4.80 VND, and closed the hour at 4.80 VND with a trading volume of 100 shares."
2025-12-03 14:00:00,4.2,4.2,4.2,4.2,100,MGR,"At 2025-12-03 14:00:00, the stock MGR opened at 4.20 VND, reached a high of 4.20 VND, a low of 4.20 VND, and closed the hour at 4.20 VND with a trading volume of 100 shares."
2025-12-04 13:00:00,4.2,4.2,4.2,4.2,100,MGR,"At 2025-12-04 13:00:00, the stock MGR opened at 4.20 VND, reached a high of 4.20 VND, a low of 4.20 VND, and closed the hour at 4.20 VND with a trading volume of 100 shares."
2025-12-11 09:00:00,4.2,4.2,4.2,4.2,100,MGR,"At 2025-12-11 09:00:00, the stock MGR opened at 4.20 VND, reached a high of 4.20 VND, a low of 4.20 VND, and closed the hour at 4.20 VND with a trading volume of 100 shares."
2025-12-12 09:00:00,4.2,4.2,4.2,4.2,100,MGR,"At 2025-12-12 09:00:00, the stock MGR opened at 4.20 VND, reached a high of 4.20 VND, a low of 4.20 VND, and closed the hour at 4.20 VND with a trading volume of 100 shares."
2025-12-16 13:00:00,4.2,4.2,4.2,4.2,200,MGR,"At 2025-12-16 13:00:00, the stock MGR opened at 4.20 VND, reached a high of 4.20 VND, a low of 4.20 VND, and closed the hour at 4.20 VND with a trading volume of 200 shares."
2025-12-22 14:00:00,4.7,4.7,4.7,4.7,100,MGR,"At 2025-12-22 14:00:00, the stock MGR opened at 4.70 VND, reached a high of 4.70 VND, a low of 4.70 VND, and closed the hour at 4.70 VND with a trading volume of 100 shares."
2025-12-24 13:00:00,4.0,4.0,4.0,4.0,1500,MGR,"At 2025-12-24 13:00:00, the stock MGR opened at 4.00 VND, reached a high of 4.00 VND, a low of 4.00 VND, and closed the hour at 4.00 VND with a trading volume of 1,500 shares."
2025-12-25 09:00:00,4.6,4.6,4.6,4.6,100,MGR,"At 2025-12-25 09:00:00, the stock MGR opened at 4.60 VND, reached a high of 4.60 VND, a low of 4.60 VND, and closed the hour at 4.60 VND with a trading volume of 100 shares."
2025-12-25 11:00:00,4.3,4.3,4.3,4.3,100,MGR,"At 2025-12-25 11:00:00, the stock MGR opened at 4.30 VND, reached a high of 4.30 VND, a low of 4.30 VND, and closed the hour at 4.30 VND with a trading volume of 100 shares."
2026-01-06 11:00:00,4.5,4.5,4.5,4.5,200,MGR,"At 2026-01-06 11:00:00, the stock MGR opened at 4.50 VND, reached a high of 4.50 VND, a low of 4.50 VND, and closed the hour at 4.50 VND with a trading volume of 200 shares."
2026-01-13 09:00:00,4.5,4.5,4.5,4.5,100,MGR,"At 2026-01-13 09:00:00, the stock MGR opened at 4.50 VND, reached a high of 4.50 VND, a low of 4.50 VND, and closed the hour at 4.50 VND with a trading volume of 100 shares."
2026-01-23 10:00:00,4.2,4.2,4.2,4.2,200,MGR,"At 2026-01-23 10:00:00, the stock MGR opened at 4.20 VND, reached a high of 4.20 VND, a low of 4.20 VND, and closed the hour at 4.20 VND with a trading volume of 200 shares."
2026-01-27 13:00:00,4.2,4.2,4.2,4.2,100,MGR,"At 2026-01-27 13:00:00, the stock MGR opened at 4.20 VND, reached a high of 4.20 VND, a low of 4.20 VND, and closed the hour at 4.20 VND with a trading volume of 100 shares."
2026-01-28 09:00:00,4.1,4.1,4.1,4.1,200,MGR,"At 2026-01-28 09:00:00, the stock MGR opened at 4.10 VND, reached a high of 4.10 VND, a low of 4.10 VND, and closed the hour at 4.10 VND with a trading volume of 200 shares."
2026-01-28 14:00:00,4.1,4.1,4.1,4.1,200,MGR,"At 2026-01-28 14:00:00, the stock MGR opened at 4.10 VND, reached a high of 4.10 VND, a low of 4.10 VND, and closed the hour at 4.10 VND with a trading volume of 200 shares."
2026-01-30 14:00:00,4.0,4.0,4.0,4.0,200,MGR,"At 2026-01-30 14:00:00, the stock MGR opened at 4.00 VND, reached a high of 4.00 VND, a low of 4.00 VND, and closed the hour at 4.00 VND with a trading volume of 200 shares."
2026-02-05 09:00:00,3.5,3.5,3.5,3.5,1400,MGR,"At 2026-02-05 09:00:00, the stock MGR opened at 3.50 VND, reached a high of 3.50 VND, a low of 3.50 VND, and closed the hour at 3.50 VND with a trading volume of 1,400 shares."
2026-02-05 11:00:00,4.6,4.6,4.6,4.6,100,MGR,"At 2026-02-05 11:00:00, the stock MGR opened at 4.60 VND, reached a high of 4.60 VND, a low of 4.60 VND, and closed the hour at 4.60 VND with a trading volume of 100 shares."
2026-02-06 09:00:00,4.1,4.1,4.1,4.1,200,MGR,"At 2026-02-06 09:00:00, the stock MGR opened at 4.10 VND, reached a high of 4.10 VND, a low of 4.10 VND, and closed the hour at 4.10 VND with a trading volume of 200 shares."
2026-02-09 10:00:00,4.0,4.0,4.0,4.0,100,MGR,"At 2026-02-09 10:00:00, the stock MGR opened at 4.00 VND, reached a high of 4.00 VND, a low of 4.00 VND, and closed the hour at 4.00 VND with a trading volume of 100 shares."
2026-02-13 10:00:00,4.0,4.5,4.0,4.5,300,MGR,"At 2026-02-13 10:00:00, the stock MGR opened at 4.00 VND, reached a high of 4.50 VND, a low of 4.00 VND, and closed the hour at 4.50 VND with a trading volume of 300 shares."
2026-02-13 13:00:00,3.6,3.6,3.6,3.6,100,MGR,"At 2026-02-13 13:00:00, the stock MGR opened at 3.60 VND, reached a high of 3.60 VND, a low of 3.60 VND, and closed the hour at 3.60 VND with a trading volume of 100 shares."
2026-02-24 11:00:00,4.6,4.6,4.6,4.6,100,MGR,"At 2026-02-24 11:00:00, the stock MGR opened at 4.60 VND, reached a high of 4.60 VND, a low of 4.60 VND, and closed the hour at 4.60 VND with a trading volume of 100 shares."
2026-03-03 09:00:00,5.0,5.1,5.0,5.1,200,MGR,"At 2026-03-03 09:00:00, the stock MGR opened at 5.00 VND, reached a high of 5.10 VND, a low of 5.00 VND, and closed the hour at 5.10 VND with a trading volume of 200 shares."
