time,open,high,low,close,volume,ticker,llm_text
2025-07-24 11:00:00,7.1,7.1,7.1,7.1,3200,NED,"At 2025-07-24 11:00:00, the stock NED opened at 7.10 VND, reached a high of 7.10 VND, a low of 7.10 VND, and closed the hour at 7.10 VND with a trading volume of 3,200 shares."
2025-07-24 13:00:00,7.1,7.1,7.0,7.1,8300,NED,"At 2025-07-24 13:00:00, the stock NED opened at 7.10 VND, reached a high of 7.10 VND, a low of 7.00 VND, and closed the hour at 7.10 VND with a trading volume of 8,300 shares."
2025-07-24 14:00:00,7.0,7.1,7.0,7.1,27800,NED,"At 2025-07-24 14:00:00, the stock NED opened at 7.00 VND, reached a high of 7.10 VND, a low of 7.00 VND, and closed the hour at 7.10 VND with a trading volume of 27,800 shares."
2025-07-25 09:00:00,7.1,7.1,7.1,7.1,13100,NED,"At 2025-07-25 09:00:00, the stock NED opened at 7.10 VND, reached a high of 7.10 VND, a low of 7.10 VND, and closed the hour at 7.10 VND with a trading volume of 13,100 shares."
2025-07-25 10:00:00,7.1,7.1,7.1,7.1,10600,NED,"At 2025-07-25 10:00:00, the stock NED opened at 7.10 VND, reached a high of 7.10 VND, a low of 7.10 VND, and closed the hour at 7.10 VND with a trading volume of 10,600 shares."
2025-07-25 13:00:00,7.1,7.1,7.0,7.1,9600,NED,"At 2025-07-25 13:00:00, the stock NED opened at 7.10 VND, reached a high of 7.10 VND, a low of 7.00 VND, and closed the hour at 7.10 VND with a trading volume of 9,600 shares."
2025-07-25 14:00:00,7.1,7.1,7.0,7.1,5000,NED,"At 2025-07-25 14:00:00, the stock NED opened at 7.10 VND, reached a high of 7.10 VND, a low of 7.00 VND, and closed the hour at 7.10 VND with a trading volume of 5,000 shares."
2025-07-28 09:00:00,7.1,7.1,7.1,7.1,83400,NED,"At 2025-07-28 09:00:00, the stock NED opened at 7.10 VND, reached a high of 7.10 VND, a low of 7.10 VND, and closed the hour at 7.10 VND with a trading volume of 83,400 shares."
2025-07-28 10:00:00,7.0,7.1,7.0,7.1,32500,NED,"At 2025-07-28 10:00:00, the stock NED opened at 7.00 VND, reached a high of 7.10 VND, a low of 7.00 VND, and closed the hour at 7.10 VND with a trading volume of 32,500 shares."
2025-07-28 11:00:00,7.1,7.1,7.0,7.0,18000,NED,"At 2025-07-28 11:00:00, the stock NED opened at 7.10 VND, reached a high of 7.10 VND, a low of 7.00 VND, and closed the hour at 7.00 VND with a trading volume of 18,000 shares."
2025-07-28 13:00:00,7.1,7.1,7.0,7.1,20900,NED,"At 2025-07-28 13:00:00, the stock NED opened at 7.10 VND, reached a high of 7.10 VND, a low of 7.00 VND, and closed the hour at 7.10 VND with a trading volume of 20,900 shares."
2025-07-28 14:00:00,7.1,7.1,7.1,7.1,23800,NED,"At 2025-07-28 14:00:00, the stock NED opened at 7.10 VND, reached a high of 7.10 VND, a low of 7.10 VND, and closed the hour at 7.10 VND with a trading volume of 23,800 shares."
2025-07-29 09:00:00,7.1,7.3,7.1,7.1,130100,NED,"At 2025-07-29 09:00:00, the stock NED opened at 7.10 VND, reached a high of 7.30 VND, a low of 7.10 VND, and closed the hour at 7.10 VND with a trading volume of 130,100 shares."
2025-07-29 10:00:00,7.1,7.1,7.1,7.1,36900,NED,"At 2025-07-29 10:00:00, the stock NED opened at 7.10 VND, reached a high of 7.10 VND, a low of 7.10 VND, and closed the hour at 7.10 VND with a trading volume of 36,900 shares."
2025-07-29 11:00:00,7.1,7.1,7.1,7.1,2100,NED,"At 2025-07-29 11:00:00, the stock NED opened at 7.10 VND, reached a high of 7.10 VND, a low of 7.10 VND, and closed the hour at 7.10 VND with a trading volume of 2,100 shares."
2025-07-29 13:00:00,7.1,7.1,7.0,7.0,14100,NED,"At 2025-07-29 13:00:00, the stock NED opened at 7.10 VND, reached a high of 7.10 VND, a low of 7.00 VND, and closed the hour at 7.00 VND with a trading volume of 14,100 shares."
2025-07-29 14:00:00,7.1,7.1,6.9,7.0,93900,NED,"At 2025-07-29 14:00:00, the stock NED opened at 7.10 VND, reached a high of 7.10 VND, a low of 6.90 VND, and closed the hour at 7.00 VND with a trading volume of 93,900 shares."
2025-07-30 09:00:00,7.1,7.1,7.1,7.1,8700,NED,"At 2025-07-30 09:00:00, the stock NED opened at 7.10 VND, reached a high of 7.10 VND, a low of 7.10 VND, and closed the hour at 7.10 VND with a trading volume of 8,700 shares."
2025-07-30 10:00:00,7.1,7.1,7.0,7.0,1100,NED,"At 2025-07-30 10:00:00, the stock NED opened at 7.10 VND, reached a high of 7.10 VND, a low of 7.00 VND, and closed the hour at 7.00 VND with a trading volume of 1,100 shares."
2025-07-30 11:00:00,7.0,7.0,7.0,7.0,24400,NED,"At 2025-07-30 11:00:00, the stock NED opened at 7.00 VND, reached a high of 7.00 VND, a low of 7.00 VND, and closed the hour at 7.00 VND with a trading volume of 24,400 shares."
2025-07-30 13:00:00,7.0,7.0,7.0,7.0,35000,NED,"At 2025-07-30 13:00:00, the stock NED opened at 7.00 VND, reached a high of 7.00 VND, a low of 7.00 VND, and closed the hour at 7.00 VND with a trading volume of 35,000 shares."
2025-07-30 14:00:00,7.1,7.1,7.1,7.1,100,NED,"At 2025-07-30 14:00:00, the stock NED opened at 7.10 VND, reached a high of 7.10 VND, a low of 7.10 VND, and closed the hour at 7.10 VND with a trading volume of 100 shares."
2025-07-31 09:00:00,7.0,7.0,7.0,7.0,25200,NED,"At 2025-07-31 09:00:00, the stock NED opened at 7.00 VND, reached a high of 7.00 VND, a low of 7.00 VND, and closed the hour at 7.00 VND with a trading volume of 25,200 shares."
2025-07-31 10:00:00,7.0,7.0,6.9,6.9,52800,NED,"At 2025-07-31 10:00:00, the stock NED opened at 7.00 VND, reached a high of 7.00 VND, a low of 6.90 VND, and closed the hour at 6.90 VND with a trading volume of 52,800 shares."
2025-07-31 11:00:00,7.0,7.0,7.0,7.0,800,NED,"At 2025-07-31 11:00:00, the stock NED opened at 7.00 VND, reached a high of 7.00 VND, a low of 7.00 VND, and closed the hour at 7.00 VND with a trading volume of 800 shares."
2025-07-31 13:00:00,7.0,7.1,6.9,7.0,26400,NED,"At 2025-07-31 13:00:00, the stock NED opened at 7.00 VND, reached a high of 7.10 VND, a low of 6.90 VND, and closed the hour at 7.00 VND with a trading volume of 26,400 shares."
2025-07-31 14:00:00,7.0,7.1,7.0,7.0,5300,NED,"At 2025-07-31 14:00:00, the stock NED opened at 7.00 VND, reached a high of 7.10 VND, a low of 7.00 VND, and closed the hour at 7.00 VND with a trading volume of 5,300 shares."
2025-08-01 09:00:00,7.0,7.1,7.0,7.0,5100,NED,"At 2025-08-01 09:00:00, the stock NED opened at 7.00 VND, reached a high of 7.10 VND, a low of 7.00 VND, and closed the hour at 7.00 VND with a trading volume of 5,100 shares."
2025-08-01 10:00:00,7.1,7.1,7.1,7.1,17300,NED,"At 2025-08-01 10:00:00, the stock NED opened at 7.10 VND, reached a high of 7.10 VND, a low of 7.10 VND, and closed the hour at 7.10 VND with a trading volume of 17,300 shares."
2025-08-01 11:00:00,7.1,7.1,7.1,7.1,2900,NED,"At 2025-08-01 11:00:00, the stock NED opened at 7.10 VND, reached a high of 7.10 VND, a low of 7.10 VND, and closed the hour at 7.10 VND with a trading volume of 2,900 shares."
2025-08-01 13:00:00,7.0,7.1,7.0,7.1,45400,NED,"At 2025-08-01 13:00:00, the stock NED opened at 7.00 VND, reached a high of 7.10 VND, a low of 7.00 VND, and closed the hour at 7.10 VND with a trading volume of 45,400 shares."
2025-08-01 14:00:00,7.1,7.1,7.1,7.1,400,NED,"At 2025-08-01 14:00:00, the stock NED opened at 7.10 VND, reached a high of 7.10 VND, a low of 7.10 VND, and closed the hour at 7.10 VND with a trading volume of 400 shares."
2025-08-04 09:00:00,7.1,7.1,7.0,7.1,35100,NED,"At 2025-08-04 09:00:00, the stock NED opened at 7.10 VND, reached a high of 7.10 VND, a low of 7.00 VND, and closed the hour at 7.10 VND with a trading volume of 35,100 shares."
2025-08-04 10:00:00,7.1,7.2,7.1,7.2,29400,NED,"At 2025-08-04 10:00:00, the stock NED opened at 7.10 VND, reached a high of 7.20 VND, a low of 7.10 VND, and closed the hour at 7.20 VND with a trading volume of 29,400 shares."
2025-08-04 13:00:00,7.1,7.1,7.1,7.1,26000,NED,"At 2025-08-04 13:00:00, the stock NED opened at 7.10 VND, reached a high of 7.10 VND, a low of 7.10 VND, and closed the hour at 7.10 VND with a trading volume of 26,000 shares."
2025-08-04 14:00:00,7.1,7.1,7.1,7.1,10400,NED,"At 2025-08-04 14:00:00, the stock NED opened at 7.10 VND, reached a high of 7.10 VND, a low of 7.10 VND, and closed the hour at 7.10 VND with a trading volume of 10,400 shares."
2025-08-05 09:00:00,7.1,7.3,7.1,7.2,50100,NED,"At 2025-08-05 09:00:00, the stock NED opened at 7.10 VND, reached a high of 7.30 VND, a low of 7.10 VND, and closed the hour at 7.20 VND with a trading volume of 50,100 shares."
2025-08-05 10:00:00,7.2,7.3,7.2,7.3,25400,NED,"At 2025-08-05 10:00:00, the stock NED opened at 7.20 VND, reached a high of 7.30 VND, a low of 7.20 VND, and closed the hour at 7.30 VND with a trading volume of 25,400 shares."
2025-08-05 11:00:00,7.2,7.2,7.1,7.1,10100,NED,"At 2025-08-05 11:00:00, the stock NED opened at 7.20 VND, reached a high of 7.20 VND, a low of 7.10 VND, and closed the hour at 7.10 VND with a trading volume of 10,100 shares."
2025-08-05 13:00:00,7.1,7.4,7.1,7.3,326500,NED,"At 2025-08-05 13:00:00, the stock NED opened at 7.10 VND, reached a high of 7.40 VND, a low of 7.10 VND, and closed the hour at 7.30 VND with a trading volume of 326,500 shares."
2025-08-05 14:00:00,7.3,7.3,7.2,7.3,78600,NED,"At 2025-08-05 14:00:00, the stock NED opened at 7.30 VND, reached a high of 7.30 VND, a low of 7.20 VND, and closed the hour at 7.30 VND with a trading volume of 78,600 shares."
2025-08-06 09:00:00,7.3,7.4,7.3,7.3,21800,NED,"At 2025-08-06 09:00:00, the stock NED opened at 7.30 VND, reached a high of 7.40 VND, a low of 7.30 VND, and closed the hour at 7.30 VND with a trading volume of 21,800 shares."
2025-08-06 10:00:00,7.3,7.3,7.2,7.2,19500,NED,"At 2025-08-06 10:00:00, the stock NED opened at 7.30 VND, reached a high of 7.30 VND, a low of 7.20 VND, and closed the hour at 7.20 VND with a trading volume of 19,500 shares."
2025-08-06 13:00:00,7.2,7.2,7.1,7.2,33800,NED,"At 2025-08-06 13:00:00, the stock NED opened at 7.20 VND, reached a high of 7.20 VND, a low of 7.10 VND, and closed the hour at 7.20 VND with a trading volume of 33,800 shares."
2025-08-06 14:00:00,7.2,7.3,7.2,7.3,7500,NED,"At 2025-08-06 14:00:00, the stock NED opened at 7.20 VND, reached a high of 7.30 VND, a low of 7.20 VND, and closed the hour at 7.30 VND with a trading volume of 7,500 shares."
2025-08-07 09:00:00,7.3,7.3,7.3,7.3,17300,NED,"At 2025-08-07 09:00:00, the stock NED opened at 7.30 VND, reached a high of 7.30 VND, a low of 7.30 VND, and closed the hour at 7.30 VND with a trading volume of 17,300 shares."
2025-08-07 10:00:00,7.3,7.3,7.3,7.3,8300,NED,"At 2025-08-07 10:00:00, the stock NED opened at 7.30 VND, reached a high of 7.30 VND, a low of 7.30 VND, and closed the hour at 7.30 VND with a trading volume of 8,300 shares."
2025-08-07 11:00:00,7.2,7.2,7.2,7.2,18900,NED,"At 2025-08-07 11:00:00, the stock NED opened at 7.20 VND, reached a high of 7.20 VND, a low of 7.20 VND, and closed the hour at 7.20 VND with a trading volume of 18,900 shares."
2025-08-07 13:00:00,7.2,7.3,7.2,7.2,41500,NED,"At 2025-08-07 13:00:00, the stock NED opened at 7.20 VND, reached a high of 7.30 VND, a low of 7.20 VND, and closed the hour at 7.20 VND with a trading volume of 41,500 shares."
2025-08-07 14:00:00,7.2,7.3,7.2,7.3,57600,NED,"At 2025-08-07 14:00:00, the stock NED opened at 7.20 VND, reached a high of 7.30 VND, a low of 7.20 VND, and closed the hour at 7.30 VND with a trading volume of 57,600 shares."
2025-08-08 09:00:00,7.4,7.4,7.2,7.3,9800,NED,"At 2025-08-08 09:00:00, the stock NED opened at 7.40 VND, reached a high of 7.40 VND, a low of 7.20 VND, and closed the hour at 7.30 VND with a trading volume of 9,800 shares."
2025-08-08 10:00:00,7.3,7.4,7.3,7.3,53100,NED,"At 2025-08-08 10:00:00, the stock NED opened at 7.30 VND, reached a high of 7.40 VND, a low of 7.30 VND, and closed the hour at 7.30 VND with a trading volume of 53,100 shares."
2025-08-08 11:00:00,7.2,7.3,7.2,7.2,53900,NED,"At 2025-08-08 11:00:00, the stock NED opened at 7.20 VND, reached a high of 7.30 VND, a low of 7.20 VND, and closed the hour at 7.20 VND with a trading volume of 53,900 shares."
2025-08-08 13:00:00,7.2,7.2,7.1,7.2,90500,NED,"At 2025-08-08 13:00:00, the stock NED opened at 7.20 VND, reached a high of 7.20 VND, a low of 7.10 VND, and closed the hour at 7.20 VND with a trading volume of 90,500 shares."
2025-08-08 14:00:00,7.2,7.3,7.2,7.3,20000,NED,"At 2025-08-08 14:00:00, the stock NED opened at 7.20 VND, reached a high of 7.30 VND, a low of 7.20 VND, and closed the hour at 7.30 VND with a trading volume of 20,000 shares."
2025-08-11 09:00:00,7.2,7.2,7.2,7.2,8600,NED,"At 2025-08-11 09:00:00, the stock NED opened at 7.20 VND, reached a high of 7.20 VND, a low of 7.20 VND, and closed the hour at 7.20 VND with a trading volume of 8,600 shares."
2025-08-11 10:00:00,7.3,7.3,7.2,7.2,2900,NED,"At 2025-08-11 10:00:00, the stock NED opened at 7.30 VND, reached a high of 7.30 VND, a low of 7.20 VND, and closed the hour at 7.20 VND with a trading volume of 2,900 shares."
2025-08-11 11:00:00,7.3,7.3,7.3,7.3,100,NED,"At 2025-08-11 11:00:00, the stock NED opened at 7.30 VND, reached a high of 7.30 VND, a low of 7.30 VND, and closed the hour at 7.30 VND with a trading volume of 100 shares."
2025-08-11 13:00:00,7.2,7.3,7.2,7.2,37300,NED,"At 2025-08-11 13:00:00, the stock NED opened at 7.20 VND, reached a high of 7.30 VND, a low of 7.20 VND, and closed the hour at 7.20 VND with a trading volume of 37,300 shares."
2025-08-11 14:00:00,7.2,7.2,7.2,7.2,4900,NED,"At 2025-08-11 14:00:00, the stock NED opened at 7.20 VND, reached a high of 7.20 VND, a low of 7.20 VND, and closed the hour at 7.20 VND with a trading volume of 4,900 shares."
2025-08-12 09:00:00,7.2,7.3,7.2,7.3,42300,NED,"At 2025-08-12 09:00:00, the stock NED opened at 7.20 VND, reached a high of 7.30 VND, a low of 7.20 VND, and closed the hour at 7.30 VND with a trading volume of 42,300 shares."
2025-08-12 10:00:00,7.2,7.3,7.2,7.3,14900,NED,"At 2025-08-12 10:00:00, the stock NED opened at 7.20 VND, reached a high of 7.30 VND, a low of 7.20 VND, and closed the hour at 7.30 VND with a trading volume of 14,900 shares."
2025-08-12 11:00:00,7.2,7.3,7.2,7.3,5300,NED,"At 2025-08-12 11:00:00, the stock NED opened at 7.20 VND, reached a high of 7.30 VND, a low of 7.20 VND, and closed the hour at 7.30 VND with a trading volume of 5,300 shares."
2025-08-12 13:00:00,7.2,7.3,7.2,7.2,59200,NED,"At 2025-08-12 13:00:00, the stock NED opened at 7.20 VND, reached a high of 7.30 VND, a low of 7.20 VND, and closed the hour at 7.20 VND with a trading volume of 59,200 shares."
2025-08-12 14:00:00,7.2,7.3,7.2,7.2,20600,NED,"At 2025-08-12 14:00:00, the stock NED opened at 7.20 VND, reached a high of 7.30 VND, a low of 7.20 VND, and closed the hour at 7.20 VND with a trading volume of 20,600 shares."
2025-08-13 09:00:00,7.2,7.3,7.2,7.3,33600,NED,"At 2025-08-13 09:00:00, the stock NED opened at 7.20 VND, reached a high of 7.30 VND, a low of 7.20 VND, and closed the hour at 7.30 VND with a trading volume of 33,600 shares."
2025-08-13 10:00:00,7.2,7.2,7.2,7.2,57000,NED,"At 2025-08-13 10:00:00, the stock NED opened at 7.20 VND, reached a high of 7.20 VND, a low of 7.20 VND, and closed the hour at 7.20 VND with a trading volume of 57,000 shares."
2025-08-13 11:00:00,7.2,7.2,7.2,7.2,5400,NED,"At 2025-08-13 11:00:00, the stock NED opened at 7.20 VND, reached a high of 7.20 VND, a low of 7.20 VND, and closed the hour at 7.20 VND with a trading volume of 5,400 shares."
2025-08-13 13:00:00,7.2,7.2,7.1,7.2,11500,NED,"At 2025-08-13 13:00:00, the stock NED opened at 7.20 VND, reached a high of 7.20 VND, a low of 7.10 VND, and closed the hour at 7.20 VND with a trading volume of 11,500 shares."
2025-08-13 14:00:00,7.2,7.2,7.2,7.2,27100,NED,"At 2025-08-13 14:00:00, the stock NED opened at 7.20 VND, reached a high of 7.20 VND, a low of 7.20 VND, and closed the hour at 7.20 VND with a trading volume of 27,100 shares."
2025-08-14 09:00:00,7.2,7.2,7.2,7.2,85000,NED,"At 2025-08-14 09:00:00, the stock NED opened at 7.20 VND, reached a high of 7.20 VND, a low of 7.20 VND, and closed the hour at 7.20 VND with a trading volume of 85,000 shares."
2025-08-14 10:00:00,7.2,7.2,7.2,7.2,40300,NED,"At 2025-08-14 10:00:00, the stock NED opened at 7.20 VND, reached a high of 7.20 VND, a low of 7.20 VND, and closed the hour at 7.20 VND with a trading volume of 40,300 shares."
2025-08-14 11:00:00,7.2,7.2,7.2,7.2,7000,NED,"At 2025-08-14 11:00:00, the stock NED opened at 7.20 VND, reached a high of 7.20 VND, a low of 7.20 VND, and closed the hour at 7.20 VND with a trading volume of 7,000 shares."
2025-08-14 13:00:00,7.2,7.2,7.1,7.2,23000,NED,"At 2025-08-14 13:00:00, the stock NED opened at 7.20 VND, reached a high of 7.20 VND, a low of 7.10 VND, and closed the hour at 7.20 VND with a trading volume of 23,000 shares."
2025-08-14 14:00:00,7.2,7.3,7.2,7.2,10400,NED,"At 2025-08-14 14:00:00, the stock NED opened at 7.20 VND, reached a high of 7.30 VND, a low of 7.20 VND, and closed the hour at 7.20 VND with a trading volume of 10,400 shares."
2025-08-15 09:00:00,7.2,7.3,7.2,7.2,19100,NED,"At 2025-08-15 09:00:00, the stock NED opened at 7.20 VND, reached a high of 7.30 VND, a low of 7.20 VND, and closed the hour at 7.20 VND with a trading volume of 19,100 shares."
2025-08-15 10:00:00,7.2,7.2,7.2,7.2,23500,NED,"At 2025-08-15 10:00:00, the stock NED opened at 7.20 VND, reached a high of 7.20 VND, a low of 7.20 VND, and closed the hour at 7.20 VND with a trading volume of 23,500 shares."
2025-08-15 11:00:00,7.2,7.2,7.2,7.2,11700,NED,"At 2025-08-15 11:00:00, the stock NED opened at 7.20 VND, reached a high of 7.20 VND, a low of 7.20 VND, and closed the hour at 7.20 VND with a trading volume of 11,700 shares."
2025-08-15 13:00:00,7.2,7.2,7.1,7.2,15000,NED,"At 2025-08-15 13:00:00, the stock NED opened at 7.20 VND, reached a high of 7.20 VND, a low of 7.10 VND, and closed the hour at 7.20 VND with a trading volume of 15,000 shares."
2025-08-15 14:00:00,7.1,7.2,7.1,7.2,22300,NED,"At 2025-08-15 14:00:00, the stock NED opened at 7.10 VND, reached a high of 7.20 VND, a low of 7.10 VND, and closed the hour at 7.20 VND with a trading volume of 22,300 shares."
2025-08-18 09:00:00,7.2,7.3,7.2,7.2,51800,NED,"At 2025-08-18 09:00:00, the stock NED opened at 7.20 VND, reached a high of 7.30 VND, a low of 7.20 VND, and closed the hour at 7.20 VND with a trading volume of 51,800 shares."
2025-08-18 10:00:00,7.2,7.3,7.2,7.3,7600,NED,"At 2025-08-18 10:00:00, the stock NED opened at 7.20 VND, reached a high of 7.30 VND, a low of 7.20 VND, and closed the hour at 7.30 VND with a trading volume of 7,600 shares."
2025-08-18 11:00:00,7.3,7.3,7.2,7.2,20100,NED,"At 2025-08-18 11:00:00, the stock NED opened at 7.30 VND, reached a high of 7.30 VND, a low of 7.20 VND, and closed the hour at 7.20 VND with a trading volume of 20,100 shares."
2025-08-18 13:00:00,7.2,7.2,7.1,7.2,51600,NED,"At 2025-08-18 13:00:00, the stock NED opened at 7.20 VND, reached a high of 7.20 VND, a low of 7.10 VND, and closed the hour at 7.20 VND with a trading volume of 51,600 shares."
2025-08-18 14:00:00,7.1,7.2,7.1,7.2,38800,NED,"At 2025-08-18 14:00:00, the stock NED opened at 7.10 VND, reached a high of 7.20 VND, a low of 7.10 VND, and closed the hour at 7.20 VND with a trading volume of 38,800 shares."
2025-08-19 09:00:00,7.2,7.2,7.1,7.2,46200,NED,"At 2025-08-19 09:00:00, the stock NED opened at 7.20 VND, reached a high of 7.20 VND, a low of 7.10 VND, and closed the hour at 7.20 VND with a trading volume of 46,200 shares."
2025-08-19 10:00:00,7.1,7.2,7.1,7.2,125700,NED,"At 2025-08-19 10:00:00, the stock NED opened at 7.10 VND, reached a high of 7.20 VND, a low of 7.10 VND, and closed the hour at 7.20 VND with a trading volume of 125,700 shares."
2025-08-19 11:00:00,7.1,7.3,7.1,7.3,33400,NED,"At 2025-08-19 11:00:00, the stock NED opened at 7.10 VND, reached a high of 7.30 VND, a low of 7.10 VND, and closed the hour at 7.30 VND with a trading volume of 33,400 shares."
2025-08-19 13:00:00,7.3,7.3,7.2,7.2,46500,NED,"At 2025-08-19 13:00:00, the stock NED opened at 7.30 VND, reached a high of 7.30 VND, a low of 7.20 VND, and closed the hour at 7.20 VND with a trading volume of 46,500 shares."
2025-08-19 14:00:00,7.2,7.2,7.2,7.2,32100,NED,"At 2025-08-19 14:00:00, the stock NED opened at 7.20 VND, reached a high of 7.20 VND, a low of 7.20 VND, and closed the hour at 7.20 VND with a trading volume of 32,100 shares."
2025-08-20 09:00:00,7.2,7.2,7.2,7.2,57500,NED,"At 2025-08-20 09:00:00, the stock NED opened at 7.20 VND, reached a high of 7.20 VND, a low of 7.20 VND, and closed the hour at 7.20 VND with a trading volume of 57,500 shares."
2025-08-20 10:00:00,7.1,7.1,7.0,7.1,77000,NED,"At 2025-08-20 10:00:00, the stock NED opened at 7.10 VND, reached a high of 7.10 VND, a low of 7.00 VND, and closed the hour at 7.10 VND with a trading volume of 77,000 shares."
2025-08-20 11:00:00,7.1,7.1,7.1,7.1,6900,NED,"At 2025-08-20 11:00:00, the stock NED opened at 7.10 VND, reached a high of 7.10 VND, a low of 7.10 VND, and closed the hour at 7.10 VND with a trading volume of 6,900 shares."
2025-08-20 13:00:00,7.1,7.1,7.1,7.1,13100,NED,"At 2025-08-20 13:00:00, the stock NED opened at 7.10 VND, reached a high of 7.10 VND, a low of 7.10 VND, and closed the hour at 7.10 VND with a trading volume of 13,100 shares."
2025-08-20 14:00:00,7.1,7.1,7.1,7.1,3000,NED,"At 2025-08-20 14:00:00, the stock NED opened at 7.10 VND, reached a high of 7.10 VND, a low of 7.10 VND, and closed the hour at 7.10 VND with a trading volume of 3,000 shares."
2025-08-21 09:00:00,7.1,7.1,7.1,7.1,22700,NED,"At 2025-08-21 09:00:00, the stock NED opened at 7.10 VND, reached a high of 7.10 VND, a low of 7.10 VND, and closed the hour at 7.10 VND with a trading volume of 22,700 shares."
2025-08-21 10:00:00,7.1,7.1,7.1,7.1,13400,NED,"At 2025-08-21 10:00:00, the stock NED opened at 7.10 VND, reached a high of 7.10 VND, a low of 7.10 VND, and closed the hour at 7.10 VND with a trading volume of 13,400 shares."
2025-08-21 11:00:00,7.1,7.1,7.1,7.1,5000,NED,"At 2025-08-21 11:00:00, the stock NED opened at 7.10 VND, reached a high of 7.10 VND, a low of 7.10 VND, and closed the hour at 7.10 VND with a trading volume of 5,000 shares."
2025-08-21 13:00:00,7.1,7.1,7.1,7.1,30800,NED,"At 2025-08-21 13:00:00, the stock NED opened at 7.10 VND, reached a high of 7.10 VND, a low of 7.10 VND, and closed the hour at 7.10 VND with a trading volume of 30,800 shares."
2025-08-21 14:00:00,7.1,7.1,7.0,7.1,23600,NED,"At 2025-08-21 14:00:00, the stock NED opened at 7.10 VND, reached a high of 7.10 VND, a low of 7.00 VND, and closed the hour at 7.10 VND with a trading volume of 23,600 shares."
2025-08-22 09:00:00,7.1,7.1,7.0,7.1,21200,NED,"At 2025-08-22 09:00:00, the stock NED opened at 7.10 VND, reached a high of 7.10 VND, a low of 7.00 VND, and closed the hour at 7.10 VND with a trading volume of 21,200 shares."
2025-08-22 10:00:00,7.1,7.1,7.1,7.1,63000,NED,"At 2025-08-22 10:00:00, the stock NED opened at 7.10 VND, reached a high of 7.10 VND, a low of 7.10 VND, and closed the hour at 7.10 VND with a trading volume of 63,000 shares."
2025-08-22 11:00:00,7.1,7.1,7.1,7.1,5800,NED,"At 2025-08-22 11:00:00, the stock NED opened at 7.10 VND, reached a high of 7.10 VND, a low of 7.10 VND, and closed the hour at 7.10 VND with a trading volume of 5,800 shares."
2025-08-22 13:00:00,7.1,7.1,7.0,7.1,1400,NED,"At 2025-08-22 13:00:00, the stock NED opened at 7.10 VND, reached a high of 7.10 VND, a low of 7.00 VND, and closed the hour at 7.10 VND with a trading volume of 1,400 shares."
2025-08-22 14:00:00,7.0,7.1,7.0,7.1,400,NED,"At 2025-08-22 14:00:00, the stock NED opened at 7.00 VND, reached a high of 7.10 VND, a low of 7.00 VND, and closed the hour at 7.10 VND with a trading volume of 400 shares."
2025-08-25 09:00:00,7.1,7.1,7.0,7.1,38700,NED,"At 2025-08-25 09:00:00, the stock NED opened at 7.10 VND, reached a high of 7.10 VND, a low of 7.00 VND, and closed the hour at 7.10 VND with a trading volume of 38,700 shares."
2025-08-25 10:00:00,7.1,7.1,7.1,7.1,16000,NED,"At 2025-08-25 10:00:00, the stock NED opened at 7.10 VND, reached a high of 7.10 VND, a low of 7.10 VND, and closed the hour at 7.10 VND with a trading volume of 16,000 shares."
2025-08-25 13:00:00,7.1,7.1,7.1,7.1,58400,NED,"At 2025-08-25 13:00:00, the stock NED opened at 7.10 VND, reached a high of 7.10 VND, a low of 7.10 VND, and closed the hour at 7.10 VND with a trading volume of 58,400 shares."
2025-08-25 14:00:00,7.1,7.1,7.0,7.1,40700,NED,"At 2025-08-25 14:00:00, the stock NED opened at 7.10 VND, reached a high of 7.10 VND, a low of 7.00 VND, and closed the hour at 7.10 VND with a trading volume of 40,700 shares."
2025-08-26 09:00:00,7.1,7.1,7.1,7.1,21700,NED,"At 2025-08-26 09:00:00, the stock NED opened at 7.10 VND, reached a high of 7.10 VND, a low of 7.10 VND, and closed the hour at 7.10 VND with a trading volume of 21,700 shares."
2025-08-26 10:00:00,7.1,7.1,7.1,7.1,34200,NED,"At 2025-08-26 10:00:00, the stock NED opened at 7.10 VND, reached a high of 7.10 VND, a low of 7.10 VND, and closed the hour at 7.10 VND with a trading volume of 34,200 shares."
2025-08-26 11:00:00,7.1,7.1,7.1,7.1,30400,NED,"At 2025-08-26 11:00:00, the stock NED opened at 7.10 VND, reached a high of 7.10 VND, a low of 7.10 VND, and closed the hour at 7.10 VND with a trading volume of 30,400 shares."
2025-08-26 13:00:00,7.1,7.1,7.1,7.1,7400,NED,"At 2025-08-26 13:00:00, the stock NED opened at 7.10 VND, reached a high of 7.10 VND, a low of 7.10 VND, and closed the hour at 7.10 VND with a trading volume of 7,400 shares."
2025-08-26 14:00:00,7.1,7.1,7.1,7.1,44400,NED,"At 2025-08-26 14:00:00, the stock NED opened at 7.10 VND, reached a high of 7.10 VND, a low of 7.10 VND, and closed the hour at 7.10 VND with a trading volume of 44,400 shares."
2025-08-27 09:00:00,7.1,7.1,7.1,7.1,10200,NED,"At 2025-08-27 09:00:00, the stock NED opened at 7.10 VND, reached a high of 7.10 VND, a low of 7.10 VND, and closed the hour at 7.10 VND with a trading volume of 10,200 shares."
2025-08-27 10:00:00,7.1,7.1,7.1,7.1,6400,NED,"At 2025-08-27 10:00:00, the stock NED opened at 7.10 VND, reached a high of 7.10 VND, a low of 7.10 VND, and closed the hour at 7.10 VND with a trading volume of 6,400 shares."
2025-08-27 11:00:00,7.1,7.1,7.1,7.1,10600,NED,"At 2025-08-27 11:00:00, the stock NED opened at 7.10 VND, reached a high of 7.10 VND, a low of 7.10 VND, and closed the hour at 7.10 VND with a trading volume of 10,600 shares."
2025-08-27 13:00:00,7.1,7.1,7.1,7.1,4500,NED,"At 2025-08-27 13:00:00, the stock NED opened at 7.10 VND, reached a high of 7.10 VND, a low of 7.10 VND, and closed the hour at 7.10 VND with a trading volume of 4,500 shares."
2025-08-27 14:00:00,7.1,7.1,7.1,7.1,20400,NED,"At 2025-08-27 14:00:00, the stock NED opened at 7.10 VND, reached a high of 7.10 VND, a low of 7.10 VND, and closed the hour at 7.10 VND with a trading volume of 20,400 shares."
2025-08-28 09:00:00,7.1,7.1,7.0,7.1,30200,NED,"At 2025-08-28 09:00:00, the stock NED opened at 7.10 VND, reached a high of 7.10 VND, a low of 7.00 VND, and closed the hour at 7.10 VND with a trading volume of 30,200 shares."
2025-08-28 11:00:00,7.1,7.1,7.1,7.1,12000,NED,"At 2025-08-28 11:00:00, the stock NED opened at 7.10 VND, reached a high of 7.10 VND, a low of 7.10 VND, and closed the hour at 7.10 VND with a trading volume of 12,000 shares."
2025-08-28 13:00:00,7.1,7.1,7.0,7.1,23000,NED,"At 2025-08-28 13:00:00, the stock NED opened at 7.10 VND, reached a high of 7.10 VND, a low of 7.00 VND, and closed the hour at 7.10 VND with a trading volume of 23,000 shares."
2025-08-28 14:00:00,7.1,7.1,7.0,7.1,10400,NED,"At 2025-08-28 14:00:00, the stock NED opened at 7.10 VND, reached a high of 7.10 VND, a low of 7.00 VND, and closed the hour at 7.10 VND with a trading volume of 10,400 shares."
2025-08-29 09:00:00,7.1,7.1,7.0,7.1,68500,NED,"At 2025-08-29 09:00:00, the stock NED opened at 7.10 VND, reached a high of 7.10 VND, a low of 7.00 VND, and closed the hour at 7.10 VND with a trading volume of 68,500 shares."
2025-08-29 10:00:00,7.0,7.1,7.0,7.1,60100,NED,"At 2025-08-29 10:00:00, the stock NED opened at 7.00 VND, reached a high of 7.10 VND, a low of 7.00 VND, and closed the hour at 7.10 VND with a trading volume of 60,100 shares."
2025-08-29 11:00:00,7.1,7.1,7.1,7.1,43000,NED,"At 2025-08-29 11:00:00, the stock NED opened at 7.10 VND, reached a high of 7.10 VND, a low of 7.10 VND, and closed the hour at 7.10 VND with a trading volume of 43,000 shares."
2025-08-29 13:00:00,7.1,7.1,7.0,7.1,18200,NED,"At 2025-08-29 13:00:00, the stock NED opened at 7.10 VND, reached a high of 7.10 VND, a low of 7.00 VND, and closed the hour at 7.10 VND with a trading volume of 18,200 shares."
2025-08-29 14:00:00,7.1,7.1,7.0,7.1,14700,NED,"At 2025-08-29 14:00:00, the stock NED opened at 7.10 VND, reached a high of 7.10 VND, a low of 7.00 VND, and closed the hour at 7.10 VND with a trading volume of 14,700 shares."
2025-09-03 09:00:00,7.1,7.1,7.1,7.1,2000,NED,"At 2025-09-03 09:00:00, the stock NED opened at 7.10 VND, reached a high of 7.10 VND, a low of 7.10 VND, and closed the hour at 7.10 VND with a trading volume of 2,000 shares."
2025-09-03 10:00:00,7.0,7.1,7.0,7.1,2200,NED,"At 2025-09-03 10:00:00, the stock NED opened at 7.00 VND, reached a high of 7.10 VND, a low of 7.00 VND, and closed the hour at 7.10 VND with a trading volume of 2,200 shares."
2025-09-03 13:00:00,7.1,7.1,7.0,7.1,12100,NED,"At 2025-09-03 13:00:00, the stock NED opened at 7.10 VND, reached a high of 7.10 VND, a low of 7.00 VND, and closed the hour at 7.10 VND with a trading volume of 12,100 shares."
2025-09-03 14:00:00,7.1,7.1,7.1,7.1,700,NED,"At 2025-09-03 14:00:00, the stock NED opened at 7.10 VND, reached a high of 7.10 VND, a low of 7.10 VND, and closed the hour at 7.10 VND with a trading volume of 700 shares."
2025-09-04 09:00:00,7.0,7.1,7.0,7.1,65500,NED,"At 2025-09-04 09:00:00, the stock NED opened at 7.00 VND, reached a high of 7.10 VND, a low of 7.00 VND, and closed the hour at 7.10 VND with a trading volume of 65,500 shares."
2025-09-04 10:00:00,7.2,7.3,7.2,7.2,189700,NED,"At 2025-09-04 10:00:00, the stock NED opened at 7.20 VND, reached a high of 7.30 VND, a low of 7.20 VND, and closed the hour at 7.20 VND with a trading volume of 189,700 shares."
2025-09-04 11:00:00,7.2,7.2,7.2,7.2,5000,NED,"At 2025-09-04 11:00:00, the stock NED opened at 7.20 VND, reached a high of 7.20 VND, a low of 7.20 VND, and closed the hour at 7.20 VND with a trading volume of 5,000 shares."
2025-09-04 13:00:00,7.2,7.2,7.1,7.1,95900,NED,"At 2025-09-04 13:00:00, the stock NED opened at 7.20 VND, reached a high of 7.20 VND, a low of 7.10 VND, and closed the hour at 7.10 VND with a trading volume of 95,900 shares."
2025-09-04 14:00:00,7.1,7.2,7.1,7.2,3100,NED,"At 2025-09-04 14:00:00, the stock NED opened at 7.10 VND, reached a high of 7.20 VND, a low of 7.10 VND, and closed the hour at 7.20 VND with a trading volume of 3,100 shares."
2025-09-05 09:00:00,7.2,7.2,7.2,7.2,42300,NED,"At 2025-09-05 09:00:00, the stock NED opened at 7.20 VND, reached a high of 7.20 VND, a low of 7.20 VND, and closed the hour at 7.20 VND with a trading volume of 42,300 shares."
2025-09-05 10:00:00,7.2,7.3,7.2,7.2,9400,NED,"At 2025-09-05 10:00:00, the stock NED opened at 7.20 VND, reached a high of 7.30 VND, a low of 7.20 VND, and closed the hour at 7.20 VND with a trading volume of 9,400 shares."
2025-09-05 11:00:00,7.2,7.2,7.2,7.2,2900,NED,"At 2025-09-05 11:00:00, the stock NED opened at 7.20 VND, reached a high of 7.20 VND, a low of 7.20 VND, and closed the hour at 7.20 VND with a trading volume of 2,900 shares."
2025-09-05 13:00:00,7.2,7.2,7.2,7.2,7500,NED,"At 2025-09-05 13:00:00, the stock NED opened at 7.20 VND, reached a high of 7.20 VND, a low of 7.20 VND, and closed the hour at 7.20 VND with a trading volume of 7,500 shares."
2025-09-05 14:00:00,7.2,7.2,7.1,7.1,4800,NED,"At 2025-09-05 14:00:00, the stock NED opened at 7.20 VND, reached a high of 7.20 VND, a low of 7.10 VND, and closed the hour at 7.10 VND with a trading volume of 4,800 shares."
2025-09-08 10:00:00,7.2,7.2,7.1,7.1,5500,NED,"At 2025-09-08 10:00:00, the stock NED opened at 7.20 VND, reached a high of 7.20 VND, a low of 7.10 VND, and closed the hour at 7.10 VND with a trading volume of 5,500 shares."
2025-09-08 11:00:00,7.2,7.2,7.1,7.1,39600,NED,"At 2025-09-08 11:00:00, the stock NED opened at 7.20 VND, reached a high of 7.20 VND, a low of 7.10 VND, and closed the hour at 7.10 VND with a trading volume of 39,600 shares."
2025-09-08 13:00:00,7.1,7.2,7.1,7.2,40600,NED,"At 2025-09-08 13:00:00, the stock NED opened at 7.10 VND, reached a high of 7.20 VND, a low of 7.10 VND, and closed the hour at 7.20 VND with a trading volume of 40,600 shares."
2025-09-08 14:00:00,7.1,7.2,7.1,7.2,6800,NED,"At 2025-09-08 14:00:00, the stock NED opened at 7.10 VND, reached a high of 7.20 VND, a low of 7.10 VND, and closed the hour at 7.20 VND with a trading volume of 6,800 shares."
2025-09-09 10:00:00,7.1,7.1,7.1,7.1,21600,NED,"At 2025-09-09 10:00:00, the stock NED opened at 7.10 VND, reached a high of 7.10 VND, a low of 7.10 VND, and closed the hour at 7.10 VND with a trading volume of 21,600 shares."
2025-09-09 11:00:00,7.1,7.1,7.1,7.1,6000,NED,"At 2025-09-09 11:00:00, the stock NED opened at 7.10 VND, reached a high of 7.10 VND, a low of 7.10 VND, and closed the hour at 7.10 VND with a trading volume of 6,000 shares."
2025-09-09 13:00:00,7.1,7.1,7.1,7.1,16000,NED,"At 2025-09-09 13:00:00, the stock NED opened at 7.10 VND, reached a high of 7.10 VND, a low of 7.10 VND, and closed the hour at 7.10 VND with a trading volume of 16,000 shares."
2025-09-09 14:00:00,7.1,7.1,7.0,7.1,4000,NED,"At 2025-09-09 14:00:00, the stock NED opened at 7.10 VND, reached a high of 7.10 VND, a low of 7.00 VND, and closed the hour at 7.10 VND with a trading volume of 4,000 shares."
2025-09-10 09:00:00,7.1,7.1,7.1,7.1,500,NED,"At 2025-09-10 09:00:00, the stock NED opened at 7.10 VND, reached a high of 7.10 VND, a low of 7.10 VND, and closed the hour at 7.10 VND with a trading volume of 500 shares."
2025-09-10 10:00:00,7.1,7.1,7.1,7.1,3200,NED,"At 2025-09-10 10:00:00, the stock NED opened at 7.10 VND, reached a high of 7.10 VND, a low of 7.10 VND, and closed the hour at 7.10 VND with a trading volume of 3,200 shares."
2025-09-10 11:00:00,7.1,7.1,7.1,7.1,2100,NED,"At 2025-09-10 11:00:00, the stock NED opened at 7.10 VND, reached a high of 7.10 VND, a low of 7.10 VND, and closed the hour at 7.10 VND with a trading volume of 2,100 shares."
2025-09-10 13:00:00,7.1,7.1,7.1,7.1,6400,NED,"At 2025-09-10 13:00:00, the stock NED opened at 7.10 VND, reached a high of 7.10 VND, a low of 7.10 VND, and closed the hour at 7.10 VND with a trading volume of 6,400 shares."
2025-09-10 14:00:00,7.1,7.1,7.1,7.1,2300,NED,"At 2025-09-10 14:00:00, the stock NED opened at 7.10 VND, reached a high of 7.10 VND, a low of 7.10 VND, and closed the hour at 7.10 VND with a trading volume of 2,300 shares."
2025-09-11 09:00:00,7.1,7.1,7.1,7.1,18500,NED,"At 2025-09-11 09:00:00, the stock NED opened at 7.10 VND, reached a high of 7.10 VND, a low of 7.10 VND, and closed the hour at 7.10 VND with a trading volume of 18,500 shares."
2025-09-11 10:00:00,7.1,7.1,7.0,7.1,32600,NED,"At 2025-09-11 10:00:00, the stock NED opened at 7.10 VND, reached a high of 7.10 VND, a low of 7.00 VND, and closed the hour at 7.10 VND with a trading volume of 32,600 shares."
2025-09-11 13:00:00,7.1,7.1,7.1,7.1,4900,NED,"At 2025-09-11 13:00:00, the stock NED opened at 7.10 VND, reached a high of 7.10 VND, a low of 7.10 VND, and closed the hour at 7.10 VND with a trading volume of 4,900 shares."
2025-09-12 09:00:00,7.1,7.1,7.1,7.1,16300,NED,"At 2025-09-12 09:00:00, the stock NED opened at 7.10 VND, reached a high of 7.10 VND, a low of 7.10 VND, and closed the hour at 7.10 VND with a trading volume of 16,300 shares."
2025-09-12 10:00:00,7.1,7.1,7.1,7.1,9000,NED,"At 2025-09-12 10:00:00, the stock NED opened at 7.10 VND, reached a high of 7.10 VND, a low of 7.10 VND, and closed the hour at 7.10 VND with a trading volume of 9,000 shares."
2025-09-12 11:00:00,7.1,7.1,7.1,7.1,1000,NED,"At 2025-09-12 11:00:00, the stock NED opened at 7.10 VND, reached a high of 7.10 VND, a low of 7.10 VND, and closed the hour at 7.10 VND with a trading volume of 1,000 shares."
2025-09-12 13:00:00,7.1,7.1,7.1,7.1,20200,NED,"At 2025-09-12 13:00:00, the stock NED opened at 7.10 VND, reached a high of 7.10 VND, a low of 7.10 VND, and closed the hour at 7.10 VND with a trading volume of 20,200 shares."
2025-09-12 14:00:00,7.1,7.1,7.1,7.1,11000,NED,"At 2025-09-12 14:00:00, the stock NED opened at 7.10 VND, reached a high of 7.10 VND, a low of 7.10 VND, and closed the hour at 7.10 VND with a trading volume of 11,000 shares."
2025-09-15 09:00:00,7.1,7.2,7.1,7.2,1200,NED,"At 2025-09-15 09:00:00, the stock NED opened at 7.10 VND, reached a high of 7.20 VND, a low of 7.10 VND, and closed the hour at 7.20 VND with a trading volume of 1,200 shares."
2025-09-15 10:00:00,7.2,7.2,7.2,7.2,600,NED,"At 2025-09-15 10:00:00, the stock NED opened at 7.20 VND, reached a high of 7.20 VND, a low of 7.20 VND, and closed the hour at 7.20 VND with a trading volume of 600 shares."
2025-09-15 13:00:00,7.1,7.1,7.1,7.1,6500,NED,"At 2025-09-15 13:00:00, the stock NED opened at 7.10 VND, reached a high of 7.10 VND, a low of 7.10 VND, and closed the hour at 7.10 VND with a trading volume of 6,500 shares."
2025-09-15 14:00:00,7.2,7.2,7.1,7.2,29300,NED,"At 2025-09-15 14:00:00, the stock NED opened at 7.20 VND, reached a high of 7.20 VND, a low of 7.10 VND, and closed the hour at 7.20 VND with a trading volume of 29,300 shares."
2025-09-16 09:00:00,7.2,7.2,7.1,7.2,10700,NED,"At 2025-09-16 09:00:00, the stock NED opened at 7.20 VND, reached a high of 7.20 VND, a low of 7.10 VND, and closed the hour at 7.20 VND with a trading volume of 10,700 shares."
2025-09-16 10:00:00,7.1,7.2,7.1,7.1,5200,NED,"At 2025-09-16 10:00:00, the stock NED opened at 7.10 VND, reached a high of 7.20 VND, a low of 7.10 VND, and closed the hour at 7.10 VND with a trading volume of 5,200 shares."
2025-09-16 13:00:00,7.2,7.2,7.2,7.2,1000,NED,"At 2025-09-16 13:00:00, the stock NED opened at 7.20 VND, reached a high of 7.20 VND, a low of 7.20 VND, and closed the hour at 7.20 VND with a trading volume of 1,000 shares."
2025-09-17 09:00:00,7.1,7.1,7.1,7.1,50600,NED,"At 2025-09-17 09:00:00, the stock NED opened at 7.10 VND, reached a high of 7.10 VND, a low of 7.10 VND, and closed the hour at 7.10 VND with a trading volume of 50,600 shares."
2025-09-17 10:00:00,7.0,7.1,7.0,7.1,2600,NED,"At 2025-09-17 10:00:00, the stock NED opened at 7.00 VND, reached a high of 7.10 VND, a low of 7.00 VND, and closed the hour at 7.10 VND with a trading volume of 2,600 shares."
2025-09-17 11:00:00,7.1,7.1,7.1,7.1,200,NED,"At 2025-09-17 11:00:00, the stock NED opened at 7.10 VND, reached a high of 7.10 VND, a low of 7.10 VND, and closed the hour at 7.10 VND with a trading volume of 200 shares."
2025-09-17 13:00:00,7.0,7.1,7.0,7.1,9900,NED,"At 2025-09-17 13:00:00, the stock NED opened at 7.00 VND, reached a high of 7.10 VND, a low of 7.00 VND, and closed the hour at 7.10 VND with a trading volume of 9,900 shares."
2025-09-17 14:00:00,7.1,7.1,7.0,7.1,3700,NED,"At 2025-09-17 14:00:00, the stock NED opened at 7.10 VND, reached a high of 7.10 VND, a low of 7.00 VND, and closed the hour at 7.10 VND with a trading volume of 3,700 shares."
2025-09-18 09:00:00,7.1,7.1,7.1,7.1,8200,NED,"At 2025-09-18 09:00:00, the stock NED opened at 7.10 VND, reached a high of 7.10 VND, a low of 7.10 VND, and closed the hour at 7.10 VND with a trading volume of 8,200 shares."
2025-09-18 10:00:00,7.0,7.1,7.0,7.1,1100,NED,"At 2025-09-18 10:00:00, the stock NED opened at 7.00 VND, reached a high of 7.10 VND, a low of 7.00 VND, and closed the hour at 7.10 VND with a trading volume of 1,100 shares."
2025-09-18 13:00:00,7.1,7.1,7.0,7.1,45800,NED,"At 2025-09-18 13:00:00, the stock NED opened at 7.10 VND, reached a high of 7.10 VND, a low of 7.00 VND, and closed the hour at 7.10 VND with a trading volume of 45,800 shares."
2025-09-18 14:00:00,7.0,7.1,7.0,7.1,16400,NED,"At 2025-09-18 14:00:00, the stock NED opened at 7.00 VND, reached a high of 7.10 VND, a low of 7.00 VND, and closed the hour at 7.10 VND with a trading volume of 16,400 shares."
2025-09-19 09:00:00,7.0,7.0,7.0,7.0,50100,NED,"At 2025-09-19 09:00:00, the stock NED opened at 7.00 VND, reached a high of 7.00 VND, a low of 7.00 VND, and closed the hour at 7.00 VND with a trading volume of 50,100 shares."
2025-09-19 10:00:00,7.0,7.0,7.0,7.0,6300,NED,"At 2025-09-19 10:00:00, the stock NED opened at 7.00 VND, reached a high of 7.00 VND, a low of 7.00 VND, and closed the hour at 7.00 VND with a trading volume of 6,300 shares."
2025-09-19 11:00:00,7.0,7.0,7.0,7.0,109100,NED,"At 2025-09-19 11:00:00, the stock NED opened at 7.00 VND, reached a high of 7.00 VND, a low of 7.00 VND, and closed the hour at 7.00 VND with a trading volume of 109,100 shares."
2025-09-19 13:00:00,7.0,7.0,6.9,7.0,27700,NED,"At 2025-09-19 13:00:00, the stock NED opened at 7.00 VND, reached a high of 7.00 VND, a low of 6.90 VND, and closed the hour at 7.00 VND with a trading volume of 27,700 shares."
2025-09-19 14:00:00,7.0,7.0,7.0,7.0,7400,NED,"At 2025-09-19 14:00:00, the stock NED opened at 7.00 VND, reached a high of 7.00 VND, a low of 7.00 VND, and closed the hour at 7.00 VND with a trading volume of 7,400 shares."
2025-09-22 09:00:00,7.0,7.0,6.9,7.0,5800,NED,"At 2025-09-22 09:00:00, the stock NED opened at 7.00 VND, reached a high of 7.00 VND, a low of 6.90 VND, and closed the hour at 7.00 VND with a trading volume of 5,800 shares."
2025-09-22 13:00:00,7.0,7.0,7.0,7.0,12400,NED,"At 2025-09-22 13:00:00, the stock NED opened at 7.00 VND, reached a high of 7.00 VND, a low of 7.00 VND, and closed the hour at 7.00 VND with a trading volume of 12,400 shares."
2025-09-22 14:00:00,7.0,7.0,7.0,7.0,48700,NED,"At 2025-09-22 14:00:00, the stock NED opened at 7.00 VND, reached a high of 7.00 VND, a low of 7.00 VND, and closed the hour at 7.00 VND with a trading volume of 48,700 shares."
2025-09-23 09:00:00,7.0,7.0,7.0,7.0,3600,NED,"At 2025-09-23 09:00:00, the stock NED opened at 7.00 VND, reached a high of 7.00 VND, a low of 7.00 VND, and closed the hour at 7.00 VND with a trading volume of 3,600 shares."
2025-09-23 10:00:00,7.0,7.0,7.0,7.0,1000,NED,"At 2025-09-23 10:00:00, the stock NED opened at 7.00 VND, reached a high of 7.00 VND, a low of 7.00 VND, and closed the hour at 7.00 VND with a trading volume of 1,000 shares."
2025-09-23 13:00:00,7.0,7.0,7.0,7.0,1000,NED,"At 2025-09-23 13:00:00, the stock NED opened at 7.00 VND, reached a high of 7.00 VND, a low of 7.00 VND, and closed the hour at 7.00 VND with a trading volume of 1,000 shares."
2025-09-24 09:00:00,6.9,6.9,6.9,6.9,18400,NED,"At 2025-09-24 09:00:00, the stock NED opened at 6.90 VND, reached a high of 6.90 VND, a low of 6.90 VND, and closed the hour at 6.90 VND with a trading volume of 18,400 shares."
2025-09-24 10:00:00,7.0,7.0,7.0,7.0,1100,NED,"At 2025-09-24 10:00:00, the stock NED opened at 7.00 VND, reached a high of 7.00 VND, a low of 7.00 VND, and closed the hour at 7.00 VND with a trading volume of 1,100 shares."
2025-09-24 11:00:00,7.0,7.0,7.0,7.0,5700,NED,"At 2025-09-24 11:00:00, the stock NED opened at 7.00 VND, reached a high of 7.00 VND, a low of 7.00 VND, and closed the hour at 7.00 VND with a trading volume of 5,700 shares."
2025-09-24 13:00:00,6.9,6.9,6.9,6.9,100,NED,"At 2025-09-24 13:00:00, the stock NED opened at 6.90 VND, reached a high of 6.90 VND, a low of 6.90 VND, and closed the hour at 6.90 VND with a trading volume of 100 shares."
2025-09-24 14:00:00,6.9,7.0,6.9,7.0,800,NED,"At 2025-09-24 14:00:00, the stock NED opened at 6.90 VND, reached a high of 7.00 VND, a low of 6.90 VND, and closed the hour at 7.00 VND with a trading volume of 800 shares."
2025-09-25 09:00:00,7.0,7.0,6.9,6.9,47500,NED,"At 2025-09-25 09:00:00, the stock NED opened at 7.00 VND, reached a high of 7.00 VND, a low of 6.90 VND, and closed the hour at 6.90 VND with a trading volume of 47,500 shares."
2025-09-25 10:00:00,6.9,6.9,6.9,6.9,300,NED,"At 2025-09-25 10:00:00, the stock NED opened at 6.90 VND, reached a high of 6.90 VND, a low of 6.90 VND, and closed the hour at 6.90 VND with a trading volume of 300 shares."
2025-09-25 13:00:00,6.9,6.9,6.9,6.9,4000,NED,"At 2025-09-25 13:00:00, the stock NED opened at 6.90 VND, reached a high of 6.90 VND, a low of 6.90 VND, and closed the hour at 6.90 VND with a trading volume of 4,000 shares."
2025-09-25 14:00:00,7.0,7.0,6.9,7.0,4400,NED,"At 2025-09-25 14:00:00, the stock NED opened at 7.00 VND, reached a high of 7.00 VND, a low of 6.90 VND, and closed the hour at 7.00 VND with a trading volume of 4,400 shares."
2025-09-26 09:00:00,6.9,6.9,6.9,6.9,167500,NED,"At 2025-09-26 09:00:00, the stock NED opened at 6.90 VND, reached a high of 6.90 VND, a low of 6.90 VND, and closed the hour at 6.90 VND with a trading volume of 167,500 shares."
2025-09-26 10:00:00,6.9,7.0,6.9,7.0,52500,NED,"At 2025-09-26 10:00:00, the stock NED opened at 6.90 VND, reached a high of 7.00 VND, a low of 6.90 VND, and closed the hour at 7.00 VND with a trading volume of 52,500 shares."
2025-09-26 11:00:00,6.9,6.9,6.9,6.9,46500,NED,"At 2025-09-26 11:00:00, the stock NED opened at 6.90 VND, reached a high of 6.90 VND, a low of 6.90 VND, and closed the hour at 6.90 VND with a trading volume of 46,500 shares."
2025-09-26 13:00:00,6.9,6.9,6.8,6.9,21600,NED,"At 2025-09-26 13:00:00, the stock NED opened at 6.90 VND, reached a high of 6.90 VND, a low of 6.80 VND, and closed the hour at 6.90 VND with a trading volume of 21,600 shares."
2025-09-26 14:00:00,6.9,6.9,6.9,6.9,130700,NED,"At 2025-09-26 14:00:00, the stock NED opened at 6.90 VND, reached a high of 6.90 VND, a low of 6.90 VND, and closed the hour at 6.90 VND with a trading volume of 130,700 shares."
2025-09-29 09:00:00,6.9,6.9,6.8,6.9,700,NED,"At 2025-09-29 09:00:00, the stock NED opened at 6.90 VND, reached a high of 6.90 VND, a low of 6.80 VND, and closed the hour at 6.90 VND with a trading volume of 700 shares."
2025-09-29 11:00:00,6.9,6.9,6.9,6.9,1000,NED,"At 2025-09-29 11:00:00, the stock NED opened at 6.90 VND, reached a high of 6.90 VND, a low of 6.90 VND, and closed the hour at 6.90 VND with a trading volume of 1,000 shares."
2025-09-29 13:00:00,6.9,6.9,6.8,6.9,14900,NED,"At 2025-09-29 13:00:00, the stock NED opened at 6.90 VND, reached a high of 6.90 VND, a low of 6.80 VND, and closed the hour at 6.90 VND with a trading volume of 14,900 shares."
2025-09-29 14:00:00,6.9,6.9,6.8,6.9,53100,NED,"At 2025-09-29 14:00:00, the stock NED opened at 6.90 VND, reached a high of 6.90 VND, a low of 6.80 VND, and closed the hour at 6.90 VND with a trading volume of 53,100 shares."
2025-09-30 09:00:00,6.8,6.9,6.8,6.9,5700,NED,"At 2025-09-30 09:00:00, the stock NED opened at 6.80 VND, reached a high of 6.90 VND, a low of 6.80 VND, and closed the hour at 6.90 VND with a trading volume of 5,700 shares."
2025-09-30 10:00:00,6.8,6.8,6.8,6.8,228400,NED,"At 2025-09-30 10:00:00, the stock NED opened at 6.80 VND, reached a high of 6.80 VND, a low of 6.80 VND, and closed the hour at 6.80 VND with a trading volume of 228,400 shares."
2025-09-30 11:00:00,6.8,6.8,6.8,6.8,30600,NED,"At 2025-09-30 11:00:00, the stock NED opened at 6.80 VND, reached a high of 6.80 VND, a low of 6.80 VND, and closed the hour at 6.80 VND with a trading volume of 30,600 shares."
2025-09-30 13:00:00,6.8,6.8,6.8,6.8,24300,NED,"At 2025-09-30 13:00:00, the stock NED opened at 6.80 VND, reached a high of 6.80 VND, a low of 6.80 VND, and closed the hour at 6.80 VND with a trading volume of 24,300 shares."
2025-09-30 14:00:00,6.8,6.9,6.8,6.9,2200,NED,"At 2025-09-30 14:00:00, the stock NED opened at 6.80 VND, reached a high of 6.90 VND, a low of 6.80 VND, and closed the hour at 6.90 VND with a trading volume of 2,200 shares."
2025-10-01 09:00:00,6.9,6.9,6.8,6.8,20600,NED,"At 2025-10-01 09:00:00, the stock NED opened at 6.90 VND, reached a high of 6.90 VND, a low of 6.80 VND, and closed the hour at 6.80 VND with a trading volume of 20,600 shares."
2025-10-01 10:00:00,6.8,6.8,6.8,6.8,20300,NED,"At 2025-10-01 10:00:00, the stock NED opened at 6.80 VND, reached a high of 6.80 VND, a low of 6.80 VND, and closed the hour at 6.80 VND with a trading volume of 20,300 shares."
2025-10-01 11:00:00,6.9,6.9,6.9,6.9,100,NED,"At 2025-10-01 11:00:00, the stock NED opened at 6.90 VND, reached a high of 6.90 VND, a low of 6.90 VND, and closed the hour at 6.90 VND with a trading volume of 100 shares."
2025-10-01 13:00:00,6.9,6.9,6.8,6.9,10200,NED,"At 2025-10-01 13:00:00, the stock NED opened at 6.90 VND, reached a high of 6.90 VND, a low of 6.80 VND, and closed the hour at 6.90 VND with a trading volume of 10,200 shares."
2025-10-01 14:00:00,6.9,6.9,6.9,6.9,100,NED,"At 2025-10-01 14:00:00, the stock NED opened at 6.90 VND, reached a high of 6.90 VND, a low of 6.90 VND, and closed the hour at 6.90 VND with a trading volume of 100 shares."
2025-10-02 09:00:00,6.9,6.9,6.9,6.9,1000,NED,"At 2025-10-02 09:00:00, the stock NED opened at 6.90 VND, reached a high of 6.90 VND, a low of 6.90 VND, and closed the hour at 6.90 VND with a trading volume of 1,000 shares."
2025-10-02 10:00:00,6.9,6.9,6.9,6.9,1200,NED,"At 2025-10-02 10:00:00, the stock NED opened at 6.90 VND, reached a high of 6.90 VND, a low of 6.90 VND, and closed the hour at 6.90 VND with a trading volume of 1,200 shares."
2025-10-03 09:00:00,6.9,6.9,6.9,6.9,9200,NED,"At 2025-10-03 09:00:00, the stock NED opened at 6.90 VND, reached a high of 6.90 VND, a low of 6.90 VND, and closed the hour at 6.90 VND with a trading volume of 9,200 shares."
2025-10-06 09:00:00,6.9,6.9,6.9,6.9,46100,NED,"At 2025-10-06 09:00:00, the stock NED opened at 6.90 VND, reached a high of 6.90 VND, a low of 6.90 VND, and closed the hour at 6.90 VND with a trading volume of 46,100 shares."
2025-10-06 10:00:00,6.9,6.9,6.8,6.8,7700,NED,"At 2025-10-06 10:00:00, the stock NED opened at 6.90 VND, reached a high of 6.90 VND, a low of 6.80 VND, and closed the hour at 6.80 VND with a trading volume of 7,700 shares."
2025-10-06 11:00:00,6.9,6.9,6.9,6.9,100,NED,"At 2025-10-06 11:00:00, the stock NED opened at 6.90 VND, reached a high of 6.90 VND, a low of 6.90 VND, and closed the hour at 6.90 VND with a trading volume of 100 shares."
2025-10-06 13:00:00,6.9,6.9,6.9,6.9,3300,NED,"At 2025-10-06 13:00:00, the stock NED opened at 6.90 VND, reached a high of 6.90 VND, a low of 6.90 VND, and closed the hour at 6.90 VND with a trading volume of 3,300 shares."
2025-10-06 14:00:00,6.9,6.9,6.9,6.9,100,NED,"At 2025-10-06 14:00:00, the stock NED opened at 6.90 VND, reached a high of 6.90 VND, a low of 6.90 VND, and closed the hour at 6.90 VND with a trading volume of 100 shares."
2025-10-07 09:00:00,6.9,6.9,6.9,6.9,6600,NED,"At 2025-10-07 09:00:00, the stock NED opened at 6.90 VND, reached a high of 6.90 VND, a low of 6.90 VND, and closed the hour at 6.90 VND with a trading volume of 6,600 shares."
2025-10-07 10:00:00,6.9,6.9,6.9,6.9,10100,NED,"At 2025-10-07 10:00:00, the stock NED opened at 6.90 VND, reached a high of 6.90 VND, a low of 6.90 VND, and closed the hour at 6.90 VND with a trading volume of 10,100 shares."
2025-10-07 13:00:00,6.9,6.9,6.9,6.9,28600,NED,"At 2025-10-07 13:00:00, the stock NED opened at 6.90 VND, reached a high of 6.90 VND, a low of 6.90 VND, and closed the hour at 6.90 VND with a trading volume of 28,600 shares."
2025-10-07 14:00:00,6.9,7.0,6.9,7.0,10900,NED,"At 2025-10-07 14:00:00, the stock NED opened at 6.90 VND, reached a high of 7.00 VND, a low of 6.90 VND, and closed the hour at 7.00 VND with a trading volume of 10,900 shares."
2025-10-08 09:00:00,6.9,7.0,6.9,7.0,1200,NED,"At 2025-10-08 09:00:00, the stock NED opened at 6.90 VND, reached a high of 7.00 VND, a low of 6.90 VND, and closed the hour at 7.00 VND with a trading volume of 1,200 shares."
2025-10-08 10:00:00,7.0,7.0,6.9,7.0,6100,NED,"At 2025-10-08 10:00:00, the stock NED opened at 7.00 VND, reached a high of 7.00 VND, a low of 6.90 VND, and closed the hour at 7.00 VND with a trading volume of 6,100 shares."
2025-10-08 13:00:00,6.9,7.0,6.9,7.0,600,NED,"At 2025-10-08 13:00:00, the stock NED opened at 6.90 VND, reached a high of 7.00 VND, a low of 6.90 VND, and closed the hour at 7.00 VND with a trading volume of 600 shares."
2025-10-08 14:00:00,6.9,7.0,6.9,6.9,205400,NED,"At 2025-10-08 14:00:00, the stock NED opened at 6.90 VND, reached a high of 7.00 VND, a low of 6.90 VND, and closed the hour at 6.90 VND with a trading volume of 205,400 shares."
2025-10-09 09:00:00,6.9,6.9,6.9,6.9,74700,NED,"At 2025-10-09 09:00:00, the stock NED opened at 6.90 VND, reached a high of 6.90 VND, a low of 6.90 VND, and closed the hour at 6.90 VND with a trading volume of 74,700 shares."
2025-10-09 10:00:00,6.9,6.9,6.9,6.9,3200,NED,"At 2025-10-09 10:00:00, the stock NED opened at 6.90 VND, reached a high of 6.90 VND, a low of 6.90 VND, and closed the hour at 6.90 VND with a trading volume of 3,200 shares."
2025-10-09 13:00:00,6.9,7.0,6.9,7.0,300,NED,"At 2025-10-09 13:00:00, the stock NED opened at 6.90 VND, reached a high of 7.00 VND, a low of 6.90 VND, and closed the hour at 7.00 VND with a trading volume of 300 shares."
2025-10-09 14:00:00,6.9,7.0,6.9,6.9,6100,NED,"At 2025-10-09 14:00:00, the stock NED opened at 6.90 VND, reached a high of 7.00 VND, a low of 6.90 VND, and closed the hour at 6.90 VND with a trading volume of 6,100 shares."
2025-10-10 09:00:00,6.9,6.9,6.9,6.9,10300,NED,"At 2025-10-10 09:00:00, the stock NED opened at 6.90 VND, reached a high of 6.90 VND, a low of 6.90 VND, and closed the hour at 6.90 VND with a trading volume of 10,300 shares."
2025-10-10 10:00:00,6.9,6.9,6.9,6.9,200,NED,"At 2025-10-10 10:00:00, the stock NED opened at 6.90 VND, reached a high of 6.90 VND, a low of 6.90 VND, and closed the hour at 6.90 VND with a trading volume of 200 shares."
2025-10-10 13:00:00,7.0,7.0,6.9,6.9,6800,NED,"At 2025-10-10 13:00:00, the stock NED opened at 7.00 VND, reached a high of 7.00 VND, a low of 6.90 VND, and closed the hour at 6.90 VND with a trading volume of 6,800 shares."
2025-10-10 14:00:00,6.9,7.0,6.9,7.0,1100,NED,"At 2025-10-10 14:00:00, the stock NED opened at 6.90 VND, reached a high of 7.00 VND, a low of 6.90 VND, and closed the hour at 7.00 VND with a trading volume of 1,100 shares."
2025-10-13 09:00:00,6.9,6.9,6.9,6.9,10000,NED,"At 2025-10-13 09:00:00, the stock NED opened at 6.90 VND, reached a high of 6.90 VND, a low of 6.90 VND, and closed the hour at 6.90 VND with a trading volume of 10,000 shares."
2025-10-13 11:00:00,6.9,6.9,6.9,6.9,500,NED,"At 2025-10-13 11:00:00, the stock NED opened at 6.90 VND, reached a high of 6.90 VND, a low of 6.90 VND, and closed the hour at 6.90 VND with a trading volume of 500 shares."
2025-10-13 14:00:00,6.9,6.9,6.9,6.9,300,NED,"At 2025-10-13 14:00:00, the stock NED opened at 6.90 VND, reached a high of 6.90 VND, a low of 6.90 VND, and closed the hour at 6.90 VND with a trading volume of 300 shares."
2025-10-14 09:00:00,6.9,6.9,6.8,6.9,7300,NED,"At 2025-10-14 09:00:00, the stock NED opened at 6.90 VND, reached a high of 6.90 VND, a low of 6.80 VND, and closed the hour at 6.90 VND with a trading volume of 7,300 shares."
2025-10-14 10:00:00,6.9,6.9,6.9,6.9,2800,NED,"At 2025-10-14 10:00:00, the stock NED opened at 6.90 VND, reached a high of 6.90 VND, a low of 6.90 VND, and closed the hour at 6.90 VND with a trading volume of 2,800 shares."
2025-10-14 13:00:00,6.9,6.9,6.9,6.9,300,NED,"At 2025-10-14 13:00:00, the stock NED opened at 6.90 VND, reached a high of 6.90 VND, a low of 6.90 VND, and closed the hour at 6.90 VND with a trading volume of 300 shares."
2025-10-14 14:00:00,6.8,6.9,6.8,6.9,17500,NED,"At 2025-10-14 14:00:00, the stock NED opened at 6.80 VND, reached a high of 6.90 VND, a low of 6.80 VND, and closed the hour at 6.90 VND with a trading volume of 17,500 shares."
2025-10-15 09:00:00,6.9,6.9,6.8,6.8,3800,NED,"At 2025-10-15 09:00:00, the stock NED opened at 6.90 VND, reached a high of 6.90 VND, a low of 6.80 VND, and closed the hour at 6.80 VND with a trading volume of 3,800 shares."
2025-10-15 10:00:00,6.8,6.8,6.8,6.8,6400,NED,"At 2025-10-15 10:00:00, the stock NED opened at 6.80 VND, reached a high of 6.80 VND, a low of 6.80 VND, and closed the hour at 6.80 VND with a trading volume of 6,400 shares."
2025-10-15 11:00:00,6.8,6.8,6.7,6.7,1300,NED,"At 2025-10-15 11:00:00, the stock NED opened at 6.80 VND, reached a high of 6.80 VND, a low of 6.70 VND, and closed the hour at 6.70 VND with a trading volume of 1,300 shares."
2025-10-15 13:00:00,6.8,6.8,6.8,6.8,36900,NED,"At 2025-10-15 13:00:00, the stock NED opened at 6.80 VND, reached a high of 6.80 VND, a low of 6.80 VND, and closed the hour at 6.80 VND with a trading volume of 36,900 shares."
2025-10-15 14:00:00,6.7,6.8,6.7,6.8,2400,NED,"At 2025-10-15 14:00:00, the stock NED opened at 6.70 VND, reached a high of 6.80 VND, a low of 6.70 VND, and closed the hour at 6.80 VND with a trading volume of 2,400 shares."
2025-10-16 09:00:00,6.8,6.8,6.8,6.8,3100,NED,"At 2025-10-16 09:00:00, the stock NED opened at 6.80 VND, reached a high of 6.80 VND, a low of 6.80 VND, and closed the hour at 6.80 VND with a trading volume of 3,100 shares."
2025-10-16 10:00:00,6.8,6.8,6.8,6.8,2900,NED,"At 2025-10-16 10:00:00, the stock NED opened at 6.80 VND, reached a high of 6.80 VND, a low of 6.80 VND, and closed the hour at 6.80 VND with a trading volume of 2,900 shares."
2025-10-16 11:00:00,6.8,6.8,6.8,6.8,1000,NED,"At 2025-10-16 11:00:00, the stock NED opened at 6.80 VND, reached a high of 6.80 VND, a low of 6.80 VND, and closed the hour at 6.80 VND with a trading volume of 1,000 shares."
2025-10-16 13:00:00,6.8,6.8,6.8,6.8,4200,NED,"At 2025-10-16 13:00:00, the stock NED opened at 6.80 VND, reached a high of 6.80 VND, a low of 6.80 VND, and closed the hour at 6.80 VND with a trading volume of 4,200 shares."
2025-10-16 14:00:00,6.8,6.8,6.8,6.8,1800,NED,"At 2025-10-16 14:00:00, the stock NED opened at 6.80 VND, reached a high of 6.80 VND, a low of 6.80 VND, and closed the hour at 6.80 VND with a trading volume of 1,800 shares."
2025-10-17 09:00:00,6.9,6.9,6.9,6.9,1000,NED,"At 2025-10-17 09:00:00, the stock NED opened at 6.90 VND, reached a high of 6.90 VND, a low of 6.90 VND, and closed the hour at 6.90 VND with a trading volume of 1,000 shares."
2025-10-17 10:00:00,6.8,6.8,6.8,6.8,7000,NED,"At 2025-10-17 10:00:00, the stock NED opened at 6.80 VND, reached a high of 6.80 VND, a low of 6.80 VND, and closed the hour at 6.80 VND with a trading volume of 7,000 shares."
2025-10-17 13:00:00,6.8,6.8,6.8,6.8,1300,NED,"At 2025-10-17 13:00:00, the stock NED opened at 6.80 VND, reached a high of 6.80 VND, a low of 6.80 VND, and closed the hour at 6.80 VND with a trading volume of 1,300 shares."
2025-10-17 14:00:00,6.8,6.8,6.8,6.8,3000,NED,"At 2025-10-17 14:00:00, the stock NED opened at 6.80 VND, reached a high of 6.80 VND, a low of 6.80 VND, and closed the hour at 6.80 VND with a trading volume of 3,000 shares."
2025-10-20 09:00:00,6.8,6.8,6.8,6.8,500,NED,"At 2025-10-20 09:00:00, the stock NED opened at 6.80 VND, reached a high of 6.80 VND, a low of 6.80 VND, and closed the hour at 6.80 VND with a trading volume of 500 shares."
2025-10-20 13:00:00,6.8,6.8,6.8,6.8,1400,NED,"At 2025-10-20 13:00:00, the stock NED opened at 6.80 VND, reached a high of 6.80 VND, a low of 6.80 VND, and closed the hour at 6.80 VND with a trading volume of 1,400 shares."
2025-10-20 14:00:00,6.8,6.8,6.7,6.7,50100,NED,"At 2025-10-20 14:00:00, the stock NED opened at 6.80 VND, reached a high of 6.80 VND, a low of 6.70 VND, and closed the hour at 6.70 VND with a trading volume of 50,100 shares."
2025-10-21 10:00:00,6.7,6.8,6.7,6.7,8100,NED,"At 2025-10-21 10:00:00, the stock NED opened at 6.70 VND, reached a high of 6.80 VND, a low of 6.70 VND, and closed the hour at 6.70 VND with a trading volume of 8,100 shares."
2025-10-21 13:00:00,6.7,6.8,6.7,6.8,46000,NED,"At 2025-10-21 13:00:00, the stock NED opened at 6.70 VND, reached a high of 6.80 VND, a low of 6.70 VND, and closed the hour at 6.80 VND with a trading volume of 46,000 shares."
2025-10-21 14:00:00,6.8,6.8,6.7,6.7,6200,NED,"At 2025-10-21 14:00:00, the stock NED opened at 6.80 VND, reached a high of 6.80 VND, a low of 6.70 VND, and closed the hour at 6.70 VND with a trading volume of 6,200 shares."
2025-10-22 09:00:00,6.8,6.8,6.8,6.8,4100,NED,"At 2025-10-22 09:00:00, the stock NED opened at 6.80 VND, reached a high of 6.80 VND, a low of 6.80 VND, and closed the hour at 6.80 VND with a trading volume of 4,100 shares."
2025-10-22 10:00:00,6.8,6.8,6.8,6.8,1000,NED,"At 2025-10-22 10:00:00, the stock NED opened at 6.80 VND, reached a high of 6.80 VND, a low of 6.80 VND, and closed the hour at 6.80 VND with a trading volume of 1,000 shares."
2025-10-22 13:00:00,6.8,6.8,6.8,6.8,18100,NED,"At 2025-10-22 13:00:00, the stock NED opened at 6.80 VND, reached a high of 6.80 VND, a low of 6.80 VND, and closed the hour at 6.80 VND with a trading volume of 18,100 shares."
2025-10-22 14:00:00,6.8,6.8,6.7,6.8,17900,NED,"At 2025-10-22 14:00:00, the stock NED opened at 6.80 VND, reached a high of 6.80 VND, a low of 6.70 VND, and closed the hour at 6.80 VND with a trading volume of 17,900 shares."
2025-10-23 09:00:00,6.8,6.9,6.8,6.9,36400,NED,"At 2025-10-23 09:00:00, the stock NED opened at 6.80 VND, reached a high of 6.90 VND, a low of 6.80 VND, and closed the hour at 6.90 VND with a trading volume of 36,400 shares."
2025-10-23 10:00:00,6.9,6.9,6.9,6.9,1500,NED,"At 2025-10-23 10:00:00, the stock NED opened at 6.90 VND, reached a high of 6.90 VND, a low of 6.90 VND, and closed the hour at 6.90 VND with a trading volume of 1,500 shares."
2025-10-23 11:00:00,6.9,6.9,6.9,6.9,100,NED,"At 2025-10-23 11:00:00, the stock NED opened at 6.90 VND, reached a high of 6.90 VND, a low of 6.90 VND, and closed the hour at 6.90 VND with a trading volume of 100 shares."
2025-10-23 13:00:00,6.9,6.9,6.9,6.9,3500,NED,"At 2025-10-23 13:00:00, the stock NED opened at 6.90 VND, reached a high of 6.90 VND, a low of 6.90 VND, and closed the hour at 6.90 VND with a trading volume of 3,500 shares."
2025-10-24 09:00:00,6.8,6.8,6.7,6.7,39000,NED,"At 2025-10-24 09:00:00, the stock NED opened at 6.80 VND, reached a high of 6.80 VND, a low of 6.70 VND, and closed the hour at 6.70 VND with a trading volume of 39,000 shares."
2025-10-24 11:00:00,6.8,6.8,6.8,6.8,1200,NED,"At 2025-10-24 11:00:00, the stock NED opened at 6.80 VND, reached a high of 6.80 VND, a low of 6.80 VND, and closed the hour at 6.80 VND with a trading volume of 1,200 shares."
2025-10-24 13:00:00,6.8,6.8,6.8,6.8,14800,NED,"At 2025-10-24 13:00:00, the stock NED opened at 6.80 VND, reached a high of 6.80 VND, a low of 6.80 VND, and closed the hour at 6.80 VND with a trading volume of 14,800 shares."
2025-10-24 14:00:00,6.8,6.9,6.8,6.8,3900,NED,"At 2025-10-24 14:00:00, the stock NED opened at 6.80 VND, reached a high of 6.90 VND, a low of 6.80 VND, and closed the hour at 6.80 VND with a trading volume of 3,900 shares."
2025-10-27 09:00:00,6.8,6.8,6.8,6.8,23000,NED,"At 2025-10-27 09:00:00, the stock NED opened at 6.80 VND, reached a high of 6.80 VND, a low of 6.80 VND, and closed the hour at 6.80 VND with a trading volume of 23,000 shares."
2025-10-27 10:00:00,6.8,6.8,6.8,6.8,12000,NED,"At 2025-10-27 10:00:00, the stock NED opened at 6.80 VND, reached a high of 6.80 VND, a low of 6.80 VND, and closed the hour at 6.80 VND with a trading volume of 12,000 shares."
2025-10-27 11:00:00,6.8,6.8,6.8,6.8,11000,NED,"At 2025-10-27 11:00:00, the stock NED opened at 6.80 VND, reached a high of 6.80 VND, a low of 6.80 VND, and closed the hour at 6.80 VND with a trading volume of 11,000 shares."
2025-10-27 13:00:00,6.8,6.9,6.8,6.9,3000,NED,"At 2025-10-27 13:00:00, the stock NED opened at 6.80 VND, reached a high of 6.90 VND, a low of 6.80 VND, and closed the hour at 6.90 VND with a trading volume of 3,000 shares."
2025-10-27 14:00:00,6.8,6.9,6.8,6.9,10100,NED,"At 2025-10-27 14:00:00, the stock NED opened at 6.80 VND, reached a high of 6.90 VND, a low of 6.80 VND, and closed the hour at 6.90 VND with a trading volume of 10,100 shares."
2025-10-28 09:00:00,6.8,6.8,6.8,6.8,2000,NED,"At 2025-10-28 09:00:00, the stock NED opened at 6.80 VND, reached a high of 6.80 VND, a low of 6.80 VND, and closed the hour at 6.80 VND with a trading volume of 2,000 shares."
2025-10-28 10:00:00,6.8,6.8,6.8,6.8,19500,NED,"At 2025-10-28 10:00:00, the stock NED opened at 6.80 VND, reached a high of 6.80 VND, a low of 6.80 VND, and closed the hour at 6.80 VND with a trading volume of 19,500 shares."
2025-10-28 13:00:00,6.8,6.8,6.8,6.8,200,NED,"At 2025-10-28 13:00:00, the stock NED opened at 6.80 VND, reached a high of 6.80 VND, a low of 6.80 VND, and closed the hour at 6.80 VND with a trading volume of 200 shares."
2025-10-28 14:00:00,6.9,6.9,6.9,6.9,42400,NED,"At 2025-10-28 14:00:00, the stock NED opened at 6.90 VND, reached a high of 6.90 VND, a low of 6.90 VND, and closed the hour at 6.90 VND with a trading volume of 42,400 shares."
2025-10-29 09:00:00,6.9,6.9,6.9,6.9,1900,NED,"At 2025-10-29 09:00:00, the stock NED opened at 6.90 VND, reached a high of 6.90 VND, a low of 6.90 VND, and closed the hour at 6.90 VND with a trading volume of 1,900 shares."
2025-10-29 10:00:00,6.9,6.9,6.9,6.9,4000,NED,"At 2025-10-29 10:00:00, the stock NED opened at 6.90 VND, reached a high of 6.90 VND, a low of 6.90 VND, and closed the hour at 6.90 VND with a trading volume of 4,000 shares."
2025-10-29 11:00:00,7.0,7.0,7.0,7.0,100,NED,"At 2025-10-29 11:00:00, the stock NED opened at 7.00 VND, reached a high of 7.00 VND, a low of 7.00 VND, and closed the hour at 7.00 VND with a trading volume of 100 shares."
2025-10-29 14:00:00,7.0,7.0,7.0,7.0,22900,NED,"At 2025-10-29 14:00:00, the stock NED opened at 7.00 VND, reached a high of 7.00 VND, a low of 7.00 VND, and closed the hour at 7.00 VND with a trading volume of 22,900 shares."
2025-10-30 09:00:00,7.0,7.0,6.9,6.9,8500,NED,"At 2025-10-30 09:00:00, the stock NED opened at 7.00 VND, reached a high of 7.00 VND, a low of 6.90 VND, and closed the hour at 6.90 VND with a trading volume of 8,500 shares."
2025-10-30 10:00:00,6.9,6.9,6.9,6.9,500,NED,"At 2025-10-30 10:00:00, the stock NED opened at 6.90 VND, reached a high of 6.90 VND, a low of 6.90 VND, and closed the hour at 6.90 VND with a trading volume of 500 shares."
2025-10-30 11:00:00,6.9,6.9,6.9,6.9,19000,NED,"At 2025-10-30 11:00:00, the stock NED opened at 6.90 VND, reached a high of 6.90 VND, a low of 6.90 VND, and closed the hour at 6.90 VND with a trading volume of 19,000 shares."
2025-10-30 13:00:00,6.9,6.9,6.9,6.9,11400,NED,"At 2025-10-30 13:00:00, the stock NED opened at 6.90 VND, reached a high of 6.90 VND, a low of 6.90 VND, and closed the hour at 6.90 VND with a trading volume of 11,400 shares."
2025-10-30 14:00:00,6.9,6.9,6.9,6.9,80400,NED,"At 2025-10-30 14:00:00, the stock NED opened at 6.90 VND, reached a high of 6.90 VND, a low of 6.90 VND, and closed the hour at 6.90 VND with a trading volume of 80,400 shares."
2025-10-31 10:00:00,6.9,6.9,6.9,6.9,4900,NED,"At 2025-10-31 10:00:00, the stock NED opened at 6.90 VND, reached a high of 6.90 VND, a low of 6.90 VND, and closed the hour at 6.90 VND with a trading volume of 4,900 shares."
2025-10-31 11:00:00,6.9,6.9,6.9,6.9,400,NED,"At 2025-10-31 11:00:00, the stock NED opened at 6.90 VND, reached a high of 6.90 VND, a low of 6.90 VND, and closed the hour at 6.90 VND with a trading volume of 400 shares."
2025-10-31 13:00:00,7.0,7.0,7.0,7.0,1200,NED,"At 2025-10-31 13:00:00, the stock NED opened at 7.00 VND, reached a high of 7.00 VND, a low of 7.00 VND, and closed the hour at 7.00 VND with a trading volume of 1,200 shares."
2025-10-31 14:00:00,7.0,7.0,6.9,6.9,500,NED,"At 2025-10-31 14:00:00, the stock NED opened at 7.00 VND, reached a high of 7.00 VND, a low of 6.90 VND, and closed the hour at 6.90 VND with a trading volume of 500 shares."
2025-11-03 10:00:00,6.9,6.9,6.9,6.9,2000,NED,"At 2025-11-03 10:00:00, the stock NED opened at 6.90 VND, reached a high of 6.90 VND, a low of 6.90 VND, and closed the hour at 6.90 VND with a trading volume of 2,000 shares."
2025-11-03 11:00:00,6.9,6.9,6.9,6.9,2700,NED,"At 2025-11-03 11:00:00, the stock NED opened at 6.90 VND, reached a high of 6.90 VND, a low of 6.90 VND, and closed the hour at 6.90 VND with a trading volume of 2,700 shares."
2025-11-03 13:00:00,6.9,6.9,6.9,6.9,3700,NED,"At 2025-11-03 13:00:00, the stock NED opened at 6.90 VND, reached a high of 6.90 VND, a low of 6.90 VND, and closed the hour at 6.90 VND with a trading volume of 3,700 shares."
2025-11-03 14:00:00,6.9,6.9,6.9,6.9,5100,NED,"At 2025-11-03 14:00:00, the stock NED opened at 6.90 VND, reached a high of 6.90 VND, a low of 6.90 VND, and closed the hour at 6.90 VND with a trading volume of 5,100 shares."
2025-11-04 09:00:00,6.9,6.9,6.9,6.9,500,NED,"At 2025-11-04 09:00:00, the stock NED opened at 6.90 VND, reached a high of 6.90 VND, a low of 6.90 VND, and closed the hour at 6.90 VND with a trading volume of 500 shares."
2025-11-04 14:00:00,6.9,6.9,6.9,6.9,5400,NED,"At 2025-11-04 14:00:00, the stock NED opened at 6.90 VND, reached a high of 6.90 VND, a low of 6.90 VND, and closed the hour at 6.90 VND with a trading volume of 5,400 shares."
2025-11-05 10:00:00,6.9,6.9,6.9,6.9,800,NED,"At 2025-11-05 10:00:00, the stock NED opened at 6.90 VND, reached a high of 6.90 VND, a low of 6.90 VND, and closed the hour at 6.90 VND with a trading volume of 800 shares."
2025-11-05 11:00:00,6.9,6.9,6.9,6.9,200,NED,"At 2025-11-05 11:00:00, the stock NED opened at 6.90 VND, reached a high of 6.90 VND, a low of 6.90 VND, and closed the hour at 6.90 VND with a trading volume of 200 shares."
2025-11-05 13:00:00,6.9,6.9,6.9,6.9,1100,NED,"At 2025-11-05 13:00:00, the stock NED opened at 6.90 VND, reached a high of 6.90 VND, a low of 6.90 VND, and closed the hour at 6.90 VND with a trading volume of 1,100 shares."
2025-11-06 09:00:00,6.9,6.9,6.9,6.9,8500,NED,"At 2025-11-06 09:00:00, the stock NED opened at 6.90 VND, reached a high of 6.90 VND, a low of 6.90 VND, and closed the hour at 6.90 VND with a trading volume of 8,500 shares."
2025-11-06 13:00:00,6.9,7.0,6.9,6.9,10000,NED,"At 2025-11-06 13:00:00, the stock NED opened at 6.90 VND, reached a high of 7.00 VND, a low of 6.90 VND, and closed the hour at 6.90 VND with a trading volume of 10,000 shares."
2025-11-06 14:00:00,6.9,6.9,6.9,6.9,100,NED,"At 2025-11-06 14:00:00, the stock NED opened at 6.90 VND, reached a high of 6.90 VND, a low of 6.90 VND, and closed the hour at 6.90 VND with a trading volume of 100 shares."
2025-11-07 09:00:00,6.9,6.9,6.9,6.9,300,NED,"At 2025-11-07 09:00:00, the stock NED opened at 6.90 VND, reached a high of 6.90 VND, a low of 6.90 VND, and closed the hour at 6.90 VND with a trading volume of 300 shares."
2025-11-07 10:00:00,6.9,6.9,6.9,6.9,3700,NED,"At 2025-11-07 10:00:00, the stock NED opened at 6.90 VND, reached a high of 6.90 VND, a low of 6.90 VND, and closed the hour at 6.90 VND with a trading volume of 3,700 shares."
2025-11-07 13:00:00,6.9,6.9,6.9,6.9,800,NED,"At 2025-11-07 13:00:00, the stock NED opened at 6.90 VND, reached a high of 6.90 VND, a low of 6.90 VND, and closed the hour at 6.90 VND with a trading volume of 800 shares."
2025-11-07 14:00:00,6.9,6.9,6.9,6.9,900,NED,"At 2025-11-07 14:00:00, the stock NED opened at 6.90 VND, reached a high of 6.90 VND, a low of 6.90 VND, and closed the hour at 6.90 VND with a trading volume of 900 shares."
2025-11-10 10:00:00,6.8,6.8,6.5,6.8,4500,NED,"At 2025-11-10 10:00:00, the stock NED opened at 6.80 VND, reached a high of 6.80 VND, a low of 6.50 VND, and closed the hour at 6.80 VND with a trading volume of 4,500 shares."
2025-11-10 11:00:00,6.8,6.8,6.8,6.8,5900,NED,"At 2025-11-10 11:00:00, the stock NED opened at 6.80 VND, reached a high of 6.80 VND, a low of 6.80 VND, and closed the hour at 6.80 VND with a trading volume of 5,900 shares."
2025-11-10 14:00:00,6.8,6.8,6.8,6.8,1400,NED,"At 2025-11-10 14:00:00, the stock NED opened at 6.80 VND, reached a high of 6.80 VND, a low of 6.80 VND, and closed the hour at 6.80 VND with a trading volume of 1,400 shares."
2025-11-11 10:00:00,6.8,6.8,6.8,6.8,16100,NED,"At 2025-11-11 10:00:00, the stock NED opened at 6.80 VND, reached a high of 6.80 VND, a low of 6.80 VND, and closed the hour at 6.80 VND with a trading volume of 16,100 shares."
2025-11-11 13:00:00,6.8,6.8,6.8,6.8,7200,NED,"At 2025-11-11 13:00:00, the stock NED opened at 6.80 VND, reached a high of 6.80 VND, a low of 6.80 VND, and closed the hour at 6.80 VND with a trading volume of 7,200 shares."
2025-11-12 09:00:00,6.8,6.8,6.8,6.8,300,NED,"At 2025-11-12 09:00:00, the stock NED opened at 6.80 VND, reached a high of 6.80 VND, a low of 6.80 VND, and closed the hour at 6.80 VND with a trading volume of 300 shares."
2025-11-12 13:00:00,6.8,6.8,6.8,6.8,300,NED,"At 2025-11-12 13:00:00, the stock NED opened at 6.80 VND, reached a high of 6.80 VND, a low of 6.80 VND, and closed the hour at 6.80 VND with a trading volume of 300 shares."
2025-11-12 14:00:00,6.8,6.8,6.8,6.8,2000,NED,"At 2025-11-12 14:00:00, the stock NED opened at 6.80 VND, reached a high of 6.80 VND, a low of 6.80 VND, and closed the hour at 6.80 VND with a trading volume of 2,000 shares."
2025-11-13 09:00:00,6.8,6.8,6.8,6.8,9900,NED,"At 2025-11-13 09:00:00, the stock NED opened at 6.80 VND, reached a high of 6.80 VND, a low of 6.80 VND, and closed the hour at 6.80 VND with a trading volume of 9,900 shares."
2025-11-13 14:00:00,6.8,6.8,6.8,6.8,700,NED,"At 2025-11-13 14:00:00, the stock NED opened at 6.80 VND, reached a high of 6.80 VND, a low of 6.80 VND, and closed the hour at 6.80 VND with a trading volume of 700 shares."
2025-11-14 09:00:00,6.8,6.8,6.8,6.8,900,NED,"At 2025-11-14 09:00:00, the stock NED opened at 6.80 VND, reached a high of 6.80 VND, a low of 6.80 VND, and closed the hour at 6.80 VND with a trading volume of 900 shares."
2025-11-14 10:00:00,6.8,6.8,6.8,6.8,11000,NED,"At 2025-11-14 10:00:00, the stock NED opened at 6.80 VND, reached a high of 6.80 VND, a low of 6.80 VND, and closed the hour at 6.80 VND with a trading volume of 11,000 shares."
2025-11-14 13:00:00,6.9,6.9,6.9,6.9,2900,NED,"At 2025-11-14 13:00:00, the stock NED opened at 6.90 VND, reached a high of 6.90 VND, a low of 6.90 VND, and closed the hour at 6.90 VND with a trading volume of 2,900 shares."
2025-11-17 09:00:00,6.9,6.9,6.9,6.9,100,NED,"At 2025-11-17 09:00:00, the stock NED opened at 6.90 VND, reached a high of 6.90 VND, a low of 6.90 VND, and closed the hour at 6.90 VND with a trading volume of 100 shares."
2025-11-17 10:00:00,6.9,6.9,6.8,6.8,43000,NED,"At 2025-11-17 10:00:00, the stock NED opened at 6.90 VND, reached a high of 6.90 VND, a low of 6.80 VND, and closed the hour at 6.80 VND with a trading volume of 43,000 shares."
2025-11-17 13:00:00,6.8,6.8,6.8,6.8,900,NED,"At 2025-11-17 13:00:00, the stock NED opened at 6.80 VND, reached a high of 6.80 VND, a low of 6.80 VND, and closed the hour at 6.80 VND with a trading volume of 900 shares."
2025-11-17 14:00:00,6.8,6.8,6.8,6.8,600,NED,"At 2025-11-17 14:00:00, the stock NED opened at 6.80 VND, reached a high of 6.80 VND, a low of 6.80 VND, and closed the hour at 6.80 VND with a trading volume of 600 shares."
2025-11-18 09:00:00,6.9,6.9,6.8,6.9,5600,NED,"At 2025-11-18 09:00:00, the stock NED opened at 6.90 VND, reached a high of 6.90 VND, a low of 6.80 VND, and closed the hour at 6.90 VND with a trading volume of 5,600 shares."
2025-11-18 10:00:00,6.8,6.8,6.8,6.8,102600,NED,"At 2025-11-18 10:00:00, the stock NED opened at 6.80 VND, reached a high of 6.80 VND, a low of 6.80 VND, and closed the hour at 6.80 VND with a trading volume of 102,600 shares."
2025-11-18 11:00:00,6.8,6.8,6.8,6.8,10000,NED,"At 2025-11-18 11:00:00, the stock NED opened at 6.80 VND, reached a high of 6.80 VND, a low of 6.80 VND, and closed the hour at 6.80 VND with a trading volume of 10,000 shares."
2025-11-18 13:00:00,6.8,6.8,6.8,6.8,1000,NED,"At 2025-11-18 13:00:00, the stock NED opened at 6.80 VND, reached a high of 6.80 VND, a low of 6.80 VND, and closed the hour at 6.80 VND with a trading volume of 1,000 shares."
2025-11-18 14:00:00,6.8,6.8,6.8,6.8,5000,NED,"At 2025-11-18 14:00:00, the stock NED opened at 6.80 VND, reached a high of 6.80 VND, a low of 6.80 VND, and closed the hour at 6.80 VND with a trading volume of 5,000 shares."
2025-11-19 10:00:00,6.8,6.8,6.8,6.8,1000,NED,"At 2025-11-19 10:00:00, the stock NED opened at 6.80 VND, reached a high of 6.80 VND, a low of 6.80 VND, and closed the hour at 6.80 VND with a trading volume of 1,000 shares."
2025-11-19 13:00:00,6.8,6.8,6.8,6.8,3000,NED,"At 2025-11-19 13:00:00, the stock NED opened at 6.80 VND, reached a high of 6.80 VND, a low of 6.80 VND, and closed the hour at 6.80 VND with a trading volume of 3,000 shares."
2025-11-19 14:00:00,6.8,6.8,6.8,6.8,1200,NED,"At 2025-11-19 14:00:00, the stock NED opened at 6.80 VND, reached a high of 6.80 VND, a low of 6.80 VND, and closed the hour at 6.80 VND with a trading volume of 1,200 shares."
2025-11-20 10:00:00,6.8,6.8,6.8,6.8,3600,NED,"At 2025-11-20 10:00:00, the stock NED opened at 6.80 VND, reached a high of 6.80 VND, a low of 6.80 VND, and closed the hour at 6.80 VND with a trading volume of 3,600 shares."
2025-11-20 14:00:00,6.8,6.8,6.8,6.8,17200,NED,"At 2025-11-20 14:00:00, the stock NED opened at 6.80 VND, reached a high of 6.80 VND, a low of 6.80 VND, and closed the hour at 6.80 VND with a trading volume of 17,200 shares."
2025-11-21 09:00:00,6.8,6.8,6.7,6.7,500,NED,"At 2025-11-21 09:00:00, the stock NED opened at 6.80 VND, reached a high of 6.80 VND, a low of 6.70 VND, and closed the hour at 6.70 VND with a trading volume of 500 shares."
2025-11-21 10:00:00,6.8,6.8,6.8,6.8,2400,NED,"At 2025-11-21 10:00:00, the stock NED opened at 6.80 VND, reached a high of 6.80 VND, a low of 6.80 VND, and closed the hour at 6.80 VND with a trading volume of 2,400 shares."
2025-11-21 14:00:00,6.8,6.8,6.7,6.8,700,NED,"At 2025-11-21 14:00:00, the stock NED opened at 6.80 VND, reached a high of 6.80 VND, a low of 6.70 VND, and closed the hour at 6.80 VND with a trading volume of 700 shares."
2025-11-24 09:00:00,6.8,6.8,6.8,6.8,1700,NED,"At 2025-11-24 09:00:00, the stock NED opened at 6.80 VND, reached a high of 6.80 VND, a low of 6.80 VND, and closed the hour at 6.80 VND with a trading volume of 1,700 shares."
2025-11-24 10:00:00,6.8,6.8,6.8,6.8,500,NED,"At 2025-11-24 10:00:00, the stock NED opened at 6.80 VND, reached a high of 6.80 VND, a low of 6.80 VND, and closed the hour at 6.80 VND with a trading volume of 500 shares."
2025-11-24 13:00:00,6.8,6.8,6.8,6.8,500,NED,"At 2025-11-24 13:00:00, the stock NED opened at 6.80 VND, reached a high of 6.80 VND, a low of 6.80 VND, and closed the hour at 6.80 VND with a trading volume of 500 shares."
2025-11-24 14:00:00,6.8,6.8,6.8,6.8,4900,NED,"At 2025-11-24 14:00:00, the stock NED opened at 6.80 VND, reached a high of 6.80 VND, a low of 6.80 VND, and closed the hour at 6.80 VND with a trading volume of 4,900 shares."
2025-11-25 09:00:00,6.8,6.8,6.8,6.8,400,NED,"At 2025-11-25 09:00:00, the stock NED opened at 6.80 VND, reached a high of 6.80 VND, a low of 6.80 VND, and closed the hour at 6.80 VND with a trading volume of 400 shares."
2025-11-25 10:00:00,6.7,6.7,6.7,6.7,400,NED,"At 2025-11-25 10:00:00, the stock NED opened at 6.70 VND, reached a high of 6.70 VND, a low of 6.70 VND, and closed the hour at 6.70 VND with a trading volume of 400 shares."
2025-11-25 11:00:00,6.7,6.7,6.7,6.7,5000,NED,"At 2025-11-25 11:00:00, the stock NED opened at 6.70 VND, reached a high of 6.70 VND, a low of 6.70 VND, and closed the hour at 6.70 VND with a trading volume of 5,000 shares."
2025-11-25 13:00:00,6.7,6.7,6.6,6.6,2700,NED,"At 2025-11-25 13:00:00, the stock NED opened at 6.70 VND, reached a high of 6.70 VND, a low of 6.60 VND, and closed the hour at 6.60 VND with a trading volume of 2,700 shares."
2025-11-25 14:00:00,6.7,6.7,6.7,6.7,3000,NED,"At 2025-11-25 14:00:00, the stock NED opened at 6.70 VND, reached a high of 6.70 VND, a low of 6.70 VND, and closed the hour at 6.70 VND with a trading volume of 3,000 shares."
2025-11-26 09:00:00,6.6,6.7,6.6,6.7,4200,NED,"At 2025-11-26 09:00:00, the stock NED opened at 6.60 VND, reached a high of 6.70 VND, a low of 6.60 VND, and closed the hour at 6.70 VND with a trading volume of 4,200 shares."
2025-11-26 13:00:00,6.7,6.7,6.7,6.7,4500,NED,"At 2025-11-26 13:00:00, the stock NED opened at 6.70 VND, reached a high of 6.70 VND, a low of 6.70 VND, and closed the hour at 6.70 VND with a trading volume of 4,500 shares."
2025-11-26 14:00:00,6.7,6.7,6.7,6.7,5500,NED,"At 2025-11-26 14:00:00, the stock NED opened at 6.70 VND, reached a high of 6.70 VND, a low of 6.70 VND, and closed the hour at 6.70 VND with a trading volume of 5,500 shares."
2025-11-27 09:00:00,6.8,6.8,6.8,6.8,100,NED,"At 2025-11-27 09:00:00, the stock NED opened at 6.80 VND, reached a high of 6.80 VND, a low of 6.80 VND, and closed the hour at 6.80 VND with a trading volume of 100 shares."
2025-11-27 10:00:00,6.7,6.7,6.7,6.7,1500,NED,"At 2025-11-27 10:00:00, the stock NED opened at 6.70 VND, reached a high of 6.70 VND, a low of 6.70 VND, and closed the hour at 6.70 VND with a trading volume of 1,500 shares."
2025-11-27 13:00:00,6.7,6.7,6.7,6.7,4000,NED,"At 2025-11-27 13:00:00, the stock NED opened at 6.70 VND, reached a high of 6.70 VND, a low of 6.70 VND, and closed the hour at 6.70 VND with a trading volume of 4,000 shares."
2025-11-27 14:00:00,6.7,6.7,6.7,6.7,6900,NED,"At 2025-11-27 14:00:00, the stock NED opened at 6.70 VND, reached a high of 6.70 VND, a low of 6.70 VND, and closed the hour at 6.70 VND with a trading volume of 6,900 shares."
2025-11-28 09:00:00,6.7,6.7,6.7,6.7,200,NED,"At 2025-11-28 09:00:00, the stock NED opened at 6.70 VND, reached a high of 6.70 VND, a low of 6.70 VND, and closed the hour at 6.70 VND with a trading volume of 200 shares."
2025-11-28 11:00:00,6.8,6.8,6.8,6.8,100,NED,"At 2025-11-28 11:00:00, the stock NED opened at 6.80 VND, reached a high of 6.80 VND, a low of 6.80 VND, and closed the hour at 6.80 VND with a trading volume of 100 shares."
2025-11-28 13:00:00,6.8,6.8,6.7,6.7,200,NED,"At 2025-11-28 13:00:00, the stock NED opened at 6.80 VND, reached a high of 6.80 VND, a low of 6.70 VND, and closed the hour at 6.70 VND with a trading volume of 200 shares."
2025-11-28 14:00:00,6.7,6.7,6.7,6.7,1700,NED,"At 2025-11-28 14:00:00, the stock NED opened at 6.70 VND, reached a high of 6.70 VND, a low of 6.70 VND, and closed the hour at 6.70 VND with a trading volume of 1,700 shares."
2025-12-01 10:00:00,6.8,6.8,6.8,6.8,1900,NED,"At 2025-12-01 10:00:00, the stock NED opened at 6.80 VND, reached a high of 6.80 VND, a low of 6.80 VND, and closed the hour at 6.80 VND with a trading volume of 1,900 shares."
2025-12-01 13:00:00,6.8,6.8,6.8,6.8,4100,NED,"At 2025-12-01 13:00:00, the stock NED opened at 6.80 VND, reached a high of 6.80 VND, a low of 6.80 VND, and closed the hour at 6.80 VND with a trading volume of 4,100 shares."
2025-12-01 14:00:00,6.8,6.8,6.8,6.8,6600,NED,"At 2025-12-01 14:00:00, the stock NED opened at 6.80 VND, reached a high of 6.80 VND, a low of 6.80 VND, and closed the hour at 6.80 VND with a trading volume of 6,600 shares."
2025-12-02 09:00:00,6.8,6.8,6.7,6.7,11500,NED,"At 2025-12-02 09:00:00, the stock NED opened at 6.80 VND, reached a high of 6.80 VND, a low of 6.70 VND, and closed the hour at 6.70 VND with a trading volume of 11,500 shares."
2025-12-02 10:00:00,6.7,6.7,6.7,6.7,100,NED,"At 2025-12-02 10:00:00, the stock NED opened at 6.70 VND, reached a high of 6.70 VND, a low of 6.70 VND, and closed the hour at 6.70 VND with a trading volume of 100 shares."
2025-12-02 11:00:00,6.7,6.7,6.7,6.7,1000,NED,"At 2025-12-02 11:00:00, the stock NED opened at 6.70 VND, reached a high of 6.70 VND, a low of 6.70 VND, and closed the hour at 6.70 VND with a trading volume of 1,000 shares."
2025-12-02 13:00:00,6.7,6.7,6.7,6.7,6400,NED,"At 2025-12-02 13:00:00, the stock NED opened at 6.70 VND, reached a high of 6.70 VND, a low of 6.70 VND, and closed the hour at 6.70 VND with a trading volume of 6,400 shares."
2025-12-02 14:00:00,6.7,6.7,6.7,6.7,1000,NED,"At 2025-12-02 14:00:00, the stock NED opened at 6.70 VND, reached a high of 6.70 VND, a low of 6.70 VND, and closed the hour at 6.70 VND with a trading volume of 1,000 shares."
2025-12-03 13:00:00,6.8,6.8,6.8,6.8,100,NED,"At 2025-12-03 13:00:00, the stock NED opened at 6.80 VND, reached a high of 6.80 VND, a low of 6.80 VND, and closed the hour at 6.80 VND with a trading volume of 100 shares."
2025-12-03 14:00:00,6.7,6.8,6.7,6.7,6400,NED,"At 2025-12-03 14:00:00, the stock NED opened at 6.70 VND, reached a high of 6.80 VND, a low of 6.70 VND, and closed the hour at 6.70 VND with a trading volume of 6,400 shares."
2025-12-04 09:00:00,6.7,6.7,6.6,6.7,2700,NED,"At 2025-12-04 09:00:00, the stock NED opened at 6.70 VND, reached a high of 6.70 VND, a low of 6.60 VND, and closed the hour at 6.70 VND with a trading volume of 2,700 shares."
2025-12-04 10:00:00,6.7,6.7,6.7,6.7,3800,NED,"At 2025-12-04 10:00:00, the stock NED opened at 6.70 VND, reached a high of 6.70 VND, a low of 6.70 VND, and closed the hour at 6.70 VND with a trading volume of 3,800 shares."
2025-12-04 13:00:00,6.7,6.7,6.7,6.7,2500,NED,"At 2025-12-04 13:00:00, the stock NED opened at 6.70 VND, reached a high of 6.70 VND, a low of 6.70 VND, and closed the hour at 6.70 VND with a trading volume of 2,500 shares."
2025-12-04 14:00:00,6.7,6.7,6.7,6.7,9500,NED,"At 2025-12-04 14:00:00, the stock NED opened at 6.70 VND, reached a high of 6.70 VND, a low of 6.70 VND, and closed the hour at 6.70 VND with a trading volume of 9,500 shares."
2025-12-05 13:00:00,6.7,6.7,6.7,6.7,2200,NED,"At 2025-12-05 13:00:00, the stock NED opened at 6.70 VND, reached a high of 6.70 VND, a low of 6.70 VND, and closed the hour at 6.70 VND with a trading volume of 2,200 shares."
2025-12-05 14:00:00,6.7,6.7,6.7,6.7,1100,NED,"At 2025-12-05 14:00:00, the stock NED opened at 6.70 VND, reached a high of 6.70 VND, a low of 6.70 VND, and closed the hour at 6.70 VND with a trading volume of 1,100 shares."
2025-12-08 09:00:00,6.7,6.7,6.7,6.7,1600,NED,"At 2025-12-08 09:00:00, the stock NED opened at 6.70 VND, reached a high of 6.70 VND, a low of 6.70 VND, and closed the hour at 6.70 VND with a trading volume of 1,600 shares."
2025-12-08 13:00:00,6.7,6.8,6.7,6.8,16400,NED,"At 2025-12-08 13:00:00, the stock NED opened at 6.70 VND, reached a high of 6.80 VND, a low of 6.70 VND, and closed the hour at 6.80 VND with a trading volume of 16,400 shares."
2025-12-08 14:00:00,6.8,6.8,6.7,6.7,3900,NED,"At 2025-12-08 14:00:00, the stock NED opened at 6.80 VND, reached a high of 6.80 VND, a low of 6.70 VND, and closed the hour at 6.70 VND with a trading volume of 3,900 shares."
2025-12-09 09:00:00,6.8,6.8,6.8,6.8,5000,NED,"At 2025-12-09 09:00:00, the stock NED opened at 6.80 VND, reached a high of 6.80 VND, a low of 6.80 VND, and closed the hour at 6.80 VND with a trading volume of 5,000 shares."
2025-12-09 10:00:00,6.7,6.7,6.7,6.7,9600,NED,"At 2025-12-09 10:00:00, the stock NED opened at 6.70 VND, reached a high of 6.70 VND, a low of 6.70 VND, and closed the hour at 6.70 VND with a trading volume of 9,600 shares."
2025-12-09 11:00:00,6.7,6.7,6.7,6.7,200,NED,"At 2025-12-09 11:00:00, the stock NED opened at 6.70 VND, reached a high of 6.70 VND, a low of 6.70 VND, and closed the hour at 6.70 VND with a trading volume of 200 shares."
2025-12-10 09:00:00,6.8,6.8,6.8,6.8,18000,NED,"At 2025-12-10 09:00:00, the stock NED opened at 6.80 VND, reached a high of 6.80 VND, a low of 6.80 VND, and closed the hour at 6.80 VND with a trading volume of 18,000 shares."
2025-12-10 10:00:00,6.8,6.8,6.8,6.8,15000,NED,"At 2025-12-10 10:00:00, the stock NED opened at 6.80 VND, reached a high of 6.80 VND, a low of 6.80 VND, and closed the hour at 6.80 VND with a trading volume of 15,000 shares."
2025-12-10 11:00:00,6.8,6.8,6.8,6.8,1900,NED,"At 2025-12-10 11:00:00, the stock NED opened at 6.80 VND, reached a high of 6.80 VND, a low of 6.80 VND, and closed the hour at 6.80 VND with a trading volume of 1,900 shares."
2025-12-10 13:00:00,6.8,6.9,6.8,6.9,1500,NED,"At 2025-12-10 13:00:00, the stock NED opened at 6.80 VND, reached a high of 6.90 VND, a low of 6.80 VND, and closed the hour at 6.90 VND with a trading volume of 1,500 shares."
2025-12-10 14:00:00,6.8,6.8,6.8,6.8,1100,NED,"At 2025-12-10 14:00:00, the stock NED opened at 6.80 VND, reached a high of 6.80 VND, a low of 6.80 VND, and closed the hour at 6.80 VND with a trading volume of 1,100 shares."
2025-12-11 09:00:00,6.8,6.8,6.8,6.8,4300,NED,"At 2025-12-11 09:00:00, the stock NED opened at 6.80 VND, reached a high of 6.80 VND, a low of 6.80 VND, and closed the hour at 6.80 VND with a trading volume of 4,300 shares."
2025-12-11 10:00:00,6.8,6.8,6.8,6.8,700,NED,"At 2025-12-11 10:00:00, the stock NED opened at 6.80 VND, reached a high of 6.80 VND, a low of 6.80 VND, and closed the hour at 6.80 VND with a trading volume of 700 shares."
2025-12-11 13:00:00,6.8,6.8,6.8,6.8,700,NED,"At 2025-12-11 13:00:00, the stock NED opened at 6.80 VND, reached a high of 6.80 VND, a low of 6.80 VND, and closed the hour at 6.80 VND with a trading volume of 700 shares."
2025-12-11 14:00:00,6.8,6.8,6.8,6.8,7600,NED,"At 2025-12-11 14:00:00, the stock NED opened at 6.80 VND, reached a high of 6.80 VND, a low of 6.80 VND, and closed the hour at 6.80 VND with a trading volume of 7,600 shares."
2025-12-12 09:00:00,6.8,6.8,6.8,6.8,1000,NED,"At 2025-12-12 09:00:00, the stock NED opened at 6.80 VND, reached a high of 6.80 VND, a low of 6.80 VND, and closed the hour at 6.80 VND with a trading volume of 1,000 shares."
2025-12-12 13:00:00,6.8,6.8,6.8,6.8,20300,NED,"At 2025-12-12 13:00:00, the stock NED opened at 6.80 VND, reached a high of 6.80 VND, a low of 6.80 VND, and closed the hour at 6.80 VND with a trading volume of 20,300 shares."
2025-12-15 09:00:00,6.8,6.8,6.7,6.7,300,NED,"At 2025-12-15 09:00:00, the stock NED opened at 6.80 VND, reached a high of 6.80 VND, a low of 6.70 VND, and closed the hour at 6.70 VND with a trading volume of 300 shares."
2025-12-15 10:00:00,6.8,6.8,6.8,6.8,2500,NED,"At 2025-12-15 10:00:00, the stock NED opened at 6.80 VND, reached a high of 6.80 VND, a low of 6.80 VND, and closed the hour at 6.80 VND with a trading volume of 2,500 shares."
2025-12-15 13:00:00,6.8,6.9,6.8,6.8,16900,NED,"At 2025-12-15 13:00:00, the stock NED opened at 6.80 VND, reached a high of 6.90 VND, a low of 6.80 VND, and closed the hour at 6.80 VND with a trading volume of 16,900 shares."
2025-12-15 14:00:00,6.8,6.8,6.8,6.8,100,NED,"At 2025-12-15 14:00:00, the stock NED opened at 6.80 VND, reached a high of 6.80 VND, a low of 6.80 VND, and closed the hour at 6.80 VND with a trading volume of 100 shares."
2025-12-16 09:00:00,6.8,6.8,6.7,6.7,2000,NED,"At 2025-12-16 09:00:00, the stock NED opened at 6.80 VND, reached a high of 6.80 VND, a low of 6.70 VND, and closed the hour at 6.70 VND with a trading volume of 2,000 shares."
2025-12-16 10:00:00,6.8,6.8,6.8,6.8,1400,NED,"At 2025-12-16 10:00:00, the stock NED opened at 6.80 VND, reached a high of 6.80 VND, a low of 6.80 VND, and closed the hour at 6.80 VND with a trading volume of 1,400 shares."
2025-12-16 11:00:00,6.8,6.8,6.8,6.8,6300,NED,"At 2025-12-16 11:00:00, the stock NED opened at 6.80 VND, reached a high of 6.80 VND, a low of 6.80 VND, and closed the hour at 6.80 VND with a trading volume of 6,300 shares."
2025-12-16 13:00:00,6.8,6.8,6.8,6.8,4000,NED,"At 2025-12-16 13:00:00, the stock NED opened at 6.80 VND, reached a high of 6.80 VND, a low of 6.80 VND, and closed the hour at 6.80 VND with a trading volume of 4,000 shares."
2025-12-16 14:00:00,6.7,6.8,6.7,6.7,10100,NED,"At 2025-12-16 14:00:00, the stock NED opened at 6.70 VND, reached a high of 6.80 VND, a low of 6.70 VND, and closed the hour at 6.70 VND with a trading volume of 10,100 shares."
2025-12-17 11:00:00,6.8,6.8,6.8,6.8,8200,NED,"At 2025-12-17 11:00:00, the stock NED opened at 6.80 VND, reached a high of 6.80 VND, a low of 6.80 VND, and closed the hour at 6.80 VND with a trading volume of 8,200 shares."
2025-12-17 13:00:00,6.8,6.8,6.8,6.8,20000,NED,"At 2025-12-17 13:00:00, the stock NED opened at 6.80 VND, reached a high of 6.80 VND, a low of 6.80 VND, and closed the hour at 6.80 VND with a trading volume of 20,000 shares."
2025-12-17 14:00:00,6.8,6.8,6.8,6.8,200,NED,"At 2025-12-17 14:00:00, the stock NED opened at 6.80 VND, reached a high of 6.80 VND, a low of 6.80 VND, and closed the hour at 6.80 VND with a trading volume of 200 shares."
2025-12-18 09:00:00,6.8,6.8,6.8,6.8,400,NED,"At 2025-12-18 09:00:00, the stock NED opened at 6.80 VND, reached a high of 6.80 VND, a low of 6.80 VND, and closed the hour at 6.80 VND with a trading volume of 400 shares."
2025-12-18 11:00:00,6.7,6.7,6.7,6.7,1700,NED,"At 2025-12-18 11:00:00, the stock NED opened at 6.70 VND, reached a high of 6.70 VND, a low of 6.70 VND, and closed the hour at 6.70 VND with a trading volume of 1,700 shares."
2025-12-18 13:00:00,6.7,6.7,6.7,6.7,1500,NED,"At 2025-12-18 13:00:00, the stock NED opened at 6.70 VND, reached a high of 6.70 VND, a low of 6.70 VND, and closed the hour at 6.70 VND with a trading volume of 1,500 shares."
2025-12-18 14:00:00,6.8,6.8,6.8,6.8,7000,NED,"At 2025-12-18 14:00:00, the stock NED opened at 6.80 VND, reached a high of 6.80 VND, a low of 6.80 VND, and closed the hour at 6.80 VND with a trading volume of 7,000 shares."
2025-12-19 09:00:00,6.7,6.7,6.7,6.7,1000,NED,"At 2025-12-19 09:00:00, the stock NED opened at 6.70 VND, reached a high of 6.70 VND, a low of 6.70 VND, and closed the hour at 6.70 VND with a trading volume of 1,000 shares."
2025-12-19 14:00:00,6.8,6.8,6.8,6.8,4600,NED,"At 2025-12-19 14:00:00, the stock NED opened at 6.80 VND, reached a high of 6.80 VND, a low of 6.80 VND, and closed the hour at 6.80 VND with a trading volume of 4,600 shares."
2025-12-22 09:00:00,6.9,6.9,6.8,6.8,200,NED,"At 2025-12-22 09:00:00, the stock NED opened at 6.90 VND, reached a high of 6.90 VND, a low of 6.80 VND, and closed the hour at 6.80 VND with a trading volume of 200 shares."
2025-12-22 10:00:00,6.8,6.8,6.8,6.8,13100,NED,"At 2025-12-22 10:00:00, the stock NED opened at 6.80 VND, reached a high of 6.80 VND, a low of 6.80 VND, and closed the hour at 6.80 VND with a trading volume of 13,100 shares."
2025-12-22 11:00:00,6.8,6.8,6.8,6.8,4400,NED,"At 2025-12-22 11:00:00, the stock NED opened at 6.80 VND, reached a high of 6.80 VND, a low of 6.80 VND, and closed the hour at 6.80 VND with a trading volume of 4,400 shares."
2025-12-22 13:00:00,6.8,6.8,6.8,6.8,700,NED,"At 2025-12-22 13:00:00, the stock NED opened at 6.80 VND, reached a high of 6.80 VND, a low of 6.80 VND, and closed the hour at 6.80 VND with a trading volume of 700 shares."
2025-12-22 14:00:00,6.8,6.8,6.8,6.8,600,NED,"At 2025-12-22 14:00:00, the stock NED opened at 6.80 VND, reached a high of 6.80 VND, a low of 6.80 VND, and closed the hour at 6.80 VND with a trading volume of 600 shares."
2025-12-23 09:00:00,6.8,6.8,6.8,6.8,2100,NED,"At 2025-12-23 09:00:00, the stock NED opened at 6.80 VND, reached a high of 6.80 VND, a low of 6.80 VND, and closed the hour at 6.80 VND with a trading volume of 2,100 shares."
2025-12-23 11:00:00,6.8,6.8,6.8,6.8,200,NED,"At 2025-12-23 11:00:00, the stock NED opened at 6.80 VND, reached a high of 6.80 VND, a low of 6.80 VND, and closed the hour at 6.80 VND with a trading volume of 200 shares."
2025-12-23 13:00:00,6.8,6.8,6.7,6.8,2700,NED,"At 2025-12-23 13:00:00, the stock NED opened at 6.80 VND, reached a high of 6.80 VND, a low of 6.70 VND, and closed the hour at 6.80 VND with a trading volume of 2,700 shares."
2025-12-24 09:00:00,6.8,6.8,6.8,6.8,100,NED,"At 2025-12-24 09:00:00, the stock NED opened at 6.80 VND, reached a high of 6.80 VND, a low of 6.80 VND, and closed the hour at 6.80 VND with a trading volume of 100 shares."
2025-12-24 10:00:00,6.8,6.8,6.8,6.8,500,NED,"At 2025-12-24 10:00:00, the stock NED opened at 6.80 VND, reached a high of 6.80 VND, a low of 6.80 VND, and closed the hour at 6.80 VND with a trading volume of 500 shares."
2025-12-24 11:00:00,6.7,6.7,6.7,6.7,1200,NED,"At 2025-12-24 11:00:00, the stock NED opened at 6.70 VND, reached a high of 6.70 VND, a low of 6.70 VND, and closed the hour at 6.70 VND with a trading volume of 1,200 shares."
2025-12-24 13:00:00,6.7,6.7,6.7,6.7,900,NED,"At 2025-12-24 13:00:00, the stock NED opened at 6.70 VND, reached a high of 6.70 VND, a low of 6.70 VND, and closed the hour at 6.70 VND with a trading volume of 900 shares."
2025-12-25 09:00:00,6.7,6.9,6.7,6.9,800,NED,"At 2025-12-25 09:00:00, the stock NED opened at 6.70 VND, reached a high of 6.90 VND, a low of 6.70 VND, and closed the hour at 6.90 VND with a trading volume of 800 shares."
2025-12-25 13:00:00,6.7,6.7,6.7,6.7,3600,NED,"At 2025-12-25 13:00:00, the stock NED opened at 6.70 VND, reached a high of 6.70 VND, a low of 6.70 VND, and closed the hour at 6.70 VND with a trading volume of 3,600 shares."
2025-12-25 14:00:00,6.7,6.7,6.7,6.7,100,NED,"At 2025-12-25 14:00:00, the stock NED opened at 6.70 VND, reached a high of 6.70 VND, a low of 6.70 VND, and closed the hour at 6.70 VND with a trading volume of 100 shares."
2025-12-26 13:00:00,6.7,6.7,6.7,6.7,2100,NED,"At 2025-12-26 13:00:00, the stock NED opened at 6.70 VND, reached a high of 6.70 VND, a low of 6.70 VND, and closed the hour at 6.70 VND with a trading volume of 2,100 shares."
2025-12-29 11:00:00,6.8,6.9,6.8,6.9,10100,NED,"At 2025-12-29 11:00:00, the stock NED opened at 6.80 VND, reached a high of 6.90 VND, a low of 6.80 VND, and closed the hour at 6.90 VND with a trading volume of 10,100 shares."
2025-12-29 13:00:00,6.8,6.8,6.8,6.8,300,NED,"At 2025-12-29 13:00:00, the stock NED opened at 6.80 VND, reached a high of 6.80 VND, a low of 6.80 VND, and closed the hour at 6.80 VND with a trading volume of 300 shares."
2025-12-29 14:00:00,6.8,6.8,6.8,6.8,6500,NED,"At 2025-12-29 14:00:00, the stock NED opened at 6.80 VND, reached a high of 6.80 VND, a low of 6.80 VND, and closed the hour at 6.80 VND with a trading volume of 6,500 shares."
2025-12-30 10:00:00,6.8,6.8,6.7,6.8,2700,NED,"At 2025-12-30 10:00:00, the stock NED opened at 6.80 VND, reached a high of 6.80 VND, a low of 6.70 VND, and closed the hour at 6.80 VND with a trading volume of 2,700 shares."
2025-12-30 11:00:00,6.8,6.8,6.8,6.8,100,NED,"At 2025-12-30 11:00:00, the stock NED opened at 6.80 VND, reached a high of 6.80 VND, a low of 6.80 VND, and closed the hour at 6.80 VND with a trading volume of 100 shares."
2025-12-30 13:00:00,6.8,6.8,6.8,6.8,100,NED,"At 2025-12-30 13:00:00, the stock NED opened at 6.80 VND, reached a high of 6.80 VND, a low of 6.80 VND, and closed the hour at 6.80 VND with a trading volume of 100 shares."
2025-12-31 09:00:00,6.7,6.8,6.7,6.8,2000,NED,"At 2025-12-31 09:00:00, the stock NED opened at 6.70 VND, reached a high of 6.80 VND, a low of 6.70 VND, and closed the hour at 6.80 VND with a trading volume of 2,000 shares."
2025-12-31 11:00:00,6.7,6.8,6.7,6.8,600,NED,"At 2025-12-31 11:00:00, the stock NED opened at 6.70 VND, reached a high of 6.80 VND, a low of 6.70 VND, and closed the hour at 6.80 VND with a trading volume of 600 shares."
2025-12-31 14:00:00,6.8,6.8,6.8,6.8,400,NED,"At 2025-12-31 14:00:00, the stock NED opened at 6.80 VND, reached a high of 6.80 VND, a low of 6.80 VND, and closed the hour at 6.80 VND with a trading volume of 400 shares."
2026-01-05 09:00:00,6.8,6.8,6.8,6.8,9500,NED,"At 2026-01-05 09:00:00, the stock NED opened at 6.80 VND, reached a high of 6.80 VND, a low of 6.80 VND, and closed the hour at 6.80 VND with a trading volume of 9,500 shares."
2026-01-05 10:00:00,6.8,6.8,6.8,6.8,3900,NED,"At 2026-01-05 10:00:00, the stock NED opened at 6.80 VND, reached a high of 6.80 VND, a low of 6.80 VND, and closed the hour at 6.80 VND with a trading volume of 3,900 shares."
2026-01-05 13:00:00,6.8,6.8,6.8,6.8,12900,NED,"At 2026-01-05 13:00:00, the stock NED opened at 6.80 VND, reached a high of 6.80 VND, a low of 6.80 VND, and closed the hour at 6.80 VND with a trading volume of 12,900 shares."
2026-01-05 14:00:00,6.8,6.8,6.8,6.8,1700,NED,"At 2026-01-05 14:00:00, the stock NED opened at 6.80 VND, reached a high of 6.80 VND, a low of 6.80 VND, and closed the hour at 6.80 VND with a trading volume of 1,700 shares."
2026-01-06 09:00:00,6.8,6.8,6.8,6.8,17900,NED,"At 2026-01-06 09:00:00, the stock NED opened at 6.80 VND, reached a high of 6.80 VND, a low of 6.80 VND, and closed the hour at 6.80 VND with a trading volume of 17,900 shares."
2026-01-06 10:00:00,6.8,6.8,6.6,6.8,23600,NED,"At 2026-01-06 10:00:00, the stock NED opened at 6.80 VND, reached a high of 6.80 VND, a low of 6.60 VND, and closed the hour at 6.80 VND with a trading volume of 23,600 shares."
2026-01-06 11:00:00,6.8,6.8,6.8,6.8,4900,NED,"At 2026-01-06 11:00:00, the stock NED opened at 6.80 VND, reached a high of 6.80 VND, a low of 6.80 VND, and closed the hour at 6.80 VND with a trading volume of 4,900 shares."
2026-01-06 13:00:00,6.8,6.8,6.8,6.8,11500,NED,"At 2026-01-06 13:00:00, the stock NED opened at 6.80 VND, reached a high of 6.80 VND, a low of 6.80 VND, and closed the hour at 6.80 VND with a trading volume of 11,500 shares."
2026-01-06 14:00:00,6.8,6.8,6.8,6.8,300,NED,"At 2026-01-06 14:00:00, the stock NED opened at 6.80 VND, reached a high of 6.80 VND, a low of 6.80 VND, and closed the hour at 6.80 VND with a trading volume of 300 shares."
2026-01-07 10:00:00,6.8,6.8,6.8,6.8,3100,NED,"At 2026-01-07 10:00:00, the stock NED opened at 6.80 VND, reached a high of 6.80 VND, a low of 6.80 VND, and closed the hour at 6.80 VND with a trading volume of 3,100 shares."
2026-01-07 13:00:00,6.8,6.8,6.8,6.8,10300,NED,"At 2026-01-07 13:00:00, the stock NED opened at 6.80 VND, reached a high of 6.80 VND, a low of 6.80 VND, and closed the hour at 6.80 VND with a trading volume of 10,300 shares."
2026-01-07 14:00:00,6.8,6.8,6.8,6.8,5000,NED,"At 2026-01-07 14:00:00, the stock NED opened at 6.80 VND, reached a high of 6.80 VND, a low of 6.80 VND, and closed the hour at 6.80 VND with a trading volume of 5,000 shares."
2026-01-08 09:00:00,6.8,6.9,6.8,6.9,600,NED,"At 2026-01-08 09:00:00, the stock NED opened at 6.80 VND, reached a high of 6.90 VND, a low of 6.80 VND, and closed the hour at 6.90 VND with a trading volume of 600 shares."
2026-01-08 13:00:00,6.8,6.8,6.8,6.8,26700,NED,"At 2026-01-08 13:00:00, the stock NED opened at 6.80 VND, reached a high of 6.80 VND, a low of 6.80 VND, and closed the hour at 6.80 VND with a trading volume of 26,700 shares."
2026-01-09 09:00:00,6.8,6.8,6.8,6.8,11200,NED,"At 2026-01-09 09:00:00, the stock NED opened at 6.80 VND, reached a high of 6.80 VND, a low of 6.80 VND, and closed the hour at 6.80 VND with a trading volume of 11,200 shares."
2026-01-09 10:00:00,6.8,6.8,6.8,6.8,100,NED,"At 2026-01-09 10:00:00, the stock NED opened at 6.80 VND, reached a high of 6.80 VND, a low of 6.80 VND, and closed the hour at 6.80 VND with a trading volume of 100 shares."
2026-01-09 11:00:00,6.8,6.8,6.8,6.8,400,NED,"At 2026-01-09 11:00:00, the stock NED opened at 6.80 VND, reached a high of 6.80 VND, a low of 6.80 VND, and closed the hour at 6.80 VND with a trading volume of 400 shares."
2026-01-09 13:00:00,6.8,6.8,6.8,6.8,10300,NED,"At 2026-01-09 13:00:00, the stock NED opened at 6.80 VND, reached a high of 6.80 VND, a low of 6.80 VND, and closed the hour at 6.80 VND with a trading volume of 10,300 shares."
2026-01-09 14:00:00,6.8,6.8,6.8,6.8,10700,NED,"At 2026-01-09 14:00:00, the stock NED opened at 6.80 VND, reached a high of 6.80 VND, a low of 6.80 VND, and closed the hour at 6.80 VND with a trading volume of 10,700 shares."
2026-01-12 09:00:00,6.8,6.8,6.8,6.8,10900,NED,"At 2026-01-12 09:00:00, the stock NED opened at 6.80 VND, reached a high of 6.80 VND, a low of 6.80 VND, and closed the hour at 6.80 VND with a trading volume of 10,900 shares."
2026-01-12 10:00:00,6.8,6.8,6.8,6.8,8200,NED,"At 2026-01-12 10:00:00, the stock NED opened at 6.80 VND, reached a high of 6.80 VND, a low of 6.80 VND, and closed the hour at 6.80 VND with a trading volume of 8,200 shares."
2026-01-12 11:00:00,6.8,6.8,6.8,6.8,11800,NED,"At 2026-01-12 11:00:00, the stock NED opened at 6.80 VND, reached a high of 6.80 VND, a low of 6.80 VND, and closed the hour at 6.80 VND with a trading volume of 11,800 shares."
2026-01-13 09:00:00,6.8,6.8,6.8,6.8,4500,NED,"At 2026-01-13 09:00:00, the stock NED opened at 6.80 VND, reached a high of 6.80 VND, a low of 6.80 VND, and closed the hour at 6.80 VND with a trading volume of 4,500 shares."
2026-01-13 10:00:00,6.8,6.9,6.8,6.9,2100,NED,"At 2026-01-13 10:00:00, the stock NED opened at 6.80 VND, reached a high of 6.90 VND, a low of 6.80 VND, and closed the hour at 6.90 VND with a trading volume of 2,100 shares."
2026-01-13 13:00:00,6.8,6.9,6.8,6.9,2800,NED,"At 2026-01-13 13:00:00, the stock NED opened at 6.80 VND, reached a high of 6.90 VND, a low of 6.80 VND, and closed the hour at 6.90 VND with a trading volume of 2,800 shares."
2026-01-14 09:00:00,6.9,6.9,6.9,6.9,50200,NED,"At 2026-01-14 09:00:00, the stock NED opened at 6.90 VND, reached a high of 6.90 VND, a low of 6.90 VND, and closed the hour at 6.90 VND with a trading volume of 50,200 shares."
2026-01-14 10:00:00,6.9,7.0,6.9,7.0,61000,NED,"At 2026-01-14 10:00:00, the stock NED opened at 6.90 VND, reached a high of 7.00 VND, a low of 6.90 VND, and closed the hour at 7.00 VND with a trading volume of 61,000 shares."
2026-01-14 11:00:00,7.0,7.1,7.0,7.0,29500,NED,"At 2026-01-14 11:00:00, the stock NED opened at 7.00 VND, reached a high of 7.10 VND, a low of 7.00 VND, and closed the hour at 7.00 VND with a trading volume of 29,500 shares."
2026-01-14 13:00:00,7.0,7.0,7.0,7.0,19200,NED,"At 2026-01-14 13:00:00, the stock NED opened at 7.00 VND, reached a high of 7.00 VND, a low of 7.00 VND, and closed the hour at 7.00 VND with a trading volume of 19,200 shares."
2026-01-14 14:00:00,7.0,7.1,7.0,7.1,5600,NED,"At 2026-01-14 14:00:00, the stock NED opened at 7.00 VND, reached a high of 7.10 VND, a low of 7.00 VND, and closed the hour at 7.10 VND with a trading volume of 5,600 shares."
2026-01-15 09:00:00,7.1,7.1,7.0,7.0,18200,NED,"At 2026-01-15 09:00:00, the stock NED opened at 7.10 VND, reached a high of 7.10 VND, a low of 7.00 VND, and closed the hour at 7.00 VND with a trading volume of 18,200 shares."
2026-01-15 10:00:00,7.0,7.0,7.0,7.0,19000,NED,"At 2026-01-15 10:00:00, the stock NED opened at 7.00 VND, reached a high of 7.00 VND, a low of 7.00 VND, and closed the hour at 7.00 VND with a trading volume of 19,000 shares."
2026-01-15 11:00:00,7.0,7.0,7.0,7.0,2600,NED,"At 2026-01-15 11:00:00, the stock NED opened at 7.00 VND, reached a high of 7.00 VND, a low of 7.00 VND, and closed the hour at 7.00 VND with a trading volume of 2,600 shares."
2026-01-15 13:00:00,7.0,7.0,7.0,7.0,34100,NED,"At 2026-01-15 13:00:00, the stock NED opened at 7.00 VND, reached a high of 7.00 VND, a low of 7.00 VND, and closed the hour at 7.00 VND with a trading volume of 34,100 shares."
2026-01-15 14:00:00,7.0,7.0,7.0,7.0,1000,NED,"At 2026-01-15 14:00:00, the stock NED opened at 7.00 VND, reached a high of 7.00 VND, a low of 7.00 VND, and closed the hour at 7.00 VND with a trading volume of 1,000 shares."
2026-01-16 09:00:00,7.1,7.1,7.1,7.1,2000,NED,"At 2026-01-16 09:00:00, the stock NED opened at 7.10 VND, reached a high of 7.10 VND, a low of 7.10 VND, and closed the hour at 7.10 VND with a trading volume of 2,000 shares."
2026-01-16 10:00:00,7.0,7.1,7.0,7.1,10100,NED,"At 2026-01-16 10:00:00, the stock NED opened at 7.00 VND, reached a high of 7.10 VND, a low of 7.00 VND, and closed the hour at 7.10 VND with a trading volume of 10,100 shares."
2026-01-16 11:00:00,7.0,7.0,7.0,7.0,8200,NED,"At 2026-01-16 11:00:00, the stock NED opened at 7.00 VND, reached a high of 7.00 VND, a low of 7.00 VND, and closed the hour at 7.00 VND with a trading volume of 8,200 shares."
2026-01-16 13:00:00,7.0,7.0,7.0,7.0,21000,NED,"At 2026-01-16 13:00:00, the stock NED opened at 7.00 VND, reached a high of 7.00 VND, a low of 7.00 VND, and closed the hour at 7.00 VND with a trading volume of 21,000 shares."
2026-01-16 14:00:00,7.0,7.1,7.0,7.1,6400,NED,"At 2026-01-16 14:00:00, the stock NED opened at 7.00 VND, reached a high of 7.10 VND, a low of 7.00 VND, and closed the hour at 7.10 VND with a trading volume of 6,400 shares."
2026-01-19 09:00:00,7.0,7.0,7.0,7.0,4200,NED,"At 2026-01-19 09:00:00, the stock NED opened at 7.00 VND, reached a high of 7.00 VND, a low of 7.00 VND, and closed the hour at 7.00 VND with a trading volume of 4,200 shares."
2026-01-19 10:00:00,7.0,7.0,7.0,7.0,1000,NED,"At 2026-01-19 10:00:00, the stock NED opened at 7.00 VND, reached a high of 7.00 VND, a low of 7.00 VND, and closed the hour at 7.00 VND with a trading volume of 1,000 shares."
2026-01-19 11:00:00,7.0,7.0,7.0,7.0,38800,NED,"At 2026-01-19 11:00:00, the stock NED opened at 7.00 VND, reached a high of 7.00 VND, a low of 7.00 VND, and closed the hour at 7.00 VND with a trading volume of 38,800 shares."
2026-01-19 13:00:00,7.0,7.0,7.0,7.0,23900,NED,"At 2026-01-19 13:00:00, the stock NED opened at 7.00 VND, reached a high of 7.00 VND, a low of 7.00 VND, and closed the hour at 7.00 VND with a trading volume of 23,900 shares."
2026-01-19 14:00:00,7.0,7.0,7.0,7.0,9000,NED,"At 2026-01-19 14:00:00, the stock NED opened at 7.00 VND, reached a high of 7.00 VND, a low of 7.00 VND, and closed the hour at 7.00 VND with a trading volume of 9,000 shares."
2026-01-20 09:00:00,7.0,7.0,7.0,7.0,5200,NED,"At 2026-01-20 09:00:00, the stock NED opened at 7.00 VND, reached a high of 7.00 VND, a low of 7.00 VND, and closed the hour at 7.00 VND with a trading volume of 5,200 shares."
2026-01-20 10:00:00,7.0,7.1,7.0,7.1,16900,NED,"At 2026-01-20 10:00:00, the stock NED opened at 7.00 VND, reached a high of 7.10 VND, a low of 7.00 VND, and closed the hour at 7.10 VND with a trading volume of 16,900 shares."
2026-01-20 11:00:00,7.0,7.0,7.0,7.0,100,NED,"At 2026-01-20 11:00:00, the stock NED opened at 7.00 VND, reached a high of 7.00 VND, a low of 7.00 VND, and closed the hour at 7.00 VND with a trading volume of 100 shares."
2026-01-20 13:00:00,7.1,7.1,7.1,7.1,20900,NED,"At 2026-01-20 13:00:00, the stock NED opened at 7.10 VND, reached a high of 7.10 VND, a low of 7.10 VND, and closed the hour at 7.10 VND with a trading volume of 20,900 shares."
2026-01-20 14:00:00,7.1,7.1,7.1,7.1,700,NED,"At 2026-01-20 14:00:00, the stock NED opened at 7.10 VND, reached a high of 7.10 VND, a low of 7.10 VND, and closed the hour at 7.10 VND with a trading volume of 700 shares."
2026-01-21 09:00:00,7.1,7.1,7.1,7.1,900,NED,"At 2026-01-21 09:00:00, the stock NED opened at 7.10 VND, reached a high of 7.10 VND, a low of 7.10 VND, and closed the hour at 7.10 VND with a trading volume of 900 shares."
2026-01-21 10:00:00,7.1,7.2,7.1,7.1,3900,NED,"At 2026-01-21 10:00:00, the stock NED opened at 7.10 VND, reached a high of 7.20 VND, a low of 7.10 VND, and closed the hour at 7.10 VND with a trading volume of 3,900 shares."
2026-01-21 11:00:00,7.1,7.1,7.1,7.1,200,NED,"At 2026-01-21 11:00:00, the stock NED opened at 7.10 VND, reached a high of 7.10 VND, a low of 7.10 VND, and closed the hour at 7.10 VND with a trading volume of 200 shares."
2026-01-21 13:00:00,7.0,7.0,7.0,7.0,100,NED,"At 2026-01-21 13:00:00, the stock NED opened at 7.00 VND, reached a high of 7.00 VND, a low of 7.00 VND, and closed the hour at 7.00 VND with a trading volume of 100 shares."
2026-01-21 14:00:00,7.0,7.1,7.0,7.0,71800,NED,"At 2026-01-21 14:00:00, the stock NED opened at 7.00 VND, reached a high of 7.10 VND, a low of 7.00 VND, and closed the hour at 7.00 VND with a trading volume of 71,800 shares."
2026-01-22 09:00:00,7.1,7.1,7.0,7.0,1100,NED,"At 2026-01-22 09:00:00, the stock NED opened at 7.10 VND, reached a high of 7.10 VND, a low of 7.00 VND, and closed the hour at 7.00 VND with a trading volume of 1,100 shares."
2026-01-22 10:00:00,7.1,7.1,7.0,7.0,2100,NED,"At 2026-01-22 10:00:00, the stock NED opened at 7.10 VND, reached a high of 7.10 VND, a low of 7.00 VND, and closed the hour at 7.00 VND with a trading volume of 2,100 shares."
2026-01-22 11:00:00,7.0,7.0,7.0,7.0,100,NED,"At 2026-01-22 11:00:00, the stock NED opened at 7.00 VND, reached a high of 7.00 VND, a low of 7.00 VND, and closed the hour at 7.00 VND with a trading volume of 100 shares."
2026-01-22 13:00:00,7.1,7.1,7.0,7.0,1100,NED,"At 2026-01-22 13:00:00, the stock NED opened at 7.10 VND, reached a high of 7.10 VND, a low of 7.00 VND, and closed the hour at 7.00 VND with a trading volume of 1,100 shares."
2026-01-22 14:00:00,7.1,7.1,7.1,7.1,100,NED,"At 2026-01-22 14:00:00, the stock NED opened at 7.10 VND, reached a high of 7.10 VND, a low of 7.10 VND, and closed the hour at 7.10 VND with a trading volume of 100 shares."
2026-01-23 09:00:00,7.0,7.0,7.0,7.0,1400,NED,"At 2026-01-23 09:00:00, the stock NED opened at 7.00 VND, reached a high of 7.00 VND, a low of 7.00 VND, and closed the hour at 7.00 VND with a trading volume of 1,400 shares."
2026-01-23 10:00:00,7.1,7.3,7.1,7.3,35800,NED,"At 2026-01-23 10:00:00, the stock NED opened at 7.10 VND, reached a high of 7.30 VND, a low of 7.10 VND, and closed the hour at 7.30 VND with a trading volume of 35,800 shares."
2026-01-23 11:00:00,7.3,7.3,7.2,7.2,2200,NED,"At 2026-01-23 11:00:00, the stock NED opened at 7.30 VND, reached a high of 7.30 VND, a low of 7.20 VND, and closed the hour at 7.20 VND with a trading volume of 2,200 shares."
2026-01-23 13:00:00,7.2,7.2,7.2,7.2,10400,NED,"At 2026-01-23 13:00:00, the stock NED opened at 7.20 VND, reached a high of 7.20 VND, a low of 7.20 VND, and closed the hour at 7.20 VND with a trading volume of 10,400 shares."
2026-01-23 14:00:00,7.2,7.2,7.2,7.2,4400,NED,"At 2026-01-23 14:00:00, the stock NED opened at 7.20 VND, reached a high of 7.20 VND, a low of 7.20 VND, and closed the hour at 7.20 VND with a trading volume of 4,400 shares."
2026-01-26 09:00:00,7.1,7.2,7.1,7.2,16900,NED,"At 2026-01-26 09:00:00, the stock NED opened at 7.10 VND, reached a high of 7.20 VND, a low of 7.10 VND, and closed the hour at 7.20 VND with a trading volume of 16,900 shares."
2026-01-26 13:00:00,7.2,7.2,7.1,7.1,13900,NED,"At 2026-01-26 13:00:00, the stock NED opened at 7.20 VND, reached a high of 7.20 VND, a low of 7.10 VND, and closed the hour at 7.10 VND with a trading volume of 13,900 shares."
2026-01-26 14:00:00,7.1,7.1,7.1,7.1,1600,NED,"At 2026-01-26 14:00:00, the stock NED opened at 7.10 VND, reached a high of 7.10 VND, a low of 7.10 VND, and closed the hour at 7.10 VND with a trading volume of 1,600 shares."
2026-01-27 09:00:00,7.1,7.1,7.1,7.1,1800,NED,"At 2026-01-27 09:00:00, the stock NED opened at 7.10 VND, reached a high of 7.10 VND, a low of 7.10 VND, and closed the hour at 7.10 VND with a trading volume of 1,800 shares."
2026-01-27 11:00:00,7.0,7.1,6.9,7.0,102800,NED,"At 2026-01-27 11:00:00, the stock NED opened at 7.00 VND, reached a high of 7.10 VND, a low of 6.90 VND, and closed the hour at 7.00 VND with a trading volume of 102,800 shares."
2026-01-27 13:00:00,7.0,7.1,6.9,7.1,41700,NED,"At 2026-01-27 13:00:00, the stock NED opened at 7.00 VND, reached a high of 7.10 VND, a low of 6.90 VND, and closed the hour at 7.10 VND with a trading volume of 41,700 shares."
2026-01-27 14:00:00,7.1,7.1,7.1,7.1,11500,NED,"At 2026-01-27 14:00:00, the stock NED opened at 7.10 VND, reached a high of 7.10 VND, a low of 7.10 VND, and closed the hour at 7.10 VND with a trading volume of 11,500 shares."
2026-01-28 09:00:00,7.1,7.2,7.1,7.1,7400,NED,"At 2026-01-28 09:00:00, the stock NED opened at 7.10 VND, reached a high of 7.20 VND, a low of 7.10 VND, and closed the hour at 7.10 VND with a trading volume of 7,400 shares."
2026-01-28 10:00:00,7.1,7.1,7.0,7.0,1400,NED,"At 2026-01-28 10:00:00, the stock NED opened at 7.10 VND, reached a high of 7.10 VND, a low of 7.00 VND, and closed the hour at 7.00 VND with a trading volume of 1,400 shares."
2026-01-28 11:00:00,7.0,7.0,7.0,7.0,50000,NED,"At 2026-01-28 11:00:00, the stock NED opened at 7.00 VND, reached a high of 7.00 VND, a low of 7.00 VND, and closed the hour at 7.00 VND with a trading volume of 50,000 shares."
2026-01-28 13:00:00,7.1,7.1,7.1,7.1,4200,NED,"At 2026-01-28 13:00:00, the stock NED opened at 7.10 VND, reached a high of 7.10 VND, a low of 7.10 VND, and closed the hour at 7.10 VND with a trading volume of 4,200 shares."
2026-01-29 10:00:00,7.1,7.1,7.1,7.1,900,NED,"At 2026-01-29 10:00:00, the stock NED opened at 7.10 VND, reached a high of 7.10 VND, a low of 7.10 VND, and closed the hour at 7.10 VND with a trading volume of 900 shares."
2026-01-29 13:00:00,7.1,7.1,7.1,7.1,1100,NED,"At 2026-01-29 13:00:00, the stock NED opened at 7.10 VND, reached a high of 7.10 VND, a low of 7.10 VND, and closed the hour at 7.10 VND with a trading volume of 1,100 shares."
2026-01-29 14:00:00,7.1,7.1,7.0,7.1,5000,NED,"At 2026-01-29 14:00:00, the stock NED opened at 7.10 VND, reached a high of 7.10 VND, a low of 7.00 VND, and closed the hour at 7.10 VND with a trading volume of 5,000 shares."
2026-01-30 10:00:00,7.0,7.1,7.0,7.1,18100,NED,"At 2026-01-30 10:00:00, the stock NED opened at 7.00 VND, reached a high of 7.10 VND, a low of 7.00 VND, and closed the hour at 7.10 VND with a trading volume of 18,100 shares."
2026-01-30 11:00:00,7.1,7.1,7.1,7.1,12500,NED,"At 2026-01-30 11:00:00, the stock NED opened at 7.10 VND, reached a high of 7.10 VND, a low of 7.10 VND, and closed the hour at 7.10 VND with a trading volume of 12,500 shares."
2026-01-30 13:00:00,7.1,7.1,7.1,7.1,4600,NED,"At 2026-01-30 13:00:00, the stock NED opened at 7.10 VND, reached a high of 7.10 VND, a low of 7.10 VND, and closed the hour at 7.10 VND with a trading volume of 4,600 shares."
2026-01-30 14:00:00,7.1,7.2,7.1,7.2,22600,NED,"At 2026-01-30 14:00:00, the stock NED opened at 7.10 VND, reached a high of 7.20 VND, a low of 7.10 VND, and closed the hour at 7.20 VND with a trading volume of 22,600 shares."
2026-02-02 09:00:00,7.1,7.1,7.0,7.1,10300,NED,"At 2026-02-02 09:00:00, the stock NED opened at 7.10 VND, reached a high of 7.10 VND, a low of 7.00 VND, and closed the hour at 7.10 VND with a trading volume of 10,300 shares."
2026-02-02 10:00:00,7.1,7.1,7.1,7.1,12500,NED,"At 2026-02-02 10:00:00, the stock NED opened at 7.10 VND, reached a high of 7.10 VND, a low of 7.10 VND, and closed the hour at 7.10 VND with a trading volume of 12,500 shares."
2026-02-02 11:00:00,7.1,7.1,7.1,7.1,10000,NED,"At 2026-02-02 11:00:00, the stock NED opened at 7.10 VND, reached a high of 7.10 VND, a low of 7.10 VND, and closed the hour at 7.10 VND with a trading volume of 10,000 shares."
2026-02-02 13:00:00,7.1,7.1,7.1,7.1,1700,NED,"At 2026-02-02 13:00:00, the stock NED opened at 7.10 VND, reached a high of 7.10 VND, a low of 7.10 VND, and closed the hour at 7.10 VND with a trading volume of 1,700 shares."
2026-02-02 14:00:00,7.1,7.2,7.1,7.2,23800,NED,"At 2026-02-02 14:00:00, the stock NED opened at 7.10 VND, reached a high of 7.20 VND, a low of 7.10 VND, and closed the hour at 7.20 VND with a trading volume of 23,800 shares."
2026-02-03 09:00:00,7.3,7.3,7.2,7.3,1200,NED,"At 2026-02-03 09:00:00, the stock NED opened at 7.30 VND, reached a high of 7.30 VND, a low of 7.20 VND, and closed the hour at 7.30 VND with a trading volume of 1,200 shares."
2026-02-03 13:00:00,7.1,7.1,7.1,7.1,1000,NED,"At 2026-02-03 13:00:00, the stock NED opened at 7.10 VND, reached a high of 7.10 VND, a low of 7.10 VND, and closed the hour at 7.10 VND with a trading volume of 1,000 shares."
2026-02-03 14:00:00,7.2,7.2,7.2,7.2,1000,NED,"At 2026-02-03 14:00:00, the stock NED opened at 7.20 VND, reached a high of 7.20 VND, a low of 7.20 VND, and closed the hour at 7.20 VND with a trading volume of 1,000 shares."
2026-02-04 13:00:00,7.2,7.2,7.1,7.1,2300,NED,"At 2026-02-04 13:00:00, the stock NED opened at 7.20 VND, reached a high of 7.20 VND, a low of 7.10 VND, and closed the hour at 7.10 VND with a trading volume of 2,300 shares."
2026-02-04 14:00:00,7.1,7.2,7.1,7.1,2900,NED,"At 2026-02-04 14:00:00, the stock NED opened at 7.10 VND, reached a high of 7.20 VND, a low of 7.10 VND, and closed the hour at 7.10 VND with a trading volume of 2,900 shares."
2026-02-05 09:00:00,7.2,7.2,7.2,7.2,300,NED,"At 2026-02-05 09:00:00, the stock NED opened at 7.20 VND, reached a high of 7.20 VND, a low of 7.20 VND, and closed the hour at 7.20 VND with a trading volume of 300 shares."
2026-02-05 10:00:00,7.1,7.2,7.1,7.2,3700,NED,"At 2026-02-05 10:00:00, the stock NED opened at 7.10 VND, reached a high of 7.20 VND, a low of 7.10 VND, and closed the hour at 7.20 VND with a trading volume of 3,700 shares."
2026-02-05 11:00:00,7.1,7.1,7.1,7.1,5000,NED,"At 2026-02-05 11:00:00, the stock NED opened at 7.10 VND, reached a high of 7.10 VND, a low of 7.10 VND, and closed the hour at 7.10 VND with a trading volume of 5,000 shares."
2026-02-05 13:00:00,7.2,7.2,7.2,7.2,100,NED,"At 2026-02-05 13:00:00, the stock NED opened at 7.20 VND, reached a high of 7.20 VND, a low of 7.20 VND, and closed the hour at 7.20 VND with a trading volume of 100 shares."
2026-02-05 14:00:00,7.1,7.1,7.1,7.1,1900,NED,"At 2026-02-05 14:00:00, the stock NED opened at 7.10 VND, reached a high of 7.10 VND, a low of 7.10 VND, and closed the hour at 7.10 VND with a trading volume of 1,900 shares."
2026-02-06 09:00:00,7.1,7.1,7.1,7.1,32300,NED,"At 2026-02-06 09:00:00, the stock NED opened at 7.10 VND, reached a high of 7.10 VND, a low of 7.10 VND, and closed the hour at 7.10 VND with a trading volume of 32,300 shares."
2026-02-06 10:00:00,7.0,7.1,6.9,7.0,28000,NED,"At 2026-02-06 10:00:00, the stock NED opened at 7.00 VND, reached a high of 7.10 VND, a low of 6.90 VND, and closed the hour at 7.00 VND with a trading volume of 28,000 shares."
2026-02-06 11:00:00,7.0,7.0,7.0,7.0,10500,NED,"At 2026-02-06 11:00:00, the stock NED opened at 7.00 VND, reached a high of 7.00 VND, a low of 7.00 VND, and closed the hour at 7.00 VND with a trading volume of 10,500 shares."
2026-02-06 13:00:00,7.0,7.1,7.0,7.0,3900,NED,"At 2026-02-06 13:00:00, the stock NED opened at 7.00 VND, reached a high of 7.10 VND, a low of 7.00 VND, and closed the hour at 7.00 VND with a trading volume of 3,900 shares."
2026-02-06 14:00:00,7.1,7.1,7.1,7.1,100,NED,"At 2026-02-06 14:00:00, the stock NED opened at 7.10 VND, reached a high of 7.10 VND, a low of 7.10 VND, and closed the hour at 7.10 VND with a trading volume of 100 shares."
2026-02-09 10:00:00,7.0,7.0,7.0,7.0,10500,NED,"At 2026-02-09 10:00:00, the stock NED opened at 7.00 VND, reached a high of 7.00 VND, a low of 7.00 VND, and closed the hour at 7.00 VND with a trading volume of 10,500 shares."
2026-02-09 13:00:00,7.0,7.0,7.0,7.0,13300,NED,"At 2026-02-09 13:00:00, the stock NED opened at 7.00 VND, reached a high of 7.00 VND, a low of 7.00 VND, and closed the hour at 7.00 VND with a trading volume of 13,300 shares."
2026-02-09 14:00:00,7.0,7.0,7.0,7.0,2400,NED,"At 2026-02-09 14:00:00, the stock NED opened at 7.00 VND, reached a high of 7.00 VND, a low of 7.00 VND, and closed the hour at 7.00 VND with a trading volume of 2,400 shares."
2026-02-10 09:00:00,7.0,7.0,7.0,7.0,2000,NED,"At 2026-02-10 09:00:00, the stock NED opened at 7.00 VND, reached a high of 7.00 VND, a low of 7.00 VND, and closed the hour at 7.00 VND with a trading volume of 2,000 shares."
2026-02-10 10:00:00,7.0,7.0,7.0,7.0,8700,NED,"At 2026-02-10 10:00:00, the stock NED opened at 7.00 VND, reached a high of 7.00 VND, a low of 7.00 VND, and closed the hour at 7.00 VND with a trading volume of 8,700 shares."
2026-02-10 13:00:00,7.0,7.0,7.0,7.0,5900,NED,"At 2026-02-10 13:00:00, the stock NED opened at 7.00 VND, reached a high of 7.00 VND, a low of 7.00 VND, and closed the hour at 7.00 VND with a trading volume of 5,900 shares."
2026-02-10 14:00:00,7.0,7.0,7.0,7.0,12400,NED,"At 2026-02-10 14:00:00, the stock NED opened at 7.00 VND, reached a high of 7.00 VND, a low of 7.00 VND, and closed the hour at 7.00 VND with a trading volume of 12,400 shares."
2026-02-11 09:00:00,7.1,7.1,7.1,7.1,12600,NED,"At 2026-02-11 09:00:00, the stock NED opened at 7.10 VND, reached a high of 7.10 VND, a low of 7.10 VND, and closed the hour at 7.10 VND with a trading volume of 12,600 shares."
2026-02-11 14:00:00,7.1,7.1,7.1,7.1,10100,NED,"At 2026-02-11 14:00:00, the stock NED opened at 7.10 VND, reached a high of 7.10 VND, a low of 7.10 VND, and closed the hour at 7.10 VND with a trading volume of 10,100 shares."
2026-02-12 13:00:00,7.0,7.0,7.0,7.0,26100,NED,"At 2026-02-12 13:00:00, the stock NED opened at 7.00 VND, reached a high of 7.00 VND, a low of 7.00 VND, and closed the hour at 7.00 VND with a trading volume of 26,100 shares."
2026-02-12 14:00:00,7.0,7.0,7.0,7.0,34600,NED,"At 2026-02-12 14:00:00, the stock NED opened at 7.00 VND, reached a high of 7.00 VND, a low of 7.00 VND, and closed the hour at 7.00 VND with a trading volume of 34,600 shares."
2026-02-13 09:00:00,7.0,7.0,7.0,7.0,16400,NED,"At 2026-02-13 09:00:00, the stock NED opened at 7.00 VND, reached a high of 7.00 VND, a low of 7.00 VND, and closed the hour at 7.00 VND with a trading volume of 16,400 shares."
2026-02-13 10:00:00,7.0,7.0,7.0,7.0,500,NED,"At 2026-02-13 10:00:00, the stock NED opened at 7.00 VND, reached a high of 7.00 VND, a low of 7.00 VND, and closed the hour at 7.00 VND with a trading volume of 500 shares."
2026-02-13 11:00:00,7.0,7.0,7.0,7.0,6600,NED,"At 2026-02-13 11:00:00, the stock NED opened at 7.00 VND, reached a high of 7.00 VND, a low of 7.00 VND, and closed the hour at 7.00 VND with a trading volume of 6,600 shares."
2026-02-13 13:00:00,7.0,7.0,7.0,7.0,9400,NED,"At 2026-02-13 13:00:00, the stock NED opened at 7.00 VND, reached a high of 7.00 VND, a low of 7.00 VND, and closed the hour at 7.00 VND with a trading volume of 9,400 shares."
2026-02-23 09:00:00,7.0,7.1,7.0,7.1,400,NED,"At 2026-02-23 09:00:00, the stock NED opened at 7.00 VND, reached a high of 7.10 VND, a low of 7.00 VND, and closed the hour at 7.10 VND with a trading volume of 400 shares."
2026-02-23 10:00:00,7.0,7.0,7.0,7.0,6000,NED,"At 2026-02-23 10:00:00, the stock NED opened at 7.00 VND, reached a high of 7.00 VND, a low of 7.00 VND, and closed the hour at 7.00 VND with a trading volume of 6,000 shares."
2026-02-23 11:00:00,7.0,7.0,7.0,7.0,500,NED,"At 2026-02-23 11:00:00, the stock NED opened at 7.00 VND, reached a high of 7.00 VND, a low of 7.00 VND, and closed the hour at 7.00 VND with a trading volume of 500 shares."
2026-02-23 13:00:00,7.0,7.0,7.0,7.0,900,NED,"At 2026-02-23 13:00:00, the stock NED opened at 7.00 VND, reached a high of 7.00 VND, a low of 7.00 VND, and closed the hour at 7.00 VND with a trading volume of 900 shares."
2026-02-23 14:00:00,7.0,7.0,7.0,7.0,3800,NED,"At 2026-02-23 14:00:00, the stock NED opened at 7.00 VND, reached a high of 7.00 VND, a low of 7.00 VND, and closed the hour at 7.00 VND with a trading volume of 3,800 shares."
2026-02-24 09:00:00,7.0,7.0,7.0,7.0,2200,NED,"At 2026-02-24 09:00:00, the stock NED opened at 7.00 VND, reached a high of 7.00 VND, a low of 7.00 VND, and closed the hour at 7.00 VND with a trading volume of 2,200 shares."
2026-02-24 10:00:00,7.0,7.0,7.0,7.0,2700,NED,"At 2026-02-24 10:00:00, the stock NED opened at 7.00 VND, reached a high of 7.00 VND, a low of 7.00 VND, and closed the hour at 7.00 VND with a trading volume of 2,700 shares."
2026-02-24 13:00:00,7.0,7.0,7.0,7.0,2600,NED,"At 2026-02-24 13:00:00, the stock NED opened at 7.00 VND, reached a high of 7.00 VND, a low of 7.00 VND, and closed the hour at 7.00 VND with a trading volume of 2,600 shares."
2026-02-24 14:00:00,6.9,7.0,6.9,7.0,5200,NED,"At 2026-02-24 14:00:00, the stock NED opened at 6.90 VND, reached a high of 7.00 VND, a low of 6.90 VND, and closed the hour at 7.00 VND with a trading volume of 5,200 shares."
2026-02-25 09:00:00,7.0,7.0,7.0,7.0,600,NED,"At 2026-02-25 09:00:00, the stock NED opened at 7.00 VND, reached a high of 7.00 VND, a low of 7.00 VND, and closed the hour at 7.00 VND with a trading volume of 600 shares."
2026-02-25 10:00:00,7.0,7.0,7.0,7.0,3900,NED,"At 2026-02-25 10:00:00, the stock NED opened at 7.00 VND, reached a high of 7.00 VND, a low of 7.00 VND, and closed the hour at 7.00 VND with a trading volume of 3,900 shares."
2026-02-25 11:00:00,7.0,7.0,7.0,7.0,7500,NED,"At 2026-02-25 11:00:00, the stock NED opened at 7.00 VND, reached a high of 7.00 VND, a low of 7.00 VND, and closed the hour at 7.00 VND with a trading volume of 7,500 shares."
2026-02-25 13:00:00,6.9,7.0,6.9,7.0,2600,NED,"At 2026-02-25 13:00:00, the stock NED opened at 6.90 VND, reached a high of 7.00 VND, a low of 6.90 VND, and closed the hour at 7.00 VND with a trading volume of 2,600 shares."
2026-02-25 14:00:00,7.0,7.0,7.0,7.0,17500,NED,"At 2026-02-25 14:00:00, the stock NED opened at 7.00 VND, reached a high of 7.00 VND, a low of 7.00 VND, and closed the hour at 7.00 VND with a trading volume of 17,500 shares."
2026-02-26 09:00:00,7.0,7.0,7.0,7.0,800,NED,"At 2026-02-26 09:00:00, the stock NED opened at 7.00 VND, reached a high of 7.00 VND, a low of 7.00 VND, and closed the hour at 7.00 VND with a trading volume of 800 shares."
2026-02-26 10:00:00,7.0,7.0,7.0,7.0,5000,NED,"At 2026-02-26 10:00:00, the stock NED opened at 7.00 VND, reached a high of 7.00 VND, a low of 7.00 VND, and closed the hour at 7.00 VND with a trading volume of 5,000 shares."
2026-02-26 11:00:00,7.0,7.0,7.0,7.0,2400,NED,"At 2026-02-26 11:00:00, the stock NED opened at 7.00 VND, reached a high of 7.00 VND, a low of 7.00 VND, and closed the hour at 7.00 VND with a trading volume of 2,400 shares."
2026-02-26 13:00:00,7.0,7.0,6.9,7.0,900,NED,"At 2026-02-26 13:00:00, the stock NED opened at 7.00 VND, reached a high of 7.00 VND, a low of 6.90 VND, and closed the hour at 7.00 VND with a trading volume of 900 shares."
2026-02-26 14:00:00,7.0,7.0,7.0,7.0,6300,NED,"At 2026-02-26 14:00:00, the stock NED opened at 7.00 VND, reached a high of 7.00 VND, a low of 7.00 VND, and closed the hour at 7.00 VND with a trading volume of 6,300 shares."
2026-02-27 09:00:00,6.9,7.0,6.9,7.0,7900,NED,"At 2026-02-27 09:00:00, the stock NED opened at 6.90 VND, reached a high of 7.00 VND, a low of 6.90 VND, and closed the hour at 7.00 VND with a trading volume of 7,900 shares."
2026-02-27 10:00:00,7.0,7.0,7.0,7.0,21000,NED,"At 2026-02-27 10:00:00, the stock NED opened at 7.00 VND, reached a high of 7.00 VND, a low of 7.00 VND, and closed the hour at 7.00 VND with a trading volume of 21,000 shares."
2026-02-27 11:00:00,7.0,7.0,7.0,7.0,6500,NED,"At 2026-02-27 11:00:00, the stock NED opened at 7.00 VND, reached a high of 7.00 VND, a low of 7.00 VND, and closed the hour at 7.00 VND with a trading volume of 6,500 shares."
2026-02-27 13:00:00,7.0,7.0,7.0,7.0,8100,NED,"At 2026-02-27 13:00:00, the stock NED opened at 7.00 VND, reached a high of 7.00 VND, a low of 7.00 VND, and closed the hour at 7.00 VND with a trading volume of 8,100 shares."
2026-02-27 14:00:00,7.0,7.0,7.0,7.0,5400,NED,"At 2026-02-27 14:00:00, the stock NED opened at 7.00 VND, reached a high of 7.00 VND, a low of 7.00 VND, and closed the hour at 7.00 VND with a trading volume of 5,400 shares."
2026-03-02 09:00:00,7.0,7.0,6.9,6.9,31000,NED,"At 2026-03-02 09:00:00, the stock NED opened at 7.00 VND, reached a high of 7.00 VND, a low of 6.90 VND, and closed the hour at 6.90 VND with a trading volume of 31,000 shares."
2026-03-02 10:00:00,6.9,7.0,6.9,7.0,19300,NED,"At 2026-03-02 10:00:00, the stock NED opened at 6.90 VND, reached a high of 7.00 VND, a low of 6.90 VND, and closed the hour at 7.00 VND with a trading volume of 19,300 shares."
2026-03-02 11:00:00,7.0,7.0,7.0,7.0,6400,NED,"At 2026-03-02 11:00:00, the stock NED opened at 7.00 VND, reached a high of 7.00 VND, a low of 7.00 VND, and closed the hour at 7.00 VND with a trading volume of 6,400 shares."
2026-03-02 13:00:00,7.0,7.0,7.0,7.0,41500,NED,"At 2026-03-02 13:00:00, the stock NED opened at 7.00 VND, reached a high of 7.00 VND, a low of 7.00 VND, and closed the hour at 7.00 VND with a trading volume of 41,500 shares."
2026-03-02 14:00:00,7.0,7.0,7.0,7.0,12100,NED,"At 2026-03-02 14:00:00, the stock NED opened at 7.00 VND, reached a high of 7.00 VND, a low of 7.00 VND, and closed the hour at 7.00 VND with a trading volume of 12,100 shares."
2026-03-03 09:00:00,7.0,7.0,6.9,6.9,19700,NED,"At 2026-03-03 09:00:00, the stock NED opened at 7.00 VND, reached a high of 7.00 VND, a low of 6.90 VND, and closed the hour at 6.90 VND with a trading volume of 19,700 shares."
2026-03-03 10:00:00,7.0,7.0,7.0,7.0,41000,NED,"At 2026-03-03 10:00:00, the stock NED opened at 7.00 VND, reached a high of 7.00 VND, a low of 7.00 VND, and closed the hour at 7.00 VND with a trading volume of 41,000 shares."
2026-03-03 13:00:00,7.0,7.0,7.0,7.0,34000,NED,"At 2026-03-03 13:00:00, the stock NED opened at 7.00 VND, reached a high of 7.00 VND, a low of 7.00 VND, and closed the hour at 7.00 VND with a trading volume of 34,000 shares."
2026-03-03 14:00:00,7.0,7.0,7.0,7.0,800,NED,"At 2026-03-03 14:00:00, the stock NED opened at 7.00 VND, reached a high of 7.00 VND, a low of 7.00 VND, and closed the hour at 7.00 VND with a trading volume of 800 shares."
2026-03-04 09:00:00,7.0,7.0,7.0,7.0,4400,NED,"At 2026-03-04 09:00:00, the stock NED opened at 7.00 VND, reached a high of 7.00 VND, a low of 7.00 VND, and closed the hour at 7.00 VND with a trading volume of 4,400 shares."
2026-03-04 10:00:00,7.0,7.0,6.9,6.9,8800,NED,"At 2026-03-04 10:00:00, the stock NED opened at 7.00 VND, reached a high of 7.00 VND, a low of 6.90 VND, and closed the hour at 6.90 VND with a trading volume of 8,800 shares."
2026-03-04 11:00:00,6.9,6.9,6.9,6.9,2000,NED,"At 2026-03-04 11:00:00, the stock NED opened at 6.90 VND, reached a high of 6.90 VND, a low of 6.90 VND, and closed the hour at 6.90 VND with a trading volume of 2,000 shares."
2026-03-04 13:00:00,7.0,7.0,6.9,6.9,20300,NED,"At 2026-03-04 13:00:00, the stock NED opened at 7.00 VND, reached a high of 7.00 VND, a low of 6.90 VND, and closed the hour at 6.90 VND with a trading volume of 20,300 shares."
2026-03-04 14:00:00,6.9,7.0,6.9,7.0,71100,NED,"At 2026-03-04 14:00:00, the stock NED opened at 6.90 VND, reached a high of 7.00 VND, a low of 6.90 VND, and closed the hour at 7.00 VND with a trading volume of 71,100 shares."
2026-03-05 09:00:00,7.0,7.0,7.0,7.0,14900,NED,"At 2026-03-05 09:00:00, the stock NED opened at 7.00 VND, reached a high of 7.00 VND, a low of 7.00 VND, and closed the hour at 7.00 VND with a trading volume of 14,900 shares."
2026-03-05 10:00:00,7.0,7.0,7.0,7.0,200,NED,"At 2026-03-05 10:00:00, the stock NED opened at 7.00 VND, reached a high of 7.00 VND, a low of 7.00 VND, and closed the hour at 7.00 VND with a trading volume of 200 shares."
2026-03-05 11:00:00,7.0,7.0,7.0,7.0,5000,NED,"At 2026-03-05 11:00:00, the stock NED opened at 7.00 VND, reached a high of 7.00 VND, a low of 7.00 VND, and closed the hour at 7.00 VND with a trading volume of 5,000 shares."
2026-03-05 13:00:00,7.0,7.0,7.0,7.0,5800,NED,"At 2026-03-05 13:00:00, the stock NED opened at 7.00 VND, reached a high of 7.00 VND, a low of 7.00 VND, and closed the hour at 7.00 VND with a trading volume of 5,800 shares."
2026-03-05 14:00:00,7.0,7.1,7.0,7.1,900,NED,"At 2026-03-05 14:00:00, the stock NED opened at 7.00 VND, reached a high of 7.10 VND, a low of 7.00 VND, and closed the hour at 7.10 VND with a trading volume of 900 shares."
2026-03-06 09:00:00,7.0,7.0,7.0,7.0,800,NED,"At 2026-03-06 09:00:00, the stock NED opened at 7.00 VND, reached a high of 7.00 VND, a low of 7.00 VND, and closed the hour at 7.00 VND with a trading volume of 800 shares."
2026-03-06 10:00:00,7.0,7.0,7.0,7.0,13300,NED,"At 2026-03-06 10:00:00, the stock NED opened at 7.00 VND, reached a high of 7.00 VND, a low of 7.00 VND, and closed the hour at 7.00 VND with a trading volume of 13,300 shares."
2026-03-06 13:00:00,7.0,7.0,7.0,7.0,8500,NED,"At 2026-03-06 13:00:00, the stock NED opened at 7.00 VND, reached a high of 7.00 VND, a low of 7.00 VND, and closed the hour at 7.00 VND with a trading volume of 8,500 shares."
2026-03-06 14:00:00,7.0,7.0,7.0,7.0,1500,NED,"At 2026-03-06 14:00:00, the stock NED opened at 7.00 VND, reached a high of 7.00 VND, a low of 7.00 VND, and closed the hour at 7.00 VND with a trading volume of 1,500 shares."
2026-03-09 09:00:00,7.0,7.0,6.0,6.7,40400,NED,"At 2026-03-09 09:00:00, the stock NED opened at 7.00 VND, reached a high of 7.00 VND, a low of 6.00 VND, and closed the hour at 6.70 VND with a trading volume of 40,400 shares."
2026-03-09 10:00:00,6.7,6.7,6.6,6.7,8000,NED,"At 2026-03-09 10:00:00, the stock NED opened at 6.70 VND, reached a high of 6.70 VND, a low of 6.60 VND, and closed the hour at 6.70 VND with a trading volume of 8,000 shares."
2026-03-09 11:00:00,6.7,6.7,6.6,6.6,3700,NED,"At 2026-03-09 11:00:00, the stock NED opened at 6.70 VND, reached a high of 6.70 VND, a low of 6.60 VND, and closed the hour at 6.60 VND with a trading volume of 3,700 shares."
2026-03-09 13:00:00,6.7,6.7,6.7,6.7,6000,NED,"At 2026-03-09 13:00:00, the stock NED opened at 6.70 VND, reached a high of 6.70 VND, a low of 6.70 VND, and closed the hour at 6.70 VND with a trading volume of 6,000 shares."
2026-03-09 14:00:00,6.6,6.6,6.6,6.6,9800,NED,"At 2026-03-09 14:00:00, the stock NED opened at 6.60 VND, reached a high of 6.60 VND, a low of 6.60 VND, and closed the hour at 6.60 VND with a trading volume of 9,800 shares."
2026-03-10 09:00:00,6.9,6.9,6.8,6.8,16400,NED,"At 2026-03-10 09:00:00, the stock NED opened at 6.90 VND, reached a high of 6.90 VND, a low of 6.80 VND, and closed the hour at 6.80 VND with a trading volume of 16,400 shares."
2026-03-10 10:00:00,6.8,6.8,6.8,6.8,10100,NED,"At 2026-03-10 10:00:00, the stock NED opened at 6.80 VND, reached a high of 6.80 VND, a low of 6.80 VND, and closed the hour at 6.80 VND with a trading volume of 10,100 shares."
2026-03-10 13:00:00,6.8,6.9,6.8,6.9,2200,NED,"At 2026-03-10 13:00:00, the stock NED opened at 6.80 VND, reached a high of 6.90 VND, a low of 6.80 VND, and closed the hour at 6.90 VND with a trading volume of 2,200 shares."
2026-03-10 14:00:00,6.8,6.8,6.7,6.7,11100,NED,"At 2026-03-10 14:00:00, the stock NED opened at 6.80 VND, reached a high of 6.80 VND, a low of 6.70 VND, and closed the hour at 6.70 VND with a trading volume of 11,100 shares."
2026-03-11 09:00:00,6.9,6.9,6.9,6.9,100,NED,"At 2026-03-11 09:00:00, the stock NED opened at 6.90 VND, reached a high of 6.90 VND, a low of 6.90 VND, and closed the hour at 6.90 VND with a trading volume of 100 shares."
2026-03-11 10:00:00,6.9,6.9,6.9,6.9,3000,NED,"At 2026-03-11 10:00:00, the stock NED opened at 6.90 VND, reached a high of 6.90 VND, a low of 6.90 VND, and closed the hour at 6.90 VND with a trading volume of 3,000 shares."
2026-03-11 11:00:00,6.9,6.9,6.9,6.9,1300,NED,"At 2026-03-11 11:00:00, the stock NED opened at 6.90 VND, reached a high of 6.90 VND, a low of 6.90 VND, and closed the hour at 6.90 VND with a trading volume of 1,300 shares."
2026-03-11 13:00:00,6.9,6.9,6.9,6.9,500,NED,"At 2026-03-11 13:00:00, the stock NED opened at 6.90 VND, reached a high of 6.90 VND, a low of 6.90 VND, and closed the hour at 6.90 VND with a trading volume of 500 shares."
2026-03-12 09:00:00,6.9,6.9,6.9,6.9,1100,NED,"At 2026-03-12 09:00:00, the stock NED opened at 6.90 VND, reached a high of 6.90 VND, a low of 6.90 VND, and closed the hour at 6.90 VND with a trading volume of 1,100 shares."
2026-03-12 10:00:00,6.9,6.9,6.9,6.9,2900,NED,"At 2026-03-12 10:00:00, the stock NED opened at 6.90 VND, reached a high of 6.90 VND, a low of 6.90 VND, and closed the hour at 6.90 VND with a trading volume of 2,900 shares."
2026-03-12 13:00:00,6.9,6.9,6.9,6.9,1000,NED,"At 2026-03-12 13:00:00, the stock NED opened at 6.90 VND, reached a high of 6.90 VND, a low of 6.90 VND, and closed the hour at 6.90 VND with a trading volume of 1,000 shares."
2026-03-12 14:00:00,6.9,6.9,6.9,6.9,1300,NED,"At 2026-03-12 14:00:00, the stock NED opened at 6.90 VND, reached a high of 6.90 VND, a low of 6.90 VND, and closed the hour at 6.90 VND with a trading volume of 1,300 shares."
2026-03-13 09:00:00,6.9,6.9,6.9,6.9,3500,NED,"At 2026-03-13 09:00:00, the stock NED opened at 6.90 VND, reached a high of 6.90 VND, a low of 6.90 VND, and closed the hour at 6.90 VND with a trading volume of 3,500 shares."
2026-03-13 10:00:00,6.9,6.9,6.9,6.9,3900,NED,"At 2026-03-13 10:00:00, the stock NED opened at 6.90 VND, reached a high of 6.90 VND, a low of 6.90 VND, and closed the hour at 6.90 VND with a trading volume of 3,900 shares."
2026-03-13 11:00:00,6.9,6.9,6.9,6.9,1500,NED,"At 2026-03-13 11:00:00, the stock NED opened at 6.90 VND, reached a high of 6.90 VND, a low of 6.90 VND, and closed the hour at 6.90 VND with a trading volume of 1,500 shares."
2026-03-13 13:00:00,6.8,6.9,6.8,6.9,15900,NED,"At 2026-03-13 13:00:00, the stock NED opened at 6.80 VND, reached a high of 6.90 VND, a low of 6.80 VND, and closed the hour at 6.90 VND with a trading volume of 15,900 shares."
2026-03-13 14:00:00,6.9,6.9,6.9,6.9,11500,NED,"At 2026-03-13 14:00:00, the stock NED opened at 6.90 VND, reached a high of 6.90 VND, a low of 6.90 VND, and closed the hour at 6.90 VND with a trading volume of 11,500 shares."
2026-03-16 09:00:00,6.9,6.9,6.9,6.9,1100,NED,"At 2026-03-16 09:00:00, the stock NED opened at 6.90 VND, reached a high of 6.90 VND, a low of 6.90 VND, and closed the hour at 6.90 VND with a trading volume of 1,100 shares."
2026-03-16 10:00:00,6.9,6.9,6.9,6.9,4000,NED,"At 2026-03-16 10:00:00, the stock NED opened at 6.90 VND, reached a high of 6.90 VND, a low of 6.90 VND, and closed the hour at 6.90 VND with a trading volume of 4,000 shares."
2026-03-16 11:00:00,6.8,6.9,6.8,6.9,5500,NED,"At 2026-03-16 11:00:00, the stock NED opened at 6.80 VND, reached a high of 6.90 VND, a low of 6.80 VND, and closed the hour at 6.90 VND with a trading volume of 5,500 shares."
2026-03-16 13:00:00,6.8,6.9,6.8,6.9,900,NED,"At 2026-03-16 13:00:00, the stock NED opened at 6.80 VND, reached a high of 6.90 VND, a low of 6.80 VND, and closed the hour at 6.90 VND with a trading volume of 900 shares."
2026-03-16 14:00:00,6.9,6.9,6.9,6.9,4900,NED,"At 2026-03-16 14:00:00, the stock NED opened at 6.90 VND, reached a high of 6.90 VND, a low of 6.90 VND, and closed the hour at 6.90 VND with a trading volume of 4,900 shares."
2026-03-17 09:00:00,7.0,7.0,7.0,7.0,100,NED,"At 2026-03-17 09:00:00, the stock NED opened at 7.00 VND, reached a high of 7.00 VND, a low of 7.00 VND, and closed the hour at 7.00 VND with a trading volume of 100 shares."
2026-03-17 10:00:00,7.0,7.0,7.0,7.0,23500,NED,"At 2026-03-17 10:00:00, the stock NED opened at 7.00 VND, reached a high of 7.00 VND, a low of 7.00 VND, and closed the hour at 7.00 VND with a trading volume of 23,500 shares."
2026-03-17 13:00:00,7.0,7.0,6.9,6.9,2800,NED,"At 2026-03-17 13:00:00, the stock NED opened at 7.00 VND, reached a high of 7.00 VND, a low of 6.90 VND, and closed the hour at 6.90 VND with a trading volume of 2,800 shares."
2026-03-17 14:00:00,7.0,7.0,7.0,7.0,100,NED,"At 2026-03-17 14:00:00, the stock NED opened at 7.00 VND, reached a high of 7.00 VND, a low of 7.00 VND, and closed the hour at 7.00 VND with a trading volume of 100 shares."
2026-03-18 09:00:00,6.9,6.9,6.9,6.9,500,NED,"At 2026-03-18 09:00:00, the stock NED opened at 6.90 VND, reached a high of 6.90 VND, a low of 6.90 VND, and closed the hour at 6.90 VND with a trading volume of 500 shares."
2026-03-18 10:00:00,6.9,6.9,6.9,6.9,1000,NED,"At 2026-03-18 10:00:00, the stock NED opened at 6.90 VND, reached a high of 6.90 VND, a low of 6.90 VND, and closed the hour at 6.90 VND with a trading volume of 1,000 shares."
2026-03-18 13:00:00,6.9,6.9,6.9,6.9,7100,NED,"At 2026-03-18 13:00:00, the stock NED opened at 6.90 VND, reached a high of 6.90 VND, a low of 6.90 VND, and closed the hour at 6.90 VND with a trading volume of 7,100 shares."
2026-03-19 09:00:00,6.9,6.9,6.9,6.9,24100,NED,"At 2026-03-19 09:00:00, the stock NED opened at 6.90 VND, reached a high of 6.90 VND, a low of 6.90 VND, and closed the hour at 6.90 VND with a trading volume of 24,100 shares."
2026-03-19 10:00:00,7.0,7.0,7.0,7.0,100,NED,"At 2026-03-19 10:00:00, the stock NED opened at 7.00 VND, reached a high of 7.00 VND, a low of 7.00 VND, and closed the hour at 7.00 VND with a trading volume of 100 shares."
2026-03-19 14:00:00,6.9,6.9,6.8,6.9,24000,NED,"At 2026-03-19 14:00:00, the stock NED opened at 6.90 VND, reached a high of 6.90 VND, a low of 6.80 VND, and closed the hour at 6.90 VND with a trading volume of 24,000 shares."
2026-03-20 09:00:00,6.9,6.9,6.9,6.9,3100,NED,"At 2026-03-20 09:00:00, the stock NED opened at 6.90 VND, reached a high of 6.90 VND, a low of 6.90 VND, and closed the hour at 6.90 VND with a trading volume of 3,100 shares."
2026-03-20 10:00:00,6.9,6.9,6.9,6.9,7000,NED,"At 2026-03-20 10:00:00, the stock NED opened at 6.90 VND, reached a high of 6.90 VND, a low of 6.90 VND, and closed the hour at 6.90 VND with a trading volume of 7,000 shares."
2026-03-20 11:00:00,6.9,6.9,6.9,6.9,6100,NED,"At 2026-03-20 11:00:00, the stock NED opened at 6.90 VND, reached a high of 6.90 VND, a low of 6.90 VND, and closed the hour at 6.90 VND with a trading volume of 6,100 shares."
2026-03-20 13:00:00,6.9,6.9,6.9,6.9,200,NED,"At 2026-03-20 13:00:00, the stock NED opened at 6.90 VND, reached a high of 6.90 VND, a low of 6.90 VND, and closed the hour at 6.90 VND with a trading volume of 200 shares."
