time,open,high,low,close,volume,ticker,llm_text
2024-12-30 13:00:00,12.7,12.7,12.7,12.7,10000,PCT,"At 2024-12-30 13:00:00, the stock PCT opened at 12.70 VND, reached a high of 12.70 VND, a low of 12.70 VND, and closed the hour at 12.70 VND with a trading volume of 10,000 shares."
2024-12-30 14:00:00,12.8,12.8,12.8,12.8,3100,PCT,"At 2024-12-30 14:00:00, the stock PCT opened at 12.80 VND, reached a high of 12.80 VND, a low of 12.80 VND, and closed the hour at 12.80 VND with a trading volume of 3,100 shares."
2024-12-31 09:00:00,12.6,12.6,12.6,12.6,1100,PCT,"At 2024-12-31 09:00:00, the stock PCT opened at 12.60 VND, reached a high of 12.60 VND, a low of 12.60 VND, and closed the hour at 12.60 VND with a trading volume of 1,100 shares."
2024-12-31 10:00:00,12.7,12.8,12.6,12.8,13500,PCT,"At 2024-12-31 10:00:00, the stock PCT opened at 12.70 VND, reached a high of 12.80 VND, a low of 12.60 VND, and closed the hour at 12.80 VND with a trading volume of 13,500 shares."
2024-12-31 11:00:00,12.8,12.8,12.8,12.8,2000,PCT,"At 2024-12-31 11:00:00, the stock PCT opened at 12.80 VND, reached a high of 12.80 VND, a low of 12.80 VND, and closed the hour at 12.80 VND with a trading volume of 2,000 shares."
2024-12-31 13:00:00,12.8,12.8,12.8,12.8,1500,PCT,"At 2024-12-31 13:00:00, the stock PCT opened at 12.80 VND, reached a high of 12.80 VND, a low of 12.80 VND, and closed the hour at 12.80 VND with a trading volume of 1,500 shares."
2024-12-31 14:00:00,12.7,12.8,12.7,12.8,3800,PCT,"At 2024-12-31 14:00:00, the stock PCT opened at 12.70 VND, reached a high of 12.80 VND, a low of 12.70 VND, and closed the hour at 12.80 VND with a trading volume of 3,800 shares."
2025-01-02 09:00:00,12.9,12.9,12.9,12.9,13500,PCT,"At 2025-01-02 09:00:00, the stock PCT opened at 12.90 VND, reached a high of 12.90 VND, a low of 12.90 VND, and closed the hour at 12.90 VND with a trading volume of 13,500 shares."
2025-01-02 10:00:00,12.9,12.9,12.9,12.9,2500,PCT,"At 2025-01-02 10:00:00, the stock PCT opened at 12.90 VND, reached a high of 12.90 VND, a low of 12.90 VND, and closed the hour at 12.90 VND with a trading volume of 2,500 shares."
2025-01-02 11:00:00,12.7,12.7,12.7,12.7,500,PCT,"At 2025-01-02 11:00:00, the stock PCT opened at 12.70 VND, reached a high of 12.70 VND, a low of 12.70 VND, and closed the hour at 12.70 VND with a trading volume of 500 shares."
2025-01-03 09:00:00,13.0,13.0,13.0,13.0,4400,PCT,"At 2025-01-03 09:00:00, the stock PCT opened at 13.00 VND, reached a high of 13.00 VND, a low of 13.00 VND, and closed the hour at 13.00 VND with a trading volume of 4,400 shares."
2025-01-03 13:00:00,12.7,12.7,12.7,12.7,200,PCT,"At 2025-01-03 13:00:00, the stock PCT opened at 12.70 VND, reached a high of 12.70 VND, a low of 12.70 VND, and closed the hour at 12.70 VND with a trading volume of 200 shares."
2025-01-03 14:00:00,12.7,12.9,12.7,12.8,700,PCT,"At 2025-01-03 14:00:00, the stock PCT opened at 12.70 VND, reached a high of 12.90 VND, a low of 12.70 VND, and closed the hour at 12.80 VND with a trading volume of 700 shares."
2025-01-06 11:00:00,12.8,12.8,12.8,12.8,8000,PCT,"At 2025-01-06 11:00:00, the stock PCT opened at 12.80 VND, reached a high of 12.80 VND, a low of 12.80 VND, and closed the hour at 12.80 VND with a trading volume of 8,000 shares."
2025-01-06 13:00:00,12.8,12.8,12.8,12.8,9000,PCT,"At 2025-01-06 13:00:00, the stock PCT opened at 12.80 VND, reached a high of 12.80 VND, a low of 12.80 VND, and closed the hour at 12.80 VND with a trading volume of 9,000 shares."
2025-01-06 14:00:00,12.6,12.6,12.6,12.6,6200,PCT,"At 2025-01-06 14:00:00, the stock PCT opened at 12.60 VND, reached a high of 12.60 VND, a low of 12.60 VND, and closed the hour at 12.60 VND with a trading volume of 6,200 shares."
2025-01-07 09:00:00,12.4,12.4,12.4,12.4,4600,PCT,"At 2025-01-07 09:00:00, the stock PCT opened at 12.40 VND, reached a high of 12.40 VND, a low of 12.40 VND, and closed the hour at 12.40 VND with a trading volume of 4,600 shares."
2025-01-07 13:00:00,12.5,12.5,12.4,12.4,4700,PCT,"At 2025-01-07 13:00:00, the stock PCT opened at 12.50 VND, reached a high of 12.50 VND, a low of 12.40 VND, and closed the hour at 12.40 VND with a trading volume of 4,700 shares."
2025-01-07 14:00:00,12.4,12.4,12.4,12.4,1000,PCT,"At 2025-01-07 14:00:00, the stock PCT opened at 12.40 VND, reached a high of 12.40 VND, a low of 12.40 VND, and closed the hour at 12.40 VND with a trading volume of 1,000 shares."
2025-01-08 11:00:00,12.6,12.7,12.6,12.7,12000,PCT,"At 2025-01-08 11:00:00, the stock PCT opened at 12.60 VND, reached a high of 12.70 VND, a low of 12.60 VND, and closed the hour at 12.70 VND with a trading volume of 12,000 shares."
2025-01-09 13:00:00,12.6,12.6,12.6,12.6,6000,PCT,"At 2025-01-09 13:00:00, the stock PCT opened at 12.60 VND, reached a high of 12.60 VND, a low of 12.60 VND, and closed the hour at 12.60 VND with a trading volume of 6,000 shares."
2025-01-09 14:00:00,12.6,12.6,12.6,12.6,11300,PCT,"At 2025-01-09 14:00:00, the stock PCT opened at 12.60 VND, reached a high of 12.60 VND, a low of 12.60 VND, and closed the hour at 12.60 VND with a trading volume of 11,300 shares."
2025-01-10 13:00:00,12.6,12.6,12.6,12.6,15200,PCT,"At 2025-01-10 13:00:00, the stock PCT opened at 12.60 VND, reached a high of 12.60 VND, a low of 12.60 VND, and closed the hour at 12.60 VND with a trading volume of 15,200 shares."
2025-01-10 14:00:00,12.6,12.6,12.6,12.6,1000,PCT,"At 2025-01-10 14:00:00, the stock PCT opened at 12.60 VND, reached a high of 12.60 VND, a low of 12.60 VND, and closed the hour at 12.60 VND with a trading volume of 1,000 shares."
2025-01-13 09:00:00,12.5,12.5,12.5,12.5,1000,PCT,"At 2025-01-13 09:00:00, the stock PCT opened at 12.50 VND, reached a high of 12.50 VND, a low of 12.50 VND, and closed the hour at 12.50 VND with a trading volume of 1,000 shares."
2025-01-13 13:00:00,12.4,12.4,12.3,12.3,1400,PCT,"At 2025-01-13 13:00:00, the stock PCT opened at 12.40 VND, reached a high of 12.40 VND, a low of 12.30 VND, and closed the hour at 12.30 VND with a trading volume of 1,400 shares."
2025-01-13 14:00:00,12.4,12.4,12.4,12.4,800,PCT,"At 2025-01-13 14:00:00, the stock PCT opened at 12.40 VND, reached a high of 12.40 VND, a low of 12.40 VND, and closed the hour at 12.40 VND with a trading volume of 800 shares."
2025-01-14 09:00:00,12.0,12.1,12.0,12.1,600,PCT,"At 2025-01-14 09:00:00, the stock PCT opened at 12.00 VND, reached a high of 12.10 VND, a low of 12.00 VND, and closed the hour at 12.10 VND with a trading volume of 600 shares."
2025-01-14 10:00:00,12.1,12.1,12.1,12.1,500,PCT,"At 2025-01-14 10:00:00, the stock PCT opened at 12.10 VND, reached a high of 12.10 VND, a low of 12.10 VND, and closed the hour at 12.10 VND with a trading volume of 500 shares."
2025-01-14 11:00:00,12.1,12.1,12.1,12.1,3300,PCT,"At 2025-01-14 11:00:00, the stock PCT opened at 12.10 VND, reached a high of 12.10 VND, a low of 12.10 VND, and closed the hour at 12.10 VND with a trading volume of 3,300 shares."
2025-01-14 13:00:00,12.4,12.4,12.4,12.4,100,PCT,"At 2025-01-14 13:00:00, the stock PCT opened at 12.40 VND, reached a high of 12.40 VND, a low of 12.40 VND, and closed the hour at 12.40 VND with a trading volume of 100 shares."
2025-01-15 13:00:00,12.4,12.4,12.4,12.4,1300,PCT,"At 2025-01-15 13:00:00, the stock PCT opened at 12.40 VND, reached a high of 12.40 VND, a low of 12.40 VND, and closed the hour at 12.40 VND with a trading volume of 1,300 shares."
2025-01-15 14:00:00,12.4,12.4,12.4,12.4,18400,PCT,"At 2025-01-15 14:00:00, the stock PCT opened at 12.40 VND, reached a high of 12.40 VND, a low of 12.40 VND, and closed the hour at 12.40 VND with a trading volume of 18,400 shares."
2025-01-16 09:00:00,13.6,13.6,12.9,12.9,900,PCT,"At 2025-01-16 09:00:00, the stock PCT opened at 13.60 VND, reached a high of 13.60 VND, a low of 12.90 VND, and closed the hour at 12.90 VND with a trading volume of 900 shares."
2025-01-16 14:00:00,12.6,12.6,12.4,12.6,9100,PCT,"At 2025-01-16 14:00:00, the stock PCT opened at 12.60 VND, reached a high of 12.60 VND, a low of 12.40 VND, and closed the hour at 12.60 VND with a trading volume of 9,100 shares."
2025-01-17 13:00:00,12.6,12.6,12.6,12.6,18200,PCT,"At 2025-01-17 13:00:00, the stock PCT opened at 12.60 VND, reached a high of 12.60 VND, a low of 12.60 VND, and closed the hour at 12.60 VND with a trading volume of 18,200 shares."
2025-01-17 14:00:00,12.7,12.7,12.6,12.6,500,PCT,"At 2025-01-17 14:00:00, the stock PCT opened at 12.70 VND, reached a high of 12.70 VND, a low of 12.60 VND, and closed the hour at 12.60 VND with a trading volume of 500 shares."
2025-01-20 11:00:00,12.3,12.3,12.3,12.3,700,PCT,"At 2025-01-20 11:00:00, the stock PCT opened at 12.30 VND, reached a high of 12.30 VND, a low of 12.30 VND, and closed the hour at 12.30 VND with a trading volume of 700 shares."
2025-01-20 13:00:00,12.7,12.7,12.7,12.7,20000,PCT,"At 2025-01-20 13:00:00, the stock PCT opened at 12.70 VND, reached a high of 12.70 VND, a low of 12.70 VND, and closed the hour at 12.70 VND with a trading volume of 20,000 shares."
2025-01-21 09:00:00,12.7,12.7,12.7,12.7,500,PCT,"At 2025-01-21 09:00:00, the stock PCT opened at 12.70 VND, reached a high of 12.70 VND, a low of 12.70 VND, and closed the hour at 12.70 VND with a trading volume of 500 shares."
2025-01-21 10:00:00,12.6,12.6,12.5,12.5,4500,PCT,"At 2025-01-21 10:00:00, the stock PCT opened at 12.60 VND, reached a high of 12.60 VND, a low of 12.50 VND, and closed the hour at 12.50 VND with a trading volume of 4,500 shares."
2025-01-21 13:00:00,12.4,12.4,12.4,12.4,2100,PCT,"At 2025-01-21 13:00:00, the stock PCT opened at 12.40 VND, reached a high of 12.40 VND, a low of 12.40 VND, and closed the hour at 12.40 VND with a trading volume of 2,100 shares."
2025-01-21 14:00:00,12.5,12.6,12.5,12.6,3800,PCT,"At 2025-01-21 14:00:00, the stock PCT opened at 12.50 VND, reached a high of 12.60 VND, a low of 12.50 VND, and closed the hour at 12.60 VND with a trading volume of 3,800 shares."
2025-01-22 10:00:00,12.5,12.8,12.5,12.8,800,PCT,"At 2025-01-22 10:00:00, the stock PCT opened at 12.50 VND, reached a high of 12.80 VND, a low of 12.50 VND, and closed the hour at 12.80 VND with a trading volume of 800 shares."
2025-01-23 09:00:00,12.8,12.9,12.8,12.9,14400,PCT,"At 2025-01-23 09:00:00, the stock PCT opened at 12.80 VND, reached a high of 12.90 VND, a low of 12.80 VND, and closed the hour at 12.90 VND with a trading volume of 14,400 shares."
2025-01-23 10:00:00,12.8,13.0,12.8,13.0,15100,PCT,"At 2025-01-23 10:00:00, the stock PCT opened at 12.80 VND, reached a high of 13.00 VND, a low of 12.80 VND, and closed the hour at 13.00 VND with a trading volume of 15,100 shares."
2025-01-23 13:00:00,13.0,13.0,12.9,12.9,5500,PCT,"At 2025-01-23 13:00:00, the stock PCT opened at 13.00 VND, reached a high of 13.00 VND, a low of 12.90 VND, and closed the hour at 12.90 VND with a trading volume of 5,500 shares."
2025-01-23 14:00:00,12.9,12.9,12.9,12.9,1000,PCT,"At 2025-01-23 14:00:00, the stock PCT opened at 12.90 VND, reached a high of 12.90 VND, a low of 12.90 VND, and closed the hour at 12.90 VND with a trading volume of 1,000 shares."
2025-01-24 10:00:00,12.9,12.9,12.9,12.9,600,PCT,"At 2025-01-24 10:00:00, the stock PCT opened at 12.90 VND, reached a high of 12.90 VND, a low of 12.90 VND, and closed the hour at 12.90 VND with a trading volume of 600 shares."
2025-01-24 13:00:00,12.9,12.9,12.7,12.7,300,PCT,"At 2025-01-24 13:00:00, the stock PCT opened at 12.90 VND, reached a high of 12.90 VND, a low of 12.70 VND, and closed the hour at 12.70 VND with a trading volume of 300 shares."
2025-01-24 14:00:00,12.9,13.0,12.9,13.0,25100,PCT,"At 2025-01-24 14:00:00, the stock PCT opened at 12.90 VND, reached a high of 13.00 VND, a low of 12.90 VND, and closed the hour at 13.00 VND with a trading volume of 25,100 shares."
2025-02-03 09:00:00,13.0,13.0,13.0,13.0,2200,PCT,"At 2025-02-03 09:00:00, the stock PCT opened at 13.00 VND, reached a high of 13.00 VND, a low of 13.00 VND, and closed the hour at 13.00 VND with a trading volume of 2,200 shares."
2025-02-03 10:00:00,12.8,12.8,12.8,12.8,200,PCT,"At 2025-02-03 10:00:00, the stock PCT opened at 12.80 VND, reached a high of 12.80 VND, a low of 12.80 VND, and closed the hour at 12.80 VND with a trading volume of 200 shares."
2025-02-03 11:00:00,12.7,12.7,12.6,12.7,3200,PCT,"At 2025-02-03 11:00:00, the stock PCT opened at 12.70 VND, reached a high of 12.70 VND, a low of 12.60 VND, and closed the hour at 12.70 VND with a trading volume of 3,200 shares."
2025-02-03 14:00:00,12.7,12.8,12.7,12.8,900,PCT,"At 2025-02-03 14:00:00, the stock PCT opened at 12.70 VND, reached a high of 12.80 VND, a low of 12.70 VND, and closed the hour at 12.80 VND with a trading volume of 900 shares."
2025-02-04 10:00:00,12.6,12.7,12.6,12.7,3000,PCT,"At 2025-02-04 10:00:00, the stock PCT opened at 12.60 VND, reached a high of 12.70 VND, a low of 12.60 VND, and closed the hour at 12.70 VND with a trading volume of 3,000 shares."
2025-02-04 11:00:00,12.7,12.7,12.7,12.7,1000,PCT,"At 2025-02-04 11:00:00, the stock PCT opened at 12.70 VND, reached a high of 12.70 VND, a low of 12.70 VND, and closed the hour at 12.70 VND with a trading volume of 1,000 shares."
2025-02-04 13:00:00,12.6,12.6,12.6,12.6,900,PCT,"At 2025-02-04 13:00:00, the stock PCT opened at 12.60 VND, reached a high of 12.60 VND, a low of 12.60 VND, and closed the hour at 12.60 VND with a trading volume of 900 shares."
2025-02-04 14:00:00,12.7,12.7,12.7,12.7,600,PCT,"At 2025-02-04 14:00:00, the stock PCT opened at 12.70 VND, reached a high of 12.70 VND, a low of 12.70 VND, and closed the hour at 12.70 VND with a trading volume of 600 shares."
2025-02-05 09:00:00,12.6,12.6,12.6,12.6,3800,PCT,"At 2025-02-05 09:00:00, the stock PCT opened at 12.60 VND, reached a high of 12.60 VND, a low of 12.60 VND, and closed the hour at 12.60 VND with a trading volume of 3,800 shares."
2025-02-05 10:00:00,12.9,12.9,12.9,12.9,100,PCT,"At 2025-02-05 10:00:00, the stock PCT opened at 12.90 VND, reached a high of 12.90 VND, a low of 12.90 VND, and closed the hour at 12.90 VND with a trading volume of 100 shares."
2025-02-06 09:00:00,12.9,13.0,12.9,13.0,2000,PCT,"At 2025-02-06 09:00:00, the stock PCT opened at 12.90 VND, reached a high of 13.00 VND, a low of 12.90 VND, and closed the hour at 13.00 VND with a trading volume of 2,000 shares."
2025-02-06 11:00:00,13.0,13.0,13.0,13.0,600,PCT,"At 2025-02-06 11:00:00, the stock PCT opened at 13.00 VND, reached a high of 13.00 VND, a low of 13.00 VND, and closed the hour at 13.00 VND with a trading volume of 600 shares."
2025-02-06 13:00:00,12.9,12.9,12.9,12.9,1500,PCT,"At 2025-02-06 13:00:00, the stock PCT opened at 12.90 VND, reached a high of 12.90 VND, a low of 12.90 VND, and closed the hour at 12.90 VND with a trading volume of 1,500 shares."
2025-02-07 09:00:00,13.0,13.5,13.0,13.5,21600,PCT,"At 2025-02-07 09:00:00, the stock PCT opened at 13.00 VND, reached a high of 13.50 VND, a low of 13.00 VND, and closed the hour at 13.50 VND with a trading volume of 21,600 shares."
2025-02-07 10:00:00,14.0,14.0,13.4,13.4,8800,PCT,"At 2025-02-07 10:00:00, the stock PCT opened at 14.00 VND, reached a high of 14.00 VND, a low of 13.40 VND, and closed the hour at 13.40 VND with a trading volume of 8,800 shares."
2025-02-07 13:00:00,13.3,13.4,13.3,13.4,5700,PCT,"At 2025-02-07 13:00:00, the stock PCT opened at 13.30 VND, reached a high of 13.40 VND, a low of 13.30 VND, and closed the hour at 13.40 VND with a trading volume of 5,700 shares."
2025-02-07 14:00:00,13.5,13.5,13.3,13.3,2300,PCT,"At 2025-02-07 14:00:00, the stock PCT opened at 13.50 VND, reached a high of 13.50 VND, a low of 13.30 VND, and closed the hour at 13.30 VND with a trading volume of 2,300 shares."
2025-02-10 09:00:00,13.3,13.3,13.3,13.3,1000,PCT,"At 2025-02-10 09:00:00, the stock PCT opened at 13.30 VND, reached a high of 13.30 VND, a low of 13.30 VND, and closed the hour at 13.30 VND with a trading volume of 1,000 shares."
2025-02-10 10:00:00,13.3,13.3,13.3,13.3,300,PCT,"At 2025-02-10 10:00:00, the stock PCT opened at 13.30 VND, reached a high of 13.30 VND, a low of 13.30 VND, and closed the hour at 13.30 VND with a trading volume of 300 shares."
2025-02-10 14:00:00,13.0,13.0,13.0,13.0,2000,PCT,"At 2025-02-10 14:00:00, the stock PCT opened at 13.00 VND, reached a high of 13.00 VND, a low of 13.00 VND, and closed the hour at 13.00 VND with a trading volume of 2,000 shares."
2025-02-11 09:00:00,13.0,13.0,13.0,13.0,3000,PCT,"At 2025-02-11 09:00:00, the stock PCT opened at 13.00 VND, reached a high of 13.00 VND, a low of 13.00 VND, and closed the hour at 13.00 VND with a trading volume of 3,000 shares."
2025-02-11 11:00:00,13.0,13.0,12.9,12.9,2100,PCT,"At 2025-02-11 11:00:00, the stock PCT opened at 13.00 VND, reached a high of 13.00 VND, a low of 12.90 VND, and closed the hour at 12.90 VND with a trading volume of 2,100 shares."
2025-02-11 13:00:00,12.9,13.0,12.9,13.0,6200,PCT,"At 2025-02-11 13:00:00, the stock PCT opened at 12.90 VND, reached a high of 13.00 VND, a low of 12.90 VND, and closed the hour at 13.00 VND with a trading volume of 6,200 shares."
2025-02-12 09:00:00,13.0,13.0,13.0,13.0,900,PCT,"At 2025-02-12 09:00:00, the stock PCT opened at 13.00 VND, reached a high of 13.00 VND, a low of 13.00 VND, and closed the hour at 13.00 VND with a trading volume of 900 shares."
2025-02-12 10:00:00,13.0,13.0,13.0,13.0,1600,PCT,"At 2025-02-12 10:00:00, the stock PCT opened at 13.00 VND, reached a high of 13.00 VND, a low of 13.00 VND, and closed the hour at 13.00 VND with a trading volume of 1,600 shares."
2025-02-13 09:00:00,13.0,13.0,13.0,13.0,1500,PCT,"At 2025-02-13 09:00:00, the stock PCT opened at 13.00 VND, reached a high of 13.00 VND, a low of 13.00 VND, and closed the hour at 13.00 VND with a trading volume of 1,500 shares."
2025-02-13 13:00:00,13.0,13.0,13.0,13.0,2200,PCT,"At 2025-02-13 13:00:00, the stock PCT opened at 13.00 VND, reached a high of 13.00 VND, a low of 13.00 VND, and closed the hour at 13.00 VND with a trading volume of 2,200 shares."
2025-02-14 09:00:00,13.4,13.4,13.4,13.4,1000,PCT,"At 2025-02-14 09:00:00, the stock PCT opened at 13.40 VND, reached a high of 13.40 VND, a low of 13.40 VND, and closed the hour at 13.40 VND with a trading volume of 1,000 shares."
2025-02-17 09:00:00,13.4,13.4,13.4,13.4,100,PCT,"At 2025-02-17 09:00:00, the stock PCT opened at 13.40 VND, reached a high of 13.40 VND, a low of 13.40 VND, and closed the hour at 13.40 VND with a trading volume of 100 shares."
2025-02-17 10:00:00,13.0,13.0,13.0,13.0,2700,PCT,"At 2025-02-17 10:00:00, the stock PCT opened at 13.00 VND, reached a high of 13.00 VND, a low of 13.00 VND, and closed the hour at 13.00 VND with a trading volume of 2,700 shares."
2025-02-17 13:00:00,13.0,13.0,13.0,13.0,2000,PCT,"At 2025-02-17 13:00:00, the stock PCT opened at 13.00 VND, reached a high of 13.00 VND, a low of 13.00 VND, and closed the hour at 13.00 VND with a trading volume of 2,000 shares."
2025-02-17 14:00:00,13.0,13.0,13.0,13.0,1700,PCT,"At 2025-02-17 14:00:00, the stock PCT opened at 13.00 VND, reached a high of 13.00 VND, a low of 13.00 VND, and closed the hour at 13.00 VND with a trading volume of 1,700 shares."
2025-02-18 09:00:00,13.0,13.0,13.0,13.0,1000,PCT,"At 2025-02-18 09:00:00, the stock PCT opened at 13.00 VND, reached a high of 13.00 VND, a low of 13.00 VND, and closed the hour at 13.00 VND with a trading volume of 1,000 shares."
2025-02-18 10:00:00,13.0,13.0,13.0,13.0,3500,PCT,"At 2025-02-18 10:00:00, the stock PCT opened at 13.00 VND, reached a high of 13.00 VND, a low of 13.00 VND, and closed the hour at 13.00 VND with a trading volume of 3,500 shares."
2025-02-18 11:00:00,13.0,13.0,13.0,13.0,600,PCT,"At 2025-02-18 11:00:00, the stock PCT opened at 13.00 VND, reached a high of 13.00 VND, a low of 13.00 VND, and closed the hour at 13.00 VND with a trading volume of 600 shares."
2025-02-18 13:00:00,13.0,13.0,13.0,13.0,1700,PCT,"At 2025-02-18 13:00:00, the stock PCT opened at 13.00 VND, reached a high of 13.00 VND, a low of 13.00 VND, and closed the hour at 13.00 VND with a trading volume of 1,700 shares."
2025-02-19 09:00:00,13.0,13.0,13.0,13.0,2100,PCT,"At 2025-02-19 09:00:00, the stock PCT opened at 13.00 VND, reached a high of 13.00 VND, a low of 13.00 VND, and closed the hour at 13.00 VND with a trading volume of 2,100 shares."
2025-02-19 10:00:00,13.0,13.0,13.0,13.0,9900,PCT,"At 2025-02-19 10:00:00, the stock PCT opened at 13.00 VND, reached a high of 13.00 VND, a low of 13.00 VND, and closed the hour at 13.00 VND with a trading volume of 9,900 shares."
2025-02-19 11:00:00,13.0,13.0,13.0,13.0,2300,PCT,"At 2025-02-19 11:00:00, the stock PCT opened at 13.00 VND, reached a high of 13.00 VND, a low of 13.00 VND, and closed the hour at 13.00 VND with a trading volume of 2,300 shares."
2025-02-19 13:00:00,13.2,13.2,13.0,13.0,35300,PCT,"At 2025-02-19 13:00:00, the stock PCT opened at 13.20 VND, reached a high of 13.20 VND, a low of 13.00 VND, and closed the hour at 13.00 VND with a trading volume of 35,300 shares."
2025-02-19 14:00:00,13.0,13.0,12.9,13.0,5600,PCT,"At 2025-02-19 14:00:00, the stock PCT opened at 13.00 VND, reached a high of 13.00 VND, a low of 12.90 VND, and closed the hour at 13.00 VND with a trading volume of 5,600 shares."
2025-02-20 09:00:00,12.9,13.0,12.9,13.0,2100,PCT,"At 2025-02-20 09:00:00, the stock PCT opened at 12.90 VND, reached a high of 13.00 VND, a low of 12.90 VND, and closed the hour at 13.00 VND with a trading volume of 2,100 shares."
2025-02-20 10:00:00,13.0,13.0,12.9,12.9,3000,PCT,"At 2025-02-20 10:00:00, the stock PCT opened at 13.00 VND, reached a high of 13.00 VND, a low of 12.90 VND, and closed the hour at 12.90 VND with a trading volume of 3,000 shares."
2025-02-20 11:00:00,13.0,13.0,13.0,13.0,1000,PCT,"At 2025-02-20 11:00:00, the stock PCT opened at 13.00 VND, reached a high of 13.00 VND, a low of 13.00 VND, and closed the hour at 13.00 VND with a trading volume of 1,000 shares."
2025-02-20 13:00:00,12.9,12.9,12.9,12.9,1000,PCT,"At 2025-02-20 13:00:00, the stock PCT opened at 12.90 VND, reached a high of 12.90 VND, a low of 12.90 VND, and closed the hour at 12.90 VND with a trading volume of 1,000 shares."
2025-02-20 14:00:00,13.2,13.4,13.2,13.2,16900,PCT,"At 2025-02-20 14:00:00, the stock PCT opened at 13.20 VND, reached a high of 13.40 VND, a low of 13.20 VND, and closed the hour at 13.20 VND with a trading volume of 16,900 shares."
2025-02-21 10:00:00,12.9,12.9,12.8,12.9,5300,PCT,"At 2025-02-21 10:00:00, the stock PCT opened at 12.90 VND, reached a high of 12.90 VND, a low of 12.80 VND, and closed the hour at 12.90 VND with a trading volume of 5,300 shares."
2025-02-21 13:00:00,12.9,13.0,12.9,12.9,2900,PCT,"At 2025-02-21 13:00:00, the stock PCT opened at 12.90 VND, reached a high of 13.00 VND, a low of 12.90 VND, and closed the hour at 12.90 VND with a trading volume of 2,900 shares."
2025-02-24 09:00:00,12.8,12.8,12.8,12.8,1300,PCT,"At 2025-02-24 09:00:00, the stock PCT opened at 12.80 VND, reached a high of 12.80 VND, a low of 12.80 VND, and closed the hour at 12.80 VND with a trading volume of 1,300 shares."
2025-02-24 10:00:00,12.8,12.8,12.8,12.8,7000,PCT,"At 2025-02-24 10:00:00, the stock PCT opened at 12.80 VND, reached a high of 12.80 VND, a low of 12.80 VND, and closed the hour at 12.80 VND with a trading volume of 7,000 shares."
2025-02-24 13:00:00,12.8,12.8,12.8,12.8,1200,PCT,"At 2025-02-24 13:00:00, the stock PCT opened at 12.80 VND, reached a high of 12.80 VND, a low of 12.80 VND, and closed the hour at 12.80 VND with a trading volume of 1,200 shares."
2025-02-24 14:00:00,12.8,12.9,12.8,12.9,2300,PCT,"At 2025-02-24 14:00:00, the stock PCT opened at 12.80 VND, reached a high of 12.90 VND, a low of 12.80 VND, and closed the hour at 12.90 VND with a trading volume of 2,300 shares."
2025-02-25 09:00:00,12.9,12.9,12.9,12.9,400,PCT,"At 2025-02-25 09:00:00, the stock PCT opened at 12.90 VND, reached a high of 12.90 VND, a low of 12.90 VND, and closed the hour at 12.90 VND with a trading volume of 400 shares."
2025-02-25 10:00:00,12.9,12.9,12.9,12.9,100,PCT,"At 2025-02-25 10:00:00, the stock PCT opened at 12.90 VND, reached a high of 12.90 VND, a low of 12.90 VND, and closed the hour at 12.90 VND with a trading volume of 100 shares."
2025-02-25 13:00:00,12.9,12.9,12.9,12.9,1800,PCT,"At 2025-02-25 13:00:00, the stock PCT opened at 12.90 VND, reached a high of 12.90 VND, a low of 12.90 VND, and closed the hour at 12.90 VND with a trading volume of 1,800 shares."
2025-02-26 10:00:00,12.9,12.9,12.9,12.9,2000,PCT,"At 2025-02-26 10:00:00, the stock PCT opened at 12.90 VND, reached a high of 12.90 VND, a low of 12.90 VND, and closed the hour at 12.90 VND with a trading volume of 2,000 shares."
2025-02-26 11:00:00,12.9,12.9,12.9,12.9,1000,PCT,"At 2025-02-26 11:00:00, the stock PCT opened at 12.90 VND, reached a high of 12.90 VND, a low of 12.90 VND, and closed the hour at 12.90 VND with a trading volume of 1,000 shares."
2025-02-26 13:00:00,12.8,12.8,12.8,12.8,4800,PCT,"At 2025-02-26 13:00:00, the stock PCT opened at 12.80 VND, reached a high of 12.80 VND, a low of 12.80 VND, and closed the hour at 12.80 VND with a trading volume of 4,800 shares."
2025-02-26 14:00:00,12.8,12.8,12.8,12.8,3800,PCT,"At 2025-02-26 14:00:00, the stock PCT opened at 12.80 VND, reached a high of 12.80 VND, a low of 12.80 VND, and closed the hour at 12.80 VND with a trading volume of 3,800 shares."
2025-02-27 09:00:00,12.8,12.8,12.8,12.8,1000,PCT,"At 2025-02-27 09:00:00, the stock PCT opened at 12.80 VND, reached a high of 12.80 VND, a low of 12.80 VND, and closed the hour at 12.80 VND with a trading volume of 1,000 shares."
2025-02-27 10:00:00,12.8,12.8,12.8,12.8,400,PCT,"At 2025-02-27 10:00:00, the stock PCT opened at 12.80 VND, reached a high of 12.80 VND, a low of 12.80 VND, and closed the hour at 12.80 VND with a trading volume of 400 shares."
2025-02-27 13:00:00,12.8,12.8,12.8,12.8,200,PCT,"At 2025-02-27 13:00:00, the stock PCT opened at 12.80 VND, reached a high of 12.80 VND, a low of 12.80 VND, and closed the hour at 12.80 VND with a trading volume of 200 shares."
2025-02-27 14:00:00,12.8,13.0,12.8,13.0,400,PCT,"At 2025-02-27 14:00:00, the stock PCT opened at 12.80 VND, reached a high of 13.00 VND, a low of 12.80 VND, and closed the hour at 13.00 VND with a trading volume of 400 shares."
2025-02-28 09:00:00,12.8,12.8,12.8,12.8,2200,PCT,"At 2025-02-28 09:00:00, the stock PCT opened at 12.80 VND, reached a high of 12.80 VND, a low of 12.80 VND, and closed the hour at 12.80 VND with a trading volume of 2,200 shares."
2025-02-28 11:00:00,12.7,12.8,12.7,12.8,12900,PCT,"At 2025-02-28 11:00:00, the stock PCT opened at 12.70 VND, reached a high of 12.80 VND, a low of 12.70 VND, and closed the hour at 12.80 VND with a trading volume of 12,900 shares."
2025-02-28 13:00:00,12.8,12.8,12.8,12.8,4300,PCT,"At 2025-02-28 13:00:00, the stock PCT opened at 12.80 VND, reached a high of 12.80 VND, a low of 12.80 VND, and closed the hour at 12.80 VND with a trading volume of 4,300 shares."
2025-02-28 14:00:00,12.7,12.7,12.6,12.7,13000,PCT,"At 2025-02-28 14:00:00, the stock PCT opened at 12.70 VND, reached a high of 12.70 VND, a low of 12.60 VND, and closed the hour at 12.70 VND with a trading volume of 13,000 shares."
2025-03-03 10:00:00,12.7,12.7,12.7,12.7,2000,PCT,"At 2025-03-03 10:00:00, the stock PCT opened at 12.70 VND, reached a high of 12.70 VND, a low of 12.70 VND, and closed the hour at 12.70 VND with a trading volume of 2,000 shares."
2025-03-03 11:00:00,12.8,12.8,12.8,12.8,1000,PCT,"At 2025-03-03 11:00:00, the stock PCT opened at 12.80 VND, reached a high of 12.80 VND, a low of 12.80 VND, and closed the hour at 12.80 VND with a trading volume of 1,000 shares."
2025-03-03 13:00:00,12.7,12.7,12.7,12.7,4200,PCT,"At 2025-03-03 13:00:00, the stock PCT opened at 12.70 VND, reached a high of 12.70 VND, a low of 12.70 VND, and closed the hour at 12.70 VND with a trading volume of 4,200 shares."
2025-03-03 14:00:00,12.7,12.7,12.7,12.7,800,PCT,"At 2025-03-03 14:00:00, the stock PCT opened at 12.70 VND, reached a high of 12.70 VND, a low of 12.70 VND, and closed the hour at 12.70 VND with a trading volume of 800 shares."
2025-03-04 09:00:00,12.7,12.7,12.7,12.7,200,PCT,"At 2025-03-04 09:00:00, the stock PCT opened at 12.70 VND, reached a high of 12.70 VND, a low of 12.70 VND, and closed the hour at 12.70 VND with a trading volume of 200 shares."
2025-03-04 10:00:00,12.7,12.7,12.7,12.7,3000,PCT,"At 2025-03-04 10:00:00, the stock PCT opened at 12.70 VND, reached a high of 12.70 VND, a low of 12.70 VND, and closed the hour at 12.70 VND with a trading volume of 3,000 shares."
2025-03-04 11:00:00,12.7,12.7,12.7,12.7,300,PCT,"At 2025-03-04 11:00:00, the stock PCT opened at 12.70 VND, reached a high of 12.70 VND, a low of 12.70 VND, and closed the hour at 12.70 VND with a trading volume of 300 shares."
2025-03-04 13:00:00,12.7,12.7,12.7,12.7,700,PCT,"At 2025-03-04 13:00:00, the stock PCT opened at 12.70 VND, reached a high of 12.70 VND, a low of 12.70 VND, and closed the hour at 12.70 VND with a trading volume of 700 shares."
2025-03-04 14:00:00,12.7,12.7,12.7,12.7,100,PCT,"At 2025-03-04 14:00:00, the stock PCT opened at 12.70 VND, reached a high of 12.70 VND, a low of 12.70 VND, and closed the hour at 12.70 VND with a trading volume of 100 shares."
2025-03-05 10:00:00,12.6,12.6,12.6,12.6,200,PCT,"At 2025-03-05 10:00:00, the stock PCT opened at 12.60 VND, reached a high of 12.60 VND, a low of 12.60 VND, and closed the hour at 12.60 VND with a trading volume of 200 shares."
2025-03-05 14:00:00,12.7,12.7,12.7,12.7,300,PCT,"At 2025-03-05 14:00:00, the stock PCT opened at 12.70 VND, reached a high of 12.70 VND, a low of 12.70 VND, and closed the hour at 12.70 VND with a trading volume of 300 shares."
2025-03-06 09:00:00,12.7,12.7,12.7,12.7,100,PCT,"At 2025-03-06 09:00:00, the stock PCT opened at 12.70 VND, reached a high of 12.70 VND, a low of 12.70 VND, and closed the hour at 12.70 VND with a trading volume of 100 shares."
2025-03-06 10:00:00,12.7,12.7,12.6,12.6,700,PCT,"At 2025-03-06 10:00:00, the stock PCT opened at 12.70 VND, reached a high of 12.70 VND, a low of 12.60 VND, and closed the hour at 12.60 VND with a trading volume of 700 shares."
2025-03-06 11:00:00,12.6,12.6,12.6,12.6,2700,PCT,"At 2025-03-06 11:00:00, the stock PCT opened at 12.60 VND, reached a high of 12.60 VND, a low of 12.60 VND, and closed the hour at 12.60 VND with a trading volume of 2,700 shares."
2025-03-06 13:00:00,12.6,12.6,12.5,12.5,15100,PCT,"At 2025-03-06 13:00:00, the stock PCT opened at 12.60 VND, reached a high of 12.60 VND, a low of 12.50 VND, and closed the hour at 12.50 VND with a trading volume of 15,100 shares."
2025-03-06 14:00:00,12.5,12.5,12.5,12.5,18100,PCT,"At 2025-03-06 14:00:00, the stock PCT opened at 12.50 VND, reached a high of 12.50 VND, a low of 12.50 VND, and closed the hour at 12.50 VND with a trading volume of 18,100 shares."
2025-03-07 09:00:00,12.6,12.7,12.6,12.7,49600,PCT,"At 2025-03-07 09:00:00, the stock PCT opened at 12.60 VND, reached a high of 12.70 VND, a low of 12.60 VND, and closed the hour at 12.70 VND with a trading volume of 49,600 shares."
2025-03-07 10:00:00,12.6,12.6,12.6,12.6,12900,PCT,"At 2025-03-07 10:00:00, the stock PCT opened at 12.60 VND, reached a high of 12.60 VND, a low of 12.60 VND, and closed the hour at 12.60 VND with a trading volume of 12,900 shares."
2025-03-07 13:00:00,12.6,12.6,12.6,12.6,7800,PCT,"At 2025-03-07 13:00:00, the stock PCT opened at 12.60 VND, reached a high of 12.60 VND, a low of 12.60 VND, and closed the hour at 12.60 VND with a trading volume of 7,800 shares."
2025-03-07 14:00:00,12.6,12.7,12.6,12.7,12300,PCT,"At 2025-03-07 14:00:00, the stock PCT opened at 12.60 VND, reached a high of 12.70 VND, a low of 12.60 VND, and closed the hour at 12.70 VND with a trading volume of 12,300 shares."
2025-03-10 10:00:00,12.6,12.7,12.6,12.7,4800,PCT,"At 2025-03-10 10:00:00, the stock PCT opened at 12.60 VND, reached a high of 12.70 VND, a low of 12.60 VND, and closed the hour at 12.70 VND with a trading volume of 4,800 shares."
2025-03-10 11:00:00,12.7,12.7,12.7,12.7,1900,PCT,"At 2025-03-10 11:00:00, the stock PCT opened at 12.70 VND, reached a high of 12.70 VND, a low of 12.70 VND, and closed the hour at 12.70 VND with a trading volume of 1,900 shares."
2025-03-10 13:00:00,12.7,12.7,12.7,12.7,1100,PCT,"At 2025-03-10 13:00:00, the stock PCT opened at 12.70 VND, reached a high of 12.70 VND, a low of 12.70 VND, and closed the hour at 12.70 VND with a trading volume of 1,100 shares."
2025-03-10 14:00:00,12.7,12.7,12.7,12.7,300,PCT,"At 2025-03-10 14:00:00, the stock PCT opened at 12.70 VND, reached a high of 12.70 VND, a low of 12.70 VND, and closed the hour at 12.70 VND with a trading volume of 300 shares."
2025-03-11 09:00:00,12.8,12.8,12.8,12.8,1100,PCT,"At 2025-03-11 09:00:00, the stock PCT opened at 12.80 VND, reached a high of 12.80 VND, a low of 12.80 VND, and closed the hour at 12.80 VND with a trading volume of 1,100 shares."
2025-03-11 10:00:00,12.7,12.7,12.7,12.7,3500,PCT,"At 2025-03-11 10:00:00, the stock PCT opened at 12.70 VND, reached a high of 12.70 VND, a low of 12.70 VND, and closed the hour at 12.70 VND with a trading volume of 3,500 shares."
2025-03-11 13:00:00,12.7,12.7,12.7,12.7,3000,PCT,"At 2025-03-11 13:00:00, the stock PCT opened at 12.70 VND, reached a high of 12.70 VND, a low of 12.70 VND, and closed the hour at 12.70 VND with a trading volume of 3,000 shares."
2025-03-12 09:00:00,12.6,12.6,12.6,12.6,100,PCT,"At 2025-03-12 09:00:00, the stock PCT opened at 12.60 VND, reached a high of 12.60 VND, a low of 12.60 VND, and closed the hour at 12.60 VND with a trading volume of 100 shares."
2025-03-12 10:00:00,12.6,12.6,12.6,12.6,3000,PCT,"At 2025-03-12 10:00:00, the stock PCT opened at 12.60 VND, reached a high of 12.60 VND, a low of 12.60 VND, and closed the hour at 12.60 VND with a trading volume of 3,000 shares."
2025-03-12 13:00:00,12.6,12.6,12.6,12.6,700,PCT,"At 2025-03-12 13:00:00, the stock PCT opened at 12.60 VND, reached a high of 12.60 VND, a low of 12.60 VND, and closed the hour at 12.60 VND with a trading volume of 700 shares."
2025-03-13 10:00:00,12.6,12.6,12.6,12.6,500,PCT,"At 2025-03-13 10:00:00, the stock PCT opened at 12.60 VND, reached a high of 12.60 VND, a low of 12.60 VND, and closed the hour at 12.60 VND with a trading volume of 500 shares."
2025-03-13 11:00:00,12.6,12.6,12.6,12.6,2000,PCT,"At 2025-03-13 11:00:00, the stock PCT opened at 12.60 VND, reached a high of 12.60 VND, a low of 12.60 VND, and closed the hour at 12.60 VND with a trading volume of 2,000 shares."
2025-03-13 13:00:00,12.5,12.6,12.5,12.5,2900,PCT,"At 2025-03-13 13:00:00, the stock PCT opened at 12.50 VND, reached a high of 12.60 VND, a low of 12.50 VND, and closed the hour at 12.50 VND with a trading volume of 2,900 shares."
2025-03-13 14:00:00,12.5,12.7,12.5,12.7,7200,PCT,"At 2025-03-13 14:00:00, the stock PCT opened at 12.50 VND, reached a high of 12.70 VND, a low of 12.50 VND, and closed the hour at 12.70 VND with a trading volume of 7,200 shares."
2025-03-14 09:00:00,12.6,12.6,12.6,12.6,100,PCT,"At 2025-03-14 09:00:00, the stock PCT opened at 12.60 VND, reached a high of 12.60 VND, a low of 12.60 VND, and closed the hour at 12.60 VND with a trading volume of 100 shares."
2025-03-14 11:00:00,12.6,12.6,12.6,12.6,900,PCT,"At 2025-03-14 11:00:00, the stock PCT opened at 12.60 VND, reached a high of 12.60 VND, a low of 12.60 VND, and closed the hour at 12.60 VND with a trading volume of 900 shares."
2025-03-14 13:00:00,12.5,12.5,12.4,12.4,11000,PCT,"At 2025-03-14 13:00:00, the stock PCT opened at 12.50 VND, reached a high of 12.50 VND, a low of 12.40 VND, and closed the hour at 12.40 VND with a trading volume of 11,000 shares."
2025-03-14 14:00:00,12.4,12.4,12.4,12.4,2500,PCT,"At 2025-03-14 14:00:00, the stock PCT opened at 12.40 VND, reached a high of 12.40 VND, a low of 12.40 VND, and closed the hour at 12.40 VND with a trading volume of 2,500 shares."
2025-03-17 09:00:00,12.5,12.5,12.4,12.4,1600,PCT,"At 2025-03-17 09:00:00, the stock PCT opened at 12.50 VND, reached a high of 12.50 VND, a low of 12.40 VND, and closed the hour at 12.40 VND with a trading volume of 1,600 shares."
2025-03-17 10:00:00,12.4,12.4,12.4,12.4,2600,PCT,"At 2025-03-17 10:00:00, the stock PCT opened at 12.40 VND, reached a high of 12.40 VND, a low of 12.40 VND, and closed the hour at 12.40 VND with a trading volume of 2,600 shares."
2025-03-17 11:00:00,12.3,12.4,12.3,12.4,3200,PCT,"At 2025-03-17 11:00:00, the stock PCT opened at 12.30 VND, reached a high of 12.40 VND, a low of 12.30 VND, and closed the hour at 12.40 VND with a trading volume of 3,200 shares."
2025-03-17 13:00:00,12.3,12.3,12.3,12.3,2500,PCT,"At 2025-03-17 13:00:00, the stock PCT opened at 12.30 VND, reached a high of 12.30 VND, a low of 12.30 VND, and closed the hour at 12.30 VND with a trading volume of 2,500 shares."
2025-03-17 14:00:00,12.6,12.6,12.6,12.6,100,PCT,"At 2025-03-17 14:00:00, the stock PCT opened at 12.60 VND, reached a high of 12.60 VND, a low of 12.60 VND, and closed the hour at 12.60 VND with a trading volume of 100 shares."
2025-03-18 10:00:00,12.3,12.3,12.3,12.3,100,PCT,"At 2025-03-18 10:00:00, the stock PCT opened at 12.30 VND, reached a high of 12.30 VND, a low of 12.30 VND, and closed the hour at 12.30 VND with a trading volume of 100 shares."
2025-03-18 14:00:00,12.3,12.6,12.3,12.6,400,PCT,"At 2025-03-18 14:00:00, the stock PCT opened at 12.30 VND, reached a high of 12.60 VND, a low of 12.30 VND, and closed the hour at 12.60 VND with a trading volume of 400 shares."
2025-03-19 14:00:00,12.4,12.4,12.3,12.4,4000,PCT,"At 2025-03-19 14:00:00, the stock PCT opened at 12.40 VND, reached a high of 12.40 VND, a low of 12.30 VND, and closed the hour at 12.40 VND with a trading volume of 4,000 shares."
2025-03-20 14:00:00,12.7,12.7,12.7,12.7,6000,PCT,"At 2025-03-20 14:00:00, the stock PCT opened at 12.70 VND, reached a high of 12.70 VND, a low of 12.70 VND, and closed the hour at 12.70 VND with a trading volume of 6,000 shares."
2025-03-21 10:00:00,12.7,12.8,12.7,12.8,16500,PCT,"At 2025-03-21 10:00:00, the stock PCT opened at 12.70 VND, reached a high of 12.80 VND, a low of 12.70 VND, and closed the hour at 12.80 VND with a trading volume of 16,500 shares."
2025-03-21 11:00:00,12.4,12.7,12.4,12.7,5100,PCT,"At 2025-03-21 11:00:00, the stock PCT opened at 12.40 VND, reached a high of 12.70 VND, a low of 12.40 VND, and closed the hour at 12.70 VND with a trading volume of 5,100 shares."
2025-03-21 14:00:00,12.5,12.7,12.5,12.7,700,PCT,"At 2025-03-21 14:00:00, the stock PCT opened at 12.50 VND, reached a high of 12.70 VND, a low of 12.50 VND, and closed the hour at 12.70 VND with a trading volume of 700 shares."
2025-03-24 09:00:00,12.5,12.5,12.3,12.3,7900,PCT,"At 2025-03-24 09:00:00, the stock PCT opened at 12.50 VND, reached a high of 12.50 VND, a low of 12.30 VND, and closed the hour at 12.30 VND with a trading volume of 7,900 shares."
2025-03-24 10:00:00,12.3,12.3,12.3,12.3,3100,PCT,"At 2025-03-24 10:00:00, the stock PCT opened at 12.30 VND, reached a high of 12.30 VND, a low of 12.30 VND, and closed the hour at 12.30 VND with a trading volume of 3,100 shares."
2025-03-24 11:00:00,12.3,12.3,12.3,12.3,1000,PCT,"At 2025-03-24 11:00:00, the stock PCT opened at 12.30 VND, reached a high of 12.30 VND, a low of 12.30 VND, and closed the hour at 12.30 VND with a trading volume of 1,000 shares."
2025-03-24 13:00:00,12.3,12.3,12.3,12.3,1500,PCT,"At 2025-03-24 13:00:00, the stock PCT opened at 12.30 VND, reached a high of 12.30 VND, a low of 12.30 VND, and closed the hour at 12.30 VND with a trading volume of 1,500 shares."
2025-03-24 14:00:00,12.3,12.5,12.3,12.5,4000,PCT,"At 2025-03-24 14:00:00, the stock PCT opened at 12.30 VND, reached a high of 12.50 VND, a low of 12.30 VND, and closed the hour at 12.50 VND with a trading volume of 4,000 shares."
2025-03-25 10:00:00,12.3,12.3,12.3,12.3,3000,PCT,"At 2025-03-25 10:00:00, the stock PCT opened at 12.30 VND, reached a high of 12.30 VND, a low of 12.30 VND, and closed the hour at 12.30 VND with a trading volume of 3,000 shares."
2025-03-25 11:00:00,12.5,12.5,12.5,12.5,100,PCT,"At 2025-03-25 11:00:00, the stock PCT opened at 12.50 VND, reached a high of 12.50 VND, a low of 12.50 VND, and closed the hour at 12.50 VND with a trading volume of 100 shares."
2025-03-25 13:00:00,12.2,12.5,12.2,12.5,3100,PCT,"At 2025-03-25 13:00:00, the stock PCT opened at 12.20 VND, reached a high of 12.50 VND, a low of 12.20 VND, and closed the hour at 12.50 VND with a trading volume of 3,100 shares."
2025-03-26 09:00:00,12.3,12.3,12.3,12.3,1500,PCT,"At 2025-03-26 09:00:00, the stock PCT opened at 12.30 VND, reached a high of 12.30 VND, a low of 12.30 VND, and closed the hour at 12.30 VND with a trading volume of 1,500 shares."
2025-03-26 10:00:00,12.4,12.4,12.4,12.4,1000,PCT,"At 2025-03-26 10:00:00, the stock PCT opened at 12.40 VND, reached a high of 12.40 VND, a low of 12.40 VND, and closed the hour at 12.40 VND with a trading volume of 1,000 shares."
2025-03-26 13:00:00,12.3,12.5,12.3,12.5,11300,PCT,"At 2025-03-26 13:00:00, the stock PCT opened at 12.30 VND, reached a high of 12.50 VND, a low of 12.30 VND, and closed the hour at 12.50 VND with a trading volume of 11,300 shares."
2025-03-26 14:00:00,12.4,12.4,12.4,12.4,200,PCT,"At 2025-03-26 14:00:00, the stock PCT opened at 12.40 VND, reached a high of 12.40 VND, a low of 12.40 VND, and closed the hour at 12.40 VND with a trading volume of 200 shares."
2025-03-27 09:00:00,12.6,12.6,12.4,12.4,31000,PCT,"At 2025-03-27 09:00:00, the stock PCT opened at 12.60 VND, reached a high of 12.60 VND, a low of 12.40 VND, and closed the hour at 12.40 VND with a trading volume of 31,000 shares."
2025-03-28 09:00:00,12.6,12.6,12.2,12.2,32500,PCT,"At 2025-03-28 09:00:00, the stock PCT opened at 12.60 VND, reached a high of 12.60 VND, a low of 12.20 VND, and closed the hour at 12.20 VND with a trading volume of 32,500 shares."
2025-03-28 10:00:00,12.5,12.5,12.5,12.5,36000,PCT,"At 2025-03-28 10:00:00, the stock PCT opened at 12.50 VND, reached a high of 12.50 VND, a low of 12.50 VND, and closed the hour at 12.50 VND with a trading volume of 36,000 shares."
2025-03-28 14:00:00,12.3,12.4,12.3,12.4,5200,PCT,"At 2025-03-28 14:00:00, the stock PCT opened at 12.30 VND, reached a high of 12.40 VND, a low of 12.30 VND, and closed the hour at 12.40 VND with a trading volume of 5,200 shares."
2025-03-31 11:00:00,12.5,12.6,12.5,12.6,5000,PCT,"At 2025-03-31 11:00:00, the stock PCT opened at 12.50 VND, reached a high of 12.60 VND, a low of 12.50 VND, and closed the hour at 12.60 VND with a trading volume of 5,000 shares."
2025-04-01 10:00:00,12.7,12.7,12.7,12.7,1000,PCT,"At 2025-04-01 10:00:00, the stock PCT opened at 12.70 VND, reached a high of 12.70 VND, a low of 12.70 VND, and closed the hour at 12.70 VND with a trading volume of 1,000 shares."
2025-04-01 11:00:00,12.6,12.6,12.6,12.6,2200,PCT,"At 2025-04-01 11:00:00, the stock PCT opened at 12.60 VND, reached a high of 12.60 VND, a low of 12.60 VND, and closed the hour at 12.60 VND with a trading volume of 2,200 shares."
2025-04-01 14:00:00,12.4,12.7,12.4,12.7,8000,PCT,"At 2025-04-01 14:00:00, the stock PCT opened at 12.40 VND, reached a high of 12.70 VND, a low of 12.40 VND, and closed the hour at 12.70 VND with a trading volume of 8,000 shares."
2025-04-02 09:00:00,12.7,12.7,12.7,12.7,2100,PCT,"At 2025-04-02 09:00:00, the stock PCT opened at 12.70 VND, reached a high of 12.70 VND, a low of 12.70 VND, and closed the hour at 12.70 VND with a trading volume of 2,100 shares."
2025-04-02 10:00:00,12.3,12.6,12.3,12.6,6000,PCT,"At 2025-04-02 10:00:00, the stock PCT opened at 12.30 VND, reached a high of 12.60 VND, a low of 12.30 VND, and closed the hour at 12.60 VND with a trading volume of 6,000 shares."
2025-04-03 09:00:00,11.8,11.8,11.8,11.8,3300,PCT,"At 2025-04-03 09:00:00, the stock PCT opened at 11.80 VND, reached a high of 11.80 VND, a low of 11.80 VND, and closed the hour at 11.80 VND with a trading volume of 3,300 shares."
2025-04-03 10:00:00,11.7,12.5,11.4,12.5,29600,PCT,"At 2025-04-03 10:00:00, the stock PCT opened at 11.70 VND, reached a high of 12.50 VND, a low of 11.40 VND, and closed the hour at 12.50 VND with a trading volume of 29,600 shares."
2025-04-03 13:00:00,12.3,12.3,11.5,11.7,9500,PCT,"At 2025-04-03 13:00:00, the stock PCT opened at 12.30 VND, reached a high of 12.30 VND, a low of 11.50 VND, and closed the hour at 11.70 VND with a trading volume of 9,500 shares."
2025-04-03 14:00:00,11.7,12.2,11.4,12.2,9100,PCT,"At 2025-04-03 14:00:00, the stock PCT opened at 11.70 VND, reached a high of 12.20 VND, a low of 11.40 VND, and closed the hour at 12.20 VND with a trading volume of 9,100 shares."
2025-04-04 09:00:00,12.5,12.5,11.8,11.8,14000,PCT,"At 2025-04-04 09:00:00, the stock PCT opened at 12.50 VND, reached a high of 12.50 VND, a low of 11.80 VND, and closed the hour at 11.80 VND with a trading volume of 14,000 shares."
2025-04-04 10:00:00,11.8,11.8,11.4,11.4,5600,PCT,"At 2025-04-04 10:00:00, the stock PCT opened at 11.80 VND, reached a high of 11.80 VND, a low of 11.40 VND, and closed the hour at 11.40 VND with a trading volume of 5,600 shares."
2025-04-04 14:00:00,11.4,11.4,11.4,11.4,4400,PCT,"At 2025-04-04 14:00:00, the stock PCT opened at 11.40 VND, reached a high of 11.40 VND, a low of 11.40 VND, and closed the hour at 11.40 VND with a trading volume of 4,400 shares."
2025-04-08 09:00:00,11.5,11.5,11.2,11.2,2400,PCT,"At 2025-04-08 09:00:00, the stock PCT opened at 11.50 VND, reached a high of 11.50 VND, a low of 11.20 VND, and closed the hour at 11.20 VND with a trading volume of 2,400 shares."
2025-04-08 10:00:00,10.8,10.8,10.3,10.3,16000,PCT,"At 2025-04-08 10:00:00, the stock PCT opened at 10.80 VND, reached a high of 10.80 VND, a low of 10.30 VND, and closed the hour at 10.30 VND with a trading volume of 16,000 shares."
2025-04-08 11:00:00,10.5,10.5,10.5,10.5,100,PCT,"At 2025-04-08 11:00:00, the stock PCT opened at 10.50 VND, reached a high of 10.50 VND, a low of 10.50 VND, and closed the hour at 10.50 VND with a trading volume of 100 shares."
2025-04-08 13:00:00,10.5,11.0,10.3,11.0,40200,PCT,"At 2025-04-08 13:00:00, the stock PCT opened at 10.50 VND, reached a high of 11.00 VND, a low of 10.30 VND, and closed the hour at 11.00 VND with a trading volume of 40,200 shares."
2025-04-08 14:00:00,10.6,11.0,10.3,11.0,13100,PCT,"At 2025-04-08 14:00:00, the stock PCT opened at 10.60 VND, reached a high of 11.00 VND, a low of 10.30 VND, and closed the hour at 11.00 VND with a trading volume of 13,100 shares."
2025-04-09 10:00:00,11.0,11.0,11.0,11.0,300,PCT,"At 2025-04-09 10:00:00, the stock PCT opened at 11.00 VND, reached a high of 11.00 VND, a low of 11.00 VND, and closed the hour at 11.00 VND with a trading volume of 300 shares."
2025-04-10 09:00:00,11.0,12.0,11.0,12.0,9600,PCT,"At 2025-04-10 09:00:00, the stock PCT opened at 11.00 VND, reached a high of 12.00 VND, a low of 11.00 VND, and closed the hour at 12.00 VND with a trading volume of 9,600 shares."
2025-04-10 13:00:00,12.0,12.0,11.5,11.5,1200,PCT,"At 2025-04-10 13:00:00, the stock PCT opened at 12.00 VND, reached a high of 12.00 VND, a low of 11.50 VND, and closed the hour at 11.50 VND with a trading volume of 1,200 shares."
2025-04-10 14:00:00,11.9,11.9,11.9,11.9,100,PCT,"At 2025-04-10 14:00:00, the stock PCT opened at 11.90 VND, reached a high of 11.90 VND, a low of 11.90 VND, and closed the hour at 11.90 VND with a trading volume of 100 shares."
2025-04-11 09:00:00,11.2,11.2,11.2,11.2,1000,PCT,"At 2025-04-11 09:00:00, the stock PCT opened at 11.20 VND, reached a high of 11.20 VND, a low of 11.20 VND, and closed the hour at 11.20 VND with a trading volume of 1,000 shares."
2025-04-11 13:00:00,11.4,11.4,11.3,11.4,1200,PCT,"At 2025-04-11 13:00:00, the stock PCT opened at 11.40 VND, reached a high of 11.40 VND, a low of 11.30 VND, and closed the hour at 11.40 VND with a trading volume of 1,200 shares."
2025-04-11 14:00:00,11.8,11.9,11.8,11.9,5700,PCT,"At 2025-04-11 14:00:00, the stock PCT opened at 11.80 VND, reached a high of 11.90 VND, a low of 11.80 VND, and closed the hour at 11.90 VND with a trading volume of 5,700 shares."
2025-04-14 10:00:00,12.1,12.1,12.1,12.1,25000,PCT,"At 2025-04-14 10:00:00, the stock PCT opened at 12.10 VND, reached a high of 12.10 VND, a low of 12.10 VND, and closed the hour at 12.10 VND with a trading volume of 25,000 shares."
2025-04-15 10:00:00,11.7,11.7,11.7,11.7,1100,PCT,"At 2025-04-15 10:00:00, the stock PCT opened at 11.70 VND, reached a high of 11.70 VND, a low of 11.70 VND, and closed the hour at 11.70 VND with a trading volume of 1,100 shares."
2025-04-15 11:00:00,11.5,11.5,11.5,11.5,2000,PCT,"At 2025-04-15 11:00:00, the stock PCT opened at 11.50 VND, reached a high of 11.50 VND, a low of 11.50 VND, and closed the hour at 11.50 VND with a trading volume of 2,000 shares."
2025-04-15 13:00:00,11.4,11.4,11.4,11.4,2000,PCT,"At 2025-04-15 13:00:00, the stock PCT opened at 11.40 VND, reached a high of 11.40 VND, a low of 11.40 VND, and closed the hour at 11.40 VND with a trading volume of 2,000 shares."
2025-04-15 14:00:00,11.4,11.4,11.4,11.4,10400,PCT,"At 2025-04-15 14:00:00, the stock PCT opened at 11.40 VND, reached a high of 11.40 VND, a low of 11.40 VND, and closed the hour at 11.40 VND with a trading volume of 10,400 shares."
2025-04-16 09:00:00,10.6,11.5,10.6,11.5,1100,PCT,"At 2025-04-16 09:00:00, the stock PCT opened at 10.60 VND, reached a high of 11.50 VND, a low of 10.60 VND, and closed the hour at 11.50 VND with a trading volume of 1,100 shares."
2025-04-16 14:00:00,11.6,11.6,11.6,11.6,3000,PCT,"At 2025-04-16 14:00:00, the stock PCT opened at 11.60 VND, reached a high of 11.60 VND, a low of 11.60 VND, and closed the hour at 11.60 VND with a trading volume of 3,000 shares."
2025-04-17 10:00:00,11.8,11.8,11.8,11.8,15000,PCT,"At 2025-04-17 10:00:00, the stock PCT opened at 11.80 VND, reached a high of 11.80 VND, a low of 11.80 VND, and closed the hour at 11.80 VND with a trading volume of 15,000 shares."
2025-04-17 14:00:00,11.6,11.6,11.6,11.6,300,PCT,"At 2025-04-17 14:00:00, the stock PCT opened at 11.60 VND, reached a high of 11.60 VND, a low of 11.60 VND, and closed the hour at 11.60 VND with a trading volume of 300 shares."
2025-04-18 14:00:00,11.5,11.7,11.5,11.7,12900,PCT,"At 2025-04-18 14:00:00, the stock PCT opened at 11.50 VND, reached a high of 11.70 VND, a low of 11.50 VND, and closed the hour at 11.70 VND with a trading volume of 12,900 shares."
2025-04-21 14:00:00,11.7,11.8,11.7,11.8,11500,PCT,"At 2025-04-21 14:00:00, the stock PCT opened at 11.70 VND, reached a high of 11.80 VND, a low of 11.70 VND, and closed the hour at 11.80 VND with a trading volume of 11,500 shares."
2025-04-22 14:00:00,11.5,11.5,11.5,11.5,11000,PCT,"At 2025-04-22 14:00:00, the stock PCT opened at 11.50 VND, reached a high of 11.50 VND, a low of 11.50 VND, and closed the hour at 11.50 VND with a trading volume of 11,000 shares."
2025-04-23 13:00:00,11.0,11.7,11.0,11.7,8000,PCT,"At 2025-04-23 13:00:00, the stock PCT opened at 11.00 VND, reached a high of 11.70 VND, a low of 11.00 VND, and closed the hour at 11.70 VND with a trading volume of 8,000 shares."
2025-04-24 10:00:00,11.0,11.0,11.0,11.0,4700,PCT,"At 2025-04-24 10:00:00, the stock PCT opened at 11.00 VND, reached a high of 11.00 VND, a low of 11.00 VND, and closed the hour at 11.00 VND with a trading volume of 4,700 shares."
2025-04-24 14:00:00,11.7,11.7,11.7,11.7,100,PCT,"At 2025-04-24 14:00:00, the stock PCT opened at 11.70 VND, reached a high of 11.70 VND, a low of 11.70 VND, and closed the hour at 11.70 VND with a trading volume of 100 shares."
2025-04-25 09:00:00,11.0,11.8,11.0,11.8,10000,PCT,"At 2025-04-25 09:00:00, the stock PCT opened at 11.00 VND, reached a high of 11.80 VND, a low of 11.00 VND, and closed the hour at 11.80 VND with a trading volume of 10,000 shares."
2025-04-25 13:00:00,11.7,11.7,11.7,11.7,8000,PCT,"At 2025-04-25 13:00:00, the stock PCT opened at 11.70 VND, reached a high of 11.70 VND, a low of 11.70 VND, and closed the hour at 11.70 VND with a trading volume of 8,000 shares."
2025-04-25 14:00:00,11.7,11.7,11.7,11.7,10000,PCT,"At 2025-04-25 14:00:00, the stock PCT opened at 11.70 VND, reached a high of 11.70 VND, a low of 11.70 VND, and closed the hour at 11.70 VND with a trading volume of 10,000 shares."
2025-04-28 13:00:00,11.0,11.0,11.0,11.0,4000,PCT,"At 2025-04-28 13:00:00, the stock PCT opened at 11.00 VND, reached a high of 11.00 VND, a low of 11.00 VND, and closed the hour at 11.00 VND with a trading volume of 4,000 shares."
2025-04-28 14:00:00,11.0,11.0,11.0,11.0,4600,PCT,"At 2025-04-28 14:00:00, the stock PCT opened at 11.00 VND, reached a high of 11.00 VND, a low of 11.00 VND, and closed the hour at 11.00 VND with a trading volume of 4,600 shares."
2025-04-29 09:00:00,11.5,11.5,11.5,11.5,10000,PCT,"At 2025-04-29 09:00:00, the stock PCT opened at 11.50 VND, reached a high of 11.50 VND, a low of 11.50 VND, and closed the hour at 11.50 VND with a trading volume of 10,000 shares."
2025-05-05 13:00:00,11.4,11.6,11.4,11.6,16000,PCT,"At 2025-05-05 13:00:00, the stock PCT opened at 11.40 VND, reached a high of 11.60 VND, a low of 11.40 VND, and closed the hour at 11.60 VND with a trading volume of 16,000 shares."
2025-05-06 09:00:00,11.6,11.9,11.6,11.9,1900,PCT,"At 2025-05-06 09:00:00, the stock PCT opened at 11.60 VND, reached a high of 11.90 VND, a low of 11.60 VND, and closed the hour at 11.90 VND with a trading volume of 1,900 shares."
2025-05-06 10:00:00,11.6,11.8,11.6,11.8,900,PCT,"At 2025-05-06 10:00:00, the stock PCT opened at 11.60 VND, reached a high of 11.80 VND, a low of 11.60 VND, and closed the hour at 11.80 VND with a trading volume of 900 shares."
2025-05-07 13:00:00,11.6,11.6,11.6,11.6,5500,PCT,"At 2025-05-07 13:00:00, the stock PCT opened at 11.60 VND, reached a high of 11.60 VND, a low of 11.60 VND, and closed the hour at 11.60 VND with a trading volume of 5,500 shares."
2025-05-07 14:00:00,11.5,11.5,11.5,11.5,1000,PCT,"At 2025-05-07 14:00:00, the stock PCT opened at 11.50 VND, reached a high of 11.50 VND, a low of 11.50 VND, and closed the hour at 11.50 VND with a trading volume of 1,000 shares."
2025-05-08 13:00:00,11.5,11.5,11.5,11.5,100,PCT,"At 2025-05-08 13:00:00, the stock PCT opened at 11.50 VND, reached a high of 11.50 VND, a low of 11.50 VND, and closed the hour at 11.50 VND with a trading volume of 100 shares."
2025-05-09 09:00:00,11.5,11.5,11.5,11.5,100,PCT,"At 2025-05-09 09:00:00, the stock PCT opened at 11.50 VND, reached a high of 11.50 VND, a low of 11.50 VND, and closed the hour at 11.50 VND with a trading volume of 100 shares."
2025-05-09 10:00:00,11.4,11.4,11.4,11.4,1000,PCT,"At 2025-05-09 10:00:00, the stock PCT opened at 11.40 VND, reached a high of 11.40 VND, a low of 11.40 VND, and closed the hour at 11.40 VND with a trading volume of 1,000 shares."
2025-05-09 11:00:00,11.4,11.4,11.4,11.4,10000,PCT,"At 2025-05-09 11:00:00, the stock PCT opened at 11.40 VND, reached a high of 11.40 VND, a low of 11.40 VND, and closed the hour at 11.40 VND with a trading volume of 10,000 shares."
2025-05-09 13:00:00,11.4,11.5,11.3,11.3,5000,PCT,"At 2025-05-09 13:00:00, the stock PCT opened at 11.40 VND, reached a high of 11.50 VND, a low of 11.30 VND, and closed the hour at 11.30 VND with a trading volume of 5,000 shares."
2025-05-09 14:00:00,11.4,11.4,11.4,11.4,1000,PCT,"At 2025-05-09 14:00:00, the stock PCT opened at 11.40 VND, reached a high of 11.40 VND, a low of 11.40 VND, and closed the hour at 11.40 VND with a trading volume of 1,000 shares."
2025-05-12 13:00:00,11.2,11.3,11.2,11.3,300,PCT,"At 2025-05-12 13:00:00, the stock PCT opened at 11.20 VND, reached a high of 11.30 VND, a low of 11.20 VND, and closed the hour at 11.30 VND with a trading volume of 300 shares."
2025-05-12 14:00:00,11.4,11.4,11.4,11.4,1000,PCT,"At 2025-05-12 14:00:00, the stock PCT opened at 11.40 VND, reached a high of 11.40 VND, a low of 11.40 VND, and closed the hour at 11.40 VND with a trading volume of 1,000 shares."
2025-05-13 11:00:00,11.4,11.4,11.4,11.4,4400,PCT,"At 2025-05-13 11:00:00, the stock PCT opened at 11.40 VND, reached a high of 11.40 VND, a low of 11.40 VND, and closed the hour at 11.40 VND with a trading volume of 4,400 shares."
2025-05-13 13:00:00,11.3,11.3,11.3,11.3,100,PCT,"At 2025-05-13 13:00:00, the stock PCT opened at 11.30 VND, reached a high of 11.30 VND, a low of 11.30 VND, and closed the hour at 11.30 VND with a trading volume of 100 shares."
2025-05-13 14:00:00,11.4,11.5,11.4,11.5,10100,PCT,"At 2025-05-13 14:00:00, the stock PCT opened at 11.40 VND, reached a high of 11.50 VND, a low of 11.40 VND, and closed the hour at 11.50 VND with a trading volume of 10,100 shares."
2025-05-14 09:00:00,11.7,11.7,11.7,11.7,15000,PCT,"At 2025-05-14 09:00:00, the stock PCT opened at 11.70 VND, reached a high of 11.70 VND, a low of 11.70 VND, and closed the hour at 11.70 VND with a trading volume of 15,000 shares."
2025-05-15 11:00:00,11.2,11.2,11.2,11.2,100,PCT,"At 2025-05-15 11:00:00, the stock PCT opened at 11.20 VND, reached a high of 11.20 VND, a low of 11.20 VND, and closed the hour at 11.20 VND with a trading volume of 100 shares."
2025-05-15 14:00:00,11.5,11.5,11.5,11.5,1000,PCT,"At 2025-05-15 14:00:00, the stock PCT opened at 11.50 VND, reached a high of 11.50 VND, a low of 11.50 VND, and closed the hour at 11.50 VND with a trading volume of 1,000 shares."
2025-05-16 11:00:00,11.5,11.5,11.5,11.5,100,PCT,"At 2025-05-16 11:00:00, the stock PCT opened at 11.50 VND, reached a high of 11.50 VND, a low of 11.50 VND, and closed the hour at 11.50 VND with a trading volume of 100 shares."
2025-05-16 14:00:00,11.3,11.4,11.2,11.4,1600,PCT,"At 2025-05-16 14:00:00, the stock PCT opened at 11.30 VND, reached a high of 11.40 VND, a low of 11.20 VND, and closed the hour at 11.40 VND with a trading volume of 1,600 shares."
2025-05-19 11:00:00,11.4,11.4,11.4,11.4,10000,PCT,"At 2025-05-19 11:00:00, the stock PCT opened at 11.40 VND, reached a high of 11.40 VND, a low of 11.40 VND, and closed the hour at 11.40 VND with a trading volume of 10,000 shares."
2025-05-20 10:00:00,11.2,11.2,11.2,11.2,100,PCT,"At 2025-05-20 10:00:00, the stock PCT opened at 11.20 VND, reached a high of 11.20 VND, a low of 11.20 VND, and closed the hour at 11.20 VND with a trading volume of 100 shares."
2025-05-20 11:00:00,11.4,11.4,11.4,11.4,100,PCT,"At 2025-05-20 11:00:00, the stock PCT opened at 11.40 VND, reached a high of 11.40 VND, a low of 11.40 VND, and closed the hour at 11.40 VND with a trading volume of 100 shares."
2025-05-20 13:00:00,11.2,11.4,11.0,11.4,1600,PCT,"At 2025-05-20 13:00:00, the stock PCT opened at 11.20 VND, reached a high of 11.40 VND, a low of 11.00 VND, and closed the hour at 11.40 VND with a trading volume of 1,600 shares."
2025-05-21 10:00:00,11.4,11.5,11.4,11.5,2000,PCT,"At 2025-05-21 10:00:00, the stock PCT opened at 11.40 VND, reached a high of 11.50 VND, a low of 11.40 VND, and closed the hour at 11.50 VND with a trading volume of 2,000 shares."
2025-05-21 14:00:00,11.4,11.4,11.4,11.4,300,PCT,"At 2025-05-21 14:00:00, the stock PCT opened at 11.40 VND, reached a high of 11.40 VND, a low of 11.40 VND, and closed the hour at 11.40 VND with a trading volume of 300 shares."
2025-05-22 09:00:00,11.5,11.6,11.5,11.6,15000,PCT,"At 2025-05-22 09:00:00, the stock PCT opened at 11.50 VND, reached a high of 11.60 VND, a low of 11.50 VND, and closed the hour at 11.60 VND with a trading volume of 15,000 shares."
2025-05-22 11:00:00,11.5,11.5,11.5,11.5,200,PCT,"At 2025-05-22 11:00:00, the stock PCT opened at 11.50 VND, reached a high of 11.50 VND, a low of 11.50 VND, and closed the hour at 11.50 VND with a trading volume of 200 shares."
2025-05-22 13:00:00,11.5,11.5,11.5,11.5,100,PCT,"At 2025-05-22 13:00:00, the stock PCT opened at 11.50 VND, reached a high of 11.50 VND, a low of 11.50 VND, and closed the hour at 11.50 VND with a trading volume of 100 shares."
2025-05-23 10:00:00,11.3,11.3,11.3,11.3,300,PCT,"At 2025-05-23 10:00:00, the stock PCT opened at 11.30 VND, reached a high of 11.30 VND, a low of 11.30 VND, and closed the hour at 11.30 VND with a trading volume of 300 shares."
2025-05-23 13:00:00,11.3,11.3,11.3,11.3,100,PCT,"At 2025-05-23 13:00:00, the stock PCT opened at 11.30 VND, reached a high of 11.30 VND, a low of 11.30 VND, and closed the hour at 11.30 VND with a trading volume of 100 shares."
2025-05-23 14:00:00,11.4,11.4,11.4,11.4,1000,PCT,"At 2025-05-23 14:00:00, the stock PCT opened at 11.40 VND, reached a high of 11.40 VND, a low of 11.40 VND, and closed the hour at 11.40 VND with a trading volume of 1,000 shares."
2025-05-26 10:00:00,11.6,11.8,11.6,11.8,10000,PCT,"At 2025-05-26 10:00:00, the stock PCT opened at 11.60 VND, reached a high of 11.80 VND, a low of 11.60 VND, and closed the hour at 11.80 VND with a trading volume of 10,000 shares."
2025-05-26 13:00:00,11.4,11.4,11.4,11.4,100,PCT,"At 2025-05-26 13:00:00, the stock PCT opened at 11.40 VND, reached a high of 11.40 VND, a low of 11.40 VND, and closed the hour at 11.40 VND with a trading volume of 100 shares."
2025-05-27 09:00:00,11.7,11.7,11.5,11.5,15900,PCT,"At 2025-05-27 09:00:00, the stock PCT opened at 11.70 VND, reached a high of 11.70 VND, a low of 11.50 VND, and closed the hour at 11.50 VND with a trading volume of 15,900 shares."
2025-05-27 10:00:00,11.5,11.6,11.5,11.6,3300,PCT,"At 2025-05-27 10:00:00, the stock PCT opened at 11.50 VND, reached a high of 11.60 VND, a low of 11.50 VND, and closed the hour at 11.60 VND with a trading volume of 3,300 shares."
2025-05-27 13:00:00,11.6,11.6,11.6,11.6,600,PCT,"At 2025-05-27 13:00:00, the stock PCT opened at 11.60 VND, reached a high of 11.60 VND, a low of 11.60 VND, and closed the hour at 11.60 VND with a trading volume of 600 shares."
2025-05-28 09:00:00,11.6,11.8,11.4,11.4,22000,PCT,"At 2025-05-28 09:00:00, the stock PCT opened at 11.60 VND, reached a high of 11.80 VND, a low of 11.40 VND, and closed the hour at 11.40 VND with a trading volume of 22,000 shares."
2025-05-28 13:00:00,11.3,11.3,11.3,11.3,9300,PCT,"At 2025-05-28 13:00:00, the stock PCT opened at 11.30 VND, reached a high of 11.30 VND, a low of 11.30 VND, and closed the hour at 11.30 VND with a trading volume of 9,300 shares."
2025-05-28 14:00:00,11.3,11.6,11.3,11.6,400,PCT,"At 2025-05-28 14:00:00, the stock PCT opened at 11.30 VND, reached a high of 11.60 VND, a low of 11.30 VND, and closed the hour at 11.60 VND with a trading volume of 400 shares."
2025-05-29 09:00:00,11.6,11.8,11.6,11.8,18000,PCT,"At 2025-05-29 09:00:00, the stock PCT opened at 11.60 VND, reached a high of 11.80 VND, a low of 11.60 VND, and closed the hour at 11.80 VND with a trading volume of 18,000 shares."
2025-05-30 13:00:00,11.8,11.9,11.8,11.9,16000,PCT,"At 2025-05-30 13:00:00, the stock PCT opened at 11.80 VND, reached a high of 11.90 VND, a low of 11.80 VND, and closed the hour at 11.90 VND with a trading volume of 16,000 shares."
2025-06-02 09:00:00,11.8,11.9,11.8,11.9,15300,PCT,"At 2025-06-02 09:00:00, the stock PCT opened at 11.80 VND, reached a high of 11.90 VND, a low of 11.80 VND, and closed the hour at 11.90 VND with a trading volume of 15,300 shares."
2025-06-02 13:00:00,11.8,11.8,11.8,11.8,300,PCT,"At 2025-06-02 13:00:00, the stock PCT opened at 11.80 VND, reached a high of 11.80 VND, a low of 11.80 VND, and closed the hour at 11.80 VND with a trading volume of 300 shares."
2025-06-03 14:00:00,11.7,11.7,11.7,11.7,12800,PCT,"At 2025-06-03 14:00:00, the stock PCT opened at 11.70 VND, reached a high of 11.70 VND, a low of 11.70 VND, and closed the hour at 11.70 VND with a trading volume of 12,800 shares."
2025-06-04 13:00:00,11.5,11.5,11.5,11.5,300,PCT,"At 2025-06-04 13:00:00, the stock PCT opened at 11.50 VND, reached a high of 11.50 VND, a low of 11.50 VND, and closed the hour at 11.50 VND with a trading volume of 300 shares."
2025-06-04 14:00:00,11.6,11.6,11.6,11.6,200,PCT,"At 2025-06-04 14:00:00, the stock PCT opened at 11.60 VND, reached a high of 11.60 VND, a low of 11.60 VND, and closed the hour at 11.60 VND with a trading volume of 200 shares."
2025-06-05 09:00:00,11.6,11.9,11.6,11.9,18000,PCT,"At 2025-06-05 09:00:00, the stock PCT opened at 11.60 VND, reached a high of 11.90 VND, a low of 11.60 VND, and closed the hour at 11.90 VND with a trading volume of 18,000 shares."
2025-06-05 14:00:00,11.7,11.7,11.7,11.7,300,PCT,"At 2025-06-05 14:00:00, the stock PCT opened at 11.70 VND, reached a high of 11.70 VND, a low of 11.70 VND, and closed the hour at 11.70 VND with a trading volume of 300 shares."
2025-06-06 09:00:00,11.6,11.6,11.6,11.6,12000,PCT,"At 2025-06-06 09:00:00, the stock PCT opened at 11.60 VND, reached a high of 11.60 VND, a low of 11.60 VND, and closed the hour at 11.60 VND with a trading volume of 12,000 shares."
2025-06-06 14:00:00,11.5,11.6,11.5,11.6,200,PCT,"At 2025-06-06 14:00:00, the stock PCT opened at 11.50 VND, reached a high of 11.60 VND, a low of 11.50 VND, and closed the hour at 11.60 VND with a trading volume of 200 shares."
2025-06-09 10:00:00,11.6,11.8,11.6,11.8,15000,PCT,"At 2025-06-09 10:00:00, the stock PCT opened at 11.60 VND, reached a high of 11.80 VND, a low of 11.60 VND, and closed the hour at 11.80 VND with a trading volume of 15,000 shares."
2025-06-10 09:00:00,11.7,11.8,11.7,11.8,2200,PCT,"At 2025-06-10 09:00:00, the stock PCT opened at 11.70 VND, reached a high of 11.80 VND, a low of 11.70 VND, and closed the hour at 11.80 VND with a trading volume of 2,200 shares."
2025-06-10 13:00:00,11.6,11.6,11.6,11.6,100,PCT,"At 2025-06-10 13:00:00, the stock PCT opened at 11.60 VND, reached a high of 11.60 VND, a low of 11.60 VND, and closed the hour at 11.60 VND with a trading volume of 100 shares."
2025-06-11 14:00:00,11.6,11.6,11.6,11.6,12000,PCT,"At 2025-06-11 14:00:00, the stock PCT opened at 11.60 VND, reached a high of 11.60 VND, a low of 11.60 VND, and closed the hour at 11.60 VND with a trading volume of 12,000 shares."
2025-06-12 10:00:00,11.4,11.4,11.4,11.4,1400,PCT,"At 2025-06-12 10:00:00, the stock PCT opened at 11.40 VND, reached a high of 11.40 VND, a low of 11.40 VND, and closed the hour at 11.40 VND with a trading volume of 1,400 shares."
2025-06-12 14:00:00,11.6,11.6,11.6,11.6,100,PCT,"At 2025-06-12 14:00:00, the stock PCT opened at 11.60 VND, reached a high of 11.60 VND, a low of 11.60 VND, and closed the hour at 11.60 VND with a trading volume of 100 shares."
2025-06-13 09:00:00,11.4,11.4,11.4,11.4,1400,PCT,"At 2025-06-13 09:00:00, the stock PCT opened at 11.40 VND, reached a high of 11.40 VND, a low of 11.40 VND, and closed the hour at 11.40 VND with a trading volume of 1,400 shares."
2025-06-13 14:00:00,11.4,11.6,11.4,11.6,300,PCT,"At 2025-06-13 14:00:00, the stock PCT opened at 11.40 VND, reached a high of 11.60 VND, a low of 11.40 VND, and closed the hour at 11.60 VND with a trading volume of 300 shares."
2025-06-16 09:00:00,11.6,11.6,11.6,11.6,2000,PCT,"At 2025-06-16 09:00:00, the stock PCT opened at 11.60 VND, reached a high of 11.60 VND, a low of 11.60 VND, and closed the hour at 11.60 VND with a trading volume of 2,000 shares."
2025-06-16 13:00:00,11.6,11.6,11.6,11.6,200,PCT,"At 2025-06-16 13:00:00, the stock PCT opened at 11.60 VND, reached a high of 11.60 VND, a low of 11.60 VND, and closed the hour at 11.60 VND with a trading volume of 200 shares."
2025-06-16 14:00:00,11.6,11.6,11.6,11.6,100,PCT,"At 2025-06-16 14:00:00, the stock PCT opened at 11.60 VND, reached a high of 11.60 VND, a low of 11.60 VND, and closed the hour at 11.60 VND with a trading volume of 100 shares."
2025-06-17 09:00:00,11.6,11.6,11.6,11.6,6000,PCT,"At 2025-06-17 09:00:00, the stock PCT opened at 11.60 VND, reached a high of 11.60 VND, a low of 11.60 VND, and closed the hour at 11.60 VND with a trading volume of 6,000 shares."
2025-06-17 10:00:00,11.6,11.6,11.5,11.5,4600,PCT,"At 2025-06-17 10:00:00, the stock PCT opened at 11.60 VND, reached a high of 11.60 VND, a low of 11.50 VND, and closed the hour at 11.50 VND with a trading volume of 4,600 shares."
2025-06-17 13:00:00,11.5,11.5,11.5,11.5,100,PCT,"At 2025-06-17 13:00:00, the stock PCT opened at 11.50 VND, reached a high of 11.50 VND, a low of 11.50 VND, and closed the hour at 11.50 VND with a trading volume of 100 shares."
2025-06-18 09:00:00,11.5,11.8,11.5,11.8,15400,PCT,"At 2025-06-18 09:00:00, the stock PCT opened at 11.50 VND, reached a high of 11.80 VND, a low of 11.50 VND, and closed the hour at 11.80 VND with a trading volume of 15,400 shares."
2025-06-19 13:00:00,11.6,11.7,11.6,11.7,10000,PCT,"At 2025-06-19 13:00:00, the stock PCT opened at 11.60 VND, reached a high of 11.70 VND, a low of 11.60 VND, and closed the hour at 11.70 VND with a trading volume of 10,000 shares."
2025-06-24 11:00:00,11.6,11.6,11.6,11.6,200,PCT,"At 2025-06-24 11:00:00, the stock PCT opened at 11.60 VND, reached a high of 11.60 VND, a low of 11.60 VND, and closed the hour at 11.60 VND with a trading volume of 200 shares."
2025-06-24 14:00:00,11.5,11.5,11.5,11.5,4200,PCT,"At 2025-06-24 14:00:00, the stock PCT opened at 11.50 VND, reached a high of 11.50 VND, a low of 11.50 VND, and closed the hour at 11.50 VND with a trading volume of 4,200 shares."
2025-06-25 13:00:00,11.5,11.5,11.5,11.5,400,PCT,"At 2025-06-25 13:00:00, the stock PCT opened at 11.50 VND, reached a high of 11.50 VND, a low of 11.50 VND, and closed the hour at 11.50 VND with a trading volume of 400 shares."
2025-06-25 14:00:00,11.4,11.5,11.4,11.5,1100,PCT,"At 2025-06-25 14:00:00, the stock PCT opened at 11.40 VND, reached a high of 11.50 VND, a low of 11.40 VND, and closed the hour at 11.50 VND with a trading volume of 1,100 shares."
2025-06-26 10:00:00,11.5,11.5,11.5,11.5,15000,PCT,"At 2025-06-26 10:00:00, the stock PCT opened at 11.50 VND, reached a high of 11.50 VND, a low of 11.50 VND, and closed the hour at 11.50 VND with a trading volume of 15,000 shares."
2025-06-27 13:00:00,11.5,11.5,11.5,11.5,8000,PCT,"At 2025-06-27 13:00:00, the stock PCT opened at 11.50 VND, reached a high of 11.50 VND, a low of 11.50 VND, and closed the hour at 11.50 VND with a trading volume of 8,000 shares."
2025-06-27 14:00:00,11.6,11.6,11.6,11.6,100,PCT,"At 2025-06-27 14:00:00, the stock PCT opened at 11.60 VND, reached a high of 11.60 VND, a low of 11.60 VND, and closed the hour at 11.60 VND with a trading volume of 100 shares."
2025-06-30 13:00:00,11.5,11.6,11.5,11.6,3000,PCT,"At 2025-06-30 13:00:00, the stock PCT opened at 11.50 VND, reached a high of 11.60 VND, a low of 11.50 VND, and closed the hour at 11.60 VND with a trading volume of 3,000 shares."
2025-06-30 14:00:00,11.3,11.5,11.3,11.5,800,PCT,"At 2025-06-30 14:00:00, the stock PCT opened at 11.30 VND, reached a high of 11.50 VND, a low of 11.30 VND, and closed the hour at 11.50 VND with a trading volume of 800 shares."
2025-07-01 10:00:00,11.4,11.4,11.4,11.4,800,PCT,"At 2025-07-01 10:00:00, the stock PCT opened at 11.40 VND, reached a high of 11.40 VND, a low of 11.40 VND, and closed the hour at 11.40 VND with a trading volume of 800 shares."
2025-07-01 13:00:00,11.5,11.5,11.5,11.5,13000,PCT,"At 2025-07-01 13:00:00, the stock PCT opened at 11.50 VND, reached a high of 11.50 VND, a low of 11.50 VND, and closed the hour at 11.50 VND with a trading volume of 13,000 shares."
2025-07-03 09:00:00,10.7,11.5,10.5,11.5,3300,PCT,"At 2025-07-03 09:00:00, the stock PCT opened at 10.70 VND, reached a high of 11.50 VND, a low of 10.50 VND, and closed the hour at 11.50 VND with a trading volume of 3,300 shares."
2025-07-04 13:00:00,11.5,11.5,11.1,11.3,2300,PCT,"At 2025-07-04 13:00:00, the stock PCT opened at 11.50 VND, reached a high of 11.50 VND, a low of 11.10 VND, and closed the hour at 11.30 VND with a trading volume of 2,300 shares."
2025-07-04 14:00:00,11.5,11.5,11.5,11.5,900,PCT,"At 2025-07-04 14:00:00, the stock PCT opened at 11.50 VND, reached a high of 11.50 VND, a low of 11.50 VND, and closed the hour at 11.50 VND with a trading volume of 900 shares."
2025-07-07 13:00:00,11.4,11.4,11.4,11.4,200,PCT,"At 2025-07-07 13:00:00, the stock PCT opened at 11.40 VND, reached a high of 11.40 VND, a low of 11.40 VND, and closed the hour at 11.40 VND with a trading volume of 200 shares."
2025-07-07 14:00:00,11.4,11.4,11.4,11.4,200,PCT,"At 2025-07-07 14:00:00, the stock PCT opened at 11.40 VND, reached a high of 11.40 VND, a low of 11.40 VND, and closed the hour at 11.40 VND with a trading volume of 200 shares."
2025-07-08 09:00:00,11.3,11.3,11.3,11.3,1300,PCT,"At 2025-07-08 09:00:00, the stock PCT opened at 11.30 VND, reached a high of 11.30 VND, a low of 11.30 VND, and closed the hour at 11.30 VND with a trading volume of 1,300 shares."
2025-07-08 10:00:00,11.2,11.3,11.2,11.3,2200,PCT,"At 2025-07-08 10:00:00, the stock PCT opened at 11.20 VND, reached a high of 11.30 VND, a low of 11.20 VND, and closed the hour at 11.30 VND with a trading volume of 2,200 shares."
2025-07-08 14:00:00,11.5,11.5,11.5,11.5,100,PCT,"At 2025-07-08 14:00:00, the stock PCT opened at 11.50 VND, reached a high of 11.50 VND, a low of 11.50 VND, and closed the hour at 11.50 VND with a trading volume of 100 shares."
2025-07-09 13:00:00,11.5,11.5,11.5,11.5,100,PCT,"At 2025-07-09 13:00:00, the stock PCT opened at 11.50 VND, reached a high of 11.50 VND, a low of 11.50 VND, and closed the hour at 11.50 VND with a trading volume of 100 shares."
2025-07-09 14:00:00,11.5,11.5,11.5,11.5,2000,PCT,"At 2025-07-09 14:00:00, the stock PCT opened at 11.50 VND, reached a high of 11.50 VND, a low of 11.50 VND, and closed the hour at 11.50 VND with a trading volume of 2,000 shares."
2025-07-10 09:00:00,11.5,11.5,11.5,11.5,500,PCT,"At 2025-07-10 09:00:00, the stock PCT opened at 11.50 VND, reached a high of 11.50 VND, a low of 11.50 VND, and closed the hour at 11.50 VND with a trading volume of 500 shares."
2025-07-11 09:00:00,11.5,11.5,11.5,11.5,100,PCT,"At 2025-07-11 09:00:00, the stock PCT opened at 11.50 VND, reached a high of 11.50 VND, a low of 11.50 VND, and closed the hour at 11.50 VND with a trading volume of 100 shares."
2025-07-11 11:00:00,11.4,11.5,11.4,11.5,1100,PCT,"At 2025-07-11 11:00:00, the stock PCT opened at 11.40 VND, reached a high of 11.50 VND, a low of 11.40 VND, and closed the hour at 11.50 VND with a trading volume of 1,100 shares."
2025-07-11 14:00:00,11.4,11.5,11.3,11.5,2100,PCT,"At 2025-07-11 14:00:00, the stock PCT opened at 11.40 VND, reached a high of 11.50 VND, a low of 11.30 VND, and closed the hour at 11.50 VND with a trading volume of 2,100 shares."
2025-07-14 10:00:00,11.0,11.1,11.0,11.0,2100,PCT,"At 2025-07-14 10:00:00, the stock PCT opened at 11.00 VND, reached a high of 11.10 VND, a low of 11.00 VND, and closed the hour at 11.00 VND with a trading volume of 2,100 shares."
2025-07-14 11:00:00,11.5,11.5,11.5,11.5,100,PCT,"At 2025-07-14 11:00:00, the stock PCT opened at 11.50 VND, reached a high of 11.50 VND, a low of 11.50 VND, and closed the hour at 11.50 VND with a trading volume of 100 shares."
2025-07-14 13:00:00,11.5,11.5,11.5,11.5,200,PCT,"At 2025-07-14 13:00:00, the stock PCT opened at 11.50 VND, reached a high of 11.50 VND, a low of 11.50 VND, and closed the hour at 11.50 VND with a trading volume of 200 shares."
2025-07-16 09:00:00,11.4,11.4,11.0,11.0,8000,PCT,"At 2025-07-16 09:00:00, the stock PCT opened at 11.40 VND, reached a high of 11.40 VND, a low of 11.00 VND, and closed the hour at 11.00 VND with a trading volume of 8,000 shares."
2025-07-16 10:00:00,11.5,11.5,11.4,11.4,2100,PCT,"At 2025-07-16 10:00:00, the stock PCT opened at 11.50 VND, reached a high of 11.50 VND, a low of 11.40 VND, and closed the hour at 11.40 VND with a trading volume of 2,100 shares."
2025-07-16 13:00:00,11.2,11.2,11.1,11.1,700,PCT,"At 2025-07-16 13:00:00, the stock PCT opened at 11.20 VND, reached a high of 11.20 VND, a low of 11.10 VND, and closed the hour at 11.10 VND with a trading volume of 700 shares."
2025-07-16 14:00:00,11.5,11.5,11.5,11.5,100,PCT,"At 2025-07-16 14:00:00, the stock PCT opened at 11.50 VND, reached a high of 11.50 VND, a low of 11.50 VND, and closed the hour at 11.50 VND with a trading volume of 100 shares."
2025-07-17 09:00:00,11.4,11.4,11.3,11.3,1900,PCT,"At 2025-07-17 09:00:00, the stock PCT opened at 11.40 VND, reached a high of 11.40 VND, a low of 11.30 VND, and closed the hour at 11.30 VND with a trading volume of 1,900 shares."
2025-07-17 10:00:00,11.4,11.4,11.4,11.4,3500,PCT,"At 2025-07-17 10:00:00, the stock PCT opened at 11.40 VND, reached a high of 11.40 VND, a low of 11.40 VND, and closed the hour at 11.40 VND with a trading volume of 3,500 shares."
2025-07-17 11:00:00,11.5,11.5,11.5,11.5,100,PCT,"At 2025-07-17 11:00:00, the stock PCT opened at 11.50 VND, reached a high of 11.50 VND, a low of 11.50 VND, and closed the hour at 11.50 VND with a trading volume of 100 shares."
2025-07-18 13:00:00,11.4,11.4,11.3,11.3,1300,PCT,"At 2025-07-18 13:00:00, the stock PCT opened at 11.40 VND, reached a high of 11.40 VND, a low of 11.30 VND, and closed the hour at 11.30 VND with a trading volume of 1,300 shares."
2025-07-18 14:00:00,11.3,11.3,11.3,11.3,900,PCT,"At 2025-07-18 14:00:00, the stock PCT opened at 11.30 VND, reached a high of 11.30 VND, a low of 11.30 VND, and closed the hour at 11.30 VND with a trading volume of 900 shares."
2025-07-21 09:00:00,11.3,11.3,11.0,11.0,2200,PCT,"At 2025-07-21 09:00:00, the stock PCT opened at 11.30 VND, reached a high of 11.30 VND, a low of 11.00 VND, and closed the hour at 11.00 VND with a trading volume of 2,200 shares."
2025-07-21 10:00:00,11.3,11.3,11.3,11.3,2000,PCT,"At 2025-07-21 10:00:00, the stock PCT opened at 11.30 VND, reached a high of 11.30 VND, a low of 11.30 VND, and closed the hour at 11.30 VND with a trading volume of 2,000 shares."
2025-07-21 14:00:00,11.3,11.3,11.3,11.3,1000,PCT,"At 2025-07-21 14:00:00, the stock PCT opened at 11.30 VND, reached a high of 11.30 VND, a low of 11.30 VND, and closed the hour at 11.30 VND with a trading volume of 1,000 shares."
2025-07-22 11:00:00,11.3,11.3,11.3,11.3,1000,PCT,"At 2025-07-22 11:00:00, the stock PCT opened at 11.30 VND, reached a high of 11.30 VND, a low of 11.30 VND, and closed the hour at 11.30 VND with a trading volume of 1,000 shares."
2025-07-22 14:00:00,11.3,11.3,11.3,11.3,1400,PCT,"At 2025-07-22 14:00:00, the stock PCT opened at 11.30 VND, reached a high of 11.30 VND, a low of 11.30 VND, and closed the hour at 11.30 VND with a trading volume of 1,400 shares."
2025-07-23 10:00:00,11.3,11.3,11.3,11.3,1000,PCT,"At 2025-07-23 10:00:00, the stock PCT opened at 11.30 VND, reached a high of 11.30 VND, a low of 11.30 VND, and closed the hour at 11.30 VND with a trading volume of 1,000 shares."
2025-07-23 11:00:00,11.1,11.2,11.0,11.2,3000,PCT,"At 2025-07-23 11:00:00, the stock PCT opened at 11.10 VND, reached a high of 11.20 VND, a low of 11.00 VND, and closed the hour at 11.20 VND with a trading volume of 3,000 shares."
2025-07-23 14:00:00,11.1,11.1,11.1,11.1,700,PCT,"At 2025-07-23 14:00:00, the stock PCT opened at 11.10 VND, reached a high of 11.10 VND, a low of 11.10 VND, and closed the hour at 11.10 VND with a trading volume of 700 shares."
2025-07-24 09:00:00,11.2,11.2,11.2,11.2,1100,PCT,"At 2025-07-24 09:00:00, the stock PCT opened at 11.20 VND, reached a high of 11.20 VND, a low of 11.20 VND, and closed the hour at 11.20 VND with a trading volume of 1,100 shares."
2025-07-24 10:00:00,11.2,11.2,11.2,11.2,100,PCT,"At 2025-07-24 10:00:00, the stock PCT opened at 11.20 VND, reached a high of 11.20 VND, a low of 11.20 VND, and closed the hour at 11.20 VND with a trading volume of 100 shares."
2025-07-24 13:00:00,11.2,11.2,11.2,11.2,300,PCT,"At 2025-07-24 13:00:00, the stock PCT opened at 11.20 VND, reached a high of 11.20 VND, a low of 11.20 VND, and closed the hour at 11.20 VND with a trading volume of 300 shares."
2025-07-24 14:00:00,11.3,11.3,11.3,11.3,2900,PCT,"At 2025-07-24 14:00:00, the stock PCT opened at 11.30 VND, reached a high of 11.30 VND, a low of 11.30 VND, and closed the hour at 11.30 VND with a trading volume of 2,900 shares."
2025-07-25 14:00:00,11.2,11.3,11.2,11.3,2700,PCT,"At 2025-07-25 14:00:00, the stock PCT opened at 11.20 VND, reached a high of 11.30 VND, a low of 11.20 VND, and closed the hour at 11.30 VND with a trading volume of 2,700 shares."
2025-07-28 09:00:00,11.2,11.2,11.2,11.2,500,PCT,"At 2025-07-28 09:00:00, the stock PCT opened at 11.20 VND, reached a high of 11.20 VND, a low of 11.20 VND, and closed the hour at 11.20 VND with a trading volume of 500 shares."
2025-07-28 10:00:00,11.3,11.3,11.3,11.3,5000,PCT,"At 2025-07-28 10:00:00, the stock PCT opened at 11.30 VND, reached a high of 11.30 VND, a low of 11.30 VND, and closed the hour at 11.30 VND with a trading volume of 5,000 shares."
2025-07-28 13:00:00,11.3,11.3,11.2,11.2,1300,PCT,"At 2025-07-28 13:00:00, the stock PCT opened at 11.30 VND, reached a high of 11.30 VND, a low of 11.20 VND, and closed the hour at 11.20 VND with a trading volume of 1,300 shares."
2025-07-28 14:00:00,11.3,11.4,11.3,11.4,2100,PCT,"At 2025-07-28 14:00:00, the stock PCT opened at 11.30 VND, reached a high of 11.40 VND, a low of 11.30 VND, and closed the hour at 11.40 VND with a trading volume of 2,100 shares."
2025-07-29 11:00:00,11.2,11.2,11.2,11.2,100,PCT,"At 2025-07-29 11:00:00, the stock PCT opened at 11.20 VND, reached a high of 11.20 VND, a low of 11.20 VND, and closed the hour at 11.20 VND with a trading volume of 100 shares."
2025-07-29 13:00:00,11.2,11.2,11.2,11.2,100,PCT,"At 2025-07-29 13:00:00, the stock PCT opened at 11.20 VND, reached a high of 11.20 VND, a low of 11.20 VND, and closed the hour at 11.20 VND with a trading volume of 100 shares."
2025-07-29 14:00:00,11.2,11.3,11.2,11.3,21000,PCT,"At 2025-07-29 14:00:00, the stock PCT opened at 11.20 VND, reached a high of 11.30 VND, a low of 11.20 VND, and closed the hour at 11.30 VND with a trading volume of 21,000 shares."
2025-07-30 14:00:00,11.3,11.3,11.3,11.3,1000,PCT,"At 2025-07-30 14:00:00, the stock PCT opened at 11.30 VND, reached a high of 11.30 VND, a low of 11.30 VND, and closed the hour at 11.30 VND with a trading volume of 1,000 shares."
2025-07-31 13:00:00,11.2,11.2,11.2,11.2,1000,PCT,"At 2025-07-31 13:00:00, the stock PCT opened at 11.20 VND, reached a high of 11.20 VND, a low of 11.20 VND, and closed the hour at 11.20 VND with a trading volume of 1,000 shares."
2025-07-31 14:00:00,11.1,11.3,11.0,11.3,2800,PCT,"At 2025-07-31 14:00:00, the stock PCT opened at 11.10 VND, reached a high of 11.30 VND, a low of 11.00 VND, and closed the hour at 11.30 VND with a trading volume of 2,800 shares."
2025-08-05 09:00:00,10.8,10.8,10.8,10.8,300,PCT,"At 2025-08-05 09:00:00, the stock PCT opened at 10.80 VND, reached a high of 10.80 VND, a low of 10.80 VND, and closed the hour at 10.80 VND with a trading volume of 300 shares."
2025-08-05 11:00:00,11.0,11.0,11.0,11.0,1000,PCT,"At 2025-08-05 11:00:00, the stock PCT opened at 11.00 VND, reached a high of 11.00 VND, a low of 11.00 VND, and closed the hour at 11.00 VND with a trading volume of 1,000 shares."
2025-08-05 13:00:00,11.0,11.3,11.0,11.3,5200,PCT,"At 2025-08-05 13:00:00, the stock PCT opened at 11.00 VND, reached a high of 11.30 VND, a low of 11.00 VND, and closed the hour at 11.30 VND with a trading volume of 5,200 shares."
2025-08-05 14:00:00,11.2,11.2,11.2,11.2,500,PCT,"At 2025-08-05 14:00:00, the stock PCT opened at 11.20 VND, reached a high of 11.20 VND, a low of 11.20 VND, and closed the hour at 11.20 VND with a trading volume of 500 shares."
2025-08-07 13:00:00,10.9,11.2,10.9,11.2,1000,PCT,"At 2025-08-07 13:00:00, the stock PCT opened at 10.90 VND, reached a high of 11.20 VND, a low of 10.90 VND, and closed the hour at 11.20 VND with a trading volume of 1,000 shares."
2025-08-07 14:00:00,11.0,11.0,11.0,11.0,100,PCT,"At 2025-08-07 14:00:00, the stock PCT opened at 11.00 VND, reached a high of 11.00 VND, a low of 11.00 VND, and closed the hour at 11.00 VND with a trading volume of 100 shares."
2025-08-11 09:00:00,11.1,11.1,11.1,11.1,1000,PCT,"At 2025-08-11 09:00:00, the stock PCT opened at 11.10 VND, reached a high of 11.10 VND, a low of 11.10 VND, and closed the hour at 11.10 VND with a trading volume of 1,000 shares."
2025-08-11 10:00:00,11.1,11.1,11.1,11.1,17300,PCT,"At 2025-08-11 10:00:00, the stock PCT opened at 11.10 VND, reached a high of 11.10 VND, a low of 11.10 VND, and closed the hour at 11.10 VND with a trading volume of 17,300 shares."
2025-08-11 11:00:00,11.1,11.1,11.1,11.1,3100,PCT,"At 2025-08-11 11:00:00, the stock PCT opened at 11.10 VND, reached a high of 11.10 VND, a low of 11.10 VND, and closed the hour at 11.10 VND with a trading volume of 3,100 shares."
2025-08-11 13:00:00,11.1,11.1,11.1,11.1,300,PCT,"At 2025-08-11 13:00:00, the stock PCT opened at 11.10 VND, reached a high of 11.10 VND, a low of 11.10 VND, and closed the hour at 11.10 VND with a trading volume of 300 shares."
2025-08-11 14:00:00,11.0,11.0,11.0,11.0,500,PCT,"At 2025-08-11 14:00:00, the stock PCT opened at 11.00 VND, reached a high of 11.00 VND, a low of 11.00 VND, and closed the hour at 11.00 VND with a trading volume of 500 shares."
2025-08-12 11:00:00,11.2,11.2,11.2,11.2,100,PCT,"At 2025-08-12 11:00:00, the stock PCT opened at 11.20 VND, reached a high of 11.20 VND, a low of 11.20 VND, and closed the hour at 11.20 VND with a trading volume of 100 shares."
2025-08-12 13:00:00,11.1,11.1,11.0,11.0,1300,PCT,"At 2025-08-12 13:00:00, the stock PCT opened at 11.10 VND, reached a high of 11.10 VND, a low of 11.00 VND, and closed the hour at 11.00 VND with a trading volume of 1,300 shares."
2025-08-13 09:00:00,11.0,11.0,11.0,11.0,1200,PCT,"At 2025-08-13 09:00:00, the stock PCT opened at 11.00 VND, reached a high of 11.00 VND, a low of 11.00 VND, and closed the hour at 11.00 VND with a trading volume of 1,200 shares."
2025-08-13 13:00:00,10.9,10.9,10.9,10.9,2300,PCT,"At 2025-08-13 13:00:00, the stock PCT opened at 10.90 VND, reached a high of 10.90 VND, a low of 10.90 VND, and closed the hour at 10.90 VND with a trading volume of 2,300 shares."
2025-08-13 14:00:00,11.2,11.2,11.2,11.2,100,PCT,"At 2025-08-13 14:00:00, the stock PCT opened at 11.20 VND, reached a high of 11.20 VND, a low of 11.20 VND, and closed the hour at 11.20 VND with a trading volume of 100 shares."
2025-08-14 11:00:00,11.1,11.1,10.8,10.8,5000,PCT,"At 2025-08-14 11:00:00, the stock PCT opened at 11.10 VND, reached a high of 11.10 VND, a low of 10.80 VND, and closed the hour at 10.80 VND with a trading volume of 5,000 shares."
2025-08-14 13:00:00,10.8,10.8,10.6,10.6,3500,PCT,"At 2025-08-14 13:00:00, the stock PCT opened at 10.80 VND, reached a high of 10.80 VND, a low of 10.60 VND, and closed the hour at 10.60 VND with a trading volume of 3,500 shares."
2025-08-14 14:00:00,11.0,11.0,11.0,11.0,100,PCT,"At 2025-08-14 14:00:00, the stock PCT opened at 11.00 VND, reached a high of 11.00 VND, a low of 11.00 VND, and closed the hour at 11.00 VND with a trading volume of 100 shares."
2025-08-15 09:00:00,10.7,11.2,10.7,11.0,300,PCT,"At 2025-08-15 09:00:00, the stock PCT opened at 10.70 VND, reached a high of 11.20 VND, a low of 10.70 VND, and closed the hour at 11.00 VND with a trading volume of 300 shares."
2025-08-15 10:00:00,11.0,11.0,11.0,11.0,800,PCT,"At 2025-08-15 10:00:00, the stock PCT opened at 11.00 VND, reached a high of 11.00 VND, a low of 11.00 VND, and closed the hour at 11.00 VND with a trading volume of 800 shares."
2025-08-15 14:00:00,11.0,11.0,11.0,11.0,200,PCT,"At 2025-08-15 14:00:00, the stock PCT opened at 11.00 VND, reached a high of 11.00 VND, a low of 11.00 VND, and closed the hour at 11.00 VND with a trading volume of 200 shares."
2025-08-18 14:00:00,11.1,11.1,11.0,11.0,1400,PCT,"At 2025-08-18 14:00:00, the stock PCT opened at 11.10 VND, reached a high of 11.10 VND, a low of 11.00 VND, and closed the hour at 11.00 VND with a trading volume of 1,400 shares."
2025-08-19 09:00:00,10.8,10.8,10.8,10.8,300,PCT,"At 2025-08-19 09:00:00, the stock PCT opened at 10.80 VND, reached a high of 10.80 VND, a low of 10.80 VND, and closed the hour at 10.80 VND with a trading volume of 300 shares."
2025-08-19 10:00:00,11.0,11.0,11.0,11.0,1000,PCT,"At 2025-08-19 10:00:00, the stock PCT opened at 11.00 VND, reached a high of 11.00 VND, a low of 11.00 VND, and closed the hour at 11.00 VND with a trading volume of 1,000 shares."
2025-08-19 11:00:00,11.0,11.0,11.0,11.0,100,PCT,"At 2025-08-19 11:00:00, the stock PCT opened at 11.00 VND, reached a high of 11.00 VND, a low of 11.00 VND, and closed the hour at 11.00 VND with a trading volume of 100 shares."
2025-08-19 13:00:00,11.0,11.0,11.0,11.0,100,PCT,"At 2025-08-19 13:00:00, the stock PCT opened at 11.00 VND, reached a high of 11.00 VND, a low of 11.00 VND, and closed the hour at 11.00 VND with a trading volume of 100 shares."
2025-08-19 14:00:00,10.9,11.0,10.9,11.0,1100,PCT,"At 2025-08-19 14:00:00, the stock PCT opened at 10.90 VND, reached a high of 11.00 VND, a low of 10.90 VND, and closed the hour at 11.00 VND with a trading volume of 1,100 shares."
2025-08-20 13:00:00,10.7,10.7,10.7,10.7,300,PCT,"At 2025-08-20 13:00:00, the stock PCT opened at 10.70 VND, reached a high of 10.70 VND, a low of 10.70 VND, and closed the hour at 10.70 VND with a trading volume of 300 shares."
2025-08-20 14:00:00,11.0,11.0,11.0,11.0,100,PCT,"At 2025-08-20 14:00:00, the stock PCT opened at 11.00 VND, reached a high of 11.00 VND, a low of 11.00 VND, and closed the hour at 11.00 VND with a trading volume of 100 shares."
2025-08-22 14:00:00,11.0,11.0,11.0,11.0,100,PCT,"At 2025-08-22 14:00:00, the stock PCT opened at 11.00 VND, reached a high of 11.00 VND, a low of 11.00 VND, and closed the hour at 11.00 VND with a trading volume of 100 shares."
2025-08-27 13:00:00,11.0,11.0,11.0,11.0,700,PCT,"At 2025-08-27 13:00:00, the stock PCT opened at 11.00 VND, reached a high of 11.00 VND, a low of 11.00 VND, and closed the hour at 11.00 VND with a trading volume of 700 shares."
2025-08-27 14:00:00,10.9,11.0,10.8,11.0,8200,PCT,"At 2025-08-27 14:00:00, the stock PCT opened at 10.90 VND, reached a high of 11.00 VND, a low of 10.80 VND, and closed the hour at 11.00 VND with a trading volume of 8,200 shares."
2025-08-28 11:00:00,10.9,10.9,10.9,10.9,600,PCT,"At 2025-08-28 11:00:00, the stock PCT opened at 10.90 VND, reached a high of 10.90 VND, a low of 10.90 VND, and closed the hour at 10.90 VND with a trading volume of 600 shares."
2025-08-28 14:00:00,11.0,11.0,11.0,11.0,100,PCT,"At 2025-08-28 14:00:00, the stock PCT opened at 11.00 VND, reached a high of 11.00 VND, a low of 11.00 VND, and closed the hour at 11.00 VND with a trading volume of 100 shares."
2025-08-29 13:00:00,10.6,11.0,10.6,11.0,800,PCT,"At 2025-08-29 13:00:00, the stock PCT opened at 10.60 VND, reached a high of 11.00 VND, a low of 10.60 VND, and closed the hour at 11.00 VND with a trading volume of 800 shares."
2025-08-29 14:00:00,11.0,11.0,11.0,11.0,4000,PCT,"At 2025-08-29 14:00:00, the stock PCT opened at 11.00 VND, reached a high of 11.00 VND, a low of 11.00 VND, and closed the hour at 11.00 VND with a trading volume of 4,000 shares."
2025-09-03 14:00:00,10.9,10.9,10.9,10.9,5000,PCT,"At 2025-09-03 14:00:00, the stock PCT opened at 10.90 VND, reached a high of 10.90 VND, a low of 10.90 VND, and closed the hour at 10.90 VND with a trading volume of 5,000 shares."
2025-09-04 09:00:00,10.1,10.9,10.0,10.9,7300,PCT,"At 2025-09-04 09:00:00, the stock PCT opened at 10.10 VND, reached a high of 10.90 VND, a low of 10.00 VND, and closed the hour at 10.90 VND with a trading volume of 7,300 shares."
2025-09-04 10:00:00,10.4,10.9,10.3,10.9,3700,PCT,"At 2025-09-04 10:00:00, the stock PCT opened at 10.40 VND, reached a high of 10.90 VND, a low of 10.30 VND, and closed the hour at 10.90 VND with a trading volume of 3,700 shares."
2025-09-04 11:00:00,10.9,10.9,10.9,10.9,1000,PCT,"At 2025-09-04 11:00:00, the stock PCT opened at 10.90 VND, reached a high of 10.90 VND, a low of 10.90 VND, and closed the hour at 10.90 VND with a trading volume of 1,000 shares."
2025-09-04 13:00:00,10.8,10.8,10.8,10.8,2000,PCT,"At 2025-09-04 13:00:00, the stock PCT opened at 10.80 VND, reached a high of 10.80 VND, a low of 10.80 VND, and closed the hour at 10.80 VND with a trading volume of 2,000 shares."
2025-09-04 14:00:00,11.0,11.0,11.0,11.0,100,PCT,"At 2025-09-04 14:00:00, the stock PCT opened at 11.00 VND, reached a high of 11.00 VND, a low of 11.00 VND, and closed the hour at 11.00 VND with a trading volume of 100 shares."
2025-09-05 09:00:00,11.0,11.0,11.0,11.0,900,PCT,"At 2025-09-05 09:00:00, the stock PCT opened at 11.00 VND, reached a high of 11.00 VND, a low of 11.00 VND, and closed the hour at 11.00 VND with a trading volume of 900 shares."
2025-09-05 14:00:00,10.6,10.6,10.6,10.6,10000,PCT,"At 2025-09-05 14:00:00, the stock PCT opened at 10.60 VND, reached a high of 10.60 VND, a low of 10.60 VND, and closed the hour at 10.60 VND with a trading volume of 10,000 shares."
2025-09-08 10:00:00,10.6,10.6,10.6,10.6,1100,PCT,"At 2025-09-08 10:00:00, the stock PCT opened at 10.60 VND, reached a high of 10.60 VND, a low of 10.60 VND, and closed the hour at 10.60 VND with a trading volume of 1,100 shares."
2025-09-08 14:00:00,10.4,11.0,10.4,11.0,600,PCT,"At 2025-09-08 14:00:00, the stock PCT opened at 10.40 VND, reached a high of 11.00 VND, a low of 10.40 VND, and closed the hour at 11.00 VND with a trading volume of 600 shares."
2025-09-10 14:00:00,10.8,10.8,10.6,10.8,16900,PCT,"At 2025-09-10 14:00:00, the stock PCT opened at 10.80 VND, reached a high of 10.80 VND, a low of 10.60 VND, and closed the hour at 10.80 VND with a trading volume of 16,900 shares."
2025-09-11 13:00:00,10.5,10.6,10.4,10.6,21900,PCT,"At 2025-09-11 13:00:00, the stock PCT opened at 10.50 VND, reached a high of 10.60 VND, a low of 10.40 VND, and closed the hour at 10.60 VND with a trading volume of 21,900 shares."
2025-09-11 14:00:00,10.5,10.6,10.4,10.6,16800,PCT,"At 2025-09-11 14:00:00, the stock PCT opened at 10.50 VND, reached a high of 10.60 VND, a low of 10.40 VND, and closed the hour at 10.60 VND with a trading volume of 16,800 shares."
2025-09-12 13:00:00,10.5,10.7,10.5,10.7,10100,PCT,"At 2025-09-12 13:00:00, the stock PCT opened at 10.50 VND, reached a high of 10.70 VND, a low of 10.50 VND, and closed the hour at 10.70 VND with a trading volume of 10,100 shares."
2025-09-15 10:00:00,10.5,10.5,10.5,10.5,200,PCT,"At 2025-09-15 10:00:00, the stock PCT opened at 10.50 VND, reached a high of 10.50 VND, a low of 10.50 VND, and closed the hour at 10.50 VND with a trading volume of 200 shares."
2025-09-15 13:00:00,10.5,10.6,10.5,10.6,5400,PCT,"At 2025-09-15 13:00:00, the stock PCT opened at 10.50 VND, reached a high of 10.60 VND, a low of 10.50 VND, and closed the hour at 10.60 VND with a trading volume of 5,400 shares."
2025-09-16 13:00:00,10.6,10.6,10.5,10.6,21600,PCT,"At 2025-09-16 13:00:00, the stock PCT opened at 10.60 VND, reached a high of 10.60 VND, a low of 10.50 VND, and closed the hour at 10.60 VND with a trading volume of 21,600 shares."
2025-09-17 14:00:00,10.6,10.6,10.6,10.6,15000,PCT,"At 2025-09-17 14:00:00, the stock PCT opened at 10.60 VND, reached a high of 10.60 VND, a low of 10.60 VND, and closed the hour at 10.60 VND with a trading volume of 15,000 shares."
2025-09-18 09:00:00,10.6,10.6,10.6,10.6,1000,PCT,"At 2025-09-18 09:00:00, the stock PCT opened at 10.60 VND, reached a high of 10.60 VND, a low of 10.60 VND, and closed the hour at 10.60 VND with a trading volume of 1,000 shares."
2025-09-19 14:00:00,10.4,10.6,10.4,10.6,14100,PCT,"At 2025-09-19 14:00:00, the stock PCT opened at 10.40 VND, reached a high of 10.60 VND, a low of 10.40 VND, and closed the hour at 10.60 VND with a trading volume of 14,100 shares."
2025-09-22 13:00:00,10.4,10.4,10.4,10.4,5000,PCT,"At 2025-09-22 13:00:00, the stock PCT opened at 10.40 VND, reached a high of 10.40 VND, a low of 10.40 VND, and closed the hour at 10.40 VND with a trading volume of 5,000 shares."
2025-09-22 14:00:00,10.4,10.4,10.3,10.3,15000,PCT,"At 2025-09-22 14:00:00, the stock PCT opened at 10.40 VND, reached a high of 10.40 VND, a low of 10.30 VND, and closed the hour at 10.30 VND with a trading volume of 15,000 shares."
2025-09-23 09:00:00,10.4,10.4,10.4,10.4,600,PCT,"At 2025-09-23 09:00:00, the stock PCT opened at 10.40 VND, reached a high of 10.40 VND, a low of 10.40 VND, and closed the hour at 10.40 VND with a trading volume of 600 shares."
2025-09-23 14:00:00,10.3,10.6,10.1,10.6,8100,PCT,"At 2025-09-23 14:00:00, the stock PCT opened at 10.30 VND, reached a high of 10.60 VND, a low of 10.10 VND, and closed the hour at 10.60 VND with a trading volume of 8,100 shares."
2025-09-24 13:00:00,10.4,10.4,10.4,10.4,5000,PCT,"At 2025-09-24 13:00:00, the stock PCT opened at 10.40 VND, reached a high of 10.40 VND, a low of 10.40 VND, and closed the hour at 10.40 VND with a trading volume of 5,000 shares."
2025-09-24 14:00:00,10.3,10.5,10.3,10.5,3100,PCT,"At 2025-09-24 14:00:00, the stock PCT opened at 10.30 VND, reached a high of 10.50 VND, a low of 10.30 VND, and closed the hour at 10.50 VND with a trading volume of 3,100 shares."
2025-09-25 09:00:00,10.4,10.4,10.4,10.4,200,PCT,"At 2025-09-25 09:00:00, the stock PCT opened at 10.40 VND, reached a high of 10.40 VND, a low of 10.40 VND, and closed the hour at 10.40 VND with a trading volume of 200 shares."
2025-09-25 13:00:00,10.5,10.5,10.5,10.5,8600,PCT,"At 2025-09-25 13:00:00, the stock PCT opened at 10.50 VND, reached a high of 10.50 VND, a low of 10.50 VND, and closed the hour at 10.50 VND with a trading volume of 8,600 shares."
2025-09-26 13:00:00,10.5,10.5,10.4,10.4,14000,PCT,"At 2025-09-26 13:00:00, the stock PCT opened at 10.50 VND, reached a high of 10.50 VND, a low of 10.40 VND, and closed the hour at 10.40 VND with a trading volume of 14,000 shares."
2025-09-26 14:00:00,10.5,10.5,10.4,10.4,15500,PCT,"At 2025-09-26 14:00:00, the stock PCT opened at 10.50 VND, reached a high of 10.50 VND, a low of 10.40 VND, and closed the hour at 10.40 VND with a trading volume of 15,500 shares."
2025-09-29 13:00:00,10.2,10.2,10.2,10.2,10000,PCT,"At 2025-09-29 13:00:00, the stock PCT opened at 10.20 VND, reached a high of 10.20 VND, a low of 10.20 VND, and closed the hour at 10.20 VND with a trading volume of 10,000 shares."
2025-09-29 14:00:00,10.3,10.5,10.3,10.5,5100,PCT,"At 2025-09-29 14:00:00, the stock PCT opened at 10.30 VND, reached a high of 10.50 VND, a low of 10.30 VND, and closed the hour at 10.50 VND with a trading volume of 5,100 shares."
2025-09-30 11:00:00,10.0,10.5,10.0,10.5,1600,PCT,"At 2025-09-30 11:00:00, the stock PCT opened at 10.00 VND, reached a high of 10.50 VND, a low of 10.00 VND, and closed the hour at 10.50 VND with a trading volume of 1,600 shares."
2025-09-30 14:00:00,10.3,10.3,10.1,10.2,20500,PCT,"At 2025-09-30 14:00:00, the stock PCT opened at 10.30 VND, reached a high of 10.30 VND, a low of 10.10 VND, and closed the hour at 10.20 VND with a trading volume of 20,500 shares."
2025-10-01 13:00:00,10.2,10.2,10.2,10.2,500,PCT,"At 2025-10-01 13:00:00, the stock PCT opened at 10.20 VND, reached a high of 10.20 VND, a low of 10.20 VND, and closed the hour at 10.20 VND with a trading volume of 500 shares."
2025-10-01 14:00:00,10.5,10.5,10.5,10.5,5000,PCT,"At 2025-10-01 14:00:00, the stock PCT opened at 10.50 VND, reached a high of 10.50 VND, a low of 10.50 VND, and closed the hour at 10.50 VND with a trading volume of 5,000 shares."
2025-10-02 11:00:00,10.5,10.5,10.5,10.5,500,PCT,"At 2025-10-02 11:00:00, the stock PCT opened at 10.50 VND, reached a high of 10.50 VND, a low of 10.50 VND, and closed the hour at 10.50 VND with a trading volume of 500 shares."
2025-10-02 14:00:00,10.5,10.5,10.5,10.5,5000,PCT,"At 2025-10-02 14:00:00, the stock PCT opened at 10.50 VND, reached a high of 10.50 VND, a low of 10.50 VND, and closed the hour at 10.50 VND with a trading volume of 5,000 shares."
2025-10-03 13:00:00,10.3,10.3,10.3,10.3,8000,PCT,"At 2025-10-03 13:00:00, the stock PCT opened at 10.30 VND, reached a high of 10.30 VND, a low of 10.30 VND, and closed the hour at 10.30 VND with a trading volume of 8,000 shares."
2025-10-03 14:00:00,10.3,10.6,10.3,10.6,600,PCT,"At 2025-10-03 14:00:00, the stock PCT opened at 10.30 VND, reached a high of 10.60 VND, a low of 10.30 VND, and closed the hour at 10.60 VND with a trading volume of 600 shares."
2025-10-06 14:00:00,10.3,10.3,10.3,10.3,11000,PCT,"At 2025-10-06 14:00:00, the stock PCT opened at 10.30 VND, reached a high of 10.30 VND, a low of 10.30 VND, and closed the hour at 10.30 VND with a trading volume of 11,000 shares."
2025-10-07 14:00:00,10.3,10.6,10.2,10.6,8100,PCT,"At 2025-10-07 14:00:00, the stock PCT opened at 10.30 VND, reached a high of 10.60 VND, a low of 10.20 VND, and closed the hour at 10.60 VND with a trading volume of 8,100 shares."
2025-10-08 09:00:00,10.6,10.6,10.6,10.6,100,PCT,"At 2025-10-08 09:00:00, the stock PCT opened at 10.60 VND, reached a high of 10.60 VND, a low of 10.60 VND, and closed the hour at 10.60 VND with a trading volume of 100 shares."
2025-10-08 10:00:00,10.0,10.0,10.0,10.0,3700,PCT,"At 2025-10-08 10:00:00, the stock PCT opened at 10.00 VND, reached a high of 10.00 VND, a low of 10.00 VND, and closed the hour at 10.00 VND with a trading volume of 3,700 shares."
2025-10-08 11:00:00,10.0,10.6,10.0,10.6,600,PCT,"At 2025-10-08 11:00:00, the stock PCT opened at 10.00 VND, reached a high of 10.60 VND, a low of 10.00 VND, and closed the hour at 10.60 VND with a trading volume of 600 shares."
2025-10-08 13:00:00,10.0,10.2,10.0,10.2,6500,PCT,"At 2025-10-08 13:00:00, the stock PCT opened at 10.00 VND, reached a high of 10.20 VND, a low of 10.00 VND, and closed the hour at 10.20 VND with a trading volume of 6,500 shares."
2025-10-08 14:00:00,10.1,10.6,10.1,10.6,7100,PCT,"At 2025-10-08 14:00:00, the stock PCT opened at 10.10 VND, reached a high of 10.60 VND, a low of 10.10 VND, and closed the hour at 10.60 VND with a trading volume of 7,100 shares."
2025-10-09 13:00:00,10.4,10.4,10.3,10.3,12100,PCT,"At 2025-10-09 13:00:00, the stock PCT opened at 10.40 VND, reached a high of 10.40 VND, a low of 10.30 VND, and closed the hour at 10.30 VND with a trading volume of 12,100 shares."
2025-10-09 14:00:00,10.4,10.4,10.4,10.4,100,PCT,"At 2025-10-09 14:00:00, the stock PCT opened at 10.40 VND, reached a high of 10.40 VND, a low of 10.40 VND, and closed the hour at 10.40 VND with a trading volume of 100 shares."
2025-10-10 13:00:00,10.2,10.2,10.2,10.2,6000,PCT,"At 2025-10-10 13:00:00, the stock PCT opened at 10.20 VND, reached a high of 10.20 VND, a low of 10.20 VND, and closed the hour at 10.20 VND with a trading volume of 6,000 shares."
2025-10-10 14:00:00,10.4,10.4,10.4,10.4,100,PCT,"At 2025-10-10 14:00:00, the stock PCT opened at 10.40 VND, reached a high of 10.40 VND, a low of 10.40 VND, and closed the hour at 10.40 VND with a trading volume of 100 shares."
2025-10-13 09:00:00,10.4,10.4,10.4,10.4,100,PCT,"At 2025-10-13 09:00:00, the stock PCT opened at 10.40 VND, reached a high of 10.40 VND, a low of 10.40 VND, and closed the hour at 10.40 VND with a trading volume of 100 shares."
2025-10-13 11:00:00,10.4,10.4,10.4,10.4,500,PCT,"At 2025-10-13 11:00:00, the stock PCT opened at 10.40 VND, reached a high of 10.40 VND, a low of 10.40 VND, and closed the hour at 10.40 VND with a trading volume of 500 shares."
2025-10-13 13:00:00,10.3,10.3,10.3,10.3,5000,PCT,"At 2025-10-13 13:00:00, the stock PCT opened at 10.30 VND, reached a high of 10.30 VND, a low of 10.30 VND, and closed the hour at 10.30 VND with a trading volume of 5,000 shares."
2025-10-13 14:00:00,10.2,10.2,10.2,10.2,2000,PCT,"At 2025-10-13 14:00:00, the stock PCT opened at 10.20 VND, reached a high of 10.20 VND, a low of 10.20 VND, and closed the hour at 10.20 VND with a trading volume of 2,000 shares."
2025-10-14 14:00:00,10.1,10.1,10.1,10.1,5000,PCT,"At 2025-10-14 14:00:00, the stock PCT opened at 10.10 VND, reached a high of 10.10 VND, a low of 10.10 VND, and closed the hour at 10.10 VND with a trading volume of 5,000 shares."
2025-10-15 09:00:00,10.0,10.0,10.0,10.0,700,PCT,"At 2025-10-15 09:00:00, the stock PCT opened at 10.00 VND, reached a high of 10.00 VND, a low of 10.00 VND, and closed the hour at 10.00 VND with a trading volume of 700 shares."
2025-10-15 14:00:00,10.1,10.1,10.1,10.1,100,PCT,"At 2025-10-15 14:00:00, the stock PCT opened at 10.10 VND, reached a high of 10.10 VND, a low of 10.10 VND, and closed the hour at 10.10 VND with a trading volume of 100 shares."
2025-10-16 13:00:00,10.1,10.1,10.1,10.1,200,PCT,"At 2025-10-16 13:00:00, the stock PCT opened at 10.10 VND, reached a high of 10.10 VND, a low of 10.10 VND, and closed the hour at 10.10 VND with a trading volume of 200 shares."
2025-10-16 14:00:00,9.8,10.1,9.8,10.1,200,PCT,"At 2025-10-16 14:00:00, the stock PCT opened at 9.80 VND, reached a high of 10.10 VND, a low of 9.80 VND, and closed the hour at 10.10 VND with a trading volume of 200 shares."
2025-10-17 11:00:00,9.9,9.9,9.9,9.9,5100,PCT,"At 2025-10-17 11:00:00, the stock PCT opened at 9.90 VND, reached a high of 9.90 VND, a low of 9.90 VND, and closed the hour at 9.90 VND with a trading volume of 5,100 shares."
2025-10-17 13:00:00,9.9,9.9,9.9,9.9,1000,PCT,"At 2025-10-17 13:00:00, the stock PCT opened at 9.90 VND, reached a high of 9.90 VND, a low of 9.90 VND, and closed the hour at 9.90 VND with a trading volume of 1,000 shares."
2025-10-17 14:00:00,9.9,9.9,9.9,9.9,700,PCT,"At 2025-10-17 14:00:00, the stock PCT opened at 9.90 VND, reached a high of 9.90 VND, a low of 9.90 VND, and closed the hour at 9.90 VND with a trading volume of 700 shares."
2025-10-20 13:00:00,10.5,10.5,10.5,10.5,20000,PCT,"At 2025-10-20 13:00:00, the stock PCT opened at 10.50 VND, reached a high of 10.50 VND, a low of 10.50 VND, and closed the hour at 10.50 VND with a trading volume of 20,000 shares."
2025-10-21 13:00:00,10.2,10.2,10.2,10.2,8000,PCT,"At 2025-10-21 13:00:00, the stock PCT opened at 10.20 VND, reached a high of 10.20 VND, a low of 10.20 VND, and closed the hour at 10.20 VND with a trading volume of 8,000 shares."
2025-10-22 11:00:00,10.0,10.0,10.0,10.0,8400,PCT,"At 2025-10-22 11:00:00, the stock PCT opened at 10.00 VND, reached a high of 10.00 VND, a low of 10.00 VND, and closed the hour at 10.00 VND with a trading volume of 8,400 shares."
2025-10-22 13:00:00,10.0,10.0,10.0,10.0,2600,PCT,"At 2025-10-22 13:00:00, the stock PCT opened at 10.00 VND, reached a high of 10.00 VND, a low of 10.00 VND, and closed the hour at 10.00 VND with a trading volume of 2,600 shares."
2025-10-22 14:00:00,10.0,10.0,10.0,10.0,900,PCT,"At 2025-10-22 14:00:00, the stock PCT opened at 10.00 VND, reached a high of 10.00 VND, a low of 10.00 VND, and closed the hour at 10.00 VND with a trading volume of 900 shares."
2025-10-23 14:00:00,10.0,10.0,10.0,10.0,200,PCT,"At 2025-10-23 14:00:00, the stock PCT opened at 10.00 VND, reached a high of 10.00 VND, a low of 10.00 VND, and closed the hour at 10.00 VND with a trading volume of 200 shares."
2025-10-27 14:00:00,10.0,10.0,10.0,10.0,12900,PCT,"At 2025-10-27 14:00:00, the stock PCT opened at 10.00 VND, reached a high of 10.00 VND, a low of 10.00 VND, and closed the hour at 10.00 VND with a trading volume of 12,900 shares."
2025-10-29 09:00:00,10.0,10.0,10.0,10.0,300,PCT,"At 2025-10-29 09:00:00, the stock PCT opened at 10.00 VND, reached a high of 10.00 VND, a low of 10.00 VND, and closed the hour at 10.00 VND with a trading volume of 300 shares."
2025-10-31 14:00:00,9.8,9.8,9.8,9.8,14000,PCT,"At 2025-10-31 14:00:00, the stock PCT opened at 9.80 VND, reached a high of 9.80 VND, a low of 9.80 VND, and closed the hour at 9.80 VND with a trading volume of 14,000 shares."
2025-11-03 11:00:00,9.9,9.9,9.9,9.9,12600,PCT,"At 2025-11-03 11:00:00, the stock PCT opened at 9.90 VND, reached a high of 9.90 VND, a low of 9.90 VND, and closed the hour at 9.90 VND with a trading volume of 12,600 shares."
2025-11-03 14:00:00,9.9,9.9,9.9,9.9,100,PCT,"At 2025-11-03 14:00:00, the stock PCT opened at 9.90 VND, reached a high of 9.90 VND, a low of 9.90 VND, and closed the hour at 9.90 VND with a trading volume of 100 shares."
2025-11-04 14:00:00,9.8,9.8,9.8,9.8,7000,PCT,"At 2025-11-04 14:00:00, the stock PCT opened at 9.80 VND, reached a high of 9.80 VND, a low of 9.80 VND, and closed the hour at 9.80 VND with a trading volume of 7,000 shares."
2025-11-05 09:00:00,9.1,10.0,9.1,10.0,400,PCT,"At 2025-11-05 09:00:00, the stock PCT opened at 9.10 VND, reached a high of 10.00 VND, a low of 9.10 VND, and closed the hour at 10.00 VND with a trading volume of 400 shares."
2025-11-06 13:00:00,9.9,9.9,9.9,9.9,10600,PCT,"At 2025-11-06 13:00:00, the stock PCT opened at 9.90 VND, reached a high of 9.90 VND, a low of 9.90 VND, and closed the hour at 9.90 VND with a trading volume of 10,600 shares."
2025-11-06 14:00:00,9.8,9.8,9.8,9.8,600,PCT,"At 2025-11-06 14:00:00, the stock PCT opened at 9.80 VND, reached a high of 9.80 VND, a low of 9.80 VND, and closed the hour at 9.80 VND with a trading volume of 600 shares."
2025-11-07 14:00:00,8.9,8.9,8.9,8.9,25000,PCT,"At 2025-11-07 14:00:00, the stock PCT opened at 8.90 VND, reached a high of 8.90 VND, a low of 8.90 VND, and closed the hour at 8.90 VND with a trading volume of 25,000 shares."
2025-11-10 10:00:00,9.6,9.6,9.6,9.6,100,PCT,"At 2025-11-10 10:00:00, the stock PCT opened at 9.60 VND, reached a high of 9.60 VND, a low of 9.60 VND, and closed the hour at 9.60 VND with a trading volume of 100 shares."
2025-11-10 13:00:00,9.6,9.6,9.3,9.3,12400,PCT,"At 2025-11-10 13:00:00, the stock PCT opened at 9.60 VND, reached a high of 9.60 VND, a low of 9.30 VND, and closed the hour at 9.30 VND with a trading volume of 12,400 shares."
2025-11-10 14:00:00,9.7,9.7,9.7,9.7,100,PCT,"At 2025-11-10 14:00:00, the stock PCT opened at 9.70 VND, reached a high of 9.70 VND, a low of 9.70 VND, and closed the hour at 9.70 VND with a trading volume of 100 shares."
2025-11-11 13:00:00,10.0,10.0,10.0,10.0,12000,PCT,"At 2025-11-11 13:00:00, the stock PCT opened at 10.00 VND, reached a high of 10.00 VND, a low of 10.00 VND, and closed the hour at 10.00 VND with a trading volume of 12,000 shares."
2025-11-12 14:00:00,10.0,10.2,10.0,10.2,9800,PCT,"At 2025-11-12 14:00:00, the stock PCT opened at 10.00 VND, reached a high of 10.20 VND, a low of 10.00 VND, and closed the hour at 10.20 VND with a trading volume of 9,800 shares."
2025-11-13 09:00:00,9.5,9.5,9.3,9.5,9500,PCT,"At 2025-11-13 09:00:00, the stock PCT opened at 9.50 VND, reached a high of 9.50 VND, a low of 9.30 VND, and closed the hour at 9.50 VND with a trading volume of 9,500 shares."
2025-11-13 11:00:00,9.8,9.8,9.8,9.8,100,PCT,"At 2025-11-13 11:00:00, the stock PCT opened at 9.80 VND, reached a high of 9.80 VND, a low of 9.80 VND, and closed the hour at 9.80 VND with a trading volume of 100 shares."
2025-11-13 14:00:00,9.8,9.9,9.8,9.9,5900,PCT,"At 2025-11-13 14:00:00, the stock PCT opened at 9.80 VND, reached a high of 9.90 VND, a low of 9.80 VND, and closed the hour at 9.90 VND with a trading volume of 5,900 shares."
2025-11-14 14:00:00,9.5,9.5,9.5,9.5,1000,PCT,"At 2025-11-14 14:00:00, the stock PCT opened at 9.50 VND, reached a high of 9.50 VND, a low of 9.50 VND, and closed the hour at 9.50 VND with a trading volume of 1,000 shares."
2025-11-17 09:00:00,9.6,9.7,9.6,9.7,2000,PCT,"At 2025-11-17 09:00:00, the stock PCT opened at 9.60 VND, reached a high of 9.70 VND, a low of 9.60 VND, and closed the hour at 9.70 VND with a trading volume of 2,000 shares."
2025-11-17 14:00:00,9.8,10.4,9.8,10.4,27300,PCT,"At 2025-11-17 14:00:00, the stock PCT opened at 9.80 VND, reached a high of 10.40 VND, a low of 9.80 VND, and closed the hour at 10.40 VND with a trading volume of 27,300 shares."
2025-11-18 09:00:00,10.3,10.3,10.3,10.3,600,PCT,"At 2025-11-18 09:00:00, the stock PCT opened at 10.30 VND, reached a high of 10.30 VND, a low of 10.30 VND, and closed the hour at 10.30 VND with a trading volume of 600 shares."
2025-11-18 10:00:00,9.7,10.4,9.7,10.4,4400,PCT,"At 2025-11-18 10:00:00, the stock PCT opened at 9.70 VND, reached a high of 10.40 VND, a low of 9.70 VND, and closed the hour at 10.40 VND with a trading volume of 4,400 shares."
2025-11-18 13:00:00,10.3,10.3,10.3,10.3,500,PCT,"At 2025-11-18 13:00:00, the stock PCT opened at 10.30 VND, reached a high of 10.30 VND, a low of 10.30 VND, and closed the hour at 10.30 VND with a trading volume of 500 shares."
2025-11-19 09:00:00,10.1,10.1,10.1,10.1,1000,PCT,"At 2025-11-19 09:00:00, the stock PCT opened at 10.10 VND, reached a high of 10.10 VND, a low of 10.10 VND, and closed the hour at 10.10 VND with a trading volume of 1,000 shares."
2025-11-19 10:00:00,10.1,10.1,10.1,10.1,4200,PCT,"At 2025-11-19 10:00:00, the stock PCT opened at 10.10 VND, reached a high of 10.10 VND, a low of 10.10 VND, and closed the hour at 10.10 VND with a trading volume of 4,200 shares."
2025-11-19 13:00:00,10.1,10.1,10.1,10.1,16500,PCT,"At 2025-11-19 13:00:00, the stock PCT opened at 10.10 VND, reached a high of 10.10 VND, a low of 10.10 VND, and closed the hour at 10.10 VND with a trading volume of 16,500 shares."
2025-11-19 14:00:00,10.1,10.1,10.1,10.1,600,PCT,"At 2025-11-19 14:00:00, the stock PCT opened at 10.10 VND, reached a high of 10.10 VND, a low of 10.10 VND, and closed the hour at 10.10 VND with a trading volume of 600 shares."
2025-11-20 09:00:00,10.1,10.1,10.1,10.1,100,PCT,"At 2025-11-20 09:00:00, the stock PCT opened at 10.10 VND, reached a high of 10.10 VND, a low of 10.10 VND, and closed the hour at 10.10 VND with a trading volume of 100 shares."
2025-11-20 10:00:00,10.1,10.1,10.1,10.1,300,PCT,"At 2025-11-20 10:00:00, the stock PCT opened at 10.10 VND, reached a high of 10.10 VND, a low of 10.10 VND, and closed the hour at 10.10 VND with a trading volume of 300 shares."
2025-11-20 14:00:00,10.2,10.4,10.2,10.4,4800,PCT,"At 2025-11-20 14:00:00, the stock PCT opened at 10.20 VND, reached a high of 10.40 VND, a low of 10.20 VND, and closed the hour at 10.40 VND with a trading volume of 4,800 shares."
2025-11-21 14:00:00,10.4,10.6,10.4,10.6,2100,PCT,"At 2025-11-21 14:00:00, the stock PCT opened at 10.40 VND, reached a high of 10.60 VND, a low of 10.40 VND, and closed the hour at 10.60 VND with a trading volume of 2,100 shares."
2025-11-24 13:00:00,10.6,10.6,10.6,10.6,1800,PCT,"At 2025-11-24 13:00:00, the stock PCT opened at 10.60 VND, reached a high of 10.60 VND, a low of 10.60 VND, and closed the hour at 10.60 VND with a trading volume of 1,800 shares."
2025-11-25 09:00:00,10.9,10.9,10.9,10.9,100,PCT,"At 2025-11-25 09:00:00, the stock PCT opened at 10.90 VND, reached a high of 10.90 VND, a low of 10.90 VND, and closed the hour at 10.90 VND with a trading volume of 100 shares."
2025-11-26 09:00:00,10.9,10.9,10.9,10.9,500,PCT,"At 2025-11-26 09:00:00, the stock PCT opened at 10.90 VND, reached a high of 10.90 VND, a low of 10.90 VND, and closed the hour at 10.90 VND with a trading volume of 500 shares."
2025-11-27 13:00:00,10.7,10.7,10.7,10.7,10200,PCT,"At 2025-11-27 13:00:00, the stock PCT opened at 10.70 VND, reached a high of 10.70 VND, a low of 10.70 VND, and closed the hour at 10.70 VND with a trading volume of 10,200 shares."
2025-11-27 14:00:00,10.5,10.5,10.5,10.5,100,PCT,"At 2025-11-27 14:00:00, the stock PCT opened at 10.50 VND, reached a high of 10.50 VND, a low of 10.50 VND, and closed the hour at 10.50 VND with a trading volume of 100 shares."
2025-11-28 13:00:00,10.6,10.6,10.6,10.6,8000,PCT,"At 2025-11-28 13:00:00, the stock PCT opened at 10.60 VND, reached a high of 10.60 VND, a low of 10.60 VND, and closed the hour at 10.60 VND with a trading volume of 8,000 shares."
2025-12-01 09:00:00,10.8,10.8,10.7,10.7,2200,PCT,"At 2025-12-01 09:00:00, the stock PCT opened at 10.80 VND, reached a high of 10.80 VND, a low of 10.70 VND, and closed the hour at 10.70 VND with a trading volume of 2,200 shares."
2025-12-03 09:00:00,9.8,9.8,9.8,9.8,1900,PCT,"At 2025-12-03 09:00:00, the stock PCT opened at 9.80 VND, reached a high of 9.80 VND, a low of 9.80 VND, and closed the hour at 9.80 VND with a trading volume of 1,900 shares."
2025-12-03 11:00:00,10.7,10.7,10.7,10.7,100,PCT,"At 2025-12-03 11:00:00, the stock PCT opened at 10.70 VND, reached a high of 10.70 VND, a low of 10.70 VND, and closed the hour at 10.70 VND with a trading volume of 100 shares."
2025-12-03 13:00:00,10.6,10.6,10.6,10.6,11500,PCT,"At 2025-12-03 13:00:00, the stock PCT opened at 10.60 VND, reached a high of 10.60 VND, a low of 10.60 VND, and closed the hour at 10.60 VND with a trading volume of 11,500 shares."
2025-12-05 13:00:00,10.1,10.1,10.0,10.0,6200,PCT,"At 2025-12-05 13:00:00, the stock PCT opened at 10.10 VND, reached a high of 10.10 VND, a low of 10.00 VND, and closed the hour at 10.00 VND with a trading volume of 6,200 shares."
2025-12-05 14:00:00,10.0,10.1,9.8,10.1,4100,PCT,"At 2025-12-05 14:00:00, the stock PCT opened at 10.00 VND, reached a high of 10.10 VND, a low of 9.80 VND, and closed the hour at 10.10 VND with a trading volume of 4,100 shares."
2025-12-08 09:00:00,10.0,10.0,10.0,10.0,1100,PCT,"At 2025-12-08 09:00:00, the stock PCT opened at 10.00 VND, reached a high of 10.00 VND, a low of 10.00 VND, and closed the hour at 10.00 VND with a trading volume of 1,100 shares."
2025-12-08 11:00:00,9.8,10.0,9.8,10.0,6100,PCT,"At 2025-12-08 11:00:00, the stock PCT opened at 9.80 VND, reached a high of 10.00 VND, a low of 9.80 VND, and closed the hour at 10.00 VND with a trading volume of 6,100 shares."
2025-12-08 13:00:00,9.9,9.9,9.8,9.8,10500,PCT,"At 2025-12-08 13:00:00, the stock PCT opened at 9.90 VND, reached a high of 9.90 VND, a low of 9.80 VND, and closed the hour at 9.80 VND with a trading volume of 10,500 shares."
2025-12-08 14:00:00,10.0,10.0,10.0,10.0,100,PCT,"At 2025-12-08 14:00:00, the stock PCT opened at 10.00 VND, reached a high of 10.00 VND, a low of 10.00 VND, and closed the hour at 10.00 VND with a trading volume of 100 shares."
2025-12-09 09:00:00,9.6,9.6,9.6,9.6,300,PCT,"At 2025-12-09 09:00:00, the stock PCT opened at 9.60 VND, reached a high of 9.60 VND, a low of 9.60 VND, and closed the hour at 9.60 VND with a trading volume of 300 shares."
2025-12-09 10:00:00,9.6,9.6,9.5,9.5,3000,PCT,"At 2025-12-09 10:00:00, the stock PCT opened at 9.60 VND, reached a high of 9.60 VND, a low of 9.50 VND, and closed the hour at 9.50 VND with a trading volume of 3,000 shares."
2025-12-09 13:00:00,9.7,9.9,9.6,9.9,500,PCT,"At 2025-12-09 13:00:00, the stock PCT opened at 9.70 VND, reached a high of 9.90 VND, a low of 9.60 VND, and closed the hour at 9.90 VND with a trading volume of 500 shares."
2025-12-09 14:00:00,9.9,9.9,9.9,9.9,1000,PCT,"At 2025-12-09 14:00:00, the stock PCT opened at 9.90 VND, reached a high of 9.90 VND, a low of 9.90 VND, and closed the hour at 9.90 VND with a trading volume of 1,000 shares."
2025-12-10 14:00:00,10.1,10.1,10.1,10.1,100,PCT,"At 2025-12-10 14:00:00, the stock PCT opened at 10.10 VND, reached a high of 10.10 VND, a low of 10.10 VND, and closed the hour at 10.10 VND with a trading volume of 100 shares."
2025-12-11 11:00:00,9.9,9.9,9.9,9.9,10600,PCT,"At 2025-12-11 11:00:00, the stock PCT opened at 9.90 VND, reached a high of 9.90 VND, a low of 9.90 VND, and closed the hour at 9.90 VND with a trading volume of 10,600 shares."
2025-12-12 13:00:00,10.4,10.4,10.4,10.4,100,PCT,"At 2025-12-12 13:00:00, the stock PCT opened at 10.40 VND, reached a high of 10.40 VND, a low of 10.40 VND, and closed the hour at 10.40 VND with a trading volume of 100 shares."
2025-12-15 13:00:00,9.5,9.5,9.4,9.4,10000,PCT,"At 2025-12-15 13:00:00, the stock PCT opened at 9.50 VND, reached a high of 9.50 VND, a low of 9.40 VND, and closed the hour at 9.40 VND with a trading volume of 10,000 shares."
2025-12-15 14:00:00,9.7,9.8,9.7,9.8,10300,PCT,"At 2025-12-15 14:00:00, the stock PCT opened at 9.70 VND, reached a high of 9.80 VND, a low of 9.70 VND, and closed the hour at 9.80 VND with a trading volume of 10,300 shares."
2025-12-16 09:00:00,9.7,9.7,9.7,9.7,200,PCT,"At 2025-12-16 09:00:00, the stock PCT opened at 9.70 VND, reached a high of 9.70 VND, a low of 9.70 VND, and closed the hour at 9.70 VND with a trading volume of 200 shares."
2025-12-16 13:00:00,9.5,9.5,9.4,9.4,500,PCT,"At 2025-12-16 13:00:00, the stock PCT opened at 9.50 VND, reached a high of 9.50 VND, a low of 9.40 VND, and closed the hour at 9.40 VND with a trading volume of 500 shares."
2025-12-16 14:00:00,9.8,9.8,9.8,9.8,100,PCT,"At 2025-12-16 14:00:00, the stock PCT opened at 9.80 VND, reached a high of 9.80 VND, a low of 9.80 VND, and closed the hour at 9.80 VND with a trading volume of 100 shares."
2025-12-17 14:00:00,9.9,10.0,9.9,10.0,15000,PCT,"At 2025-12-17 14:00:00, the stock PCT opened at 9.90 VND, reached a high of 10.00 VND, a low of 9.90 VND, and closed the hour at 10.00 VND with a trading volume of 15,000 shares."
2025-12-18 09:00:00,10.0,10.0,10.0,10.0,200,PCT,"At 2025-12-18 09:00:00, the stock PCT opened at 10.00 VND, reached a high of 10.00 VND, a low of 10.00 VND, and closed the hour at 10.00 VND with a trading volume of 200 shares."
2025-12-18 10:00:00,9.6,9.6,9.5,9.5,1500,PCT,"At 2025-12-18 10:00:00, the stock PCT opened at 9.60 VND, reached a high of 9.60 VND, a low of 9.50 VND, and closed the hour at 9.50 VND with a trading volume of 1,500 shares."
2025-12-18 13:00:00,10.0,10.0,9.3,9.3,4100,PCT,"At 2025-12-18 13:00:00, the stock PCT opened at 10.00 VND, reached a high of 10.00 VND, a low of 9.30 VND, and closed the hour at 9.30 VND with a trading volume of 4,100 shares."
2025-12-18 14:00:00,9.3,9.5,9.1,9.3,14100,PCT,"At 2025-12-18 14:00:00, the stock PCT opened at 9.30 VND, reached a high of 9.50 VND, a low of 9.10 VND, and closed the hour at 9.30 VND with a trading volume of 14,100 shares."
2025-12-19 09:00:00,10.0,10.0,10.0,10.0,100,PCT,"At 2025-12-19 09:00:00, the stock PCT opened at 10.00 VND, reached a high of 10.00 VND, a low of 10.00 VND, and closed the hour at 10.00 VND with a trading volume of 100 shares."
2025-12-19 13:00:00,9.2,9.9,8.6,9.9,13500,PCT,"At 2025-12-19 13:00:00, the stock PCT opened at 9.20 VND, reached a high of 9.90 VND, a low of 8.60 VND, and closed the hour at 9.90 VND with a trading volume of 13,500 shares."
2025-12-22 14:00:00,9.7,9.7,9.7,9.7,200,PCT,"At 2025-12-22 14:00:00, the stock PCT opened at 9.70 VND, reached a high of 9.70 VND, a low of 9.70 VND, and closed the hour at 9.70 VND with a trading volume of 200 shares."
2025-12-23 09:00:00,9.1,9.7,9.0,9.7,15100,PCT,"At 2025-12-23 09:00:00, the stock PCT opened at 9.10 VND, reached a high of 9.70 VND, a low of 9.00 VND, and closed the hour at 9.70 VND with a trading volume of 15,100 shares."
2025-12-23 10:00:00,9.1,9.4,9.1,9.4,6700,PCT,"At 2025-12-23 10:00:00, the stock PCT opened at 9.10 VND, reached a high of 9.40 VND, a low of 9.10 VND, and closed the hour at 9.40 VND with a trading volume of 6,700 shares."
2025-12-23 11:00:00,9.4,9.6,9.4,9.6,3100,PCT,"At 2025-12-23 11:00:00, the stock PCT opened at 9.40 VND, reached a high of 9.60 VND, a low of 9.40 VND, and closed the hour at 9.60 VND with a trading volume of 3,100 shares."
2025-12-23 13:00:00,9.1,9.5,8.9,9.5,9100,PCT,"At 2025-12-23 13:00:00, the stock PCT opened at 9.10 VND, reached a high of 9.50 VND, a low of 8.90 VND, and closed the hour at 9.50 VND with a trading volume of 9,100 shares."
2025-12-23 14:00:00,9.5,9.6,9.0,9.0,16100,PCT,"At 2025-12-23 14:00:00, the stock PCT opened at 9.50 VND, reached a high of 9.60 VND, a low of 9.00 VND, and closed the hour at 9.00 VND with a trading volume of 16,100 shares."
2025-12-24 09:00:00,9.1,9.6,8.4,9.6,50100,PCT,"At 2025-12-24 09:00:00, the stock PCT opened at 9.10 VND, reached a high of 9.60 VND, a low of 8.40 VND, and closed the hour at 9.60 VND with a trading volume of 50,100 shares."
2025-12-24 10:00:00,9.3,9.3,9.3,9.3,1000,PCT,"At 2025-12-24 10:00:00, the stock PCT opened at 9.30 VND, reached a high of 9.30 VND, a low of 9.30 VND, and closed the hour at 9.30 VND with a trading volume of 1,000 shares."
2025-12-24 14:00:00,8.4,8.4,8.4,8.4,25000,PCT,"At 2025-12-24 14:00:00, the stock PCT opened at 8.40 VND, reached a high of 8.40 VND, a low of 8.40 VND, and closed the hour at 8.40 VND with a trading volume of 25,000 shares."
2025-12-25 09:00:00,9.0,9.0,9.0,9.0,100,PCT,"At 2025-12-25 09:00:00, the stock PCT opened at 9.00 VND, reached a high of 9.00 VND, a low of 9.00 VND, and closed the hour at 9.00 VND with a trading volume of 100 shares."
2025-12-25 14:00:00,8.9,8.9,8.0,8.0,30100,PCT,"At 2025-12-25 14:00:00, the stock PCT opened at 8.90 VND, reached a high of 8.90 VND, a low of 8.00 VND, and closed the hour at 8.00 VND with a trading volume of 30,100 shares."
2025-12-26 09:00:00,8.6,8.6,8.6,8.6,100,PCT,"At 2025-12-26 09:00:00, the stock PCT opened at 8.60 VND, reached a high of 8.60 VND, a low of 8.60 VND, and closed the hour at 8.60 VND with a trading volume of 100 shares."
2025-12-26 14:00:00,8.4,8.4,8.2,8.2,17400,PCT,"At 2025-12-26 14:00:00, the stock PCT opened at 8.40 VND, reached a high of 8.40 VND, a low of 8.20 VND, and closed the hour at 8.20 VND with a trading volume of 17,400 shares."
2025-12-29 09:00:00,8.5,8.5,8.5,8.5,1200,PCT,"At 2025-12-29 09:00:00, the stock PCT opened at 8.50 VND, reached a high of 8.50 VND, a low of 8.50 VND, and closed the hour at 8.50 VND with a trading volume of 1,200 shares."
2025-12-29 14:00:00,8.5,8.5,8.3,8.3,10100,PCT,"At 2025-12-29 14:00:00, the stock PCT opened at 8.50 VND, reached a high of 8.50 VND, a low of 8.30 VND, and closed the hour at 8.30 VND with a trading volume of 10,100 shares."
2025-12-30 14:00:00,8.3,8.3,8.3,8.3,5000,PCT,"At 2025-12-30 14:00:00, the stock PCT opened at 8.30 VND, reached a high of 8.30 VND, a low of 8.30 VND, and closed the hour at 8.30 VND with a trading volume of 5,000 shares."
2025-12-31 14:00:00,8.3,8.3,8.3,8.3,5000,PCT,"At 2025-12-31 14:00:00, the stock PCT opened at 8.30 VND, reached a high of 8.30 VND, a low of 8.30 VND, and closed the hour at 8.30 VND with a trading volume of 5,000 shares."
2026-01-05 09:00:00,8.3,8.3,8.3,8.3,4100,PCT,"At 2026-01-05 09:00:00, the stock PCT opened at 8.30 VND, reached a high of 8.30 VND, a low of 8.30 VND, and closed the hour at 8.30 VND with a trading volume of 4,100 shares."
2026-01-05 14:00:00,8.5,8.5,8.5,8.5,100,PCT,"At 2026-01-05 14:00:00, the stock PCT opened at 8.50 VND, reached a high of 8.50 VND, a low of 8.50 VND, and closed the hour at 8.50 VND with a trading volume of 100 shares."
2026-01-06 09:00:00,8.5,8.5,8.5,8.5,3000,PCT,"At 2026-01-06 09:00:00, the stock PCT opened at 8.50 VND, reached a high of 8.50 VND, a low of 8.50 VND, and closed the hour at 8.50 VND with a trading volume of 3,000 shares."
2026-01-06 14:00:00,8.7,8.7,8.7,8.7,100,PCT,"At 2026-01-06 14:00:00, the stock PCT opened at 8.70 VND, reached a high of 8.70 VND, a low of 8.70 VND, and closed the hour at 8.70 VND with a trading volume of 100 shares."
2026-01-07 09:00:00,8.7,8.7,8.7,8.7,1000,PCT,"At 2026-01-07 09:00:00, the stock PCT opened at 8.70 VND, reached a high of 8.70 VND, a low of 8.70 VND, and closed the hour at 8.70 VND with a trading volume of 1,000 shares."
2026-01-07 10:00:00,8.7,8.7,8.7,8.7,1000,PCT,"At 2026-01-07 10:00:00, the stock PCT opened at 8.70 VND, reached a high of 8.70 VND, a low of 8.70 VND, and closed the hour at 8.70 VND with a trading volume of 1,000 shares."
2026-01-07 11:00:00,8.7,8.7,8.7,8.7,4000,PCT,"At 2026-01-07 11:00:00, the stock PCT opened at 8.70 VND, reached a high of 8.70 VND, a low of 8.70 VND, and closed the hour at 8.70 VND with a trading volume of 4,000 shares."
2026-01-07 13:00:00,8.7,8.7,8.7,8.7,100,PCT,"At 2026-01-07 13:00:00, the stock PCT opened at 8.70 VND, reached a high of 8.70 VND, a low of 8.70 VND, and closed the hour at 8.70 VND with a trading volume of 100 shares."
2026-01-09 14:00:00,8.0,8.0,8.0,8.0,10400,PCT,"At 2026-01-09 14:00:00, the stock PCT opened at 8.00 VND, reached a high of 8.00 VND, a low of 8.00 VND, and closed the hour at 8.00 VND with a trading volume of 10,400 shares."
2026-01-12 10:00:00,8.1,8.1,8.1,8.1,100,PCT,"At 2026-01-12 10:00:00, the stock PCT opened at 8.10 VND, reached a high of 8.10 VND, a low of 8.10 VND, and closed the hour at 8.10 VND with a trading volume of 100 shares."
2026-01-13 11:00:00,8.1,8.1,8.1,8.1,100,PCT,"At 2026-01-13 11:00:00, the stock PCT opened at 8.10 VND, reached a high of 8.10 VND, a low of 8.10 VND, and closed the hour at 8.10 VND with a trading volume of 100 shares."
2026-01-13 13:00:00,8.4,8.9,8.4,8.9,11500,PCT,"At 2026-01-13 13:00:00, the stock PCT opened at 8.40 VND, reached a high of 8.90 VND, a low of 8.40 VND, and closed the hour at 8.90 VND with a trading volume of 11,500 shares."
2026-01-14 09:00:00,9.7,9.7,9.7,9.7,19000,PCT,"At 2026-01-14 09:00:00, the stock PCT opened at 9.70 VND, reached a high of 9.70 VND, a low of 9.70 VND, and closed the hour at 9.70 VND with a trading volume of 19,000 shares."
2026-01-14 10:00:00,9.7,9.7,9.7,9.7,40200,PCT,"At 2026-01-14 10:00:00, the stock PCT opened at 9.70 VND, reached a high of 9.70 VND, a low of 9.70 VND, and closed the hour at 9.70 VND with a trading volume of 40,200 shares."
2026-01-14 11:00:00,9.7,9.7,9.7,9.7,2100,PCT,"At 2026-01-14 11:00:00, the stock PCT opened at 9.70 VND, reached a high of 9.70 VND, a low of 9.70 VND, and closed the hour at 9.70 VND with a trading volume of 2,100 shares."
2026-01-14 13:00:00,9.7,9.7,9.7,9.7,12000,PCT,"At 2026-01-14 13:00:00, the stock PCT opened at 9.70 VND, reached a high of 9.70 VND, a low of 9.70 VND, and closed the hour at 9.70 VND with a trading volume of 12,000 shares."
2026-01-14 14:00:00,9.7,9.7,9.7,9.7,2600,PCT,"At 2026-01-14 14:00:00, the stock PCT opened at 9.70 VND, reached a high of 9.70 VND, a low of 9.70 VND, and closed the hour at 9.70 VND with a trading volume of 2,600 shares."
2026-01-15 09:00:00,10.6,10.6,10.6,10.6,14400,PCT,"At 2026-01-15 09:00:00, the stock PCT opened at 10.60 VND, reached a high of 10.60 VND, a low of 10.60 VND, and closed the hour at 10.60 VND with a trading volume of 14,400 shares."
2026-01-15 10:00:00,10.5,10.5,10.4,10.5,30300,PCT,"At 2026-01-15 10:00:00, the stock PCT opened at 10.50 VND, reached a high of 10.50 VND, a low of 10.40 VND, and closed the hour at 10.50 VND with a trading volume of 30,300 shares."
2026-01-15 11:00:00,10.4,10.4,10.4,10.4,100,PCT,"At 2026-01-15 11:00:00, the stock PCT opened at 10.40 VND, reached a high of 10.40 VND, a low of 10.40 VND, and closed the hour at 10.40 VND with a trading volume of 100 shares."
2026-01-15 13:00:00,10.4,10.4,9.3,10.4,11700,PCT,"At 2026-01-15 13:00:00, the stock PCT opened at 10.40 VND, reached a high of 10.40 VND, a low of 9.30 VND, and closed the hour at 10.40 VND with a trading volume of 11,700 shares."
2026-01-15 14:00:00,10.4,10.4,10.4,10.4,600,PCT,"At 2026-01-15 14:00:00, the stock PCT opened at 10.40 VND, reached a high of 10.40 VND, a low of 10.40 VND, and closed the hour at 10.40 VND with a trading volume of 600 shares."
2026-01-16 09:00:00,10.4,10.8,10.3,10.8,11300,PCT,"At 2026-01-16 09:00:00, the stock PCT opened at 10.40 VND, reached a high of 10.80 VND, a low of 10.30 VND, and closed the hour at 10.80 VND with a trading volume of 11,300 shares."
2026-01-16 10:00:00,10.8,11.0,10.8,11.0,15800,PCT,"At 2026-01-16 10:00:00, the stock PCT opened at 10.80 VND, reached a high of 11.00 VND, a low of 10.80 VND, and closed the hour at 11.00 VND with a trading volume of 15,800 shares."
2026-01-16 13:00:00,10.5,10.8,9.7,9.8,8000,PCT,"At 2026-01-16 13:00:00, the stock PCT opened at 10.50 VND, reached a high of 10.80 VND, a low of 9.70 VND, and closed the hour at 9.80 VND with a trading volume of 8,000 shares."
2026-01-16 14:00:00,10.4,10.7,9.5,9.5,38600,PCT,"At 2026-01-16 14:00:00, the stock PCT opened at 10.40 VND, reached a high of 10.70 VND, a low of 9.50 VND, and closed the hour at 9.50 VND with a trading volume of 38,600 shares."
2026-01-19 09:00:00,9.5,9.5,9.0,9.0,12100,PCT,"At 2026-01-19 09:00:00, the stock PCT opened at 9.50 VND, reached a high of 9.50 VND, a low of 9.00 VND, and closed the hour at 9.00 VND with a trading volume of 12,100 shares."
2026-01-19 10:00:00,9.2,9.2,9.2,9.2,700,PCT,"At 2026-01-19 10:00:00, the stock PCT opened at 9.20 VND, reached a high of 9.20 VND, a low of 9.20 VND, and closed the hour at 9.20 VND with a trading volume of 700 shares."
2026-01-19 11:00:00,9.1,9.8,9.1,9.8,3500,PCT,"At 2026-01-19 11:00:00, the stock PCT opened at 9.10 VND, reached a high of 9.80 VND, a low of 9.10 VND, and closed the hour at 9.80 VND with a trading volume of 3,500 shares."
2026-01-19 13:00:00,9.7,10.0,9.6,10.0,25800,PCT,"At 2026-01-19 13:00:00, the stock PCT opened at 9.70 VND, reached a high of 10.00 VND, a low of 9.60 VND, and closed the hour at 10.00 VND with a trading volume of 25,800 shares."
2026-01-19 14:00:00,10.0,10.2,8.6,8.6,57800,PCT,"At 2026-01-19 14:00:00, the stock PCT opened at 10.00 VND, reached a high of 10.20 VND, a low of 8.60 VND, and closed the hour at 8.60 VND with a trading volume of 57,800 shares."
2026-01-20 09:00:00,8.4,8.6,7.9,8.6,5300,PCT,"At 2026-01-20 09:00:00, the stock PCT opened at 8.40 VND, reached a high of 8.60 VND, a low of 7.90 VND, and closed the hour at 8.60 VND with a trading volume of 5,300 shares."
2026-01-20 10:00:00,8.6,8.6,8.6,8.6,200,PCT,"At 2026-01-20 10:00:00, the stock PCT opened at 8.60 VND, reached a high of 8.60 VND, a low of 8.60 VND, and closed the hour at 8.60 VND with a trading volume of 200 shares."
2026-01-20 11:00:00,9.1,9.2,9.1,9.2,2000,PCT,"At 2026-01-20 11:00:00, the stock PCT opened at 9.10 VND, reached a high of 9.20 VND, a low of 9.10 VND, and closed the hour at 9.20 VND with a trading volume of 2,000 shares."
2026-01-20 13:00:00,9.0,9.1,9.0,9.1,8400,PCT,"At 2026-01-20 13:00:00, the stock PCT opened at 9.00 VND, reached a high of 9.10 VND, a low of 9.00 VND, and closed the hour at 9.10 VND with a trading volume of 8,400 shares."
2026-01-20 14:00:00,9.1,9.1,8.2,8.2,39600,PCT,"At 2026-01-20 14:00:00, the stock PCT opened at 9.10 VND, reached a high of 9.10 VND, a low of 8.20 VND, and closed the hour at 8.20 VND with a trading volume of 39,600 shares."
2026-01-21 10:00:00,8.3,8.3,8.3,8.3,200,PCT,"At 2026-01-21 10:00:00, the stock PCT opened at 8.30 VND, reached a high of 8.30 VND, a low of 8.30 VND, and closed the hour at 8.30 VND with a trading volume of 200 shares."
2026-01-21 13:00:00,8.8,8.9,8.8,8.9,12000,PCT,"At 2026-01-21 13:00:00, the stock PCT opened at 8.80 VND, reached a high of 8.90 VND, a low of 8.80 VND, and closed the hour at 8.90 VND with a trading volume of 12,000 shares."
2026-01-21 14:00:00,8.9,8.9,8.4,8.4,5200,PCT,"At 2026-01-21 14:00:00, the stock PCT opened at 8.90 VND, reached a high of 8.90 VND, a low of 8.40 VND, and closed the hour at 8.40 VND with a trading volume of 5,200 shares."
2026-01-22 09:00:00,8.3,8.5,8.3,8.5,200,PCT,"At 2026-01-22 09:00:00, the stock PCT opened at 8.30 VND, reached a high of 8.50 VND, a low of 8.30 VND, and closed the hour at 8.50 VND with a trading volume of 200 shares."
2026-01-22 10:00:00,8.8,8.8,8.8,8.8,100,PCT,"At 2026-01-22 10:00:00, the stock PCT opened at 8.80 VND, reached a high of 8.80 VND, a low of 8.80 VND, and closed the hour at 8.80 VND with a trading volume of 100 shares."
2026-01-22 13:00:00,8.8,8.9,8.8,8.9,4400,PCT,"At 2026-01-22 13:00:00, the stock PCT opened at 8.80 VND, reached a high of 8.90 VND, a low of 8.80 VND, and closed the hour at 8.90 VND with a trading volume of 4,400 shares."
2026-01-22 14:00:00,8.9,9.0,8.7,8.7,3000,PCT,"At 2026-01-22 14:00:00, the stock PCT opened at 8.90 VND, reached a high of 9.00 VND, a low of 8.70 VND, and closed the hour at 8.70 VND with a trading volume of 3,000 shares."
2026-01-23 13:00:00,8.7,9.5,8.7,9.5,25300,PCT,"At 2026-01-23 13:00:00, the stock PCT opened at 8.70 VND, reached a high of 9.50 VND, a low of 8.70 VND, and closed the hour at 9.50 VND with a trading volume of 25,300 shares."
2026-01-23 14:00:00,9.1,9.1,8.8,8.8,6200,PCT,"At 2026-01-23 14:00:00, the stock PCT opened at 9.10 VND, reached a high of 9.10 VND, a low of 8.80 VND, and closed the hour at 8.80 VND with a trading volume of 6,200 shares."
2026-01-26 13:00:00,9.4,9.6,9.4,9.6,1000,PCT,"At 2026-01-26 13:00:00, the stock PCT opened at 9.40 VND, reached a high of 9.60 VND, a low of 9.40 VND, and closed the hour at 9.60 VND with a trading volume of 1,000 shares."
2026-01-26 14:00:00,9.3,9.3,9.3,9.3,200,PCT,"At 2026-01-26 14:00:00, the stock PCT opened at 9.30 VND, reached a high of 9.30 VND, a low of 9.30 VND, and closed the hour at 9.30 VND with a trading volume of 200 shares."
2026-01-27 09:00:00,9.3,9.3,9.3,9.3,5000,PCT,"At 2026-01-27 09:00:00, the stock PCT opened at 9.30 VND, reached a high of 9.30 VND, a low of 9.30 VND, and closed the hour at 9.30 VND with a trading volume of 5,000 shares."
2026-01-27 10:00:00,9.3,9.3,9.3,9.3,3000,PCT,"At 2026-01-27 10:00:00, the stock PCT opened at 9.30 VND, reached a high of 9.30 VND, a low of 9.30 VND, and closed the hour at 9.30 VND with a trading volume of 3,000 shares."
2026-01-27 11:00:00,9.3,9.3,9.3,9.3,1000,PCT,"At 2026-01-27 11:00:00, the stock PCT opened at 9.30 VND, reached a high of 9.30 VND, a low of 9.30 VND, and closed the hour at 9.30 VND with a trading volume of 1,000 shares."
2026-01-27 13:00:00,9.3,9.3,9.3,9.3,1700,PCT,"At 2026-01-27 13:00:00, the stock PCT opened at 9.30 VND, reached a high of 9.30 VND, a low of 9.30 VND, and closed the hour at 9.30 VND with a trading volume of 1,700 shares."
2026-01-27 14:00:00,9.3,9.5,9.3,9.5,6300,PCT,"At 2026-01-27 14:00:00, the stock PCT opened at 9.30 VND, reached a high of 9.50 VND, a low of 9.30 VND, and closed the hour at 9.50 VND with a trading volume of 6,300 shares."
2026-01-28 14:00:00,9.5,9.5,9.5,9.5,200,PCT,"At 2026-01-28 14:00:00, the stock PCT opened at 9.50 VND, reached a high of 9.50 VND, a low of 9.50 VND, and closed the hour at 9.50 VND with a trading volume of 200 shares."
2026-01-29 14:00:00,9.9,10.0,9.4,9.4,21800,PCT,"At 2026-01-29 14:00:00, the stock PCT opened at 9.90 VND, reached a high of 10.00 VND, a low of 9.40 VND, and closed the hour at 9.40 VND with a trading volume of 21,800 shares."
2026-01-30 14:00:00,9.4,9.4,9.4,9.4,1300,PCT,"At 2026-01-30 14:00:00, the stock PCT opened at 9.40 VND, reached a high of 9.40 VND, a low of 9.40 VND, and closed the hour at 9.40 VND with a trading volume of 1,300 shares."
2026-02-02 09:00:00,9.4,10.3,9.4,10.3,13000,PCT,"At 2026-02-02 09:00:00, the stock PCT opened at 9.40 VND, reached a high of 10.30 VND, a low of 9.40 VND, and closed the hour at 10.30 VND with a trading volume of 13,000 shares."
2026-02-02 13:00:00,10.2,10.2,10.2,10.2,100,PCT,"At 2026-02-02 13:00:00, the stock PCT opened at 10.20 VND, reached a high of 10.20 VND, a low of 10.20 VND, and closed the hour at 10.20 VND with a trading volume of 100 shares."
2026-02-02 14:00:00,9.6,9.6,9.6,9.6,1000,PCT,"At 2026-02-02 14:00:00, the stock PCT opened at 9.60 VND, reached a high of 9.60 VND, a low of 9.60 VND, and closed the hour at 9.60 VND with a trading volume of 1,000 shares."
2026-02-03 09:00:00,9.7,9.8,9.7,9.8,6000,PCT,"At 2026-02-03 09:00:00, the stock PCT opened at 9.70 VND, reached a high of 9.80 VND, a low of 9.70 VND, and closed the hour at 9.80 VND with a trading volume of 6,000 shares."
2026-02-03 10:00:00,9.8,10.5,9.8,10.5,6000,PCT,"At 2026-02-03 10:00:00, the stock PCT opened at 9.80 VND, reached a high of 10.50 VND, a low of 9.80 VND, and closed the hour at 10.50 VND with a trading volume of 6,000 shares."
2026-02-03 11:00:00,10.4,10.5,10.4,10.4,20700,PCT,"At 2026-02-03 11:00:00, the stock PCT opened at 10.40 VND, reached a high of 10.50 VND, a low of 10.40 VND, and closed the hour at 10.40 VND with a trading volume of 20,700 shares."
2026-02-03 13:00:00,10.4,10.5,10.4,10.5,3500,PCT,"At 2026-02-03 13:00:00, the stock PCT opened at 10.40 VND, reached a high of 10.50 VND, a low of 10.40 VND, and closed the hour at 10.50 VND with a trading volume of 3,500 shares."
2026-02-03 14:00:00,10.0,10.0,10.0,10.0,2000,PCT,"At 2026-02-03 14:00:00, the stock PCT opened at 10.00 VND, reached a high of 10.00 VND, a low of 10.00 VND, and closed the hour at 10.00 VND with a trading volume of 2,000 shares."
2026-02-04 09:00:00,10.0,10.0,10.0,10.0,500,PCT,"At 2026-02-04 09:00:00, the stock PCT opened at 10.00 VND, reached a high of 10.00 VND, a low of 10.00 VND, and closed the hour at 10.00 VND with a trading volume of 500 shares."
2026-02-04 10:00:00,10.0,10.0,10.0,10.0,100,PCT,"At 2026-02-04 10:00:00, the stock PCT opened at 10.00 VND, reached a high of 10.00 VND, a low of 10.00 VND, and closed the hour at 10.00 VND with a trading volume of 100 shares."
2026-02-04 11:00:00,10.0,10.0,10.0,10.0,100,PCT,"At 2026-02-04 11:00:00, the stock PCT opened at 10.00 VND, reached a high of 10.00 VND, a low of 10.00 VND, and closed the hour at 10.00 VND with a trading volume of 100 shares."
2026-02-05 10:00:00,10.0,11.0,10.0,10.9,20200,PCT,"At 2026-02-05 10:00:00, the stock PCT opened at 10.00 VND, reached a high of 11.00 VND, a low of 10.00 VND, and closed the hour at 10.90 VND with a trading volume of 20,200 shares."
2026-02-06 09:00:00,10.0,10.0,9.9,10.0,6100,PCT,"At 2026-02-06 09:00:00, the stock PCT opened at 10.00 VND, reached a high of 10.00 VND, a low of 9.90 VND, and closed the hour at 10.00 VND with a trading volume of 6,100 shares."
2026-02-06 10:00:00,10.0,10.0,9.9,9.9,1000,PCT,"At 2026-02-06 10:00:00, the stock PCT opened at 10.00 VND, reached a high of 10.00 VND, a low of 9.90 VND, and closed the hour at 9.90 VND with a trading volume of 1,000 shares."
2026-02-06 14:00:00,10.0,10.0,10.0,10.0,100,PCT,"At 2026-02-06 14:00:00, the stock PCT opened at 10.00 VND, reached a high of 10.00 VND, a low of 10.00 VND, and closed the hour at 10.00 VND with a trading volume of 100 shares."
2026-02-11 14:00:00,10.0,10.0,10.0,10.0,500,PCT,"At 2026-02-11 14:00:00, the stock PCT opened at 10.00 VND, reached a high of 10.00 VND, a low of 10.00 VND, and closed the hour at 10.00 VND with a trading volume of 500 shares."
2026-02-12 14:00:00,11.0,11.0,11.0,11.0,100,PCT,"At 2026-02-12 14:00:00, the stock PCT opened at 11.00 VND, reached a high of 11.00 VND, a low of 11.00 VND, and closed the hour at 11.00 VND with a trading volume of 100 shares."
2026-02-24 09:00:00,10.0,10.0,10.0,10.0,100,PCT,"At 2026-02-24 09:00:00, the stock PCT opened at 10.00 VND, reached a high of 10.00 VND, a low of 10.00 VND, and closed the hour at 10.00 VND with a trading volume of 100 shares."
2026-02-24 11:00:00,10.1,10.1,10.1,10.1,100,PCT,"At 2026-02-24 11:00:00, the stock PCT opened at 10.10 VND, reached a high of 10.10 VND, a low of 10.10 VND, and closed the hour at 10.10 VND with a trading volume of 100 shares."
2026-02-24 14:00:00,10.9,10.9,10.9,10.9,100,PCT,"At 2026-02-24 14:00:00, the stock PCT opened at 10.90 VND, reached a high of 10.90 VND, a low of 10.90 VND, and closed the hour at 10.90 VND with a trading volume of 100 shares."
2026-02-25 09:00:00,10.0,10.0,10.0,10.0,800,PCT,"At 2026-02-25 09:00:00, the stock PCT opened at 10.00 VND, reached a high of 10.00 VND, a low of 10.00 VND, and closed the hour at 10.00 VND with a trading volume of 800 shares."
2026-02-25 10:00:00,10.0,10.0,10.0,10.0,9000,PCT,"At 2026-02-25 10:00:00, the stock PCT opened at 10.00 VND, reached a high of 10.00 VND, a low of 10.00 VND, and closed the hour at 10.00 VND with a trading volume of 9,000 shares."
2026-02-25 13:00:00,10.0,10.7,10.0,10.7,200,PCT,"At 2026-02-25 13:00:00, the stock PCT opened at 10.00 VND, reached a high of 10.70 VND, a low of 10.00 VND, and closed the hour at 10.70 VND with a trading volume of 200 shares."
2026-03-02 09:00:00,10.7,10.7,10.5,10.6,5000,PCT,"At 2026-03-02 09:00:00, the stock PCT opened at 10.70 VND, reached a high of 10.70 VND, a low of 10.50 VND, and closed the hour at 10.60 VND with a trading volume of 5,000 shares."
2026-03-02 10:00:00,10.7,10.7,10.7,10.7,800,PCT,"At 2026-03-02 10:00:00, the stock PCT opened at 10.70 VND, reached a high of 10.70 VND, a low of 10.70 VND, and closed the hour at 10.70 VND with a trading volume of 800 shares."
2026-03-02 11:00:00,10.7,10.7,10.7,10.7,3500,PCT,"At 2026-03-02 11:00:00, the stock PCT opened at 10.70 VND, reached a high of 10.70 VND, a low of 10.70 VND, and closed the hour at 10.70 VND with a trading volume of 3,500 shares."
2026-03-02 13:00:00,10.7,10.7,10.7,10.7,900,PCT,"At 2026-03-02 13:00:00, the stock PCT opened at 10.70 VND, reached a high of 10.70 VND, a low of 10.70 VND, and closed the hour at 10.70 VND with a trading volume of 900 shares."
2026-03-02 14:00:00,10.6,10.7,10.6,10.7,5400,PCT,"At 2026-03-02 14:00:00, the stock PCT opened at 10.60 VND, reached a high of 10.70 VND, a low of 10.60 VND, and closed the hour at 10.70 VND with a trading volume of 5,400 shares."
2026-03-03 09:00:00,10.8,10.8,10.8,10.8,500,PCT,"At 2026-03-03 09:00:00, the stock PCT opened at 10.80 VND, reached a high of 10.80 VND, a low of 10.80 VND, and closed the hour at 10.80 VND with a trading volume of 500 shares."
2026-03-03 13:00:00,10.8,10.9,10.8,10.9,2200,PCT,"At 2026-03-03 13:00:00, the stock PCT opened at 10.80 VND, reached a high of 10.90 VND, a low of 10.80 VND, and closed the hour at 10.90 VND with a trading volume of 2,200 shares."
2026-03-03 14:00:00,10.9,10.9,10.9,10.9,100,PCT,"At 2026-03-03 14:00:00, the stock PCT opened at 10.90 VND, reached a high of 10.90 VND, a low of 10.90 VND, and closed the hour at 10.90 VND with a trading volume of 100 shares."
2026-03-04 09:00:00,10.9,11.0,10.9,11.0,10300,PCT,"At 2026-03-04 09:00:00, the stock PCT opened at 10.90 VND, reached a high of 11.00 VND, a low of 10.90 VND, and closed the hour at 11.00 VND with a trading volume of 10,300 shares."
2026-03-04 13:00:00,11.0,11.0,10.4,10.4,3000,PCT,"At 2026-03-04 13:00:00, the stock PCT opened at 11.00 VND, reached a high of 11.00 VND, a low of 10.40 VND, and closed the hour at 10.40 VND with a trading volume of 3,000 shares."
2026-03-04 14:00:00,10.9,10.9,10.9,10.9,100,PCT,"At 2026-03-04 14:00:00, the stock PCT opened at 10.90 VND, reached a high of 10.90 VND, a low of 10.90 VND, and closed the hour at 10.90 VND with a trading volume of 100 shares."
2026-03-05 09:00:00,10.9,10.9,10.9,10.9,300,PCT,"At 2026-03-05 09:00:00, the stock PCT opened at 10.90 VND, reached a high of 10.90 VND, a low of 10.90 VND, and closed the hour at 10.90 VND with a trading volume of 300 shares."
2026-03-05 14:00:00,10.8,10.8,10.8,10.8,900,PCT,"At 2026-03-05 14:00:00, the stock PCT opened at 10.80 VND, reached a high of 10.80 VND, a low of 10.80 VND, and closed the hour at 10.80 VND with a trading volume of 900 shares."
2026-03-06 13:00:00,10.4,10.5,10.4,10.5,700,PCT,"At 2026-03-06 13:00:00, the stock PCT opened at 10.40 VND, reached a high of 10.50 VND, a low of 10.40 VND, and closed the hour at 10.50 VND with a trading volume of 700 shares."
2026-03-06 14:00:00,9.9,10.5,9.9,10.5,600,PCT,"At 2026-03-06 14:00:00, the stock PCT opened at 9.90 VND, reached a high of 10.50 VND, a low of 9.90 VND, and closed the hour at 10.50 VND with a trading volume of 600 shares."
2026-03-09 09:00:00,9.5,10.0,9.5,10.0,600,PCT,"At 2026-03-09 09:00:00, the stock PCT opened at 9.50 VND, reached a high of 10.00 VND, a low of 9.50 VND, and closed the hour at 10.00 VND with a trading volume of 600 shares."
2026-03-09 11:00:00,9.9,9.9,9.5,9.5,4900,PCT,"At 2026-03-09 11:00:00, the stock PCT opened at 9.90 VND, reached a high of 9.90 VND, a low of 9.50 VND, and closed the hour at 9.50 VND with a trading volume of 4,900 shares."
2026-03-09 13:00:00,9.5,9.5,9.5,9.5,700,PCT,"At 2026-03-09 13:00:00, the stock PCT opened at 9.50 VND, reached a high of 9.50 VND, a low of 9.50 VND, and closed the hour at 9.50 VND with a trading volume of 700 shares."
2026-03-09 14:00:00,9.5,10.7,9.5,10.7,800,PCT,"At 2026-03-09 14:00:00, the stock PCT opened at 9.50 VND, reached a high of 10.70 VND, a low of 9.50 VND, and closed the hour at 10.70 VND with a trading volume of 800 shares."
2026-03-10 10:00:00,10.5,10.5,10.5,10.5,300,PCT,"At 2026-03-10 10:00:00, the stock PCT opened at 10.50 VND, reached a high of 10.50 VND, a low of 10.50 VND, and closed the hour at 10.50 VND with a trading volume of 300 shares."
2026-03-12 10:00:00,10.5,10.5,10.5,10.5,600,PCT,"At 2026-03-12 10:00:00, the stock PCT opened at 10.50 VND, reached a high of 10.50 VND, a low of 10.50 VND, and closed the hour at 10.50 VND with a trading volume of 600 shares."
2026-03-12 13:00:00,10.5,10.5,10.5,10.5,200,PCT,"At 2026-03-12 13:00:00, the stock PCT opened at 10.50 VND, reached a high of 10.50 VND, a low of 10.50 VND, and closed the hour at 10.50 VND with a trading volume of 200 shares."
2026-03-16 13:00:00,10.3,10.3,10.3,10.3,100,PCT,"At 2026-03-16 13:00:00, the stock PCT opened at 10.30 VND, reached a high of 10.30 VND, a low of 10.30 VND, and closed the hour at 10.30 VND with a trading volume of 100 shares."
2026-03-17 14:00:00,10.2,10.7,10.2,10.7,200,PCT,"At 2026-03-17 14:00:00, the stock PCT opened at 10.20 VND, reached a high of 10.70 VND, a low of 10.20 VND, and closed the hour at 10.70 VND with a trading volume of 200 shares."
2026-03-18 14:00:00,10.6,10.6,10.6,10.6,1600,PCT,"At 2026-03-18 14:00:00, the stock PCT opened at 10.60 VND, reached a high of 10.60 VND, a low of 10.60 VND, and closed the hour at 10.60 VND with a trading volume of 1,600 shares."
