time,open,high,low,close,volume,ticker,llm_text
2025-05-23 09:00:00,5.1,5.1,5.0,5.0,7700,SDT,"At 2025-05-23 09:00:00, the stock SDT opened at 5.10 VND, reached a high of 5.10 VND, a low of 5.00 VND, and closed the hour at 5.00 VND with a trading volume of 7,700 shares."
2025-05-23 13:00:00,5.0,5.0,5.0,5.0,5000,SDT,"At 2025-05-23 13:00:00, the stock SDT opened at 5.00 VND, reached a high of 5.00 VND, a low of 5.00 VND, and closed the hour at 5.00 VND with a trading volume of 5,000 shares."
2025-05-26 13:00:00,5.1,5.1,5.1,5.1,2000,SDT,"At 2025-05-26 13:00:00, the stock SDT opened at 5.10 VND, reached a high of 5.10 VND, a low of 5.10 VND, and closed the hour at 5.10 VND with a trading volume of 2,000 shares."
2025-05-26 14:00:00,5.6,5.6,5.5,5.6,3700,SDT,"At 2025-05-26 14:00:00, the stock SDT opened at 5.60 VND, reached a high of 5.60 VND, a low of 5.50 VND, and closed the hour at 5.60 VND with a trading volume of 3,700 shares."
2025-05-27 13:00:00,5.2,5.2,5.0,5.0,24000,SDT,"At 2025-05-27 13:00:00, the stock SDT opened at 5.20 VND, reached a high of 5.20 VND, a low of 5.00 VND, and closed the hour at 5.00 VND with a trading volume of 24,000 shares."
2025-05-27 14:00:00,5.4,5.7,5.4,5.6,101400,SDT,"At 2025-05-27 14:00:00, the stock SDT opened at 5.40 VND, reached a high of 5.70 VND, a low of 5.40 VND, and closed the hour at 5.60 VND with a trading volume of 101,400 shares."
2025-05-28 09:00:00,6.0,6.2,6.0,6.2,55100,SDT,"At 2025-05-28 09:00:00, the stock SDT opened at 6.00 VND, reached a high of 6.20 VND, a low of 6.00 VND, and closed the hour at 6.20 VND with a trading volume of 55,100 shares."
2025-05-28 13:00:00,5.5,6.0,5.2,6.0,55100,SDT,"At 2025-05-28 13:00:00, the stock SDT opened at 5.50 VND, reached a high of 6.00 VND, a low of 5.20 VND, and closed the hour at 6.00 VND with a trading volume of 55,100 shares."
2025-05-29 09:00:00,5.7,6.1,5.7,6.0,800,SDT,"At 2025-05-29 09:00:00, the stock SDT opened at 5.70 VND, reached a high of 6.10 VND, a low of 5.70 VND, and closed the hour at 6.00 VND with a trading volume of 800 shares."
2025-05-29 13:00:00,5.2,5.2,5.2,5.2,30000,SDT,"At 2025-05-29 13:00:00, the stock SDT opened at 5.20 VND, reached a high of 5.20 VND, a low of 5.20 VND, and closed the hour at 5.20 VND with a trading volume of 30,000 shares."
2025-05-29 14:00:00,5.2,5.2,5.2,5.2,100,SDT,"At 2025-05-29 14:00:00, the stock SDT opened at 5.20 VND, reached a high of 5.20 VND, a low of 5.20 VND, and closed the hour at 5.20 VND with a trading volume of 100 shares."
2025-05-30 14:00:00,5.6,5.6,5.6,5.6,100,SDT,"At 2025-05-30 14:00:00, the stock SDT opened at 5.60 VND, reached a high of 5.60 VND, a low of 5.60 VND, and closed the hour at 5.60 VND with a trading volume of 100 shares."
2025-06-02 09:00:00,5.6,5.6,5.6,5.6,300,SDT,"At 2025-06-02 09:00:00, the stock SDT opened at 5.60 VND, reached a high of 5.60 VND, a low of 5.60 VND, and closed the hour at 5.60 VND with a trading volume of 300 shares."
2025-06-02 10:00:00,5.2,5.5,4.9,5.5,17600,SDT,"At 2025-06-02 10:00:00, the stock SDT opened at 5.20 VND, reached a high of 5.50 VND, a low of 4.90 VND, and closed the hour at 5.50 VND with a trading volume of 17,600 shares."
2025-06-03 09:00:00,5.4,5.4,5.4,5.4,600,SDT,"At 2025-06-03 09:00:00, the stock SDT opened at 5.40 VND, reached a high of 5.40 VND, a low of 5.40 VND, and closed the hour at 5.40 VND with a trading volume of 600 shares."
2025-06-03 10:00:00,5.5,5.6,5.5,5.5,82000,SDT,"At 2025-06-03 10:00:00, the stock SDT opened at 5.50 VND, reached a high of 5.60 VND, a low of 5.50 VND, and closed the hour at 5.50 VND with a trading volume of 82,000 shares."
2025-06-03 13:00:00,5.5,5.5,5.5,5.5,15000,SDT,"At 2025-06-03 13:00:00, the stock SDT opened at 5.50 VND, reached a high of 5.50 VND, a low of 5.50 VND, and closed the hour at 5.50 VND with a trading volume of 15,000 shares."
2025-06-03 14:00:00,5.5,5.5,5.5,5.5,20000,SDT,"At 2025-06-03 14:00:00, the stock SDT opened at 5.50 VND, reached a high of 5.50 VND, a low of 5.50 VND, and closed the hour at 5.50 VND with a trading volume of 20,000 shares."
2025-06-04 10:00:00,5.6,5.6,5.6,5.6,300,SDT,"At 2025-06-04 10:00:00, the stock SDT opened at 5.60 VND, reached a high of 5.60 VND, a low of 5.60 VND, and closed the hour at 5.60 VND with a trading volume of 300 shares."
2025-06-04 14:00:00,5.5,5.5,5.5,5.5,400,SDT,"At 2025-06-04 14:00:00, the stock SDT opened at 5.50 VND, reached a high of 5.50 VND, a low of 5.50 VND, and closed the hour at 5.50 VND with a trading volume of 400 shares."
2025-06-05 10:00:00,5.3,5.3,5.3,5.3,1400,SDT,"At 2025-06-05 10:00:00, the stock SDT opened at 5.30 VND, reached a high of 5.30 VND, a low of 5.30 VND, and closed the hour at 5.30 VND with a trading volume of 1,400 shares."
2025-06-05 11:00:00,5.3,5.3,5.3,5.3,400,SDT,"At 2025-06-05 11:00:00, the stock SDT opened at 5.30 VND, reached a high of 5.30 VND, a low of 5.30 VND, and closed the hour at 5.30 VND with a trading volume of 400 shares."
2025-06-05 13:00:00,5.4,5.4,5.4,5.4,1100,SDT,"At 2025-06-05 13:00:00, the stock SDT opened at 5.40 VND, reached a high of 5.40 VND, a low of 5.40 VND, and closed the hour at 5.40 VND with a trading volume of 1,100 shares."
2025-06-05 14:00:00,5.4,5.4,5.4,5.4,3000,SDT,"At 2025-06-05 14:00:00, the stock SDT opened at 5.40 VND, reached a high of 5.40 VND, a low of 5.40 VND, and closed the hour at 5.40 VND with a trading volume of 3,000 shares."
2025-06-06 09:00:00,5.4,5.4,5.4,5.4,200,SDT,"At 2025-06-06 09:00:00, the stock SDT opened at 5.40 VND, reached a high of 5.40 VND, a low of 5.40 VND, and closed the hour at 5.40 VND with a trading volume of 200 shares."
2025-06-06 10:00:00,5.3,5.3,5.3,5.3,1600,SDT,"At 2025-06-06 10:00:00, the stock SDT opened at 5.30 VND, reached a high of 5.30 VND, a low of 5.30 VND, and closed the hour at 5.30 VND with a trading volume of 1,600 shares."
2025-06-06 11:00:00,5.7,5.7,5.7,5.7,1800,SDT,"At 2025-06-06 11:00:00, the stock SDT opened at 5.70 VND, reached a high of 5.70 VND, a low of 5.70 VND, and closed the hour at 5.70 VND with a trading volume of 1,800 shares."
2025-06-06 13:00:00,5.2,5.2,5.2,5.2,400,SDT,"At 2025-06-06 13:00:00, the stock SDT opened at 5.20 VND, reached a high of 5.20 VND, a low of 5.20 VND, and closed the hour at 5.20 VND with a trading volume of 400 shares."
2025-06-06 14:00:00,5.2,5.2,5.1,5.1,10000,SDT,"At 2025-06-06 14:00:00, the stock SDT opened at 5.20 VND, reached a high of 5.20 VND, a low of 5.10 VND, and closed the hour at 5.10 VND with a trading volume of 10,000 shares."
2025-06-09 10:00:00,5.2,5.2,5.2,5.2,100,SDT,"At 2025-06-09 10:00:00, the stock SDT opened at 5.20 VND, reached a high of 5.20 VND, a low of 5.20 VND, and closed the hour at 5.20 VND with a trading volume of 100 shares."
2025-06-09 11:00:00,5.6,5.6,5.6,5.6,100,SDT,"At 2025-06-09 11:00:00, the stock SDT opened at 5.60 VND, reached a high of 5.60 VND, a low of 5.60 VND, and closed the hour at 5.60 VND with a trading volume of 100 shares."
2025-06-09 13:00:00,5.5,5.5,5.5,5.5,1000,SDT,"At 2025-06-09 13:00:00, the stock SDT opened at 5.50 VND, reached a high of 5.50 VND, a low of 5.50 VND, and closed the hour at 5.50 VND with a trading volume of 1,000 shares."
2025-06-09 14:00:00,5.3,5.3,5.3,5.3,100,SDT,"At 2025-06-09 14:00:00, the stock SDT opened at 5.30 VND, reached a high of 5.30 VND, a low of 5.30 VND, and closed the hour at 5.30 VND with a trading volume of 100 shares."
2025-06-10 09:00:00,5.8,5.8,5.8,5.8,100,SDT,"At 2025-06-10 09:00:00, the stock SDT opened at 5.80 VND, reached a high of 5.80 VND, a low of 5.80 VND, and closed the hour at 5.80 VND with a trading volume of 100 shares."
2025-06-10 10:00:00,5.2,5.2,5.2,5.2,2100,SDT,"At 2025-06-10 10:00:00, the stock SDT opened at 5.20 VND, reached a high of 5.20 VND, a low of 5.20 VND, and closed the hour at 5.20 VND with a trading volume of 2,100 shares."
2025-06-10 11:00:00,5.5,5.6,5.5,5.6,2900,SDT,"At 2025-06-10 11:00:00, the stock SDT opened at 5.50 VND, reached a high of 5.60 VND, a low of 5.50 VND, and closed the hour at 5.60 VND with a trading volume of 2,900 shares."
2025-06-10 13:00:00,5.6,5.6,5.6,5.6,7100,SDT,"At 2025-06-10 13:00:00, the stock SDT opened at 5.60 VND, reached a high of 5.60 VND, a low of 5.60 VND, and closed the hour at 5.60 VND with a trading volume of 7,100 shares."
2025-06-12 09:00:00,5.2,5.4,4.8,4.9,11500,SDT,"At 2025-06-12 09:00:00, the stock SDT opened at 5.20 VND, reached a high of 5.40 VND, a low of 4.80 VND, and closed the hour at 4.90 VND with a trading volume of 11,500 shares."
2025-06-12 10:00:00,5.3,5.3,5.3,5.3,1500,SDT,"At 2025-06-12 10:00:00, the stock SDT opened at 5.30 VND, reached a high of 5.30 VND, a low of 5.30 VND, and closed the hour at 5.30 VND with a trading volume of 1,500 shares."
2025-06-12 11:00:00,5.3,5.3,5.3,5.3,2000,SDT,"At 2025-06-12 11:00:00, the stock SDT opened at 5.30 VND, reached a high of 5.30 VND, a low of 5.30 VND, and closed the hour at 5.30 VND with a trading volume of 2,000 shares."
2025-06-12 13:00:00,5.4,5.4,5.4,5.4,200,SDT,"At 2025-06-12 13:00:00, the stock SDT opened at 5.40 VND, reached a high of 5.40 VND, a low of 5.40 VND, and closed the hour at 5.40 VND with a trading volume of 200 shares."
2025-06-12 14:00:00,5.4,5.4,5.3,5.3,4000,SDT,"At 2025-06-12 14:00:00, the stock SDT opened at 5.40 VND, reached a high of 5.40 VND, a low of 5.30 VND, and closed the hour at 5.30 VND with a trading volume of 4,000 shares."
2025-06-13 13:00:00,5.2,5.2,5.2,5.2,2900,SDT,"At 2025-06-13 13:00:00, the stock SDT opened at 5.20 VND, reached a high of 5.20 VND, a low of 5.20 VND, and closed the hour at 5.20 VND with a trading volume of 2,900 shares."
2025-06-16 14:00:00,5.3,5.3,5.3,5.3,5000,SDT,"At 2025-06-16 14:00:00, the stock SDT opened at 5.30 VND, reached a high of 5.30 VND, a low of 5.30 VND, and closed the hour at 5.30 VND with a trading volume of 5,000 shares."
2025-06-17 09:00:00,5.3,5.3,5.3,5.3,100,SDT,"At 2025-06-17 09:00:00, the stock SDT opened at 5.30 VND, reached a high of 5.30 VND, a low of 5.30 VND, and closed the hour at 5.30 VND with a trading volume of 100 shares."
2025-06-17 14:00:00,5.2,5.5,5.2,5.5,15200,SDT,"At 2025-06-17 14:00:00, the stock SDT opened at 5.20 VND, reached a high of 5.50 VND, a low of 5.20 VND, and closed the hour at 5.50 VND with a trading volume of 15,200 shares."
2025-06-18 10:00:00,5.4,5.4,5.4,5.4,100,SDT,"At 2025-06-18 10:00:00, the stock SDT opened at 5.40 VND, reached a high of 5.40 VND, a low of 5.40 VND, and closed the hour at 5.40 VND with a trading volume of 100 shares."
2025-06-18 14:00:00,5.4,5.4,5.4,5.4,100,SDT,"At 2025-06-18 14:00:00, the stock SDT opened at 5.40 VND, reached a high of 5.40 VND, a low of 5.40 VND, and closed the hour at 5.40 VND with a trading volume of 100 shares."
2025-06-20 09:00:00,5.3,5.3,5.3,5.3,200,SDT,"At 2025-06-20 09:00:00, the stock SDT opened at 5.30 VND, reached a high of 5.30 VND, a low of 5.30 VND, and closed the hour at 5.30 VND with a trading volume of 200 shares."
2025-06-20 13:00:00,5.3,5.3,5.2,5.2,1700,SDT,"At 2025-06-20 13:00:00, the stock SDT opened at 5.30 VND, reached a high of 5.30 VND, a low of 5.20 VND, and closed the hour at 5.20 VND with a trading volume of 1,700 shares."
2025-06-20 14:00:00,5.3,5.3,5.3,5.3,200,SDT,"At 2025-06-20 14:00:00, the stock SDT opened at 5.30 VND, reached a high of 5.30 VND, a low of 5.30 VND, and closed the hour at 5.30 VND with a trading volume of 200 shares."
2025-06-23 10:00:00,5.6,5.6,5.6,5.6,500,SDT,"At 2025-06-23 10:00:00, the stock SDT opened at 5.60 VND, reached a high of 5.60 VND, a low of 5.60 VND, and closed the hour at 5.60 VND with a trading volume of 500 shares."
2025-06-23 11:00:00,5.2,5.2,5.2,5.2,5000,SDT,"At 2025-06-23 11:00:00, the stock SDT opened at 5.20 VND, reached a high of 5.20 VND, a low of 5.20 VND, and closed the hour at 5.20 VND with a trading volume of 5,000 shares."
2025-06-23 13:00:00,5.2,5.3,5.2,5.3,20400,SDT,"At 2025-06-23 13:00:00, the stock SDT opened at 5.20 VND, reached a high of 5.30 VND, a low of 5.20 VND, and closed the hour at 5.30 VND with a trading volume of 20,400 shares."
2025-06-23 14:00:00,5.2,5.2,5.2,5.2,800,SDT,"At 2025-06-23 14:00:00, the stock SDT opened at 5.20 VND, reached a high of 5.20 VND, a low of 5.20 VND, and closed the hour at 5.20 VND with a trading volume of 800 shares."
2025-06-24 09:00:00,5.3,5.3,5.1,5.1,6700,SDT,"At 2025-06-24 09:00:00, the stock SDT opened at 5.30 VND, reached a high of 5.30 VND, a low of 5.10 VND, and closed the hour at 5.10 VND with a trading volume of 6,700 shares."
2025-06-24 10:00:00,5.2,5.2,5.2,5.2,300,SDT,"At 2025-06-24 10:00:00, the stock SDT opened at 5.20 VND, reached a high of 5.20 VND, a low of 5.20 VND, and closed the hour at 5.20 VND with a trading volume of 300 shares."
2025-06-24 11:00:00,5.2,5.2,5.1,5.1,13200,SDT,"At 2025-06-24 11:00:00, the stock SDT opened at 5.20 VND, reached a high of 5.20 VND, a low of 5.10 VND, and closed the hour at 5.10 VND with a trading volume of 13,200 shares."
2025-06-24 13:00:00,5.1,5.1,5.1,5.1,700,SDT,"At 2025-06-24 13:00:00, the stock SDT opened at 5.10 VND, reached a high of 5.10 VND, a low of 5.10 VND, and closed the hour at 5.10 VND with a trading volume of 700 shares."
2025-06-24 14:00:00,5.3,5.3,5.3,5.3,300,SDT,"At 2025-06-24 14:00:00, the stock SDT opened at 5.30 VND, reached a high of 5.30 VND, a low of 5.30 VND, and closed the hour at 5.30 VND with a trading volume of 300 shares."
2025-06-25 11:00:00,5.1,5.1,5.1,5.1,4000,SDT,"At 2025-06-25 11:00:00, the stock SDT opened at 5.10 VND, reached a high of 5.10 VND, a low of 5.10 VND, and closed the hour at 5.10 VND with a trading volume of 4,000 shares."
2025-06-25 13:00:00,5.0,5.0,5.0,5.0,35300,SDT,"At 2025-06-25 13:00:00, the stock SDT opened at 5.00 VND, reached a high of 5.00 VND, a low of 5.00 VND, and closed the hour at 5.00 VND with a trading volume of 35,300 shares."
2025-06-25 14:00:00,5.0,5.2,5.0,5.2,10300,SDT,"At 2025-06-25 14:00:00, the stock SDT opened at 5.00 VND, reached a high of 5.20 VND, a low of 5.00 VND, and closed the hour at 5.20 VND with a trading volume of 10,300 shares."
2025-06-26 13:00:00,5.1,5.1,5.1,5.1,1100,SDT,"At 2025-06-26 13:00:00, the stock SDT opened at 5.10 VND, reached a high of 5.10 VND, a low of 5.10 VND, and closed the hour at 5.10 VND with a trading volume of 1,100 shares."
2025-06-26 14:00:00,5.1,5.1,5.1,5.1,3100,SDT,"At 2025-06-26 14:00:00, the stock SDT opened at 5.10 VND, reached a high of 5.10 VND, a low of 5.10 VND, and closed the hour at 5.10 VND with a trading volume of 3,100 shares."
2025-06-27 13:00:00,5.1,5.1,5.1,5.1,1900,SDT,"At 2025-06-27 13:00:00, the stock SDT opened at 5.10 VND, reached a high of 5.10 VND, a low of 5.10 VND, and closed the hour at 5.10 VND with a trading volume of 1,900 shares."
2025-06-27 14:00:00,5.1,5.2,5.1,5.2,6500,SDT,"At 2025-06-27 14:00:00, the stock SDT opened at 5.10 VND, reached a high of 5.20 VND, a low of 5.10 VND, and closed the hour at 5.20 VND with a trading volume of 6,500 shares."
2025-06-30 10:00:00,5.1,5.2,5.1,5.2,11500,SDT,"At 2025-06-30 10:00:00, the stock SDT opened at 5.10 VND, reached a high of 5.20 VND, a low of 5.10 VND, and closed the hour at 5.20 VND with a trading volume of 11,500 shares."
2025-06-30 14:00:00,5.1,5.1,5.1,5.1,400,SDT,"At 2025-06-30 14:00:00, the stock SDT opened at 5.10 VND, reached a high of 5.10 VND, a low of 5.10 VND, and closed the hour at 5.10 VND with a trading volume of 400 shares."
2025-07-01 10:00:00,5.1,5.1,5.0,5.1,10900,SDT,"At 2025-07-01 10:00:00, the stock SDT opened at 5.10 VND, reached a high of 5.10 VND, a low of 5.00 VND, and closed the hour at 5.10 VND with a trading volume of 10,900 shares."
2025-07-01 11:00:00,5.1,5.1,5.1,5.1,3700,SDT,"At 2025-07-01 11:00:00, the stock SDT opened at 5.10 VND, reached a high of 5.10 VND, a low of 5.10 VND, and closed the hour at 5.10 VND with a trading volume of 3,700 shares."
2025-07-01 13:00:00,5.1,5.1,5.1,5.1,500,SDT,"At 2025-07-01 13:00:00, the stock SDT opened at 5.10 VND, reached a high of 5.10 VND, a low of 5.10 VND, and closed the hour at 5.10 VND with a trading volume of 500 shares."
2025-07-01 14:00:00,5.1,5.1,5.1,5.1,4000,SDT,"At 2025-07-01 14:00:00, the stock SDT opened at 5.10 VND, reached a high of 5.10 VND, a low of 5.10 VND, and closed the hour at 5.10 VND with a trading volume of 4,000 shares."
2025-07-02 10:00:00,5.1,5.1,5.1,5.1,3000,SDT,"At 2025-07-02 10:00:00, the stock SDT opened at 5.10 VND, reached a high of 5.10 VND, a low of 5.10 VND, and closed the hour at 5.10 VND with a trading volume of 3,000 shares."
2025-07-02 11:00:00,5.1,5.1,5.1,5.1,100,SDT,"At 2025-07-02 11:00:00, the stock SDT opened at 5.10 VND, reached a high of 5.10 VND, a low of 5.10 VND, and closed the hour at 5.10 VND with a trading volume of 100 shares."
2025-07-02 13:00:00,5.1,5.1,5.1,5.1,3400,SDT,"At 2025-07-02 13:00:00, the stock SDT opened at 5.10 VND, reached a high of 5.10 VND, a low of 5.10 VND, and closed the hour at 5.10 VND with a trading volume of 3,400 shares."
2025-07-03 09:00:00,5.2,5.2,5.2,5.2,1200,SDT,"At 2025-07-03 09:00:00, the stock SDT opened at 5.20 VND, reached a high of 5.20 VND, a low of 5.20 VND, and closed the hour at 5.20 VND with a trading volume of 1,200 shares."
2025-07-03 10:00:00,5.1,5.3,5.1,5.3,10100,SDT,"At 2025-07-03 10:00:00, the stock SDT opened at 5.10 VND, reached a high of 5.30 VND, a low of 5.10 VND, and closed the hour at 5.30 VND with a trading volume of 10,100 shares."
2025-07-04 10:00:00,5.1,5.1,5.1,5.1,700,SDT,"At 2025-07-04 10:00:00, the stock SDT opened at 5.10 VND, reached a high of 5.10 VND, a low of 5.10 VND, and closed the hour at 5.10 VND with a trading volume of 700 shares."
2025-07-04 11:00:00,5.1,5.1,4.9,4.9,8800,SDT,"At 2025-07-04 11:00:00, the stock SDT opened at 5.10 VND, reached a high of 5.10 VND, a low of 4.90 VND, and closed the hour at 4.90 VND with a trading volume of 8,800 shares."
2025-07-04 13:00:00,5.1,5.1,5.1,5.1,10500,SDT,"At 2025-07-04 13:00:00, the stock SDT opened at 5.10 VND, reached a high of 5.10 VND, a low of 5.10 VND, and closed the hour at 5.10 VND with a trading volume of 10,500 shares."
2025-07-04 14:00:00,5.0,5.1,5.0,5.1,6300,SDT,"At 2025-07-04 14:00:00, the stock SDT opened at 5.00 VND, reached a high of 5.10 VND, a low of 5.00 VND, and closed the hour at 5.10 VND with a trading volume of 6,300 shares."
2025-07-07 09:00:00,5.1,5.4,5.1,5.4,700,SDT,"At 2025-07-07 09:00:00, the stock SDT opened at 5.10 VND, reached a high of 5.40 VND, a low of 5.10 VND, and closed the hour at 5.40 VND with a trading volume of 700 shares."
2025-07-07 11:00:00,5.2,5.2,5.2,5.2,400,SDT,"At 2025-07-07 11:00:00, the stock SDT opened at 5.20 VND, reached a high of 5.20 VND, a low of 5.20 VND, and closed the hour at 5.20 VND with a trading volume of 400 shares."
2025-07-07 13:00:00,5.1,5.1,5.1,5.1,7100,SDT,"At 2025-07-07 13:00:00, the stock SDT opened at 5.10 VND, reached a high of 5.10 VND, a low of 5.10 VND, and closed the hour at 5.10 VND with a trading volume of 7,100 shares."
2025-07-07 14:00:00,5.0,5.2,5.0,5.2,8300,SDT,"At 2025-07-07 14:00:00, the stock SDT opened at 5.00 VND, reached a high of 5.20 VND, a low of 5.00 VND, and closed the hour at 5.20 VND with a trading volume of 8,300 shares."
2025-07-08 09:00:00,5.1,5.1,5.1,5.1,100,SDT,"At 2025-07-08 09:00:00, the stock SDT opened at 5.10 VND, reached a high of 5.10 VND, a low of 5.10 VND, and closed the hour at 5.10 VND with a trading volume of 100 shares."
2025-07-08 10:00:00,5.1,5.1,5.1,5.1,900,SDT,"At 2025-07-08 10:00:00, the stock SDT opened at 5.10 VND, reached a high of 5.10 VND, a low of 5.10 VND, and closed the hour at 5.10 VND with a trading volume of 900 shares."
2025-07-08 13:00:00,5.0,5.1,5.0,5.1,15000,SDT,"At 2025-07-08 13:00:00, the stock SDT opened at 5.00 VND, reached a high of 5.10 VND, a low of 5.00 VND, and closed the hour at 5.10 VND with a trading volume of 15,000 shares."
2025-07-08 14:00:00,5.2,5.2,5.1,5.1,6200,SDT,"At 2025-07-08 14:00:00, the stock SDT opened at 5.20 VND, reached a high of 5.20 VND, a low of 5.10 VND, and closed the hour at 5.10 VND with a trading volume of 6,200 shares."
2025-07-09 09:00:00,5.1,5.1,5.1,5.1,400,SDT,"At 2025-07-09 09:00:00, the stock SDT opened at 5.10 VND, reached a high of 5.10 VND, a low of 5.10 VND, and closed the hour at 5.10 VND with a trading volume of 400 shares."
2025-07-09 11:00:00,5.2,5.2,5.1,5.1,2100,SDT,"At 2025-07-09 11:00:00, the stock SDT opened at 5.20 VND, reached a high of 5.20 VND, a low of 5.10 VND, and closed the hour at 5.10 VND with a trading volume of 2,100 shares."
2025-07-09 13:00:00,5.1,5.1,5.0,5.0,20500,SDT,"At 2025-07-09 13:00:00, the stock SDT opened at 5.10 VND, reached a high of 5.10 VND, a low of 5.00 VND, and closed the hour at 5.00 VND with a trading volume of 20,500 shares."
2025-07-09 14:00:00,5.0,5.0,5.0,5.0,14200,SDT,"At 2025-07-09 14:00:00, the stock SDT opened at 5.00 VND, reached a high of 5.00 VND, a low of 5.00 VND, and closed the hour at 5.00 VND with a trading volume of 14,200 shares."
2025-07-10 09:00:00,4.9,4.9,4.9,4.9,1000,SDT,"At 2025-07-10 09:00:00, the stock SDT opened at 4.90 VND, reached a high of 4.90 VND, a low of 4.90 VND, and closed the hour at 4.90 VND with a trading volume of 1,000 shares."
2025-07-10 10:00:00,5.0,5.1,5.0,5.1,8300,SDT,"At 2025-07-10 10:00:00, the stock SDT opened at 5.00 VND, reached a high of 5.10 VND, a low of 5.00 VND, and closed the hour at 5.10 VND with a trading volume of 8,300 shares."
2025-07-10 13:00:00,5.0,5.1,5.0,5.1,20800,SDT,"At 2025-07-10 13:00:00, the stock SDT opened at 5.00 VND, reached a high of 5.10 VND, a low of 5.00 VND, and closed the hour at 5.10 VND with a trading volume of 20,800 shares."
2025-07-10 14:00:00,5.1,5.1,5.1,5.1,100,SDT,"At 2025-07-10 14:00:00, the stock SDT opened at 5.10 VND, reached a high of 5.10 VND, a low of 5.10 VND, and closed the hour at 5.10 VND with a trading volume of 100 shares."
2025-07-11 09:00:00,5.1,5.4,5.1,5.4,700,SDT,"At 2025-07-11 09:00:00, the stock SDT opened at 5.10 VND, reached a high of 5.40 VND, a low of 5.10 VND, and closed the hour at 5.40 VND with a trading volume of 700 shares."
2025-07-11 10:00:00,5.1,5.1,5.1,5.1,1900,SDT,"At 2025-07-11 10:00:00, the stock SDT opened at 5.10 VND, reached a high of 5.10 VND, a low of 5.10 VND, and closed the hour at 5.10 VND with a trading volume of 1,900 shares."
2025-07-11 13:00:00,5.1,5.2,5.1,5.1,34100,SDT,"At 2025-07-11 13:00:00, the stock SDT opened at 5.10 VND, reached a high of 5.20 VND, a low of 5.10 VND, and closed the hour at 5.10 VND with a trading volume of 34,100 shares."
2025-07-11 14:00:00,5.1,5.1,5.1,5.1,8400,SDT,"At 2025-07-11 14:00:00, the stock SDT opened at 5.10 VND, reached a high of 5.10 VND, a low of 5.10 VND, and closed the hour at 5.10 VND with a trading volume of 8,400 shares."
2025-07-14 10:00:00,5.1,5.1,5.1,5.1,500,SDT,"At 2025-07-14 10:00:00, the stock SDT opened at 5.10 VND, reached a high of 5.10 VND, a low of 5.10 VND, and closed the hour at 5.10 VND with a trading volume of 500 shares."
2025-07-14 13:00:00,5.1,5.1,5.1,5.1,1900,SDT,"At 2025-07-14 13:00:00, the stock SDT opened at 5.10 VND, reached a high of 5.10 VND, a low of 5.10 VND, and closed the hour at 5.10 VND with a trading volume of 1,900 shares."
2025-07-14 14:00:00,5.1,5.1,5.1,5.1,500,SDT,"At 2025-07-14 14:00:00, the stock SDT opened at 5.10 VND, reached a high of 5.10 VND, a low of 5.10 VND, and closed the hour at 5.10 VND with a trading volume of 500 shares."
2025-07-15 10:00:00,5.1,5.1,5.1,5.1,200,SDT,"At 2025-07-15 10:00:00, the stock SDT opened at 5.10 VND, reached a high of 5.10 VND, a low of 5.10 VND, and closed the hour at 5.10 VND with a trading volume of 200 shares."
2025-07-15 11:00:00,5.1,5.2,5.1,5.2,15900,SDT,"At 2025-07-15 11:00:00, the stock SDT opened at 5.10 VND, reached a high of 5.20 VND, a low of 5.10 VND, and closed the hour at 5.20 VND with a trading volume of 15,900 shares."
2025-07-15 13:00:00,5.1,5.1,5.1,5.1,600,SDT,"At 2025-07-15 13:00:00, the stock SDT opened at 5.10 VND, reached a high of 5.10 VND, a low of 5.10 VND, and closed the hour at 5.10 VND with a trading volume of 600 shares."
2025-07-15 14:00:00,5.1,5.1,5.0,5.1,1500,SDT,"At 2025-07-15 14:00:00, the stock SDT opened at 5.10 VND, reached a high of 5.10 VND, a low of 5.00 VND, and closed the hour at 5.10 VND with a trading volume of 1,500 shares."
2025-07-16 09:00:00,5.0,5.0,5.0,5.0,1000,SDT,"At 2025-07-16 09:00:00, the stock SDT opened at 5.00 VND, reached a high of 5.00 VND, a low of 5.00 VND, and closed the hour at 5.00 VND with a trading volume of 1,000 shares."
2025-07-16 10:00:00,5.0,5.0,5.0,5.0,30400,SDT,"At 2025-07-16 10:00:00, the stock SDT opened at 5.00 VND, reached a high of 5.00 VND, a low of 5.00 VND, and closed the hour at 5.00 VND with a trading volume of 30,400 shares."
2025-07-16 11:00:00,5.0,5.0,5.0,5.0,1000,SDT,"At 2025-07-16 11:00:00, the stock SDT opened at 5.00 VND, reached a high of 5.00 VND, a low of 5.00 VND, and closed the hour at 5.00 VND with a trading volume of 1,000 shares."
2025-07-16 13:00:00,5.1,5.2,5.1,5.2,5900,SDT,"At 2025-07-16 13:00:00, the stock SDT opened at 5.10 VND, reached a high of 5.20 VND, a low of 5.10 VND, and closed the hour at 5.20 VND with a trading volume of 5,900 shares."
2025-07-17 09:00:00,5.1,5.1,5.0,5.0,7300,SDT,"At 2025-07-17 09:00:00, the stock SDT opened at 5.10 VND, reached a high of 5.10 VND, a low of 5.00 VND, and closed the hour at 5.00 VND with a trading volume of 7,300 shares."
2025-07-17 10:00:00,5.0,5.0,5.0,5.0,200,SDT,"At 2025-07-17 10:00:00, the stock SDT opened at 5.00 VND, reached a high of 5.00 VND, a low of 5.00 VND, and closed the hour at 5.00 VND with a trading volume of 200 shares."
2025-07-17 13:00:00,5.1,5.1,5.1,5.1,600,SDT,"At 2025-07-17 13:00:00, the stock SDT opened at 5.10 VND, reached a high of 5.10 VND, a low of 5.10 VND, and closed the hour at 5.10 VND with a trading volume of 600 shares."
2025-07-17 14:00:00,5.0,5.0,4.9,5.0,26000,SDT,"At 2025-07-17 14:00:00, the stock SDT opened at 5.00 VND, reached a high of 5.00 VND, a low of 4.90 VND, and closed the hour at 5.00 VND with a trading volume of 26,000 shares."
2025-07-18 09:00:00,5.1,5.1,5.1,5.1,100,SDT,"At 2025-07-18 09:00:00, the stock SDT opened at 5.10 VND, reached a high of 5.10 VND, a low of 5.10 VND, and closed the hour at 5.10 VND with a trading volume of 100 shares."
2025-07-18 10:00:00,5.0,5.2,5.0,5.2,3400,SDT,"At 2025-07-18 10:00:00, the stock SDT opened at 5.00 VND, reached a high of 5.20 VND, a low of 5.00 VND, and closed the hour at 5.20 VND with a trading volume of 3,400 shares."
2025-07-18 13:00:00,5.1,5.1,5.1,5.1,1600,SDT,"At 2025-07-18 13:00:00, the stock SDT opened at 5.10 VND, reached a high of 5.10 VND, a low of 5.10 VND, and closed the hour at 5.10 VND with a trading volume of 1,600 shares."
2025-07-18 14:00:00,5.1,5.2,5.0,5.2,9500,SDT,"At 2025-07-18 14:00:00, the stock SDT opened at 5.10 VND, reached a high of 5.20 VND, a low of 5.00 VND, and closed the hour at 5.20 VND with a trading volume of 9,500 shares."
2025-07-21 09:00:00,5.2,5.2,5.2,5.2,300,SDT,"At 2025-07-21 09:00:00, the stock SDT opened at 5.20 VND, reached a high of 5.20 VND, a low of 5.20 VND, and closed the hour at 5.20 VND with a trading volume of 300 shares."
2025-07-21 10:00:00,5.0,5.0,5.0,5.0,300,SDT,"At 2025-07-21 10:00:00, the stock SDT opened at 5.00 VND, reached a high of 5.00 VND, a low of 5.00 VND, and closed the hour at 5.00 VND with a trading volume of 300 shares."
2025-07-21 11:00:00,5.0,5.0,5.0,5.0,11500,SDT,"At 2025-07-21 11:00:00, the stock SDT opened at 5.00 VND, reached a high of 5.00 VND, a low of 5.00 VND, and closed the hour at 5.00 VND with a trading volume of 11,500 shares."
2025-07-21 13:00:00,4.9,4.9,4.9,4.9,12500,SDT,"At 2025-07-21 13:00:00, the stock SDT opened at 4.90 VND, reached a high of 4.90 VND, a low of 4.90 VND, and closed the hour at 4.90 VND with a trading volume of 12,500 shares."
2025-07-21 14:00:00,5.0,5.1,4.9,5.1,11100,SDT,"At 2025-07-21 14:00:00, the stock SDT opened at 5.00 VND, reached a high of 5.10 VND, a low of 4.90 VND, and closed the hour at 5.10 VND with a trading volume of 11,100 shares."
2025-07-22 09:00:00,5.0,5.0,5.0,5.0,4000,SDT,"At 2025-07-22 09:00:00, the stock SDT opened at 5.00 VND, reached a high of 5.00 VND, a low of 5.00 VND, and closed the hour at 5.00 VND with a trading volume of 4,000 shares."
2025-07-22 10:00:00,5.0,5.1,5.0,5.1,300,SDT,"At 2025-07-22 10:00:00, the stock SDT opened at 5.00 VND, reached a high of 5.10 VND, a low of 5.00 VND, and closed the hour at 5.10 VND with a trading volume of 300 shares."
2025-07-22 13:00:00,5.0,5.0,5.0,5.0,3100,SDT,"At 2025-07-22 13:00:00, the stock SDT opened at 5.00 VND, reached a high of 5.00 VND, a low of 5.00 VND, and closed the hour at 5.00 VND with a trading volume of 3,100 shares."
2025-07-22 14:00:00,5.0,5.0,5.0,5.0,3400,SDT,"At 2025-07-22 14:00:00, the stock SDT opened at 5.00 VND, reached a high of 5.00 VND, a low of 5.00 VND, and closed the hour at 5.00 VND with a trading volume of 3,400 shares."
2025-07-23 09:00:00,5.1,5.2,5.1,5.2,10700,SDT,"At 2025-07-23 09:00:00, the stock SDT opened at 5.10 VND, reached a high of 5.20 VND, a low of 5.10 VND, and closed the hour at 5.20 VND with a trading volume of 10,700 shares."
2025-07-23 10:00:00,5.1,5.3,5.0,5.3,40200,SDT,"At 2025-07-23 10:00:00, the stock SDT opened at 5.10 VND, reached a high of 5.30 VND, a low of 5.00 VND, and closed the hour at 5.30 VND with a trading volume of 40,200 shares."
2025-07-23 11:00:00,5.2,5.2,5.1,5.1,32300,SDT,"At 2025-07-23 11:00:00, the stock SDT opened at 5.20 VND, reached a high of 5.20 VND, a low of 5.10 VND, and closed the hour at 5.10 VND with a trading volume of 32,300 shares."
2025-07-23 13:00:00,5.1,5.1,5.1,5.1,5800,SDT,"At 2025-07-23 13:00:00, the stock SDT opened at 5.10 VND, reached a high of 5.10 VND, a low of 5.10 VND, and closed the hour at 5.10 VND with a trading volume of 5,800 shares."
2025-07-23 14:00:00,5.1,5.1,5.1,5.1,1700,SDT,"At 2025-07-23 14:00:00, the stock SDT opened at 5.10 VND, reached a high of 5.10 VND, a low of 5.10 VND, and closed the hour at 5.10 VND with a trading volume of 1,700 shares."
2025-07-24 09:00:00,5.1,5.1,5.1,5.1,7500,SDT,"At 2025-07-24 09:00:00, the stock SDT opened at 5.10 VND, reached a high of 5.10 VND, a low of 5.10 VND, and closed the hour at 5.10 VND with a trading volume of 7,500 shares."
2025-07-24 10:00:00,5.1,5.1,5.1,5.1,200,SDT,"At 2025-07-24 10:00:00, the stock SDT opened at 5.10 VND, reached a high of 5.10 VND, a low of 5.10 VND, and closed the hour at 5.10 VND with a trading volume of 200 shares."
2025-07-24 14:00:00,5.1,5.1,5.1,5.1,200,SDT,"At 2025-07-24 14:00:00, the stock SDT opened at 5.10 VND, reached a high of 5.10 VND, a low of 5.10 VND, and closed the hour at 5.10 VND with a trading volume of 200 shares."
2025-07-25 09:00:00,5.2,5.2,5.0,5.1,1300,SDT,"At 2025-07-25 09:00:00, the stock SDT opened at 5.20 VND, reached a high of 5.20 VND, a low of 5.00 VND, and closed the hour at 5.10 VND with a trading volume of 1,300 shares."
2025-07-25 10:00:00,5.1,5.1,5.1,5.1,400,SDT,"At 2025-07-25 10:00:00, the stock SDT opened at 5.10 VND, reached a high of 5.10 VND, a low of 5.10 VND, and closed the hour at 5.10 VND with a trading volume of 400 shares."
2025-07-25 13:00:00,5.1,5.2,5.0,5.2,2100,SDT,"At 2025-07-25 13:00:00, the stock SDT opened at 5.10 VND, reached a high of 5.20 VND, a low of 5.00 VND, and closed the hour at 5.20 VND with a trading volume of 2,100 shares."
2025-07-25 14:00:00,5.1,5.2,5.1,5.1,23400,SDT,"At 2025-07-25 14:00:00, the stock SDT opened at 5.10 VND, reached a high of 5.20 VND, a low of 5.10 VND, and closed the hour at 5.10 VND with a trading volume of 23,400 shares."
2025-07-28 09:00:00,5.2,5.2,5.2,5.2,16000,SDT,"At 2025-07-28 09:00:00, the stock SDT opened at 5.20 VND, reached a high of 5.20 VND, a low of 5.20 VND, and closed the hour at 5.20 VND with a trading volume of 16,000 shares."
2025-07-28 13:00:00,5.1,5.1,5.1,5.1,15000,SDT,"At 2025-07-28 13:00:00, the stock SDT opened at 5.10 VND, reached a high of 5.10 VND, a low of 5.10 VND, and closed the hour at 5.10 VND with a trading volume of 15,000 shares."
2025-07-28 14:00:00,5.1,5.5,5.1,5.3,21600,SDT,"At 2025-07-28 14:00:00, the stock SDT opened at 5.10 VND, reached a high of 5.50 VND, a low of 5.10 VND, and closed the hour at 5.30 VND with a trading volume of 21,600 shares."
2025-07-29 09:00:00,5.3,5.6,5.3,5.5,3600,SDT,"At 2025-07-29 09:00:00, the stock SDT opened at 5.30 VND, reached a high of 5.60 VND, a low of 5.30 VND, and closed the hour at 5.50 VND with a trading volume of 3,600 shares."
2025-07-29 14:00:00,5.2,5.2,5.2,5.2,300,SDT,"At 2025-07-29 14:00:00, the stock SDT opened at 5.20 VND, reached a high of 5.20 VND, a low of 5.20 VND, and closed the hour at 5.20 VND with a trading volume of 300 shares."
2025-07-30 09:00:00,5.2,5.2,5.2,5.2,800,SDT,"At 2025-07-30 09:00:00, the stock SDT opened at 5.20 VND, reached a high of 5.20 VND, a low of 5.20 VND, and closed the hour at 5.20 VND with a trading volume of 800 shares."
2025-07-30 13:00:00,5.2,5.2,5.2,5.2,100,SDT,"At 2025-07-30 13:00:00, the stock SDT opened at 5.20 VND, reached a high of 5.20 VND, a low of 5.20 VND, and closed the hour at 5.20 VND with a trading volume of 100 shares."
2025-07-31 09:00:00,5.1,5.1,5.0,5.0,4800,SDT,"At 2025-07-31 09:00:00, the stock SDT opened at 5.10 VND, reached a high of 5.10 VND, a low of 5.00 VND, and closed the hour at 5.00 VND with a trading volume of 4,800 shares."
2025-07-31 10:00:00,5.0,5.0,5.0,5.0,19000,SDT,"At 2025-07-31 10:00:00, the stock SDT opened at 5.00 VND, reached a high of 5.00 VND, a low of 5.00 VND, and closed the hour at 5.00 VND with a trading volume of 19,000 shares."
2025-07-31 11:00:00,5.0,5.1,5.0,5.1,7200,SDT,"At 2025-07-31 11:00:00, the stock SDT opened at 5.00 VND, reached a high of 5.10 VND, a low of 5.00 VND, and closed the hour at 5.10 VND with a trading volume of 7,200 shares."
2025-07-31 13:00:00,5.0,5.0,5.0,5.0,27100,SDT,"At 2025-07-31 13:00:00, the stock SDT opened at 5.00 VND, reached a high of 5.00 VND, a low of 5.00 VND, and closed the hour at 5.00 VND with a trading volume of 27,100 shares."
2025-07-31 14:00:00,5.1,5.1,5.1,5.1,600,SDT,"At 2025-07-31 14:00:00, the stock SDT opened at 5.10 VND, reached a high of 5.10 VND, a low of 5.10 VND, and closed the hour at 5.10 VND with a trading volume of 600 shares."
2025-08-01 10:00:00,5.0,5.0,5.0,5.0,1500,SDT,"At 2025-08-01 10:00:00, the stock SDT opened at 5.00 VND, reached a high of 5.00 VND, a low of 5.00 VND, and closed the hour at 5.00 VND with a trading volume of 1,500 shares."
2025-08-04 09:00:00,5.0,5.0,5.0,5.0,9200,SDT,"At 2025-08-04 09:00:00, the stock SDT opened at 5.00 VND, reached a high of 5.00 VND, a low of 5.00 VND, and closed the hour at 5.00 VND with a trading volume of 9,200 shares."
2025-08-04 10:00:00,5.0,5.0,5.0,5.0,2000,SDT,"At 2025-08-04 10:00:00, the stock SDT opened at 5.00 VND, reached a high of 5.00 VND, a low of 5.00 VND, and closed the hour at 5.00 VND with a trading volume of 2,000 shares."
2025-08-04 11:00:00,5.0,5.0,5.0,5.0,100,SDT,"At 2025-08-04 11:00:00, the stock SDT opened at 5.00 VND, reached a high of 5.00 VND, a low of 5.00 VND, and closed the hour at 5.00 VND with a trading volume of 100 shares."
2025-08-04 13:00:00,5.0,5.0,4.9,4.9,23600,SDT,"At 2025-08-04 13:00:00, the stock SDT opened at 5.00 VND, reached a high of 5.00 VND, a low of 4.90 VND, and closed the hour at 4.90 VND with a trading volume of 23,600 shares."
2025-08-04 14:00:00,5.0,5.0,5.0,5.0,6500,SDT,"At 2025-08-04 14:00:00, the stock SDT opened at 5.00 VND, reached a high of 5.00 VND, a low of 5.00 VND, and closed the hour at 5.00 VND with a trading volume of 6,500 shares."
2025-08-05 09:00:00,5.0,5.0,5.0,5.0,5600,SDT,"At 2025-08-05 09:00:00, the stock SDT opened at 5.00 VND, reached a high of 5.00 VND, a low of 5.00 VND, and closed the hour at 5.00 VND with a trading volume of 5,600 shares."
2025-08-05 11:00:00,5.1,5.1,5.1,5.1,100,SDT,"At 2025-08-05 11:00:00, the stock SDT opened at 5.10 VND, reached a high of 5.10 VND, a low of 5.10 VND, and closed the hour at 5.10 VND with a trading volume of 100 shares."
2025-08-05 13:00:00,5.1,5.1,5.0,5.0,200,SDT,"At 2025-08-05 13:00:00, the stock SDT opened at 5.10 VND, reached a high of 5.10 VND, a low of 5.00 VND, and closed the hour at 5.00 VND with a trading volume of 200 shares."
2025-08-05 14:00:00,5.0,5.0,5.0,5.0,4400,SDT,"At 2025-08-05 14:00:00, the stock SDT opened at 5.00 VND, reached a high of 5.00 VND, a low of 5.00 VND, and closed the hour at 5.00 VND with a trading volume of 4,400 shares."
2025-08-06 10:00:00,5.0,5.0,4.9,4.9,3800,SDT,"At 2025-08-06 10:00:00, the stock SDT opened at 5.00 VND, reached a high of 5.00 VND, a low of 4.90 VND, and closed the hour at 4.90 VND with a trading volume of 3,800 shares."
2025-08-06 11:00:00,4.9,4.9,4.9,4.9,4900,SDT,"At 2025-08-06 11:00:00, the stock SDT opened at 4.90 VND, reached a high of 4.90 VND, a low of 4.90 VND, and closed the hour at 4.90 VND with a trading volume of 4,900 shares."
2025-08-06 13:00:00,4.9,4.9,4.9,4.9,6000,SDT,"At 2025-08-06 13:00:00, the stock SDT opened at 4.90 VND, reached a high of 4.90 VND, a low of 4.90 VND, and closed the hour at 4.90 VND with a trading volume of 6,000 shares."
2025-08-06 14:00:00,5.0,5.0,5.0,5.0,8100,SDT,"At 2025-08-06 14:00:00, the stock SDT opened at 5.00 VND, reached a high of 5.00 VND, a low of 5.00 VND, and closed the hour at 5.00 VND with a trading volume of 8,100 shares."
2025-08-07 10:00:00,5.0,5.0,5.0,5.0,1000,SDT,"At 2025-08-07 10:00:00, the stock SDT opened at 5.00 VND, reached a high of 5.00 VND, a low of 5.00 VND, and closed the hour at 5.00 VND with a trading volume of 1,000 shares."
2025-08-07 13:00:00,5.1,5.1,5.1,5.1,1100,SDT,"At 2025-08-07 13:00:00, the stock SDT opened at 5.10 VND, reached a high of 5.10 VND, a low of 5.10 VND, and closed the hour at 5.10 VND with a trading volume of 1,100 shares."
2025-08-07 14:00:00,5.1,5.2,5.1,5.2,2500,SDT,"At 2025-08-07 14:00:00, the stock SDT opened at 5.10 VND, reached a high of 5.20 VND, a low of 5.10 VND, and closed the hour at 5.20 VND with a trading volume of 2,500 shares."
2025-08-08 10:00:00,5.1,5.1,5.1,5.1,2600,SDT,"At 2025-08-08 10:00:00, the stock SDT opened at 5.10 VND, reached a high of 5.10 VND, a low of 5.10 VND, and closed the hour at 5.10 VND with a trading volume of 2,600 shares."
2025-08-08 11:00:00,5.1,5.1,5.1,5.1,200,SDT,"At 2025-08-08 11:00:00, the stock SDT opened at 5.10 VND, reached a high of 5.10 VND, a low of 5.10 VND, and closed the hour at 5.10 VND with a trading volume of 200 shares."
2025-08-08 13:00:00,5.1,5.1,5.1,5.1,1500,SDT,"At 2025-08-08 13:00:00, the stock SDT opened at 5.10 VND, reached a high of 5.10 VND, a low of 5.10 VND, and closed the hour at 5.10 VND with a trading volume of 1,500 shares."
2025-08-08 14:00:00,5.1,5.1,5.1,5.1,2000,SDT,"At 2025-08-08 14:00:00, the stock SDT opened at 5.10 VND, reached a high of 5.10 VND, a low of 5.10 VND, and closed the hour at 5.10 VND with a trading volume of 2,000 shares."
2025-08-11 09:00:00,5.2,5.2,5.2,5.2,100,SDT,"At 2025-08-11 09:00:00, the stock SDT opened at 5.20 VND, reached a high of 5.20 VND, a low of 5.20 VND, and closed the hour at 5.20 VND with a trading volume of 100 shares."
2025-08-11 10:00:00,5.1,5.1,5.1,5.1,3600,SDT,"At 2025-08-11 10:00:00, the stock SDT opened at 5.10 VND, reached a high of 5.10 VND, a low of 5.10 VND, and closed the hour at 5.10 VND with a trading volume of 3,600 shares."
2025-08-11 13:00:00,5.1,5.1,5.1,5.1,7000,SDT,"At 2025-08-11 13:00:00, the stock SDT opened at 5.10 VND, reached a high of 5.10 VND, a low of 5.10 VND, and closed the hour at 5.10 VND with a trading volume of 7,000 shares."
2025-08-11 14:00:00,5.2,5.2,5.2,5.2,15800,SDT,"At 2025-08-11 14:00:00, the stock SDT opened at 5.20 VND, reached a high of 5.20 VND, a low of 5.20 VND, and closed the hour at 5.20 VND with a trading volume of 15,800 shares."
2025-08-12 09:00:00,5.1,5.2,5.1,5.2,700,SDT,"At 2025-08-12 09:00:00, the stock SDT opened at 5.10 VND, reached a high of 5.20 VND, a low of 5.10 VND, and closed the hour at 5.20 VND with a trading volume of 700 shares."
2025-08-12 10:00:00,5.2,5.2,5.1,5.1,2800,SDT,"At 2025-08-12 10:00:00, the stock SDT opened at 5.20 VND, reached a high of 5.20 VND, a low of 5.10 VND, and closed the hour at 5.10 VND with a trading volume of 2,800 shares."
2025-08-12 11:00:00,5.2,5.2,5.2,5.2,20000,SDT,"At 2025-08-12 11:00:00, the stock SDT opened at 5.20 VND, reached a high of 5.20 VND, a low of 5.20 VND, and closed the hour at 5.20 VND with a trading volume of 20,000 shares."
2025-08-12 13:00:00,5.1,5.2,5.0,5.2,29600,SDT,"At 2025-08-12 13:00:00, the stock SDT opened at 5.10 VND, reached a high of 5.20 VND, a low of 5.00 VND, and closed the hour at 5.20 VND with a trading volume of 29,600 shares."
2025-08-12 14:00:00,5.2,5.2,5.2,5.2,200,SDT,"At 2025-08-12 14:00:00, the stock SDT opened at 5.20 VND, reached a high of 5.20 VND, a low of 5.20 VND, and closed the hour at 5.20 VND with a trading volume of 200 shares."
2025-08-13 09:00:00,5.2,5.2,5.2,5.2,100,SDT,"At 2025-08-13 09:00:00, the stock SDT opened at 5.20 VND, reached a high of 5.20 VND, a low of 5.20 VND, and closed the hour at 5.20 VND with a trading volume of 100 shares."
2025-08-13 10:00:00,5.1,5.1,5.1,5.1,700,SDT,"At 2025-08-13 10:00:00, the stock SDT opened at 5.10 VND, reached a high of 5.10 VND, a low of 5.10 VND, and closed the hour at 5.10 VND with a trading volume of 700 shares."
2025-08-13 11:00:00,5.0,5.0,5.0,5.0,16300,SDT,"At 2025-08-13 11:00:00, the stock SDT opened at 5.00 VND, reached a high of 5.00 VND, a low of 5.00 VND, and closed the hour at 5.00 VND with a trading volume of 16,300 shares."
2025-08-13 13:00:00,5.1,5.1,5.0,5.0,20200,SDT,"At 2025-08-13 13:00:00, the stock SDT opened at 5.10 VND, reached a high of 5.10 VND, a low of 5.00 VND, and closed the hour at 5.00 VND with a trading volume of 20,200 shares."
2025-08-13 14:00:00,5.0,5.0,5.0,5.0,10000,SDT,"At 2025-08-13 14:00:00, the stock SDT opened at 5.00 VND, reached a high of 5.00 VND, a low of 5.00 VND, and closed the hour at 5.00 VND with a trading volume of 10,000 shares."
2025-08-14 09:00:00,5.1,5.2,5.1,5.2,3700,SDT,"At 2025-08-14 09:00:00, the stock SDT opened at 5.10 VND, reached a high of 5.20 VND, a low of 5.10 VND, and closed the hour at 5.20 VND with a trading volume of 3,700 shares."
2025-08-14 10:00:00,5.2,5.2,5.1,5.1,6500,SDT,"At 2025-08-14 10:00:00, the stock SDT opened at 5.20 VND, reached a high of 5.20 VND, a low of 5.10 VND, and closed the hour at 5.10 VND with a trading volume of 6,500 shares."
2025-08-14 13:00:00,5.1,5.1,5.1,5.1,4100,SDT,"At 2025-08-14 13:00:00, the stock SDT opened at 5.10 VND, reached a high of 5.10 VND, a low of 5.10 VND, and closed the hour at 5.10 VND with a trading volume of 4,100 shares."
2025-08-14 14:00:00,5.1,5.4,5.0,5.1,22500,SDT,"At 2025-08-14 14:00:00, the stock SDT opened at 5.10 VND, reached a high of 5.40 VND, a low of 5.00 VND, and closed the hour at 5.10 VND with a trading volume of 22,500 shares."
2025-08-15 09:00:00,5.2,5.2,5.2,5.2,100,SDT,"At 2025-08-15 09:00:00, the stock SDT opened at 5.20 VND, reached a high of 5.20 VND, a low of 5.20 VND, and closed the hour at 5.20 VND with a trading volume of 100 shares."
2025-08-15 13:00:00,5.1,5.1,5.1,5.1,3700,SDT,"At 2025-08-15 13:00:00, the stock SDT opened at 5.10 VND, reached a high of 5.10 VND, a low of 5.10 VND, and closed the hour at 5.10 VND with a trading volume of 3,700 shares."
2025-08-15 14:00:00,5.1,5.1,5.0,5.0,15900,SDT,"At 2025-08-15 14:00:00, the stock SDT opened at 5.10 VND, reached a high of 5.10 VND, a low of 5.00 VND, and closed the hour at 5.00 VND with a trading volume of 15,900 shares."
2025-08-18 10:00:00,5.0,5.1,5.0,5.1,200,SDT,"At 2025-08-18 10:00:00, the stock SDT opened at 5.00 VND, reached a high of 5.10 VND, a low of 5.00 VND, and closed the hour at 5.10 VND with a trading volume of 200 shares."
2025-08-18 11:00:00,5.0,5.0,4.9,4.9,38000,SDT,"At 2025-08-18 11:00:00, the stock SDT opened at 5.00 VND, reached a high of 5.00 VND, a low of 4.90 VND, and closed the hour at 4.90 VND with a trading volume of 38,000 shares."
2025-08-18 13:00:00,5.0,5.0,5.0,5.0,700,SDT,"At 2025-08-18 13:00:00, the stock SDT opened at 5.00 VND, reached a high of 5.00 VND, a low of 5.00 VND, and closed the hour at 5.00 VND with a trading volume of 700 shares."
2025-08-18 14:00:00,4.9,5.0,4.9,5.0,800,SDT,"At 2025-08-18 14:00:00, the stock SDT opened at 4.90 VND, reached a high of 5.00 VND, a low of 4.90 VND, and closed the hour at 5.00 VND with a trading volume of 800 shares."
2025-08-19 09:00:00,5.0,5.2,5.0,5.2,2500,SDT,"At 2025-08-19 09:00:00, the stock SDT opened at 5.00 VND, reached a high of 5.20 VND, a low of 5.00 VND, and closed the hour at 5.20 VND with a trading volume of 2,500 shares."
2025-08-19 10:00:00,5.0,5.0,4.9,5.0,50100,SDT,"At 2025-08-19 10:00:00, the stock SDT opened at 5.00 VND, reached a high of 5.00 VND, a low of 4.90 VND, and closed the hour at 5.00 VND with a trading volume of 50,100 shares."
2025-08-19 13:00:00,5.0,5.0,5.0,5.0,19300,SDT,"At 2025-08-19 13:00:00, the stock SDT opened at 5.00 VND, reached a high of 5.00 VND, a low of 5.00 VND, and closed the hour at 5.00 VND with a trading volume of 19,300 shares."
2025-08-19 14:00:00,5.0,5.0,5.0,5.0,100,SDT,"At 2025-08-19 14:00:00, the stock SDT opened at 5.00 VND, reached a high of 5.00 VND, a low of 5.00 VND, and closed the hour at 5.00 VND with a trading volume of 100 shares."
2025-08-20 09:00:00,5.1,5.1,5.0,5.0,4100,SDT,"At 2025-08-20 09:00:00, the stock SDT opened at 5.10 VND, reached a high of 5.10 VND, a low of 5.00 VND, and closed the hour at 5.00 VND with a trading volume of 4,100 shares."
2025-08-20 13:00:00,5.0,5.0,4.9,5.0,2400,SDT,"At 2025-08-20 13:00:00, the stock SDT opened at 5.00 VND, reached a high of 5.00 VND, a low of 4.90 VND, and closed the hour at 5.00 VND with a trading volume of 2,400 shares."
2025-08-20 14:00:00,5.0,5.0,5.0,5.0,200,SDT,"At 2025-08-20 14:00:00, the stock SDT opened at 5.00 VND, reached a high of 5.00 VND, a low of 5.00 VND, and closed the hour at 5.00 VND with a trading volume of 200 shares."
2025-08-21 09:00:00,4.9,5.0,4.8,5.0,700,SDT,"At 2025-08-21 09:00:00, the stock SDT opened at 4.90 VND, reached a high of 5.00 VND, a low of 4.80 VND, and closed the hour at 5.00 VND with a trading volume of 700 shares."
2025-08-21 10:00:00,4.9,4.9,4.9,4.9,100,SDT,"At 2025-08-21 10:00:00, the stock SDT opened at 4.90 VND, reached a high of 4.90 VND, a low of 4.90 VND, and closed the hour at 4.90 VND with a trading volume of 100 shares."
2025-08-21 11:00:00,5.0,5.0,5.0,5.0,100,SDT,"At 2025-08-21 11:00:00, the stock SDT opened at 5.00 VND, reached a high of 5.00 VND, a low of 5.00 VND, and closed the hour at 5.00 VND with a trading volume of 100 shares."
2025-08-21 13:00:00,5.0,5.0,5.0,5.0,10500,SDT,"At 2025-08-21 13:00:00, the stock SDT opened at 5.00 VND, reached a high of 5.00 VND, a low of 5.00 VND, and closed the hour at 5.00 VND with a trading volume of 10,500 shares."
2025-08-21 14:00:00,5.0,5.0,4.9,5.0,1800,SDT,"At 2025-08-21 14:00:00, the stock SDT opened at 5.00 VND, reached a high of 5.00 VND, a low of 4.90 VND, and closed the hour at 5.00 VND with a trading volume of 1,800 shares."
2025-08-22 13:00:00,4.9,5.0,4.8,4.9,7300,SDT,"At 2025-08-22 13:00:00, the stock SDT opened at 4.90 VND, reached a high of 5.00 VND, a low of 4.80 VND, and closed the hour at 4.90 VND with a trading volume of 7,300 shares."
2025-08-22 14:00:00,4.9,5.0,4.9,5.0,54300,SDT,"At 2025-08-22 14:00:00, the stock SDT opened at 4.90 VND, reached a high of 5.00 VND, a low of 4.90 VND, and closed the hour at 5.00 VND with a trading volume of 54,300 shares."
2025-08-25 09:00:00,4.9,5.0,4.9,5.0,1100,SDT,"At 2025-08-25 09:00:00, the stock SDT opened at 4.90 VND, reached a high of 5.00 VND, a low of 4.90 VND, and closed the hour at 5.00 VND with a trading volume of 1,100 shares."
2025-08-25 10:00:00,5.0,5.0,5.0,5.0,900,SDT,"At 2025-08-25 10:00:00, the stock SDT opened at 5.00 VND, reached a high of 5.00 VND, a low of 5.00 VND, and closed the hour at 5.00 VND with a trading volume of 900 shares."
2025-08-25 13:00:00,5.0,5.0,4.9,5.0,19400,SDT,"At 2025-08-25 13:00:00, the stock SDT opened at 5.00 VND, reached a high of 5.00 VND, a low of 4.90 VND, and closed the hour at 5.00 VND with a trading volume of 19,400 shares."
2025-08-26 10:00:00,5.0,5.0,4.9,5.0,1100,SDT,"At 2025-08-26 10:00:00, the stock SDT opened at 5.00 VND, reached a high of 5.00 VND, a low of 4.90 VND, and closed the hour at 5.00 VND with a trading volume of 1,100 shares."
2025-08-26 13:00:00,4.9,4.9,4.9,4.9,6100,SDT,"At 2025-08-26 13:00:00, the stock SDT opened at 4.90 VND, reached a high of 4.90 VND, a low of 4.90 VND, and closed the hour at 4.90 VND with a trading volume of 6,100 shares."
2025-08-27 09:00:00,5.0,5.0,5.0,5.0,100,SDT,"At 2025-08-27 09:00:00, the stock SDT opened at 5.00 VND, reached a high of 5.00 VND, a low of 5.00 VND, and closed the hour at 5.00 VND with a trading volume of 100 shares."
2025-08-27 10:00:00,5.0,5.6,5.0,5.6,1057200,SDT,"At 2025-08-27 10:00:00, the stock SDT opened at 5.00 VND, reached a high of 5.60 VND, a low of 5.00 VND, and closed the hour at 5.60 VND with a trading volume of 1,057,200 shares."
2025-08-27 11:00:00,5.5,5.5,5.2,5.5,7000,SDT,"At 2025-08-27 11:00:00, the stock SDT opened at 5.50 VND, reached a high of 5.50 VND, a low of 5.20 VND, and closed the hour at 5.50 VND with a trading volume of 7,000 shares."
2025-08-27 13:00:00,5.3,5.5,5.2,5.2,16000,SDT,"At 2025-08-27 13:00:00, the stock SDT opened at 5.30 VND, reached a high of 5.50 VND, a low of 5.20 VND, and closed the hour at 5.20 VND with a trading volume of 16,000 shares."
2025-08-27 14:00:00,5.1,5.3,5.1,5.3,14900,SDT,"At 2025-08-27 14:00:00, the stock SDT opened at 5.10 VND, reached a high of 5.30 VND, a low of 5.10 VND, and closed the hour at 5.30 VND with a trading volume of 14,900 shares."
2025-08-28 09:00:00,5.1,5.2,5.0,5.2,10200,SDT,"At 2025-08-28 09:00:00, the stock SDT opened at 5.10 VND, reached a high of 5.20 VND, a low of 5.00 VND, and closed the hour at 5.20 VND with a trading volume of 10,200 shares."
2025-08-28 10:00:00,5.2,5.2,5.2,5.2,100,SDT,"At 2025-08-28 10:00:00, the stock SDT opened at 5.20 VND, reached a high of 5.20 VND, a low of 5.20 VND, and closed the hour at 5.20 VND with a trading volume of 100 shares."
2025-08-28 11:00:00,5.2,5.2,5.2,5.2,100,SDT,"At 2025-08-28 11:00:00, the stock SDT opened at 5.20 VND, reached a high of 5.20 VND, a low of 5.20 VND, and closed the hour at 5.20 VND with a trading volume of 100 shares."
2025-08-28 14:00:00,5.1,5.1,5.1,5.1,1000,SDT,"At 2025-08-28 14:00:00, the stock SDT opened at 5.10 VND, reached a high of 5.10 VND, a low of 5.10 VND, and closed the hour at 5.10 VND with a trading volume of 1,000 shares."
2025-08-29 09:00:00,5.1,5.1,5.1,5.1,5300,SDT,"At 2025-08-29 09:00:00, the stock SDT opened at 5.10 VND, reached a high of 5.10 VND, a low of 5.10 VND, and closed the hour at 5.10 VND with a trading volume of 5,300 shares."
2025-08-29 10:00:00,5.1,5.1,5.0,5.0,18700,SDT,"At 2025-08-29 10:00:00, the stock SDT opened at 5.10 VND, reached a high of 5.10 VND, a low of 5.00 VND, and closed the hour at 5.00 VND with a trading volume of 18,700 shares."
2025-08-29 11:00:00,5.1,5.1,5.1,5.1,11800,SDT,"At 2025-08-29 11:00:00, the stock SDT opened at 5.10 VND, reached a high of 5.10 VND, a low of 5.10 VND, and closed the hour at 5.10 VND with a trading volume of 11,800 shares."
2025-08-29 13:00:00,5.0,5.1,5.0,5.0,18700,SDT,"At 2025-08-29 13:00:00, the stock SDT opened at 5.00 VND, reached a high of 5.10 VND, a low of 5.00 VND, and closed the hour at 5.00 VND with a trading volume of 18,700 shares."
2025-08-29 14:00:00,5.0,5.0,5.0,5.0,1600,SDT,"At 2025-08-29 14:00:00, the stock SDT opened at 5.00 VND, reached a high of 5.00 VND, a low of 5.00 VND, and closed the hour at 5.00 VND with a trading volume of 1,600 shares."
2025-09-03 09:00:00,5.1,5.1,5.0,5.0,200,SDT,"At 2025-09-03 09:00:00, the stock SDT opened at 5.10 VND, reached a high of 5.10 VND, a low of 5.00 VND, and closed the hour at 5.00 VND with a trading volume of 200 shares."
2025-09-03 10:00:00,5.0,5.0,4.9,5.0,4100,SDT,"At 2025-09-03 10:00:00, the stock SDT opened at 5.00 VND, reached a high of 5.00 VND, a low of 4.90 VND, and closed the hour at 5.00 VND with a trading volume of 4,100 shares."
2025-09-03 11:00:00,5.0,5.0,5.0,5.0,200,SDT,"At 2025-09-03 11:00:00, the stock SDT opened at 5.00 VND, reached a high of 5.00 VND, a low of 5.00 VND, and closed the hour at 5.00 VND with a trading volume of 200 shares."
2025-09-03 13:00:00,5.0,5.0,5.0,5.0,600,SDT,"At 2025-09-03 13:00:00, the stock SDT opened at 5.00 VND, reached a high of 5.00 VND, a low of 5.00 VND, and closed the hour at 5.00 VND with a trading volume of 600 shares."
2025-09-03 14:00:00,5.0,5.1,4.9,5.1,1400,SDT,"At 2025-09-03 14:00:00, the stock SDT opened at 5.00 VND, reached a high of 5.10 VND, a low of 4.90 VND, and closed the hour at 5.10 VND with a trading volume of 1,400 shares."
2025-09-04 09:00:00,4.9,5.0,4.9,5.0,8300,SDT,"At 2025-09-04 09:00:00, the stock SDT opened at 4.90 VND, reached a high of 5.00 VND, a low of 4.90 VND, and closed the hour at 5.00 VND with a trading volume of 8,300 shares."
2025-09-04 10:00:00,5.0,5.0,5.0,5.0,20400,SDT,"At 2025-09-04 10:00:00, the stock SDT opened at 5.00 VND, reached a high of 5.00 VND, a low of 5.00 VND, and closed the hour at 5.00 VND with a trading volume of 20,400 shares."
2025-09-04 11:00:00,5.0,5.0,5.0,5.0,300,SDT,"At 2025-09-04 11:00:00, the stock SDT opened at 5.00 VND, reached a high of 5.00 VND, a low of 5.00 VND, and closed the hour at 5.00 VND with a trading volume of 300 shares."
2025-09-04 14:00:00,5.0,5.0,5.0,5.0,7200,SDT,"At 2025-09-04 14:00:00, the stock SDT opened at 5.00 VND, reached a high of 5.00 VND, a low of 5.00 VND, and closed the hour at 5.00 VND with a trading volume of 7,200 shares."
2025-09-05 09:00:00,5.0,5.0,5.0,5.0,2600,SDT,"At 2025-09-05 09:00:00, the stock SDT opened at 5.00 VND, reached a high of 5.00 VND, a low of 5.00 VND, and closed the hour at 5.00 VND with a trading volume of 2,600 shares."
2025-09-05 10:00:00,5.0,5.0,5.0,5.0,1900,SDT,"At 2025-09-05 10:00:00, the stock SDT opened at 5.00 VND, reached a high of 5.00 VND, a low of 5.00 VND, and closed the hour at 5.00 VND with a trading volume of 1,900 shares."
2025-09-05 11:00:00,5.1,5.1,5.1,5.1,100,SDT,"At 2025-09-05 11:00:00, the stock SDT opened at 5.10 VND, reached a high of 5.10 VND, a low of 5.10 VND, and closed the hour at 5.10 VND with a trading volume of 100 shares."
2025-09-05 13:00:00,5.0,5.1,5.0,5.1,1100,SDT,"At 2025-09-05 13:00:00, the stock SDT opened at 5.00 VND, reached a high of 5.10 VND, a low of 5.00 VND, and closed the hour at 5.10 VND with a trading volume of 1,100 shares."
2025-09-08 09:00:00,5.0,5.0,4.9,4.9,2100,SDT,"At 2025-09-08 09:00:00, the stock SDT opened at 5.00 VND, reached a high of 5.00 VND, a low of 4.90 VND, and closed the hour at 4.90 VND with a trading volume of 2,100 shares."
2025-09-08 10:00:00,4.9,4.9,4.9,4.9,10000,SDT,"At 2025-09-08 10:00:00, the stock SDT opened at 4.90 VND, reached a high of 4.90 VND, a low of 4.90 VND, and closed the hour at 4.90 VND with a trading volume of 10,000 shares."
2025-09-08 13:00:00,4.9,4.9,4.9,4.9,1300,SDT,"At 2025-09-08 13:00:00, the stock SDT opened at 4.90 VND, reached a high of 4.90 VND, a low of 4.90 VND, and closed the hour at 4.90 VND with a trading volume of 1,300 shares."
2025-09-09 09:00:00,5.0,5.0,5.0,5.0,200,SDT,"At 2025-09-09 09:00:00, the stock SDT opened at 5.00 VND, reached a high of 5.00 VND, a low of 5.00 VND, and closed the hour at 5.00 VND with a trading volume of 200 shares."
2025-09-09 11:00:00,4.9,4.9,4.9,4.9,15500,SDT,"At 2025-09-09 11:00:00, the stock SDT opened at 4.90 VND, reached a high of 4.90 VND, a low of 4.90 VND, and closed the hour at 4.90 VND with a trading volume of 15,500 shares."
2025-09-09 13:00:00,4.9,4.9,4.9,4.9,800,SDT,"At 2025-09-09 13:00:00, the stock SDT opened at 4.90 VND, reached a high of 4.90 VND, a low of 4.90 VND, and closed the hour at 4.90 VND with a trading volume of 800 shares."
2025-09-10 14:00:00,4.9,4.9,4.9,4.9,900,SDT,"At 2025-09-10 14:00:00, the stock SDT opened at 4.90 VND, reached a high of 4.90 VND, a low of 4.90 VND, and closed the hour at 4.90 VND with a trading volume of 900 shares."
2025-09-11 09:00:00,5.0,5.0,5.0,5.0,1100,SDT,"At 2025-09-11 09:00:00, the stock SDT opened at 5.00 VND, reached a high of 5.00 VND, a low of 5.00 VND, and closed the hour at 5.00 VND with a trading volume of 1,100 shares."
2025-09-11 14:00:00,5.0,5.0,5.0,5.0,100,SDT,"At 2025-09-11 14:00:00, the stock SDT opened at 5.00 VND, reached a high of 5.00 VND, a low of 5.00 VND, and closed the hour at 5.00 VND with a trading volume of 100 shares."
2025-09-12 10:00:00,5.0,5.0,5.0,5.0,2200,SDT,"At 2025-09-12 10:00:00, the stock SDT opened at 5.00 VND, reached a high of 5.00 VND, a low of 5.00 VND, and closed the hour at 5.00 VND with a trading volume of 2,200 shares."
2025-09-12 13:00:00,5.0,5.0,5.0,5.0,17000,SDT,"At 2025-09-12 13:00:00, the stock SDT opened at 5.00 VND, reached a high of 5.00 VND, a low of 5.00 VND, and closed the hour at 5.00 VND with a trading volume of 17,000 shares."
2025-09-12 14:00:00,5.0,5.0,5.0,5.0,300,SDT,"At 2025-09-12 14:00:00, the stock SDT opened at 5.00 VND, reached a high of 5.00 VND, a low of 5.00 VND, and closed the hour at 5.00 VND with a trading volume of 300 shares."
2025-09-15 09:00:00,5.0,5.0,5.0,5.0,100,SDT,"At 2025-09-15 09:00:00, the stock SDT opened at 5.00 VND, reached a high of 5.00 VND, a low of 5.00 VND, and closed the hour at 5.00 VND with a trading volume of 100 shares."
2025-09-15 10:00:00,5.0,5.0,5.0,5.0,300,SDT,"At 2025-09-15 10:00:00, the stock SDT opened at 5.00 VND, reached a high of 5.00 VND, a low of 5.00 VND, and closed the hour at 5.00 VND with a trading volume of 300 shares."
2025-09-15 14:00:00,4.9,4.9,4.9,4.9,300,SDT,"At 2025-09-15 14:00:00, the stock SDT opened at 4.90 VND, reached a high of 4.90 VND, a low of 4.90 VND, and closed the hour at 4.90 VND with a trading volume of 300 shares."
2025-09-16 09:00:00,5.0,5.0,5.0,5.0,100,SDT,"At 2025-09-16 09:00:00, the stock SDT opened at 5.00 VND, reached a high of 5.00 VND, a low of 5.00 VND, and closed the hour at 5.00 VND with a trading volume of 100 shares."
2025-09-16 10:00:00,5.0,5.0,4.9,4.9,1600,SDT,"At 2025-09-16 10:00:00, the stock SDT opened at 5.00 VND, reached a high of 5.00 VND, a low of 4.90 VND, and closed the hour at 4.90 VND with a trading volume of 1,600 shares."
2025-09-16 13:00:00,5.0,5.0,5.0,5.0,1000,SDT,"At 2025-09-16 13:00:00, the stock SDT opened at 5.00 VND, reached a high of 5.00 VND, a low of 5.00 VND, and closed the hour at 5.00 VND with a trading volume of 1,000 shares."
2025-09-17 09:00:00,4.9,5.0,4.9,5.0,6200,SDT,"At 2025-09-17 09:00:00, the stock SDT opened at 4.90 VND, reached a high of 5.00 VND, a low of 4.90 VND, and closed the hour at 5.00 VND with a trading volume of 6,200 shares."
2025-09-17 10:00:00,5.0,5.0,5.0,5.0,1900,SDT,"At 2025-09-17 10:00:00, the stock SDT opened at 5.00 VND, reached a high of 5.00 VND, a low of 5.00 VND, and closed the hour at 5.00 VND with a trading volume of 1,900 shares."
2025-09-17 13:00:00,5.0,5.0,5.0,5.0,6000,SDT,"At 2025-09-17 13:00:00, the stock SDT opened at 5.00 VND, reached a high of 5.00 VND, a low of 5.00 VND, and closed the hour at 5.00 VND with a trading volume of 6,000 shares."
2025-09-17 14:00:00,4.9,5.1,4.9,5.1,6200,SDT,"At 2025-09-17 14:00:00, the stock SDT opened at 4.90 VND, reached a high of 5.10 VND, a low of 4.90 VND, and closed the hour at 5.10 VND with a trading volume of 6,200 shares."
2025-09-18 09:00:00,5.0,5.0,5.0,5.0,200,SDT,"At 2025-09-18 09:00:00, the stock SDT opened at 5.00 VND, reached a high of 5.00 VND, a low of 5.00 VND, and closed the hour at 5.00 VND with a trading volume of 200 shares."
2025-09-18 10:00:00,5.1,5.1,5.1,5.1,200,SDT,"At 2025-09-18 10:00:00, the stock SDT opened at 5.10 VND, reached a high of 5.10 VND, a low of 5.10 VND, and closed the hour at 5.10 VND with a trading volume of 200 shares."
2025-09-18 13:00:00,5.1,5.1,4.9,4.9,1000,SDT,"At 2025-09-18 13:00:00, the stock SDT opened at 5.10 VND, reached a high of 5.10 VND, a low of 4.90 VND, and closed the hour at 4.90 VND with a trading volume of 1,000 shares."
2025-09-18 14:00:00,5.1,5.1,5.1,5.1,100,SDT,"At 2025-09-18 14:00:00, the stock SDT opened at 5.10 VND, reached a high of 5.10 VND, a low of 5.10 VND, and closed the hour at 5.10 VND with a trading volume of 100 shares."
2025-09-19 10:00:00,4.9,4.9,4.9,4.9,2000,SDT,"At 2025-09-19 10:00:00, the stock SDT opened at 4.90 VND, reached a high of 4.90 VND, a low of 4.90 VND, and closed the hour at 4.90 VND with a trading volume of 2,000 shares."
2025-09-19 14:00:00,5.0,5.0,5.0,5.0,100,SDT,"At 2025-09-19 14:00:00, the stock SDT opened at 5.00 VND, reached a high of 5.00 VND, a low of 5.00 VND, and closed the hour at 5.00 VND with a trading volume of 100 shares."
2025-09-22 09:00:00,4.9,4.9,4.9,4.9,7200,SDT,"At 2025-09-22 09:00:00, the stock SDT opened at 4.90 VND, reached a high of 4.90 VND, a low of 4.90 VND, and closed the hour at 4.90 VND with a trading volume of 7,200 shares."
2025-09-22 13:00:00,4.9,4.9,4.9,4.9,300,SDT,"At 2025-09-22 13:00:00, the stock SDT opened at 4.90 VND, reached a high of 4.90 VND, a low of 4.90 VND, and closed the hour at 4.90 VND with a trading volume of 300 shares."
2025-09-22 14:00:00,4.9,4.9,4.9,4.9,5000,SDT,"At 2025-09-22 14:00:00, the stock SDT opened at 4.90 VND, reached a high of 4.90 VND, a low of 4.90 VND, and closed the hour at 4.90 VND with a trading volume of 5,000 shares."
2025-09-23 10:00:00,4.9,4.9,4.9,4.9,1700,SDT,"At 2025-09-23 10:00:00, the stock SDT opened at 4.90 VND, reached a high of 4.90 VND, a low of 4.90 VND, and closed the hour at 4.90 VND with a trading volume of 1,700 shares."
2025-09-23 13:00:00,5.0,5.0,4.9,4.9,1600,SDT,"At 2025-09-23 13:00:00, the stock SDT opened at 5.00 VND, reached a high of 5.00 VND, a low of 4.90 VND, and closed the hour at 4.90 VND with a trading volume of 1,600 shares."
2025-09-23 14:00:00,4.9,4.9,4.9,4.9,1500,SDT,"At 2025-09-23 14:00:00, the stock SDT opened at 4.90 VND, reached a high of 4.90 VND, a low of 4.90 VND, and closed the hour at 4.90 VND with a trading volume of 1,500 shares."
2025-09-24 09:00:00,4.9,4.9,4.9,4.9,600,SDT,"At 2025-09-24 09:00:00, the stock SDT opened at 4.90 VND, reached a high of 4.90 VND, a low of 4.90 VND, and closed the hour at 4.90 VND with a trading volume of 600 shares."
2025-09-24 11:00:00,4.9,4.9,4.9,4.9,16500,SDT,"At 2025-09-24 11:00:00, the stock SDT opened at 4.90 VND, reached a high of 4.90 VND, a low of 4.90 VND, and closed the hour at 4.90 VND with a trading volume of 16,500 shares."
2025-09-24 13:00:00,4.9,4.9,4.9,4.9,2000,SDT,"At 2025-09-24 13:00:00, the stock SDT opened at 4.90 VND, reached a high of 4.90 VND, a low of 4.90 VND, and closed the hour at 4.90 VND with a trading volume of 2,000 shares."
2025-09-25 10:00:00,4.9,4.9,4.9,4.9,8700,SDT,"At 2025-09-25 10:00:00, the stock SDT opened at 4.90 VND, reached a high of 4.90 VND, a low of 4.90 VND, and closed the hour at 4.90 VND with a trading volume of 8,700 shares."
2025-09-25 14:00:00,4.9,5.0,4.9,5.0,5100,SDT,"At 2025-09-25 14:00:00, the stock SDT opened at 4.90 VND, reached a high of 5.00 VND, a low of 4.90 VND, and closed the hour at 5.00 VND with a trading volume of 5,100 shares."
2025-09-26 09:00:00,5.0,5.0,4.9,4.9,9000,SDT,"At 2025-09-26 09:00:00, the stock SDT opened at 5.00 VND, reached a high of 5.00 VND, a low of 4.90 VND, and closed the hour at 4.90 VND with a trading volume of 9,000 shares."
2025-09-26 10:00:00,5.0,5.0,5.0,5.0,20300,SDT,"At 2025-09-26 10:00:00, the stock SDT opened at 5.00 VND, reached a high of 5.00 VND, a low of 5.00 VND, and closed the hour at 5.00 VND with a trading volume of 20,300 shares."
2025-09-29 13:00:00,5.0,5.0,5.0,5.0,10000,SDT,"At 2025-09-29 13:00:00, the stock SDT opened at 5.00 VND, reached a high of 5.00 VND, a low of 5.00 VND, and closed the hour at 5.00 VND with a trading volume of 10,000 shares."
2025-09-30 13:00:00,4.9,4.9,4.9,4.9,18200,SDT,"At 2025-09-30 13:00:00, the stock SDT opened at 4.90 VND, reached a high of 4.90 VND, a low of 4.90 VND, and closed the hour at 4.90 VND with a trading volume of 18,200 shares."
2025-09-30 14:00:00,4.9,5.0,4.9,5.0,2100,SDT,"At 2025-09-30 14:00:00, the stock SDT opened at 4.90 VND, reached a high of 5.00 VND, a low of 4.90 VND, and closed the hour at 5.00 VND with a trading volume of 2,100 shares."
2025-10-01 09:00:00,5.0,5.0,5.0,5.0,1500,SDT,"At 2025-10-01 09:00:00, the stock SDT opened at 5.00 VND, reached a high of 5.00 VND, a low of 5.00 VND, and closed the hour at 5.00 VND with a trading volume of 1,500 shares."
2025-10-01 10:00:00,5.0,5.0,5.0,5.0,5300,SDT,"At 2025-10-01 10:00:00, the stock SDT opened at 5.00 VND, reached a high of 5.00 VND, a low of 5.00 VND, and closed the hour at 5.00 VND with a trading volume of 5,300 shares."
2025-10-01 11:00:00,5.0,5.0,5.0,5.0,1000,SDT,"At 2025-10-01 11:00:00, the stock SDT opened at 5.00 VND, reached a high of 5.00 VND, a low of 5.00 VND, and closed the hour at 5.00 VND with a trading volume of 1,000 shares."
2025-10-01 13:00:00,5.0,5.0,5.0,5.0,9000,SDT,"At 2025-10-01 13:00:00, the stock SDT opened at 5.00 VND, reached a high of 5.00 VND, a low of 5.00 VND, and closed the hour at 5.00 VND with a trading volume of 9,000 shares."
2025-10-01 14:00:00,5.0,5.0,5.0,5.0,21000,SDT,"At 2025-10-01 14:00:00, the stock SDT opened at 5.00 VND, reached a high of 5.00 VND, a low of 5.00 VND, and closed the hour at 5.00 VND with a trading volume of 21,000 shares."
2025-10-02 09:00:00,5.0,5.0,5.0,5.0,10000,SDT,"At 2025-10-02 09:00:00, the stock SDT opened at 5.00 VND, reached a high of 5.00 VND, a low of 5.00 VND, and closed the hour at 5.00 VND with a trading volume of 10,000 shares."
2025-10-02 11:00:00,5.0,5.0,5.0,5.0,4000,SDT,"At 2025-10-02 11:00:00, the stock SDT opened at 5.00 VND, reached a high of 5.00 VND, a low of 5.00 VND, and closed the hour at 5.00 VND with a trading volume of 4,000 shares."
2025-10-02 13:00:00,5.0,5.0,5.0,5.0,10300,SDT,"At 2025-10-02 13:00:00, the stock SDT opened at 5.00 VND, reached a high of 5.00 VND, a low of 5.00 VND, and closed the hour at 5.00 VND with a trading volume of 10,300 shares."
2025-10-02 14:00:00,5.0,5.0,4.9,4.9,10100,SDT,"At 2025-10-02 14:00:00, the stock SDT opened at 5.00 VND, reached a high of 5.00 VND, a low of 4.90 VND, and closed the hour at 4.90 VND with a trading volume of 10,100 shares."
2025-10-03 09:00:00,5.0,5.0,5.0,5.0,31000,SDT,"At 2025-10-03 09:00:00, the stock SDT opened at 5.00 VND, reached a high of 5.00 VND, a low of 5.00 VND, and closed the hour at 5.00 VND with a trading volume of 31,000 shares."
2025-10-03 10:00:00,4.9,4.9,4.9,4.9,25000,SDT,"At 2025-10-03 10:00:00, the stock SDT opened at 4.90 VND, reached a high of 4.90 VND, a low of 4.90 VND, and closed the hour at 4.90 VND with a trading volume of 25,000 shares."
2025-10-03 11:00:00,4.9,4.9,4.9,4.9,5300,SDT,"At 2025-10-03 11:00:00, the stock SDT opened at 4.90 VND, reached a high of 4.90 VND, a low of 4.90 VND, and closed the hour at 4.90 VND with a trading volume of 5,300 shares."
2025-10-03 13:00:00,5.0,5.0,5.0,5.0,10000,SDT,"At 2025-10-03 13:00:00, the stock SDT opened at 5.00 VND, reached a high of 5.00 VND, a low of 5.00 VND, and closed the hour at 5.00 VND with a trading volume of 10,000 shares."
2025-10-07 09:00:00,5.0,5.0,5.0,5.0,2100,SDT,"At 2025-10-07 09:00:00, the stock SDT opened at 5.00 VND, reached a high of 5.00 VND, a low of 5.00 VND, and closed the hour at 5.00 VND with a trading volume of 2,100 shares."
2025-10-07 11:00:00,4.9,4.9,4.9,4.9,2100,SDT,"At 2025-10-07 11:00:00, the stock SDT opened at 4.90 VND, reached a high of 4.90 VND, a low of 4.90 VND, and closed the hour at 4.90 VND with a trading volume of 2,100 shares."
2025-10-07 13:00:00,4.9,5.0,4.9,5.0,300,SDT,"At 2025-10-07 13:00:00, the stock SDT opened at 4.90 VND, reached a high of 5.00 VND, a low of 4.90 VND, and closed the hour at 5.00 VND with a trading volume of 300 shares."
2025-10-08 09:00:00,4.9,5.0,4.9,5.0,300,SDT,"At 2025-10-08 09:00:00, the stock SDT opened at 4.90 VND, reached a high of 5.00 VND, a low of 4.90 VND, and closed the hour at 5.00 VND with a trading volume of 300 shares."
2025-10-08 11:00:00,4.8,4.8,4.7,4.7,15000,SDT,"At 2025-10-08 11:00:00, the stock SDT opened at 4.80 VND, reached a high of 4.80 VND, a low of 4.70 VND, and closed the hour at 4.70 VND with a trading volume of 15,000 shares."
2025-10-08 13:00:00,4.9,4.9,4.9,4.9,2400,SDT,"At 2025-10-08 13:00:00, the stock SDT opened at 4.90 VND, reached a high of 4.90 VND, a low of 4.90 VND, and closed the hour at 4.90 VND with a trading volume of 2,400 shares."
2025-10-08 14:00:00,4.9,4.9,4.9,4.9,100,SDT,"At 2025-10-08 14:00:00, the stock SDT opened at 4.90 VND, reached a high of 4.90 VND, a low of 4.90 VND, and closed the hour at 4.90 VND with a trading volume of 100 shares."
2025-10-09 10:00:00,5.0,5.0,5.0,5.0,100,SDT,"At 2025-10-09 10:00:00, the stock SDT opened at 5.00 VND, reached a high of 5.00 VND, a low of 5.00 VND, and closed the hour at 5.00 VND with a trading volume of 100 shares."
2025-10-09 14:00:00,4.9,4.9,4.9,4.9,200,SDT,"At 2025-10-09 14:00:00, the stock SDT opened at 4.90 VND, reached a high of 4.90 VND, a low of 4.90 VND, and closed the hour at 4.90 VND with a trading volume of 200 shares."
2025-10-10 10:00:00,4.9,4.9,4.9,4.9,2600,SDT,"At 2025-10-10 10:00:00, the stock SDT opened at 4.90 VND, reached a high of 4.90 VND, a low of 4.90 VND, and closed the hour at 4.90 VND with a trading volume of 2,600 shares."
2025-10-10 11:00:00,4.9,4.9,4.9,4.9,2900,SDT,"At 2025-10-10 11:00:00, the stock SDT opened at 4.90 VND, reached a high of 4.90 VND, a low of 4.90 VND, and closed the hour at 4.90 VND with a trading volume of 2,900 shares."
2025-10-10 13:00:00,4.9,4.9,4.9,4.9,12200,SDT,"At 2025-10-10 13:00:00, the stock SDT opened at 4.90 VND, reached a high of 4.90 VND, a low of 4.90 VND, and closed the hour at 4.90 VND with a trading volume of 12,200 shares."
2025-10-10 14:00:00,4.9,4.9,4.9,4.9,9500,SDT,"At 2025-10-10 14:00:00, the stock SDT opened at 4.90 VND, reached a high of 4.90 VND, a low of 4.90 VND, and closed the hour at 4.90 VND with a trading volume of 9,500 shares."
2025-10-13 13:00:00,5.0,5.0,4.8,4.8,28100,SDT,"At 2025-10-13 13:00:00, the stock SDT opened at 5.00 VND, reached a high of 5.00 VND, a low of 4.80 VND, and closed the hour at 4.80 VND with a trading volume of 28,100 shares."
2025-10-13 14:00:00,4.8,4.8,4.8,4.8,11400,SDT,"At 2025-10-13 14:00:00, the stock SDT opened at 4.80 VND, reached a high of 4.80 VND, a low of 4.80 VND, and closed the hour at 4.80 VND with a trading volume of 11,400 shares."
2025-10-14 09:00:00,4.8,4.8,4.8,4.8,5000,SDT,"At 2025-10-14 09:00:00, the stock SDT opened at 4.80 VND, reached a high of 4.80 VND, a low of 4.80 VND, and closed the hour at 4.80 VND with a trading volume of 5,000 shares."
2025-10-14 14:00:00,4.8,4.8,4.8,4.8,2400,SDT,"At 2025-10-14 14:00:00, the stock SDT opened at 4.80 VND, reached a high of 4.80 VND, a low of 4.80 VND, and closed the hour at 4.80 VND with a trading volume of 2,400 shares."
2025-10-15 09:00:00,4.8,4.8,4.8,4.8,800,SDT,"At 2025-10-15 09:00:00, the stock SDT opened at 4.80 VND, reached a high of 4.80 VND, a low of 4.80 VND, and closed the hour at 4.80 VND with a trading volume of 800 shares."
2025-10-15 10:00:00,4.8,4.8,4.8,4.8,1900,SDT,"At 2025-10-15 10:00:00, the stock SDT opened at 4.80 VND, reached a high of 4.80 VND, a low of 4.80 VND, and closed the hour at 4.80 VND with a trading volume of 1,900 shares."
2025-10-15 11:00:00,4.8,4.8,4.8,4.8,1000,SDT,"At 2025-10-15 11:00:00, the stock SDT opened at 4.80 VND, reached a high of 4.80 VND, a low of 4.80 VND, and closed the hour at 4.80 VND with a trading volume of 1,000 shares."
2025-10-15 13:00:00,4.8,4.8,4.8,4.8,300,SDT,"At 2025-10-15 13:00:00, the stock SDT opened at 4.80 VND, reached a high of 4.80 VND, a low of 4.80 VND, and closed the hour at 4.80 VND with a trading volume of 300 shares."
2025-10-15 14:00:00,4.8,5.0,4.8,5.0,2700,SDT,"At 2025-10-15 14:00:00, the stock SDT opened at 4.80 VND, reached a high of 5.00 VND, a low of 4.80 VND, and closed the hour at 5.00 VND with a trading volume of 2,700 shares."
2025-10-16 10:00:00,4.8,4.9,4.7,4.9,2200,SDT,"At 2025-10-16 10:00:00, the stock SDT opened at 4.80 VND, reached a high of 4.90 VND, a low of 4.70 VND, and closed the hour at 4.90 VND with a trading volume of 2,200 shares."
2025-10-16 13:00:00,4.8,4.8,4.8,4.8,600,SDT,"At 2025-10-16 13:00:00, the stock SDT opened at 4.80 VND, reached a high of 4.80 VND, a low of 4.80 VND, and closed the hour at 4.80 VND with a trading volume of 600 shares."
2025-10-16 14:00:00,4.7,4.7,4.7,4.7,15000,SDT,"At 2025-10-16 14:00:00, the stock SDT opened at 4.70 VND, reached a high of 4.70 VND, a low of 4.70 VND, and closed the hour at 4.70 VND with a trading volume of 15,000 shares."
2025-10-17 09:00:00,4.8,4.8,4.8,4.8,4000,SDT,"At 2025-10-17 09:00:00, the stock SDT opened at 4.80 VND, reached a high of 4.80 VND, a low of 4.80 VND, and closed the hour at 4.80 VND with a trading volume of 4,000 shares."
2025-10-17 10:00:00,4.9,4.9,4.9,4.9,200,SDT,"At 2025-10-17 10:00:00, the stock SDT opened at 4.90 VND, reached a high of 4.90 VND, a low of 4.90 VND, and closed the hour at 4.90 VND with a trading volume of 200 shares."
2025-10-17 13:00:00,4.9,4.9,4.9,4.9,2000,SDT,"At 2025-10-17 13:00:00, the stock SDT opened at 4.90 VND, reached a high of 4.90 VND, a low of 4.90 VND, and closed the hour at 4.90 VND with a trading volume of 2,000 shares."
2025-10-20 09:00:00,4.7,4.7,4.7,4.7,200,SDT,"At 2025-10-20 09:00:00, the stock SDT opened at 4.70 VND, reached a high of 4.70 VND, a low of 4.70 VND, and closed the hour at 4.70 VND with a trading volume of 200 shares."
2025-10-20 10:00:00,4.9,4.9,4.9,4.9,800,SDT,"At 2025-10-20 10:00:00, the stock SDT opened at 4.90 VND, reached a high of 4.90 VND, a low of 4.90 VND, and closed the hour at 4.90 VND with a trading volume of 800 shares."
2025-10-20 14:00:00,4.7,4.7,4.7,4.7,27100,SDT,"At 2025-10-20 14:00:00, the stock SDT opened at 4.70 VND, reached a high of 4.70 VND, a low of 4.70 VND, and closed the hour at 4.70 VND with a trading volume of 27,100 shares."
2025-10-21 09:00:00,4.6,4.7,4.6,4.7,700,SDT,"At 2025-10-21 09:00:00, the stock SDT opened at 4.60 VND, reached a high of 4.70 VND, a low of 4.60 VND, and closed the hour at 4.70 VND with a trading volume of 700 shares."
2025-10-21 10:00:00,4.7,4.7,4.7,4.7,10300,SDT,"At 2025-10-21 10:00:00, the stock SDT opened at 4.70 VND, reached a high of 4.70 VND, a low of 4.70 VND, and closed the hour at 4.70 VND with a trading volume of 10,300 shares."
2025-10-21 11:00:00,4.7,4.7,4.7,4.7,1000,SDT,"At 2025-10-21 11:00:00, the stock SDT opened at 4.70 VND, reached a high of 4.70 VND, a low of 4.70 VND, and closed the hour at 4.70 VND with a trading volume of 1,000 shares."
2025-10-21 13:00:00,4.7,4.7,4.7,4.7,800,SDT,"At 2025-10-21 13:00:00, the stock SDT opened at 4.70 VND, reached a high of 4.70 VND, a low of 4.70 VND, and closed the hour at 4.70 VND with a trading volume of 800 shares."
2025-10-21 14:00:00,4.7,4.7,4.7,4.7,200,SDT,"At 2025-10-21 14:00:00, the stock SDT opened at 4.70 VND, reached a high of 4.70 VND, a low of 4.70 VND, and closed the hour at 4.70 VND with a trading volume of 200 shares."
2025-10-22 09:00:00,4.7,4.7,4.7,4.7,12600,SDT,"At 2025-10-22 09:00:00, the stock SDT opened at 4.70 VND, reached a high of 4.70 VND, a low of 4.70 VND, and closed the hour at 4.70 VND with a trading volume of 12,600 shares."
2025-10-22 10:00:00,4.7,4.7,4.7,4.7,1600,SDT,"At 2025-10-22 10:00:00, the stock SDT opened at 4.70 VND, reached a high of 4.70 VND, a low of 4.70 VND, and closed the hour at 4.70 VND with a trading volume of 1,600 shares."
2025-10-22 13:00:00,4.8,4.9,4.8,4.9,25800,SDT,"At 2025-10-22 13:00:00, the stock SDT opened at 4.80 VND, reached a high of 4.90 VND, a low of 4.80 VND, and closed the hour at 4.90 VND with a trading volume of 25,800 shares."
2025-10-22 14:00:00,4.7,4.9,4.7,4.9,600,SDT,"At 2025-10-22 14:00:00, the stock SDT opened at 4.70 VND, reached a high of 4.90 VND, a low of 4.70 VND, and closed the hour at 4.90 VND with a trading volume of 600 shares."
2025-10-23 09:00:00,4.9,5.0,4.9,5.0,11100,SDT,"At 2025-10-23 09:00:00, the stock SDT opened at 4.90 VND, reached a high of 5.00 VND, a low of 4.90 VND, and closed the hour at 5.00 VND with a trading volume of 11,100 shares."
2025-10-23 10:00:00,4.9,4.9,4.9,4.9,700,SDT,"At 2025-10-23 10:00:00, the stock SDT opened at 4.90 VND, reached a high of 4.90 VND, a low of 4.90 VND, and closed the hour at 4.90 VND with a trading volume of 700 shares."
2025-10-23 13:00:00,4.8,4.9,4.8,4.9,200,SDT,"At 2025-10-23 13:00:00, the stock SDT opened at 4.80 VND, reached a high of 4.90 VND, a low of 4.80 VND, and closed the hour at 4.90 VND with a trading volume of 200 shares."
2025-10-23 14:00:00,4.8,4.9,4.8,4.9,2200,SDT,"At 2025-10-23 14:00:00, the stock SDT opened at 4.80 VND, reached a high of 4.90 VND, a low of 4.80 VND, and closed the hour at 4.90 VND with a trading volume of 2,200 shares."
2025-10-24 10:00:00,4.8,4.8,4.8,4.8,1000,SDT,"At 2025-10-24 10:00:00, the stock SDT opened at 4.80 VND, reached a high of 4.80 VND, a low of 4.80 VND, and closed the hour at 4.80 VND with a trading volume of 1,000 shares."
2025-10-24 13:00:00,4.8,4.8,4.8,4.8,30100,SDT,"At 2025-10-24 13:00:00, the stock SDT opened at 4.80 VND, reached a high of 4.80 VND, a low of 4.80 VND, and closed the hour at 4.80 VND with a trading volume of 30,100 shares."
2025-10-24 14:00:00,4.8,4.8,4.8,4.8,9900,SDT,"At 2025-10-24 14:00:00, the stock SDT opened at 4.80 VND, reached a high of 4.80 VND, a low of 4.80 VND, and closed the hour at 4.80 VND with a trading volume of 9,900 shares."
2025-10-27 09:00:00,4.9,4.9,4.9,4.9,100,SDT,"At 2025-10-27 09:00:00, the stock SDT opened at 4.90 VND, reached a high of 4.90 VND, a low of 4.90 VND, and closed the hour at 4.90 VND with a trading volume of 100 shares."
2025-10-27 10:00:00,4.8,4.8,4.8,4.8,1000,SDT,"At 2025-10-27 10:00:00, the stock SDT opened at 4.80 VND, reached a high of 4.80 VND, a low of 4.80 VND, and closed the hour at 4.80 VND with a trading volume of 1,000 shares."
2025-10-27 11:00:00,4.9,4.9,4.9,4.9,100,SDT,"At 2025-10-27 11:00:00, the stock SDT opened at 4.90 VND, reached a high of 4.90 VND, a low of 4.90 VND, and closed the hour at 4.90 VND with a trading volume of 100 shares."
2025-10-27 13:00:00,4.8,4.9,4.8,4.9,5100,SDT,"At 2025-10-27 13:00:00, the stock SDT opened at 4.80 VND, reached a high of 4.90 VND, a low of 4.80 VND, and closed the hour at 4.90 VND with a trading volume of 5,100 shares."
2025-10-27 14:00:00,4.9,4.9,4.9,4.9,5300,SDT,"At 2025-10-27 14:00:00, the stock SDT opened at 4.90 VND, reached a high of 4.90 VND, a low of 4.90 VND, and closed the hour at 4.90 VND with a trading volume of 5,300 shares."
2025-10-28 13:00:00,4.9,5.0,4.9,5.0,1500500,SDT,"At 2025-10-28 13:00:00, the stock SDT opened at 4.90 VND, reached a high of 5.00 VND, a low of 4.90 VND, and closed the hour at 5.00 VND with a trading volume of 1,500,500 shares."
2025-10-28 14:00:00,4.9,5.0,4.9,5.0,104300,SDT,"At 2025-10-28 14:00:00, the stock SDT opened at 4.90 VND, reached a high of 5.00 VND, a low of 4.90 VND, and closed the hour at 5.00 VND with a trading volume of 104,300 shares."
2025-10-29 09:00:00,5.0,5.0,5.0,5.0,51600,SDT,"At 2025-10-29 09:00:00, the stock SDT opened at 5.00 VND, reached a high of 5.00 VND, a low of 5.00 VND, and closed the hour at 5.00 VND with a trading volume of 51,600 shares."
2025-10-29 10:00:00,5.0,5.1,5.0,5.0,14000,SDT,"At 2025-10-29 10:00:00, the stock SDT opened at 5.00 VND, reached a high of 5.10 VND, a low of 5.00 VND, and closed the hour at 5.00 VND with a trading volume of 14,000 shares."
2025-10-29 11:00:00,5.0,5.0,5.0,5.0,3500,SDT,"At 2025-10-29 11:00:00, the stock SDT opened at 5.00 VND, reached a high of 5.00 VND, a low of 5.00 VND, and closed the hour at 5.00 VND with a trading volume of 3,500 shares."
2025-10-29 13:00:00,5.0,5.1,5.0,5.1,4300,SDT,"At 2025-10-29 13:00:00, the stock SDT opened at 5.00 VND, reached a high of 5.10 VND, a low of 5.00 VND, and closed the hour at 5.10 VND with a trading volume of 4,300 shares."
2025-10-30 10:00:00,5.1,5.2,5.1,5.2,200,SDT,"At 2025-10-30 10:00:00, the stock SDT opened at 5.10 VND, reached a high of 5.20 VND, a low of 5.10 VND, and closed the hour at 5.20 VND with a trading volume of 200 shares."
2025-10-30 13:00:00,5.0,5.2,4.9,5.2,1700,SDT,"At 2025-10-30 13:00:00, the stock SDT opened at 5.00 VND, reached a high of 5.20 VND, a low of 4.90 VND, and closed the hour at 5.20 VND with a trading volume of 1,700 shares."
2025-10-30 14:00:00,5.0,5.0,5.0,5.0,1100,SDT,"At 2025-10-30 14:00:00, the stock SDT opened at 5.00 VND, reached a high of 5.00 VND, a low of 5.00 VND, and closed the hour at 5.00 VND with a trading volume of 1,100 shares."
2025-10-31 09:00:00,5.1,5.1,5.1,5.1,1000,SDT,"At 2025-10-31 09:00:00, the stock SDT opened at 5.10 VND, reached a high of 5.10 VND, a low of 5.10 VND, and closed the hour at 5.10 VND with a trading volume of 1,000 shares."
2025-10-31 10:00:00,5.1,5.1,5.1,5.1,600,SDT,"At 2025-10-31 10:00:00, the stock SDT opened at 5.10 VND, reached a high of 5.10 VND, a low of 5.10 VND, and closed the hour at 5.10 VND with a trading volume of 600 shares."
2025-10-31 13:00:00,5.0,5.0,5.0,5.0,9900,SDT,"At 2025-10-31 13:00:00, the stock SDT opened at 5.00 VND, reached a high of 5.00 VND, a low of 5.00 VND, and closed the hour at 5.00 VND with a trading volume of 9,900 shares."
2025-10-31 14:00:00,5.0,5.0,5.0,5.0,400,SDT,"At 2025-10-31 14:00:00, the stock SDT opened at 5.00 VND, reached a high of 5.00 VND, a low of 5.00 VND, and closed the hour at 5.00 VND with a trading volume of 400 shares."
2025-11-03 09:00:00,5.0,5.0,5.0,5.0,200,SDT,"At 2025-11-03 09:00:00, the stock SDT opened at 5.00 VND, reached a high of 5.00 VND, a low of 5.00 VND, and closed the hour at 5.00 VND with a trading volume of 200 shares."
2025-11-03 10:00:00,4.9,4.9,4.9,4.9,7100,SDT,"At 2025-11-03 10:00:00, the stock SDT opened at 4.90 VND, reached a high of 4.90 VND, a low of 4.90 VND, and closed the hour at 4.90 VND with a trading volume of 7,100 shares."
2025-11-03 11:00:00,5.0,5.0,5.0,5.0,7100,SDT,"At 2025-11-03 11:00:00, the stock SDT opened at 5.00 VND, reached a high of 5.00 VND, a low of 5.00 VND, and closed the hour at 5.00 VND with a trading volume of 7,100 shares."
2025-11-03 13:00:00,5.0,5.0,5.0,5.0,200,SDT,"At 2025-11-03 13:00:00, the stock SDT opened at 5.00 VND, reached a high of 5.00 VND, a low of 5.00 VND, and closed the hour at 5.00 VND with a trading volume of 200 shares."
2025-11-03 14:00:00,5.0,5.0,5.0,5.0,7800,SDT,"At 2025-11-03 14:00:00, the stock SDT opened at 5.00 VND, reached a high of 5.00 VND, a low of 5.00 VND, and closed the hour at 5.00 VND with a trading volume of 7,800 shares."
2025-11-04 10:00:00,4.9,4.9,4.9,4.9,1300,SDT,"At 2025-11-04 10:00:00, the stock SDT opened at 4.90 VND, reached a high of 4.90 VND, a low of 4.90 VND, and closed the hour at 4.90 VND with a trading volume of 1,300 shares."
2025-11-04 11:00:00,4.9,4.9,4.9,4.9,2700,SDT,"At 2025-11-04 11:00:00, the stock SDT opened at 4.90 VND, reached a high of 4.90 VND, a low of 4.90 VND, and closed the hour at 4.90 VND with a trading volume of 2,700 shares."
2025-11-04 13:00:00,4.9,5.0,4.9,5.0,2500,SDT,"At 2025-11-04 13:00:00, the stock SDT opened at 4.90 VND, reached a high of 5.00 VND, a low of 4.90 VND, and closed the hour at 5.00 VND with a trading volume of 2,500 shares."
2025-11-04 14:00:00,5.0,5.0,5.0,5.0,8200,SDT,"At 2025-11-04 14:00:00, the stock SDT opened at 5.00 VND, reached a high of 5.00 VND, a low of 5.00 VND, and closed the hour at 5.00 VND with a trading volume of 8,200 shares."
2025-11-05 13:00:00,4.9,5.0,4.9,5.0,400,SDT,"At 2025-11-05 13:00:00, the stock SDT opened at 4.90 VND, reached a high of 5.00 VND, a low of 4.90 VND, and closed the hour at 5.00 VND with a trading volume of 400 shares."
2025-11-06 10:00:00,4.9,5.0,4.9,5.0,8400,SDT,"At 2025-11-06 10:00:00, the stock SDT opened at 4.90 VND, reached a high of 5.00 VND, a low of 4.90 VND, and closed the hour at 5.00 VND with a trading volume of 8,400 shares."
2025-11-06 13:00:00,5.0,5.0,4.9,5.0,10000,SDT,"At 2025-11-06 13:00:00, the stock SDT opened at 5.00 VND, reached a high of 5.00 VND, a low of 4.90 VND, and closed the hour at 5.00 VND with a trading volume of 10,000 shares."
2025-11-07 09:00:00,5.0,5.0,4.9,4.9,800,SDT,"At 2025-11-07 09:00:00, the stock SDT opened at 5.00 VND, reached a high of 5.00 VND, a low of 4.90 VND, and closed the hour at 4.90 VND with a trading volume of 800 shares."
2025-11-07 10:00:00,4.9,5.0,4.9,5.0,2000,SDT,"At 2025-11-07 10:00:00, the stock SDT opened at 4.90 VND, reached a high of 5.00 VND, a low of 4.90 VND, and closed the hour at 5.00 VND with a trading volume of 2,000 shares."
2025-11-07 14:00:00,4.9,4.9,4.9,4.9,3000,SDT,"At 2025-11-07 14:00:00, the stock SDT opened at 4.90 VND, reached a high of 4.90 VND, a low of 4.90 VND, and closed the hour at 4.90 VND with a trading volume of 3,000 shares."
2025-11-11 11:00:00,4.8,4.8,4.8,4.8,100,SDT,"At 2025-11-11 11:00:00, the stock SDT opened at 4.80 VND, reached a high of 4.80 VND, a low of 4.80 VND, and closed the hour at 4.80 VND with a trading volume of 100 shares."
2025-11-11 14:00:00,4.9,4.9,4.9,4.9,200,SDT,"At 2025-11-11 14:00:00, the stock SDT opened at 4.90 VND, reached a high of 4.90 VND, a low of 4.90 VND, and closed the hour at 4.90 VND with a trading volume of 200 shares."
2025-11-12 13:00:00,4.8,4.8,4.7,4.7,8700,SDT,"At 2025-11-12 13:00:00, the stock SDT opened at 4.80 VND, reached a high of 4.80 VND, a low of 4.70 VND, and closed the hour at 4.70 VND with a trading volume of 8,700 shares."
2025-11-12 14:00:00,4.8,4.9,4.7,4.9,37000,SDT,"At 2025-11-12 14:00:00, the stock SDT opened at 4.80 VND, reached a high of 4.90 VND, a low of 4.70 VND, and closed the hour at 4.90 VND with a trading volume of 37,000 shares."
2025-11-13 09:00:00,4.9,4.9,4.6,4.6,11400,SDT,"At 2025-11-13 09:00:00, the stock SDT opened at 4.90 VND, reached a high of 4.90 VND, a low of 4.60 VND, and closed the hour at 4.60 VND with a trading volume of 11,400 shares."
2025-11-13 11:00:00,4.8,4.8,4.8,4.8,3000,SDT,"At 2025-11-13 11:00:00, the stock SDT opened at 4.80 VND, reached a high of 4.80 VND, a low of 4.80 VND, and closed the hour at 4.80 VND with a trading volume of 3,000 shares."
2025-11-13 13:00:00,4.9,4.9,4.9,4.9,100,SDT,"At 2025-11-13 13:00:00, the stock SDT opened at 4.90 VND, reached a high of 4.90 VND, a low of 4.90 VND, and closed the hour at 4.90 VND with a trading volume of 100 shares."
2025-11-13 14:00:00,4.8,4.9,4.8,4.8,300,SDT,"At 2025-11-13 14:00:00, the stock SDT opened at 4.80 VND, reached a high of 4.90 VND, a low of 4.80 VND, and closed the hour at 4.80 VND with a trading volume of 300 shares."
2025-11-14 11:00:00,4.8,4.8,4.8,4.8,400,SDT,"At 2025-11-14 11:00:00, the stock SDT opened at 4.80 VND, reached a high of 4.80 VND, a low of 4.80 VND, and closed the hour at 4.80 VND with a trading volume of 400 shares."
2025-11-14 13:00:00,4.7,4.7,4.6,4.7,12400,SDT,"At 2025-11-14 13:00:00, the stock SDT opened at 4.70 VND, reached a high of 4.70 VND, a low of 4.60 VND, and closed the hour at 4.70 VND with a trading volume of 12,400 shares."
2025-11-14 14:00:00,4.7,4.7,4.6,4.7,10200,SDT,"At 2025-11-14 14:00:00, the stock SDT opened at 4.70 VND, reached a high of 4.70 VND, a low of 4.60 VND, and closed the hour at 4.70 VND with a trading volume of 10,200 shares."
2025-11-17 09:00:00,4.7,4.7,4.7,4.7,13700,SDT,"At 2025-11-17 09:00:00, the stock SDT opened at 4.70 VND, reached a high of 4.70 VND, a low of 4.70 VND, and closed the hour at 4.70 VND with a trading volume of 13,700 shares."
2025-11-17 10:00:00,4.7,4.7,4.7,4.7,200,SDT,"At 2025-11-17 10:00:00, the stock SDT opened at 4.70 VND, reached a high of 4.70 VND, a low of 4.70 VND, and closed the hour at 4.70 VND with a trading volume of 200 shares."
2025-11-17 11:00:00,4.7,4.7,4.7,4.7,4600,SDT,"At 2025-11-17 11:00:00, the stock SDT opened at 4.70 VND, reached a high of 4.70 VND, a low of 4.70 VND, and closed the hour at 4.70 VND with a trading volume of 4,600 shares."
2025-11-17 13:00:00,4.7,4.7,4.7,4.7,4200,SDT,"At 2025-11-17 13:00:00, the stock SDT opened at 4.70 VND, reached a high of 4.70 VND, a low of 4.70 VND, and closed the hour at 4.70 VND with a trading volume of 4,200 shares."
2025-11-17 14:00:00,4.7,4.7,4.7,4.7,1500,SDT,"At 2025-11-17 14:00:00, the stock SDT opened at 4.70 VND, reached a high of 4.70 VND, a low of 4.70 VND, and closed the hour at 4.70 VND with a trading volume of 1,500 shares."
2025-11-18 09:00:00,4.7,4.7,4.7,4.7,7400,SDT,"At 2025-11-18 09:00:00, the stock SDT opened at 4.70 VND, reached a high of 4.70 VND, a low of 4.70 VND, and closed the hour at 4.70 VND with a trading volume of 7,400 shares."
2025-11-18 11:00:00,4.7,4.7,4.7,4.7,6000,SDT,"At 2025-11-18 11:00:00, the stock SDT opened at 4.70 VND, reached a high of 4.70 VND, a low of 4.70 VND, and closed the hour at 4.70 VND with a trading volume of 6,000 shares."
2025-11-18 13:00:00,4.7,4.7,4.7,4.7,3000,SDT,"At 2025-11-18 13:00:00, the stock SDT opened at 4.70 VND, reached a high of 4.70 VND, a low of 4.70 VND, and closed the hour at 4.70 VND with a trading volume of 3,000 shares."
2025-11-18 14:00:00,4.7,4.7,4.7,4.7,8000,SDT,"At 2025-11-18 14:00:00, the stock SDT opened at 4.70 VND, reached a high of 4.70 VND, a low of 4.70 VND, and closed the hour at 4.70 VND with a trading volume of 8,000 shares."
2025-11-19 09:00:00,4.7,4.7,4.7,4.7,5500,SDT,"At 2025-11-19 09:00:00, the stock SDT opened at 4.70 VND, reached a high of 4.70 VND, a low of 4.70 VND, and closed the hour at 4.70 VND with a trading volume of 5,500 shares."
2025-11-19 10:00:00,4.7,4.7,4.7,4.7,9200,SDT,"At 2025-11-19 10:00:00, the stock SDT opened at 4.70 VND, reached a high of 4.70 VND, a low of 4.70 VND, and closed the hour at 4.70 VND with a trading volume of 9,200 shares."
2025-11-19 11:00:00,4.7,4.7,4.7,4.7,800,SDT,"At 2025-11-19 11:00:00, the stock SDT opened at 4.70 VND, reached a high of 4.70 VND, a low of 4.70 VND, and closed the hour at 4.70 VND with a trading volume of 800 shares."
2025-11-19 13:00:00,4.7,4.7,4.7,4.7,2200,SDT,"At 2025-11-19 13:00:00, the stock SDT opened at 4.70 VND, reached a high of 4.70 VND, a low of 4.70 VND, and closed the hour at 4.70 VND with a trading volume of 2,200 shares."
2025-11-20 09:00:00,4.7,4.7,4.7,4.7,100,SDT,"At 2025-11-20 09:00:00, the stock SDT opened at 4.70 VND, reached a high of 4.70 VND, a low of 4.70 VND, and closed the hour at 4.70 VND with a trading volume of 100 shares."
2025-11-20 10:00:00,4.6,4.6,4.6,4.6,2000,SDT,"At 2025-11-20 10:00:00, the stock SDT opened at 4.60 VND, reached a high of 4.60 VND, a low of 4.60 VND, and closed the hour at 4.60 VND with a trading volume of 2,000 shares."
2025-11-20 13:00:00,4.6,4.7,4.6,4.7,4000,SDT,"At 2025-11-20 13:00:00, the stock SDT opened at 4.60 VND, reached a high of 4.70 VND, a low of 4.60 VND, and closed the hour at 4.70 VND with a trading volume of 4,000 shares."
2025-11-20 14:00:00,4.6,4.7,4.6,4.7,5500,SDT,"At 2025-11-20 14:00:00, the stock SDT opened at 4.60 VND, reached a high of 4.70 VND, a low of 4.60 VND, and closed the hour at 4.70 VND with a trading volume of 5,500 shares."
2025-11-21 13:00:00,4.7,4.7,4.7,4.7,100,SDT,"At 2025-11-21 13:00:00, the stock SDT opened at 4.70 VND, reached a high of 4.70 VND, a low of 4.70 VND, and closed the hour at 4.70 VND with a trading volume of 100 shares."
2025-11-21 14:00:00,4.6,4.6,4.6,4.6,2000,SDT,"At 2025-11-21 14:00:00, the stock SDT opened at 4.60 VND, reached a high of 4.60 VND, a low of 4.60 VND, and closed the hour at 4.60 VND with a trading volume of 2,000 shares."
2025-11-24 13:00:00,4.6,4.6,4.6,4.6,100,SDT,"At 2025-11-24 13:00:00, the stock SDT opened at 4.60 VND, reached a high of 4.60 VND, a low of 4.60 VND, and closed the hour at 4.60 VND with a trading volume of 100 shares."
2025-11-24 14:00:00,4.7,4.7,4.7,4.7,100,SDT,"At 2025-11-24 14:00:00, the stock SDT opened at 4.70 VND, reached a high of 4.70 VND, a low of 4.70 VND, and closed the hour at 4.70 VND with a trading volume of 100 shares."
2025-11-25 09:00:00,4.7,4.7,4.7,4.7,1100,SDT,"At 2025-11-25 09:00:00, the stock SDT opened at 4.70 VND, reached a high of 4.70 VND, a low of 4.70 VND, and closed the hour at 4.70 VND with a trading volume of 1,100 shares."
2025-11-25 10:00:00,4.7,4.7,4.7,4.7,7900,SDT,"At 2025-11-25 10:00:00, the stock SDT opened at 4.70 VND, reached a high of 4.70 VND, a low of 4.70 VND, and closed the hour at 4.70 VND with a trading volume of 7,900 shares."
2025-11-25 11:00:00,4.7,4.7,4.7,4.7,2100,SDT,"At 2025-11-25 11:00:00, the stock SDT opened at 4.70 VND, reached a high of 4.70 VND, a low of 4.70 VND, and closed the hour at 4.70 VND with a trading volume of 2,100 shares."
2025-11-25 14:00:00,4.7,4.7,4.7,4.7,4600,SDT,"At 2025-11-25 14:00:00, the stock SDT opened at 4.70 VND, reached a high of 4.70 VND, a low of 4.70 VND, and closed the hour at 4.70 VND with a trading volume of 4,600 shares."
2025-11-26 09:00:00,4.7,4.7,4.7,4.7,2200,SDT,"At 2025-11-26 09:00:00, the stock SDT opened at 4.70 VND, reached a high of 4.70 VND, a low of 4.70 VND, and closed the hour at 4.70 VND with a trading volume of 2,200 shares."
2025-11-26 10:00:00,4.7,4.7,4.7,4.7,3000,SDT,"At 2025-11-26 10:00:00, the stock SDT opened at 4.70 VND, reached a high of 4.70 VND, a low of 4.70 VND, and closed the hour at 4.70 VND with a trading volume of 3,000 shares."
2025-11-26 11:00:00,4.7,4.7,4.7,4.7,600,SDT,"At 2025-11-26 11:00:00, the stock SDT opened at 4.70 VND, reached a high of 4.70 VND, a low of 4.70 VND, and closed the hour at 4.70 VND with a trading volume of 600 shares."
2025-11-26 13:00:00,4.7,4.7,4.7,4.7,2400,SDT,"At 2025-11-26 13:00:00, the stock SDT opened at 4.70 VND, reached a high of 4.70 VND, a low of 4.70 VND, and closed the hour at 4.70 VND with a trading volume of 2,400 shares."
2025-11-26 14:00:00,4.7,4.8,4.7,4.8,3300,SDT,"At 2025-11-26 14:00:00, the stock SDT opened at 4.70 VND, reached a high of 4.80 VND, a low of 4.70 VND, and closed the hour at 4.80 VND with a trading volume of 3,300 shares."
2025-11-27 14:00:00,4.8,4.8,4.8,4.8,100,SDT,"At 2025-11-27 14:00:00, the stock SDT opened at 4.80 VND, reached a high of 4.80 VND, a low of 4.80 VND, and closed the hour at 4.80 VND with a trading volume of 100 shares."
2025-11-28 09:00:00,4.7,4.7,4.7,4.7,500,SDT,"At 2025-11-28 09:00:00, the stock SDT opened at 4.70 VND, reached a high of 4.70 VND, a low of 4.70 VND, and closed the hour at 4.70 VND with a trading volume of 500 shares."
2025-11-28 10:00:00,4.8,4.8,4.8,4.8,500,SDT,"At 2025-11-28 10:00:00, the stock SDT opened at 4.80 VND, reached a high of 4.80 VND, a low of 4.80 VND, and closed the hour at 4.80 VND with a trading volume of 500 shares."
2025-11-28 13:00:00,4.7,4.7,4.7,4.7,4400,SDT,"At 2025-11-28 13:00:00, the stock SDT opened at 4.70 VND, reached a high of 4.70 VND, a low of 4.70 VND, and closed the hour at 4.70 VND with a trading volume of 4,400 shares."
2025-11-28 14:00:00,4.7,4.8,4.7,4.8,12100,SDT,"At 2025-11-28 14:00:00, the stock SDT opened at 4.70 VND, reached a high of 4.80 VND, a low of 4.70 VND, and closed the hour at 4.80 VND with a trading volume of 12,100 shares."
2025-12-01 13:00:00,4.7,4.7,4.7,4.7,3100,SDT,"At 2025-12-01 13:00:00, the stock SDT opened at 4.70 VND, reached a high of 4.70 VND, a low of 4.70 VND, and closed the hour at 4.70 VND with a trading volume of 3,100 shares."
2025-12-01 14:00:00,4.6,4.6,4.6,4.6,7000,SDT,"At 2025-12-01 14:00:00, the stock SDT opened at 4.60 VND, reached a high of 4.60 VND, a low of 4.60 VND, and closed the hour at 4.60 VND with a trading volume of 7,000 shares."
2025-12-02 09:00:00,4.6,4.7,4.6,4.7,5100,SDT,"At 2025-12-02 09:00:00, the stock SDT opened at 4.60 VND, reached a high of 4.70 VND, a low of 4.60 VND, and closed the hour at 4.70 VND with a trading volume of 5,100 shares."
2025-12-02 13:00:00,4.7,4.8,4.7,4.8,1100,SDT,"At 2025-12-02 13:00:00, the stock SDT opened at 4.70 VND, reached a high of 4.80 VND, a low of 4.70 VND, and closed the hour at 4.80 VND with a trading volume of 1,100 shares."
2025-12-03 09:00:00,4.8,4.8,4.7,4.7,900,SDT,"At 2025-12-03 09:00:00, the stock SDT opened at 4.80 VND, reached a high of 4.80 VND, a low of 4.70 VND, and closed the hour at 4.70 VND with a trading volume of 900 shares."
2025-12-03 10:00:00,4.6,4.6,4.6,4.6,1500,SDT,"At 2025-12-03 10:00:00, the stock SDT opened at 4.60 VND, reached a high of 4.60 VND, a low of 4.60 VND, and closed the hour at 4.60 VND with a trading volume of 1,500 shares."
2025-12-03 13:00:00,4.7,4.7,4.7,4.7,200,SDT,"At 2025-12-03 13:00:00, the stock SDT opened at 4.70 VND, reached a high of 4.70 VND, a low of 4.70 VND, and closed the hour at 4.70 VND with a trading volume of 200 shares."
2025-12-03 14:00:00,4.7,4.7,4.7,4.7,3000,SDT,"At 2025-12-03 14:00:00, the stock SDT opened at 4.70 VND, reached a high of 4.70 VND, a low of 4.70 VND, and closed the hour at 4.70 VND with a trading volume of 3,000 shares."
2025-12-04 09:00:00,4.7,4.7,4.7,4.7,100,SDT,"At 2025-12-04 09:00:00, the stock SDT opened at 4.70 VND, reached a high of 4.70 VND, a low of 4.70 VND, and closed the hour at 4.70 VND with a trading volume of 100 shares."
2025-12-04 10:00:00,4.7,4.7,4.7,4.7,2400,SDT,"At 2025-12-04 10:00:00, the stock SDT opened at 4.70 VND, reached a high of 4.70 VND, a low of 4.70 VND, and closed the hour at 4.70 VND with a trading volume of 2,400 shares."
2025-12-04 13:00:00,4.7,4.8,4.7,4.8,11900,SDT,"At 2025-12-04 13:00:00, the stock SDT opened at 4.70 VND, reached a high of 4.80 VND, a low of 4.70 VND, and closed the hour at 4.80 VND with a trading volume of 11,900 shares."
2025-12-05 09:00:00,4.6,4.7,4.6,4.7,8100,SDT,"At 2025-12-05 09:00:00, the stock SDT opened at 4.60 VND, reached a high of 4.70 VND, a low of 4.60 VND, and closed the hour at 4.70 VND with a trading volume of 8,100 shares."
2025-12-05 11:00:00,4.6,4.6,4.6,4.6,100,SDT,"At 2025-12-05 11:00:00, the stock SDT opened at 4.60 VND, reached a high of 4.60 VND, a low of 4.60 VND, and closed the hour at 4.60 VND with a trading volume of 100 shares."
2025-12-05 13:00:00,4.7,4.7,4.7,4.7,1000,SDT,"At 2025-12-05 13:00:00, the stock SDT opened at 4.70 VND, reached a high of 4.70 VND, a low of 4.70 VND, and closed the hour at 4.70 VND with a trading volume of 1,000 shares."
2025-12-05 14:00:00,4.7,4.7,4.7,4.7,2900,SDT,"At 2025-12-05 14:00:00, the stock SDT opened at 4.70 VND, reached a high of 4.70 VND, a low of 4.70 VND, and closed the hour at 4.70 VND with a trading volume of 2,900 shares."
2025-12-08 09:00:00,4.7,4.7,4.7,4.7,3000,SDT,"At 2025-12-08 09:00:00, the stock SDT opened at 4.70 VND, reached a high of 4.70 VND, a low of 4.70 VND, and closed the hour at 4.70 VND with a trading volume of 3,000 shares."
2025-12-08 13:00:00,4.6,4.6,4.6,4.6,9000,SDT,"At 2025-12-08 13:00:00, the stock SDT opened at 4.60 VND, reached a high of 4.60 VND, a low of 4.60 VND, and closed the hour at 4.60 VND with a trading volume of 9,000 shares."
2025-12-09 09:00:00,4.7,4.7,4.7,4.7,2500,SDT,"At 2025-12-09 09:00:00, the stock SDT opened at 4.70 VND, reached a high of 4.70 VND, a low of 4.70 VND, and closed the hour at 4.70 VND with a trading volume of 2,500 shares."
2025-12-09 10:00:00,4.6,4.6,4.6,4.6,6500,SDT,"At 2025-12-09 10:00:00, the stock SDT opened at 4.60 VND, reached a high of 4.60 VND, a low of 4.60 VND, and closed the hour at 4.60 VND with a trading volume of 6,500 shares."
2025-12-09 13:00:00,4.6,4.6,4.6,4.6,13500,SDT,"At 2025-12-09 13:00:00, the stock SDT opened at 4.60 VND, reached a high of 4.60 VND, a low of 4.60 VND, and closed the hour at 4.60 VND with a trading volume of 13,500 shares."
2025-12-09 14:00:00,4.7,4.7,4.7,4.7,300,SDT,"At 2025-12-09 14:00:00, the stock SDT opened at 4.70 VND, reached a high of 4.70 VND, a low of 4.70 VND, and closed the hour at 4.70 VND with a trading volume of 300 shares."
2025-12-10 09:00:00,4.6,4.6,4.2,4.5,1800,SDT,"At 2025-12-10 09:00:00, the stock SDT opened at 4.60 VND, reached a high of 4.60 VND, a low of 4.20 VND, and closed the hour at 4.50 VND with a trading volume of 1,800 shares."
2025-12-10 11:00:00,4.5,4.5,4.5,4.5,300,SDT,"At 2025-12-10 11:00:00, the stock SDT opened at 4.50 VND, reached a high of 4.50 VND, a low of 4.50 VND, and closed the hour at 4.50 VND with a trading volume of 300 shares."
2025-12-10 13:00:00,4.6,4.6,4.6,4.6,200,SDT,"At 2025-12-10 13:00:00, the stock SDT opened at 4.60 VND, reached a high of 4.60 VND, a low of 4.60 VND, and closed the hour at 4.60 VND with a trading volume of 200 shares."
2025-12-10 14:00:00,4.6,4.6,4.6,4.6,1000,SDT,"At 2025-12-10 14:00:00, the stock SDT opened at 4.60 VND, reached a high of 4.60 VND, a low of 4.60 VND, and closed the hour at 4.60 VND with a trading volume of 1,000 shares."
2025-12-11 11:00:00,4.6,4.6,4.6,4.6,100,SDT,"At 2025-12-11 11:00:00, the stock SDT opened at 4.60 VND, reached a high of 4.60 VND, a low of 4.60 VND, and closed the hour at 4.60 VND with a trading volume of 100 shares."
2025-12-11 13:00:00,4.5,4.6,4.5,4.5,52600,SDT,"At 2025-12-11 13:00:00, the stock SDT opened at 4.50 VND, reached a high of 4.60 VND, a low of 4.50 VND, and closed the hour at 4.50 VND with a trading volume of 52,600 shares."
2025-12-11 14:00:00,4.6,4.6,4.6,4.6,1900,SDT,"At 2025-12-11 14:00:00, the stock SDT opened at 4.60 VND, reached a high of 4.60 VND, a low of 4.60 VND, and closed the hour at 4.60 VND with a trading volume of 1,900 shares."
2025-12-12 09:00:00,4.6,4.6,4.6,4.6,2000,SDT,"At 2025-12-12 09:00:00, the stock SDT opened at 4.60 VND, reached a high of 4.60 VND, a low of 4.60 VND, and closed the hour at 4.60 VND with a trading volume of 2,000 shares."
2025-12-12 10:00:00,4.6,4.6,4.6,4.6,3000,SDT,"At 2025-12-12 10:00:00, the stock SDT opened at 4.60 VND, reached a high of 4.60 VND, a low of 4.60 VND, and closed the hour at 4.60 VND with a trading volume of 3,000 shares."
2025-12-12 11:00:00,4.6,4.6,4.6,4.6,1500,SDT,"At 2025-12-12 11:00:00, the stock SDT opened at 4.60 VND, reached a high of 4.60 VND, a low of 4.60 VND, and closed the hour at 4.60 VND with a trading volume of 1,500 shares."
2025-12-12 14:00:00,4.5,4.5,4.5,4.5,4000,SDT,"At 2025-12-12 14:00:00, the stock SDT opened at 4.50 VND, reached a high of 4.50 VND, a low of 4.50 VND, and closed the hour at 4.50 VND with a trading volume of 4,000 shares."
2025-12-15 09:00:00,4.6,4.6,4.6,4.6,3100,SDT,"At 2025-12-15 09:00:00, the stock SDT opened at 4.60 VND, reached a high of 4.60 VND, a low of 4.60 VND, and closed the hour at 4.60 VND with a trading volume of 3,100 shares."
2025-12-15 10:00:00,4.6,4.6,4.6,4.6,3000,SDT,"At 2025-12-15 10:00:00, the stock SDT opened at 4.60 VND, reached a high of 4.60 VND, a low of 4.60 VND, and closed the hour at 4.60 VND with a trading volume of 3,000 shares."
2025-12-15 13:00:00,4.5,4.6,4.5,4.6,7000,SDT,"At 2025-12-15 13:00:00, the stock SDT opened at 4.50 VND, reached a high of 4.60 VND, a low of 4.50 VND, and closed the hour at 4.60 VND with a trading volume of 7,000 shares."
2025-12-16 09:00:00,4.5,4.5,4.5,4.5,9500,SDT,"At 2025-12-16 09:00:00, the stock SDT opened at 4.50 VND, reached a high of 4.50 VND, a low of 4.50 VND, and closed the hour at 4.50 VND with a trading volume of 9,500 shares."
2025-12-16 10:00:00,4.5,4.5,4.5,4.5,1600,SDT,"At 2025-12-16 10:00:00, the stock SDT opened at 4.50 VND, reached a high of 4.50 VND, a low of 4.50 VND, and closed the hour at 4.50 VND with a trading volume of 1,600 shares."
2025-12-16 13:00:00,4.5,4.5,4.5,4.5,6900,SDT,"At 2025-12-16 13:00:00, the stock SDT opened at 4.50 VND, reached a high of 4.50 VND, a low of 4.50 VND, and closed the hour at 4.50 VND with a trading volume of 6,900 shares."
2025-12-16 14:00:00,4.5,4.5,4.5,4.5,2400,SDT,"At 2025-12-16 14:00:00, the stock SDT opened at 4.50 VND, reached a high of 4.50 VND, a low of 4.50 VND, and closed the hour at 4.50 VND with a trading volume of 2,400 shares."
2025-12-17 09:00:00,4.5,4.5,4.5,4.5,4100,SDT,"At 2025-12-17 09:00:00, the stock SDT opened at 4.50 VND, reached a high of 4.50 VND, a low of 4.50 VND, and closed the hour at 4.50 VND with a trading volume of 4,100 shares."
2025-12-17 10:00:00,4.5,4.5,4.5,4.5,1500,SDT,"At 2025-12-17 10:00:00, the stock SDT opened at 4.50 VND, reached a high of 4.50 VND, a low of 4.50 VND, and closed the hour at 4.50 VND with a trading volume of 1,500 shares."
2025-12-17 11:00:00,4.5,4.5,4.5,4.5,800,SDT,"At 2025-12-17 11:00:00, the stock SDT opened at 4.50 VND, reached a high of 4.50 VND, a low of 4.50 VND, and closed the hour at 4.50 VND with a trading volume of 800 shares."
2025-12-17 13:00:00,4.5,4.5,4.5,4.5,15100,SDT,"At 2025-12-17 13:00:00, the stock SDT opened at 4.50 VND, reached a high of 4.50 VND, a low of 4.50 VND, and closed the hour at 4.50 VND with a trading volume of 15,100 shares."
2025-12-17 14:00:00,4.5,4.5,4.5,4.5,2200,SDT,"At 2025-12-17 14:00:00, the stock SDT opened at 4.50 VND, reached a high of 4.50 VND, a low of 4.50 VND, and closed the hour at 4.50 VND with a trading volume of 2,200 shares."
2025-12-18 10:00:00,4.5,4.5,4.5,4.5,300,SDT,"At 2025-12-18 10:00:00, the stock SDT opened at 4.50 VND, reached a high of 4.50 VND, a low of 4.50 VND, and closed the hour at 4.50 VND with a trading volume of 300 shares."
2025-12-18 13:00:00,4.5,4.5,4.5,4.5,13400,SDT,"At 2025-12-18 13:00:00, the stock SDT opened at 4.50 VND, reached a high of 4.50 VND, a low of 4.50 VND, and closed the hour at 4.50 VND with a trading volume of 13,400 shares."
2025-12-19 09:00:00,4.5,4.5,4.5,4.5,5100,SDT,"At 2025-12-19 09:00:00, the stock SDT opened at 4.50 VND, reached a high of 4.50 VND, a low of 4.50 VND, and closed the hour at 4.50 VND with a trading volume of 5,100 shares."
2025-12-19 10:00:00,4.5,4.5,4.5,4.5,3700,SDT,"At 2025-12-19 10:00:00, the stock SDT opened at 4.50 VND, reached a high of 4.50 VND, a low of 4.50 VND, and closed the hour at 4.50 VND with a trading volume of 3,700 shares."
2025-12-19 11:00:00,4.5,4.5,4.5,4.5,3200,SDT,"At 2025-12-19 11:00:00, the stock SDT opened at 4.50 VND, reached a high of 4.50 VND, a low of 4.50 VND, and closed the hour at 4.50 VND with a trading volume of 3,200 shares."
2025-12-19 13:00:00,4.5,4.5,4.5,4.5,1500,SDT,"At 2025-12-19 13:00:00, the stock SDT opened at 4.50 VND, reached a high of 4.50 VND, a low of 4.50 VND, and closed the hour at 4.50 VND with a trading volume of 1,500 shares."
2025-12-19 14:00:00,4.5,4.6,4.5,4.6,700,SDT,"At 2025-12-19 14:00:00, the stock SDT opened at 4.50 VND, reached a high of 4.60 VND, a low of 4.50 VND, and closed the hour at 4.60 VND with a trading volume of 700 shares."
2025-12-22 09:00:00,4.5,4.5,4.5,4.5,1200,SDT,"At 2025-12-22 09:00:00, the stock SDT opened at 4.50 VND, reached a high of 4.50 VND, a low of 4.50 VND, and closed the hour at 4.50 VND with a trading volume of 1,200 shares."
2025-12-22 10:00:00,4.5,4.5,4.5,4.5,3100,SDT,"At 2025-12-22 10:00:00, the stock SDT opened at 4.50 VND, reached a high of 4.50 VND, a low of 4.50 VND, and closed the hour at 4.50 VND with a trading volume of 3,100 shares."
2025-12-22 13:00:00,4.5,4.5,4.5,4.5,1000,SDT,"At 2025-12-22 13:00:00, the stock SDT opened at 4.50 VND, reached a high of 4.50 VND, a low of 4.50 VND, and closed the hour at 4.50 VND with a trading volume of 1,000 shares."
2025-12-22 14:00:00,4.5,4.5,4.5,4.5,2300,SDT,"At 2025-12-22 14:00:00, the stock SDT opened at 4.50 VND, reached a high of 4.50 VND, a low of 4.50 VND, and closed the hour at 4.50 VND with a trading volume of 2,300 shares."
2025-12-23 09:00:00,4.5,4.5,4.5,4.5,100,SDT,"At 2025-12-23 09:00:00, the stock SDT opened at 4.50 VND, reached a high of 4.50 VND, a low of 4.50 VND, and closed the hour at 4.50 VND with a trading volume of 100 shares."
2025-12-23 10:00:00,4.5,4.5,4.5,4.5,400,SDT,"At 2025-12-23 10:00:00, the stock SDT opened at 4.50 VND, reached a high of 4.50 VND, a low of 4.50 VND, and closed the hour at 4.50 VND with a trading volume of 400 shares."
2025-12-23 13:00:00,4.4,4.5,4.4,4.5,600,SDT,"At 2025-12-23 13:00:00, the stock SDT opened at 4.40 VND, reached a high of 4.50 VND, a low of 4.40 VND, and closed the hour at 4.50 VND with a trading volume of 600 shares."
2025-12-24 10:00:00,4.4,4.4,4.4,4.4,7600,SDT,"At 2025-12-24 10:00:00, the stock SDT opened at 4.40 VND, reached a high of 4.40 VND, a low of 4.40 VND, and closed the hour at 4.40 VND with a trading volume of 7,600 shares."
2025-12-24 11:00:00,4.4,4.4,4.4,4.4,700,SDT,"At 2025-12-24 11:00:00, the stock SDT opened at 4.40 VND, reached a high of 4.40 VND, a low of 4.40 VND, and closed the hour at 4.40 VND with a trading volume of 700 shares."
2025-12-24 13:00:00,4.4,4.4,4.4,4.4,1000,SDT,"At 2025-12-24 13:00:00, the stock SDT opened at 4.40 VND, reached a high of 4.40 VND, a low of 4.40 VND, and closed the hour at 4.40 VND with a trading volume of 1,000 shares."
2025-12-24 14:00:00,4.4,4.5,4.4,4.5,14100,SDT,"At 2025-12-24 14:00:00, the stock SDT opened at 4.40 VND, reached a high of 4.50 VND, a low of 4.40 VND, and closed the hour at 4.50 VND with a trading volume of 14,100 shares."
2025-12-25 09:00:00,4.4,4.4,4.4,4.4,6500,SDT,"At 2025-12-25 09:00:00, the stock SDT opened at 4.40 VND, reached a high of 4.40 VND, a low of 4.40 VND, and closed the hour at 4.40 VND with a trading volume of 6,500 shares."
2025-12-25 10:00:00,4.4,4.4,4.3,4.3,14100,SDT,"At 2025-12-25 10:00:00, the stock SDT opened at 4.40 VND, reached a high of 4.40 VND, a low of 4.30 VND, and closed the hour at 4.30 VND with a trading volume of 14,100 shares."
2025-12-25 11:00:00,4.3,4.3,4.3,4.3,1000,SDT,"At 2025-12-25 11:00:00, the stock SDT opened at 4.30 VND, reached a high of 4.30 VND, a low of 4.30 VND, and closed the hour at 4.30 VND with a trading volume of 1,000 shares."
2025-12-25 13:00:00,4.4,4.4,4.4,4.4,100,SDT,"At 2025-12-25 13:00:00, the stock SDT opened at 4.40 VND, reached a high of 4.40 VND, a low of 4.40 VND, and closed the hour at 4.40 VND with a trading volume of 100 shares."
2025-12-26 09:00:00,4.4,4.4,4.3,4.3,1800,SDT,"At 2025-12-26 09:00:00, the stock SDT opened at 4.40 VND, reached a high of 4.40 VND, a low of 4.30 VND, and closed the hour at 4.30 VND with a trading volume of 1,800 shares."
2025-12-26 11:00:00,4.3,4.3,4.3,4.3,200,SDT,"At 2025-12-26 11:00:00, the stock SDT opened at 4.30 VND, reached a high of 4.30 VND, a low of 4.30 VND, and closed the hour at 4.30 VND with a trading volume of 200 shares."
2025-12-26 13:00:00,4.3,4.3,4.3,4.3,10100,SDT,"At 2025-12-26 13:00:00, the stock SDT opened at 4.30 VND, reached a high of 4.30 VND, a low of 4.30 VND, and closed the hour at 4.30 VND with a trading volume of 10,100 shares."
2025-12-26 14:00:00,4.3,4.3,4.3,4.3,13200,SDT,"At 2025-12-26 14:00:00, the stock SDT opened at 4.30 VND, reached a high of 4.30 VND, a low of 4.30 VND, and closed the hour at 4.30 VND with a trading volume of 13,200 shares."
2025-12-29 09:00:00,4.3,4.3,4.3,4.3,6000,SDT,"At 2025-12-29 09:00:00, the stock SDT opened at 4.30 VND, reached a high of 4.30 VND, a low of 4.30 VND, and closed the hour at 4.30 VND with a trading volume of 6,000 shares."
2025-12-29 11:00:00,4.2,4.3,4.2,4.3,14300,SDT,"At 2025-12-29 11:00:00, the stock SDT opened at 4.20 VND, reached a high of 4.30 VND, a low of 4.20 VND, and closed the hour at 4.30 VND with a trading volume of 14,300 shares."
2025-12-29 13:00:00,4.3,4.3,4.3,4.3,300,SDT,"At 2025-12-29 13:00:00, the stock SDT opened at 4.30 VND, reached a high of 4.30 VND, a low of 4.30 VND, and closed the hour at 4.30 VND with a trading volume of 300 shares."
2025-12-30 09:00:00,4.2,4.3,4.2,4.3,1100,SDT,"At 2025-12-30 09:00:00, the stock SDT opened at 4.20 VND, reached a high of 4.30 VND, a low of 4.20 VND, and closed the hour at 4.30 VND with a trading volume of 1,100 shares."
2025-12-30 10:00:00,4.3,4.3,4.3,4.3,100,SDT,"At 2025-12-30 10:00:00, the stock SDT opened at 4.30 VND, reached a high of 4.30 VND, a low of 4.30 VND, and closed the hour at 4.30 VND with a trading volume of 100 shares."
2025-12-30 13:00:00,4.3,4.3,4.3,4.3,100,SDT,"At 2025-12-30 13:00:00, the stock SDT opened at 4.30 VND, reached a high of 4.30 VND, a low of 4.30 VND, and closed the hour at 4.30 VND with a trading volume of 100 shares."
2025-12-30 14:00:00,4.3,4.3,4.3,4.3,300,SDT,"At 2025-12-30 14:00:00, the stock SDT opened at 4.30 VND, reached a high of 4.30 VND, a low of 4.30 VND, and closed the hour at 4.30 VND with a trading volume of 300 shares."
2025-12-31 09:00:00,4.3,4.3,4.3,4.3,3000,SDT,"At 2025-12-31 09:00:00, the stock SDT opened at 4.30 VND, reached a high of 4.30 VND, a low of 4.30 VND, and closed the hour at 4.30 VND with a trading volume of 3,000 shares."
2025-12-31 13:00:00,4.2,4.2,4.2,4.2,6000,SDT,"At 2025-12-31 13:00:00, the stock SDT opened at 4.20 VND, reached a high of 4.20 VND, a low of 4.20 VND, and closed the hour at 4.20 VND with a trading volume of 6,000 shares."
2025-12-31 14:00:00,4.2,4.2,4.1,4.1,23800,SDT,"At 2025-12-31 14:00:00, the stock SDT opened at 4.20 VND, reached a high of 4.20 VND, a low of 4.10 VND, and closed the hour at 4.10 VND with a trading volume of 23,800 shares."
2026-01-05 09:00:00,4.1,4.1,4.1,4.1,300,SDT,"At 2026-01-05 09:00:00, the stock SDT opened at 4.10 VND, reached a high of 4.10 VND, a low of 4.10 VND, and closed the hour at 4.10 VND with a trading volume of 300 shares."
2026-01-05 10:00:00,4.0,4.0,3.8,3.8,115700,SDT,"At 2026-01-05 10:00:00, the stock SDT opened at 4.00 VND, reached a high of 4.00 VND, a low of 3.80 VND, and closed the hour at 3.80 VND with a trading volume of 115,700 shares."
2026-01-05 11:00:00,3.8,4.0,3.6,4.0,67100,SDT,"At 2026-01-05 11:00:00, the stock SDT opened at 3.80 VND, reached a high of 4.00 VND, a low of 3.60 VND, and closed the hour at 4.00 VND with a trading volume of 67,100 shares."
2026-01-05 13:00:00,4.0,4.0,3.9,3.9,1700,SDT,"At 2026-01-05 13:00:00, the stock SDT opened at 4.00 VND, reached a high of 4.00 VND, a low of 3.90 VND, and closed the hour at 3.90 VND with a trading volume of 1,700 shares."
2026-01-05 14:00:00,3.8,3.8,3.8,3.8,23600,SDT,"At 2026-01-05 14:00:00, the stock SDT opened at 3.80 VND, reached a high of 3.80 VND, a low of 3.80 VND, and closed the hour at 3.80 VND with a trading volume of 23,600 shares."
2026-01-06 09:00:00,3.9,3.9,3.9,3.9,500,SDT,"At 2026-01-06 09:00:00, the stock SDT opened at 3.90 VND, reached a high of 3.90 VND, a low of 3.90 VND, and closed the hour at 3.90 VND with a trading volume of 500 shares."
2026-01-06 10:00:00,3.9,3.9,3.9,3.9,2500,SDT,"At 2026-01-06 10:00:00, the stock SDT opened at 3.90 VND, reached a high of 3.90 VND, a low of 3.90 VND, and closed the hour at 3.90 VND with a trading volume of 2,500 shares."
2026-01-06 13:00:00,3.9,3.9,3.9,3.9,4000,SDT,"At 2026-01-06 13:00:00, the stock SDT opened at 3.90 VND, reached a high of 3.90 VND, a low of 3.90 VND, and closed the hour at 3.90 VND with a trading volume of 4,000 shares."
2026-01-06 14:00:00,3.9,3.9,3.9,3.9,1900,SDT,"At 2026-01-06 14:00:00, the stock SDT opened at 3.90 VND, reached a high of 3.90 VND, a low of 3.90 VND, and closed the hour at 3.90 VND with a trading volume of 1,900 shares."
2026-01-07 09:00:00,4.0,4.1,4.0,4.1,6000,SDT,"At 2026-01-07 09:00:00, the stock SDT opened at 4.00 VND, reached a high of 4.10 VND, a low of 4.00 VND, and closed the hour at 4.10 VND with a trading volume of 6,000 shares."
2026-01-07 13:00:00,4.0,4.0,3.9,4.0,6200,SDT,"At 2026-01-07 13:00:00, the stock SDT opened at 4.00 VND, reached a high of 4.00 VND, a low of 3.90 VND, and closed the hour at 4.00 VND with a trading volume of 6,200 shares."
2026-01-08 09:00:00,3.9,3.9,3.7,3.7,4400,SDT,"At 2026-01-08 09:00:00, the stock SDT opened at 3.90 VND, reached a high of 3.90 VND, a low of 3.70 VND, and closed the hour at 3.70 VND with a trading volume of 4,400 shares."
2026-01-08 10:00:00,3.8,3.8,3.8,3.8,400,SDT,"At 2026-01-08 10:00:00, the stock SDT opened at 3.80 VND, reached a high of 3.80 VND, a low of 3.80 VND, and closed the hour at 3.80 VND with a trading volume of 400 shares."
2026-01-08 13:00:00,3.9,3.9,3.9,3.9,10700,SDT,"At 2026-01-08 13:00:00, the stock SDT opened at 3.90 VND, reached a high of 3.90 VND, a low of 3.90 VND, and closed the hour at 3.90 VND with a trading volume of 10,700 shares."
2026-01-08 14:00:00,3.9,3.9,3.9,3.9,2100,SDT,"At 2026-01-08 14:00:00, the stock SDT opened at 3.90 VND, reached a high of 3.90 VND, a low of 3.90 VND, and closed the hour at 3.90 VND with a trading volume of 2,100 shares."
2026-01-09 09:00:00,4.0,4.4,4.0,4.2,10800,SDT,"At 2026-01-09 09:00:00, the stock SDT opened at 4.00 VND, reached a high of 4.40 VND, a low of 4.00 VND, and closed the hour at 4.20 VND with a trading volume of 10,800 shares."
2026-01-09 11:00:00,4.2,4.2,4.1,4.1,20000,SDT,"At 2026-01-09 11:00:00, the stock SDT opened at 4.20 VND, reached a high of 4.20 VND, a low of 4.10 VND, and closed the hour at 4.10 VND with a trading volume of 20,000 shares."
2026-01-09 13:00:00,4.2,4.2,4.2,4.2,18000,SDT,"At 2026-01-09 13:00:00, the stock SDT opened at 4.20 VND, reached a high of 4.20 VND, a low of 4.20 VND, and closed the hour at 4.20 VND with a trading volume of 18,000 shares."
2026-01-09 14:00:00,4.2,4.2,4.2,4.2,8000,SDT,"At 2026-01-09 14:00:00, the stock SDT opened at 4.20 VND, reached a high of 4.20 VND, a low of 4.20 VND, and closed the hour at 4.20 VND with a trading volume of 8,000 shares."
2026-01-12 09:00:00,4.3,4.3,4.2,4.2,10400,SDT,"At 2026-01-12 09:00:00, the stock SDT opened at 4.30 VND, reached a high of 4.30 VND, a low of 4.20 VND, and closed the hour at 4.20 VND with a trading volume of 10,400 shares."
2026-01-12 13:00:00,4.1,4.1,4.0,4.0,3900,SDT,"At 2026-01-12 13:00:00, the stock SDT opened at 4.10 VND, reached a high of 4.10 VND, a low of 4.00 VND, and closed the hour at 4.00 VND with a trading volume of 3,900 shares."
2026-01-12 14:00:00,4.0,4.2,4.0,4.2,5300,SDT,"At 2026-01-12 14:00:00, the stock SDT opened at 4.00 VND, reached a high of 4.20 VND, a low of 4.00 VND, and closed the hour at 4.20 VND with a trading volume of 5,300 shares."
2026-01-13 09:00:00,4.4,4.4,4.4,4.4,500,SDT,"At 2026-01-13 09:00:00, the stock SDT opened at 4.40 VND, reached a high of 4.40 VND, a low of 4.40 VND, and closed the hour at 4.40 VND with a trading volume of 500 shares."
2026-01-13 13:00:00,4.3,4.3,4.3,4.3,5700,SDT,"At 2026-01-13 13:00:00, the stock SDT opened at 4.30 VND, reached a high of 4.30 VND, a low of 4.30 VND, and closed the hour at 4.30 VND with a trading volume of 5,700 shares."
2026-01-14 09:00:00,4.4,4.4,4.4,4.4,11000,SDT,"At 2026-01-14 09:00:00, the stock SDT opened at 4.40 VND, reached a high of 4.40 VND, a low of 4.40 VND, and closed the hour at 4.40 VND with a trading volume of 11,000 shares."
2026-01-14 10:00:00,4.3,4.3,4.3,4.3,15600,SDT,"At 2026-01-14 10:00:00, the stock SDT opened at 4.30 VND, reached a high of 4.30 VND, a low of 4.30 VND, and closed the hour at 4.30 VND with a trading volume of 15,600 shares."
2026-01-14 14:00:00,4.1,4.1,4.1,4.1,200,SDT,"At 2026-01-14 14:00:00, the stock SDT opened at 4.10 VND, reached a high of 4.10 VND, a low of 4.10 VND, and closed the hour at 4.10 VND with a trading volume of 200 shares."
2026-01-15 09:00:00,4.0,4.1,4.0,4.1,1700,SDT,"At 2026-01-15 09:00:00, the stock SDT opened at 4.00 VND, reached a high of 4.10 VND, a low of 4.00 VND, and closed the hour at 4.10 VND with a trading volume of 1,700 shares."
2026-01-15 10:00:00,4.3,4.3,4.1,4.1,5100,SDT,"At 2026-01-15 10:00:00, the stock SDT opened at 4.30 VND, reached a high of 4.30 VND, a low of 4.10 VND, and closed the hour at 4.10 VND with a trading volume of 5,100 shares."
2026-01-15 13:00:00,4.2,4.2,4.2,4.2,4400,SDT,"At 2026-01-15 13:00:00, the stock SDT opened at 4.20 VND, reached a high of 4.20 VND, a low of 4.20 VND, and closed the hour at 4.20 VND with a trading volume of 4,400 shares."
2026-01-15 14:00:00,4.1,4.1,4.1,4.1,2800,SDT,"At 2026-01-15 14:00:00, the stock SDT opened at 4.10 VND, reached a high of 4.10 VND, a low of 4.10 VND, and closed the hour at 4.10 VND with a trading volume of 2,800 shares."
2026-01-16 11:00:00,4.1,4.1,4.1,4.1,100,SDT,"At 2026-01-16 11:00:00, the stock SDT opened at 4.10 VND, reached a high of 4.10 VND, a low of 4.10 VND, and closed the hour at 4.10 VND with a trading volume of 100 shares."
2026-01-16 13:00:00,4.3,4.3,4.2,4.2,500,SDT,"At 2026-01-16 13:00:00, the stock SDT opened at 4.30 VND, reached a high of 4.30 VND, a low of 4.20 VND, and closed the hour at 4.20 VND with a trading volume of 500 shares."
2026-01-16 14:00:00,4.2,4.2,4.1,4.1,4300,SDT,"At 2026-01-16 14:00:00, the stock SDT opened at 4.20 VND, reached a high of 4.20 VND, a low of 4.10 VND, and closed the hour at 4.10 VND with a trading volume of 4,300 shares."
2026-01-19 10:00:00,4.3,4.3,4.3,4.3,100,SDT,"At 2026-01-19 10:00:00, the stock SDT opened at 4.30 VND, reached a high of 4.30 VND, a low of 4.30 VND, and closed the hour at 4.30 VND with a trading volume of 100 shares."
2026-01-19 14:00:00,4.2,4.2,4.2,4.2,1000,SDT,"At 2026-01-19 14:00:00, the stock SDT opened at 4.20 VND, reached a high of 4.20 VND, a low of 4.20 VND, and closed the hour at 4.20 VND with a trading volume of 1,000 shares."
2026-01-20 09:00:00,4.2,4.2,4.2,4.2,100,SDT,"At 2026-01-20 09:00:00, the stock SDT opened at 4.20 VND, reached a high of 4.20 VND, a low of 4.20 VND, and closed the hour at 4.20 VND with a trading volume of 100 shares."
2026-01-20 11:00:00,4.3,4.3,4.3,4.3,100,SDT,"At 2026-01-20 11:00:00, the stock SDT opened at 4.30 VND, reached a high of 4.30 VND, a low of 4.30 VND, and closed the hour at 4.30 VND with a trading volume of 100 shares."
2026-01-20 14:00:00,4.2,4.3,4.0,4.0,5300,SDT,"At 2026-01-20 14:00:00, the stock SDT opened at 4.20 VND, reached a high of 4.30 VND, a low of 4.00 VND, and closed the hour at 4.00 VND with a trading volume of 5,300 shares."
2026-01-21 10:00:00,4.3,4.3,4.3,4.3,5000,SDT,"At 2026-01-21 10:00:00, the stock SDT opened at 4.30 VND, reached a high of 4.30 VND, a low of 4.30 VND, and closed the hour at 4.30 VND with a trading volume of 5,000 shares."
2026-01-21 13:00:00,4.0,4.0,4.0,4.0,30000,SDT,"At 2026-01-21 13:00:00, the stock SDT opened at 4.00 VND, reached a high of 4.00 VND, a low of 4.00 VND, and closed the hour at 4.00 VND with a trading volume of 30,000 shares."
2026-01-22 09:00:00,4.3,4.4,4.3,4.4,6000,SDT,"At 2026-01-22 09:00:00, the stock SDT opened at 4.30 VND, reached a high of 4.40 VND, a low of 4.30 VND, and closed the hour at 4.40 VND with a trading volume of 6,000 shares."
2026-01-26 10:00:00,4.2,4.2,4.1,4.1,250000,SDT,"At 2026-01-26 10:00:00, the stock SDT opened at 4.20 VND, reached a high of 4.20 VND, a low of 4.10 VND, and closed the hour at 4.10 VND with a trading volume of 250,000 shares."
2026-01-26 14:00:00,4.0,4.0,4.0,4.0,200,SDT,"At 2026-01-26 14:00:00, the stock SDT opened at 4.00 VND, reached a high of 4.00 VND, a low of 4.00 VND, and closed the hour at 4.00 VND with a trading volume of 200 shares."
2026-01-27 09:00:00,4.2,4.2,4.2,4.2,1000,SDT,"At 2026-01-27 09:00:00, the stock SDT opened at 4.20 VND, reached a high of 4.20 VND, a low of 4.20 VND, and closed the hour at 4.20 VND with a trading volume of 1,000 shares."
2026-01-28 14:00:00,4.0,4.0,4.0,4.0,1400,SDT,"At 2026-01-28 14:00:00, the stock SDT opened at 4.00 VND, reached a high of 4.00 VND, a low of 4.00 VND, and closed the hour at 4.00 VND with a trading volume of 1,400 shares."
2026-01-29 09:00:00,4.3,4.3,4.3,4.3,44700,SDT,"At 2026-01-29 09:00:00, the stock SDT opened at 4.30 VND, reached a high of 4.30 VND, a low of 4.30 VND, and closed the hour at 4.30 VND with a trading volume of 44,700 shares."
2026-01-29 11:00:00,4.3,4.4,4.3,4.4,23800,SDT,"At 2026-01-29 11:00:00, the stock SDT opened at 4.30 VND, reached a high of 4.40 VND, a low of 4.30 VND, and closed the hour at 4.40 VND with a trading volume of 23,800 shares."
2026-01-29 13:00:00,4.4,4.6,4.4,4.6,89000,SDT,"At 2026-01-29 13:00:00, the stock SDT opened at 4.40 VND, reached a high of 4.60 VND, a low of 4.40 VND, and closed the hour at 4.60 VND with a trading volume of 89,000 shares."
2026-01-29 14:00:00,4.5,4.6,4.5,4.5,14900,SDT,"At 2026-01-29 14:00:00, the stock SDT opened at 4.50 VND, reached a high of 4.60 VND, a low of 4.50 VND, and closed the hour at 4.50 VND with a trading volume of 14,900 shares."
2026-01-30 09:00:00,4.7,4.9,4.6,4.9,8000,SDT,"At 2026-01-30 09:00:00, the stock SDT opened at 4.70 VND, reached a high of 4.90 VND, a low of 4.60 VND, and closed the hour at 4.90 VND with a trading volume of 8,000 shares."
2026-01-30 10:00:00,4.9,4.9,4.9,4.9,14300,SDT,"At 2026-01-30 10:00:00, the stock SDT opened at 4.90 VND, reached a high of 4.90 VND, a low of 4.90 VND, and closed the hour at 4.90 VND with a trading volume of 14,300 shares."
2026-01-30 13:00:00,4.9,4.9,4.9,4.9,3000,SDT,"At 2026-01-30 13:00:00, the stock SDT opened at 4.90 VND, reached a high of 4.90 VND, a low of 4.90 VND, and closed the hour at 4.90 VND with a trading volume of 3,000 shares."
2026-01-30 14:00:00,4.9,4.9,4.9,4.9,2500,SDT,"At 2026-01-30 14:00:00, the stock SDT opened at 4.90 VND, reached a high of 4.90 VND, a low of 4.90 VND, and closed the hour at 4.90 VND with a trading volume of 2,500 shares."
2026-02-02 09:00:00,4.9,4.9,4.9,4.9,200,SDT,"At 2026-02-02 09:00:00, the stock SDT opened at 4.90 VND, reached a high of 4.90 VND, a low of 4.90 VND, and closed the hour at 4.90 VND with a trading volume of 200 shares."
2026-02-02 11:00:00,4.6,4.6,4.6,4.6,100,SDT,"At 2026-02-02 11:00:00, the stock SDT opened at 4.60 VND, reached a high of 4.60 VND, a low of 4.60 VND, and closed the hour at 4.60 VND with a trading volume of 100 shares."
2026-02-02 13:00:00,4.6,5.4,4.6,5.3,32600,SDT,"At 2026-02-02 13:00:00, the stock SDT opened at 4.60 VND, reached a high of 5.40 VND, a low of 4.60 VND, and closed the hour at 5.30 VND with a trading volume of 32,600 shares."
2026-02-02 14:00:00,5.1,5.1,5.1,5.1,100,SDT,"At 2026-02-02 14:00:00, the stock SDT opened at 5.10 VND, reached a high of 5.10 VND, a low of 5.10 VND, and closed the hour at 5.10 VND with a trading volume of 100 shares."
2026-02-03 09:00:00,5.1,5.1,5.1,5.1,100,SDT,"At 2026-02-03 09:00:00, the stock SDT opened at 5.10 VND, reached a high of 5.10 VND, a low of 5.10 VND, and closed the hour at 5.10 VND with a trading volume of 100 shares."
2026-02-03 10:00:00,5.0,5.0,5.0,5.0,100,SDT,"At 2026-02-03 10:00:00, the stock SDT opened at 5.00 VND, reached a high of 5.00 VND, a low of 5.00 VND, and closed the hour at 5.00 VND with a trading volume of 100 shares."
2026-02-03 13:00:00,4.8,5.0,4.8,4.9,1900,SDT,"At 2026-02-03 13:00:00, the stock SDT opened at 4.80 VND, reached a high of 5.00 VND, a low of 4.80 VND, and closed the hour at 4.90 VND with a trading volume of 1,900 shares."
2026-02-03 14:00:00,4.9,4.9,4.9,4.9,1400,SDT,"At 2026-02-03 14:00:00, the stock SDT opened at 4.90 VND, reached a high of 4.90 VND, a low of 4.90 VND, and closed the hour at 4.90 VND with a trading volume of 1,400 shares."
2026-02-04 09:00:00,4.9,4.9,4.9,4.9,300,SDT,"At 2026-02-04 09:00:00, the stock SDT opened at 4.90 VND, reached a high of 4.90 VND, a low of 4.90 VND, and closed the hour at 4.90 VND with a trading volume of 300 shares."
2026-02-05 11:00:00,4.8,4.8,4.8,4.8,100,SDT,"At 2026-02-05 11:00:00, the stock SDT opened at 4.80 VND, reached a high of 4.80 VND, a low of 4.80 VND, and closed the hour at 4.80 VND with a trading volume of 100 shares."
2026-02-05 13:00:00,4.8,4.8,4.8,4.8,100,SDT,"At 2026-02-05 13:00:00, the stock SDT opened at 4.80 VND, reached a high of 4.80 VND, a low of 4.80 VND, and closed the hour at 4.80 VND with a trading volume of 100 shares."
2026-02-05 14:00:00,4.8,4.8,4.8,4.8,1600,SDT,"At 2026-02-05 14:00:00, the stock SDT opened at 4.80 VND, reached a high of 4.80 VND, a low of 4.80 VND, and closed the hour at 4.80 VND with a trading volume of 1,600 shares."
2026-02-06 09:00:00,4.7,4.7,4.7,4.7,100,SDT,"At 2026-02-06 09:00:00, the stock SDT opened at 4.70 VND, reached a high of 4.70 VND, a low of 4.70 VND, and closed the hour at 4.70 VND with a trading volume of 100 shares."
2026-02-06 11:00:00,4.7,4.7,4.7,4.7,2400,SDT,"At 2026-02-06 11:00:00, the stock SDT opened at 4.70 VND, reached a high of 4.70 VND, a low of 4.70 VND, and closed the hour at 4.70 VND with a trading volume of 2,400 shares."
2026-02-06 13:00:00,4.7,4.7,4.7,4.7,700,SDT,"At 2026-02-06 13:00:00, the stock SDT opened at 4.70 VND, reached a high of 4.70 VND, a low of 4.70 VND, and closed the hour at 4.70 VND with a trading volume of 700 shares."
2026-02-06 14:00:00,4.7,4.7,4.6,4.6,1200,SDT,"At 2026-02-06 14:00:00, the stock SDT opened at 4.70 VND, reached a high of 4.70 VND, a low of 4.60 VND, and closed the hour at 4.60 VND with a trading volume of 1,200 shares."
2026-02-09 09:00:00,4.5,4.7,4.5,4.7,1100,SDT,"At 2026-02-09 09:00:00, the stock SDT opened at 4.50 VND, reached a high of 4.70 VND, a low of 4.50 VND, and closed the hour at 4.70 VND with a trading volume of 1,100 shares."
2026-02-09 14:00:00,4.5,4.6,4.5,4.5,2300,SDT,"At 2026-02-09 14:00:00, the stock SDT opened at 4.50 VND, reached a high of 4.60 VND, a low of 4.50 VND, and closed the hour at 4.50 VND with a trading volume of 2,300 shares."
2026-02-10 13:00:00,4.5,4.5,4.5,4.5,300,SDT,"At 2026-02-10 13:00:00, the stock SDT opened at 4.50 VND, reached a high of 4.50 VND, a low of 4.50 VND, and closed the hour at 4.50 VND with a trading volume of 300 shares."
2026-02-10 14:00:00,4.8,4.9,4.7,4.7,11100,SDT,"At 2026-02-10 14:00:00, the stock SDT opened at 4.80 VND, reached a high of 4.90 VND, a low of 4.70 VND, and closed the hour at 4.70 VND with a trading volume of 11,100 shares."
2026-02-11 09:00:00,4.9,4.9,4.9,4.9,100,SDT,"At 2026-02-11 09:00:00, the stock SDT opened at 4.90 VND, reached a high of 4.90 VND, a low of 4.90 VND, and closed the hour at 4.90 VND with a trading volume of 100 shares."
2026-02-11 13:00:00,4.7,4.7,4.7,4.7,1000,SDT,"At 2026-02-11 13:00:00, the stock SDT opened at 4.70 VND, reached a high of 4.70 VND, a low of 4.70 VND, and closed the hour at 4.70 VND with a trading volume of 1,000 shares."
2026-02-11 14:00:00,4.8,4.8,4.8,4.8,2700,SDT,"At 2026-02-11 14:00:00, the stock SDT opened at 4.80 VND, reached a high of 4.80 VND, a low of 4.80 VND, and closed the hour at 4.80 VND with a trading volume of 2,700 shares."
2026-02-12 09:00:00,5.0,5.0,5.0,5.0,100,SDT,"At 2026-02-12 09:00:00, the stock SDT opened at 5.00 VND, reached a high of 5.00 VND, a low of 5.00 VND, and closed the hour at 5.00 VND with a trading volume of 100 shares."
2026-02-12 14:00:00,4.7,4.7,4.6,4.7,15000,SDT,"At 2026-02-12 14:00:00, the stock SDT opened at 4.70 VND, reached a high of 4.70 VND, a low of 4.60 VND, and closed the hour at 4.70 VND with a trading volume of 15,000 shares."
2026-02-13 09:00:00,4.7,4.7,4.7,4.7,200,SDT,"At 2026-02-13 09:00:00, the stock SDT opened at 4.70 VND, reached a high of 4.70 VND, a low of 4.70 VND, and closed the hour at 4.70 VND with a trading volume of 200 shares."
2026-02-13 10:00:00,4.7,4.7,4.7,4.7,300,SDT,"At 2026-02-13 10:00:00, the stock SDT opened at 4.70 VND, reached a high of 4.70 VND, a low of 4.70 VND, and closed the hour at 4.70 VND with a trading volume of 300 shares."
2026-02-13 13:00:00,4.7,4.7,4.7,4.7,2700,SDT,"At 2026-02-13 13:00:00, the stock SDT opened at 4.70 VND, reached a high of 4.70 VND, a low of 4.70 VND, and closed the hour at 4.70 VND with a trading volume of 2,700 shares."
2026-02-24 10:00:00,4.6,4.7,4.6,4.7,6600,SDT,"At 2026-02-24 10:00:00, the stock SDT opened at 4.60 VND, reached a high of 4.70 VND, a low of 4.60 VND, and closed the hour at 4.70 VND with a trading volume of 6,600 shares."
2026-02-24 13:00:00,4.7,4.7,4.7,4.7,900,SDT,"At 2026-02-24 13:00:00, the stock SDT opened at 4.70 VND, reached a high of 4.70 VND, a low of 4.70 VND, and closed the hour at 4.70 VND with a trading volume of 900 shares."
2026-02-24 14:00:00,4.7,4.9,4.7,4.9,4800,SDT,"At 2026-02-24 14:00:00, the stock SDT opened at 4.70 VND, reached a high of 4.90 VND, a low of 4.70 VND, and closed the hour at 4.90 VND with a trading volume of 4,800 shares."
2026-02-25 09:00:00,4.7,4.7,4.7,4.7,2200,SDT,"At 2026-02-25 09:00:00, the stock SDT opened at 4.70 VND, reached a high of 4.70 VND, a low of 4.70 VND, and closed the hour at 4.70 VND with a trading volume of 2,200 shares."
2026-02-25 11:00:00,4.7,4.7,4.7,4.7,1000,SDT,"At 2026-02-25 11:00:00, the stock SDT opened at 4.70 VND, reached a high of 4.70 VND, a low of 4.70 VND, and closed the hour at 4.70 VND with a trading volume of 1,000 shares."
2026-02-26 09:00:00,4.6,4.6,4.6,4.6,1000,SDT,"At 2026-02-26 09:00:00, the stock SDT opened at 4.60 VND, reached a high of 4.60 VND, a low of 4.60 VND, and closed the hour at 4.60 VND with a trading volume of 1,000 shares."
2026-02-26 10:00:00,4.7,4.7,4.6,4.7,300,SDT,"At 2026-02-26 10:00:00, the stock SDT opened at 4.70 VND, reached a high of 4.70 VND, a low of 4.60 VND, and closed the hour at 4.70 VND with a trading volume of 300 shares."
2026-02-26 11:00:00,4.6,4.6,4.5,4.5,2100,SDT,"At 2026-02-26 11:00:00, the stock SDT opened at 4.60 VND, reached a high of 4.60 VND, a low of 4.50 VND, and closed the hour at 4.50 VND with a trading volume of 2,100 shares."
2026-02-26 13:00:00,4.6,4.6,4.6,4.6,6800,SDT,"At 2026-02-26 13:00:00, the stock SDT opened at 4.60 VND, reached a high of 4.60 VND, a low of 4.60 VND, and closed the hour at 4.60 VND with a trading volume of 6,800 shares."
2026-02-26 14:00:00,4.6,4.6,4.6,4.6,3500,SDT,"At 2026-02-26 14:00:00, the stock SDT opened at 4.60 VND, reached a high of 4.60 VND, a low of 4.60 VND, and closed the hour at 4.60 VND with a trading volume of 3,500 shares."
2026-02-27 09:00:00,4.7,4.7,4.7,4.7,2000,SDT,"At 2026-02-27 09:00:00, the stock SDT opened at 4.70 VND, reached a high of 4.70 VND, a low of 4.70 VND, and closed the hour at 4.70 VND with a trading volume of 2,000 shares."
2026-02-27 10:00:00,4.6,4.6,4.6,4.6,2000,SDT,"At 2026-02-27 10:00:00, the stock SDT opened at 4.60 VND, reached a high of 4.60 VND, a low of 4.60 VND, and closed the hour at 4.60 VND with a trading volume of 2,000 shares."
2026-02-27 11:00:00,4.6,4.6,4.6,4.6,1500,SDT,"At 2026-02-27 11:00:00, the stock SDT opened at 4.60 VND, reached a high of 4.60 VND, a low of 4.60 VND, and closed the hour at 4.60 VND with a trading volume of 1,500 shares."
2026-02-27 13:00:00,4.6,4.6,4.6,4.6,12200,SDT,"At 2026-02-27 13:00:00, the stock SDT opened at 4.60 VND, reached a high of 4.60 VND, a low of 4.60 VND, and closed the hour at 4.60 VND with a trading volume of 12,200 shares."
2026-02-27 14:00:00,4.7,4.7,4.7,4.7,7000,SDT,"At 2026-02-27 14:00:00, the stock SDT opened at 4.70 VND, reached a high of 4.70 VND, a low of 4.70 VND, and closed the hour at 4.70 VND with a trading volume of 7,000 shares."
2026-03-02 09:00:00,4.3,4.3,4.3,4.3,5000,SDT,"At 2026-03-02 09:00:00, the stock SDT opened at 4.30 VND, reached a high of 4.30 VND, a low of 4.30 VND, and closed the hour at 4.30 VND with a trading volume of 5,000 shares."
2026-03-02 11:00:00,4.6,4.6,4.6,4.6,100,SDT,"At 2026-03-02 11:00:00, the stock SDT opened at 4.60 VND, reached a high of 4.60 VND, a low of 4.60 VND, and closed the hour at 4.60 VND with a trading volume of 100 shares."
2026-03-02 14:00:00,4.5,4.6,4.5,4.5,15800,SDT,"At 2026-03-02 14:00:00, the stock SDT opened at 4.50 VND, reached a high of 4.60 VND, a low of 4.50 VND, and closed the hour at 4.50 VND with a trading volume of 15,800 shares."
2026-03-03 09:00:00,4.5,4.5,4.5,4.5,2900,SDT,"At 2026-03-03 09:00:00, the stock SDT opened at 4.50 VND, reached a high of 4.50 VND, a low of 4.50 VND, and closed the hour at 4.50 VND with a trading volume of 2,900 shares."
2026-03-03 10:00:00,4.5,4.5,4.5,4.5,500,SDT,"At 2026-03-03 10:00:00, the stock SDT opened at 4.50 VND, reached a high of 4.50 VND, a low of 4.50 VND, and closed the hour at 4.50 VND with a trading volume of 500 shares."
2026-03-03 13:00:00,4.5,4.5,4.5,4.5,2100,SDT,"At 2026-03-03 13:00:00, the stock SDT opened at 4.50 VND, reached a high of 4.50 VND, a low of 4.50 VND, and closed the hour at 4.50 VND with a trading volume of 2,100 shares."
2026-03-03 14:00:00,4.5,4.5,4.4,4.5,34500,SDT,"At 2026-03-03 14:00:00, the stock SDT opened at 4.50 VND, reached a high of 4.50 VND, a low of 4.40 VND, and closed the hour at 4.50 VND with a trading volume of 34,500 shares."
2026-03-04 09:00:00,4.5,4.5,4.5,4.5,1600,SDT,"At 2026-03-04 09:00:00, the stock SDT opened at 4.50 VND, reached a high of 4.50 VND, a low of 4.50 VND, and closed the hour at 4.50 VND with a trading volume of 1,600 shares."
2026-03-04 10:00:00,4.5,4.5,4.5,4.5,3000,SDT,"At 2026-03-04 10:00:00, the stock SDT opened at 4.50 VND, reached a high of 4.50 VND, a low of 4.50 VND, and closed the hour at 4.50 VND with a trading volume of 3,000 shares."
2026-03-04 13:00:00,4.4,4.4,4.4,4.4,4000,SDT,"At 2026-03-04 13:00:00, the stock SDT opened at 4.40 VND, reached a high of 4.40 VND, a low of 4.40 VND, and closed the hour at 4.40 VND with a trading volume of 4,000 shares."
2026-03-04 14:00:00,4.4,4.5,4.4,4.5,1800,SDT,"At 2026-03-04 14:00:00, the stock SDT opened at 4.40 VND, reached a high of 4.50 VND, a low of 4.40 VND, and closed the hour at 4.50 VND with a trading volume of 1,800 shares."
2026-03-05 13:00:00,4.4,4.4,4.4,4.4,6100,SDT,"At 2026-03-05 13:00:00, the stock SDT opened at 4.40 VND, reached a high of 4.40 VND, a low of 4.40 VND, and closed the hour at 4.40 VND with a trading volume of 6,100 shares."
2026-03-05 14:00:00,4.5,4.6,4.5,4.6,5800,SDT,"At 2026-03-05 14:00:00, the stock SDT opened at 4.50 VND, reached a high of 4.60 VND, a low of 4.50 VND, and closed the hour at 4.60 VND with a trading volume of 5,800 shares."
2026-03-06 09:00:00,4.5,4.5,4.5,4.5,2400,SDT,"At 2026-03-06 09:00:00, the stock SDT opened at 4.50 VND, reached a high of 4.50 VND, a low of 4.50 VND, and closed the hour at 4.50 VND with a trading volume of 2,400 shares."
2026-03-06 13:00:00,4.5,4.5,4.5,4.5,1000,SDT,"At 2026-03-06 13:00:00, the stock SDT opened at 4.50 VND, reached a high of 4.50 VND, a low of 4.50 VND, and closed the hour at 4.50 VND with a trading volume of 1,000 shares."
2026-03-06 14:00:00,4.5,4.5,4.5,4.5,4700,SDT,"At 2026-03-06 14:00:00, the stock SDT opened at 4.50 VND, reached a high of 4.50 VND, a low of 4.50 VND, and closed the hour at 4.50 VND with a trading volume of 4,700 shares."
2026-03-09 09:00:00,4.6,5.0,4.4,4.4,44000,SDT,"At 2026-03-09 09:00:00, the stock SDT opened at 4.60 VND, reached a high of 5.00 VND, a low of 4.40 VND, and closed the hour at 4.40 VND with a trading volume of 44,000 shares."
2026-03-09 10:00:00,4.3,4.3,4.3,4.3,1500,SDT,"At 2026-03-09 10:00:00, the stock SDT opened at 4.30 VND, reached a high of 4.30 VND, a low of 4.30 VND, and closed the hour at 4.30 VND with a trading volume of 1,500 shares."
2026-03-09 11:00:00,4.3,4.3,4.3,4.3,300,SDT,"At 2026-03-09 11:00:00, the stock SDT opened at 4.30 VND, reached a high of 4.30 VND, a low of 4.30 VND, and closed the hour at 4.30 VND with a trading volume of 300 shares."
2026-03-09 13:00:00,4.3,4.3,4.3,4.3,3000,SDT,"At 2026-03-09 13:00:00, the stock SDT opened at 4.30 VND, reached a high of 4.30 VND, a low of 4.30 VND, and closed the hour at 4.30 VND with a trading volume of 3,000 shares."
2026-03-09 14:00:00,4.3,4.3,4.3,4.3,100,SDT,"At 2026-03-09 14:00:00, the stock SDT opened at 4.30 VND, reached a high of 4.30 VND, a low of 4.30 VND, and closed the hour at 4.30 VND with a trading volume of 100 shares."
2026-03-10 09:00:00,4.4,4.4,4.2,4.2,8800,SDT,"At 2026-03-10 09:00:00, the stock SDT opened at 4.40 VND, reached a high of 4.40 VND, a low of 4.20 VND, and closed the hour at 4.20 VND with a trading volume of 8,800 shares."
2026-03-10 10:00:00,4.5,4.9,4.5,4.9,30000,SDT,"At 2026-03-10 10:00:00, the stock SDT opened at 4.50 VND, reached a high of 4.90 VND, a low of 4.50 VND, and closed the hour at 4.90 VND with a trading volume of 30,000 shares."
2026-03-11 13:00:00,4.5,4.5,4.5,4.5,500,SDT,"At 2026-03-11 13:00:00, the stock SDT opened at 4.50 VND, reached a high of 4.50 VND, a low of 4.50 VND, and closed the hour at 4.50 VND with a trading volume of 500 shares."
2026-03-11 14:00:00,4.6,4.8,4.6,4.8,12000,SDT,"At 2026-03-11 14:00:00, the stock SDT opened at 4.60 VND, reached a high of 4.80 VND, a low of 4.60 VND, and closed the hour at 4.80 VND with a trading volume of 12,000 shares."
2026-03-12 09:00:00,4.6,4.6,4.6,4.6,500,SDT,"At 2026-03-12 09:00:00, the stock SDT opened at 4.60 VND, reached a high of 4.60 VND, a low of 4.60 VND, and closed the hour at 4.60 VND with a trading volume of 500 shares."
2026-03-12 10:00:00,4.6,4.6,4.6,4.6,500,SDT,"At 2026-03-12 10:00:00, the stock SDT opened at 4.60 VND, reached a high of 4.60 VND, a low of 4.60 VND, and closed the hour at 4.60 VND with a trading volume of 500 shares."
2026-03-12 13:00:00,4.6,4.8,4.6,4.8,20000,SDT,"At 2026-03-12 13:00:00, the stock SDT opened at 4.60 VND, reached a high of 4.80 VND, a low of 4.60 VND, and closed the hour at 4.80 VND with a trading volume of 20,000 shares."
2026-03-12 14:00:00,4.6,4.9,4.6,4.8,6900,SDT,"At 2026-03-12 14:00:00, the stock SDT opened at 4.60 VND, reached a high of 4.90 VND, a low of 4.60 VND, and closed the hour at 4.80 VND with a trading volume of 6,900 shares."
2026-03-13 09:00:00,4.9,4.9,4.6,4.7,3900,SDT,"At 2026-03-13 09:00:00, the stock SDT opened at 4.90 VND, reached a high of 4.90 VND, a low of 4.60 VND, and closed the hour at 4.70 VND with a trading volume of 3,900 shares."
2026-03-13 10:00:00,4.7,4.7,4.7,4.7,1400,SDT,"At 2026-03-13 10:00:00, the stock SDT opened at 4.70 VND, reached a high of 4.70 VND, a low of 4.70 VND, and closed the hour at 4.70 VND with a trading volume of 1,400 shares."
2026-03-13 13:00:00,4.6,4.6,4.5,4.5,500,SDT,"At 2026-03-13 13:00:00, the stock SDT opened at 4.60 VND, reached a high of 4.60 VND, a low of 4.50 VND, and closed the hour at 4.50 VND with a trading volume of 500 shares."
2026-03-13 14:00:00,4.7,4.8,4.7,4.8,4000,SDT,"At 2026-03-13 14:00:00, the stock SDT opened at 4.70 VND, reached a high of 4.80 VND, a low of 4.70 VND, and closed the hour at 4.80 VND with a trading volume of 4,000 shares."
2026-03-17 11:00:00,4.6,4.6,4.5,4.5,2800,SDT,"At 2026-03-17 11:00:00, the stock SDT opened at 4.60 VND, reached a high of 4.60 VND, a low of 4.50 VND, and closed the hour at 4.50 VND with a trading volume of 2,800 shares."
2026-03-17 13:00:00,4.6,4.6,4.6,4.6,700,SDT,"At 2026-03-17 13:00:00, the stock SDT opened at 4.60 VND, reached a high of 4.60 VND, a low of 4.60 VND, and closed the hour at 4.60 VND with a trading volume of 700 shares."
2026-03-17 14:00:00,4.6,4.6,4.6,4.6,1300,SDT,"At 2026-03-17 14:00:00, the stock SDT opened at 4.60 VND, reached a high of 4.60 VND, a low of 4.60 VND, and closed the hour at 4.60 VND with a trading volume of 1,300 shares."
2026-03-18 09:00:00,4.7,4.9,4.7,4.9,30000,SDT,"At 2026-03-18 09:00:00, the stock SDT opened at 4.70 VND, reached a high of 4.90 VND, a low of 4.70 VND, and closed the hour at 4.90 VND with a trading volume of 30,000 shares."
2026-03-18 13:00:00,4.8,4.8,4.8,4.8,8300,SDT,"At 2026-03-18 13:00:00, the stock SDT opened at 4.80 VND, reached a high of 4.80 VND, a low of 4.80 VND, and closed the hour at 4.80 VND with a trading volume of 8,300 shares."
2026-03-19 09:00:00,4.8,5.5,4.8,4.8,155000,SDT,"At 2026-03-19 09:00:00, the stock SDT opened at 4.80 VND, reached a high of 5.50 VND, a low of 4.80 VND, and closed the hour at 4.80 VND with a trading volume of 155,000 shares."
2026-03-19 10:00:00,4.8,4.8,4.8,4.8,14800,SDT,"At 2026-03-19 10:00:00, the stock SDT opened at 4.80 VND, reached a high of 4.80 VND, a low of 4.80 VND, and closed the hour at 4.80 VND with a trading volume of 14,800 shares."
2026-03-19 11:00:00,4.8,4.8,4.8,4.8,3600,SDT,"At 2026-03-19 11:00:00, the stock SDT opened at 4.80 VND, reached a high of 4.80 VND, a low of 4.80 VND, and closed the hour at 4.80 VND with a trading volume of 3,600 shares."
2026-03-19 13:00:00,4.8,4.8,4.8,4.8,2300,SDT,"At 2026-03-19 13:00:00, the stock SDT opened at 4.80 VND, reached a high of 4.80 VND, a low of 4.80 VND, and closed the hour at 4.80 VND with a trading volume of 2,300 shares."
2026-03-19 14:00:00,4.8,4.8,4.8,4.8,11900,SDT,"At 2026-03-19 14:00:00, the stock SDT opened at 4.80 VND, reached a high of 4.80 VND, a low of 4.80 VND, and closed the hour at 4.80 VND with a trading volume of 11,900 shares."
2026-03-20 09:00:00,5.3,5.3,5.3,5.3,100,SDT,"At 2026-03-20 09:00:00, the stock SDT opened at 5.30 VND, reached a high of 5.30 VND, a low of 5.30 VND, and closed the hour at 5.30 VND with a trading volume of 100 shares."
2026-03-20 13:00:00,4.7,4.9,4.6,4.9,40400,SDT,"At 2026-03-20 13:00:00, the stock SDT opened at 4.70 VND, reached a high of 4.90 VND, a low of 4.60 VND, and closed the hour at 4.90 VND with a trading volume of 40,400 shares."
