time,open,high,low,close,volume,ticker,llm_text
2025-09-05 11:00:00,14.09,14.09,14.09,14.09,14300,SJD,"At 2025-09-05 11:00:00, the stock SJD opened at 14.09 VND, reached a high of 14.09 VND, a low of 14.09 VND, and closed the hour at 14.09 VND with a trading volume of 14,300 shares."
2025-09-05 13:00:00,14.13,14.18,14.09,14.13,25100,SJD,"At 2025-09-05 13:00:00, the stock SJD opened at 14.13 VND, reached a high of 14.18 VND, a low of 14.09 VND, and closed the hour at 14.13 VND with a trading volume of 25,100 shares."
2025-09-05 14:00:00,14.13,14.13,14.09,14.09,7900,SJD,"At 2025-09-05 14:00:00, the stock SJD opened at 14.13 VND, reached a high of 14.13 VND, a low of 14.09 VND, and closed the hour at 14.09 VND with a trading volume of 7,900 shares."
2025-09-08 09:00:00,14.13,14.18,14.09,14.09,47300,SJD,"At 2025-09-08 09:00:00, the stock SJD opened at 14.13 VND, reached a high of 14.18 VND, a low of 14.09 VND, and closed the hour at 14.09 VND with a trading volume of 47,300 shares."
2025-09-08 10:00:00,14.09,14.09,13.95,14.09,16000,SJD,"At 2025-09-08 10:00:00, the stock SJD opened at 14.09 VND, reached a high of 14.09 VND, a low of 13.95 VND, and closed the hour at 14.09 VND with a trading volume of 16,000 shares."
2025-09-08 11:00:00,14.0,14.04,13.95,13.95,10600,SJD,"At 2025-09-08 11:00:00, the stock SJD opened at 14.00 VND, reached a high of 14.04 VND, a low of 13.95 VND, and closed the hour at 13.95 VND with a trading volume of 10,600 shares."
2025-09-08 13:00:00,13.95,14.04,13.91,14.04,14900,SJD,"At 2025-09-08 13:00:00, the stock SJD opened at 13.95 VND, reached a high of 14.04 VND, a low of 13.91 VND, and closed the hour at 14.04 VND with a trading volume of 14,900 shares."
2025-09-08 14:00:00,14.09,14.09,14.0,14.04,9800,SJD,"At 2025-09-08 14:00:00, the stock SJD opened at 14.09 VND, reached a high of 14.09 VND, a low of 14.00 VND, and closed the hour at 14.04 VND with a trading volume of 9,800 shares."
2025-09-09 09:00:00,14.27,14.36,14.22,14.27,238600,SJD,"At 2025-09-09 09:00:00, the stock SJD opened at 14.27 VND, reached a high of 14.36 VND, a low of 14.22 VND, and closed the hour at 14.27 VND with a trading volume of 238,600 shares."
2025-09-09 10:00:00,14.27,14.36,14.27,14.31,69100,SJD,"At 2025-09-09 10:00:00, the stock SJD opened at 14.27 VND, reached a high of 14.36 VND, a low of 14.27 VND, and closed the hour at 14.31 VND with a trading volume of 69,100 shares."
2025-09-09 11:00:00,14.31,14.31,14.31,14.31,2300,SJD,"At 2025-09-09 11:00:00, the stock SJD opened at 14.31 VND, reached a high of 14.31 VND, a low of 14.31 VND, and closed the hour at 14.31 VND with a trading volume of 2,300 shares."
2025-09-09 13:00:00,14.27,14.36,14.27,14.36,112900,SJD,"At 2025-09-09 13:00:00, the stock SJD opened at 14.27 VND, reached a high of 14.36 VND, a low of 14.27 VND, and closed the hour at 14.36 VND with a trading volume of 112,900 shares."
2025-09-09 14:00:00,14.36,14.36,14.31,14.31,58000,SJD,"At 2025-09-09 14:00:00, the stock SJD opened at 14.36 VND, reached a high of 14.36 VND, a low of 14.31 VND, and closed the hour at 14.31 VND with a trading volume of 58,000 shares."
2025-09-10 09:00:00,14.36,14.36,14.27,14.31,218900,SJD,"At 2025-09-10 09:00:00, the stock SJD opened at 14.36 VND, reached a high of 14.36 VND, a low of 14.27 VND, and closed the hour at 14.31 VND with a trading volume of 218,900 shares."
2025-09-10 10:00:00,14.31,14.31,14.27,14.27,77600,SJD,"At 2025-09-10 10:00:00, the stock SJD opened at 14.31 VND, reached a high of 14.31 VND, a low of 14.27 VND, and closed the hour at 14.27 VND with a trading volume of 77,600 shares."
2025-09-10 11:00:00,14.27,14.31,14.27,14.31,3800,SJD,"At 2025-09-10 11:00:00, the stock SJD opened at 14.27 VND, reached a high of 14.31 VND, a low of 14.27 VND, and closed the hour at 14.31 VND with a trading volume of 3,800 shares."
2025-09-10 13:00:00,14.31,14.31,14.22,14.22,83400,SJD,"At 2025-09-10 13:00:00, the stock SJD opened at 14.31 VND, reached a high of 14.31 VND, a low of 14.22 VND, and closed the hour at 14.22 VND with a trading volume of 83,400 shares."
2025-09-10 14:00:00,14.27,14.31,14.22,14.27,55500,SJD,"At 2025-09-10 14:00:00, the stock SJD opened at 14.27 VND, reached a high of 14.31 VND, a low of 14.22 VND, and closed the hour at 14.27 VND with a trading volume of 55,500 shares."
2025-09-11 09:00:00,14.27,14.31,14.22,14.27,77700,SJD,"At 2025-09-11 09:00:00, the stock SJD opened at 14.27 VND, reached a high of 14.31 VND, a low of 14.22 VND, and closed the hour at 14.27 VND with a trading volume of 77,700 shares."
2025-09-11 10:00:00,14.27,14.27,14.13,14.18,50600,SJD,"At 2025-09-11 10:00:00, the stock SJD opened at 14.27 VND, reached a high of 14.27 VND, a low of 14.13 VND, and closed the hour at 14.18 VND with a trading volume of 50,600 shares."
2025-09-11 11:00:00,14.18,14.18,14.18,14.18,17000,SJD,"At 2025-09-11 11:00:00, the stock SJD opened at 14.18 VND, reached a high of 14.18 VND, a low of 14.18 VND, and closed the hour at 14.18 VND with a trading volume of 17,000 shares."
2025-09-11 13:00:00,14.22,14.22,14.09,14.09,90000,SJD,"At 2025-09-11 13:00:00, the stock SJD opened at 14.22 VND, reached a high of 14.22 VND, a low of 14.09 VND, and closed the hour at 14.09 VND with a trading volume of 90,000 shares."
2025-09-11 14:00:00,14.09,14.22,14.0,14.18,110100,SJD,"At 2025-09-11 14:00:00, the stock SJD opened at 14.09 VND, reached a high of 14.22 VND, a low of 14.00 VND, and closed the hour at 14.18 VND with a trading volume of 110,100 shares."
2025-09-12 09:00:00,14.22,14.22,14.22,14.22,60700,SJD,"At 2025-09-12 09:00:00, the stock SJD opened at 14.22 VND, reached a high of 14.22 VND, a low of 14.22 VND, and closed the hour at 14.22 VND with a trading volume of 60,700 shares."
2025-09-12 10:00:00,14.22,14.27,14.18,14.27,42600,SJD,"At 2025-09-12 10:00:00, the stock SJD opened at 14.22 VND, reached a high of 14.27 VND, a low of 14.18 VND, and closed the hour at 14.27 VND with a trading volume of 42,600 shares."
2025-09-12 11:00:00,14.27,14.31,14.22,14.31,21900,SJD,"At 2025-09-12 11:00:00, the stock SJD opened at 14.27 VND, reached a high of 14.31 VND, a low of 14.22 VND, and closed the hour at 14.31 VND with a trading volume of 21,900 shares."
2025-09-12 13:00:00,14.31,14.4,14.27,14.36,172400,SJD,"At 2025-09-12 13:00:00, the stock SJD opened at 14.31 VND, reached a high of 14.40 VND, a low of 14.27 VND, and closed the hour at 14.36 VND with a trading volume of 172,400 shares."
2025-09-12 14:00:00,14.4,14.44,14.36,14.44,93100,SJD,"At 2025-09-12 14:00:00, the stock SJD opened at 14.40 VND, reached a high of 14.44 VND, a low of 14.36 VND, and closed the hour at 14.44 VND with a trading volume of 93,100 shares."
2025-09-15 09:00:00,14.58,14.67,14.58,14.62,118300,SJD,"At 2025-09-15 09:00:00, the stock SJD opened at 14.58 VND, reached a high of 14.67 VND, a low of 14.58 VND, and closed the hour at 14.62 VND with a trading volume of 118,300 shares."
2025-09-15 10:00:00,14.58,14.62,14.58,14.58,127000,SJD,"At 2025-09-15 10:00:00, the stock SJD opened at 14.58 VND, reached a high of 14.62 VND, a low of 14.58 VND, and closed the hour at 14.58 VND with a trading volume of 127,000 shares."
2025-09-15 11:00:00,14.58,14.62,14.58,14.62,8300,SJD,"At 2025-09-15 11:00:00, the stock SJD opened at 14.58 VND, reached a high of 14.62 VND, a low of 14.58 VND, and closed the hour at 14.62 VND with a trading volume of 8,300 shares."
2025-09-15 13:00:00,14.58,14.62,14.58,14.62,58600,SJD,"At 2025-09-15 13:00:00, the stock SJD opened at 14.58 VND, reached a high of 14.62 VND, a low of 14.58 VND, and closed the hour at 14.62 VND with a trading volume of 58,600 shares."
2025-09-15 14:00:00,14.58,14.62,14.58,14.62,66700,SJD,"At 2025-09-15 14:00:00, the stock SJD opened at 14.58 VND, reached a high of 14.62 VND, a low of 14.58 VND, and closed the hour at 14.62 VND with a trading volume of 66,700 shares."
2025-09-16 09:00:00,14.71,14.71,14.62,14.62,111500,SJD,"At 2025-09-16 09:00:00, the stock SJD opened at 14.71 VND, reached a high of 14.71 VND, a low of 14.62 VND, and closed the hour at 14.62 VND with a trading volume of 111,500 shares."
2025-09-16 10:00:00,14.62,14.62,14.53,14.62,24700,SJD,"At 2025-09-16 10:00:00, the stock SJD opened at 14.62 VND, reached a high of 14.62 VND, a low of 14.53 VND, and closed the hour at 14.62 VND with a trading volume of 24,700 shares."
2025-09-16 11:00:00,14.62,14.62,14.62,14.62,39200,SJD,"At 2025-09-16 11:00:00, the stock SJD opened at 14.62 VND, reached a high of 14.62 VND, a low of 14.62 VND, and closed the hour at 14.62 VND with a trading volume of 39,200 shares."
2025-09-16 13:00:00,14.62,14.62,14.58,14.58,86100,SJD,"At 2025-09-16 13:00:00, the stock SJD opened at 14.62 VND, reached a high of 14.62 VND, a low of 14.58 VND, and closed the hour at 14.58 VND with a trading volume of 86,100 shares."
2025-09-16 14:00:00,14.58,14.62,14.53,14.53,79600,SJD,"At 2025-09-16 14:00:00, the stock SJD opened at 14.58 VND, reached a high of 14.62 VND, a low of 14.53 VND, and closed the hour at 14.53 VND with a trading volume of 79,600 shares."
2025-09-17 09:00:00,14.53,14.62,14.53,14.53,83200,SJD,"At 2025-09-17 09:00:00, the stock SJD opened at 14.53 VND, reached a high of 14.62 VND, a low of 14.53 VND, and closed the hour at 14.53 VND with a trading volume of 83,200 shares."
2025-09-17 10:00:00,14.58,14.58,14.53,14.53,99000,SJD,"At 2025-09-17 10:00:00, the stock SJD opened at 14.58 VND, reached a high of 14.58 VND, a low of 14.53 VND, and closed the hour at 14.53 VND with a trading volume of 99,000 shares."
2025-09-17 11:00:00,14.53,14.58,14.53,14.53,25600,SJD,"At 2025-09-17 11:00:00, the stock SJD opened at 14.53 VND, reached a high of 14.58 VND, a low of 14.53 VND, and closed the hour at 14.53 VND with a trading volume of 25,600 shares."
2025-09-17 13:00:00,14.53,14.58,14.49,14.53,61600,SJD,"At 2025-09-17 13:00:00, the stock SJD opened at 14.53 VND, reached a high of 14.58 VND, a low of 14.49 VND, and closed the hour at 14.53 VND with a trading volume of 61,600 shares."
2025-09-17 14:00:00,14.53,14.53,14.44,14.53,61900,SJD,"At 2025-09-17 14:00:00, the stock SJD opened at 14.53 VND, reached a high of 14.53 VND, a low of 14.44 VND, and closed the hour at 14.53 VND with a trading volume of 61,900 shares."
2025-09-18 09:00:00,14.49,14.53,14.4,14.44,100900,SJD,"At 2025-09-18 09:00:00, the stock SJD opened at 14.49 VND, reached a high of 14.53 VND, a low of 14.40 VND, and closed the hour at 14.44 VND with a trading volume of 100,900 shares."
2025-09-18 10:00:00,14.44,14.49,14.4,14.44,70800,SJD,"At 2025-09-18 10:00:00, the stock SJD opened at 14.44 VND, reached a high of 14.49 VND, a low of 14.40 VND, and closed the hour at 14.44 VND with a trading volume of 70,800 shares."
2025-09-18 11:00:00,14.44,14.44,14.4,14.44,10200,SJD,"At 2025-09-18 11:00:00, the stock SJD opened at 14.44 VND, reached a high of 14.44 VND, a low of 14.40 VND, and closed the hour at 14.44 VND with a trading volume of 10,200 shares."
2025-09-18 13:00:00,14.49,14.49,14.4,14.4,140500,SJD,"At 2025-09-18 13:00:00, the stock SJD opened at 14.49 VND, reached a high of 14.49 VND, a low of 14.40 VND, and closed the hour at 14.40 VND with a trading volume of 140,500 shares."
2025-09-18 14:00:00,14.4,14.44,14.36,14.4,94400,SJD,"At 2025-09-18 14:00:00, the stock SJD opened at 14.40 VND, reached a high of 14.44 VND, a low of 14.36 VND, and closed the hour at 14.40 VND with a trading volume of 94,400 shares."
2025-09-19 09:00:00,14.44,14.49,14.4,14.49,134400,SJD,"At 2025-09-19 09:00:00, the stock SJD opened at 14.44 VND, reached a high of 14.49 VND, a low of 14.40 VND, and closed the hour at 14.49 VND with a trading volume of 134,400 shares."
2025-09-19 10:00:00,14.44,14.49,14.44,14.44,95300,SJD,"At 2025-09-19 10:00:00, the stock SJD opened at 14.44 VND, reached a high of 14.49 VND, a low of 14.44 VND, and closed the hour at 14.44 VND with a trading volume of 95,300 shares."
2025-09-19 11:00:00,14.44,14.49,14.44,14.44,14600,SJD,"At 2025-09-19 11:00:00, the stock SJD opened at 14.44 VND, reached a high of 14.49 VND, a low of 14.44 VND, and closed the hour at 14.44 VND with a trading volume of 14,600 shares."
2025-09-19 13:00:00,14.44,14.49,14.4,14.49,37700,SJD,"At 2025-09-19 13:00:00, the stock SJD opened at 14.44 VND, reached a high of 14.49 VND, a low of 14.40 VND, and closed the hour at 14.49 VND with a trading volume of 37,700 shares."
2025-09-19 14:00:00,14.44,14.44,14.4,14.44,73000,SJD,"At 2025-09-19 14:00:00, the stock SJD opened at 14.44 VND, reached a high of 14.44 VND, a low of 14.40 VND, and closed the hour at 14.44 VND with a trading volume of 73,000 shares."
2025-09-22 09:00:00,14.44,14.58,14.4,14.49,194700,SJD,"At 2025-09-22 09:00:00, the stock SJD opened at 14.44 VND, reached a high of 14.58 VND, a low of 14.40 VND, and closed the hour at 14.49 VND with a trading volume of 194,700 shares."
2025-09-22 10:00:00,14.44,14.49,14.36,14.44,110700,SJD,"At 2025-09-22 10:00:00, the stock SJD opened at 14.44 VND, reached a high of 14.49 VND, a low of 14.36 VND, and closed the hour at 14.44 VND with a trading volume of 110,700 shares."
2025-09-22 11:00:00,14.4,14.44,14.36,14.44,40000,SJD,"At 2025-09-22 11:00:00, the stock SJD opened at 14.40 VND, reached a high of 14.44 VND, a low of 14.36 VND, and closed the hour at 14.44 VND with a trading volume of 40,000 shares."
2025-09-22 13:00:00,14.44,14.44,14.36,14.36,105000,SJD,"At 2025-09-22 13:00:00, the stock SJD opened at 14.44 VND, reached a high of 14.44 VND, a low of 14.36 VND, and closed the hour at 14.36 VND with a trading volume of 105,000 shares."
2025-09-22 14:00:00,14.36,14.44,14.36,14.4,133300,SJD,"At 2025-09-22 14:00:00, the stock SJD opened at 14.36 VND, reached a high of 14.44 VND, a low of 14.36 VND, and closed the hour at 14.40 VND with a trading volume of 133,300 shares."
2025-09-23 09:00:00,14.45,14.5,14.3,14.4,123700,SJD,"At 2025-09-23 09:00:00, the stock SJD opened at 14.45 VND, reached a high of 14.50 VND, a low of 14.30 VND, and closed the hour at 14.40 VND with a trading volume of 123,700 shares."
2025-09-23 10:00:00,14.35,14.5,14.35,14.5,121400,SJD,"At 2025-09-23 10:00:00, the stock SJD opened at 14.35 VND, reached a high of 14.50 VND, a low of 14.35 VND, and closed the hour at 14.50 VND with a trading volume of 121,400 shares."
2025-09-23 11:00:00,14.5,14.5,14.4,14.4,67700,SJD,"At 2025-09-23 11:00:00, the stock SJD opened at 14.50 VND, reached a high of 14.50 VND, a low of 14.40 VND, and closed the hour at 14.40 VND with a trading volume of 67,700 shares."
2025-09-23 13:00:00,14.4,14.45,14.3,14.3,76200,SJD,"At 2025-09-23 13:00:00, the stock SJD opened at 14.40 VND, reached a high of 14.45 VND, a low of 14.30 VND, and closed the hour at 14.30 VND with a trading volume of 76,200 shares."
2025-09-23 14:00:00,14.3,14.4,14.3,14.35,12800,SJD,"At 2025-09-23 14:00:00, the stock SJD opened at 14.30 VND, reached a high of 14.40 VND, a low of 14.30 VND, and closed the hour at 14.35 VND with a trading volume of 12,800 shares."
2025-09-24 09:00:00,14.35,14.4,14.2,14.2,63100,SJD,"At 2025-09-24 09:00:00, the stock SJD opened at 14.35 VND, reached a high of 14.40 VND, a low of 14.20 VND, and closed the hour at 14.20 VND with a trading volume of 63,100 shares."
2025-09-24 10:00:00,14.25,14.3,14.25,14.25,14700,SJD,"At 2025-09-24 10:00:00, the stock SJD opened at 14.25 VND, reached a high of 14.30 VND, a low of 14.25 VND, and closed the hour at 14.25 VND with a trading volume of 14,700 shares."
2025-09-24 11:00:00,14.25,14.25,14.2,14.2,16500,SJD,"At 2025-09-24 11:00:00, the stock SJD opened at 14.25 VND, reached a high of 14.25 VND, a low of 14.20 VND, and closed the hour at 14.20 VND with a trading volume of 16,500 shares."
2025-09-24 13:00:00,14.25,14.25,14.15,14.25,56100,SJD,"At 2025-09-24 13:00:00, the stock SJD opened at 14.25 VND, reached a high of 14.25 VND, a low of 14.15 VND, and closed the hour at 14.25 VND with a trading volume of 56,100 shares."
2025-09-24 14:00:00,14.2,14.25,14.15,14.25,46700,SJD,"At 2025-09-24 14:00:00, the stock SJD opened at 14.20 VND, reached a high of 14.25 VND, a low of 14.15 VND, and closed the hour at 14.25 VND with a trading volume of 46,700 shares."
2025-09-25 09:00:00,14.25,14.25,14.2,14.25,18300,SJD,"At 2025-09-25 09:00:00, the stock SJD opened at 14.25 VND, reached a high of 14.25 VND, a low of 14.20 VND, and closed the hour at 14.25 VND with a trading volume of 18,300 shares."
2025-09-25 10:00:00,14.25,14.25,14.15,14.2,103200,SJD,"At 2025-09-25 10:00:00, the stock SJD opened at 14.25 VND, reached a high of 14.25 VND, a low of 14.15 VND, and closed the hour at 14.20 VND with a trading volume of 103,200 shares."
2025-09-25 11:00:00,14.2,14.2,14.2,14.2,2000,SJD,"At 2025-09-25 11:00:00, the stock SJD opened at 14.20 VND, reached a high of 14.20 VND, a low of 14.20 VND, and closed the hour at 14.20 VND with a trading volume of 2,000 shares."
2025-09-25 13:00:00,14.25,14.25,14.2,14.2,35400,SJD,"At 2025-09-25 13:00:00, the stock SJD opened at 14.25 VND, reached a high of 14.25 VND, a low of 14.20 VND, and closed the hour at 14.20 VND with a trading volume of 35,400 shares."
2025-09-25 14:00:00,14.2,14.25,14.2,14.25,42900,SJD,"At 2025-09-25 14:00:00, the stock SJD opened at 14.20 VND, reached a high of 14.25 VND, a low of 14.20 VND, and closed the hour at 14.25 VND with a trading volume of 42,900 shares."
2025-09-26 09:00:00,14.2,14.25,14.15,14.2,54500,SJD,"At 2025-09-26 09:00:00, the stock SJD opened at 14.20 VND, reached a high of 14.25 VND, a low of 14.15 VND, and closed the hour at 14.20 VND with a trading volume of 54,500 shares."
2025-09-26 10:00:00,14.2,14.2,14.2,14.2,30800,SJD,"At 2025-09-26 10:00:00, the stock SJD opened at 14.20 VND, reached a high of 14.20 VND, a low of 14.20 VND, and closed the hour at 14.20 VND with a trading volume of 30,800 shares."
2025-09-26 11:00:00,14.2,14.2,14.2,14.2,1900,SJD,"At 2025-09-26 11:00:00, the stock SJD opened at 14.20 VND, reached a high of 14.20 VND, a low of 14.20 VND, and closed the hour at 14.20 VND with a trading volume of 1,900 shares."
2025-09-26 13:00:00,14.2,14.25,14.2,14.2,64900,SJD,"At 2025-09-26 13:00:00, the stock SJD opened at 14.20 VND, reached a high of 14.25 VND, a low of 14.20 VND, and closed the hour at 14.20 VND with a trading volume of 64,900 shares."
2025-09-26 14:00:00,14.2,14.25,14.2,14.25,59000,SJD,"At 2025-09-26 14:00:00, the stock SJD opened at 14.20 VND, reached a high of 14.25 VND, a low of 14.20 VND, and closed the hour at 14.25 VND with a trading volume of 59,000 shares."
2025-09-29 09:00:00,14.25,14.25,14.15,14.2,21400,SJD,"At 2025-09-29 09:00:00, the stock SJD opened at 14.25 VND, reached a high of 14.25 VND, a low of 14.15 VND, and closed the hour at 14.20 VND with a trading volume of 21,400 shares."
2025-09-29 10:00:00,14.25,14.25,14.2,14.2,15700,SJD,"At 2025-09-29 10:00:00, the stock SJD opened at 14.25 VND, reached a high of 14.25 VND, a low of 14.20 VND, and closed the hour at 14.20 VND with a trading volume of 15,700 shares."
2025-09-29 11:00:00,14.2,14.2,14.15,14.2,2900,SJD,"At 2025-09-29 11:00:00, the stock SJD opened at 14.20 VND, reached a high of 14.20 VND, a low of 14.15 VND, and closed the hour at 14.20 VND with a trading volume of 2,900 shares."
2025-09-29 13:00:00,14.2,14.2,14.15,14.15,38100,SJD,"At 2025-09-29 13:00:00, the stock SJD opened at 14.20 VND, reached a high of 14.20 VND, a low of 14.15 VND, and closed the hour at 14.15 VND with a trading volume of 38,100 shares."
2025-09-29 14:00:00,14.2,14.25,14.2,14.2,11800,SJD,"At 2025-09-29 14:00:00, the stock SJD opened at 14.20 VND, reached a high of 14.25 VND, a low of 14.20 VND, and closed the hour at 14.20 VND with a trading volume of 11,800 shares."
2025-09-30 09:00:00,14.2,14.2,14.1,14.2,52200,SJD,"At 2025-09-30 09:00:00, the stock SJD opened at 14.20 VND, reached a high of 14.20 VND, a low of 14.10 VND, and closed the hour at 14.20 VND with a trading volume of 52,200 shares."
2025-09-30 10:00:00,14.2,14.2,14.1,14.15,51700,SJD,"At 2025-09-30 10:00:00, the stock SJD opened at 14.20 VND, reached a high of 14.20 VND, a low of 14.10 VND, and closed the hour at 14.15 VND with a trading volume of 51,700 shares."
2025-09-30 11:00:00,14.15,14.15,14.1,14.1,24700,SJD,"At 2025-09-30 11:00:00, the stock SJD opened at 14.15 VND, reached a high of 14.15 VND, a low of 14.10 VND, and closed the hour at 14.10 VND with a trading volume of 24,700 shares."
2025-09-30 13:00:00,14.15,14.2,14.1,14.2,23300,SJD,"At 2025-09-30 13:00:00, the stock SJD opened at 14.15 VND, reached a high of 14.20 VND, a low of 14.10 VND, and closed the hour at 14.20 VND with a trading volume of 23,300 shares."
2025-09-30 14:00:00,14.15,14.2,14.15,14.15,23400,SJD,"At 2025-09-30 14:00:00, the stock SJD opened at 14.15 VND, reached a high of 14.20 VND, a low of 14.15 VND, and closed the hour at 14.15 VND with a trading volume of 23,400 shares."
2025-10-01 09:00:00,14.2,14.2,14.1,14.15,22100,SJD,"At 2025-10-01 09:00:00, the stock SJD opened at 14.20 VND, reached a high of 14.20 VND, a low of 14.10 VND, and closed the hour at 14.15 VND with a trading volume of 22,100 shares."
2025-10-01 10:00:00,14.15,14.15,14.15,14.15,9200,SJD,"At 2025-10-01 10:00:00, the stock SJD opened at 14.15 VND, reached a high of 14.15 VND, a low of 14.15 VND, and closed the hour at 14.15 VND with a trading volume of 9,200 shares."
2025-10-01 13:00:00,14.2,14.2,14.15,14.2,8400,SJD,"At 2025-10-01 13:00:00, the stock SJD opened at 14.20 VND, reached a high of 14.20 VND, a low of 14.15 VND, and closed the hour at 14.20 VND with a trading volume of 8,400 shares."
2025-10-01 14:00:00,14.15,14.2,14.15,14.15,25900,SJD,"At 2025-10-01 14:00:00, the stock SJD opened at 14.15 VND, reached a high of 14.20 VND, a low of 14.15 VND, and closed the hour at 14.15 VND with a trading volume of 25,900 shares."
2025-10-02 09:00:00,14.2,14.2,14.15,14.2,15900,SJD,"At 2025-10-02 09:00:00, the stock SJD opened at 14.20 VND, reached a high of 14.20 VND, a low of 14.15 VND, and closed the hour at 14.20 VND with a trading volume of 15,900 shares."
2025-10-02 10:00:00,14.2,14.25,14.15,14.15,55600,SJD,"At 2025-10-02 10:00:00, the stock SJD opened at 14.20 VND, reached a high of 14.25 VND, a low of 14.15 VND, and closed the hour at 14.15 VND with a trading volume of 55,600 shares."
2025-10-02 13:00:00,14.2,14.2,14.2,14.2,600,SJD,"At 2025-10-02 13:00:00, the stock SJD opened at 14.20 VND, reached a high of 14.20 VND, a low of 14.20 VND, and closed the hour at 14.20 VND with a trading volume of 600 shares."
2025-10-02 14:00:00,14.2,14.25,14.2,14.2,19900,SJD,"At 2025-10-02 14:00:00, the stock SJD opened at 14.20 VND, reached a high of 14.25 VND, a low of 14.20 VND, and closed the hour at 14.20 VND with a trading volume of 19,900 shares."
2025-10-03 09:00:00,14.2,14.2,14.2,14.2,10600,SJD,"At 2025-10-03 09:00:00, the stock SJD opened at 14.20 VND, reached a high of 14.20 VND, a low of 14.20 VND, and closed the hour at 14.20 VND with a trading volume of 10,600 shares."
2025-10-03 10:00:00,14.2,14.25,14.2,14.2,10000,SJD,"At 2025-10-03 10:00:00, the stock SJD opened at 14.20 VND, reached a high of 14.25 VND, a low of 14.20 VND, and closed the hour at 14.20 VND with a trading volume of 10,000 shares."
2025-10-03 11:00:00,14.15,14.2,14.15,14.2,6800,SJD,"At 2025-10-03 11:00:00, the stock SJD opened at 14.15 VND, reached a high of 14.20 VND, a low of 14.15 VND, and closed the hour at 14.20 VND with a trading volume of 6,800 shares."
2025-10-03 13:00:00,14.2,14.2,14.15,14.2,6400,SJD,"At 2025-10-03 13:00:00, the stock SJD opened at 14.20 VND, reached a high of 14.20 VND, a low of 14.15 VND, and closed the hour at 14.20 VND with a trading volume of 6,400 shares."
2025-10-03 14:00:00,14.2,14.2,14.2,14.2,300,SJD,"At 2025-10-03 14:00:00, the stock SJD opened at 14.20 VND, reached a high of 14.20 VND, a low of 14.20 VND, and closed the hour at 14.20 VND with a trading volume of 300 shares."
2025-10-06 09:00:00,14.2,14.2,14.15,14.2,116200,SJD,"At 2025-10-06 09:00:00, the stock SJD opened at 14.20 VND, reached a high of 14.20 VND, a low of 14.15 VND, and closed the hour at 14.20 VND with a trading volume of 116,200 shares."
2025-10-06 10:00:00,14.2,14.2,14.2,14.2,13800,SJD,"At 2025-10-06 10:00:00, the stock SJD opened at 14.20 VND, reached a high of 14.20 VND, a low of 14.20 VND, and closed the hour at 14.20 VND with a trading volume of 13,800 shares."
2025-10-06 11:00:00,14.2,14.2,14.2,14.2,20000,SJD,"At 2025-10-06 11:00:00, the stock SJD opened at 14.20 VND, reached a high of 14.20 VND, a low of 14.20 VND, and closed the hour at 14.20 VND with a trading volume of 20,000 shares."
2025-10-06 13:00:00,14.2,14.2,14.2,14.2,29800,SJD,"At 2025-10-06 13:00:00, the stock SJD opened at 14.20 VND, reached a high of 14.20 VND, a low of 14.20 VND, and closed the hour at 14.20 VND with a trading volume of 29,800 shares."
2025-10-06 14:00:00,14.2,14.2,14.2,14.2,15300,SJD,"At 2025-10-06 14:00:00, the stock SJD opened at 14.20 VND, reached a high of 14.20 VND, a low of 14.20 VND, and closed the hour at 14.20 VND with a trading volume of 15,300 shares."
2025-10-07 09:00:00,14.15,14.2,14.15,14.2,19700,SJD,"At 2025-10-07 09:00:00, the stock SJD opened at 14.15 VND, reached a high of 14.20 VND, a low of 14.15 VND, and closed the hour at 14.20 VND with a trading volume of 19,700 shares."
2025-10-07 10:00:00,14.2,14.2,14.15,14.2,7100,SJD,"At 2025-10-07 10:00:00, the stock SJD opened at 14.20 VND, reached a high of 14.20 VND, a low of 14.15 VND, and closed the hour at 14.20 VND with a trading volume of 7,100 shares."
2025-10-07 11:00:00,14.2,14.2,14.15,14.15,1100,SJD,"At 2025-10-07 11:00:00, the stock SJD opened at 14.20 VND, reached a high of 14.20 VND, a low of 14.15 VND, and closed the hour at 14.15 VND with a trading volume of 1,100 shares."
2025-10-07 13:00:00,14.15,14.2,14.15,14.2,16000,SJD,"At 2025-10-07 13:00:00, the stock SJD opened at 14.15 VND, reached a high of 14.20 VND, a low of 14.15 VND, and closed the hour at 14.20 VND with a trading volume of 16,000 shares."
2025-10-07 14:00:00,14.2,14.2,14.15,14.2,27300,SJD,"At 2025-10-07 14:00:00, the stock SJD opened at 14.20 VND, reached a high of 14.20 VND, a low of 14.15 VND, and closed the hour at 14.20 VND with a trading volume of 27,300 shares."
2025-10-08 09:00:00,14.25,14.25,14.15,14.2,112600,SJD,"At 2025-10-08 09:00:00, the stock SJD opened at 14.25 VND, reached a high of 14.25 VND, a low of 14.15 VND, and closed the hour at 14.20 VND with a trading volume of 112,600 shares."
2025-10-08 10:00:00,14.2,14.25,14.2,14.2,6300,SJD,"At 2025-10-08 10:00:00, the stock SJD opened at 14.20 VND, reached a high of 14.25 VND, a low of 14.20 VND, and closed the hour at 14.20 VND with a trading volume of 6,300 shares."
2025-10-08 11:00:00,14.2,14.2,14.2,14.2,400,SJD,"At 2025-10-08 11:00:00, the stock SJD opened at 14.20 VND, reached a high of 14.20 VND, a low of 14.20 VND, and closed the hour at 14.20 VND with a trading volume of 400 shares."
2025-10-08 13:00:00,14.2,14.2,14.2,14.2,13500,SJD,"At 2025-10-08 13:00:00, the stock SJD opened at 14.20 VND, reached a high of 14.20 VND, a low of 14.20 VND, and closed the hour at 14.20 VND with a trading volume of 13,500 shares."
2025-10-08 14:00:00,14.15,14.25,14.15,14.25,2900,SJD,"At 2025-10-08 14:00:00, the stock SJD opened at 14.15 VND, reached a high of 14.25 VND, a low of 14.15 VND, and closed the hour at 14.25 VND with a trading volume of 2,900 shares."
2025-10-09 09:00:00,14.25,14.25,14.25,14.25,43600,SJD,"At 2025-10-09 09:00:00, the stock SJD opened at 14.25 VND, reached a high of 14.25 VND, a low of 14.25 VND, and closed the hour at 14.25 VND with a trading volume of 43,600 shares."
2025-10-09 10:00:00,14.25,14.25,14.25,14.25,24400,SJD,"At 2025-10-09 10:00:00, the stock SJD opened at 14.25 VND, reached a high of 14.25 VND, a low of 14.25 VND, and closed the hour at 14.25 VND with a trading volume of 24,400 shares."
2025-10-09 11:00:00,14.2,14.25,14.2,14.2,42400,SJD,"At 2025-10-09 11:00:00, the stock SJD opened at 14.20 VND, reached a high of 14.25 VND, a low of 14.20 VND, and closed the hour at 14.20 VND with a trading volume of 42,400 shares."
2025-10-09 13:00:00,14.2,14.25,14.2,14.2,24700,SJD,"At 2025-10-09 13:00:00, the stock SJD opened at 14.20 VND, reached a high of 14.25 VND, a low of 14.20 VND, and closed the hour at 14.20 VND with a trading volume of 24,700 shares."
2025-10-09 14:00:00,14.2,14.25,14.2,14.25,8400,SJD,"At 2025-10-09 14:00:00, the stock SJD opened at 14.20 VND, reached a high of 14.25 VND, a low of 14.20 VND, and closed the hour at 14.25 VND with a trading volume of 8,400 shares."
2025-10-10 09:00:00,14.15,14.25,14.15,14.25,67900,SJD,"At 2025-10-10 09:00:00, the stock SJD opened at 14.15 VND, reached a high of 14.25 VND, a low of 14.15 VND, and closed the hour at 14.25 VND with a trading volume of 67,900 shares."
2025-10-10 10:00:00,14.2,14.3,14.2,14.3,26000,SJD,"At 2025-10-10 10:00:00, the stock SJD opened at 14.20 VND, reached a high of 14.30 VND, a low of 14.20 VND, and closed the hour at 14.30 VND with a trading volume of 26,000 shares."
2025-10-10 11:00:00,14.2,14.25,14.2,14.25,2000,SJD,"At 2025-10-10 11:00:00, the stock SJD opened at 14.20 VND, reached a high of 14.25 VND, a low of 14.20 VND, and closed the hour at 14.25 VND with a trading volume of 2,000 shares."
2025-10-10 13:00:00,14.2,14.25,14.2,14.2,22200,SJD,"At 2025-10-10 13:00:00, the stock SJD opened at 14.20 VND, reached a high of 14.25 VND, a low of 14.20 VND, and closed the hour at 14.20 VND with a trading volume of 22,200 shares."
2025-10-10 14:00:00,14.15,14.2,14.15,14.2,32100,SJD,"At 2025-10-10 14:00:00, the stock SJD opened at 14.15 VND, reached a high of 14.20 VND, a low of 14.15 VND, and closed the hour at 14.20 VND with a trading volume of 32,100 shares."
2025-10-13 09:00:00,14.15,14.2,14.15,14.2,32500,SJD,"At 2025-10-13 09:00:00, the stock SJD opened at 14.15 VND, reached a high of 14.20 VND, a low of 14.15 VND, and closed the hour at 14.20 VND with a trading volume of 32,500 shares."
2025-10-13 10:00:00,14.25,14.25,14.15,14.2,35100,SJD,"At 2025-10-13 10:00:00, the stock SJD opened at 14.25 VND, reached a high of 14.25 VND, a low of 14.15 VND, and closed the hour at 14.20 VND with a trading volume of 35,100 shares."
2025-10-13 11:00:00,14.15,14.15,14.15,14.15,9100,SJD,"At 2025-10-13 11:00:00, the stock SJD opened at 14.15 VND, reached a high of 14.15 VND, a low of 14.15 VND, and closed the hour at 14.15 VND with a trading volume of 9,100 shares."
2025-10-13 13:00:00,14.2,14.2,14.2,14.2,12100,SJD,"At 2025-10-13 13:00:00, the stock SJD opened at 14.20 VND, reached a high of 14.20 VND, a low of 14.20 VND, and closed the hour at 14.20 VND with a trading volume of 12,100 shares."
2025-10-13 14:00:00,14.2,14.2,14.1,14.1,79700,SJD,"At 2025-10-13 14:00:00, the stock SJD opened at 14.20 VND, reached a high of 14.20 VND, a low of 14.10 VND, and closed the hour at 14.10 VND with a trading volume of 79,700 shares."
2025-10-14 09:00:00,14.1,14.2,14.1,14.15,12200,SJD,"At 2025-10-14 09:00:00, the stock SJD opened at 14.10 VND, reached a high of 14.20 VND, a low of 14.10 VND, and closed the hour at 14.15 VND with a trading volume of 12,200 shares."
2025-10-14 10:00:00,14.15,14.15,14.1,14.15,57000,SJD,"At 2025-10-14 10:00:00, the stock SJD opened at 14.15 VND, reached a high of 14.15 VND, a low of 14.10 VND, and closed the hour at 14.15 VND with a trading volume of 57,000 shares."
2025-10-14 13:00:00,14.15,14.15,14.1,14.1,37900,SJD,"At 2025-10-14 13:00:00, the stock SJD opened at 14.15 VND, reached a high of 14.15 VND, a low of 14.10 VND, and closed the hour at 14.10 VND with a trading volume of 37,900 shares."
2025-10-14 14:00:00,14.1,14.1,14.1,14.1,50000,SJD,"At 2025-10-14 14:00:00, the stock SJD opened at 14.10 VND, reached a high of 14.10 VND, a low of 14.10 VND, and closed the hour at 14.10 VND with a trading volume of 50,000 shares."
2025-10-15 09:00:00,14.05,14.15,14.05,14.1,13600,SJD,"At 2025-10-15 09:00:00, the stock SJD opened at 14.05 VND, reached a high of 14.15 VND, a low of 14.05 VND, and closed the hour at 14.10 VND with a trading volume of 13,600 shares."
2025-10-15 10:00:00,14.1,14.15,14.05,14.1,32100,SJD,"At 2025-10-15 10:00:00, the stock SJD opened at 14.10 VND, reached a high of 14.15 VND, a low of 14.05 VND, and closed the hour at 14.10 VND with a trading volume of 32,100 shares."
2025-10-15 11:00:00,14.1,14.1,14.1,14.1,1000,SJD,"At 2025-10-15 11:00:00, the stock SJD opened at 14.10 VND, reached a high of 14.10 VND, a low of 14.10 VND, and closed the hour at 14.10 VND with a trading volume of 1,000 shares."
2025-10-15 13:00:00,14.1,14.1,14.05,14.1,10000,SJD,"At 2025-10-15 13:00:00, the stock SJD opened at 14.10 VND, reached a high of 14.10 VND, a low of 14.05 VND, and closed the hour at 14.10 VND with a trading volume of 10,000 shares."
2025-10-15 14:00:00,14.1,14.1,14.05,14.05,38300,SJD,"At 2025-10-15 14:00:00, the stock SJD opened at 14.10 VND, reached a high of 14.10 VND, a low of 14.05 VND, and closed the hour at 14.05 VND with a trading volume of 38,300 shares."
2025-10-16 09:00:00,14.0,14.1,14.0,14.1,6700,SJD,"At 2025-10-16 09:00:00, the stock SJD opened at 14.00 VND, reached a high of 14.10 VND, a low of 14.00 VND, and closed the hour at 14.10 VND with a trading volume of 6,700 shares."
2025-10-16 10:00:00,14.1,14.1,14.1,14.1,7200,SJD,"At 2025-10-16 10:00:00, the stock SJD opened at 14.10 VND, reached a high of 14.10 VND, a low of 14.10 VND, and closed the hour at 14.10 VND with a trading volume of 7,200 shares."
2025-10-16 11:00:00,14.05,14.05,14.05,14.05,200,SJD,"At 2025-10-16 11:00:00, the stock SJD opened at 14.05 VND, reached a high of 14.05 VND, a low of 14.05 VND, and closed the hour at 14.05 VND with a trading volume of 200 shares."
2025-10-16 13:00:00,14.05,14.05,14.05,14.05,19100,SJD,"At 2025-10-16 13:00:00, the stock SJD opened at 14.05 VND, reached a high of 14.05 VND, a low of 14.05 VND, and closed the hour at 14.05 VND with a trading volume of 19,100 shares."
2025-10-16 14:00:00,14.05,14.05,14.0,14.05,43500,SJD,"At 2025-10-16 14:00:00, the stock SJD opened at 14.05 VND, reached a high of 14.05 VND, a low of 14.00 VND, and closed the hour at 14.05 VND with a trading volume of 43,500 shares."
2025-10-17 09:00:00,14.0,14.05,14.0,14.0,22700,SJD,"At 2025-10-17 09:00:00, the stock SJD opened at 14.00 VND, reached a high of 14.05 VND, a low of 14.00 VND, and closed the hour at 14.00 VND with a trading volume of 22,700 shares."
2025-10-17 10:00:00,14.0,14.0,13.95,14.0,4900,SJD,"At 2025-10-17 10:00:00, the stock SJD opened at 14.00 VND, reached a high of 14.00 VND, a low of 13.95 VND, and closed the hour at 14.00 VND with a trading volume of 4,900 shares."
2025-10-17 11:00:00,14.0,14.0,14.0,14.0,2100,SJD,"At 2025-10-17 11:00:00, the stock SJD opened at 14.00 VND, reached a high of 14.00 VND, a low of 14.00 VND, and closed the hour at 14.00 VND with a trading volume of 2,100 shares."
2025-10-17 13:00:00,14.0,14.0,13.95,13.95,13200,SJD,"At 2025-10-17 13:00:00, the stock SJD opened at 14.00 VND, reached a high of 14.00 VND, a low of 13.95 VND, and closed the hour at 13.95 VND with a trading volume of 13,200 shares."
2025-10-17 14:00:00,14.0,14.0,13.95,14.0,77600,SJD,"At 2025-10-17 14:00:00, the stock SJD opened at 14.00 VND, reached a high of 14.00 VND, a low of 13.95 VND, and closed the hour at 14.00 VND with a trading volume of 77,600 shares."
2025-10-20 09:00:00,14.0,14.1,14.0,14.05,40900,SJD,"At 2025-10-20 09:00:00, the stock SJD opened at 14.00 VND, reached a high of 14.10 VND, a low of 14.00 VND, and closed the hour at 14.05 VND with a trading volume of 40,900 shares."
2025-10-20 10:00:00,14.05,14.1,14.05,14.1,1900,SJD,"At 2025-10-20 10:00:00, the stock SJD opened at 14.05 VND, reached a high of 14.10 VND, a low of 14.05 VND, and closed the hour at 14.10 VND with a trading volume of 1,900 shares."
2025-10-20 11:00:00,14.05,14.1,14.05,14.1,9700,SJD,"At 2025-10-20 11:00:00, the stock SJD opened at 14.05 VND, reached a high of 14.10 VND, a low of 14.05 VND, and closed the hour at 14.10 VND with a trading volume of 9,700 shares."
2025-10-20 13:00:00,14.1,14.1,14.05,14.05,13000,SJD,"At 2025-10-20 13:00:00, the stock SJD opened at 14.10 VND, reached a high of 14.10 VND, a low of 14.05 VND, and closed the hour at 14.05 VND with a trading volume of 13,000 shares."
2025-10-20 14:00:00,14.0,14.05,13.9,13.9,75800,SJD,"At 2025-10-20 14:00:00, the stock SJD opened at 14.00 VND, reached a high of 14.05 VND, a low of 13.90 VND, and closed the hour at 13.90 VND with a trading volume of 75,800 shares."
2025-10-21 09:00:00,13.9,14.0,13.9,14.0,26400,SJD,"At 2025-10-21 09:00:00, the stock SJD opened at 13.90 VND, reached a high of 14.00 VND, a low of 13.90 VND, and closed the hour at 14.00 VND with a trading volume of 26,400 shares."
2025-10-21 10:00:00,14.0,14.0,13.9,13.9,29500,SJD,"At 2025-10-21 10:00:00, the stock SJD opened at 14.00 VND, reached a high of 14.00 VND, a low of 13.90 VND, and closed the hour at 13.90 VND with a trading volume of 29,500 shares."
2025-10-21 11:00:00,13.9,14.0,13.9,13.9,27700,SJD,"At 2025-10-21 11:00:00, the stock SJD opened at 13.90 VND, reached a high of 14.00 VND, a low of 13.90 VND, and closed the hour at 13.90 VND with a trading volume of 27,700 shares."
2025-10-21 13:00:00,13.9,13.95,13.9,13.9,34400,SJD,"At 2025-10-21 13:00:00, the stock SJD opened at 13.90 VND, reached a high of 13.95 VND, a low of 13.90 VND, and closed the hour at 13.90 VND with a trading volume of 34,400 shares."
2025-10-21 14:00:00,13.9,13.95,13.9,13.9,27900,SJD,"At 2025-10-21 14:00:00, the stock SJD opened at 13.90 VND, reached a high of 13.95 VND, a low of 13.90 VND, and closed the hour at 13.90 VND with a trading volume of 27,900 shares."
2025-10-22 09:00:00,14.0,14.0,13.95,13.95,1000,SJD,"At 2025-10-22 09:00:00, the stock SJD opened at 14.00 VND, reached a high of 14.00 VND, a low of 13.95 VND, and closed the hour at 13.95 VND with a trading volume of 1,000 shares."
2025-10-22 10:00:00,13.95,14.0,13.95,14.0,4100,SJD,"At 2025-10-22 10:00:00, the stock SJD opened at 13.95 VND, reached a high of 14.00 VND, a low of 13.95 VND, and closed the hour at 14.00 VND with a trading volume of 4,100 shares."
2025-10-22 11:00:00,13.95,14.0,13.95,14.0,400,SJD,"At 2025-10-22 11:00:00, the stock SJD opened at 13.95 VND, reached a high of 14.00 VND, a low of 13.95 VND, and closed the hour at 14.00 VND with a trading volume of 400 shares."
2025-10-22 13:00:00,14.0,14.0,14.0,14.0,26700,SJD,"At 2025-10-22 13:00:00, the stock SJD opened at 14.00 VND, reached a high of 14.00 VND, a low of 14.00 VND, and closed the hour at 14.00 VND with a trading volume of 26,700 shares."
2025-10-22 14:00:00,13.95,14.05,13.95,14.05,28600,SJD,"At 2025-10-22 14:00:00, the stock SJD opened at 13.95 VND, reached a high of 14.05 VND, a low of 13.95 VND, and closed the hour at 14.05 VND with a trading volume of 28,600 shares."
2025-10-23 09:00:00,14.05,14.05,14.05,14.05,2900,SJD,"At 2025-10-23 09:00:00, the stock SJD opened at 14.05 VND, reached a high of 14.05 VND, a low of 14.05 VND, and closed the hour at 14.05 VND with a trading volume of 2,900 shares."
2025-10-23 10:00:00,14.05,14.15,14.05,14.1,5500,SJD,"At 2025-10-23 10:00:00, the stock SJD opened at 14.05 VND, reached a high of 14.15 VND, a low of 14.05 VND, and closed the hour at 14.10 VND with a trading volume of 5,500 shares."
2025-10-23 11:00:00,14.1,14.1,14.1,14.1,100,SJD,"At 2025-10-23 11:00:00, the stock SJD opened at 14.10 VND, reached a high of 14.10 VND, a low of 14.10 VND, and closed the hour at 14.10 VND with a trading volume of 100 shares."
2025-10-23 13:00:00,14.15,14.15,14.05,14.05,3200,SJD,"At 2025-10-23 13:00:00, the stock SJD opened at 14.15 VND, reached a high of 14.15 VND, a low of 14.05 VND, and closed the hour at 14.05 VND with a trading volume of 3,200 shares."
2025-10-23 14:00:00,14.1,14.3,14.1,14.3,105700,SJD,"At 2025-10-23 14:00:00, the stock SJD opened at 14.10 VND, reached a high of 14.30 VND, a low of 14.10 VND, and closed the hour at 14.30 VND with a trading volume of 105,700 shares."
2025-10-24 09:00:00,14.3,14.35,14.25,14.3,30700,SJD,"At 2025-10-24 09:00:00, the stock SJD opened at 14.30 VND, reached a high of 14.35 VND, a low of 14.25 VND, and closed the hour at 14.30 VND with a trading volume of 30,700 shares."
2025-10-24 10:00:00,14.3,14.3,14.25,14.25,19200,SJD,"At 2025-10-24 10:00:00, the stock SJD opened at 14.30 VND, reached a high of 14.30 VND, a low of 14.25 VND, and closed the hour at 14.25 VND with a trading volume of 19,200 shares."
2025-10-24 11:00:00,14.25,14.25,14.25,14.25,1800,SJD,"At 2025-10-24 11:00:00, the stock SJD opened at 14.25 VND, reached a high of 14.25 VND, a low of 14.25 VND, and closed the hour at 14.25 VND with a trading volume of 1,800 shares."
2025-10-24 13:00:00,14.3,14.3,14.2,14.2,2600,SJD,"At 2025-10-24 13:00:00, the stock SJD opened at 14.30 VND, reached a high of 14.30 VND, a low of 14.20 VND, and closed the hour at 14.20 VND with a trading volume of 2,600 shares."
2025-10-24 14:00:00,14.2,14.25,14.2,14.25,14600,SJD,"At 2025-10-24 14:00:00, the stock SJD opened at 14.20 VND, reached a high of 14.25 VND, a low of 14.20 VND, and closed the hour at 14.25 VND with a trading volume of 14,600 shares."
2025-10-27 09:00:00,14.25,14.3,14.25,14.25,14600,SJD,"At 2025-10-27 09:00:00, the stock SJD opened at 14.25 VND, reached a high of 14.30 VND, a low of 14.25 VND, and closed the hour at 14.25 VND with a trading volume of 14,600 shares."
2025-10-27 10:00:00,14.2,14.25,14.2,14.25,48200,SJD,"At 2025-10-27 10:00:00, the stock SJD opened at 14.20 VND, reached a high of 14.25 VND, a low of 14.20 VND, and closed the hour at 14.25 VND with a trading volume of 48,200 shares."
2025-10-27 11:00:00,14.2,14.25,14.2,14.2,3000,SJD,"At 2025-10-27 11:00:00, the stock SJD opened at 14.20 VND, reached a high of 14.25 VND, a low of 14.20 VND, and closed the hour at 14.20 VND with a trading volume of 3,000 shares."
2025-10-27 13:00:00,14.25,14.25,14.2,14.2,24300,SJD,"At 2025-10-27 13:00:00, the stock SJD opened at 14.25 VND, reached a high of 14.25 VND, a low of 14.20 VND, and closed the hour at 14.20 VND with a trading volume of 24,300 shares."
2025-10-27 14:00:00,14.2,14.25,14.2,14.25,2100,SJD,"At 2025-10-27 14:00:00, the stock SJD opened at 14.20 VND, reached a high of 14.25 VND, a low of 14.20 VND, and closed the hour at 14.25 VND with a trading volume of 2,100 shares."
2025-10-28 09:00:00,14.25,14.3,14.15,14.2,23700,SJD,"At 2025-10-28 09:00:00, the stock SJD opened at 14.25 VND, reached a high of 14.30 VND, a low of 14.15 VND, and closed the hour at 14.20 VND with a trading volume of 23,700 shares."
2025-10-28 10:00:00,14.2,14.2,14.15,14.15,35100,SJD,"At 2025-10-28 10:00:00, the stock SJD opened at 14.20 VND, reached a high of 14.20 VND, a low of 14.15 VND, and closed the hour at 14.15 VND with a trading volume of 35,100 shares."
2025-10-28 11:00:00,14.2,14.2,14.2,14.2,100,SJD,"At 2025-10-28 11:00:00, the stock SJD opened at 14.20 VND, reached a high of 14.20 VND, a low of 14.20 VND, and closed the hour at 14.20 VND with a trading volume of 100 shares."
2025-10-28 13:00:00,14.2,14.2,14.1,14.15,18100,SJD,"At 2025-10-28 13:00:00, the stock SJD opened at 14.20 VND, reached a high of 14.20 VND, a low of 14.10 VND, and closed the hour at 14.15 VND with a trading volume of 18,100 shares."
2025-10-28 14:00:00,14.15,14.2,14.1,14.15,25300,SJD,"At 2025-10-28 14:00:00, the stock SJD opened at 14.15 VND, reached a high of 14.20 VND, a low of 14.10 VND, and closed the hour at 14.15 VND with a trading volume of 25,300 shares."
2025-10-29 09:00:00,14.15,14.15,14.1,14.1,36500,SJD,"At 2025-10-29 09:00:00, the stock SJD opened at 14.15 VND, reached a high of 14.15 VND, a low of 14.10 VND, and closed the hour at 14.10 VND with a trading volume of 36,500 shares."
2025-10-29 10:00:00,14.15,14.25,14.15,14.25,15700,SJD,"At 2025-10-29 10:00:00, the stock SJD opened at 14.15 VND, reached a high of 14.25 VND, a low of 14.15 VND, and closed the hour at 14.25 VND with a trading volume of 15,700 shares."
2025-10-29 11:00:00,14.25,14.25,14.25,14.25,600,SJD,"At 2025-10-29 11:00:00, the stock SJD opened at 14.25 VND, reached a high of 14.25 VND, a low of 14.25 VND, and closed the hour at 14.25 VND with a trading volume of 600 shares."
2025-10-29 13:00:00,14.2,14.2,14.1,14.15,40200,SJD,"At 2025-10-29 13:00:00, the stock SJD opened at 14.20 VND, reached a high of 14.20 VND, a low of 14.10 VND, and closed the hour at 14.15 VND with a trading volume of 40,200 shares."
2025-10-29 14:00:00,14.15,14.2,14.1,14.2,22400,SJD,"At 2025-10-29 14:00:00, the stock SJD opened at 14.15 VND, reached a high of 14.20 VND, a low of 14.10 VND, and closed the hour at 14.20 VND with a trading volume of 22,400 shares."
2025-10-30 09:00:00,14.15,14.15,14.15,14.15,1300,SJD,"At 2025-10-30 09:00:00, the stock SJD opened at 14.15 VND, reached a high of 14.15 VND, a low of 14.15 VND, and closed the hour at 14.15 VND with a trading volume of 1,300 shares."
2025-10-30 10:00:00,14.15,14.15,14.15,14.15,3000,SJD,"At 2025-10-30 10:00:00, the stock SJD opened at 14.15 VND, reached a high of 14.15 VND, a low of 14.15 VND, and closed the hour at 14.15 VND with a trading volume of 3,000 shares."
2025-10-30 11:00:00,14.2,14.2,14.15,14.15,10300,SJD,"At 2025-10-30 11:00:00, the stock SJD opened at 14.20 VND, reached a high of 14.20 VND, a low of 14.15 VND, and closed the hour at 14.15 VND with a trading volume of 10,300 shares."
2025-10-30 13:00:00,14.15,14.2,14.15,14.2,13000,SJD,"At 2025-10-30 13:00:00, the stock SJD opened at 14.15 VND, reached a high of 14.20 VND, a low of 14.15 VND, and closed the hour at 14.20 VND with a trading volume of 13,000 shares."
2025-10-30 14:00:00,14.2,14.2,14.05,14.2,32700,SJD,"At 2025-10-30 14:00:00, the stock SJD opened at 14.20 VND, reached a high of 14.20 VND, a low of 14.05 VND, and closed the hour at 14.20 VND with a trading volume of 32,700 shares."
2025-10-31 09:00:00,14.2,14.2,14.1,14.15,1900,SJD,"At 2025-10-31 09:00:00, the stock SJD opened at 14.20 VND, reached a high of 14.20 VND, a low of 14.10 VND, and closed the hour at 14.15 VND with a trading volume of 1,900 shares."
2025-10-31 10:00:00,14.15,14.2,14.15,14.2,8000,SJD,"At 2025-10-31 10:00:00, the stock SJD opened at 14.15 VND, reached a high of 14.20 VND, a low of 14.15 VND, and closed the hour at 14.20 VND with a trading volume of 8,000 shares."
2025-10-31 13:00:00,14.2,14.2,14.1,14.2,36700,SJD,"At 2025-10-31 13:00:00, the stock SJD opened at 14.20 VND, reached a high of 14.20 VND, a low of 14.10 VND, and closed the hour at 14.20 VND with a trading volume of 36,700 shares."
2025-10-31 14:00:00,14.2,14.25,14.2,14.2,11200,SJD,"At 2025-10-31 14:00:00, the stock SJD opened at 14.20 VND, reached a high of 14.25 VND, a low of 14.20 VND, and closed the hour at 14.20 VND with a trading volume of 11,200 shares."
2025-11-03 09:00:00,14.2,14.25,14.2,14.25,7000,SJD,"At 2025-11-03 09:00:00, the stock SJD opened at 14.20 VND, reached a high of 14.25 VND, a low of 14.20 VND, and closed the hour at 14.25 VND with a trading volume of 7,000 shares."
2025-11-03 10:00:00,14.25,14.3,14.15,14.3,40400,SJD,"At 2025-11-03 10:00:00, the stock SJD opened at 14.25 VND, reached a high of 14.30 VND, a low of 14.15 VND, and closed the hour at 14.30 VND with a trading volume of 40,400 shares."
2025-11-03 11:00:00,14.25,14.3,14.25,14.25,38300,SJD,"At 2025-11-03 11:00:00, the stock SJD opened at 14.25 VND, reached a high of 14.30 VND, a low of 14.25 VND, and closed the hour at 14.25 VND with a trading volume of 38,300 shares."
2025-11-03 13:00:00,14.25,14.25,14.2,14.2,46100,SJD,"At 2025-11-03 13:00:00, the stock SJD opened at 14.25 VND, reached a high of 14.25 VND, a low of 14.20 VND, and closed the hour at 14.20 VND with a trading volume of 46,100 shares."
2025-11-03 14:00:00,14.25,14.25,14.2,14.2,32700,SJD,"At 2025-11-03 14:00:00, the stock SJD opened at 14.25 VND, reached a high of 14.25 VND, a low of 14.20 VND, and closed the hour at 14.20 VND with a trading volume of 32,700 shares."
2025-11-04 09:00:00,14.2,14.2,14.1,14.2,14400,SJD,"At 2025-11-04 09:00:00, the stock SJD opened at 14.20 VND, reached a high of 14.20 VND, a low of 14.10 VND, and closed the hour at 14.20 VND with a trading volume of 14,400 shares."
2025-11-04 10:00:00,14.15,14.25,14.15,14.25,38300,SJD,"At 2025-11-04 10:00:00, the stock SJD opened at 14.15 VND, reached a high of 14.25 VND, a low of 14.15 VND, and closed the hour at 14.25 VND with a trading volume of 38,300 shares."
2025-11-04 11:00:00,14.25,14.25,14.25,14.25,10000,SJD,"At 2025-11-04 11:00:00, the stock SJD opened at 14.25 VND, reached a high of 14.25 VND, a low of 14.25 VND, and closed the hour at 14.25 VND with a trading volume of 10,000 shares."
2025-11-04 13:00:00,14.2,14.2,14.05,14.15,57200,SJD,"At 2025-11-04 13:00:00, the stock SJD opened at 14.20 VND, reached a high of 14.20 VND, a low of 14.05 VND, and closed the hour at 14.15 VND with a trading volume of 57,200 shares."
2025-11-04 14:00:00,14.15,14.2,14.1,14.2,8300,SJD,"At 2025-11-04 14:00:00, the stock SJD opened at 14.15 VND, reached a high of 14.20 VND, a low of 14.10 VND, and closed the hour at 14.20 VND with a trading volume of 8,300 shares."
2025-11-05 09:00:00,14.15,14.2,14.15,14.2,200,SJD,"At 2025-11-05 09:00:00, the stock SJD opened at 14.15 VND, reached a high of 14.20 VND, a low of 14.15 VND, and closed the hour at 14.20 VND with a trading volume of 200 shares."
2025-11-05 10:00:00,14.2,14.2,14.1,14.1,21300,SJD,"At 2025-11-05 10:00:00, the stock SJD opened at 14.20 VND, reached a high of 14.20 VND, a low of 14.10 VND, and closed the hour at 14.10 VND with a trading volume of 21,300 shares."
2025-11-05 11:00:00,14.2,14.2,14.2,14.2,10000,SJD,"At 2025-11-05 11:00:00, the stock SJD opened at 14.20 VND, reached a high of 14.20 VND, a low of 14.20 VND, and closed the hour at 14.20 VND with a trading volume of 10,000 shares."
2025-11-05 13:00:00,14.2,14.2,14.15,14.15,20300,SJD,"At 2025-11-05 13:00:00, the stock SJD opened at 14.20 VND, reached a high of 14.20 VND, a low of 14.15 VND, and closed the hour at 14.15 VND with a trading volume of 20,300 shares."
2025-11-05 14:00:00,14.15,14.2,14.15,14.2,4500,SJD,"At 2025-11-05 14:00:00, the stock SJD opened at 14.15 VND, reached a high of 14.20 VND, a low of 14.15 VND, and closed the hour at 14.20 VND with a trading volume of 4,500 shares."
2025-11-06 09:00:00,14.2,14.2,14.15,14.2,6100,SJD,"At 2025-11-06 09:00:00, the stock SJD opened at 14.20 VND, reached a high of 14.20 VND, a low of 14.15 VND, and closed the hour at 14.20 VND with a trading volume of 6,100 shares."
2025-11-06 10:00:00,14.2,14.2,14.15,14.15,13700,SJD,"At 2025-11-06 10:00:00, the stock SJD opened at 14.20 VND, reached a high of 14.20 VND, a low of 14.15 VND, and closed the hour at 14.15 VND with a trading volume of 13,700 shares."
2025-11-06 11:00:00,14.15,14.15,14.15,14.15,2500,SJD,"At 2025-11-06 11:00:00, the stock SJD opened at 14.15 VND, reached a high of 14.15 VND, a low of 14.15 VND, and closed the hour at 14.15 VND with a trading volume of 2,500 shares."
2025-11-06 13:00:00,14.15,14.2,14.1,14.1,25700,SJD,"At 2025-11-06 13:00:00, the stock SJD opened at 14.15 VND, reached a high of 14.20 VND, a low of 14.10 VND, and closed the hour at 14.10 VND with a trading volume of 25,700 shares."
2025-11-06 14:00:00,14.1,14.2,14.1,14.2,6300,SJD,"At 2025-11-06 14:00:00, the stock SJD opened at 14.10 VND, reached a high of 14.20 VND, a low of 14.10 VND, and closed the hour at 14.20 VND with a trading volume of 6,300 shares."
2025-11-07 09:00:00,14.2,14.2,14.15,14.15,3200,SJD,"At 2025-11-07 09:00:00, the stock SJD opened at 14.20 VND, reached a high of 14.20 VND, a low of 14.15 VND, and closed the hour at 14.15 VND with a trading volume of 3,200 shares."
2025-11-07 10:00:00,14.2,14.2,14.2,14.2,200,SJD,"At 2025-11-07 10:00:00, the stock SJD opened at 14.20 VND, reached a high of 14.20 VND, a low of 14.20 VND, and closed the hour at 14.20 VND with a trading volume of 200 shares."
2025-11-07 11:00:00,14.2,14.2,14.15,14.15,21500,SJD,"At 2025-11-07 11:00:00, the stock SJD opened at 14.20 VND, reached a high of 14.20 VND, a low of 14.15 VND, and closed the hour at 14.15 VND with a trading volume of 21,500 shares."
2025-11-07 13:00:00,14.15,14.15,14.15,14.15,21400,SJD,"At 2025-11-07 13:00:00, the stock SJD opened at 14.15 VND, reached a high of 14.15 VND, a low of 14.15 VND, and closed the hour at 14.15 VND with a trading volume of 21,400 shares."
2025-11-07 14:00:00,14.2,14.2,14.15,14.15,3000,SJD,"At 2025-11-07 14:00:00, the stock SJD opened at 14.20 VND, reached a high of 14.20 VND, a low of 14.15 VND, and closed the hour at 14.15 VND with a trading volume of 3,000 shares."
2025-11-10 09:00:00,14.15,14.15,14.15,14.15,4600,SJD,"At 2025-11-10 09:00:00, the stock SJD opened at 14.15 VND, reached a high of 14.15 VND, a low of 14.15 VND, and closed the hour at 14.15 VND with a trading volume of 4,600 shares."
2025-11-10 10:00:00,14.15,14.15,14.1,14.1,15100,SJD,"At 2025-11-10 10:00:00, the stock SJD opened at 14.15 VND, reached a high of 14.15 VND, a low of 14.10 VND, and closed the hour at 14.10 VND with a trading volume of 15,100 shares."
2025-11-10 11:00:00,14.1,14.1,14.05,14.1,20900,SJD,"At 2025-11-10 11:00:00, the stock SJD opened at 14.10 VND, reached a high of 14.10 VND, a low of 14.05 VND, and closed the hour at 14.10 VND with a trading volume of 20,900 shares."
2025-11-10 13:00:00,14.1,14.15,14.1,14.1,9400,SJD,"At 2025-11-10 13:00:00, the stock SJD opened at 14.10 VND, reached a high of 14.15 VND, a low of 14.10 VND, and closed the hour at 14.10 VND with a trading volume of 9,400 shares."
2025-11-10 14:00:00,14.15,14.15,14.05,14.1,41200,SJD,"At 2025-11-10 14:00:00, the stock SJD opened at 14.15 VND, reached a high of 14.15 VND, a low of 14.05 VND, and closed the hour at 14.10 VND with a trading volume of 41,200 shares."
2025-11-11 09:00:00,14.1,14.1,14.1,14.1,5100,SJD,"At 2025-11-11 09:00:00, the stock SJD opened at 14.10 VND, reached a high of 14.10 VND, a low of 14.10 VND, and closed the hour at 14.10 VND with a trading volume of 5,100 shares."
2025-11-11 10:00:00,14.1,14.1,14.1,14.1,7100,SJD,"At 2025-11-11 10:00:00, the stock SJD opened at 14.10 VND, reached a high of 14.10 VND, a low of 14.10 VND, and closed the hour at 14.10 VND with a trading volume of 7,100 shares."
2025-11-11 11:00:00,14.1,14.1,14.1,14.1,3300,SJD,"At 2025-11-11 11:00:00, the stock SJD opened at 14.10 VND, reached a high of 14.10 VND, a low of 14.10 VND, and closed the hour at 14.10 VND with a trading volume of 3,300 shares."
2025-11-11 13:00:00,14.1,14.1,14.05,14.05,19000,SJD,"At 2025-11-11 13:00:00, the stock SJD opened at 14.10 VND, reached a high of 14.10 VND, a low of 14.05 VND, and closed the hour at 14.05 VND with a trading volume of 19,000 shares."
2025-11-11 14:00:00,14.1,14.1,14.05,14.1,6100,SJD,"At 2025-11-11 14:00:00, the stock SJD opened at 14.10 VND, reached a high of 14.10 VND, a low of 14.05 VND, and closed the hour at 14.10 VND with a trading volume of 6,100 shares."
2025-11-12 09:00:00,14.1,14.15,14.05,14.15,8800,SJD,"At 2025-11-12 09:00:00, the stock SJD opened at 14.10 VND, reached a high of 14.15 VND, a low of 14.05 VND, and closed the hour at 14.15 VND with a trading volume of 8,800 shares."
2025-11-12 10:00:00,14.15,14.15,14.1,14.1,400,SJD,"At 2025-11-12 10:00:00, the stock SJD opened at 14.15 VND, reached a high of 14.15 VND, a low of 14.10 VND, and closed the hour at 14.10 VND with a trading volume of 400 shares."
2025-11-12 13:00:00,14.1,14.1,14.05,14.1,35300,SJD,"At 2025-11-12 13:00:00, the stock SJD opened at 14.10 VND, reached a high of 14.10 VND, a low of 14.05 VND, and closed the hour at 14.10 VND with a trading volume of 35,300 shares."
2025-11-12 14:00:00,14.05,14.05,13.95,14.05,99400,SJD,"At 2025-11-12 14:00:00, the stock SJD opened at 14.05 VND, reached a high of 14.05 VND, a low of 13.95 VND, and closed the hour at 14.05 VND with a trading volume of 99,400 shares."
2025-11-13 09:00:00,14.05,14.1,14.0,14.0,3300,SJD,"At 2025-11-13 09:00:00, the stock SJD opened at 14.05 VND, reached a high of 14.10 VND, a low of 14.00 VND, and closed the hour at 14.00 VND with a trading volume of 3,300 shares."
2025-11-13 10:00:00,14.05,14.1,14.0,14.1,24400,SJD,"At 2025-11-13 10:00:00, the stock SJD opened at 14.05 VND, reached a high of 14.10 VND, a low of 14.00 VND, and closed the hour at 14.10 VND with a trading volume of 24,400 shares."
2025-11-13 11:00:00,14.1,14.1,14.1,14.1,1100,SJD,"At 2025-11-13 11:00:00, the stock SJD opened at 14.10 VND, reached a high of 14.10 VND, a low of 14.10 VND, and closed the hour at 14.10 VND with a trading volume of 1,100 shares."
2025-11-13 13:00:00,14.1,14.1,14.0,14.0,12400,SJD,"At 2025-11-13 13:00:00, the stock SJD opened at 14.10 VND, reached a high of 14.10 VND, a low of 14.00 VND, and closed the hour at 14.00 VND with a trading volume of 12,400 shares."
2025-11-13 14:00:00,14.05,14.1,14.0,14.1,5700,SJD,"At 2025-11-13 14:00:00, the stock SJD opened at 14.05 VND, reached a high of 14.10 VND, a low of 14.00 VND, and closed the hour at 14.10 VND with a trading volume of 5,700 shares."
2025-11-14 09:00:00,14.05,14.1,14.05,14.1,2600,SJD,"At 2025-11-14 09:00:00, the stock SJD opened at 14.05 VND, reached a high of 14.10 VND, a low of 14.05 VND, and closed the hour at 14.10 VND with a trading volume of 2,600 shares."
2025-11-14 10:00:00,14.05,14.1,14.05,14.05,11400,SJD,"At 2025-11-14 10:00:00, the stock SJD opened at 14.05 VND, reached a high of 14.10 VND, a low of 14.05 VND, and closed the hour at 14.05 VND with a trading volume of 11,400 shares."
2025-11-14 13:00:00,14.05,14.1,14.05,14.1,13400,SJD,"At 2025-11-14 13:00:00, the stock SJD opened at 14.05 VND, reached a high of 14.10 VND, a low of 14.05 VND, and closed the hour at 14.10 VND with a trading volume of 13,400 shares."
2025-11-14 14:00:00,14.05,14.1,14.05,14.1,13500,SJD,"At 2025-11-14 14:00:00, the stock SJD opened at 14.05 VND, reached a high of 14.10 VND, a low of 14.05 VND, and closed the hour at 14.10 VND with a trading volume of 13,500 shares."
2025-11-17 09:00:00,14.1,14.15,14.05,14.1,30800,SJD,"At 2025-11-17 09:00:00, the stock SJD opened at 14.10 VND, reached a high of 14.15 VND, a low of 14.05 VND, and closed the hour at 14.10 VND with a trading volume of 30,800 shares."
2025-11-17 10:00:00,14.15,14.15,14.05,14.1,20700,SJD,"At 2025-11-17 10:00:00, the stock SJD opened at 14.15 VND, reached a high of 14.15 VND, a low of 14.05 VND, and closed the hour at 14.10 VND with a trading volume of 20,700 shares."
2025-11-17 11:00:00,14.15,14.15,14.15,14.15,200,SJD,"At 2025-11-17 11:00:00, the stock SJD opened at 14.15 VND, reached a high of 14.15 VND, a low of 14.15 VND, and closed the hour at 14.15 VND with a trading volume of 200 shares."
2025-11-17 13:00:00,14.1,14.2,14.1,14.15,37500,SJD,"At 2025-11-17 13:00:00, the stock SJD opened at 14.10 VND, reached a high of 14.20 VND, a low of 14.10 VND, and closed the hour at 14.15 VND with a trading volume of 37,500 shares."
2025-11-17 14:00:00,14.15,14.2,14.15,14.2,5800,SJD,"At 2025-11-17 14:00:00, the stock SJD opened at 14.15 VND, reached a high of 14.20 VND, a low of 14.15 VND, and closed the hour at 14.20 VND with a trading volume of 5,800 shares."
2025-11-18 09:00:00,14.2,14.2,14.1,14.15,12300,SJD,"At 2025-11-18 09:00:00, the stock SJD opened at 14.20 VND, reached a high of 14.20 VND, a low of 14.10 VND, and closed the hour at 14.15 VND with a trading volume of 12,300 shares."
2025-11-18 10:00:00,14.15,14.2,14.15,14.2,16600,SJD,"At 2025-11-18 10:00:00, the stock SJD opened at 14.15 VND, reached a high of 14.20 VND, a low of 14.15 VND, and closed the hour at 14.20 VND with a trading volume of 16,600 shares."
2025-11-18 11:00:00,14.15,14.15,14.1,14.1,1900,SJD,"At 2025-11-18 11:00:00, the stock SJD opened at 14.15 VND, reached a high of 14.15 VND, a low of 14.10 VND, and closed the hour at 14.10 VND with a trading volume of 1,900 shares."
2025-11-18 13:00:00,14.2,14.2,14.1,14.1,15500,SJD,"At 2025-11-18 13:00:00, the stock SJD opened at 14.20 VND, reached a high of 14.20 VND, a low of 14.10 VND, and closed the hour at 14.10 VND with a trading volume of 15,500 shares."
2025-11-18 14:00:00,14.15,14.15,14.15,14.15,100,SJD,"At 2025-11-18 14:00:00, the stock SJD opened at 14.15 VND, reached a high of 14.15 VND, a low of 14.15 VND, and closed the hour at 14.15 VND with a trading volume of 100 shares."
2025-11-19 10:00:00,14.15,14.15,14.1,14.15,5300,SJD,"At 2025-11-19 10:00:00, the stock SJD opened at 14.15 VND, reached a high of 14.15 VND, a low of 14.10 VND, and closed the hour at 14.15 VND with a trading volume of 5,300 shares."
2025-11-19 11:00:00,14.1,14.1,14.1,14.1,100,SJD,"At 2025-11-19 11:00:00, the stock SJD opened at 14.10 VND, reached a high of 14.10 VND, a low of 14.10 VND, and closed the hour at 14.10 VND with a trading volume of 100 shares."
2025-11-19 13:00:00,14.1,14.1,14.1,14.1,11300,SJD,"At 2025-11-19 13:00:00, the stock SJD opened at 14.10 VND, reached a high of 14.10 VND, a low of 14.10 VND, and closed the hour at 14.10 VND with a trading volume of 11,300 shares."
2025-11-19 14:00:00,14.1,14.15,14.1,14.15,16900,SJD,"At 2025-11-19 14:00:00, the stock SJD opened at 14.10 VND, reached a high of 14.15 VND, a low of 14.10 VND, and closed the hour at 14.15 VND with a trading volume of 16,900 shares."
2025-11-20 09:00:00,14.2,14.2,14.15,14.15,11200,SJD,"At 2025-11-20 09:00:00, the stock SJD opened at 14.20 VND, reached a high of 14.20 VND, a low of 14.15 VND, and closed the hour at 14.15 VND with a trading volume of 11,200 shares."
2025-11-20 10:00:00,14.2,14.2,14.15,14.15,31700,SJD,"At 2025-11-20 10:00:00, the stock SJD opened at 14.20 VND, reached a high of 14.20 VND, a low of 14.15 VND, and closed the hour at 14.15 VND with a trading volume of 31,700 shares."
2025-11-20 11:00:00,14.2,14.2,14.2,14.2,2700,SJD,"At 2025-11-20 11:00:00, the stock SJD opened at 14.20 VND, reached a high of 14.20 VND, a low of 14.20 VND, and closed the hour at 14.20 VND with a trading volume of 2,700 shares."
2025-11-20 13:00:00,14.2,14.2,14.15,14.15,14200,SJD,"At 2025-11-20 13:00:00, the stock SJD opened at 14.20 VND, reached a high of 14.20 VND, a low of 14.15 VND, and closed the hour at 14.15 VND with a trading volume of 14,200 shares."
2025-11-20 14:00:00,14.15,14.15,14.15,14.15,1100,SJD,"At 2025-11-20 14:00:00, the stock SJD opened at 14.15 VND, reached a high of 14.15 VND, a low of 14.15 VND, and closed the hour at 14.15 VND with a trading volume of 1,100 shares."
2025-11-21 09:00:00,14.15,14.15,14.15,14.15,9700,SJD,"At 2025-11-21 09:00:00, the stock SJD opened at 14.15 VND, reached a high of 14.15 VND, a low of 14.15 VND, and closed the hour at 14.15 VND with a trading volume of 9,700 shares."
2025-11-21 10:00:00,14.2,14.2,14.15,14.15,7000,SJD,"At 2025-11-21 10:00:00, the stock SJD opened at 14.20 VND, reached a high of 14.20 VND, a low of 14.15 VND, and closed the hour at 14.15 VND with a trading volume of 7,000 shares."
2025-11-21 13:00:00,14.2,14.2,14.15,14.2,12700,SJD,"At 2025-11-21 13:00:00, the stock SJD opened at 14.20 VND, reached a high of 14.20 VND, a low of 14.15 VND, and closed the hour at 14.20 VND with a trading volume of 12,700 shares."
2025-11-21 14:00:00,14.2,14.2,14.15,14.15,12600,SJD,"At 2025-11-21 14:00:00, the stock SJD opened at 14.20 VND, reached a high of 14.20 VND, a low of 14.15 VND, and closed the hour at 14.15 VND with a trading volume of 12,600 shares."
2025-11-24 09:00:00,14.15,14.15,14.1,14.1,14100,SJD,"At 2025-11-24 09:00:00, the stock SJD opened at 14.15 VND, reached a high of 14.15 VND, a low of 14.10 VND, and closed the hour at 14.10 VND with a trading volume of 14,100 shares."
2025-11-24 10:00:00,14.15,14.15,14.15,14.15,4400,SJD,"At 2025-11-24 10:00:00, the stock SJD opened at 14.15 VND, reached a high of 14.15 VND, a low of 14.15 VND, and closed the hour at 14.15 VND with a trading volume of 4,400 shares."
2025-11-24 11:00:00,14.15,14.15,14.1,14.1,900,SJD,"At 2025-11-24 11:00:00, the stock SJD opened at 14.15 VND, reached a high of 14.15 VND, a low of 14.10 VND, and closed the hour at 14.10 VND with a trading volume of 900 shares."
2025-11-24 13:00:00,14.1,14.2,14.1,14.1,35300,SJD,"At 2025-11-24 13:00:00, the stock SJD opened at 14.10 VND, reached a high of 14.20 VND, a low of 14.10 VND, and closed the hour at 14.10 VND with a trading volume of 35,300 shares."
2025-11-24 14:00:00,14.15,14.15,14.1,14.15,14400,SJD,"At 2025-11-24 14:00:00, the stock SJD opened at 14.15 VND, reached a high of 14.15 VND, a low of 14.10 VND, and closed the hour at 14.15 VND with a trading volume of 14,400 shares."
2025-11-25 09:00:00,14.1,14.1,14.1,14.1,12300,SJD,"At 2025-11-25 09:00:00, the stock SJD opened at 14.10 VND, reached a high of 14.10 VND, a low of 14.10 VND, and closed the hour at 14.10 VND with a trading volume of 12,300 shares."
2025-11-25 10:00:00,14.1,14.1,14.1,14.1,10800,SJD,"At 2025-11-25 10:00:00, the stock SJD opened at 14.10 VND, reached a high of 14.10 VND, a low of 14.10 VND, and closed the hour at 14.10 VND with a trading volume of 10,800 shares."
2025-11-25 11:00:00,14.15,14.15,14.1,14.1,1600,SJD,"At 2025-11-25 11:00:00, the stock SJD opened at 14.15 VND, reached a high of 14.15 VND, a low of 14.10 VND, and closed the hour at 14.10 VND with a trading volume of 1,600 shares."
2025-11-25 13:00:00,14.1,14.15,14.1,14.1,800,SJD,"At 2025-11-25 13:00:00, the stock SJD opened at 14.10 VND, reached a high of 14.15 VND, a low of 14.10 VND, and closed the hour at 14.10 VND with a trading volume of 800 shares."
2025-11-25 14:00:00,14.1,14.1,14.1,14.1,1400,SJD,"At 2025-11-25 14:00:00, the stock SJD opened at 14.10 VND, reached a high of 14.10 VND, a low of 14.10 VND, and closed the hour at 14.10 VND with a trading volume of 1,400 shares."
2025-11-26 09:00:00,14.1,14.15,14.1,14.15,2700,SJD,"At 2025-11-26 09:00:00, the stock SJD opened at 14.10 VND, reached a high of 14.15 VND, a low of 14.10 VND, and closed the hour at 14.15 VND with a trading volume of 2,700 shares."
2025-11-26 10:00:00,14.1,14.1,14.1,14.1,11000,SJD,"At 2025-11-26 10:00:00, the stock SJD opened at 14.10 VND, reached a high of 14.10 VND, a low of 14.10 VND, and closed the hour at 14.10 VND with a trading volume of 11,000 shares."
2025-11-26 13:00:00,14.1,14.15,14.1,14.1,5100,SJD,"At 2025-11-26 13:00:00, the stock SJD opened at 14.10 VND, reached a high of 14.15 VND, a low of 14.10 VND, and closed the hour at 14.10 VND with a trading volume of 5,100 shares."
2025-11-26 14:00:00,14.15,14.15,14.05,14.15,6200,SJD,"At 2025-11-26 14:00:00, the stock SJD opened at 14.15 VND, reached a high of 14.15 VND, a low of 14.05 VND, and closed the hour at 14.15 VND with a trading volume of 6,200 shares."
2025-11-27 09:00:00,14.15,14.15,14.05,14.15,5500,SJD,"At 2025-11-27 09:00:00, the stock SJD opened at 14.15 VND, reached a high of 14.15 VND, a low of 14.05 VND, and closed the hour at 14.15 VND with a trading volume of 5,500 shares."
2025-11-27 10:00:00,14.1,14.1,14.1,14.1,5200,SJD,"At 2025-11-27 10:00:00, the stock SJD opened at 14.10 VND, reached a high of 14.10 VND, a low of 14.10 VND, and closed the hour at 14.10 VND with a trading volume of 5,200 shares."
2025-11-27 11:00:00,14.1,14.15,14.1,14.15,20300,SJD,"At 2025-11-27 11:00:00, the stock SJD opened at 14.10 VND, reached a high of 14.15 VND, a low of 14.10 VND, and closed the hour at 14.15 VND with a trading volume of 20,300 shares."
2025-11-27 13:00:00,14.1,14.1,14.1,14.1,10900,SJD,"At 2025-11-27 13:00:00, the stock SJD opened at 14.10 VND, reached a high of 14.10 VND, a low of 14.10 VND, and closed the hour at 14.10 VND with a trading volume of 10,900 shares."
2025-11-27 14:00:00,14.1,14.1,14.1,14.1,3500,SJD,"At 2025-11-27 14:00:00, the stock SJD opened at 14.10 VND, reached a high of 14.10 VND, a low of 14.10 VND, and closed the hour at 14.10 VND with a trading volume of 3,500 shares."
2025-11-28 09:00:00,14.1,14.15,14.1,14.15,4100,SJD,"At 2025-11-28 09:00:00, the stock SJD opened at 14.10 VND, reached a high of 14.15 VND, a low of 14.10 VND, and closed the hour at 14.15 VND with a trading volume of 4,100 shares."
2025-11-28 10:00:00,14.15,14.15,14.1,14.1,3700,SJD,"At 2025-11-28 10:00:00, the stock SJD opened at 14.15 VND, reached a high of 14.15 VND, a low of 14.10 VND, and closed the hour at 14.10 VND with a trading volume of 3,700 shares."
2025-11-28 13:00:00,14.1,14.1,14.1,14.1,4100,SJD,"At 2025-11-28 13:00:00, the stock SJD opened at 14.10 VND, reached a high of 14.10 VND, a low of 14.10 VND, and closed the hour at 14.10 VND with a trading volume of 4,100 shares."
2025-11-28 14:00:00,14.1,14.1,14.1,14.1,14000,SJD,"At 2025-11-28 14:00:00, the stock SJD opened at 14.10 VND, reached a high of 14.10 VND, a low of 14.10 VND, and closed the hour at 14.10 VND with a trading volume of 14,000 shares."
2025-12-01 09:00:00,14.15,14.15,14.1,14.1,9300,SJD,"At 2025-12-01 09:00:00, the stock SJD opened at 14.15 VND, reached a high of 14.15 VND, a low of 14.10 VND, and closed the hour at 14.10 VND with a trading volume of 9,300 shares."
2025-12-01 10:00:00,14.1,14.1,14.05,14.05,8100,SJD,"At 2025-12-01 10:00:00, the stock SJD opened at 14.10 VND, reached a high of 14.10 VND, a low of 14.05 VND, and closed the hour at 14.05 VND with a trading volume of 8,100 shares."
2025-12-01 11:00:00,14.1,14.1,14.1,14.1,200,SJD,"At 2025-12-01 11:00:00, the stock SJD opened at 14.10 VND, reached a high of 14.10 VND, a low of 14.10 VND, and closed the hour at 14.10 VND with a trading volume of 200 shares."
2025-12-01 13:00:00,14.1,14.1,14.05,14.1,16200,SJD,"At 2025-12-01 13:00:00, the stock SJD opened at 14.10 VND, reached a high of 14.10 VND, a low of 14.05 VND, and closed the hour at 14.10 VND with a trading volume of 16,200 shares."
2025-12-01 14:00:00,14.1,14.1,14.1,14.1,1100,SJD,"At 2025-12-01 14:00:00, the stock SJD opened at 14.10 VND, reached a high of 14.10 VND, a low of 14.10 VND, and closed the hour at 14.10 VND with a trading volume of 1,100 shares."
2025-12-02 09:00:00,14.05,14.1,14.05,14.05,9700,SJD,"At 2025-12-02 09:00:00, the stock SJD opened at 14.05 VND, reached a high of 14.10 VND, a low of 14.05 VND, and closed the hour at 14.05 VND with a trading volume of 9,700 shares."
2025-12-02 10:00:00,14.05,14.1,14.05,14.05,44400,SJD,"At 2025-12-02 10:00:00, the stock SJD opened at 14.05 VND, reached a high of 14.10 VND, a low of 14.05 VND, and closed the hour at 14.05 VND with a trading volume of 44,400 shares."
2025-12-02 11:00:00,14.05,14.1,14.0,14.05,13500,SJD,"At 2025-12-02 11:00:00, the stock SJD opened at 14.05 VND, reached a high of 14.10 VND, a low of 14.00 VND, and closed the hour at 14.05 VND with a trading volume of 13,500 shares."
2025-12-02 13:00:00,14.05,14.05,14.05,14.05,20700,SJD,"At 2025-12-02 13:00:00, the stock SJD opened at 14.05 VND, reached a high of 14.05 VND, a low of 14.05 VND, and closed the hour at 14.05 VND with a trading volume of 20,700 shares."
2025-12-02 14:00:00,14.05,14.05,14.05,14.05,5300,SJD,"At 2025-12-02 14:00:00, the stock SJD opened at 14.05 VND, reached a high of 14.05 VND, a low of 14.05 VND, and closed the hour at 14.05 VND with a trading volume of 5,300 shares."
2025-12-03 09:00:00,14.05,14.05,14.0,14.05,9400,SJD,"At 2025-12-03 09:00:00, the stock SJD opened at 14.05 VND, reached a high of 14.05 VND, a low of 14.00 VND, and closed the hour at 14.05 VND with a trading volume of 9,400 shares."
2025-12-03 10:00:00,14.05,14.05,14.05,14.05,6700,SJD,"At 2025-12-03 10:00:00, the stock SJD opened at 14.05 VND, reached a high of 14.05 VND, a low of 14.05 VND, and closed the hour at 14.05 VND with a trading volume of 6,700 shares."
2025-12-03 11:00:00,14.05,14.05,14.05,14.05,3600,SJD,"At 2025-12-03 11:00:00, the stock SJD opened at 14.05 VND, reached a high of 14.05 VND, a low of 14.05 VND, and closed the hour at 14.05 VND with a trading volume of 3,600 shares."
2025-12-03 13:00:00,14.05,14.1,14.05,14.1,4900,SJD,"At 2025-12-03 13:00:00, the stock SJD opened at 14.05 VND, reached a high of 14.10 VND, a low of 14.05 VND, and closed the hour at 14.10 VND with a trading volume of 4,900 shares."
2025-12-03 14:00:00,14.1,14.1,14.1,14.1,100,SJD,"At 2025-12-03 14:00:00, the stock SJD opened at 14.10 VND, reached a high of 14.10 VND, a low of 14.10 VND, and closed the hour at 14.10 VND with a trading volume of 100 shares."
2025-12-04 09:00:00,14.1,14.1,14.1,14.1,800,SJD,"At 2025-12-04 09:00:00, the stock SJD opened at 14.10 VND, reached a high of 14.10 VND, a low of 14.10 VND, and closed the hour at 14.10 VND with a trading volume of 800 shares."
2025-12-04 10:00:00,14.1,14.15,14.1,14.15,1900,SJD,"At 2025-12-04 10:00:00, the stock SJD opened at 14.10 VND, reached a high of 14.15 VND, a low of 14.10 VND, and closed the hour at 14.15 VND with a trading volume of 1,900 shares."
2025-12-04 13:00:00,14.15,14.15,14.15,14.15,15400,SJD,"At 2025-12-04 13:00:00, the stock SJD opened at 14.15 VND, reached a high of 14.15 VND, a low of 14.15 VND, and closed the hour at 14.15 VND with a trading volume of 15,400 shares."
2025-12-04 14:00:00,14.1,14.1,14.1,14.1,3600,SJD,"At 2025-12-04 14:00:00, the stock SJD opened at 14.10 VND, reached a high of 14.10 VND, a low of 14.10 VND, and closed the hour at 14.10 VND with a trading volume of 3,600 shares."
2025-12-05 09:00:00,14.1,14.15,14.1,14.15,5500,SJD,"At 2025-12-05 09:00:00, the stock SJD opened at 14.10 VND, reached a high of 14.15 VND, a low of 14.10 VND, and closed the hour at 14.15 VND with a trading volume of 5,500 shares."
2025-12-05 10:00:00,14.1,14.15,14.05,14.05,2500,SJD,"At 2025-12-05 10:00:00, the stock SJD opened at 14.10 VND, reached a high of 14.15 VND, a low of 14.05 VND, and closed the hour at 14.05 VND with a trading volume of 2,500 shares."
2025-12-05 11:00:00,14.15,14.15,14.1,14.1,1100,SJD,"At 2025-12-05 11:00:00, the stock SJD opened at 14.15 VND, reached a high of 14.15 VND, a low of 14.10 VND, and closed the hour at 14.10 VND with a trading volume of 1,100 shares."
2025-12-05 13:00:00,14.15,14.15,14.15,14.15,27300,SJD,"At 2025-12-05 13:00:00, the stock SJD opened at 14.15 VND, reached a high of 14.15 VND, a low of 14.15 VND, and closed the hour at 14.15 VND with a trading volume of 27,300 shares."
2025-12-05 14:00:00,14.15,14.15,14.15,14.15,2300,SJD,"At 2025-12-05 14:00:00, the stock SJD opened at 14.15 VND, reached a high of 14.15 VND, a low of 14.15 VND, and closed the hour at 14.15 VND with a trading volume of 2,300 shares."
2025-12-08 09:00:00,14.1,14.15,14.1,14.15,5500,SJD,"At 2025-12-08 09:00:00, the stock SJD opened at 14.10 VND, reached a high of 14.15 VND, a low of 14.10 VND, and closed the hour at 14.15 VND with a trading volume of 5,500 shares."
2025-12-08 10:00:00,14.15,14.15,14.15,14.15,2800,SJD,"At 2025-12-08 10:00:00, the stock SJD opened at 14.15 VND, reached a high of 14.15 VND, a low of 14.15 VND, and closed the hour at 14.15 VND with a trading volume of 2,800 shares."
2025-12-08 11:00:00,14.15,14.15,14.15,14.15,500,SJD,"At 2025-12-08 11:00:00, the stock SJD opened at 14.15 VND, reached a high of 14.15 VND, a low of 14.15 VND, and closed the hour at 14.15 VND with a trading volume of 500 shares."
2025-12-08 13:00:00,14.15,14.15,14.1,14.1,5400,SJD,"At 2025-12-08 13:00:00, the stock SJD opened at 14.15 VND, reached a high of 14.15 VND, a low of 14.10 VND, and closed the hour at 14.10 VND with a trading volume of 5,400 shares."
2025-12-08 14:00:00,14.1,14.1,14.05,14.05,6100,SJD,"At 2025-12-08 14:00:00, the stock SJD opened at 14.10 VND, reached a high of 14.10 VND, a low of 14.05 VND, and closed the hour at 14.05 VND with a trading volume of 6,100 shares."
2025-12-09 09:00:00,14.05,14.15,14.05,14.1,3300,SJD,"At 2025-12-09 09:00:00, the stock SJD opened at 14.05 VND, reached a high of 14.15 VND, a low of 14.05 VND, and closed the hour at 14.10 VND with a trading volume of 3,300 shares."
2025-12-09 10:00:00,14.05,14.1,14.05,14.05,7600,SJD,"At 2025-12-09 10:00:00, the stock SJD opened at 14.05 VND, reached a high of 14.10 VND, a low of 14.05 VND, and closed the hour at 14.05 VND with a trading volume of 7,600 shares."
2025-12-09 11:00:00,14.1,14.1,14.05,14.05,2300,SJD,"At 2025-12-09 11:00:00, the stock SJD opened at 14.10 VND, reached a high of 14.10 VND, a low of 14.05 VND, and closed the hour at 14.05 VND with a trading volume of 2,300 shares."
2025-12-09 13:00:00,14.05,14.05,14.0,14.05,32000,SJD,"At 2025-12-09 13:00:00, the stock SJD opened at 14.05 VND, reached a high of 14.05 VND, a low of 14.00 VND, and closed the hour at 14.05 VND with a trading volume of 32,000 shares."
2025-12-09 14:00:00,14.1,14.1,14.05,14.05,2300,SJD,"At 2025-12-09 14:00:00, the stock SJD opened at 14.10 VND, reached a high of 14.10 VND, a low of 14.05 VND, and closed the hour at 14.05 VND with a trading volume of 2,300 shares."
2025-12-10 09:00:00,14.05,14.1,14.05,14.1,9600,SJD,"At 2025-12-10 09:00:00, the stock SJD opened at 14.05 VND, reached a high of 14.10 VND, a low of 14.05 VND, and closed the hour at 14.10 VND with a trading volume of 9,600 shares."
2025-12-10 11:00:00,14.1,14.1,14.1,14.1,100,SJD,"At 2025-12-10 11:00:00, the stock SJD opened at 14.10 VND, reached a high of 14.10 VND, a low of 14.10 VND, and closed the hour at 14.10 VND with a trading volume of 100 shares."
2025-12-10 13:00:00,14.1,14.1,14.05,14.05,7900,SJD,"At 2025-12-10 13:00:00, the stock SJD opened at 14.10 VND, reached a high of 14.10 VND, a low of 14.05 VND, and closed the hour at 14.05 VND with a trading volume of 7,900 shares."
2025-12-10 14:00:00,14.1,14.1,14.05,14.1,17600,SJD,"At 2025-12-10 14:00:00, the stock SJD opened at 14.10 VND, reached a high of 14.10 VND, a low of 14.05 VND, and closed the hour at 14.10 VND with a trading volume of 17,600 shares."
2025-12-11 09:00:00,14.1,14.1,14.1,14.1,500,SJD,"At 2025-12-11 09:00:00, the stock SJD opened at 14.10 VND, reached a high of 14.10 VND, a low of 14.10 VND, and closed the hour at 14.10 VND with a trading volume of 500 shares."
2025-12-11 10:00:00,14.1,14.1,14.1,14.1,300,SJD,"At 2025-12-11 10:00:00, the stock SJD opened at 14.10 VND, reached a high of 14.10 VND, a low of 14.10 VND, and closed the hour at 14.10 VND with a trading volume of 300 shares."
2025-12-11 11:00:00,14.05,14.05,14.05,14.05,900,SJD,"At 2025-12-11 11:00:00, the stock SJD opened at 14.05 VND, reached a high of 14.05 VND, a low of 14.05 VND, and closed the hour at 14.05 VND with a trading volume of 900 shares."
2025-12-11 13:00:00,14.05,14.1,14.05,14.05,6000,SJD,"At 2025-12-11 13:00:00, the stock SJD opened at 14.05 VND, reached a high of 14.10 VND, a low of 14.05 VND, and closed the hour at 14.05 VND with a trading volume of 6,000 shares."
2025-12-11 14:00:00,14.1,14.1,14.1,14.1,400,SJD,"At 2025-12-11 14:00:00, the stock SJD opened at 14.10 VND, reached a high of 14.10 VND, a low of 14.10 VND, and closed the hour at 14.10 VND with a trading volume of 400 shares."
2025-12-12 09:00:00,14.1,14.1,14.05,14.05,2300,SJD,"At 2025-12-12 09:00:00, the stock SJD opened at 14.10 VND, reached a high of 14.10 VND, a low of 14.05 VND, and closed the hour at 14.05 VND with a trading volume of 2,300 shares."
2025-12-12 10:00:00,14.1,14.1,14.1,14.1,600,SJD,"At 2025-12-12 10:00:00, the stock SJD opened at 14.10 VND, reached a high of 14.10 VND, a low of 14.10 VND, and closed the hour at 14.10 VND with a trading volume of 600 shares."
2025-12-12 11:00:00,14.1,14.1,14.1,14.1,100,SJD,"At 2025-12-12 11:00:00, the stock SJD opened at 14.10 VND, reached a high of 14.10 VND, a low of 14.10 VND, and closed the hour at 14.10 VND with a trading volume of 100 shares."
2025-12-12 13:00:00,14.1,14.1,14.05,14.05,53300,SJD,"At 2025-12-12 13:00:00, the stock SJD opened at 14.10 VND, reached a high of 14.10 VND, a low of 14.05 VND, and closed the hour at 14.05 VND with a trading volume of 53,300 shares."
2025-12-12 14:00:00,14.05,14.05,14.05,14.05,32000,SJD,"At 2025-12-12 14:00:00, the stock SJD opened at 14.05 VND, reached a high of 14.05 VND, a low of 14.05 VND, and closed the hour at 14.05 VND with a trading volume of 32,000 shares."
2025-12-15 09:00:00,14.05,14.05,14.05,14.05,4200,SJD,"At 2025-12-15 09:00:00, the stock SJD opened at 14.05 VND, reached a high of 14.05 VND, a low of 14.05 VND, and closed the hour at 14.05 VND with a trading volume of 4,200 shares."
2025-12-15 10:00:00,14.05,14.1,14.05,14.05,22700,SJD,"At 2025-12-15 10:00:00, the stock SJD opened at 14.05 VND, reached a high of 14.10 VND, a low of 14.05 VND, and closed the hour at 14.05 VND with a trading volume of 22,700 shares."
2025-12-15 11:00:00,14.05,14.05,14.05,14.05,10500,SJD,"At 2025-12-15 11:00:00, the stock SJD opened at 14.05 VND, reached a high of 14.05 VND, a low of 14.05 VND, and closed the hour at 14.05 VND with a trading volume of 10,500 shares."
2025-12-15 13:00:00,14.1,14.1,14.0,14.1,23500,SJD,"At 2025-12-15 13:00:00, the stock SJD opened at 14.10 VND, reached a high of 14.10 VND, a low of 14.00 VND, and closed the hour at 14.10 VND with a trading volume of 23,500 shares."
2025-12-15 14:00:00,14.1,14.1,14.05,14.05,44100,SJD,"At 2025-12-15 14:00:00, the stock SJD opened at 14.10 VND, reached a high of 14.10 VND, a low of 14.05 VND, and closed the hour at 14.05 VND with a trading volume of 44,100 shares."
2025-12-16 09:00:00,14.1,14.1,14.05,14.05,1500,SJD,"At 2025-12-16 09:00:00, the stock SJD opened at 14.10 VND, reached a high of 14.10 VND, a low of 14.05 VND, and closed the hour at 14.05 VND with a trading volume of 1,500 shares."
2025-12-16 10:00:00,14.05,14.05,14.05,14.05,5000,SJD,"At 2025-12-16 10:00:00, the stock SJD opened at 14.05 VND, reached a high of 14.05 VND, a low of 14.05 VND, and closed the hour at 14.05 VND with a trading volume of 5,000 shares."
2025-12-16 11:00:00,14.05,14.1,14.05,14.1,3400,SJD,"At 2025-12-16 11:00:00, the stock SJD opened at 14.05 VND, reached a high of 14.10 VND, a low of 14.05 VND, and closed the hour at 14.10 VND with a trading volume of 3,400 shares."
2025-12-16 13:00:00,14.1,14.1,14.05,14.1,2800,SJD,"At 2025-12-16 13:00:00, the stock SJD opened at 14.10 VND, reached a high of 14.10 VND, a low of 14.05 VND, and closed the hour at 14.10 VND with a trading volume of 2,800 shares."
2025-12-16 14:00:00,14.05,14.1,14.05,14.1,4900,SJD,"At 2025-12-16 14:00:00, the stock SJD opened at 14.05 VND, reached a high of 14.10 VND, a low of 14.05 VND, and closed the hour at 14.10 VND with a trading volume of 4,900 shares."
2025-12-17 09:00:00,14.1,14.1,14.0,14.0,11000,SJD,"At 2025-12-17 09:00:00, the stock SJD opened at 14.10 VND, reached a high of 14.10 VND, a low of 14.00 VND, and closed the hour at 14.00 VND with a trading volume of 11,000 shares."
2025-12-17 10:00:00,14.05,14.05,14.05,14.05,5400,SJD,"At 2025-12-17 10:00:00, the stock SJD opened at 14.05 VND, reached a high of 14.05 VND, a low of 14.05 VND, and closed the hour at 14.05 VND with a trading volume of 5,400 shares."
2025-12-17 11:00:00,14.05,14.05,14.05,14.05,700,SJD,"At 2025-12-17 11:00:00, the stock SJD opened at 14.05 VND, reached a high of 14.05 VND, a low of 14.05 VND, and closed the hour at 14.05 VND with a trading volume of 700 shares."
2025-12-17 13:00:00,14.1,14.1,14.05,14.05,1700,SJD,"At 2025-12-17 13:00:00, the stock SJD opened at 14.10 VND, reached a high of 14.10 VND, a low of 14.05 VND, and closed the hour at 14.05 VND with a trading volume of 1,700 shares."
2025-12-17 14:00:00,14.0,14.0,14.0,14.0,15300,SJD,"At 2025-12-17 14:00:00, the stock SJD opened at 14.00 VND, reached a high of 14.00 VND, a low of 14.00 VND, and closed the hour at 14.00 VND with a trading volume of 15,300 shares."
2025-12-18 09:00:00,14.05,14.1,14.05,14.05,2300,SJD,"At 2025-12-18 09:00:00, the stock SJD opened at 14.05 VND, reached a high of 14.10 VND, a low of 14.05 VND, and closed the hour at 14.05 VND with a trading volume of 2,300 shares."
2025-12-18 10:00:00,14.05,14.05,14.05,14.05,2100,SJD,"At 2025-12-18 10:00:00, the stock SJD opened at 14.05 VND, reached a high of 14.05 VND, a low of 14.05 VND, and closed the hour at 14.05 VND with a trading volume of 2,100 shares."
2025-12-18 11:00:00,14.05,14.05,14.05,14.05,200,SJD,"At 2025-12-18 11:00:00, the stock SJD opened at 14.05 VND, reached a high of 14.05 VND, a low of 14.05 VND, and closed the hour at 14.05 VND with a trading volume of 200 shares."
2025-12-18 13:00:00,14.05,14.1,14.05,14.05,35200,SJD,"At 2025-12-18 13:00:00, the stock SJD opened at 14.05 VND, reached a high of 14.10 VND, a low of 14.05 VND, and closed the hour at 14.05 VND with a trading volume of 35,200 shares."
2025-12-18 14:00:00,14.1,14.1,14.05,14.05,2100,SJD,"At 2025-12-18 14:00:00, the stock SJD opened at 14.10 VND, reached a high of 14.10 VND, a low of 14.05 VND, and closed the hour at 14.05 VND with a trading volume of 2,100 shares."
2025-12-19 09:00:00,14.1,14.1,14.0,14.05,8100,SJD,"At 2025-12-19 09:00:00, the stock SJD opened at 14.10 VND, reached a high of 14.10 VND, a low of 14.00 VND, and closed the hour at 14.05 VND with a trading volume of 8,100 shares."
2025-12-19 10:00:00,14.1,14.1,14.1,14.1,1400,SJD,"At 2025-12-19 10:00:00, the stock SJD opened at 14.10 VND, reached a high of 14.10 VND, a low of 14.10 VND, and closed the hour at 14.10 VND with a trading volume of 1,400 shares."
2025-12-19 11:00:00,14.05,14.05,14.05,14.05,300,SJD,"At 2025-12-19 11:00:00, the stock SJD opened at 14.05 VND, reached a high of 14.05 VND, a low of 14.05 VND, and closed the hour at 14.05 VND with a trading volume of 300 shares."
2025-12-19 13:00:00,14.1,14.1,14.05,14.05,2800,SJD,"At 2025-12-19 13:00:00, the stock SJD opened at 14.10 VND, reached a high of 14.10 VND, a low of 14.05 VND, and closed the hour at 14.05 VND with a trading volume of 2,800 shares."
2025-12-19 14:00:00,14.1,14.1,14.1,14.1,2400,SJD,"At 2025-12-19 14:00:00, the stock SJD opened at 14.10 VND, reached a high of 14.10 VND, a low of 14.10 VND, and closed the hour at 14.10 VND with a trading volume of 2,400 shares."
2025-12-22 09:00:00,14.05,14.1,14.05,14.1,10000,SJD,"At 2025-12-22 09:00:00, the stock SJD opened at 14.05 VND, reached a high of 14.10 VND, a low of 14.05 VND, and closed the hour at 14.10 VND with a trading volume of 10,000 shares."
2025-12-22 10:00:00,14.1,14.1,14.05,14.05,16300,SJD,"At 2025-12-22 10:00:00, the stock SJD opened at 14.10 VND, reached a high of 14.10 VND, a low of 14.05 VND, and closed the hour at 14.05 VND with a trading volume of 16,300 shares."
2025-12-22 11:00:00,14.05,14.05,14.05,14.05,6600,SJD,"At 2025-12-22 11:00:00, the stock SJD opened at 14.05 VND, reached a high of 14.05 VND, a low of 14.05 VND, and closed the hour at 14.05 VND with a trading volume of 6,600 shares."
2025-12-22 13:00:00,14.05,14.1,14.05,14.05,7600,SJD,"At 2025-12-22 13:00:00, the stock SJD opened at 14.05 VND, reached a high of 14.10 VND, a low of 14.05 VND, and closed the hour at 14.05 VND with a trading volume of 7,600 shares."
2025-12-22 14:00:00,14.05,14.05,14.05,14.05,8200,SJD,"At 2025-12-22 14:00:00, the stock SJD opened at 14.05 VND, reached a high of 14.05 VND, a low of 14.05 VND, and closed the hour at 14.05 VND with a trading volume of 8,200 shares."
2025-12-23 09:00:00,14.1,14.1,14.05,14.05,8000,SJD,"At 2025-12-23 09:00:00, the stock SJD opened at 14.10 VND, reached a high of 14.10 VND, a low of 14.05 VND, and closed the hour at 14.05 VND with a trading volume of 8,000 shares."
2025-12-23 10:00:00,14.05,14.1,14.05,14.05,600,SJD,"At 2025-12-23 10:00:00, the stock SJD opened at 14.05 VND, reached a high of 14.10 VND, a low of 14.05 VND, and closed the hour at 14.05 VND with a trading volume of 600 shares."
2025-12-23 11:00:00,14.05,14.05,14.05,14.05,200,SJD,"At 2025-12-23 11:00:00, the stock SJD opened at 14.05 VND, reached a high of 14.05 VND, a low of 14.05 VND, and closed the hour at 14.05 VND with a trading volume of 200 shares."
2025-12-23 13:00:00,14.05,14.1,14.05,14.05,26200,SJD,"At 2025-12-23 13:00:00, the stock SJD opened at 14.05 VND, reached a high of 14.10 VND, a low of 14.05 VND, and closed the hour at 14.05 VND with a trading volume of 26,200 shares."
2025-12-23 14:00:00,14.1,14.1,14.05,14.1,5000,SJD,"At 2025-12-23 14:00:00, the stock SJD opened at 14.10 VND, reached a high of 14.10 VND, a low of 14.05 VND, and closed the hour at 14.10 VND with a trading volume of 5,000 shares."
2025-12-24 09:00:00,14.05,14.05,14.05,14.05,100,SJD,"At 2025-12-24 09:00:00, the stock SJD opened at 14.05 VND, reached a high of 14.05 VND, a low of 14.05 VND, and closed the hour at 14.05 VND with a trading volume of 100 shares."
2025-12-24 10:00:00,14.05,14.05,14.05,14.05,1000,SJD,"At 2025-12-24 10:00:00, the stock SJD opened at 14.05 VND, reached a high of 14.05 VND, a low of 14.05 VND, and closed the hour at 14.05 VND with a trading volume of 1,000 shares."
2025-12-24 11:00:00,14.05,14.05,14.05,14.05,5200,SJD,"At 2025-12-24 11:00:00, the stock SJD opened at 14.05 VND, reached a high of 14.05 VND, a low of 14.05 VND, and closed the hour at 14.05 VND with a trading volume of 5,200 shares."
2025-12-24 13:00:00,14.05,14.05,14.05,14.05,100,SJD,"At 2025-12-24 13:00:00, the stock SJD opened at 14.05 VND, reached a high of 14.05 VND, a low of 14.05 VND, and closed the hour at 14.05 VND with a trading volume of 100 shares."
2025-12-24 14:00:00,14.05,14.1,14.0,14.0,2900,SJD,"At 2025-12-24 14:00:00, the stock SJD opened at 14.05 VND, reached a high of 14.10 VND, a low of 14.00 VND, and closed the hour at 14.00 VND with a trading volume of 2,900 shares."
2025-12-25 09:00:00,14.05,14.05,14.05,14.05,2100,SJD,"At 2025-12-25 09:00:00, the stock SJD opened at 14.05 VND, reached a high of 14.05 VND, a low of 14.05 VND, and closed the hour at 14.05 VND with a trading volume of 2,100 shares."
2025-12-25 10:00:00,14.05,14.1,14.05,14.05,8500,SJD,"At 2025-12-25 10:00:00, the stock SJD opened at 14.05 VND, reached a high of 14.10 VND, a low of 14.05 VND, and closed the hour at 14.05 VND with a trading volume of 8,500 shares."
2025-12-25 11:00:00,14.05,14.05,14.05,14.05,700,SJD,"At 2025-12-25 11:00:00, the stock SJD opened at 14.05 VND, reached a high of 14.05 VND, a low of 14.05 VND, and closed the hour at 14.05 VND with a trading volume of 700 shares."
2025-12-25 13:00:00,14.05,14.1,14.05,14.05,25100,SJD,"At 2025-12-25 13:00:00, the stock SJD opened at 14.05 VND, reached a high of 14.10 VND, a low of 14.05 VND, and closed the hour at 14.05 VND with a trading volume of 25,100 shares."
2025-12-25 14:00:00,14.1,14.1,14.05,14.05,1700,SJD,"At 2025-12-25 14:00:00, the stock SJD opened at 14.10 VND, reached a high of 14.10 VND, a low of 14.05 VND, and closed the hour at 14.05 VND with a trading volume of 1,700 shares."
2025-12-26 09:00:00,14.05,14.05,14.05,14.05,300,SJD,"At 2025-12-26 09:00:00, the stock SJD opened at 14.05 VND, reached a high of 14.05 VND, a low of 14.05 VND, and closed the hour at 14.05 VND with a trading volume of 300 shares."
2025-12-26 10:00:00,14.05,14.05,14.05,14.05,5400,SJD,"At 2025-12-26 10:00:00, the stock SJD opened at 14.05 VND, reached a high of 14.05 VND, a low of 14.05 VND, and closed the hour at 14.05 VND with a trading volume of 5,400 shares."
2025-12-26 11:00:00,14.0,14.0,14.0,14.0,3400,SJD,"At 2025-12-26 11:00:00, the stock SJD opened at 14.00 VND, reached a high of 14.00 VND, a low of 14.00 VND, and closed the hour at 14.00 VND with a trading volume of 3,400 shares."
2025-12-26 13:00:00,14.05,14.05,14.0,14.0,10500,SJD,"At 2025-12-26 13:00:00, the stock SJD opened at 14.05 VND, reached a high of 14.05 VND, a low of 14.00 VND, and closed the hour at 14.00 VND with a trading volume of 10,500 shares."
2025-12-26 14:00:00,14.0,14.05,14.0,14.05,20100,SJD,"At 2025-12-26 14:00:00, the stock SJD opened at 14.00 VND, reached a high of 14.05 VND, a low of 14.00 VND, and closed the hour at 14.05 VND with a trading volume of 20,100 shares."
2025-12-29 09:00:00,14.0,14.05,14.0,14.05,17400,SJD,"At 2025-12-29 09:00:00, the stock SJD opened at 14.00 VND, reached a high of 14.05 VND, a low of 14.00 VND, and closed the hour at 14.05 VND with a trading volume of 17,400 shares."
2025-12-29 10:00:00,14.0,14.0,14.0,14.0,2800,SJD,"At 2025-12-29 10:00:00, the stock SJD opened at 14.00 VND, reached a high of 14.00 VND, a low of 14.00 VND, and closed the hour at 14.00 VND with a trading volume of 2,800 shares."
2025-12-29 11:00:00,14.05,14.05,14.05,14.05,2100,SJD,"At 2025-12-29 11:00:00, the stock SJD opened at 14.05 VND, reached a high of 14.05 VND, a low of 14.05 VND, and closed the hour at 14.05 VND with a trading volume of 2,100 shares."
2025-12-29 13:00:00,14.05,14.05,14.0,14.05,5900,SJD,"At 2025-12-29 13:00:00, the stock SJD opened at 14.05 VND, reached a high of 14.05 VND, a low of 14.00 VND, and closed the hour at 14.05 VND with a trading volume of 5,900 shares."
2025-12-29 14:00:00,14.0,14.05,14.0,14.05,3900,SJD,"At 2025-12-29 14:00:00, the stock SJD opened at 14.00 VND, reached a high of 14.05 VND, a low of 14.00 VND, and closed the hour at 14.05 VND with a trading volume of 3,900 shares."
2025-12-30 09:00:00,14.0,14.05,14.0,14.05,15900,SJD,"At 2025-12-30 09:00:00, the stock SJD opened at 14.00 VND, reached a high of 14.05 VND, a low of 14.00 VND, and closed the hour at 14.05 VND with a trading volume of 15,900 shares."
2025-12-30 10:00:00,14.05,14.05,14.0,14.0,3900,SJD,"At 2025-12-30 10:00:00, the stock SJD opened at 14.05 VND, reached a high of 14.05 VND, a low of 14.00 VND, and closed the hour at 14.00 VND with a trading volume of 3,900 shares."
2025-12-30 13:00:00,14.0,14.0,14.0,14.0,30100,SJD,"At 2025-12-30 13:00:00, the stock SJD opened at 14.00 VND, reached a high of 14.00 VND, a low of 14.00 VND, and closed the hour at 14.00 VND with a trading volume of 30,100 shares."
2025-12-30 14:00:00,14.0,14.05,14.0,14.05,3200,SJD,"At 2025-12-30 14:00:00, the stock SJD opened at 14.00 VND, reached a high of 14.05 VND, a low of 14.00 VND, and closed the hour at 14.05 VND with a trading volume of 3,200 shares."
2025-12-31 09:00:00,14.05,14.05,14.05,14.05,1400,SJD,"At 2025-12-31 09:00:00, the stock SJD opened at 14.05 VND, reached a high of 14.05 VND, a low of 14.05 VND, and closed the hour at 14.05 VND with a trading volume of 1,400 shares."
2025-12-31 10:00:00,14.05,14.05,14.0,14.0,4100,SJD,"At 2025-12-31 10:00:00, the stock SJD opened at 14.05 VND, reached a high of 14.05 VND, a low of 14.00 VND, and closed the hour at 14.00 VND with a trading volume of 4,100 shares."
2025-12-31 11:00:00,14.05,14.05,14.05,14.05,1200,SJD,"At 2025-12-31 11:00:00, the stock SJD opened at 14.05 VND, reached a high of 14.05 VND, a low of 14.05 VND, and closed the hour at 14.05 VND with a trading volume of 1,200 shares."
2025-12-31 13:00:00,14.05,14.05,14.0,14.0,6600,SJD,"At 2025-12-31 13:00:00, the stock SJD opened at 14.05 VND, reached a high of 14.05 VND, a low of 14.00 VND, and closed the hour at 14.00 VND with a trading volume of 6,600 shares."
2025-12-31 14:00:00,14.0,14.05,14.0,14.05,3600,SJD,"At 2025-12-31 14:00:00, the stock SJD opened at 14.00 VND, reached a high of 14.05 VND, a low of 14.00 VND, and closed the hour at 14.05 VND with a trading volume of 3,600 shares."
2026-01-05 09:00:00,14.05,14.05,14.0,14.0,11400,SJD,"At 2026-01-05 09:00:00, the stock SJD opened at 14.05 VND, reached a high of 14.05 VND, a low of 14.00 VND, and closed the hour at 14.00 VND with a trading volume of 11,400 shares."
2026-01-05 10:00:00,14.0,14.0,14.0,14.0,18500,SJD,"At 2026-01-05 10:00:00, the stock SJD opened at 14.00 VND, reached a high of 14.00 VND, a low of 14.00 VND, and closed the hour at 14.00 VND with a trading volume of 18,500 shares."
2026-01-05 11:00:00,14.0,14.0,14.0,14.0,4700,SJD,"At 2026-01-05 11:00:00, the stock SJD opened at 14.00 VND, reached a high of 14.00 VND, a low of 14.00 VND, and closed the hour at 14.00 VND with a trading volume of 4,700 shares."
2026-01-05 13:00:00,14.0,14.0,13.95,14.0,32600,SJD,"At 2026-01-05 13:00:00, the stock SJD opened at 14.00 VND, reached a high of 14.00 VND, a low of 13.95 VND, and closed the hour at 14.00 VND with a trading volume of 32,600 shares."
2026-01-05 14:00:00,14.0,14.0,13.95,13.95,15800,SJD,"At 2026-01-05 14:00:00, the stock SJD opened at 14.00 VND, reached a high of 14.00 VND, a low of 13.95 VND, and closed the hour at 13.95 VND with a trading volume of 15,800 shares."
2026-01-06 09:00:00,13.95,14.05,13.95,14.05,28200,SJD,"At 2026-01-06 09:00:00, the stock SJD opened at 13.95 VND, reached a high of 14.05 VND, a low of 13.95 VND, and closed the hour at 14.05 VND with a trading volume of 28,200 shares."
2026-01-06 10:00:00,14.05,14.05,14.0,14.05,15700,SJD,"At 2026-01-06 10:00:00, the stock SJD opened at 14.05 VND, reached a high of 14.05 VND, a low of 14.00 VND, and closed the hour at 14.05 VND with a trading volume of 15,700 shares."
2026-01-06 11:00:00,14.0,14.0,14.0,14.0,700,SJD,"At 2026-01-06 11:00:00, the stock SJD opened at 14.00 VND, reached a high of 14.00 VND, a low of 14.00 VND, and closed the hour at 14.00 VND with a trading volume of 700 shares."
2026-01-06 13:00:00,14.0,14.1,14.0,14.1,36500,SJD,"At 2026-01-06 13:00:00, the stock SJD opened at 14.00 VND, reached a high of 14.10 VND, a low of 14.00 VND, and closed the hour at 14.10 VND with a trading volume of 36,500 shares."
2026-01-06 14:00:00,14.1,14.1,14.05,14.05,5100,SJD,"At 2026-01-06 14:00:00, the stock SJD opened at 14.10 VND, reached a high of 14.10 VND, a low of 14.05 VND, and closed the hour at 14.05 VND with a trading volume of 5,100 shares."
2026-01-07 09:00:00,14.05,14.1,14.05,14.1,4700,SJD,"At 2026-01-07 09:00:00, the stock SJD opened at 14.05 VND, reached a high of 14.10 VND, a low of 14.05 VND, and closed the hour at 14.10 VND with a trading volume of 4,700 shares."
2026-01-07 10:00:00,14.05,14.05,14.0,14.05,2000,SJD,"At 2026-01-07 10:00:00, the stock SJD opened at 14.05 VND, reached a high of 14.05 VND, a low of 14.00 VND, and closed the hour at 14.05 VND with a trading volume of 2,000 shares."
2026-01-07 11:00:00,14.05,14.05,14.05,14.05,1200,SJD,"At 2026-01-07 11:00:00, the stock SJD opened at 14.05 VND, reached a high of 14.05 VND, a low of 14.05 VND, and closed the hour at 14.05 VND with a trading volume of 1,200 shares."
2026-01-07 13:00:00,14.05,14.1,14.05,14.1,3000,SJD,"At 2026-01-07 13:00:00, the stock SJD opened at 14.05 VND, reached a high of 14.10 VND, a low of 14.05 VND, and closed the hour at 14.10 VND with a trading volume of 3,000 shares."
2026-01-07 14:00:00,14.05,14.1,14.05,14.1,5900,SJD,"At 2026-01-07 14:00:00, the stock SJD opened at 14.05 VND, reached a high of 14.10 VND, a low of 14.05 VND, and closed the hour at 14.10 VND with a trading volume of 5,900 shares."
2026-01-08 09:00:00,14.1,14.1,13.95,14.05,71900,SJD,"At 2026-01-08 09:00:00, the stock SJD opened at 14.10 VND, reached a high of 14.10 VND, a low of 13.95 VND, and closed the hour at 14.05 VND with a trading volume of 71,900 shares."
2026-01-08 10:00:00,14.05,14.05,14.0,14.05,7000,SJD,"At 2026-01-08 10:00:00, the stock SJD opened at 14.05 VND, reached a high of 14.05 VND, a low of 14.00 VND, and closed the hour at 14.05 VND with a trading volume of 7,000 shares."
2026-01-08 11:00:00,14.05,14.05,14.05,14.05,400,SJD,"At 2026-01-08 11:00:00, the stock SJD opened at 14.05 VND, reached a high of 14.05 VND, a low of 14.05 VND, and closed the hour at 14.05 VND with a trading volume of 400 shares."
2026-01-08 13:00:00,14.0,14.05,14.0,14.0,18600,SJD,"At 2026-01-08 13:00:00, the stock SJD opened at 14.00 VND, reached a high of 14.05 VND, a low of 14.00 VND, and closed the hour at 14.00 VND with a trading volume of 18,600 shares."
2026-01-08 14:00:00,14.0,14.05,14.0,14.05,3600,SJD,"At 2026-01-08 14:00:00, the stock SJD opened at 14.00 VND, reached a high of 14.05 VND, a low of 14.00 VND, and closed the hour at 14.05 VND with a trading volume of 3,600 shares."
2026-01-09 09:00:00,14.05,14.05,14.0,14.0,15700,SJD,"At 2026-01-09 09:00:00, the stock SJD opened at 14.05 VND, reached a high of 14.05 VND, a low of 14.00 VND, and closed the hour at 14.00 VND with a trading volume of 15,700 shares."
2026-01-09 10:00:00,14.0,14.05,14.0,14.05,2700,SJD,"At 2026-01-09 10:00:00, the stock SJD opened at 14.00 VND, reached a high of 14.05 VND, a low of 14.00 VND, and closed the hour at 14.05 VND with a trading volume of 2,700 shares."
2026-01-09 13:00:00,14.05,14.05,14.0,14.0,7300,SJD,"At 2026-01-09 13:00:00, the stock SJD opened at 14.05 VND, reached a high of 14.05 VND, a low of 14.00 VND, and closed the hour at 14.00 VND with a trading volume of 7,300 shares."
2026-01-09 14:00:00,14.05,14.05,14.0,14.0,5600,SJD,"At 2026-01-09 14:00:00, the stock SJD opened at 14.05 VND, reached a high of 14.05 VND, a low of 14.00 VND, and closed the hour at 14.00 VND with a trading volume of 5,600 shares."
2026-01-12 09:00:00,14.05,14.05,13.95,14.05,17500,SJD,"At 2026-01-12 09:00:00, the stock SJD opened at 14.05 VND, reached a high of 14.05 VND, a low of 13.95 VND, and closed the hour at 14.05 VND with a trading volume of 17,500 shares."
2026-01-12 10:00:00,14.05,14.05,14.0,14.05,15200,SJD,"At 2026-01-12 10:00:00, the stock SJD opened at 14.05 VND, reached a high of 14.05 VND, a low of 14.00 VND, and closed the hour at 14.05 VND with a trading volume of 15,200 shares."
2026-01-12 11:00:00,14.05,14.05,14.05,14.05,100,SJD,"At 2026-01-12 11:00:00, the stock SJD opened at 14.05 VND, reached a high of 14.05 VND, a low of 14.05 VND, and closed the hour at 14.05 VND with a trading volume of 100 shares."
2026-01-12 13:00:00,14.05,14.1,14.0,14.1,13700,SJD,"At 2026-01-12 13:00:00, the stock SJD opened at 14.05 VND, reached a high of 14.10 VND, a low of 14.00 VND, and closed the hour at 14.10 VND with a trading volume of 13,700 shares."
2026-01-12 14:00:00,14.05,14.05,14.0,14.05,11300,SJD,"At 2026-01-12 14:00:00, the stock SJD opened at 14.05 VND, reached a high of 14.05 VND, a low of 14.00 VND, and closed the hour at 14.05 VND with a trading volume of 11,300 shares."
2026-01-13 09:00:00,14.1,14.1,14.05,14.1,10300,SJD,"At 2026-01-13 09:00:00, the stock SJD opened at 14.10 VND, reached a high of 14.10 VND, a low of 14.05 VND, and closed the hour at 14.10 VND with a trading volume of 10,300 shares."
2026-01-13 10:00:00,14.05,14.1,14.05,14.05,19400,SJD,"At 2026-01-13 10:00:00, the stock SJD opened at 14.05 VND, reached a high of 14.10 VND, a low of 14.05 VND, and closed the hour at 14.05 VND with a trading volume of 19,400 shares."
2026-01-13 11:00:00,14.05,14.05,14.05,14.05,5300,SJD,"At 2026-01-13 11:00:00, the stock SJD opened at 14.05 VND, reached a high of 14.05 VND, a low of 14.05 VND, and closed the hour at 14.05 VND with a trading volume of 5,300 shares."
2026-01-13 13:00:00,14.05,14.1,14.05,14.1,105400,SJD,"At 2026-01-13 13:00:00, the stock SJD opened at 14.05 VND, reached a high of 14.10 VND, a low of 14.05 VND, and closed the hour at 14.10 VND with a trading volume of 105,400 shares."
2026-01-13 14:00:00,14.1,14.1,14.1,14.1,16200,SJD,"At 2026-01-13 14:00:00, the stock SJD opened at 14.10 VND, reached a high of 14.10 VND, a low of 14.10 VND, and closed the hour at 14.10 VND with a trading volume of 16,200 shares."
2026-01-14 09:00:00,14.1,14.1,14.05,14.1,6600,SJD,"At 2026-01-14 09:00:00, the stock SJD opened at 14.10 VND, reached a high of 14.10 VND, a low of 14.05 VND, and closed the hour at 14.10 VND with a trading volume of 6,600 shares."
2026-01-14 10:00:00,14.1,14.15,14.1,14.1,11500,SJD,"At 2026-01-14 10:00:00, the stock SJD opened at 14.10 VND, reached a high of 14.15 VND, a low of 14.10 VND, and closed the hour at 14.10 VND with a trading volume of 11,500 shares."
2026-01-14 11:00:00,14.1,14.1,14.1,14.1,2100,SJD,"At 2026-01-14 11:00:00, the stock SJD opened at 14.10 VND, reached a high of 14.10 VND, a low of 14.10 VND, and closed the hour at 14.10 VND with a trading volume of 2,100 shares."
2026-01-14 13:00:00,14.15,14.15,14.1,14.15,4200,SJD,"At 2026-01-14 13:00:00, the stock SJD opened at 14.15 VND, reached a high of 14.15 VND, a low of 14.10 VND, and closed the hour at 14.15 VND with a trading volume of 4,200 shares."
2026-01-14 14:00:00,14.1,14.15,14.05,14.15,6100,SJD,"At 2026-01-14 14:00:00, the stock SJD opened at 14.10 VND, reached a high of 14.15 VND, a low of 14.05 VND, and closed the hour at 14.15 VND with a trading volume of 6,100 shares."
2026-01-15 09:00:00,14.15,14.15,14.1,14.1,2900,SJD,"At 2026-01-15 09:00:00, the stock SJD opened at 14.15 VND, reached a high of 14.15 VND, a low of 14.10 VND, and closed the hour at 14.10 VND with a trading volume of 2,900 shares."
2026-01-15 10:00:00,14.15,14.15,14.1,14.15,12800,SJD,"At 2026-01-15 10:00:00, the stock SJD opened at 14.15 VND, reached a high of 14.15 VND, a low of 14.10 VND, and closed the hour at 14.15 VND with a trading volume of 12,800 shares."
2026-01-15 11:00:00,14.15,14.15,14.15,14.15,3100,SJD,"At 2026-01-15 11:00:00, the stock SJD opened at 14.15 VND, reached a high of 14.15 VND, a low of 14.15 VND, and closed the hour at 14.15 VND with a trading volume of 3,100 shares."
2026-01-15 13:00:00,14.15,14.15,14.1,14.15,38500,SJD,"At 2026-01-15 13:00:00, the stock SJD opened at 14.15 VND, reached a high of 14.15 VND, a low of 14.10 VND, and closed the hour at 14.15 VND with a trading volume of 38,500 shares."
2026-01-15 14:00:00,14.15,14.15,14.05,14.15,12700,SJD,"At 2026-01-15 14:00:00, the stock SJD opened at 14.15 VND, reached a high of 14.15 VND, a low of 14.05 VND, and closed the hour at 14.15 VND with a trading volume of 12,700 shares."
2026-01-16 09:00:00,14.15,14.25,14.1,14.25,38000,SJD,"At 2026-01-16 09:00:00, the stock SJD opened at 14.15 VND, reached a high of 14.25 VND, a low of 14.10 VND, and closed the hour at 14.25 VND with a trading volume of 38,000 shares."
2026-01-16 10:00:00,14.15,14.2,14.1,14.1,49100,SJD,"At 2026-01-16 10:00:00, the stock SJD opened at 14.15 VND, reached a high of 14.20 VND, a low of 14.10 VND, and closed the hour at 14.10 VND with a trading volume of 49,100 shares."
2026-01-16 11:00:00,14.15,14.15,14.15,14.15,1500,SJD,"At 2026-01-16 11:00:00, the stock SJD opened at 14.15 VND, reached a high of 14.15 VND, a low of 14.15 VND, and closed the hour at 14.15 VND with a trading volume of 1,500 shares."
2026-01-16 13:00:00,14.15,14.15,14.1,14.15,9900,SJD,"At 2026-01-16 13:00:00, the stock SJD opened at 14.15 VND, reached a high of 14.15 VND, a low of 14.10 VND, and closed the hour at 14.15 VND with a trading volume of 9,900 shares."
2026-01-16 14:00:00,14.1,14.15,14.1,14.1,900,SJD,"At 2026-01-16 14:00:00, the stock SJD opened at 14.10 VND, reached a high of 14.15 VND, a low of 14.10 VND, and closed the hour at 14.10 VND with a trading volume of 900 shares."
2026-01-19 09:00:00,14.2,14.25,14.15,14.15,37300,SJD,"At 2026-01-19 09:00:00, the stock SJD opened at 14.20 VND, reached a high of 14.25 VND, a low of 14.15 VND, and closed the hour at 14.15 VND with a trading volume of 37,300 shares."
2026-01-19 10:00:00,14.15,14.2,14.15,14.2,17500,SJD,"At 2026-01-19 10:00:00, the stock SJD opened at 14.15 VND, reached a high of 14.20 VND, a low of 14.15 VND, and closed the hour at 14.20 VND with a trading volume of 17,500 shares."
2026-01-19 11:00:00,14.15,14.15,14.15,14.15,100,SJD,"At 2026-01-19 11:00:00, the stock SJD opened at 14.15 VND, reached a high of 14.15 VND, a low of 14.15 VND, and closed the hour at 14.15 VND with a trading volume of 100 shares."
2026-01-19 13:00:00,14.2,14.2,14.15,14.15,2800,SJD,"At 2026-01-19 13:00:00, the stock SJD opened at 14.20 VND, reached a high of 14.20 VND, a low of 14.15 VND, and closed the hour at 14.15 VND with a trading volume of 2,800 shares."
2026-01-19 14:00:00,14.2,14.2,14.2,14.2,1200,SJD,"At 2026-01-19 14:00:00, the stock SJD opened at 14.20 VND, reached a high of 14.20 VND, a low of 14.20 VND, and closed the hour at 14.20 VND with a trading volume of 1,200 shares."
2026-01-20 09:00:00,14.2,14.2,14.15,14.15,26000,SJD,"At 2026-01-20 09:00:00, the stock SJD opened at 14.20 VND, reached a high of 14.20 VND, a low of 14.15 VND, and closed the hour at 14.15 VND with a trading volume of 26,000 shares."
2026-01-20 10:00:00,14.2,14.2,14.2,14.2,400,SJD,"At 2026-01-20 10:00:00, the stock SJD opened at 14.20 VND, reached a high of 14.20 VND, a low of 14.20 VND, and closed the hour at 14.20 VND with a trading volume of 400 shares."
2026-01-20 11:00:00,14.15,14.15,14.15,14.15,14900,SJD,"At 2026-01-20 11:00:00, the stock SJD opened at 14.15 VND, reached a high of 14.15 VND, a low of 14.15 VND, and closed the hour at 14.15 VND with a trading volume of 14,900 shares."
2026-01-20 13:00:00,14.15,14.15,14.1,14.1,39300,SJD,"At 2026-01-20 13:00:00, the stock SJD opened at 14.15 VND, reached a high of 14.15 VND, a low of 14.10 VND, and closed the hour at 14.10 VND with a trading volume of 39,300 shares."
2026-01-20 14:00:00,14.15,14.2,14.1,14.2,3600,SJD,"At 2026-01-20 14:00:00, the stock SJD opened at 14.15 VND, reached a high of 14.20 VND, a low of 14.10 VND, and closed the hour at 14.20 VND with a trading volume of 3,600 shares."
2026-01-21 09:00:00,14.2,14.2,14.2,14.2,14800,SJD,"At 2026-01-21 09:00:00, the stock SJD opened at 14.20 VND, reached a high of 14.20 VND, a low of 14.20 VND, and closed the hour at 14.20 VND with a trading volume of 14,800 shares."
2026-01-21 10:00:00,14.2,14.2,14.15,14.15,6100,SJD,"At 2026-01-21 10:00:00, the stock SJD opened at 14.20 VND, reached a high of 14.20 VND, a low of 14.15 VND, and closed the hour at 14.15 VND with a trading volume of 6,100 shares."
2026-01-21 11:00:00,14.15,14.15,14.15,14.15,1200,SJD,"At 2026-01-21 11:00:00, the stock SJD opened at 14.15 VND, reached a high of 14.15 VND, a low of 14.15 VND, and closed the hour at 14.15 VND with a trading volume of 1,200 shares."
2026-01-21 13:00:00,14.15,14.2,14.15,14.15,18400,SJD,"At 2026-01-21 13:00:00, the stock SJD opened at 14.15 VND, reached a high of 14.20 VND, a low of 14.15 VND, and closed the hour at 14.15 VND with a trading volume of 18,400 shares."
2026-01-21 14:00:00,14.15,14.2,14.1,14.1,10400,SJD,"At 2026-01-21 14:00:00, the stock SJD opened at 14.15 VND, reached a high of 14.20 VND, a low of 14.10 VND, and closed the hour at 14.10 VND with a trading volume of 10,400 shares."
2026-01-22 09:00:00,14.15,14.2,14.15,14.2,3700,SJD,"At 2026-01-22 09:00:00, the stock SJD opened at 14.15 VND, reached a high of 14.20 VND, a low of 14.15 VND, and closed the hour at 14.20 VND with a trading volume of 3,700 shares."
2026-01-22 10:00:00,14.2,14.2,14.2,14.2,600,SJD,"At 2026-01-22 10:00:00, the stock SJD opened at 14.20 VND, reached a high of 14.20 VND, a low of 14.20 VND, and closed the hour at 14.20 VND with a trading volume of 600 shares."
2026-01-22 11:00:00,14.2,14.2,14.2,14.2,900,SJD,"At 2026-01-22 11:00:00, the stock SJD opened at 14.20 VND, reached a high of 14.20 VND, a low of 14.20 VND, and closed the hour at 14.20 VND with a trading volume of 900 shares."
2026-01-22 13:00:00,14.2,14.2,14.15,14.15,14600,SJD,"At 2026-01-22 13:00:00, the stock SJD opened at 14.20 VND, reached a high of 14.20 VND, a low of 14.15 VND, and closed the hour at 14.15 VND with a trading volume of 14,600 shares."
2026-01-22 14:00:00,14.2,14.2,14.15,14.15,400,SJD,"At 2026-01-22 14:00:00, the stock SJD opened at 14.20 VND, reached a high of 14.20 VND, a low of 14.15 VND, and closed the hour at 14.15 VND with a trading volume of 400 shares."
2026-01-23 09:00:00,14.2,14.2,14.15,14.2,10900,SJD,"At 2026-01-23 09:00:00, the stock SJD opened at 14.20 VND, reached a high of 14.20 VND, a low of 14.15 VND, and closed the hour at 14.20 VND with a trading volume of 10,900 shares."
2026-01-23 10:00:00,14.15,14.15,14.1,14.15,6800,SJD,"At 2026-01-23 10:00:00, the stock SJD opened at 14.15 VND, reached a high of 14.15 VND, a low of 14.10 VND, and closed the hour at 14.15 VND with a trading volume of 6,800 shares."
2026-01-23 11:00:00,14.15,14.2,14.15,14.2,800,SJD,"At 2026-01-23 11:00:00, the stock SJD opened at 14.15 VND, reached a high of 14.20 VND, a low of 14.15 VND, and closed the hour at 14.20 VND with a trading volume of 800 shares."
2026-01-23 13:00:00,14.15,14.2,14.15,14.2,7600,SJD,"At 2026-01-23 13:00:00, the stock SJD opened at 14.15 VND, reached a high of 14.20 VND, a low of 14.15 VND, and closed the hour at 14.20 VND with a trading volume of 7,600 shares."
2026-01-23 14:00:00,14.2,14.2,14.15,14.15,2000,SJD,"At 2026-01-23 14:00:00, the stock SJD opened at 14.20 VND, reached a high of 14.20 VND, a low of 14.15 VND, and closed the hour at 14.15 VND with a trading volume of 2,000 shares."
2026-01-26 09:00:00,14.15,14.2,14.15,14.15,2100,SJD,"At 2026-01-26 09:00:00, the stock SJD opened at 14.15 VND, reached a high of 14.20 VND, a low of 14.15 VND, and closed the hour at 14.15 VND with a trading volume of 2,100 shares."
2026-01-26 10:00:00,14.15,14.15,14.15,14.15,700,SJD,"At 2026-01-26 10:00:00, the stock SJD opened at 14.15 VND, reached a high of 14.15 VND, a low of 14.15 VND, and closed the hour at 14.15 VND with a trading volume of 700 shares."
2026-01-26 11:00:00,14.15,14.15,14.15,14.15,1800,SJD,"At 2026-01-26 11:00:00, the stock SJD opened at 14.15 VND, reached a high of 14.15 VND, a low of 14.15 VND, and closed the hour at 14.15 VND with a trading volume of 1,800 shares."
2026-01-26 13:00:00,14.15,14.15,14.1,14.1,7400,SJD,"At 2026-01-26 13:00:00, the stock SJD opened at 14.15 VND, reached a high of 14.15 VND, a low of 14.10 VND, and closed the hour at 14.10 VND with a trading volume of 7,400 shares."
2026-01-26 14:00:00,14.15,14.15,14.1,14.1,27000,SJD,"At 2026-01-26 14:00:00, the stock SJD opened at 14.15 VND, reached a high of 14.15 VND, a low of 14.10 VND, and closed the hour at 14.10 VND with a trading volume of 27,000 shares."
2026-01-27 09:00:00,14.15,14.2,14.15,14.2,1000,SJD,"At 2026-01-27 09:00:00, the stock SJD opened at 14.15 VND, reached a high of 14.20 VND, a low of 14.15 VND, and closed the hour at 14.20 VND with a trading volume of 1,000 shares."
2026-01-27 10:00:00,14.15,14.15,14.15,14.15,5900,SJD,"At 2026-01-27 10:00:00, the stock SJD opened at 14.15 VND, reached a high of 14.15 VND, a low of 14.15 VND, and closed the hour at 14.15 VND with a trading volume of 5,900 shares."
2026-01-27 11:00:00,14.15,14.15,14.15,14.15,5000,SJD,"At 2026-01-27 11:00:00, the stock SJD opened at 14.15 VND, reached a high of 14.15 VND, a low of 14.15 VND, and closed the hour at 14.15 VND with a trading volume of 5,000 shares."
2026-01-27 13:00:00,14.15,14.15,14.15,14.15,800,SJD,"At 2026-01-27 13:00:00, the stock SJD opened at 14.15 VND, reached a high of 14.15 VND, a low of 14.15 VND, and closed the hour at 14.15 VND with a trading volume of 800 shares."
2026-01-27 14:00:00,14.1,14.2,14.1,14.2,18300,SJD,"At 2026-01-27 14:00:00, the stock SJD opened at 14.10 VND, reached a high of 14.20 VND, a low of 14.10 VND, and closed the hour at 14.20 VND with a trading volume of 18,300 shares."
2026-01-28 09:00:00,14.2,14.2,14.1,14.1,4200,SJD,"At 2026-01-28 09:00:00, the stock SJD opened at 14.20 VND, reached a high of 14.20 VND, a low of 14.10 VND, and closed the hour at 14.10 VND with a trading volume of 4,200 shares."
2026-01-28 10:00:00,14.1,14.1,14.1,14.1,5400,SJD,"At 2026-01-28 10:00:00, the stock SJD opened at 14.10 VND, reached a high of 14.10 VND, a low of 14.10 VND, and closed the hour at 14.10 VND with a trading volume of 5,400 shares."
2026-01-28 11:00:00,14.1,14.1,14.05,14.05,31300,SJD,"At 2026-01-28 11:00:00, the stock SJD opened at 14.10 VND, reached a high of 14.10 VND, a low of 14.05 VND, and closed the hour at 14.05 VND with a trading volume of 31,300 shares."
2026-01-28 13:00:00,14.0,14.1,13.95,14.0,166500,SJD,"At 2026-01-28 13:00:00, the stock SJD opened at 14.00 VND, reached a high of 14.10 VND, a low of 13.95 VND, and closed the hour at 14.00 VND with a trading volume of 166,500 shares."
2026-01-28 14:00:00,14.0,14.05,13.95,14.0,23400,SJD,"At 2026-01-28 14:00:00, the stock SJD opened at 14.00 VND, reached a high of 14.05 VND, a low of 13.95 VND, and closed the hour at 14.00 VND with a trading volume of 23,400 shares."
2026-01-29 09:00:00,14.05,14.1,14.05,14.1,9400,SJD,"At 2026-01-29 09:00:00, the stock SJD opened at 14.05 VND, reached a high of 14.10 VND, a low of 14.05 VND, and closed the hour at 14.10 VND with a trading volume of 9,400 shares."
2026-01-29 10:00:00,14.1,14.1,14.05,14.05,1300,SJD,"At 2026-01-29 10:00:00, the stock SJD opened at 14.10 VND, reached a high of 14.10 VND, a low of 14.05 VND, and closed the hour at 14.05 VND with a trading volume of 1,300 shares."
2026-01-29 13:00:00,14.1,14.1,14.0,14.05,8800,SJD,"At 2026-01-29 13:00:00, the stock SJD opened at 14.10 VND, reached a high of 14.10 VND, a low of 14.00 VND, and closed the hour at 14.05 VND with a trading volume of 8,800 shares."
2026-01-29 14:00:00,14.05,14.1,14.05,14.1,14600,SJD,"At 2026-01-29 14:00:00, the stock SJD opened at 14.05 VND, reached a high of 14.10 VND, a low of 14.05 VND, and closed the hour at 14.10 VND with a trading volume of 14,600 shares."
2026-01-30 09:00:00,14.05,14.1,13.95,14.0,184000,SJD,"At 2026-01-30 09:00:00, the stock SJD opened at 14.05 VND, reached a high of 14.10 VND, a low of 13.95 VND, and closed the hour at 14.00 VND with a trading volume of 184,000 shares."
2026-01-30 10:00:00,14.0,14.05,13.95,14.0,34300,SJD,"At 2026-01-30 10:00:00, the stock SJD opened at 14.00 VND, reached a high of 14.05 VND, a low of 13.95 VND, and closed the hour at 14.00 VND with a trading volume of 34,300 shares."
2026-01-30 11:00:00,13.95,13.95,13.95,13.95,193900,SJD,"At 2026-01-30 11:00:00, the stock SJD opened at 13.95 VND, reached a high of 13.95 VND, a low of 13.95 VND, and closed the hour at 13.95 VND with a trading volume of 193,900 shares."
2026-01-30 13:00:00,14.0,14.0,13.95,14.0,5400,SJD,"At 2026-01-30 13:00:00, the stock SJD opened at 14.00 VND, reached a high of 14.00 VND, a low of 13.95 VND, and closed the hour at 14.00 VND with a trading volume of 5,400 shares."
2026-01-30 14:00:00,14.0,14.0,14.0,14.0,15500,SJD,"At 2026-01-30 14:00:00, the stock SJD opened at 14.00 VND, reached a high of 14.00 VND, a low of 14.00 VND, and closed the hour at 14.00 VND with a trading volume of 15,500 shares."
2026-02-02 09:00:00,14.0,14.0,13.95,14.0,81200,SJD,"At 2026-02-02 09:00:00, the stock SJD opened at 14.00 VND, reached a high of 14.00 VND, a low of 13.95 VND, and closed the hour at 14.00 VND with a trading volume of 81,200 shares."
2026-02-02 10:00:00,13.95,13.95,13.95,13.95,80800,SJD,"At 2026-02-02 10:00:00, the stock SJD opened at 13.95 VND, reached a high of 13.95 VND, a low of 13.95 VND, and closed the hour at 13.95 VND with a trading volume of 80,800 shares."
2026-02-02 11:00:00,13.9,13.95,13.9,13.9,163900,SJD,"At 2026-02-02 11:00:00, the stock SJD opened at 13.90 VND, reached a high of 13.95 VND, a low of 13.90 VND, and closed the hour at 13.90 VND with a trading volume of 163,900 shares."
2026-02-02 13:00:00,13.9,13.9,13.85,13.9,67400,SJD,"At 2026-02-02 13:00:00, the stock SJD opened at 13.90 VND, reached a high of 13.90 VND, a low of 13.85 VND, and closed the hour at 13.90 VND with a trading volume of 67,400 shares."
2026-02-02 14:00:00,13.9,13.95,13.85,13.95,47000,SJD,"At 2026-02-02 14:00:00, the stock SJD opened at 13.90 VND, reached a high of 13.95 VND, a low of 13.85 VND, and closed the hour at 13.95 VND with a trading volume of 47,000 shares."
2026-02-03 09:00:00,13.95,13.95,13.95,13.95,3100,SJD,"At 2026-02-03 09:00:00, the stock SJD opened at 13.95 VND, reached a high of 13.95 VND, a low of 13.95 VND, and closed the hour at 13.95 VND with a trading volume of 3,100 shares."
2026-02-03 10:00:00,13.9,13.95,13.9,13.95,14600,SJD,"At 2026-02-03 10:00:00, the stock SJD opened at 13.90 VND, reached a high of 13.95 VND, a low of 13.90 VND, and closed the hour at 13.95 VND with a trading volume of 14,600 shares."
2026-02-03 11:00:00,13.95,13.95,13.95,13.95,2700,SJD,"At 2026-02-03 11:00:00, the stock SJD opened at 13.95 VND, reached a high of 13.95 VND, a low of 13.95 VND, and closed the hour at 13.95 VND with a trading volume of 2,700 shares."
2026-02-03 13:00:00,13.95,13.95,13.9,13.95,23100,SJD,"At 2026-02-03 13:00:00, the stock SJD opened at 13.95 VND, reached a high of 13.95 VND, a low of 13.90 VND, and closed the hour at 13.95 VND with a trading volume of 23,100 shares."
2026-02-03 14:00:00,13.95,13.95,13.95,13.95,31200,SJD,"At 2026-02-03 14:00:00, the stock SJD opened at 13.95 VND, reached a high of 13.95 VND, a low of 13.95 VND, and closed the hour at 13.95 VND with a trading volume of 31,200 shares."
2026-02-04 09:00:00,13.95,14.0,13.95,14.0,10300,SJD,"At 2026-02-04 09:00:00, the stock SJD opened at 13.95 VND, reached a high of 14.00 VND, a low of 13.95 VND, and closed the hour at 14.00 VND with a trading volume of 10,300 shares."
2026-02-04 10:00:00,14.0,14.0,13.95,13.95,2000,SJD,"At 2026-02-04 10:00:00, the stock SJD opened at 14.00 VND, reached a high of 14.00 VND, a low of 13.95 VND, and closed the hour at 13.95 VND with a trading volume of 2,000 shares."
2026-02-04 11:00:00,13.95,13.95,13.95,13.95,16300,SJD,"At 2026-02-04 11:00:00, the stock SJD opened at 13.95 VND, reached a high of 13.95 VND, a low of 13.95 VND, and closed the hour at 13.95 VND with a trading volume of 16,300 shares."
2026-02-04 13:00:00,14.0,14.0,13.95,14.0,19600,SJD,"At 2026-02-04 13:00:00, the stock SJD opened at 14.00 VND, reached a high of 14.00 VND, a low of 13.95 VND, and closed the hour at 14.00 VND with a trading volume of 19,600 shares."
2026-02-04 14:00:00,14.0,14.0,14.0,14.0,5500,SJD,"At 2026-02-04 14:00:00, the stock SJD opened at 14.00 VND, reached a high of 14.00 VND, a low of 14.00 VND, and closed the hour at 14.00 VND with a trading volume of 5,500 shares."
2026-02-05 09:00:00,13.95,14.0,13.95,13.95,11900,SJD,"At 2026-02-05 09:00:00, the stock SJD opened at 13.95 VND, reached a high of 14.00 VND, a low of 13.95 VND, and closed the hour at 13.95 VND with a trading volume of 11,900 shares."
2026-02-05 10:00:00,14.0,14.0,13.95,13.95,6600,SJD,"At 2026-02-05 10:00:00, the stock SJD opened at 14.00 VND, reached a high of 14.00 VND, a low of 13.95 VND, and closed the hour at 13.95 VND with a trading volume of 6,600 shares."
2026-02-05 11:00:00,14.0,14.0,14.0,14.0,1900,SJD,"At 2026-02-05 11:00:00, the stock SJD opened at 14.00 VND, reached a high of 14.00 VND, a low of 14.00 VND, and closed the hour at 14.00 VND with a trading volume of 1,900 shares."
2026-02-05 13:00:00,13.95,14.0,13.95,14.0,15000,SJD,"At 2026-02-05 13:00:00, the stock SJD opened at 13.95 VND, reached a high of 14.00 VND, a low of 13.95 VND, and closed the hour at 14.00 VND with a trading volume of 15,000 shares."
2026-02-05 14:00:00,14.0,14.0,14.0,14.0,200,SJD,"At 2026-02-05 14:00:00, the stock SJD opened at 14.00 VND, reached a high of 14.00 VND, a low of 14.00 VND, and closed the hour at 14.00 VND with a trading volume of 200 shares."
2026-02-06 09:00:00,14.0,14.0,13.9,13.95,24300,SJD,"At 2026-02-06 09:00:00, the stock SJD opened at 14.00 VND, reached a high of 14.00 VND, a low of 13.90 VND, and closed the hour at 13.95 VND with a trading volume of 24,300 shares."
2026-02-06 10:00:00,13.9,13.9,13.85,13.9,13200,SJD,"At 2026-02-06 10:00:00, the stock SJD opened at 13.90 VND, reached a high of 13.90 VND, a low of 13.85 VND, and closed the hour at 13.90 VND with a trading volume of 13,200 shares."
2026-02-06 11:00:00,13.9,13.9,13.9,13.9,1600,SJD,"At 2026-02-06 11:00:00, the stock SJD opened at 13.90 VND, reached a high of 13.90 VND, a low of 13.90 VND, and closed the hour at 13.90 VND with a trading volume of 1,600 shares."
2026-02-06 13:00:00,13.9,13.9,13.85,13.9,17400,SJD,"At 2026-02-06 13:00:00, the stock SJD opened at 13.90 VND, reached a high of 13.90 VND, a low of 13.85 VND, and closed the hour at 13.90 VND with a trading volume of 17,400 shares."
2026-02-06 14:00:00,13.85,13.95,13.85,13.95,72600,SJD,"At 2026-02-06 14:00:00, the stock SJD opened at 13.85 VND, reached a high of 13.95 VND, a low of 13.85 VND, and closed the hour at 13.95 VND with a trading volume of 72,600 shares."
2026-02-09 09:00:00,13.95,13.95,13.9,13.9,6100,SJD,"At 2026-02-09 09:00:00, the stock SJD opened at 13.95 VND, reached a high of 13.95 VND, a low of 13.90 VND, and closed the hour at 13.90 VND with a trading volume of 6,100 shares."
2026-02-09 10:00:00,13.95,13.95,13.9,13.9,2100,SJD,"At 2026-02-09 10:00:00, the stock SJD opened at 13.95 VND, reached a high of 13.95 VND, a low of 13.90 VND, and closed the hour at 13.90 VND with a trading volume of 2,100 shares."
2026-02-09 13:00:00,13.9,13.95,13.9,13.95,29400,SJD,"At 2026-02-09 13:00:00, the stock SJD opened at 13.90 VND, reached a high of 13.95 VND, a low of 13.90 VND, and closed the hour at 13.95 VND with a trading volume of 29,400 shares."
2026-02-09 14:00:00,13.9,13.9,13.8,13.8,29400,SJD,"At 2026-02-09 14:00:00, the stock SJD opened at 13.90 VND, reached a high of 13.90 VND, a low of 13.80 VND, and closed the hour at 13.80 VND with a trading volume of 29,400 shares."
2026-02-10 09:00:00,13.9,13.9,13.8,13.85,12900,SJD,"At 2026-02-10 09:00:00, the stock SJD opened at 13.90 VND, reached a high of 13.90 VND, a low of 13.80 VND, and closed the hour at 13.85 VND with a trading volume of 12,900 shares."
2026-02-10 10:00:00,13.9,13.95,13.9,13.9,15400,SJD,"At 2026-02-10 10:00:00, the stock SJD opened at 13.90 VND, reached a high of 13.95 VND, a low of 13.90 VND, and closed the hour at 13.90 VND with a trading volume of 15,400 shares."
2026-02-10 11:00:00,13.9,13.9,13.9,13.9,200,SJD,"At 2026-02-10 11:00:00, the stock SJD opened at 13.90 VND, reached a high of 13.90 VND, a low of 13.90 VND, and closed the hour at 13.90 VND with a trading volume of 200 shares."
2026-02-10 13:00:00,13.85,13.9,13.85,13.9,17300,SJD,"At 2026-02-10 13:00:00, the stock SJD opened at 13.85 VND, reached a high of 13.90 VND, a low of 13.85 VND, and closed the hour at 13.90 VND with a trading volume of 17,300 shares."
2026-02-10 14:00:00,13.9,13.9,13.85,13.9,9800,SJD,"At 2026-02-10 14:00:00, the stock SJD opened at 13.90 VND, reached a high of 13.90 VND, a low of 13.85 VND, and closed the hour at 13.90 VND with a trading volume of 9,800 shares."
2026-02-11 09:00:00,13.9,13.9,13.9,13.9,10300,SJD,"At 2026-02-11 09:00:00, the stock SJD opened at 13.90 VND, reached a high of 13.90 VND, a low of 13.90 VND, and closed the hour at 13.90 VND with a trading volume of 10,300 shares."
2026-02-11 10:00:00,13.9,13.95,13.85,13.9,18600,SJD,"At 2026-02-11 10:00:00, the stock SJD opened at 13.90 VND, reached a high of 13.95 VND, a low of 13.85 VND, and closed the hour at 13.90 VND with a trading volume of 18,600 shares."
2026-02-11 11:00:00,13.9,13.9,13.9,13.9,1000,SJD,"At 2026-02-11 11:00:00, the stock SJD opened at 13.90 VND, reached a high of 13.90 VND, a low of 13.90 VND, and closed the hour at 13.90 VND with a trading volume of 1,000 shares."
2026-02-11 13:00:00,13.9,13.9,13.85,13.85,29800,SJD,"At 2026-02-11 13:00:00, the stock SJD opened at 13.90 VND, reached a high of 13.90 VND, a low of 13.85 VND, and closed the hour at 13.85 VND with a trading volume of 29,800 shares."
2026-02-11 14:00:00,13.9,13.9,13.9,13.9,2700,SJD,"At 2026-02-11 14:00:00, the stock SJD opened at 13.90 VND, reached a high of 13.90 VND, a low of 13.90 VND, and closed the hour at 13.90 VND with a trading volume of 2,700 shares."
2026-02-12 09:00:00,13.95,14.0,13.95,14.0,2700,SJD,"At 2026-02-12 09:00:00, the stock SJD opened at 13.95 VND, reached a high of 14.00 VND, a low of 13.95 VND, and closed the hour at 14.00 VND with a trading volume of 2,700 shares."
2026-02-12 10:00:00,14.0,14.0,13.95,13.95,1300,SJD,"At 2026-02-12 10:00:00, the stock SJD opened at 14.00 VND, reached a high of 14.00 VND, a low of 13.95 VND, and closed the hour at 13.95 VND with a trading volume of 1,300 shares."
2026-02-12 11:00:00,13.95,13.95,13.95,13.95,100,SJD,"At 2026-02-12 11:00:00, the stock SJD opened at 13.95 VND, reached a high of 13.95 VND, a low of 13.95 VND, and closed the hour at 13.95 VND with a trading volume of 100 shares."
2026-02-12 13:00:00,13.95,13.95,13.9,13.9,3700,SJD,"At 2026-02-12 13:00:00, the stock SJD opened at 13.95 VND, reached a high of 13.95 VND, a low of 13.90 VND, and closed the hour at 13.90 VND with a trading volume of 3,700 shares."
2026-02-12 14:00:00,14.0,14.0,13.95,13.95,300,SJD,"At 2026-02-12 14:00:00, the stock SJD opened at 14.00 VND, reached a high of 14.00 VND, a low of 13.95 VND, and closed the hour at 13.95 VND with a trading volume of 300 shares."
2026-02-13 09:00:00,14.0,14.0,13.95,13.95,4300,SJD,"At 2026-02-13 09:00:00, the stock SJD opened at 14.00 VND, reached a high of 14.00 VND, a low of 13.95 VND, and closed the hour at 13.95 VND with a trading volume of 4,300 shares."
2026-02-13 10:00:00,13.95,14.0,13.95,13.95,4200,SJD,"At 2026-02-13 10:00:00, the stock SJD opened at 13.95 VND, reached a high of 14.00 VND, a low of 13.95 VND, and closed the hour at 13.95 VND with a trading volume of 4,200 shares."
2026-02-13 11:00:00,13.95,13.95,13.95,13.95,2700,SJD,"At 2026-02-13 11:00:00, the stock SJD opened at 13.95 VND, reached a high of 13.95 VND, a low of 13.95 VND, and closed the hour at 13.95 VND with a trading volume of 2,700 shares."
2026-02-13 13:00:00,13.95,13.95,13.95,13.95,7300,SJD,"At 2026-02-13 13:00:00, the stock SJD opened at 13.95 VND, reached a high of 13.95 VND, a low of 13.95 VND, and closed the hour at 13.95 VND with a trading volume of 7,300 shares."
2026-02-13 14:00:00,13.95,14.0,13.9,14.0,16300,SJD,"At 2026-02-13 14:00:00, the stock SJD opened at 13.95 VND, reached a high of 14.00 VND, a low of 13.90 VND, and closed the hour at 14.00 VND with a trading volume of 16,300 shares."
2026-02-23 09:00:00,14.05,14.05,14.0,14.0,9100,SJD,"At 2026-02-23 09:00:00, the stock SJD opened at 14.05 VND, reached a high of 14.05 VND, a low of 14.00 VND, and closed the hour at 14.00 VND with a trading volume of 9,100 shares."
2026-02-23 10:00:00,14.05,14.05,14.05,14.05,2000,SJD,"At 2026-02-23 10:00:00, the stock SJD opened at 14.05 VND, reached a high of 14.05 VND, a low of 14.05 VND, and closed the hour at 14.05 VND with a trading volume of 2,000 shares."
2026-02-23 11:00:00,14.05,14.05,14.05,14.05,1100,SJD,"At 2026-02-23 11:00:00, the stock SJD opened at 14.05 VND, reached a high of 14.05 VND, a low of 14.05 VND, and closed the hour at 14.05 VND with a trading volume of 1,100 shares."
2026-02-23 13:00:00,14.05,14.05,14.0,14.0,29500,SJD,"At 2026-02-23 13:00:00, the stock SJD opened at 14.05 VND, reached a high of 14.05 VND, a low of 14.00 VND, and closed the hour at 14.00 VND with a trading volume of 29,500 shares."
2026-02-23 14:00:00,14.05,14.05,14.0,14.05,1300,SJD,"At 2026-02-23 14:00:00, the stock SJD opened at 14.05 VND, reached a high of 14.05 VND, a low of 14.00 VND, and closed the hour at 14.05 VND with a trading volume of 1,300 shares."
2026-02-24 09:00:00,14.0,14.05,14.0,14.0,9500,SJD,"At 2026-02-24 09:00:00, the stock SJD opened at 14.00 VND, reached a high of 14.05 VND, a low of 14.00 VND, and closed the hour at 14.00 VND with a trading volume of 9,500 shares."
2026-02-24 10:00:00,14.0,14.05,13.95,14.0,17900,SJD,"At 2026-02-24 10:00:00, the stock SJD opened at 14.00 VND, reached a high of 14.05 VND, a low of 13.95 VND, and closed the hour at 14.00 VND with a trading volume of 17,900 shares."
2026-02-24 11:00:00,14.05,14.05,14.0,14.05,2300,SJD,"At 2026-02-24 11:00:00, the stock SJD opened at 14.05 VND, reached a high of 14.05 VND, a low of 14.00 VND, and closed the hour at 14.05 VND with a trading volume of 2,300 shares."
2026-02-24 13:00:00,14.0,14.05,14.0,14.05,5700,SJD,"At 2026-02-24 13:00:00, the stock SJD opened at 14.00 VND, reached a high of 14.05 VND, a low of 14.00 VND, and closed the hour at 14.05 VND with a trading volume of 5,700 shares."
2026-02-24 14:00:00,14.0,14.05,14.0,14.05,2800,SJD,"At 2026-02-24 14:00:00, the stock SJD opened at 14.00 VND, reached a high of 14.05 VND, a low of 14.00 VND, and closed the hour at 14.05 VND with a trading volume of 2,800 shares."
2026-02-25 09:00:00,14.0,14.05,14.0,14.05,2500,SJD,"At 2026-02-25 09:00:00, the stock SJD opened at 14.00 VND, reached a high of 14.05 VND, a low of 14.00 VND, and closed the hour at 14.05 VND with a trading volume of 2,500 shares."
2026-02-25 10:00:00,14.05,14.05,14.0,14.0,1800,SJD,"At 2026-02-25 10:00:00, the stock SJD opened at 14.05 VND, reached a high of 14.05 VND, a low of 14.00 VND, and closed the hour at 14.00 VND with a trading volume of 1,800 shares."
2026-02-25 11:00:00,14.0,14.0,14.0,14.0,400,SJD,"At 2026-02-25 11:00:00, the stock SJD opened at 14.00 VND, reached a high of 14.00 VND, a low of 14.00 VND, and closed the hour at 14.00 VND with a trading volume of 400 shares."
2026-02-25 13:00:00,14.0,14.05,14.0,14.0,26300,SJD,"At 2026-02-25 13:00:00, the stock SJD opened at 14.00 VND, reached a high of 14.05 VND, a low of 14.00 VND, and closed the hour at 14.00 VND with a trading volume of 26,300 shares."
2026-02-25 14:00:00,14.0,14.05,14.0,14.05,1900,SJD,"At 2026-02-25 14:00:00, the stock SJD opened at 14.00 VND, reached a high of 14.05 VND, a low of 14.00 VND, and closed the hour at 14.05 VND with a trading volume of 1,900 shares."
2026-02-26 09:00:00,14.05,14.1,14.05,14.05,13500,SJD,"At 2026-02-26 09:00:00, the stock SJD opened at 14.05 VND, reached a high of 14.10 VND, a low of 14.05 VND, and closed the hour at 14.05 VND with a trading volume of 13,500 shares."
2026-02-26 10:00:00,14.05,14.05,14.05,14.05,2100,SJD,"At 2026-02-26 10:00:00, the stock SJD opened at 14.05 VND, reached a high of 14.05 VND, a low of 14.05 VND, and closed the hour at 14.05 VND with a trading volume of 2,100 shares."
2026-02-26 11:00:00,14.05,14.05,14.05,14.05,100,SJD,"At 2026-02-26 11:00:00, the stock SJD opened at 14.05 VND, reached a high of 14.05 VND, a low of 14.05 VND, and closed the hour at 14.05 VND with a trading volume of 100 shares."
2026-02-26 13:00:00,14.1,14.1,14.0,14.05,8900,SJD,"At 2026-02-26 13:00:00, the stock SJD opened at 14.10 VND, reached a high of 14.10 VND, a low of 14.00 VND, and closed the hour at 14.05 VND with a trading volume of 8,900 shares."
2026-02-26 14:00:00,14.1,14.1,14.1,14.1,100,SJD,"At 2026-02-26 14:00:00, the stock SJD opened at 14.10 VND, reached a high of 14.10 VND, a low of 14.10 VND, and closed the hour at 14.10 VND with a trading volume of 100 shares."
2026-02-27 09:00:00,14.1,14.1,14.05,14.1,19400,SJD,"At 2026-02-27 09:00:00, the stock SJD opened at 14.10 VND, reached a high of 14.10 VND, a low of 14.05 VND, and closed the hour at 14.10 VND with a trading volume of 19,400 shares."
2026-02-27 10:00:00,14.05,14.1,14.0,14.05,31700,SJD,"At 2026-02-27 10:00:00, the stock SJD opened at 14.05 VND, reached a high of 14.10 VND, a low of 14.00 VND, and closed the hour at 14.05 VND with a trading volume of 31,700 shares."
2026-02-27 11:00:00,14.05,14.05,14.05,14.05,1900,SJD,"At 2026-02-27 11:00:00, the stock SJD opened at 14.05 VND, reached a high of 14.05 VND, a low of 14.05 VND, and closed the hour at 14.05 VND with a trading volume of 1,900 shares."
2026-02-27 13:00:00,14.1,14.1,14.05,14.05,10900,SJD,"At 2026-02-27 13:00:00, the stock SJD opened at 14.10 VND, reached a high of 14.10 VND, a low of 14.05 VND, and closed the hour at 14.05 VND with a trading volume of 10,900 shares."
2026-02-27 14:00:00,14.05,14.1,14.05,14.1,4500,SJD,"At 2026-02-27 14:00:00, the stock SJD opened at 14.05 VND, reached a high of 14.10 VND, a low of 14.05 VND, and closed the hour at 14.10 VND with a trading volume of 4,500 shares."
2026-03-02 09:00:00,14.05,14.05,14.0,14.05,16000,SJD,"At 2026-03-02 09:00:00, the stock SJD opened at 14.05 VND, reached a high of 14.05 VND, a low of 14.00 VND, and closed the hour at 14.05 VND with a trading volume of 16,000 shares."
2026-03-02 10:00:00,14.1,14.1,14.05,14.05,8700,SJD,"At 2026-03-02 10:00:00, the stock SJD opened at 14.10 VND, reached a high of 14.10 VND, a low of 14.05 VND, and closed the hour at 14.05 VND with a trading volume of 8,700 shares."
2026-03-02 11:00:00,14.05,14.05,14.0,14.0,5400,SJD,"At 2026-03-02 11:00:00, the stock SJD opened at 14.05 VND, reached a high of 14.05 VND, a low of 14.00 VND, and closed the hour at 14.00 VND with a trading volume of 5,400 shares."
2026-03-02 13:00:00,14.05,14.05,14.0,14.0,10000,SJD,"At 2026-03-02 13:00:00, the stock SJD opened at 14.05 VND, reached a high of 14.05 VND, a low of 14.00 VND, and closed the hour at 14.00 VND with a trading volume of 10,000 shares."
2026-03-02 14:00:00,14.05,14.05,14.0,14.05,47700,SJD,"At 2026-03-02 14:00:00, the stock SJD opened at 14.05 VND, reached a high of 14.05 VND, a low of 14.00 VND, and closed the hour at 14.05 VND with a trading volume of 47,700 shares."
2026-03-03 09:00:00,14.05,14.1,14.0,14.0,20400,SJD,"At 2026-03-03 09:00:00, the stock SJD opened at 14.05 VND, reached a high of 14.10 VND, a low of 14.00 VND, and closed the hour at 14.00 VND with a trading volume of 20,400 shares."
2026-03-03 10:00:00,14.0,14.1,14.0,14.05,19200,SJD,"At 2026-03-03 10:00:00, the stock SJD opened at 14.00 VND, reached a high of 14.10 VND, a low of 14.00 VND, and closed the hour at 14.05 VND with a trading volume of 19,200 shares."
2026-03-03 11:00:00,14.05,14.05,14.05,14.05,4200,SJD,"At 2026-03-03 11:00:00, the stock SJD opened at 14.05 VND, reached a high of 14.05 VND, a low of 14.05 VND, and closed the hour at 14.05 VND with a trading volume of 4,200 shares."
2026-03-03 13:00:00,14.05,14.1,14.0,14.05,10900,SJD,"At 2026-03-03 13:00:00, the stock SJD opened at 14.05 VND, reached a high of 14.10 VND, a low of 14.00 VND, and closed the hour at 14.05 VND with a trading volume of 10,900 shares."
2026-03-03 14:00:00,14.05,14.05,14.0,14.0,34400,SJD,"At 2026-03-03 14:00:00, the stock SJD opened at 14.05 VND, reached a high of 14.05 VND, a low of 14.00 VND, and closed the hour at 14.00 VND with a trading volume of 34,400 shares."
2026-03-04 09:00:00,14.05,14.05,14.0,14.05,5300,SJD,"At 2026-03-04 09:00:00, the stock SJD opened at 14.05 VND, reached a high of 14.05 VND, a low of 14.00 VND, and closed the hour at 14.05 VND with a trading volume of 5,300 shares."
2026-03-04 10:00:00,14.0,14.05,13.9,13.9,39600,SJD,"At 2026-03-04 10:00:00, the stock SJD opened at 14.00 VND, reached a high of 14.05 VND, a low of 13.90 VND, and closed the hour at 13.90 VND with a trading volume of 39,600 shares."
2026-03-04 11:00:00,13.95,13.95,13.9,13.95,14200,SJD,"At 2026-03-04 11:00:00, the stock SJD opened at 13.95 VND, reached a high of 13.95 VND, a low of 13.90 VND, and closed the hour at 13.95 VND with a trading volume of 14,200 shares."
2026-03-04 13:00:00,13.95,14.0,13.9,13.95,36800,SJD,"At 2026-03-04 13:00:00, the stock SJD opened at 13.95 VND, reached a high of 14.00 VND, a low of 13.90 VND, and closed the hour at 13.95 VND with a trading volume of 36,800 shares."
2026-03-04 14:00:00,13.95,14.0,13.9,14.0,9900,SJD,"At 2026-03-04 14:00:00, the stock SJD opened at 13.95 VND, reached a high of 14.00 VND, a low of 13.90 VND, and closed the hour at 14.00 VND with a trading volume of 9,900 shares."
2026-03-05 09:00:00,14.1,14.1,13.9,14.0,7600,SJD,"At 2026-03-05 09:00:00, the stock SJD opened at 14.10 VND, reached a high of 14.10 VND, a low of 13.90 VND, and closed the hour at 14.00 VND with a trading volume of 7,600 shares."
2026-03-05 10:00:00,14.05,14.05,14.0,14.0,4600,SJD,"At 2026-03-05 10:00:00, the stock SJD opened at 14.05 VND, reached a high of 14.05 VND, a low of 14.00 VND, and closed the hour at 14.00 VND with a trading volume of 4,600 shares."
2026-03-05 11:00:00,14.0,14.05,14.0,14.0,2700,SJD,"At 2026-03-05 11:00:00, the stock SJD opened at 14.00 VND, reached a high of 14.05 VND, a low of 14.00 VND, and closed the hour at 14.00 VND with a trading volume of 2,700 shares."
2026-03-05 13:00:00,14.0,14.0,14.0,14.0,4800,SJD,"At 2026-03-05 13:00:00, the stock SJD opened at 14.00 VND, reached a high of 14.00 VND, a low of 14.00 VND, and closed the hour at 14.00 VND with a trading volume of 4,800 shares."
2026-03-05 14:00:00,14.0,14.0,14.0,14.0,3300,SJD,"At 2026-03-05 14:00:00, the stock SJD opened at 14.00 VND, reached a high of 14.00 VND, a low of 14.00 VND, and closed the hour at 14.00 VND with a trading volume of 3,300 shares."
2026-03-06 09:00:00,14.0,14.0,14.0,14.0,1500,SJD,"At 2026-03-06 09:00:00, the stock SJD opened at 14.00 VND, reached a high of 14.00 VND, a low of 14.00 VND, and closed the hour at 14.00 VND with a trading volume of 1,500 shares."
2026-03-06 10:00:00,14.0,14.0,14.0,14.0,11300,SJD,"At 2026-03-06 10:00:00, the stock SJD opened at 14.00 VND, reached a high of 14.00 VND, a low of 14.00 VND, and closed the hour at 14.00 VND with a trading volume of 11,300 shares."
2026-03-06 11:00:00,14.0,14.0,13.95,14.0,300,SJD,"At 2026-03-06 11:00:00, the stock SJD opened at 14.00 VND, reached a high of 14.00 VND, a low of 13.95 VND, and closed the hour at 14.00 VND with a trading volume of 300 shares."
2026-03-06 13:00:00,14.0,14.0,13.95,13.95,25100,SJD,"At 2026-03-06 13:00:00, the stock SJD opened at 14.00 VND, reached a high of 14.00 VND, a low of 13.95 VND, and closed the hour at 13.95 VND with a trading volume of 25,100 shares."
2026-03-06 14:00:00,14.0,14.05,14.0,14.0,13200,SJD,"At 2026-03-06 14:00:00, the stock SJD opened at 14.00 VND, reached a high of 14.05 VND, a low of 14.00 VND, and closed the hour at 14.00 VND with a trading volume of 13,200 shares."
2026-03-09 09:00:00,14.0,14.0,13.8,13.85,146800,SJD,"At 2026-03-09 09:00:00, the stock SJD opened at 14.00 VND, reached a high of 14.00 VND, a low of 13.80 VND, and closed the hour at 13.85 VND with a trading volume of 146,800 shares."
2026-03-09 10:00:00,13.8,13.85,13.8,13.8,63100,SJD,"At 2026-03-09 10:00:00, the stock SJD opened at 13.80 VND, reached a high of 13.85 VND, a low of 13.80 VND, and closed the hour at 13.80 VND with a trading volume of 63,100 shares."
2026-03-09 11:00:00,13.8,13.8,13.75,13.75,49200,SJD,"At 2026-03-09 11:00:00, the stock SJD opened at 13.80 VND, reached a high of 13.80 VND, a low of 13.75 VND, and closed the hour at 13.75 VND with a trading volume of 49,200 shares."
2026-03-09 13:00:00,13.8,13.9,13.7,13.8,85300,SJD,"At 2026-03-09 13:00:00, the stock SJD opened at 13.80 VND, reached a high of 13.90 VND, a low of 13.70 VND, and closed the hour at 13.80 VND with a trading volume of 85,300 shares."
2026-03-09 14:00:00,13.75,13.8,13.7,13.8,31300,SJD,"At 2026-03-09 14:00:00, the stock SJD opened at 13.75 VND, reached a high of 13.80 VND, a low of 13.70 VND, and closed the hour at 13.80 VND with a trading volume of 31,300 shares."
2026-03-10 09:00:00,13.9,13.95,13.8,13.85,43600,SJD,"At 2026-03-10 09:00:00, the stock SJD opened at 13.90 VND, reached a high of 13.95 VND, a low of 13.80 VND, and closed the hour at 13.85 VND with a trading volume of 43,600 shares."
2026-03-10 10:00:00,13.85,13.9,13.85,13.9,23500,SJD,"At 2026-03-10 10:00:00, the stock SJD opened at 13.85 VND, reached a high of 13.90 VND, a low of 13.85 VND, and closed the hour at 13.90 VND with a trading volume of 23,500 shares."
2026-03-10 11:00:00,13.9,13.9,13.9,13.9,5900,SJD,"At 2026-03-10 11:00:00, the stock SJD opened at 13.90 VND, reached a high of 13.90 VND, a low of 13.90 VND, and closed the hour at 13.90 VND with a trading volume of 5,900 shares."
2026-03-10 13:00:00,13.9,13.9,13.85,13.85,30000,SJD,"At 2026-03-10 13:00:00, the stock SJD opened at 13.90 VND, reached a high of 13.90 VND, a low of 13.85 VND, and closed the hour at 13.85 VND with a trading volume of 30,000 shares."
2026-03-10 14:00:00,13.85,13.95,13.85,13.95,13400,SJD,"At 2026-03-10 14:00:00, the stock SJD opened at 13.85 VND, reached a high of 13.95 VND, a low of 13.85 VND, and closed the hour at 13.95 VND with a trading volume of 13,400 shares."
2026-03-11 09:00:00,14.0,14.05,13.95,14.0,9100,SJD,"At 2026-03-11 09:00:00, the stock SJD opened at 14.00 VND, reached a high of 14.05 VND, a low of 13.95 VND, and closed the hour at 14.00 VND with a trading volume of 9,100 shares."
2026-03-11 10:00:00,14.0,14.1,13.95,14.05,41600,SJD,"At 2026-03-11 10:00:00, the stock SJD opened at 14.00 VND, reached a high of 14.10 VND, a low of 13.95 VND, and closed the hour at 14.05 VND with a trading volume of 41,600 shares."
2026-03-11 13:00:00,14.0,14.0,13.95,14.0,44900,SJD,"At 2026-03-11 13:00:00, the stock SJD opened at 14.00 VND, reached a high of 14.00 VND, a low of 13.95 VND, and closed the hour at 14.00 VND with a trading volume of 44,900 shares."
2026-03-11 14:00:00,14.0,14.0,14.0,14.0,3100,SJD,"At 2026-03-11 14:00:00, the stock SJD opened at 14.00 VND, reached a high of 14.00 VND, a low of 14.00 VND, and closed the hour at 14.00 VND with a trading volume of 3,100 shares."
2026-03-12 09:00:00,14.05,14.05,14.0,14.05,18900,SJD,"At 2026-03-12 09:00:00, the stock SJD opened at 14.05 VND, reached a high of 14.05 VND, a low of 14.00 VND, and closed the hour at 14.05 VND with a trading volume of 18,900 shares."
2026-03-12 10:00:00,14.0,14.0,14.0,14.0,5100,SJD,"At 2026-03-12 10:00:00, the stock SJD opened at 14.00 VND, reached a high of 14.00 VND, a low of 14.00 VND, and closed the hour at 14.00 VND with a trading volume of 5,100 shares."
2026-03-12 11:00:00,14.0,14.0,13.95,14.0,15300,SJD,"At 2026-03-12 11:00:00, the stock SJD opened at 14.00 VND, reached a high of 14.00 VND, a low of 13.95 VND, and closed the hour at 14.00 VND with a trading volume of 15,300 shares."
2026-03-12 13:00:00,14.0,14.05,14.0,14.05,28200,SJD,"At 2026-03-12 13:00:00, the stock SJD opened at 14.00 VND, reached a high of 14.05 VND, a low of 14.00 VND, and closed the hour at 14.05 VND with a trading volume of 28,200 shares."
2026-03-12 14:00:00,14.05,14.05,13.95,14.0,64600,SJD,"At 2026-03-12 14:00:00, the stock SJD opened at 14.05 VND, reached a high of 14.05 VND, a low of 13.95 VND, and closed the hour at 14.00 VND with a trading volume of 64,600 shares."
2026-03-13 09:00:00,14.0,14.05,14.0,14.05,28200,SJD,"At 2026-03-13 09:00:00, the stock SJD opened at 14.00 VND, reached a high of 14.05 VND, a low of 14.00 VND, and closed the hour at 14.05 VND with a trading volume of 28,200 shares."
2026-03-13 10:00:00,14.05,14.05,14.05,14.05,3300,SJD,"At 2026-03-13 10:00:00, the stock SJD opened at 14.05 VND, reached a high of 14.05 VND, a low of 14.05 VND, and closed the hour at 14.05 VND with a trading volume of 3,300 shares."
2026-03-13 11:00:00,14.05,14.05,14.05,14.05,5000,SJD,"At 2026-03-13 11:00:00, the stock SJD opened at 14.05 VND, reached a high of 14.05 VND, a low of 14.05 VND, and closed the hour at 14.05 VND with a trading volume of 5,000 shares."
2026-03-13 13:00:00,14.05,14.15,14.05,14.15,61300,SJD,"At 2026-03-13 13:00:00, the stock SJD opened at 14.05 VND, reached a high of 14.15 VND, a low of 14.05 VND, and closed the hour at 14.15 VND with a trading volume of 61,300 shares."
2026-03-13 14:00:00,14.1,14.1,14.0,14.1,2100,SJD,"At 2026-03-13 14:00:00, the stock SJD opened at 14.10 VND, reached a high of 14.10 VND, a low of 14.00 VND, and closed the hour at 14.10 VND with a trading volume of 2,100 shares."
2026-03-16 09:00:00,14.05,14.1,14.05,14.05,17300,SJD,"At 2026-03-16 09:00:00, the stock SJD opened at 14.05 VND, reached a high of 14.10 VND, a low of 14.05 VND, and closed the hour at 14.05 VND with a trading volume of 17,300 shares."
2026-03-16 10:00:00,14.1,14.1,14.05,14.1,8800,SJD,"At 2026-03-16 10:00:00, the stock SJD opened at 14.10 VND, reached a high of 14.10 VND, a low of 14.05 VND, and closed the hour at 14.10 VND with a trading volume of 8,800 shares."
2026-03-16 11:00:00,14.05,14.1,14.05,14.05,15500,SJD,"At 2026-03-16 11:00:00, the stock SJD opened at 14.05 VND, reached a high of 14.10 VND, a low of 14.05 VND, and closed the hour at 14.05 VND with a trading volume of 15,500 shares."
2026-03-16 13:00:00,14.05,14.1,14.05,14.05,79400,SJD,"At 2026-03-16 13:00:00, the stock SJD opened at 14.05 VND, reached a high of 14.10 VND, a low of 14.05 VND, and closed the hour at 14.05 VND with a trading volume of 79,400 shares."
2026-03-16 14:00:00,14.1,14.1,14.05,14.05,21300,SJD,"At 2026-03-16 14:00:00, the stock SJD opened at 14.10 VND, reached a high of 14.10 VND, a low of 14.05 VND, and closed the hour at 14.05 VND with a trading volume of 21,300 shares."
2026-03-17 09:00:00,14.1,14.15,14.1,14.1,38300,SJD,"At 2026-03-17 09:00:00, the stock SJD opened at 14.10 VND, reached a high of 14.15 VND, a low of 14.10 VND, and closed the hour at 14.10 VND with a trading volume of 38,300 shares."
2026-03-17 10:00:00,14.1,14.1,14.1,14.1,56300,SJD,"At 2026-03-17 10:00:00, the stock SJD opened at 14.10 VND, reached a high of 14.10 VND, a low of 14.10 VND, and closed the hour at 14.10 VND with a trading volume of 56,300 shares."
2026-03-17 11:00:00,14.1,14.1,14.1,14.1,2300,SJD,"At 2026-03-17 11:00:00, the stock SJD opened at 14.10 VND, reached a high of 14.10 VND, a low of 14.10 VND, and closed the hour at 14.10 VND with a trading volume of 2,300 shares."
2026-03-17 13:00:00,14.1,14.1,14.05,14.05,3700,SJD,"At 2026-03-17 13:00:00, the stock SJD opened at 14.10 VND, reached a high of 14.10 VND, a low of 14.05 VND, and closed the hour at 14.05 VND with a trading volume of 3,700 shares."
2026-03-17 14:00:00,14.05,14.1,14.05,14.1,700,SJD,"At 2026-03-17 14:00:00, the stock SJD opened at 14.05 VND, reached a high of 14.10 VND, a low of 14.05 VND, and closed the hour at 14.10 VND with a trading volume of 700 shares."
2026-03-18 09:00:00,14.1,14.1,14.05,14.1,15300,SJD,"At 2026-03-18 09:00:00, the stock SJD opened at 14.10 VND, reached a high of 14.10 VND, a low of 14.05 VND, and closed the hour at 14.10 VND with a trading volume of 15,300 shares."
2026-03-18 10:00:00,14.1,14.1,14.05,14.05,31300,SJD,"At 2026-03-18 10:00:00, the stock SJD opened at 14.10 VND, reached a high of 14.10 VND, a low of 14.05 VND, and closed the hour at 14.05 VND with a trading volume of 31,300 shares."
2026-03-18 11:00:00,14.05,14.1,14.05,14.05,3600,SJD,"At 2026-03-18 11:00:00, the stock SJD opened at 14.05 VND, reached a high of 14.10 VND, a low of 14.05 VND, and closed the hour at 14.05 VND with a trading volume of 3,600 shares."
2026-03-18 13:00:00,14.05,14.1,14.05,14.1,26800,SJD,"At 2026-03-18 13:00:00, the stock SJD opened at 14.05 VND, reached a high of 14.10 VND, a low of 14.05 VND, and closed the hour at 14.10 VND with a trading volume of 26,800 shares."
2026-03-18 14:00:00,14.05,14.05,14.05,14.05,5500,SJD,"At 2026-03-18 14:00:00, the stock SJD opened at 14.05 VND, reached a high of 14.05 VND, a low of 14.05 VND, and closed the hour at 14.05 VND with a trading volume of 5,500 shares."
2026-03-19 09:00:00,14.05,14.05,14.05,14.05,8600,SJD,"At 2026-03-19 09:00:00, the stock SJD opened at 14.05 VND, reached a high of 14.05 VND, a low of 14.05 VND, and closed the hour at 14.05 VND with a trading volume of 8,600 shares."
2026-03-19 10:00:00,14.05,14.05,14.05,14.05,4200,SJD,"At 2026-03-19 10:00:00, the stock SJD opened at 14.05 VND, reached a high of 14.05 VND, a low of 14.05 VND, and closed the hour at 14.05 VND with a trading volume of 4,200 shares."
2026-03-19 11:00:00,14.05,14.05,14.05,14.05,500,SJD,"At 2026-03-19 11:00:00, the stock SJD opened at 14.05 VND, reached a high of 14.05 VND, a low of 14.05 VND, and closed the hour at 14.05 VND with a trading volume of 500 shares."
2026-03-19 13:00:00,14.0,14.05,14.0,14.05,7100,SJD,"At 2026-03-19 13:00:00, the stock SJD opened at 14.00 VND, reached a high of 14.05 VND, a low of 14.00 VND, and closed the hour at 14.05 VND with a trading volume of 7,100 shares."
2026-03-19 14:00:00,14.05,14.05,14.05,14.05,900,SJD,"At 2026-03-19 14:00:00, the stock SJD opened at 14.05 VND, reached a high of 14.05 VND, a low of 14.05 VND, and closed the hour at 14.05 VND with a trading volume of 900 shares."
2026-03-20 09:00:00,14.05,14.05,14.0,14.0,15900,SJD,"At 2026-03-20 09:00:00, the stock SJD opened at 14.05 VND, reached a high of 14.05 VND, a low of 14.00 VND, and closed the hour at 14.00 VND with a trading volume of 15,900 shares."
2026-03-20 10:00:00,14.0,14.05,14.0,14.0,21700,SJD,"At 2026-03-20 10:00:00, the stock SJD opened at 14.00 VND, reached a high of 14.05 VND, a low of 14.00 VND, and closed the hour at 14.00 VND with a trading volume of 21,700 shares."
2026-03-20 11:00:00,14.0,14.0,13.95,14.0,12400,SJD,"At 2026-03-20 11:00:00, the stock SJD opened at 14.00 VND, reached a high of 14.00 VND, a low of 13.95 VND, and closed the hour at 14.00 VND with a trading volume of 12,400 shares."
2026-03-20 13:00:00,13.95,14.0,13.95,13.95,20500,SJD,"At 2026-03-20 13:00:00, the stock SJD opened at 13.95 VND, reached a high of 14.00 VND, a low of 13.95 VND, and closed the hour at 13.95 VND with a trading volume of 20,500 shares."
2026-03-20 14:00:00,13.95,14.0,13.95,13.95,4200,SJD,"At 2026-03-20 14:00:00, the stock SJD opened at 13.95 VND, reached a high of 14.00 VND, a low of 13.95 VND, and closed the hour at 13.95 VND with a trading volume of 4,200 shares."
