time,open,high,low,close,volume,ticker,llm_text
2025-08-27 11:00:00,4.0,4.0,3.9,3.9,32500,SVN,"At 2025-08-27 11:00:00, the stock SVN opened at 4.00 VND, reached a high of 4.00 VND, a low of 3.90 VND, and closed the hour at 3.90 VND with a trading volume of 32,500 shares."
2025-08-27 13:00:00,3.9,4.0,3.9,3.9,38100,SVN,"At 2025-08-27 13:00:00, the stock SVN opened at 3.90 VND, reached a high of 4.00 VND, a low of 3.90 VND, and closed the hour at 3.90 VND with a trading volume of 38,100 shares."
2025-08-27 14:00:00,4.0,4.1,4.0,4.0,49900,SVN,"At 2025-08-27 14:00:00, the stock SVN opened at 4.00 VND, reached a high of 4.10 VND, a low of 4.00 VND, and closed the hour at 4.00 VND with a trading volume of 49,900 shares."
2025-08-28 09:00:00,4.0,4.1,4.0,4.1,200,SVN,"At 2025-08-28 09:00:00, the stock SVN opened at 4.00 VND, reached a high of 4.10 VND, a low of 4.00 VND, and closed the hour at 4.10 VND with a trading volume of 200 shares."
2025-08-28 10:00:00,4.0,4.0,3.9,4.0,53800,SVN,"At 2025-08-28 10:00:00, the stock SVN opened at 4.00 VND, reached a high of 4.00 VND, a low of 3.90 VND, and closed the hour at 4.00 VND with a trading volume of 53,800 shares."
2025-08-28 13:00:00,4.0,4.0,4.0,4.0,21000,SVN,"At 2025-08-28 13:00:00, the stock SVN opened at 4.00 VND, reached a high of 4.00 VND, a low of 4.00 VND, and closed the hour at 4.00 VND with a trading volume of 21,000 shares."
2025-08-28 14:00:00,4.0,4.0,3.9,4.0,5500,SVN,"At 2025-08-28 14:00:00, the stock SVN opened at 4.00 VND, reached a high of 4.00 VND, a low of 3.90 VND, and closed the hour at 4.00 VND with a trading volume of 5,500 shares."
2025-08-29 09:00:00,4.0,4.0,3.9,3.9,9000,SVN,"At 2025-08-29 09:00:00, the stock SVN opened at 4.00 VND, reached a high of 4.00 VND, a low of 3.90 VND, and closed the hour at 3.90 VND with a trading volume of 9,000 shares."
2025-08-29 10:00:00,4.0,4.1,3.9,4.0,178100,SVN,"At 2025-08-29 10:00:00, the stock SVN opened at 4.00 VND, reached a high of 4.10 VND, a low of 3.90 VND, and closed the hour at 4.00 VND with a trading volume of 178,100 shares."
2025-08-29 11:00:00,4.1,4.1,4.0,4.0,27600,SVN,"At 2025-08-29 11:00:00, the stock SVN opened at 4.10 VND, reached a high of 4.10 VND, a low of 4.00 VND, and closed the hour at 4.00 VND with a trading volume of 27,600 shares."
2025-08-29 13:00:00,4.0,4.0,3.9,3.9,141200,SVN,"At 2025-08-29 13:00:00, the stock SVN opened at 4.00 VND, reached a high of 4.00 VND, a low of 3.90 VND, and closed the hour at 3.90 VND with a trading volume of 141,200 shares."
2025-08-29 14:00:00,4.0,4.0,4.0,4.0,11900,SVN,"At 2025-08-29 14:00:00, the stock SVN opened at 4.00 VND, reached a high of 4.00 VND, a low of 4.00 VND, and closed the hour at 4.00 VND with a trading volume of 11,900 shares."
2025-09-03 09:00:00,4.0,4.0,3.9,4.0,24800,SVN,"At 2025-09-03 09:00:00, the stock SVN opened at 4.00 VND, reached a high of 4.00 VND, a low of 3.90 VND, and closed the hour at 4.00 VND with a trading volume of 24,800 shares."
2025-09-03 10:00:00,3.9,4.0,3.8,3.9,255500,SVN,"At 2025-09-03 10:00:00, the stock SVN opened at 3.90 VND, reached a high of 4.00 VND, a low of 3.80 VND, and closed the hour at 3.90 VND with a trading volume of 255,500 shares."
2025-09-03 13:00:00,3.9,3.9,3.8,3.9,91700,SVN,"At 2025-09-03 13:00:00, the stock SVN opened at 3.90 VND, reached a high of 3.90 VND, a low of 3.80 VND, and closed the hour at 3.90 VND with a trading volume of 91,700 shares."
2025-09-03 14:00:00,3.9,4.0,3.9,3.9,33900,SVN,"At 2025-09-03 14:00:00, the stock SVN opened at 3.90 VND, reached a high of 4.00 VND, a low of 3.90 VND, and closed the hour at 3.90 VND with a trading volume of 33,900 shares."
2025-09-04 09:00:00,3.9,4.0,3.8,3.8,36700,SVN,"At 2025-09-04 09:00:00, the stock SVN opened at 3.90 VND, reached a high of 4.00 VND, a low of 3.80 VND, and closed the hour at 3.80 VND with a trading volume of 36,700 shares."
2025-09-04 10:00:00,3.9,3.9,3.8,3.8,14300,SVN,"At 2025-09-04 10:00:00, the stock SVN opened at 3.90 VND, reached a high of 3.90 VND, a low of 3.80 VND, and closed the hour at 3.80 VND with a trading volume of 14,300 shares."
2025-09-04 11:00:00,3.8,3.9,3.8,3.9,7100,SVN,"At 2025-09-04 11:00:00, the stock SVN opened at 3.80 VND, reached a high of 3.90 VND, a low of 3.80 VND, and closed the hour at 3.90 VND with a trading volume of 7,100 shares."
2025-09-04 13:00:00,3.9,3.9,3.8,3.9,44900,SVN,"At 2025-09-04 13:00:00, the stock SVN opened at 3.90 VND, reached a high of 3.90 VND, a low of 3.80 VND, and closed the hour at 3.90 VND with a trading volume of 44,900 shares."
2025-09-04 14:00:00,3.9,3.9,3.9,3.9,26300,SVN,"At 2025-09-04 14:00:00, the stock SVN opened at 3.90 VND, reached a high of 3.90 VND, a low of 3.90 VND, and closed the hour at 3.90 VND with a trading volume of 26,300 shares."
2025-09-05 09:00:00,3.9,3.9,3.8,3.9,28600,SVN,"At 2025-09-05 09:00:00, the stock SVN opened at 3.90 VND, reached a high of 3.90 VND, a low of 3.80 VND, and closed the hour at 3.90 VND with a trading volume of 28,600 shares."
2025-09-05 10:00:00,3.9,3.9,3.8,3.9,21300,SVN,"At 2025-09-05 10:00:00, the stock SVN opened at 3.90 VND, reached a high of 3.90 VND, a low of 3.80 VND, and closed the hour at 3.90 VND with a trading volume of 21,300 shares."
2025-09-05 11:00:00,3.8,3.9,3.8,3.8,9600,SVN,"At 2025-09-05 11:00:00, the stock SVN opened at 3.80 VND, reached a high of 3.90 VND, a low of 3.80 VND, and closed the hour at 3.80 VND with a trading volume of 9,600 shares."
2025-09-05 13:00:00,3.8,3.9,3.8,3.9,13900,SVN,"At 2025-09-05 13:00:00, the stock SVN opened at 3.80 VND, reached a high of 3.90 VND, a low of 3.80 VND, and closed the hour at 3.90 VND with a trading volume of 13,900 shares."
2025-09-05 14:00:00,3.8,3.9,3.8,3.8,72600,SVN,"At 2025-09-05 14:00:00, the stock SVN opened at 3.80 VND, reached a high of 3.90 VND, a low of 3.80 VND, and closed the hour at 3.80 VND with a trading volume of 72,600 shares."
2025-09-08 09:00:00,3.8,3.9,3.8,3.8,124800,SVN,"At 2025-09-08 09:00:00, the stock SVN opened at 3.80 VND, reached a high of 3.90 VND, a low of 3.80 VND, and closed the hour at 3.80 VND with a trading volume of 124,800 shares."
2025-09-08 10:00:00,3.8,3.8,3.7,3.8,24700,SVN,"At 2025-09-08 10:00:00, the stock SVN opened at 3.80 VND, reached a high of 3.80 VND, a low of 3.70 VND, and closed the hour at 3.80 VND with a trading volume of 24,700 shares."
2025-09-08 11:00:00,3.7,3.8,3.7,3.7,101700,SVN,"At 2025-09-08 11:00:00, the stock SVN opened at 3.70 VND, reached a high of 3.80 VND, a low of 3.70 VND, and closed the hour at 3.70 VND with a trading volume of 101,700 shares."
2025-09-08 13:00:00,3.7,3.8,3.7,3.8,35600,SVN,"At 2025-09-08 13:00:00, the stock SVN opened at 3.70 VND, reached a high of 3.80 VND, a low of 3.70 VND, and closed the hour at 3.80 VND with a trading volume of 35,600 shares."
2025-09-08 14:00:00,3.7,3.7,3.7,3.7,77600,SVN,"At 2025-09-08 14:00:00, the stock SVN opened at 3.70 VND, reached a high of 3.70 VND, a low of 3.70 VND, and closed the hour at 3.70 VND with a trading volume of 77,600 shares."
2025-09-09 09:00:00,3.7,3.8,3.7,3.7,68200,SVN,"At 2025-09-09 09:00:00, the stock SVN opened at 3.70 VND, reached a high of 3.80 VND, a low of 3.70 VND, and closed the hour at 3.70 VND with a trading volume of 68,200 shares."
2025-09-09 10:00:00,3.7,3.7,3.7,3.7,23400,SVN,"At 2025-09-09 10:00:00, the stock SVN opened at 3.70 VND, reached a high of 3.70 VND, a low of 3.70 VND, and closed the hour at 3.70 VND with a trading volume of 23,400 shares."
2025-09-09 11:00:00,3.7,3.7,3.7,3.7,700,SVN,"At 2025-09-09 11:00:00, the stock SVN opened at 3.70 VND, reached a high of 3.70 VND, a low of 3.70 VND, and closed the hour at 3.70 VND with a trading volume of 700 shares."
2025-09-09 13:00:00,3.7,3.8,3.6,3.7,50500,SVN,"At 2025-09-09 13:00:00, the stock SVN opened at 3.70 VND, reached a high of 3.80 VND, a low of 3.60 VND, and closed the hour at 3.70 VND with a trading volume of 50,500 shares."
2025-09-09 14:00:00,3.7,3.8,3.7,3.7,34400,SVN,"At 2025-09-09 14:00:00, the stock SVN opened at 3.70 VND, reached a high of 3.80 VND, a low of 3.70 VND, and closed the hour at 3.70 VND with a trading volume of 34,400 shares."
2025-09-10 09:00:00,3.7,3.8,3.7,3.7,45700,SVN,"At 2025-09-10 09:00:00, the stock SVN opened at 3.70 VND, reached a high of 3.80 VND, a low of 3.70 VND, and closed the hour at 3.70 VND with a trading volume of 45,700 shares."
2025-09-10 10:00:00,3.7,3.7,3.7,3.7,15200,SVN,"At 2025-09-10 10:00:00, the stock SVN opened at 3.70 VND, reached a high of 3.70 VND, a low of 3.70 VND, and closed the hour at 3.70 VND with a trading volume of 15,200 shares."
2025-09-10 11:00:00,3.6,3.6,3.6,3.6,20600,SVN,"At 2025-09-10 11:00:00, the stock SVN opened at 3.60 VND, reached a high of 3.60 VND, a low of 3.60 VND, and closed the hour at 3.60 VND with a trading volume of 20,600 shares."
2025-09-10 13:00:00,3.6,3.7,3.6,3.6,47200,SVN,"At 2025-09-10 13:00:00, the stock SVN opened at 3.60 VND, reached a high of 3.70 VND, a low of 3.60 VND, and closed the hour at 3.60 VND with a trading volume of 47,200 shares."
2025-09-10 14:00:00,3.6,3.7,3.6,3.7,51700,SVN,"At 2025-09-10 14:00:00, the stock SVN opened at 3.60 VND, reached a high of 3.70 VND, a low of 3.60 VND, and closed the hour at 3.70 VND with a trading volume of 51,700 shares."
2025-09-11 09:00:00,3.6,3.6,3.5,3.5,122000,SVN,"At 2025-09-11 09:00:00, the stock SVN opened at 3.60 VND, reached a high of 3.60 VND, a low of 3.50 VND, and closed the hour at 3.50 VND with a trading volume of 122,000 shares."
2025-09-11 10:00:00,3.5,3.6,3.5,3.5,28400,SVN,"At 2025-09-11 10:00:00, the stock SVN opened at 3.50 VND, reached a high of 3.60 VND, a low of 3.50 VND, and closed the hour at 3.50 VND with a trading volume of 28,400 shares."
2025-09-11 11:00:00,3.5,3.6,3.5,3.6,113400,SVN,"At 2025-09-11 11:00:00, the stock SVN opened at 3.50 VND, reached a high of 3.60 VND, a low of 3.50 VND, and closed the hour at 3.60 VND with a trading volume of 113,400 shares."
2025-09-11 13:00:00,3.6,3.6,3.5,3.5,36100,SVN,"At 2025-09-11 13:00:00, the stock SVN opened at 3.60 VND, reached a high of 3.60 VND, a low of 3.50 VND, and closed the hour at 3.50 VND with a trading volume of 36,100 shares."
2025-09-11 14:00:00,3.5,3.6,3.5,3.5,30300,SVN,"At 2025-09-11 14:00:00, the stock SVN opened at 3.50 VND, reached a high of 3.60 VND, a low of 3.50 VND, and closed the hour at 3.50 VND with a trading volume of 30,300 shares."
2025-09-12 09:00:00,3.5,3.7,3.5,3.6,128800,SVN,"At 2025-09-12 09:00:00, the stock SVN opened at 3.50 VND, reached a high of 3.70 VND, a low of 3.50 VND, and closed the hour at 3.60 VND with a trading volume of 128,800 shares."
2025-09-12 10:00:00,3.6,3.6,3.6,3.6,11900,SVN,"At 2025-09-12 10:00:00, the stock SVN opened at 3.60 VND, reached a high of 3.60 VND, a low of 3.60 VND, and closed the hour at 3.60 VND with a trading volume of 11,900 shares."
2025-09-12 11:00:00,3.6,3.7,3.6,3.6,1200,SVN,"At 2025-09-12 11:00:00, the stock SVN opened at 3.60 VND, reached a high of 3.70 VND, a low of 3.60 VND, and closed the hour at 3.60 VND with a trading volume of 1,200 shares."
2025-09-12 13:00:00,3.6,3.6,3.5,3.6,130500,SVN,"At 2025-09-12 13:00:00, the stock SVN opened at 3.60 VND, reached a high of 3.60 VND, a low of 3.50 VND, and closed the hour at 3.60 VND with a trading volume of 130,500 shares."
2025-09-12 14:00:00,3.6,3.6,3.6,3.6,8500,SVN,"At 2025-09-12 14:00:00, the stock SVN opened at 3.60 VND, reached a high of 3.60 VND, a low of 3.60 VND, and closed the hour at 3.60 VND with a trading volume of 8,500 shares."
2025-09-15 09:00:00,3.6,3.6,3.5,3.5,200000,SVN,"At 2025-09-15 09:00:00, the stock SVN opened at 3.60 VND, reached a high of 3.60 VND, a low of 3.50 VND, and closed the hour at 3.50 VND with a trading volume of 200,000 shares."
2025-09-15 10:00:00,3.5,3.5,3.4,3.5,117900,SVN,"At 2025-09-15 10:00:00, the stock SVN opened at 3.50 VND, reached a high of 3.50 VND, a low of 3.40 VND, and closed the hour at 3.50 VND with a trading volume of 117,900 shares."
2025-09-15 11:00:00,3.4,3.5,3.4,3.5,3300,SVN,"At 2025-09-15 11:00:00, the stock SVN opened at 3.40 VND, reached a high of 3.50 VND, a low of 3.40 VND, and closed the hour at 3.50 VND with a trading volume of 3,300 shares."
2025-09-15 13:00:00,3.5,3.6,3.4,3.5,57300,SVN,"At 2025-09-15 13:00:00, the stock SVN opened at 3.50 VND, reached a high of 3.60 VND, a low of 3.40 VND, and closed the hour at 3.50 VND with a trading volume of 57,300 shares."
2025-09-15 14:00:00,3.5,3.6,3.5,3.6,76500,SVN,"At 2025-09-15 14:00:00, the stock SVN opened at 3.50 VND, reached a high of 3.60 VND, a low of 3.50 VND, and closed the hour at 3.60 VND with a trading volume of 76,500 shares."
2025-09-16 09:00:00,3.4,3.7,3.4,3.6,99900,SVN,"At 2025-09-16 09:00:00, the stock SVN opened at 3.40 VND, reached a high of 3.70 VND, a low of 3.40 VND, and closed the hour at 3.60 VND with a trading volume of 99,900 shares."
2025-09-16 10:00:00,3.6,3.7,3.6,3.6,27900,SVN,"At 2025-09-16 10:00:00, the stock SVN opened at 3.60 VND, reached a high of 3.70 VND, a low of 3.60 VND, and closed the hour at 3.60 VND with a trading volume of 27,900 shares."
2025-09-16 11:00:00,3.6,3.6,3.6,3.6,25200,SVN,"At 2025-09-16 11:00:00, the stock SVN opened at 3.60 VND, reached a high of 3.60 VND, a low of 3.60 VND, and closed the hour at 3.60 VND with a trading volume of 25,200 shares."
2025-09-16 13:00:00,3.6,3.6,3.5,3.5,6500,SVN,"At 2025-09-16 13:00:00, the stock SVN opened at 3.60 VND, reached a high of 3.60 VND, a low of 3.50 VND, and closed the hour at 3.50 VND with a trading volume of 6,500 shares."
2025-09-16 14:00:00,3.5,3.6,3.5,3.6,5400,SVN,"At 2025-09-16 14:00:00, the stock SVN opened at 3.50 VND, reached a high of 3.60 VND, a low of 3.50 VND, and closed the hour at 3.60 VND with a trading volume of 5,400 shares."
2025-09-17 09:00:00,3.6,3.6,3.6,3.6,7200,SVN,"At 2025-09-17 09:00:00, the stock SVN opened at 3.60 VND, reached a high of 3.60 VND, a low of 3.60 VND, and closed the hour at 3.60 VND with a trading volume of 7,200 shares."
2025-09-17 10:00:00,3.6,3.6,3.6,3.6,5100,SVN,"At 2025-09-17 10:00:00, the stock SVN opened at 3.60 VND, reached a high of 3.60 VND, a low of 3.60 VND, and closed the hour at 3.60 VND with a trading volume of 5,100 shares."
2025-09-17 11:00:00,3.6,3.6,3.5,3.5,100000,SVN,"At 2025-09-17 11:00:00, the stock SVN opened at 3.60 VND, reached a high of 3.60 VND, a low of 3.50 VND, and closed the hour at 3.50 VND with a trading volume of 100,000 shares."
2025-09-17 13:00:00,3.5,3.6,3.5,3.6,2500,SVN,"At 2025-09-17 13:00:00, the stock SVN opened at 3.50 VND, reached a high of 3.60 VND, a low of 3.50 VND, and closed the hour at 3.60 VND with a trading volume of 2,500 shares."
2025-09-17 14:00:00,3.5,3.5,3.5,3.5,10600,SVN,"At 2025-09-17 14:00:00, the stock SVN opened at 3.50 VND, reached a high of 3.50 VND, a low of 3.50 VND, and closed the hour at 3.50 VND with a trading volume of 10,600 shares."
2025-09-18 09:00:00,3.6,3.6,3.5,3.5,61500,SVN,"At 2025-09-18 09:00:00, the stock SVN opened at 3.60 VND, reached a high of 3.60 VND, a low of 3.50 VND, and closed the hour at 3.50 VND with a trading volume of 61,500 shares."
2025-09-18 10:00:00,3.5,3.6,3.5,3.6,11300,SVN,"At 2025-09-18 10:00:00, the stock SVN opened at 3.50 VND, reached a high of 3.60 VND, a low of 3.50 VND, and closed the hour at 3.60 VND with a trading volume of 11,300 shares."
2025-09-18 13:00:00,3.5,3.5,3.5,3.5,43500,SVN,"At 2025-09-18 13:00:00, the stock SVN opened at 3.50 VND, reached a high of 3.50 VND, a low of 3.50 VND, and closed the hour at 3.50 VND with a trading volume of 43,500 shares."
2025-09-18 14:00:00,3.5,3.5,3.5,3.5,35100,SVN,"At 2025-09-18 14:00:00, the stock SVN opened at 3.50 VND, reached a high of 3.50 VND, a low of 3.50 VND, and closed the hour at 3.50 VND with a trading volume of 35,100 shares."
2025-09-19 09:00:00,3.5,3.5,3.5,3.5,12500,SVN,"At 2025-09-19 09:00:00, the stock SVN opened at 3.50 VND, reached a high of 3.50 VND, a low of 3.50 VND, and closed the hour at 3.50 VND with a trading volume of 12,500 shares."
2025-09-19 10:00:00,3.5,3.5,3.5,3.5,7200,SVN,"At 2025-09-19 10:00:00, the stock SVN opened at 3.50 VND, reached a high of 3.50 VND, a low of 3.50 VND, and closed the hour at 3.50 VND with a trading volume of 7,200 shares."
2025-09-19 13:00:00,3.5,3.5,3.5,3.5,2600,SVN,"At 2025-09-19 13:00:00, the stock SVN opened at 3.50 VND, reached a high of 3.50 VND, a low of 3.50 VND, and closed the hour at 3.50 VND with a trading volume of 2,600 shares."
2025-09-19 14:00:00,3.5,3.5,3.4,3.4,40100,SVN,"At 2025-09-19 14:00:00, the stock SVN opened at 3.50 VND, reached a high of 3.50 VND, a low of 3.40 VND, and closed the hour at 3.40 VND with a trading volume of 40,100 shares."
2025-09-22 09:00:00,3.4,3.4,3.4,3.4,85600,SVN,"At 2025-09-22 09:00:00, the stock SVN opened at 3.40 VND, reached a high of 3.40 VND, a low of 3.40 VND, and closed the hour at 3.40 VND with a trading volume of 85,600 shares."
2025-09-22 10:00:00,3.4,3.4,3.2,3.4,234000,SVN,"At 2025-09-22 10:00:00, the stock SVN opened at 3.40 VND, reached a high of 3.40 VND, a low of 3.20 VND, and closed the hour at 3.40 VND with a trading volume of 234,000 shares."
2025-09-22 11:00:00,3.3,3.3,3.3,3.3,2000,SVN,"At 2025-09-22 11:00:00, the stock SVN opened at 3.30 VND, reached a high of 3.30 VND, a low of 3.30 VND, and closed the hour at 3.30 VND with a trading volume of 2,000 shares."
2025-09-22 13:00:00,3.3,3.3,3.3,3.3,48900,SVN,"At 2025-09-22 13:00:00, the stock SVN opened at 3.30 VND, reached a high of 3.30 VND, a low of 3.30 VND, and closed the hour at 3.30 VND with a trading volume of 48,900 shares."
2025-09-22 14:00:00,3.3,3.4,3.3,3.4,46000,SVN,"At 2025-09-22 14:00:00, the stock SVN opened at 3.30 VND, reached a high of 3.40 VND, a low of 3.30 VND, and closed the hour at 3.40 VND with a trading volume of 46,000 shares."
2025-09-23 09:00:00,3.3,3.3,3.3,3.3,45200,SVN,"At 2025-09-23 09:00:00, the stock SVN opened at 3.30 VND, reached a high of 3.30 VND, a low of 3.30 VND, and closed the hour at 3.30 VND with a trading volume of 45,200 shares."
2025-09-23 10:00:00,3.4,3.4,3.2,3.3,35200,SVN,"At 2025-09-23 10:00:00, the stock SVN opened at 3.40 VND, reached a high of 3.40 VND, a low of 3.20 VND, and closed the hour at 3.30 VND with a trading volume of 35,200 shares."
2025-09-23 13:00:00,3.3,3.4,3.3,3.4,12100,SVN,"At 2025-09-23 13:00:00, the stock SVN opened at 3.30 VND, reached a high of 3.40 VND, a low of 3.30 VND, and closed the hour at 3.40 VND with a trading volume of 12,100 shares."
2025-09-23 14:00:00,3.4,3.4,3.4,3.4,3800,SVN,"At 2025-09-23 14:00:00, the stock SVN opened at 3.40 VND, reached a high of 3.40 VND, a low of 3.40 VND, and closed the hour at 3.40 VND with a trading volume of 3,800 shares."
2025-09-24 09:00:00,3.3,3.3,3.2,3.2,4400,SVN,"At 2025-09-24 09:00:00, the stock SVN opened at 3.30 VND, reached a high of 3.30 VND, a low of 3.20 VND, and closed the hour at 3.20 VND with a trading volume of 4,400 shares."
2025-09-24 10:00:00,3.3,3.3,3.3,3.3,21900,SVN,"At 2025-09-24 10:00:00, the stock SVN opened at 3.30 VND, reached a high of 3.30 VND, a low of 3.30 VND, and closed the hour at 3.30 VND with a trading volume of 21,900 shares."
2025-09-24 11:00:00,3.3,3.3,3.3,3.3,2800,SVN,"At 2025-09-24 11:00:00, the stock SVN opened at 3.30 VND, reached a high of 3.30 VND, a low of 3.30 VND, and closed the hour at 3.30 VND with a trading volume of 2,800 shares."
2025-09-24 13:00:00,3.2,3.4,3.2,3.3,85500,SVN,"At 2025-09-24 13:00:00, the stock SVN opened at 3.20 VND, reached a high of 3.40 VND, a low of 3.20 VND, and closed the hour at 3.30 VND with a trading volume of 85,500 shares."
2025-09-24 14:00:00,3.3,3.4,3.3,3.3,6800,SVN,"At 2025-09-24 14:00:00, the stock SVN opened at 3.30 VND, reached a high of 3.40 VND, a low of 3.30 VND, and closed the hour at 3.30 VND with a trading volume of 6,800 shares."
2025-09-25 09:00:00,3.3,3.5,3.3,3.5,137900,SVN,"At 2025-09-25 09:00:00, the stock SVN opened at 3.30 VND, reached a high of 3.50 VND, a low of 3.30 VND, and closed the hour at 3.50 VND with a trading volume of 137,900 shares."
2025-09-25 10:00:00,3.5,3.5,3.3,3.3,319300,SVN,"At 2025-09-25 10:00:00, the stock SVN opened at 3.50 VND, reached a high of 3.50 VND, a low of 3.30 VND, and closed the hour at 3.30 VND with a trading volume of 319,300 shares."
2025-09-25 11:00:00,3.4,3.4,3.3,3.4,4700,SVN,"At 2025-09-25 11:00:00, the stock SVN opened at 3.40 VND, reached a high of 3.40 VND, a low of 3.30 VND, and closed the hour at 3.40 VND with a trading volume of 4,700 shares."
2025-09-25 13:00:00,3.4,3.4,3.4,3.4,35300,SVN,"At 2025-09-25 13:00:00, the stock SVN opened at 3.40 VND, reached a high of 3.40 VND, a low of 3.40 VND, and closed the hour at 3.40 VND with a trading volume of 35,300 shares."
2025-09-25 14:00:00,3.4,3.4,3.3,3.3,10200,SVN,"At 2025-09-25 14:00:00, the stock SVN opened at 3.40 VND, reached a high of 3.40 VND, a low of 3.30 VND, and closed the hour at 3.30 VND with a trading volume of 10,200 shares."
2025-09-26 09:00:00,3.4,3.4,3.3,3.3,1800,SVN,"At 2025-09-26 09:00:00, the stock SVN opened at 3.40 VND, reached a high of 3.40 VND, a low of 3.30 VND, and closed the hour at 3.30 VND with a trading volume of 1,800 shares."
2025-09-26 10:00:00,3.3,3.4,3.3,3.3,2900,SVN,"At 2025-09-26 10:00:00, the stock SVN opened at 3.30 VND, reached a high of 3.40 VND, a low of 3.30 VND, and closed the hour at 3.30 VND with a trading volume of 2,900 shares."
2025-09-26 11:00:00,3.3,3.3,3.3,3.3,6600,SVN,"At 2025-09-26 11:00:00, the stock SVN opened at 3.30 VND, reached a high of 3.30 VND, a low of 3.30 VND, and closed the hour at 3.30 VND with a trading volume of 6,600 shares."
2025-09-26 13:00:00,3.4,3.4,3.4,3.4,77000,SVN,"At 2025-09-26 13:00:00, the stock SVN opened at 3.40 VND, reached a high of 3.40 VND, a low of 3.40 VND, and closed the hour at 3.40 VND with a trading volume of 77,000 shares."
2025-09-26 14:00:00,3.3,3.4,3.3,3.3,44400,SVN,"At 2025-09-26 14:00:00, the stock SVN opened at 3.30 VND, reached a high of 3.40 VND, a low of 3.30 VND, and closed the hour at 3.30 VND with a trading volume of 44,400 shares."
2025-09-29 09:00:00,3.3,3.4,3.3,3.4,35300,SVN,"At 2025-09-29 09:00:00, the stock SVN opened at 3.30 VND, reached a high of 3.40 VND, a low of 3.30 VND, and closed the hour at 3.40 VND with a trading volume of 35,300 shares."
2025-09-29 10:00:00,3.4,3.4,3.4,3.4,2900,SVN,"At 2025-09-29 10:00:00, the stock SVN opened at 3.40 VND, reached a high of 3.40 VND, a low of 3.40 VND, and closed the hour at 3.40 VND with a trading volume of 2,900 shares."
2025-09-29 11:00:00,3.4,3.4,3.4,3.4,300,SVN,"At 2025-09-29 11:00:00, the stock SVN opened at 3.40 VND, reached a high of 3.40 VND, a low of 3.40 VND, and closed the hour at 3.40 VND with a trading volume of 300 shares."
2025-09-29 13:00:00,3.3,3.4,3.3,3.3,9200,SVN,"At 2025-09-29 13:00:00, the stock SVN opened at 3.30 VND, reached a high of 3.40 VND, a low of 3.30 VND, and closed the hour at 3.30 VND with a trading volume of 9,200 shares."
2025-09-29 14:00:00,3.3,3.3,3.3,3.3,6200,SVN,"At 2025-09-29 14:00:00, the stock SVN opened at 3.30 VND, reached a high of 3.30 VND, a low of 3.30 VND, and closed the hour at 3.30 VND with a trading volume of 6,200 shares."
2025-09-30 09:00:00,3.4,3.4,3.2,3.2,82900,SVN,"At 2025-09-30 09:00:00, the stock SVN opened at 3.40 VND, reached a high of 3.40 VND, a low of 3.20 VND, and closed the hour at 3.20 VND with a trading volume of 82,900 shares."
2025-09-30 10:00:00,3.2,3.3,3.2,3.2,147200,SVN,"At 2025-09-30 10:00:00, the stock SVN opened at 3.20 VND, reached a high of 3.30 VND, a low of 3.20 VND, and closed the hour at 3.20 VND with a trading volume of 147,200 shares."
2025-09-30 11:00:00,3.3,3.3,3.1,3.2,21400,SVN,"At 2025-09-30 11:00:00, the stock SVN opened at 3.30 VND, reached a high of 3.30 VND, a low of 3.10 VND, and closed the hour at 3.20 VND with a trading volume of 21,400 shares."
2025-09-30 13:00:00,3.2,3.3,3.2,3.3,16000,SVN,"At 2025-09-30 13:00:00, the stock SVN opened at 3.20 VND, reached a high of 3.30 VND, a low of 3.20 VND, and closed the hour at 3.30 VND with a trading volume of 16,000 shares."
2025-09-30 14:00:00,3.2,3.2,3.1,3.2,70200,SVN,"At 2025-09-30 14:00:00, the stock SVN opened at 3.20 VND, reached a high of 3.20 VND, a low of 3.10 VND, and closed the hour at 3.20 VND with a trading volume of 70,200 shares."
2025-10-01 09:00:00,3.2,3.2,3.1,3.2,154000,SVN,"At 2025-10-01 09:00:00, the stock SVN opened at 3.20 VND, reached a high of 3.20 VND, a low of 3.10 VND, and closed the hour at 3.20 VND with a trading volume of 154,000 shares."
2025-10-01 10:00:00,3.1,3.2,3.1,3.2,9300,SVN,"At 2025-10-01 10:00:00, the stock SVN opened at 3.10 VND, reached a high of 3.20 VND, a low of 3.10 VND, and closed the hour at 3.20 VND with a trading volume of 9,300 shares."
2025-10-01 11:00:00,3.2,3.2,3.2,3.2,100,SVN,"At 2025-10-01 11:00:00, the stock SVN opened at 3.20 VND, reached a high of 3.20 VND, a low of 3.20 VND, and closed the hour at 3.20 VND with a trading volume of 100 shares."
2025-10-01 13:00:00,3.2,3.2,3.1,3.1,33100,SVN,"At 2025-10-01 13:00:00, the stock SVN opened at 3.20 VND, reached a high of 3.20 VND, a low of 3.10 VND, and closed the hour at 3.10 VND with a trading volume of 33,100 shares."
2025-10-01 14:00:00,3.2,3.2,3.1,3.1,34700,SVN,"At 2025-10-01 14:00:00, the stock SVN opened at 3.20 VND, reached a high of 3.20 VND, a low of 3.10 VND, and closed the hour at 3.10 VND with a trading volume of 34,700 shares."
2025-10-02 09:00:00,3.2,3.2,3.1,3.1,13700,SVN,"At 2025-10-02 09:00:00, the stock SVN opened at 3.20 VND, reached a high of 3.20 VND, a low of 3.10 VND, and closed the hour at 3.10 VND with a trading volume of 13,700 shares."
2025-10-02 10:00:00,3.1,3.1,3.1,3.1,500,SVN,"At 2025-10-02 10:00:00, the stock SVN opened at 3.10 VND, reached a high of 3.10 VND, a low of 3.10 VND, and closed the hour at 3.10 VND with a trading volume of 500 shares."
2025-10-02 11:00:00,3.1,3.1,3.1,3.1,9300,SVN,"At 2025-10-02 11:00:00, the stock SVN opened at 3.10 VND, reached a high of 3.10 VND, a low of 3.10 VND, and closed the hour at 3.10 VND with a trading volume of 9,300 shares."
2025-10-02 13:00:00,3.1,3.2,3.1,3.1,45400,SVN,"At 2025-10-02 13:00:00, the stock SVN opened at 3.10 VND, reached a high of 3.20 VND, a low of 3.10 VND, and closed the hour at 3.10 VND with a trading volume of 45,400 shares."
2025-10-02 14:00:00,3.2,3.2,3.1,3.1,2300,SVN,"At 2025-10-02 14:00:00, the stock SVN opened at 3.20 VND, reached a high of 3.20 VND, a low of 3.10 VND, and closed the hour at 3.10 VND with a trading volume of 2,300 shares."
2025-10-03 09:00:00,3.1,3.2,3.1,3.2,37400,SVN,"At 2025-10-03 09:00:00, the stock SVN opened at 3.10 VND, reached a high of 3.20 VND, a low of 3.10 VND, and closed the hour at 3.20 VND with a trading volume of 37,400 shares."
2025-10-03 10:00:00,3.1,3.1,3.1,3.1,39200,SVN,"At 2025-10-03 10:00:00, the stock SVN opened at 3.10 VND, reached a high of 3.10 VND, a low of 3.10 VND, and closed the hour at 3.10 VND with a trading volume of 39,200 shares."
2025-10-03 11:00:00,3.1,3.1,3.1,3.1,7200,SVN,"At 2025-10-03 11:00:00, the stock SVN opened at 3.10 VND, reached a high of 3.10 VND, a low of 3.10 VND, and closed the hour at 3.10 VND with a trading volume of 7,200 shares."
2025-10-03 13:00:00,3.1,3.1,3.1,3.1,21700,SVN,"At 2025-10-03 13:00:00, the stock SVN opened at 3.10 VND, reached a high of 3.10 VND, a low of 3.10 VND, and closed the hour at 3.10 VND with a trading volume of 21,700 shares."
2025-10-03 14:00:00,3.1,3.1,3.1,3.1,12100,SVN,"At 2025-10-03 14:00:00, the stock SVN opened at 3.10 VND, reached a high of 3.10 VND, a low of 3.10 VND, and closed the hour at 3.10 VND with a trading volume of 12,100 shares."
2025-10-06 09:00:00,3.1,3.1,3.1,3.1,200,SVN,"At 2025-10-06 09:00:00, the stock SVN opened at 3.10 VND, reached a high of 3.10 VND, a low of 3.10 VND, and closed the hour at 3.10 VND with a trading volume of 200 shares."
2025-10-06 10:00:00,3.1,3.3,3.1,3.2,146300,SVN,"At 2025-10-06 10:00:00, the stock SVN opened at 3.10 VND, reached a high of 3.30 VND, a low of 3.10 VND, and closed the hour at 3.20 VND with a trading volume of 146,300 shares."
2025-10-06 11:00:00,3.1,3.2,3.1,3.1,13000,SVN,"At 2025-10-06 11:00:00, the stock SVN opened at 3.10 VND, reached a high of 3.20 VND, a low of 3.10 VND, and closed the hour at 3.10 VND with a trading volume of 13,000 shares."
2025-10-06 13:00:00,3.2,3.2,3.1,3.2,31000,SVN,"At 2025-10-06 13:00:00, the stock SVN opened at 3.20 VND, reached a high of 3.20 VND, a low of 3.10 VND, and closed the hour at 3.20 VND with a trading volume of 31,000 shares."
2025-10-06 14:00:00,3.2,3.3,3.2,3.3,29200,SVN,"At 2025-10-06 14:00:00, the stock SVN opened at 3.20 VND, reached a high of 3.30 VND, a low of 3.20 VND, and closed the hour at 3.30 VND with a trading volume of 29,200 shares."
2025-10-07 09:00:00,3.3,3.3,3.2,3.3,2600,SVN,"At 2025-10-07 09:00:00, the stock SVN opened at 3.30 VND, reached a high of 3.30 VND, a low of 3.20 VND, and closed the hour at 3.30 VND with a trading volume of 2,600 shares."
2025-10-07 10:00:00,3.3,3.3,3.2,3.2,45000,SVN,"At 2025-10-07 10:00:00, the stock SVN opened at 3.30 VND, reached a high of 3.30 VND, a low of 3.20 VND, and closed the hour at 3.20 VND with a trading volume of 45,000 shares."
2025-10-07 13:00:00,3.2,3.2,3.2,3.2,300,SVN,"At 2025-10-07 13:00:00, the stock SVN opened at 3.20 VND, reached a high of 3.20 VND, a low of 3.20 VND, and closed the hour at 3.20 VND with a trading volume of 300 shares."
2025-10-07 14:00:00,3.2,3.2,3.2,3.2,98400,SVN,"At 2025-10-07 14:00:00, the stock SVN opened at 3.20 VND, reached a high of 3.20 VND, a low of 3.20 VND, and closed the hour at 3.20 VND with a trading volume of 98,400 shares."
2025-10-08 09:00:00,3.2,3.3,3.2,3.2,9600,SVN,"At 2025-10-08 09:00:00, the stock SVN opened at 3.20 VND, reached a high of 3.30 VND, a low of 3.20 VND, and closed the hour at 3.20 VND with a trading volume of 9,600 shares."
2025-10-08 10:00:00,3.2,3.3,3.1,3.1,17900,SVN,"At 2025-10-08 10:00:00, the stock SVN opened at 3.20 VND, reached a high of 3.30 VND, a low of 3.10 VND, and closed the hour at 3.10 VND with a trading volume of 17,900 shares."
2025-10-08 11:00:00,3.2,3.2,3.1,3.1,176100,SVN,"At 2025-10-08 11:00:00, the stock SVN opened at 3.20 VND, reached a high of 3.20 VND, a low of 3.10 VND, and closed the hour at 3.10 VND with a trading volume of 176,100 shares."
2025-10-08 13:00:00,3.1,3.1,3.1,3.1,52500,SVN,"At 2025-10-08 13:00:00, the stock SVN opened at 3.10 VND, reached a high of 3.10 VND, a low of 3.10 VND, and closed the hour at 3.10 VND with a trading volume of 52,500 shares."
2025-10-08 14:00:00,3.2,3.2,3.2,3.2,1700,SVN,"At 2025-10-08 14:00:00, the stock SVN opened at 3.20 VND, reached a high of 3.20 VND, a low of 3.20 VND, and closed the hour at 3.20 VND with a trading volume of 1,700 shares."
2025-10-09 09:00:00,3.2,3.2,3.1,3.1,39900,SVN,"At 2025-10-09 09:00:00, the stock SVN opened at 3.20 VND, reached a high of 3.20 VND, a low of 3.10 VND, and closed the hour at 3.10 VND with a trading volume of 39,900 shares."
2025-10-09 10:00:00,3.1,3.1,3.1,3.1,7200,SVN,"At 2025-10-09 10:00:00, the stock SVN opened at 3.10 VND, reached a high of 3.10 VND, a low of 3.10 VND, and closed the hour at 3.10 VND with a trading volume of 7,200 shares."
2025-10-09 11:00:00,3.1,3.1,3.1,3.1,35600,SVN,"At 2025-10-09 11:00:00, the stock SVN opened at 3.10 VND, reached a high of 3.10 VND, a low of 3.10 VND, and closed the hour at 3.10 VND with a trading volume of 35,600 shares."
2025-10-09 13:00:00,3.1,3.1,3.1,3.1,6400,SVN,"At 2025-10-09 13:00:00, the stock SVN opened at 3.10 VND, reached a high of 3.10 VND, a low of 3.10 VND, and closed the hour at 3.10 VND with a trading volume of 6,400 shares."
2025-10-09 14:00:00,3.1,3.1,3.0,3.1,41800,SVN,"At 2025-10-09 14:00:00, the stock SVN opened at 3.10 VND, reached a high of 3.10 VND, a low of 3.00 VND, and closed the hour at 3.10 VND with a trading volume of 41,800 shares."
2025-10-10 09:00:00,3.1,3.1,3.1,3.1,24300,SVN,"At 2025-10-10 09:00:00, the stock SVN opened at 3.10 VND, reached a high of 3.10 VND, a low of 3.10 VND, and closed the hour at 3.10 VND with a trading volume of 24,300 shares."
2025-10-10 10:00:00,3.1,3.1,3.1,3.1,21100,SVN,"At 2025-10-10 10:00:00, the stock SVN opened at 3.10 VND, reached a high of 3.10 VND, a low of 3.10 VND, and closed the hour at 3.10 VND with a trading volume of 21,100 shares."
2025-10-10 11:00:00,3.1,3.1,3.0,3.0,3700,SVN,"At 2025-10-10 11:00:00, the stock SVN opened at 3.10 VND, reached a high of 3.10 VND, a low of 3.00 VND, and closed the hour at 3.00 VND with a trading volume of 3,700 shares."
2025-10-10 13:00:00,3.1,3.1,3.0,3.1,52100,SVN,"At 2025-10-10 13:00:00, the stock SVN opened at 3.10 VND, reached a high of 3.10 VND, a low of 3.00 VND, and closed the hour at 3.10 VND with a trading volume of 52,100 shares."
2025-10-10 14:00:00,3.1,3.1,3.0,3.1,20800,SVN,"At 2025-10-10 14:00:00, the stock SVN opened at 3.10 VND, reached a high of 3.10 VND, a low of 3.00 VND, and closed the hour at 3.10 VND with a trading volume of 20,800 shares."
2025-10-13 09:00:00,3.1,3.1,2.9,3.0,99900,SVN,"At 2025-10-13 09:00:00, the stock SVN opened at 3.10 VND, reached a high of 3.10 VND, a low of 2.90 VND, and closed the hour at 3.00 VND with a trading volume of 99,900 shares."
2025-10-13 10:00:00,3.0,3.0,3.0,3.0,16700,SVN,"At 2025-10-13 10:00:00, the stock SVN opened at 3.00 VND, reached a high of 3.00 VND, a low of 3.00 VND, and closed the hour at 3.00 VND with a trading volume of 16,700 shares."
2025-10-13 11:00:00,3.0,3.1,3.0,3.1,10300,SVN,"At 2025-10-13 11:00:00, the stock SVN opened at 3.00 VND, reached a high of 3.10 VND, a low of 3.00 VND, and closed the hour at 3.10 VND with a trading volume of 10,300 shares."
2025-10-13 13:00:00,3.0,3.0,2.9,3.0,12700,SVN,"At 2025-10-13 13:00:00, the stock SVN opened at 3.00 VND, reached a high of 3.00 VND, a low of 2.90 VND, and closed the hour at 3.00 VND with a trading volume of 12,700 shares."
2025-10-13 14:00:00,3.0,3.0,2.9,3.0,1400,SVN,"At 2025-10-13 14:00:00, the stock SVN opened at 3.00 VND, reached a high of 3.00 VND, a low of 2.90 VND, and closed the hour at 3.00 VND with a trading volume of 1,400 shares."
2025-10-14 09:00:00,2.9,3.0,2.9,3.0,35200,SVN,"At 2025-10-14 09:00:00, the stock SVN opened at 2.90 VND, reached a high of 3.00 VND, a low of 2.90 VND, and closed the hour at 3.00 VND with a trading volume of 35,200 shares."
2025-10-14 10:00:00,3.0,3.0,2.9,2.9,39500,SVN,"At 2025-10-14 10:00:00, the stock SVN opened at 3.00 VND, reached a high of 3.00 VND, a low of 2.90 VND, and closed the hour at 2.90 VND with a trading volume of 39,500 shares."
2025-10-14 11:00:00,3.0,3.0,3.0,3.0,39200,SVN,"At 2025-10-14 11:00:00, the stock SVN opened at 3.00 VND, reached a high of 3.00 VND, a low of 3.00 VND, and closed the hour at 3.00 VND with a trading volume of 39,200 shares."
2025-10-14 13:00:00,3.0,3.1,2.9,2.9,14700,SVN,"At 2025-10-14 13:00:00, the stock SVN opened at 3.00 VND, reached a high of 3.10 VND, a low of 2.90 VND, and closed the hour at 2.90 VND with a trading volume of 14,700 shares."
2025-10-14 14:00:00,2.9,3.0,2.9,3.0,10400,SVN,"At 2025-10-14 14:00:00, the stock SVN opened at 2.90 VND, reached a high of 3.00 VND, a low of 2.90 VND, and closed the hour at 3.00 VND with a trading volume of 10,400 shares."
2025-10-15 09:00:00,3.0,3.0,2.9,3.0,20200,SVN,"At 2025-10-15 09:00:00, the stock SVN opened at 3.00 VND, reached a high of 3.00 VND, a low of 2.90 VND, and closed the hour at 3.00 VND with a trading volume of 20,200 shares."
2025-10-15 10:00:00,3.0,3.0,2.9,2.9,9000,SVN,"At 2025-10-15 10:00:00, the stock SVN opened at 3.00 VND, reached a high of 3.00 VND, a low of 2.90 VND, and closed the hour at 2.90 VND with a trading volume of 9,000 shares."
2025-10-15 11:00:00,2.9,2.9,2.9,2.9,51800,SVN,"At 2025-10-15 11:00:00, the stock SVN opened at 2.90 VND, reached a high of 2.90 VND, a low of 2.90 VND, and closed the hour at 2.90 VND with a trading volume of 51,800 shares."
2025-10-15 13:00:00,2.9,3.0,2.9,2.9,42600,SVN,"At 2025-10-15 13:00:00, the stock SVN opened at 2.90 VND, reached a high of 3.00 VND, a low of 2.90 VND, and closed the hour at 2.90 VND with a trading volume of 42,600 shares."
2025-10-15 14:00:00,2.9,2.9,2.9,2.9,9500,SVN,"At 2025-10-15 14:00:00, the stock SVN opened at 2.90 VND, reached a high of 2.90 VND, a low of 2.90 VND, and closed the hour at 2.90 VND with a trading volume of 9,500 shares."
2025-10-16 09:00:00,3.0,3.0,2.9,3.0,12700,SVN,"At 2025-10-16 09:00:00, the stock SVN opened at 3.00 VND, reached a high of 3.00 VND, a low of 2.90 VND, and closed the hour at 3.00 VND with a trading volume of 12,700 shares."
2025-10-16 10:00:00,2.9,2.9,2.9,2.9,51000,SVN,"At 2025-10-16 10:00:00, the stock SVN opened at 2.90 VND, reached a high of 2.90 VND, a low of 2.90 VND, and closed the hour at 2.90 VND with a trading volume of 51,000 shares."
2025-10-16 11:00:00,2.9,2.9,2.9,2.9,11900,SVN,"At 2025-10-16 11:00:00, the stock SVN opened at 2.90 VND, reached a high of 2.90 VND, a low of 2.90 VND, and closed the hour at 2.90 VND with a trading volume of 11,900 shares."
2025-10-16 13:00:00,2.9,2.9,2.8,2.9,13200,SVN,"At 2025-10-16 13:00:00, the stock SVN opened at 2.90 VND, reached a high of 2.90 VND, a low of 2.80 VND, and closed the hour at 2.90 VND with a trading volume of 13,200 shares."
2025-10-16 14:00:00,2.8,2.9,2.8,2.9,7700,SVN,"At 2025-10-16 14:00:00, the stock SVN opened at 2.80 VND, reached a high of 2.90 VND, a low of 2.80 VND, and closed the hour at 2.90 VND with a trading volume of 7,700 shares."
2025-10-17 09:00:00,2.9,2.9,2.8,2.8,8600,SVN,"At 2025-10-17 09:00:00, the stock SVN opened at 2.90 VND, reached a high of 2.90 VND, a low of 2.80 VND, and closed the hour at 2.80 VND with a trading volume of 8,600 shares."
2025-10-17 10:00:00,2.9,2.9,2.8,2.9,9600,SVN,"At 2025-10-17 10:00:00, the stock SVN opened at 2.90 VND, reached a high of 2.90 VND, a low of 2.80 VND, and closed the hour at 2.90 VND with a trading volume of 9,600 shares."
2025-10-17 11:00:00,2.8,2.8,2.8,2.8,8800,SVN,"At 2025-10-17 11:00:00, the stock SVN opened at 2.80 VND, reached a high of 2.80 VND, a low of 2.80 VND, and closed the hour at 2.80 VND with a trading volume of 8,800 shares."
2025-10-17 13:00:00,2.8,2.9,2.8,2.9,41900,SVN,"At 2025-10-17 13:00:00, the stock SVN opened at 2.80 VND, reached a high of 2.90 VND, a low of 2.80 VND, and closed the hour at 2.90 VND with a trading volume of 41,900 shares."
2025-10-17 14:00:00,2.9,2.9,2.8,2.8,28800,SVN,"At 2025-10-17 14:00:00, the stock SVN opened at 2.90 VND, reached a high of 2.90 VND, a low of 2.80 VND, and closed the hour at 2.80 VND with a trading volume of 28,800 shares."
2025-10-20 09:00:00,2.8,2.9,2.8,2.8,23000,SVN,"At 2025-10-20 09:00:00, the stock SVN opened at 2.80 VND, reached a high of 2.90 VND, a low of 2.80 VND, and closed the hour at 2.80 VND with a trading volume of 23,000 shares."
2025-10-20 10:00:00,2.8,2.9,2.8,2.9,180800,SVN,"At 2025-10-20 10:00:00, the stock SVN opened at 2.80 VND, reached a high of 2.90 VND, a low of 2.80 VND, and closed the hour at 2.90 VND with a trading volume of 180,800 shares."
2025-10-20 11:00:00,2.9,3.0,2.9,3.0,43900,SVN,"At 2025-10-20 11:00:00, the stock SVN opened at 2.90 VND, reached a high of 3.00 VND, a low of 2.90 VND, and closed the hour at 3.00 VND with a trading volume of 43,900 shares."
2025-10-20 13:00:00,3.0,3.0,3.0,3.0,135900,SVN,"At 2025-10-20 13:00:00, the stock SVN opened at 3.00 VND, reached a high of 3.00 VND, a low of 3.00 VND, and closed the hour at 3.00 VND with a trading volume of 135,900 shares."
2025-10-20 14:00:00,3.0,3.0,2.9,3.0,141500,SVN,"At 2025-10-20 14:00:00, the stock SVN opened at 3.00 VND, reached a high of 3.00 VND, a low of 2.90 VND, and closed the hour at 3.00 VND with a trading volume of 141,500 shares."
2025-10-21 09:00:00,3.1,3.1,2.9,2.9,46100,SVN,"At 2025-10-21 09:00:00, the stock SVN opened at 3.10 VND, reached a high of 3.10 VND, a low of 2.90 VND, and closed the hour at 2.90 VND with a trading volume of 46,100 shares."
2025-10-21 10:00:00,2.9,3.0,2.9,3.0,1700,SVN,"At 2025-10-21 10:00:00, the stock SVN opened at 2.90 VND, reached a high of 3.00 VND, a low of 2.90 VND, and closed the hour at 3.00 VND with a trading volume of 1,700 shares."
2025-10-21 11:00:00,2.9,2.9,2.9,2.9,12000,SVN,"At 2025-10-21 11:00:00, the stock SVN opened at 2.90 VND, reached a high of 2.90 VND, a low of 2.90 VND, and closed the hour at 2.90 VND with a trading volume of 12,000 shares."
2025-10-21 13:00:00,2.8,2.9,2.8,2.9,16700,SVN,"At 2025-10-21 13:00:00, the stock SVN opened at 2.80 VND, reached a high of 2.90 VND, a low of 2.80 VND, and closed the hour at 2.90 VND with a trading volume of 16,700 shares."
2025-10-21 14:00:00,2.9,2.9,2.9,2.9,27000,SVN,"At 2025-10-21 14:00:00, the stock SVN opened at 2.90 VND, reached a high of 2.90 VND, a low of 2.90 VND, and closed the hour at 2.90 VND with a trading volume of 27,000 shares."
2025-10-22 09:00:00,2.9,2.9,2.9,2.9,23700,SVN,"At 2025-10-22 09:00:00, the stock SVN opened at 2.90 VND, reached a high of 2.90 VND, a low of 2.90 VND, and closed the hour at 2.90 VND with a trading volume of 23,700 shares."
2025-10-22 10:00:00,2.9,3.0,2.8,2.9,6000,SVN,"At 2025-10-22 10:00:00, the stock SVN opened at 2.90 VND, reached a high of 3.00 VND, a low of 2.80 VND, and closed the hour at 2.90 VND with a trading volume of 6,000 shares."
2025-10-22 11:00:00,2.9,2.9,2.9,2.9,400,SVN,"At 2025-10-22 11:00:00, the stock SVN opened at 2.90 VND, reached a high of 2.90 VND, a low of 2.90 VND, and closed the hour at 2.90 VND with a trading volume of 400 shares."
2025-10-22 13:00:00,2.9,3.0,2.8,2.9,27000,SVN,"At 2025-10-22 13:00:00, the stock SVN opened at 2.90 VND, reached a high of 3.00 VND, a low of 2.80 VND, and closed the hour at 2.90 VND with a trading volume of 27,000 shares."
2025-10-22 14:00:00,2.9,2.9,2.8,2.9,7000,SVN,"At 2025-10-22 14:00:00, the stock SVN opened at 2.90 VND, reached a high of 2.90 VND, a low of 2.80 VND, and closed the hour at 2.90 VND with a trading volume of 7,000 shares."
2025-10-23 09:00:00,2.9,3.0,2.8,2.9,32800,SVN,"At 2025-10-23 09:00:00, the stock SVN opened at 2.90 VND, reached a high of 3.00 VND, a low of 2.80 VND, and closed the hour at 2.90 VND with a trading volume of 32,800 shares."
2025-10-23 10:00:00,2.9,3.0,2.9,3.0,19600,SVN,"At 2025-10-23 10:00:00, the stock SVN opened at 2.90 VND, reached a high of 3.00 VND, a low of 2.90 VND, and closed the hour at 3.00 VND with a trading volume of 19,600 shares."
2025-10-23 11:00:00,2.9,2.9,2.9,2.9,3600,SVN,"At 2025-10-23 11:00:00, the stock SVN opened at 2.90 VND, reached a high of 2.90 VND, a low of 2.90 VND, and closed the hour at 2.90 VND with a trading volume of 3,600 shares."
2025-10-23 13:00:00,2.9,3.0,2.9,2.9,23900,SVN,"At 2025-10-23 13:00:00, the stock SVN opened at 2.90 VND, reached a high of 3.00 VND, a low of 2.90 VND, and closed the hour at 2.90 VND with a trading volume of 23,900 shares."
2025-10-23 14:00:00,2.9,2.9,2.9,2.9,10700,SVN,"At 2025-10-23 14:00:00, the stock SVN opened at 2.90 VND, reached a high of 2.90 VND, a low of 2.90 VND, and closed the hour at 2.90 VND with a trading volume of 10,700 shares."
2025-10-24 09:00:00,2.9,3.0,2.9,2.9,24000,SVN,"At 2025-10-24 09:00:00, the stock SVN opened at 2.90 VND, reached a high of 3.00 VND, a low of 2.90 VND, and closed the hour at 2.90 VND with a trading volume of 24,000 shares."
2025-10-24 10:00:00,2.8,2.8,2.8,2.8,22800,SVN,"At 2025-10-24 10:00:00, the stock SVN opened at 2.80 VND, reached a high of 2.80 VND, a low of 2.80 VND, and closed the hour at 2.80 VND with a trading volume of 22,800 shares."
2025-10-24 11:00:00,2.8,2.8,2.8,2.8,10600,SVN,"At 2025-10-24 11:00:00, the stock SVN opened at 2.80 VND, reached a high of 2.80 VND, a low of 2.80 VND, and closed the hour at 2.80 VND with a trading volume of 10,600 shares."
2025-10-24 13:00:00,2.9,2.9,2.9,2.9,5200,SVN,"At 2025-10-24 13:00:00, the stock SVN opened at 2.90 VND, reached a high of 2.90 VND, a low of 2.90 VND, and closed the hour at 2.90 VND with a trading volume of 5,200 shares."
2025-10-24 14:00:00,2.9,2.9,2.8,2.9,20100,SVN,"At 2025-10-24 14:00:00, the stock SVN opened at 2.90 VND, reached a high of 2.90 VND, a low of 2.80 VND, and closed the hour at 2.90 VND with a trading volume of 20,100 shares."
2025-10-27 09:00:00,2.9,2.9,2.8,2.8,5200,SVN,"At 2025-10-27 09:00:00, the stock SVN opened at 2.90 VND, reached a high of 2.90 VND, a low of 2.80 VND, and closed the hour at 2.80 VND with a trading volume of 5,200 shares."
2025-10-27 10:00:00,2.8,2.8,2.8,2.8,164600,SVN,"At 2025-10-27 10:00:00, the stock SVN opened at 2.80 VND, reached a high of 2.80 VND, a low of 2.80 VND, and closed the hour at 2.80 VND with a trading volume of 164,600 shares."
2025-10-27 11:00:00,2.9,2.9,2.9,2.9,100,SVN,"At 2025-10-27 11:00:00, the stock SVN opened at 2.90 VND, reached a high of 2.90 VND, a low of 2.90 VND, and closed the hour at 2.90 VND with a trading volume of 100 shares."
2025-10-27 13:00:00,2.8,2.9,2.8,2.9,16200,SVN,"At 2025-10-27 13:00:00, the stock SVN opened at 2.80 VND, reached a high of 2.90 VND, a low of 2.80 VND, and closed the hour at 2.90 VND with a trading volume of 16,200 shares."
2025-10-27 14:00:00,2.8,2.9,2.8,2.8,63300,SVN,"At 2025-10-27 14:00:00, the stock SVN opened at 2.80 VND, reached a high of 2.90 VND, a low of 2.80 VND, and closed the hour at 2.80 VND with a trading volume of 63,300 shares."
2025-10-28 09:00:00,2.9,2.9,2.7,2.7,41300,SVN,"At 2025-10-28 09:00:00, the stock SVN opened at 2.90 VND, reached a high of 2.90 VND, a low of 2.70 VND, and closed the hour at 2.70 VND with a trading volume of 41,300 shares."
2025-10-28 10:00:00,2.8,2.8,2.8,2.8,23000,SVN,"At 2025-10-28 10:00:00, the stock SVN opened at 2.80 VND, reached a high of 2.80 VND, a low of 2.80 VND, and closed the hour at 2.80 VND with a trading volume of 23,000 shares."
2025-10-28 13:00:00,2.8,2.8,2.7,2.8,58200,SVN,"At 2025-10-28 13:00:00, the stock SVN opened at 2.80 VND, reached a high of 2.80 VND, a low of 2.70 VND, and closed the hour at 2.80 VND with a trading volume of 58,200 shares."
2025-10-28 14:00:00,2.8,2.8,2.7,2.8,29600,SVN,"At 2025-10-28 14:00:00, the stock SVN opened at 2.80 VND, reached a high of 2.80 VND, a low of 2.70 VND, and closed the hour at 2.80 VND with a trading volume of 29,600 shares."
2025-10-29 09:00:00,2.8,2.9,2.7,2.8,95600,SVN,"At 2025-10-29 09:00:00, the stock SVN opened at 2.80 VND, reached a high of 2.90 VND, a low of 2.70 VND, and closed the hour at 2.80 VND with a trading volume of 95,600 shares."
2025-10-29 10:00:00,2.8,2.8,2.8,2.8,13000,SVN,"At 2025-10-29 10:00:00, the stock SVN opened at 2.80 VND, reached a high of 2.80 VND, a low of 2.80 VND, and closed the hour at 2.80 VND with a trading volume of 13,000 shares."
2025-10-29 11:00:00,2.8,2.8,2.8,2.8,6000,SVN,"At 2025-10-29 11:00:00, the stock SVN opened at 2.80 VND, reached a high of 2.80 VND, a low of 2.80 VND, and closed the hour at 2.80 VND with a trading volume of 6,000 shares."
2025-10-29 13:00:00,2.8,2.8,2.8,2.8,18000,SVN,"At 2025-10-29 13:00:00, the stock SVN opened at 2.80 VND, reached a high of 2.80 VND, a low of 2.80 VND, and closed the hour at 2.80 VND with a trading volume of 18,000 shares."
2025-10-29 14:00:00,2.8,2.9,2.8,2.9,9100,SVN,"At 2025-10-29 14:00:00, the stock SVN opened at 2.80 VND, reached a high of 2.90 VND, a low of 2.80 VND, and closed the hour at 2.90 VND with a trading volume of 9,100 shares."
2025-10-30 09:00:00,2.9,2.9,2.9,2.9,5500,SVN,"At 2025-10-30 09:00:00, the stock SVN opened at 2.90 VND, reached a high of 2.90 VND, a low of 2.90 VND, and closed the hour at 2.90 VND with a trading volume of 5,500 shares."
2025-10-30 10:00:00,2.8,2.9,2.8,2.9,700,SVN,"At 2025-10-30 10:00:00, the stock SVN opened at 2.80 VND, reached a high of 2.90 VND, a low of 2.80 VND, and closed the hour at 2.90 VND with a trading volume of 700 shares."
2025-10-30 11:00:00,2.8,2.8,2.8,2.8,13000,SVN,"At 2025-10-30 11:00:00, the stock SVN opened at 2.80 VND, reached a high of 2.80 VND, a low of 2.80 VND, and closed the hour at 2.80 VND with a trading volume of 13,000 shares."
2025-10-30 13:00:00,2.8,2.9,2.8,2.9,14100,SVN,"At 2025-10-30 13:00:00, the stock SVN opened at 2.80 VND, reached a high of 2.90 VND, a low of 2.80 VND, and closed the hour at 2.90 VND with a trading volume of 14,100 shares."
2025-10-30 14:00:00,2.9,2.9,2.8,2.8,8600,SVN,"At 2025-10-30 14:00:00, the stock SVN opened at 2.90 VND, reached a high of 2.90 VND, a low of 2.80 VND, and closed the hour at 2.80 VND with a trading volume of 8,600 shares."
2025-10-31 09:00:00,2.8,2.9,2.8,2.9,43100,SVN,"At 2025-10-31 09:00:00, the stock SVN opened at 2.80 VND, reached a high of 2.90 VND, a low of 2.80 VND, and closed the hour at 2.90 VND with a trading volume of 43,100 shares."
2025-10-31 10:00:00,2.9,3.0,2.8,3.0,199400,SVN,"At 2025-10-31 10:00:00, the stock SVN opened at 2.90 VND, reached a high of 3.00 VND, a low of 2.80 VND, and closed the hour at 3.00 VND with a trading volume of 199,400 shares."
2025-10-31 11:00:00,3.0,3.0,2.9,2.9,12000,SVN,"At 2025-10-31 11:00:00, the stock SVN opened at 3.00 VND, reached a high of 3.00 VND, a low of 2.90 VND, and closed the hour at 2.90 VND with a trading volume of 12,000 shares."
2025-10-31 13:00:00,2.9,3.0,2.9,2.9,18300,SVN,"At 2025-10-31 13:00:00, the stock SVN opened at 2.90 VND, reached a high of 3.00 VND, a low of 2.90 VND, and closed the hour at 2.90 VND with a trading volume of 18,300 shares."
2025-10-31 14:00:00,2.9,3.0,2.9,2.9,314000,SVN,"At 2025-10-31 14:00:00, the stock SVN opened at 2.90 VND, reached a high of 3.00 VND, a low of 2.90 VND, and closed the hour at 2.90 VND with a trading volume of 314,000 shares."
2025-11-03 09:00:00,3.0,3.1,2.9,3.0,50600,SVN,"At 2025-11-03 09:00:00, the stock SVN opened at 3.00 VND, reached a high of 3.10 VND, a low of 2.90 VND, and closed the hour at 3.00 VND with a trading volume of 50,600 shares."
2025-11-03 10:00:00,3.0,3.0,3.0,3.0,115600,SVN,"At 2025-11-03 10:00:00, the stock SVN opened at 3.00 VND, reached a high of 3.00 VND, a low of 3.00 VND, and closed the hour at 3.00 VND with a trading volume of 115,600 shares."
2025-11-03 13:00:00,3.1,3.1,2.9,3.0,58000,SVN,"At 2025-11-03 13:00:00, the stock SVN opened at 3.10 VND, reached a high of 3.10 VND, a low of 2.90 VND, and closed the hour at 3.00 VND with a trading volume of 58,000 shares."
2025-11-03 14:00:00,3.0,3.0,3.0,3.0,71100,SVN,"At 2025-11-03 14:00:00, the stock SVN opened at 3.00 VND, reached a high of 3.00 VND, a low of 3.00 VND, and closed the hour at 3.00 VND with a trading volume of 71,100 shares."
2025-11-04 09:00:00,3.0,3.0,2.9,2.9,13200,SVN,"At 2025-11-04 09:00:00, the stock SVN opened at 3.00 VND, reached a high of 3.00 VND, a low of 2.90 VND, and closed the hour at 2.90 VND with a trading volume of 13,200 shares."
2025-11-04 10:00:00,3.0,3.0,3.0,3.0,600,SVN,"At 2025-11-04 10:00:00, the stock SVN opened at 3.00 VND, reached a high of 3.00 VND, a low of 3.00 VND, and closed the hour at 3.00 VND with a trading volume of 600 shares."
2025-11-04 13:00:00,2.9,2.9,2.9,2.9,99500,SVN,"At 2025-11-04 13:00:00, the stock SVN opened at 2.90 VND, reached a high of 2.90 VND, a low of 2.90 VND, and closed the hour at 2.90 VND with a trading volume of 99,500 shares."
2025-11-04 14:00:00,2.9,3.0,2.9,3.0,11900,SVN,"At 2025-11-04 14:00:00, the stock SVN opened at 2.90 VND, reached a high of 3.00 VND, a low of 2.90 VND, and closed the hour at 3.00 VND with a trading volume of 11,900 shares."
2025-11-05 09:00:00,3.0,3.0,3.0,3.0,200,SVN,"At 2025-11-05 09:00:00, the stock SVN opened at 3.00 VND, reached a high of 3.00 VND, a low of 3.00 VND, and closed the hour at 3.00 VND with a trading volume of 200 shares."
2025-11-05 10:00:00,2.9,3.0,2.9,3.0,8900,SVN,"At 2025-11-05 10:00:00, the stock SVN opened at 2.90 VND, reached a high of 3.00 VND, a low of 2.90 VND, and closed the hour at 3.00 VND with a trading volume of 8,900 shares."
2025-11-05 11:00:00,2.9,2.9,2.8,2.8,13500,SVN,"At 2025-11-05 11:00:00, the stock SVN opened at 2.90 VND, reached a high of 2.90 VND, a low of 2.80 VND, and closed the hour at 2.80 VND with a trading volume of 13,500 shares."
2025-11-05 13:00:00,2.9,2.9,2.8,2.9,7100,SVN,"At 2025-11-05 13:00:00, the stock SVN opened at 2.90 VND, reached a high of 2.90 VND, a low of 2.80 VND, and closed the hour at 2.90 VND with a trading volume of 7,100 shares."
2025-11-05 14:00:00,2.8,2.9,2.8,2.9,5700,SVN,"At 2025-11-05 14:00:00, the stock SVN opened at 2.80 VND, reached a high of 2.90 VND, a low of 2.80 VND, and closed the hour at 2.90 VND with a trading volume of 5,700 shares."
2025-11-06 09:00:00,2.9,2.9,2.8,2.9,5400,SVN,"At 2025-11-06 09:00:00, the stock SVN opened at 2.90 VND, reached a high of 2.90 VND, a low of 2.80 VND, and closed the hour at 2.90 VND with a trading volume of 5,400 shares."
2025-11-06 10:00:00,2.8,2.9,2.8,2.9,9800,SVN,"At 2025-11-06 10:00:00, the stock SVN opened at 2.80 VND, reached a high of 2.90 VND, a low of 2.80 VND, and closed the hour at 2.90 VND with a trading volume of 9,800 shares."
2025-11-06 13:00:00,2.8,2.9,2.8,2.8,25400,SVN,"At 2025-11-06 13:00:00, the stock SVN opened at 2.80 VND, reached a high of 2.90 VND, a low of 2.80 VND, and closed the hour at 2.80 VND with a trading volume of 25,400 shares."
2025-11-06 14:00:00,2.8,2.9,2.8,2.9,6200,SVN,"At 2025-11-06 14:00:00, the stock SVN opened at 2.80 VND, reached a high of 2.90 VND, a low of 2.80 VND, and closed the hour at 2.90 VND with a trading volume of 6,200 shares."
2025-11-07 09:00:00,2.8,2.9,2.8,2.8,156000,SVN,"At 2025-11-07 09:00:00, the stock SVN opened at 2.80 VND, reached a high of 2.90 VND, a low of 2.80 VND, and closed the hour at 2.80 VND with a trading volume of 156,000 shares."
2025-11-07 10:00:00,2.8,2.9,2.8,2.8,23100,SVN,"At 2025-11-07 10:00:00, the stock SVN opened at 2.80 VND, reached a high of 2.90 VND, a low of 2.80 VND, and closed the hour at 2.80 VND with a trading volume of 23,100 shares."
2025-11-07 13:00:00,2.8,2.9,2.8,2.8,10900,SVN,"At 2025-11-07 13:00:00, the stock SVN opened at 2.80 VND, reached a high of 2.90 VND, a low of 2.80 VND, and closed the hour at 2.80 VND with a trading volume of 10,900 shares."
2025-11-07 14:00:00,2.8,2.9,2.8,2.8,12000,SVN,"At 2025-11-07 14:00:00, the stock SVN opened at 2.80 VND, reached a high of 2.90 VND, a low of 2.80 VND, and closed the hour at 2.80 VND with a trading volume of 12,000 shares."
2025-11-10 09:00:00,2.9,2.9,2.9,2.9,800,SVN,"At 2025-11-10 09:00:00, the stock SVN opened at 2.90 VND, reached a high of 2.90 VND, a low of 2.90 VND, and closed the hour at 2.90 VND with a trading volume of 800 shares."
2025-11-10 10:00:00,2.9,2.9,2.9,2.9,200,SVN,"At 2025-11-10 10:00:00, the stock SVN opened at 2.90 VND, reached a high of 2.90 VND, a low of 2.90 VND, and closed the hour at 2.90 VND with a trading volume of 200 shares."
2025-11-10 11:00:00,2.9,2.9,2.9,2.9,200,SVN,"At 2025-11-10 11:00:00, the stock SVN opened at 2.90 VND, reached a high of 2.90 VND, a low of 2.90 VND, and closed the hour at 2.90 VND with a trading volume of 200 shares."
2025-11-10 13:00:00,2.8,2.8,2.8,2.8,6000,SVN,"At 2025-11-10 13:00:00, the stock SVN opened at 2.80 VND, reached a high of 2.80 VND, a low of 2.80 VND, and closed the hour at 2.80 VND with a trading volume of 6,000 shares."
2025-11-10 14:00:00,2.8,2.8,2.8,2.8,67200,SVN,"At 2025-11-10 14:00:00, the stock SVN opened at 2.80 VND, reached a high of 2.80 VND, a low of 2.80 VND, and closed the hour at 2.80 VND with a trading volume of 67,200 shares."
2025-11-11 09:00:00,2.8,2.9,2.7,2.8,29200,SVN,"At 2025-11-11 09:00:00, the stock SVN opened at 2.80 VND, reached a high of 2.90 VND, a low of 2.70 VND, and closed the hour at 2.80 VND with a trading volume of 29,200 shares."
2025-11-11 10:00:00,2.8,2.9,2.8,2.9,1100,SVN,"At 2025-11-11 10:00:00, the stock SVN opened at 2.80 VND, reached a high of 2.90 VND, a low of 2.80 VND, and closed the hour at 2.90 VND with a trading volume of 1,100 shares."
2025-11-11 13:00:00,2.8,2.8,2.8,2.8,13200,SVN,"At 2025-11-11 13:00:00, the stock SVN opened at 2.80 VND, reached a high of 2.80 VND, a low of 2.80 VND, and closed the hour at 2.80 VND with a trading volume of 13,200 shares."
2025-11-11 14:00:00,2.8,2.9,2.8,2.9,28600,SVN,"At 2025-11-11 14:00:00, the stock SVN opened at 2.80 VND, reached a high of 2.90 VND, a low of 2.80 VND, and closed the hour at 2.90 VND with a trading volume of 28,600 shares."
2025-11-12 09:00:00,2.9,2.9,2.9,2.9,100,SVN,"At 2025-11-12 09:00:00, the stock SVN opened at 2.90 VND, reached a high of 2.90 VND, a low of 2.90 VND, and closed the hour at 2.90 VND with a trading volume of 100 shares."
2025-11-12 10:00:00,2.9,2.9,2.7,2.8,135600,SVN,"At 2025-11-12 10:00:00, the stock SVN opened at 2.90 VND, reached a high of 2.90 VND, a low of 2.70 VND, and closed the hour at 2.80 VND with a trading volume of 135,600 shares."
2025-11-12 11:00:00,2.7,2.8,2.7,2.8,32700,SVN,"At 2025-11-12 11:00:00, the stock SVN opened at 2.70 VND, reached a high of 2.80 VND, a low of 2.70 VND, and closed the hour at 2.80 VND with a trading volume of 32,700 shares."
2025-11-12 13:00:00,2.8,2.9,2.8,2.9,63000,SVN,"At 2025-11-12 13:00:00, the stock SVN opened at 2.80 VND, reached a high of 2.90 VND, a low of 2.80 VND, and closed the hour at 2.90 VND with a trading volume of 63,000 shares."
2025-11-12 14:00:00,2.8,2.8,2.8,2.8,57800,SVN,"At 2025-11-12 14:00:00, the stock SVN opened at 2.80 VND, reached a high of 2.80 VND, a low of 2.80 VND, and closed the hour at 2.80 VND with a trading volume of 57,800 shares."
2025-11-13 09:00:00,2.8,2.9,2.7,2.8,12000,SVN,"At 2025-11-13 09:00:00, the stock SVN opened at 2.80 VND, reached a high of 2.90 VND, a low of 2.70 VND, and closed the hour at 2.80 VND with a trading volume of 12,000 shares."
2025-11-13 10:00:00,2.9,2.9,2.9,2.9,100,SVN,"At 2025-11-13 10:00:00, the stock SVN opened at 2.90 VND, reached a high of 2.90 VND, a low of 2.90 VND, and closed the hour at 2.90 VND with a trading volume of 100 shares."
2025-11-13 13:00:00,2.8,2.8,2.8,2.8,8700,SVN,"At 2025-11-13 13:00:00, the stock SVN opened at 2.80 VND, reached a high of 2.80 VND, a low of 2.80 VND, and closed the hour at 2.80 VND with a trading volume of 8,700 shares."
2025-11-13 14:00:00,2.8,2.8,2.8,2.8,14400,SVN,"At 2025-11-13 14:00:00, the stock SVN opened at 2.80 VND, reached a high of 2.80 VND, a low of 2.80 VND, and closed the hour at 2.80 VND with a trading volume of 14,400 shares."
2025-11-14 09:00:00,2.9,2.9,2.8,2.8,1200,SVN,"At 2025-11-14 09:00:00, the stock SVN opened at 2.90 VND, reached a high of 2.90 VND, a low of 2.80 VND, and closed the hour at 2.80 VND with a trading volume of 1,200 shares."
2025-11-14 10:00:00,2.8,2.8,2.8,2.8,1000,SVN,"At 2025-11-14 10:00:00, the stock SVN opened at 2.80 VND, reached a high of 2.80 VND, a low of 2.80 VND, and closed the hour at 2.80 VND with a trading volume of 1,000 shares."
2025-11-14 11:00:00,2.8,2.8,2.8,2.8,100,SVN,"At 2025-11-14 11:00:00, the stock SVN opened at 2.80 VND, reached a high of 2.80 VND, a low of 2.80 VND, and closed the hour at 2.80 VND with a trading volume of 100 shares."
2025-11-14 13:00:00,2.8,2.8,2.7,2.7,11100,SVN,"At 2025-11-14 13:00:00, the stock SVN opened at 2.80 VND, reached a high of 2.80 VND, a low of 2.70 VND, and closed the hour at 2.70 VND with a trading volume of 11,100 shares."
2025-11-14 14:00:00,2.7,2.8,2.7,2.7,15900,SVN,"At 2025-11-14 14:00:00, the stock SVN opened at 2.70 VND, reached a high of 2.80 VND, a low of 2.70 VND, and closed the hour at 2.70 VND with a trading volume of 15,900 shares."
2025-11-17 09:00:00,2.7,2.8,2.7,2.8,47000,SVN,"At 2025-11-17 09:00:00, the stock SVN opened at 2.70 VND, reached a high of 2.80 VND, a low of 2.70 VND, and closed the hour at 2.80 VND with a trading volume of 47,000 shares."
2025-11-17 10:00:00,2.8,2.8,2.7,2.7,10000,SVN,"At 2025-11-17 10:00:00, the stock SVN opened at 2.80 VND, reached a high of 2.80 VND, a low of 2.70 VND, and closed the hour at 2.70 VND with a trading volume of 10,000 shares."
2025-11-17 11:00:00,2.7,2.7,2.7,2.7,2000,SVN,"At 2025-11-17 11:00:00, the stock SVN opened at 2.70 VND, reached a high of 2.70 VND, a low of 2.70 VND, and closed the hour at 2.70 VND with a trading volume of 2,000 shares."
2025-11-17 13:00:00,2.8,2.8,2.8,2.8,37000,SVN,"At 2025-11-17 13:00:00, the stock SVN opened at 2.80 VND, reached a high of 2.80 VND, a low of 2.80 VND, and closed the hour at 2.80 VND with a trading volume of 37,000 shares."
2025-11-17 14:00:00,2.8,2.9,2.8,2.8,19900,SVN,"At 2025-11-17 14:00:00, the stock SVN opened at 2.80 VND, reached a high of 2.90 VND, a low of 2.80 VND, and closed the hour at 2.80 VND with a trading volume of 19,900 shares."
2025-11-18 09:00:00,2.9,2.9,2.8,2.8,78800,SVN,"At 2025-11-18 09:00:00, the stock SVN opened at 2.90 VND, reached a high of 2.90 VND, a low of 2.80 VND, and closed the hour at 2.80 VND with a trading volume of 78,800 shares."
2025-11-18 11:00:00,2.8,2.9,2.8,2.9,20600,SVN,"At 2025-11-18 11:00:00, the stock SVN opened at 2.80 VND, reached a high of 2.90 VND, a low of 2.80 VND, and closed the hour at 2.90 VND with a trading volume of 20,600 shares."
2025-11-18 13:00:00,2.8,2.8,2.8,2.8,26000,SVN,"At 2025-11-18 13:00:00, the stock SVN opened at 2.80 VND, reached a high of 2.80 VND, a low of 2.80 VND, and closed the hour at 2.80 VND with a trading volume of 26,000 shares."
2025-11-18 14:00:00,2.8,2.8,2.8,2.8,1600,SVN,"At 2025-11-18 14:00:00, the stock SVN opened at 2.80 VND, reached a high of 2.80 VND, a low of 2.80 VND, and closed the hour at 2.80 VND with a trading volume of 1,600 shares."
2025-11-19 09:00:00,2.8,2.9,2.8,2.8,7800,SVN,"At 2025-11-19 09:00:00, the stock SVN opened at 2.80 VND, reached a high of 2.90 VND, a low of 2.80 VND, and closed the hour at 2.80 VND with a trading volume of 7,800 shares."
2025-11-19 10:00:00,2.8,2.8,2.8,2.8,7700,SVN,"At 2025-11-19 10:00:00, the stock SVN opened at 2.80 VND, reached a high of 2.80 VND, a low of 2.80 VND, and closed the hour at 2.80 VND with a trading volume of 7,700 shares."
2025-11-19 11:00:00,2.8,2.8,2.8,2.8,5000,SVN,"At 2025-11-19 11:00:00, the stock SVN opened at 2.80 VND, reached a high of 2.80 VND, a low of 2.80 VND, and closed the hour at 2.80 VND with a trading volume of 5,000 shares."
2025-11-19 13:00:00,2.8,2.8,2.8,2.8,14600,SVN,"At 2025-11-19 13:00:00, the stock SVN opened at 2.80 VND, reached a high of 2.80 VND, a low of 2.80 VND, and closed the hour at 2.80 VND with a trading volume of 14,600 shares."
2025-11-19 14:00:00,2.8,2.9,2.8,2.9,18500,SVN,"At 2025-11-19 14:00:00, the stock SVN opened at 2.80 VND, reached a high of 2.90 VND, a low of 2.80 VND, and closed the hour at 2.90 VND with a trading volume of 18,500 shares."
2025-11-20 09:00:00,2.8,2.9,2.7,2.8,38500,SVN,"At 2025-11-20 09:00:00, the stock SVN opened at 2.80 VND, reached a high of 2.90 VND, a low of 2.70 VND, and closed the hour at 2.80 VND with a trading volume of 38,500 shares."
2025-11-20 10:00:00,2.8,2.8,2.8,2.8,14700,SVN,"At 2025-11-20 10:00:00, the stock SVN opened at 2.80 VND, reached a high of 2.80 VND, a low of 2.80 VND, and closed the hour at 2.80 VND with a trading volume of 14,700 shares."
2025-11-20 11:00:00,2.8,2.8,2.8,2.8,2000,SVN,"At 2025-11-20 11:00:00, the stock SVN opened at 2.80 VND, reached a high of 2.80 VND, a low of 2.80 VND, and closed the hour at 2.80 VND with a trading volume of 2,000 shares."
2025-11-20 13:00:00,2.8,2.9,2.8,2.9,17300,SVN,"At 2025-11-20 13:00:00, the stock SVN opened at 2.80 VND, reached a high of 2.90 VND, a low of 2.80 VND, and closed the hour at 2.90 VND with a trading volume of 17,300 shares."
2025-11-20 14:00:00,2.9,2.9,2.9,2.9,800,SVN,"At 2025-11-20 14:00:00, the stock SVN opened at 2.90 VND, reached a high of 2.90 VND, a low of 2.90 VND, and closed the hour at 2.90 VND with a trading volume of 800 shares."
2025-11-21 09:00:00,2.8,2.9,2.8,2.8,85100,SVN,"At 2025-11-21 09:00:00, the stock SVN opened at 2.80 VND, reached a high of 2.90 VND, a low of 2.80 VND, and closed the hour at 2.80 VND with a trading volume of 85,100 shares."
2025-11-21 10:00:00,2.8,2.8,2.8,2.8,62400,SVN,"At 2025-11-21 10:00:00, the stock SVN opened at 2.80 VND, reached a high of 2.80 VND, a low of 2.80 VND, and closed the hour at 2.80 VND with a trading volume of 62,400 shares."
2025-11-21 11:00:00,2.8,2.8,2.8,2.8,3300,SVN,"At 2025-11-21 11:00:00, the stock SVN opened at 2.80 VND, reached a high of 2.80 VND, a low of 2.80 VND, and closed the hour at 2.80 VND with a trading volume of 3,300 shares."
2025-11-21 13:00:00,2.8,2.8,2.8,2.8,5200,SVN,"At 2025-11-21 13:00:00, the stock SVN opened at 2.80 VND, reached a high of 2.80 VND, a low of 2.80 VND, and closed the hour at 2.80 VND with a trading volume of 5,200 shares."
2025-11-21 14:00:00,2.8,2.9,2.8,2.9,21400,SVN,"At 2025-11-21 14:00:00, the stock SVN opened at 2.80 VND, reached a high of 2.90 VND, a low of 2.80 VND, and closed the hour at 2.90 VND with a trading volume of 21,400 shares."
2025-11-24 09:00:00,2.8,2.8,2.8,2.8,26400,SVN,"At 2025-11-24 09:00:00, the stock SVN opened at 2.80 VND, reached a high of 2.80 VND, a low of 2.80 VND, and closed the hour at 2.80 VND with a trading volume of 26,400 shares."
2025-11-24 10:00:00,2.8,2.8,2.8,2.8,8900,SVN,"At 2025-11-24 10:00:00, the stock SVN opened at 2.80 VND, reached a high of 2.80 VND, a low of 2.80 VND, and closed the hour at 2.80 VND with a trading volume of 8,900 shares."
2025-11-24 11:00:00,2.8,2.8,2.8,2.8,6300,SVN,"At 2025-11-24 11:00:00, the stock SVN opened at 2.80 VND, reached a high of 2.80 VND, a low of 2.80 VND, and closed the hour at 2.80 VND with a trading volume of 6,300 shares."
2025-11-24 13:00:00,2.8,2.8,2.7,2.8,50800,SVN,"At 2025-11-24 13:00:00, the stock SVN opened at 2.80 VND, reached a high of 2.80 VND, a low of 2.70 VND, and closed the hour at 2.80 VND with a trading volume of 50,800 shares."
2025-11-24 14:00:00,2.8,2.9,2.8,2.8,23500,SVN,"At 2025-11-24 14:00:00, the stock SVN opened at 2.80 VND, reached a high of 2.90 VND, a low of 2.80 VND, and closed the hour at 2.80 VND with a trading volume of 23,500 shares."
2025-11-25 09:00:00,2.8,2.9,2.8,2.9,3300,SVN,"At 2025-11-25 09:00:00, the stock SVN opened at 2.80 VND, reached a high of 2.90 VND, a low of 2.80 VND, and closed the hour at 2.90 VND with a trading volume of 3,300 shares."
2025-11-25 10:00:00,2.8,2.8,2.8,2.8,6600,SVN,"At 2025-11-25 10:00:00, the stock SVN opened at 2.80 VND, reached a high of 2.80 VND, a low of 2.80 VND, and closed the hour at 2.80 VND with a trading volume of 6,600 shares."
2025-11-25 11:00:00,2.8,2.8,2.7,2.8,7200,SVN,"At 2025-11-25 11:00:00, the stock SVN opened at 2.80 VND, reached a high of 2.80 VND, a low of 2.70 VND, and closed the hour at 2.80 VND with a trading volume of 7,200 shares."
2025-11-25 13:00:00,2.8,2.8,2.8,2.8,11300,SVN,"At 2025-11-25 13:00:00, the stock SVN opened at 2.80 VND, reached a high of 2.80 VND, a low of 2.80 VND, and closed the hour at 2.80 VND with a trading volume of 11,300 shares."
2025-11-25 14:00:00,2.8,2.8,2.8,2.8,30300,SVN,"At 2025-11-25 14:00:00, the stock SVN opened at 2.80 VND, reached a high of 2.80 VND, a low of 2.80 VND, and closed the hour at 2.80 VND with a trading volume of 30,300 shares."
2025-11-26 09:00:00,2.9,2.9,2.9,2.9,100,SVN,"At 2025-11-26 09:00:00, the stock SVN opened at 2.90 VND, reached a high of 2.90 VND, a low of 2.90 VND, and closed the hour at 2.90 VND with a trading volume of 100 shares."
2025-11-26 10:00:00,2.9,2.9,2.8,2.9,17600,SVN,"At 2025-11-26 10:00:00, the stock SVN opened at 2.90 VND, reached a high of 2.90 VND, a low of 2.80 VND, and closed the hour at 2.90 VND with a trading volume of 17,600 shares."
2025-11-26 11:00:00,2.8,2.8,2.8,2.8,2000,SVN,"At 2025-11-26 11:00:00, the stock SVN opened at 2.80 VND, reached a high of 2.80 VND, a low of 2.80 VND, and closed the hour at 2.80 VND with a trading volume of 2,000 shares."
2025-11-26 13:00:00,2.8,2.8,2.8,2.8,5800,SVN,"At 2025-11-26 13:00:00, the stock SVN opened at 2.80 VND, reached a high of 2.80 VND, a low of 2.80 VND, and closed the hour at 2.80 VND with a trading volume of 5,800 shares."
2025-11-26 14:00:00,2.9,2.9,2.8,2.8,7400,SVN,"At 2025-11-26 14:00:00, the stock SVN opened at 2.90 VND, reached a high of 2.90 VND, a low of 2.80 VND, and closed the hour at 2.80 VND with a trading volume of 7,400 shares."
2025-11-27 09:00:00,2.8,2.9,2.8,2.8,6800,SVN,"At 2025-11-27 09:00:00, the stock SVN opened at 2.80 VND, reached a high of 2.90 VND, a low of 2.80 VND, and closed the hour at 2.80 VND with a trading volume of 6,800 shares."
2025-11-27 13:00:00,2.8,2.8,2.8,2.8,7100,SVN,"At 2025-11-27 13:00:00, the stock SVN opened at 2.80 VND, reached a high of 2.80 VND, a low of 2.80 VND, and closed the hour at 2.80 VND with a trading volume of 7,100 shares."
2025-11-27 14:00:00,2.8,2.8,2.8,2.8,23200,SVN,"At 2025-11-27 14:00:00, the stock SVN opened at 2.80 VND, reached a high of 2.80 VND, a low of 2.80 VND, and closed the hour at 2.80 VND with a trading volume of 23,200 shares."
2025-11-28 09:00:00,2.9,2.9,2.8,2.8,12300,SVN,"At 2025-11-28 09:00:00, the stock SVN opened at 2.90 VND, reached a high of 2.90 VND, a low of 2.80 VND, and closed the hour at 2.80 VND with a trading volume of 12,300 shares."
2025-11-28 10:00:00,2.8,2.8,2.8,2.8,26000,SVN,"At 2025-11-28 10:00:00, the stock SVN opened at 2.80 VND, reached a high of 2.80 VND, a low of 2.80 VND, and closed the hour at 2.80 VND with a trading volume of 26,000 shares."
2025-11-28 11:00:00,2.8,2.8,2.8,2.8,100,SVN,"At 2025-11-28 11:00:00, the stock SVN opened at 2.80 VND, reached a high of 2.80 VND, a low of 2.80 VND, and closed the hour at 2.80 VND with a trading volume of 100 shares."
2025-11-28 13:00:00,2.8,2.8,2.8,2.8,9400,SVN,"At 2025-11-28 13:00:00, the stock SVN opened at 2.80 VND, reached a high of 2.80 VND, a low of 2.80 VND, and closed the hour at 2.80 VND with a trading volume of 9,400 shares."
2025-11-28 14:00:00,2.8,2.8,2.7,2.8,4300,SVN,"At 2025-11-28 14:00:00, the stock SVN opened at 2.80 VND, reached a high of 2.80 VND, a low of 2.70 VND, and closed the hour at 2.80 VND with a trading volume of 4,300 shares."
2025-12-01 09:00:00,2.8,2.8,2.8,2.8,400,SVN,"At 2025-12-01 09:00:00, the stock SVN opened at 2.80 VND, reached a high of 2.80 VND, a low of 2.80 VND, and closed the hour at 2.80 VND with a trading volume of 400 shares."
2025-12-01 10:00:00,2.9,2.9,2.8,2.8,9600,SVN,"At 2025-12-01 10:00:00, the stock SVN opened at 2.90 VND, reached a high of 2.90 VND, a low of 2.80 VND, and closed the hour at 2.80 VND with a trading volume of 9,600 shares."
2025-12-01 11:00:00,2.8,2.8,2.8,2.8,8800,SVN,"At 2025-12-01 11:00:00, the stock SVN opened at 2.80 VND, reached a high of 2.80 VND, a low of 2.80 VND, and closed the hour at 2.80 VND with a trading volume of 8,800 shares."
2025-12-01 13:00:00,2.8,2.8,2.8,2.8,2600,SVN,"At 2025-12-01 13:00:00, the stock SVN opened at 2.80 VND, reached a high of 2.80 VND, a low of 2.80 VND, and closed the hour at 2.80 VND with a trading volume of 2,600 shares."
2025-12-01 14:00:00,2.8,2.9,2.8,2.9,6600,SVN,"At 2025-12-01 14:00:00, the stock SVN opened at 2.80 VND, reached a high of 2.90 VND, a low of 2.80 VND, and closed the hour at 2.90 VND with a trading volume of 6,600 shares."
2025-12-02 09:00:00,2.8,2.8,2.8,2.8,40300,SVN,"At 2025-12-02 09:00:00, the stock SVN opened at 2.80 VND, reached a high of 2.80 VND, a low of 2.80 VND, and closed the hour at 2.80 VND with a trading volume of 40,300 shares."
2025-12-02 10:00:00,2.8,2.8,2.7,2.8,32600,SVN,"At 2025-12-02 10:00:00, the stock SVN opened at 2.80 VND, reached a high of 2.80 VND, a low of 2.70 VND, and closed the hour at 2.80 VND with a trading volume of 32,600 shares."
2025-12-02 13:00:00,2.8,2.8,2.8,2.8,3000,SVN,"At 2025-12-02 13:00:00, the stock SVN opened at 2.80 VND, reached a high of 2.80 VND, a low of 2.80 VND, and closed the hour at 2.80 VND with a trading volume of 3,000 shares."
2025-12-02 14:00:00,2.8,2.9,2.8,2.8,27300,SVN,"At 2025-12-02 14:00:00, the stock SVN opened at 2.80 VND, reached a high of 2.90 VND, a low of 2.80 VND, and closed the hour at 2.80 VND with a trading volume of 27,300 shares."
2025-12-03 09:00:00,2.8,2.8,2.8,2.8,30400,SVN,"At 2025-12-03 09:00:00, the stock SVN opened at 2.80 VND, reached a high of 2.80 VND, a low of 2.80 VND, and closed the hour at 2.80 VND with a trading volume of 30,400 shares."
2025-12-03 10:00:00,2.8,2.8,2.8,2.8,8700,SVN,"At 2025-12-03 10:00:00, the stock SVN opened at 2.80 VND, reached a high of 2.80 VND, a low of 2.80 VND, and closed the hour at 2.80 VND with a trading volume of 8,700 shares."
2025-12-03 11:00:00,2.8,2.9,2.8,2.9,6100,SVN,"At 2025-12-03 11:00:00, the stock SVN opened at 2.80 VND, reached a high of 2.90 VND, a low of 2.80 VND, and closed the hour at 2.90 VND with a trading volume of 6,100 shares."
2025-12-03 13:00:00,2.8,2.9,2.8,2.8,18400,SVN,"At 2025-12-03 13:00:00, the stock SVN opened at 2.80 VND, reached a high of 2.90 VND, a low of 2.80 VND, and closed the hour at 2.80 VND with a trading volume of 18,400 shares."
2025-12-03 14:00:00,2.8,2.9,2.8,2.9,2800,SVN,"At 2025-12-03 14:00:00, the stock SVN opened at 2.80 VND, reached a high of 2.90 VND, a low of 2.80 VND, and closed the hour at 2.90 VND with a trading volume of 2,800 shares."
2025-12-04 09:00:00,2.9,2.9,2.9,2.9,200,SVN,"At 2025-12-04 09:00:00, the stock SVN opened at 2.90 VND, reached a high of 2.90 VND, a low of 2.90 VND, and closed the hour at 2.90 VND with a trading volume of 200 shares."
2025-12-04 10:00:00,2.9,2.9,2.8,2.9,11300,SVN,"At 2025-12-04 10:00:00, the stock SVN opened at 2.90 VND, reached a high of 2.90 VND, a low of 2.80 VND, and closed the hour at 2.90 VND with a trading volume of 11,300 shares."
2025-12-04 11:00:00,2.8,2.8,2.8,2.8,10600,SVN,"At 2025-12-04 11:00:00, the stock SVN opened at 2.80 VND, reached a high of 2.80 VND, a low of 2.80 VND, and closed the hour at 2.80 VND with a trading volume of 10,600 shares."
2025-12-04 14:00:00,2.8,2.8,2.8,2.8,24400,SVN,"At 2025-12-04 14:00:00, the stock SVN opened at 2.80 VND, reached a high of 2.80 VND, a low of 2.80 VND, and closed the hour at 2.80 VND with a trading volume of 24,400 shares."
2025-12-05 09:00:00,2.8,2.9,2.8,2.9,37900,SVN,"At 2025-12-05 09:00:00, the stock SVN opened at 2.80 VND, reached a high of 2.90 VND, a low of 2.80 VND, and closed the hour at 2.90 VND with a trading volume of 37,900 shares."
2025-12-05 10:00:00,2.9,2.9,2.9,2.9,2200,SVN,"At 2025-12-05 10:00:00, the stock SVN opened at 2.90 VND, reached a high of 2.90 VND, a low of 2.90 VND, and closed the hour at 2.90 VND with a trading volume of 2,200 shares."
2025-12-05 11:00:00,2.9,2.9,2.9,2.9,3900,SVN,"At 2025-12-05 11:00:00, the stock SVN opened at 2.90 VND, reached a high of 2.90 VND, a low of 2.90 VND, and closed the hour at 2.90 VND with a trading volume of 3,900 shares."
2025-12-05 13:00:00,2.9,2.9,2.8,2.8,8800,SVN,"At 2025-12-05 13:00:00, the stock SVN opened at 2.90 VND, reached a high of 2.90 VND, a low of 2.80 VND, and closed the hour at 2.80 VND with a trading volume of 8,800 shares."
2025-12-05 14:00:00,2.9,2.9,2.9,2.9,5300,SVN,"At 2025-12-05 14:00:00, the stock SVN opened at 2.90 VND, reached a high of 2.90 VND, a low of 2.90 VND, and closed the hour at 2.90 VND with a trading volume of 5,300 shares."
2025-12-08 09:00:00,2.9,2.9,2.9,2.9,5800,SVN,"At 2025-12-08 09:00:00, the stock SVN opened at 2.90 VND, reached a high of 2.90 VND, a low of 2.90 VND, and closed the hour at 2.90 VND with a trading volume of 5,800 shares."
2025-12-08 10:00:00,2.8,2.8,2.8,2.8,48600,SVN,"At 2025-12-08 10:00:00, the stock SVN opened at 2.80 VND, reached a high of 2.80 VND, a low of 2.80 VND, and closed the hour at 2.80 VND with a trading volume of 48,600 shares."
2025-12-08 11:00:00,2.8,2.8,2.8,2.8,17000,SVN,"At 2025-12-08 11:00:00, the stock SVN opened at 2.80 VND, reached a high of 2.80 VND, a low of 2.80 VND, and closed the hour at 2.80 VND with a trading volume of 17,000 shares."
2025-12-08 13:00:00,2.8,2.8,2.8,2.8,30500,SVN,"At 2025-12-08 13:00:00, the stock SVN opened at 2.80 VND, reached a high of 2.80 VND, a low of 2.80 VND, and closed the hour at 2.80 VND with a trading volume of 30,500 shares."
2025-12-08 14:00:00,2.8,2.9,2.8,2.9,3100,SVN,"At 2025-12-08 14:00:00, the stock SVN opened at 2.80 VND, reached a high of 2.90 VND, a low of 2.80 VND, and closed the hour at 2.90 VND with a trading volume of 3,100 shares."
2025-12-09 09:00:00,2.8,2.9,2.8,2.8,10700,SVN,"At 2025-12-09 09:00:00, the stock SVN opened at 2.80 VND, reached a high of 2.90 VND, a low of 2.80 VND, and closed the hour at 2.80 VND with a trading volume of 10,700 shares."
2025-12-09 10:00:00,2.8,2.8,2.8,2.8,26100,SVN,"At 2025-12-09 10:00:00, the stock SVN opened at 2.80 VND, reached a high of 2.80 VND, a low of 2.80 VND, and closed the hour at 2.80 VND with a trading volume of 26,100 shares."
2025-12-09 11:00:00,2.8,2.8,2.8,2.8,21500,SVN,"At 2025-12-09 11:00:00, the stock SVN opened at 2.80 VND, reached a high of 2.80 VND, a low of 2.80 VND, and closed the hour at 2.80 VND with a trading volume of 21,500 shares."
2025-12-09 13:00:00,2.8,2.8,2.8,2.8,20100,SVN,"At 2025-12-09 13:00:00, the stock SVN opened at 2.80 VND, reached a high of 2.80 VND, a low of 2.80 VND, and closed the hour at 2.80 VND with a trading volume of 20,100 shares."
2025-12-09 14:00:00,2.8,2.8,2.8,2.8,4700,SVN,"At 2025-12-09 14:00:00, the stock SVN opened at 2.80 VND, reached a high of 2.80 VND, a low of 2.80 VND, and closed the hour at 2.80 VND with a trading volume of 4,700 shares."
2025-12-10 09:00:00,2.9,2.9,2.8,2.8,21300,SVN,"At 2025-12-10 09:00:00, the stock SVN opened at 2.90 VND, reached a high of 2.90 VND, a low of 2.80 VND, and closed the hour at 2.80 VND with a trading volume of 21,300 shares."
2025-12-10 10:00:00,2.8,2.9,2.8,2.8,2200,SVN,"At 2025-12-10 10:00:00, the stock SVN opened at 2.80 VND, reached a high of 2.90 VND, a low of 2.80 VND, and closed the hour at 2.80 VND with a trading volume of 2,200 shares."
2025-12-10 13:00:00,2.8,2.8,2.8,2.8,41100,SVN,"At 2025-12-10 13:00:00, the stock SVN opened at 2.80 VND, reached a high of 2.80 VND, a low of 2.80 VND, and closed the hour at 2.80 VND with a trading volume of 41,100 shares."
2025-12-10 14:00:00,2.8,2.8,2.8,2.8,17600,SVN,"At 2025-12-10 14:00:00, the stock SVN opened at 2.80 VND, reached a high of 2.80 VND, a low of 2.80 VND, and closed the hour at 2.80 VND with a trading volume of 17,600 shares."
2025-12-11 09:00:00,2.8,2.9,2.8,2.8,10500,SVN,"At 2025-12-11 09:00:00, the stock SVN opened at 2.80 VND, reached a high of 2.90 VND, a low of 2.80 VND, and closed the hour at 2.80 VND with a trading volume of 10,500 shares."
2025-12-11 10:00:00,2.8,2.9,2.8,2.9,2100,SVN,"At 2025-12-11 10:00:00, the stock SVN opened at 2.80 VND, reached a high of 2.90 VND, a low of 2.80 VND, and closed the hour at 2.90 VND with a trading volume of 2,100 shares."
2025-12-11 11:00:00,2.8,2.8,2.8,2.8,100,SVN,"At 2025-12-11 11:00:00, the stock SVN opened at 2.80 VND, reached a high of 2.80 VND, a low of 2.80 VND, and closed the hour at 2.80 VND with a trading volume of 100 shares."
2025-12-11 13:00:00,2.8,2.8,2.8,2.8,7300,SVN,"At 2025-12-11 13:00:00, the stock SVN opened at 2.80 VND, reached a high of 2.80 VND, a low of 2.80 VND, and closed the hour at 2.80 VND with a trading volume of 7,300 shares."
2025-12-11 14:00:00,2.8,2.8,2.8,2.8,1300,SVN,"At 2025-12-11 14:00:00, the stock SVN opened at 2.80 VND, reached a high of 2.80 VND, a low of 2.80 VND, and closed the hour at 2.80 VND with a trading volume of 1,300 shares."
2025-12-12 09:00:00,2.7,2.9,2.7,2.8,1700,SVN,"At 2025-12-12 09:00:00, the stock SVN opened at 2.70 VND, reached a high of 2.90 VND, a low of 2.70 VND, and closed the hour at 2.80 VND with a trading volume of 1,700 shares."
2025-12-12 10:00:00,2.8,2.8,2.7,2.7,19100,SVN,"At 2025-12-12 10:00:00, the stock SVN opened at 2.80 VND, reached a high of 2.80 VND, a low of 2.70 VND, and closed the hour at 2.70 VND with a trading volume of 19,100 shares."
2025-12-12 11:00:00,2.8,2.8,2.8,2.8,800,SVN,"At 2025-12-12 11:00:00, the stock SVN opened at 2.80 VND, reached a high of 2.80 VND, a low of 2.80 VND, and closed the hour at 2.80 VND with a trading volume of 800 shares."
2025-12-12 13:00:00,2.7,2.8,2.7,2.8,1000,SVN,"At 2025-12-12 13:00:00, the stock SVN opened at 2.70 VND, reached a high of 2.80 VND, a low of 2.70 VND, and closed the hour at 2.80 VND with a trading volume of 1,000 shares."
2025-12-12 14:00:00,2.8,2.8,2.8,2.8,2100,SVN,"At 2025-12-12 14:00:00, the stock SVN opened at 2.80 VND, reached a high of 2.80 VND, a low of 2.80 VND, and closed the hour at 2.80 VND with a trading volume of 2,100 shares."
2025-12-15 09:00:00,2.7,2.8,2.7,2.7,179800,SVN,"At 2025-12-15 09:00:00, the stock SVN opened at 2.70 VND, reached a high of 2.80 VND, a low of 2.70 VND, and closed the hour at 2.70 VND with a trading volume of 179,800 shares."
2025-12-15 10:00:00,2.7,2.8,2.7,2.8,2200,SVN,"At 2025-12-15 10:00:00, the stock SVN opened at 2.70 VND, reached a high of 2.80 VND, a low of 2.70 VND, and closed the hour at 2.80 VND with a trading volume of 2,200 shares."
2025-12-15 11:00:00,2.7,2.7,2.7,2.7,40000,SVN,"At 2025-12-15 11:00:00, the stock SVN opened at 2.70 VND, reached a high of 2.70 VND, a low of 2.70 VND, and closed the hour at 2.70 VND with a trading volume of 40,000 shares."
2025-12-15 13:00:00,2.8,2.8,2.7,2.7,800,SVN,"At 2025-12-15 13:00:00, the stock SVN opened at 2.80 VND, reached a high of 2.80 VND, a low of 2.70 VND, and closed the hour at 2.70 VND with a trading volume of 800 shares."
2025-12-15 14:00:00,2.7,2.8,2.7,2.8,25100,SVN,"At 2025-12-15 14:00:00, the stock SVN opened at 2.70 VND, reached a high of 2.80 VND, a low of 2.70 VND, and closed the hour at 2.80 VND with a trading volume of 25,100 shares."
2025-12-16 09:00:00,2.8,2.8,2.7,2.7,16900,SVN,"At 2025-12-16 09:00:00, the stock SVN opened at 2.80 VND, reached a high of 2.80 VND, a low of 2.70 VND, and closed the hour at 2.70 VND with a trading volume of 16,900 shares."
2025-12-16 10:00:00,2.7,2.7,2.7,2.7,20600,SVN,"At 2025-12-16 10:00:00, the stock SVN opened at 2.70 VND, reached a high of 2.70 VND, a low of 2.70 VND, and closed the hour at 2.70 VND with a trading volume of 20,600 shares."
2025-12-16 11:00:00,2.7,2.7,2.7,2.7,500,SVN,"At 2025-12-16 11:00:00, the stock SVN opened at 2.70 VND, reached a high of 2.70 VND, a low of 2.70 VND, and closed the hour at 2.70 VND with a trading volume of 500 shares."
2025-12-16 13:00:00,2.7,2.8,2.7,2.8,12300,SVN,"At 2025-12-16 13:00:00, the stock SVN opened at 2.70 VND, reached a high of 2.80 VND, a low of 2.70 VND, and closed the hour at 2.80 VND with a trading volume of 12,300 shares."
2025-12-16 14:00:00,2.7,2.7,2.7,2.7,6300,SVN,"At 2025-12-16 14:00:00, the stock SVN opened at 2.70 VND, reached a high of 2.70 VND, a low of 2.70 VND, and closed the hour at 2.70 VND with a trading volume of 6,300 shares."
2025-12-17 09:00:00,2.7,2.8,2.7,2.8,5800,SVN,"At 2025-12-17 09:00:00, the stock SVN opened at 2.70 VND, reached a high of 2.80 VND, a low of 2.70 VND, and closed the hour at 2.80 VND with a trading volume of 5,800 shares."
2025-12-17 11:00:00,2.8,2.8,2.8,2.8,100,SVN,"At 2025-12-17 11:00:00, the stock SVN opened at 2.80 VND, reached a high of 2.80 VND, a low of 2.80 VND, and closed the hour at 2.80 VND with a trading volume of 100 shares."
2025-12-17 13:00:00,2.7,2.7,2.7,2.7,4900,SVN,"At 2025-12-17 13:00:00, the stock SVN opened at 2.70 VND, reached a high of 2.70 VND, a low of 2.70 VND, and closed the hour at 2.70 VND with a trading volume of 4,900 shares."
2025-12-17 14:00:00,2.7,2.7,2.7,2.7,4000,SVN,"At 2025-12-17 14:00:00, the stock SVN opened at 2.70 VND, reached a high of 2.70 VND, a low of 2.70 VND, and closed the hour at 2.70 VND with a trading volume of 4,000 shares."
2025-12-18 09:00:00,2.7,2.7,2.7,2.7,17800,SVN,"At 2025-12-18 09:00:00, the stock SVN opened at 2.70 VND, reached a high of 2.70 VND, a low of 2.70 VND, and closed the hour at 2.70 VND with a trading volume of 17,800 shares."
2025-12-18 10:00:00,2.7,2.7,2.7,2.7,4700,SVN,"At 2025-12-18 10:00:00, the stock SVN opened at 2.70 VND, reached a high of 2.70 VND, a low of 2.70 VND, and closed the hour at 2.70 VND with a trading volume of 4,700 shares."
2025-12-18 13:00:00,2.7,2.7,2.7,2.7,7200,SVN,"At 2025-12-18 13:00:00, the stock SVN opened at 2.70 VND, reached a high of 2.70 VND, a low of 2.70 VND, and closed the hour at 2.70 VND with a trading volume of 7,200 shares."
2025-12-18 14:00:00,2.7,2.7,2.7,2.7,1100,SVN,"At 2025-12-18 14:00:00, the stock SVN opened at 2.70 VND, reached a high of 2.70 VND, a low of 2.70 VND, and closed the hour at 2.70 VND with a trading volume of 1,100 shares."
2025-12-19 09:00:00,2.7,2.7,2.7,2.7,16300,SVN,"At 2025-12-19 09:00:00, the stock SVN opened at 2.70 VND, reached a high of 2.70 VND, a low of 2.70 VND, and closed the hour at 2.70 VND with a trading volume of 16,300 shares."
2025-12-19 10:00:00,2.7,2.7,2.7,2.7,2700,SVN,"At 2025-12-19 10:00:00, the stock SVN opened at 2.70 VND, reached a high of 2.70 VND, a low of 2.70 VND, and closed the hour at 2.70 VND with a trading volume of 2,700 shares."
2025-12-19 11:00:00,2.8,2.8,2.8,2.8,100,SVN,"At 2025-12-19 11:00:00, the stock SVN opened at 2.80 VND, reached a high of 2.80 VND, a low of 2.80 VND, and closed the hour at 2.80 VND with a trading volume of 100 shares."
2025-12-19 13:00:00,2.7,2.8,2.7,2.8,6000,SVN,"At 2025-12-19 13:00:00, the stock SVN opened at 2.70 VND, reached a high of 2.80 VND, a low of 2.70 VND, and closed the hour at 2.80 VND with a trading volume of 6,000 shares."
2025-12-19 14:00:00,2.7,2.8,2.7,2.7,9500,SVN,"At 2025-12-19 14:00:00, the stock SVN opened at 2.70 VND, reached a high of 2.80 VND, a low of 2.70 VND, and closed the hour at 2.70 VND with a trading volume of 9,500 shares."
2025-12-22 09:00:00,2.8,2.8,2.8,2.8,200,SVN,"At 2025-12-22 09:00:00, the stock SVN opened at 2.80 VND, reached a high of 2.80 VND, a low of 2.80 VND, and closed the hour at 2.80 VND with a trading volume of 200 shares."
2025-12-22 11:00:00,2.7,2.7,2.7,2.7,1700,SVN,"At 2025-12-22 11:00:00, the stock SVN opened at 2.70 VND, reached a high of 2.70 VND, a low of 2.70 VND, and closed the hour at 2.70 VND with a trading volume of 1,700 shares."
2025-12-22 13:00:00,2.7,2.8,2.7,2.8,2600,SVN,"At 2025-12-22 13:00:00, the stock SVN opened at 2.70 VND, reached a high of 2.80 VND, a low of 2.70 VND, and closed the hour at 2.80 VND with a trading volume of 2,600 shares."
2025-12-22 14:00:00,2.8,2.8,2.7,2.7,7000,SVN,"At 2025-12-22 14:00:00, the stock SVN opened at 2.80 VND, reached a high of 2.80 VND, a low of 2.70 VND, and closed the hour at 2.70 VND with a trading volume of 7,000 shares."
2025-12-23 09:00:00,2.7,2.8,2.7,2.8,2400,SVN,"At 2025-12-23 09:00:00, the stock SVN opened at 2.70 VND, reached a high of 2.80 VND, a low of 2.70 VND, and closed the hour at 2.80 VND with a trading volume of 2,400 shares."
2025-12-23 10:00:00,2.8,2.8,2.8,2.8,300,SVN,"At 2025-12-23 10:00:00, the stock SVN opened at 2.80 VND, reached a high of 2.80 VND, a low of 2.80 VND, and closed the hour at 2.80 VND with a trading volume of 300 shares."
2025-12-23 11:00:00,2.8,2.8,2.8,2.8,300,SVN,"At 2025-12-23 11:00:00, the stock SVN opened at 2.80 VND, reached a high of 2.80 VND, a low of 2.80 VND, and closed the hour at 2.80 VND with a trading volume of 300 shares."
2025-12-24 09:00:00,2.7,2.8,2.7,2.8,37800,SVN,"At 2025-12-24 09:00:00, the stock SVN opened at 2.70 VND, reached a high of 2.80 VND, a low of 2.70 VND, and closed the hour at 2.80 VND with a trading volume of 37,800 shares."
2025-12-24 10:00:00,2.7,2.8,2.7,2.8,16300,SVN,"At 2025-12-24 10:00:00, the stock SVN opened at 2.70 VND, reached a high of 2.80 VND, a low of 2.70 VND, and closed the hour at 2.80 VND with a trading volume of 16,300 shares."
2025-12-24 13:00:00,2.8,2.8,2.7,2.8,2200,SVN,"At 2025-12-24 13:00:00, the stock SVN opened at 2.80 VND, reached a high of 2.80 VND, a low of 2.70 VND, and closed the hour at 2.80 VND with a trading volume of 2,200 shares."
2025-12-24 14:00:00,2.7,2.8,2.7,2.8,38000,SVN,"At 2025-12-24 14:00:00, the stock SVN opened at 2.70 VND, reached a high of 2.80 VND, a low of 2.70 VND, and closed the hour at 2.80 VND with a trading volume of 38,000 shares."
2025-12-25 09:00:00,2.8,2.8,2.8,2.8,24200,SVN,"At 2025-12-25 09:00:00, the stock SVN opened at 2.80 VND, reached a high of 2.80 VND, a low of 2.80 VND, and closed the hour at 2.80 VND with a trading volume of 24,200 shares."
2025-12-25 10:00:00,2.8,2.8,2.8,2.8,26000,SVN,"At 2025-12-25 10:00:00, the stock SVN opened at 2.80 VND, reached a high of 2.80 VND, a low of 2.80 VND, and closed the hour at 2.80 VND with a trading volume of 26,000 shares."
2025-12-25 11:00:00,2.8,2.8,2.8,2.8,600,SVN,"At 2025-12-25 11:00:00, the stock SVN opened at 2.80 VND, reached a high of 2.80 VND, a low of 2.80 VND, and closed the hour at 2.80 VND with a trading volume of 600 shares."
2025-12-25 13:00:00,2.8,2.8,2.7,2.8,85800,SVN,"At 2025-12-25 13:00:00, the stock SVN opened at 2.80 VND, reached a high of 2.80 VND, a low of 2.70 VND, and closed the hour at 2.80 VND with a trading volume of 85,800 shares."
2025-12-25 14:00:00,2.7,2.8,2.7,2.8,6200,SVN,"At 2025-12-25 14:00:00, the stock SVN opened at 2.70 VND, reached a high of 2.80 VND, a low of 2.70 VND, and closed the hour at 2.80 VND with a trading volume of 6,200 shares."
2025-12-26 09:00:00,2.8,2.8,2.8,2.8,5800,SVN,"At 2025-12-26 09:00:00, the stock SVN opened at 2.80 VND, reached a high of 2.80 VND, a low of 2.80 VND, and closed the hour at 2.80 VND with a trading volume of 5,800 shares."
2025-12-26 10:00:00,2.8,2.8,2.8,2.8,400,SVN,"At 2025-12-26 10:00:00, the stock SVN opened at 2.80 VND, reached a high of 2.80 VND, a low of 2.80 VND, and closed the hour at 2.80 VND with a trading volume of 400 shares."
2025-12-26 11:00:00,2.8,2.8,2.8,2.8,1000,SVN,"At 2025-12-26 11:00:00, the stock SVN opened at 2.80 VND, reached a high of 2.80 VND, a low of 2.80 VND, and closed the hour at 2.80 VND with a trading volume of 1,000 shares."
2025-12-26 13:00:00,2.7,2.7,2.7,2.7,500,SVN,"At 2025-12-26 13:00:00, the stock SVN opened at 2.70 VND, reached a high of 2.70 VND, a low of 2.70 VND, and closed the hour at 2.70 VND with a trading volume of 500 shares."
2025-12-26 14:00:00,2.8,2.8,2.7,2.7,2200,SVN,"At 2025-12-26 14:00:00, the stock SVN opened at 2.80 VND, reached a high of 2.80 VND, a low of 2.70 VND, and closed the hour at 2.70 VND with a trading volume of 2,200 shares."
2025-12-29 09:00:00,2.7,2.8,2.7,2.8,22200,SVN,"At 2025-12-29 09:00:00, the stock SVN opened at 2.70 VND, reached a high of 2.80 VND, a low of 2.70 VND, and closed the hour at 2.80 VND with a trading volume of 22,200 shares."
2025-12-29 10:00:00,2.8,2.8,2.7,2.8,10400,SVN,"At 2025-12-29 10:00:00, the stock SVN opened at 2.80 VND, reached a high of 2.80 VND, a low of 2.70 VND, and closed the hour at 2.80 VND with a trading volume of 10,400 shares."
2025-12-29 14:00:00,2.7,2.7,2.7,2.7,3700,SVN,"At 2025-12-29 14:00:00, the stock SVN opened at 2.70 VND, reached a high of 2.70 VND, a low of 2.70 VND, and closed the hour at 2.70 VND with a trading volume of 3,700 shares."
2025-12-30 09:00:00,2.7,2.8,2.7,2.8,18500,SVN,"At 2025-12-30 09:00:00, the stock SVN opened at 2.70 VND, reached a high of 2.80 VND, a low of 2.70 VND, and closed the hour at 2.80 VND with a trading volume of 18,500 shares."
2025-12-30 10:00:00,2.8,2.8,2.7,2.8,12600,SVN,"At 2025-12-30 10:00:00, the stock SVN opened at 2.80 VND, reached a high of 2.80 VND, a low of 2.70 VND, and closed the hour at 2.80 VND with a trading volume of 12,600 shares."
2025-12-30 11:00:00,2.8,2.9,2.8,2.9,129000,SVN,"At 2025-12-30 11:00:00, the stock SVN opened at 2.80 VND, reached a high of 2.90 VND, a low of 2.80 VND, and closed the hour at 2.90 VND with a trading volume of 129,000 shares."
2025-12-30 13:00:00,2.9,2.9,2.8,2.9,19000,SVN,"At 2025-12-30 13:00:00, the stock SVN opened at 2.90 VND, reached a high of 2.90 VND, a low of 2.80 VND, and closed the hour at 2.90 VND with a trading volume of 19,000 shares."
2025-12-30 14:00:00,2.8,2.9,2.8,2.8,8200,SVN,"At 2025-12-30 14:00:00, the stock SVN opened at 2.80 VND, reached a high of 2.90 VND, a low of 2.80 VND, and closed the hour at 2.80 VND with a trading volume of 8,200 shares."
2025-12-31 09:00:00,2.9,2.9,2.9,2.9,1900,SVN,"At 2025-12-31 09:00:00, the stock SVN opened at 2.90 VND, reached a high of 2.90 VND, a low of 2.90 VND, and closed the hour at 2.90 VND with a trading volume of 1,900 shares."
2025-12-31 10:00:00,2.9,2.9,2.9,2.9,9900,SVN,"At 2025-12-31 10:00:00, the stock SVN opened at 2.90 VND, reached a high of 2.90 VND, a low of 2.90 VND, and closed the hour at 2.90 VND with a trading volume of 9,900 shares."
2025-12-31 11:00:00,2.9,2.9,2.9,2.9,5100,SVN,"At 2025-12-31 11:00:00, the stock SVN opened at 2.90 VND, reached a high of 2.90 VND, a low of 2.90 VND, and closed the hour at 2.90 VND with a trading volume of 5,100 shares."
2025-12-31 13:00:00,2.9,2.9,2.8,2.9,255400,SVN,"At 2025-12-31 13:00:00, the stock SVN opened at 2.90 VND, reached a high of 2.90 VND, a low of 2.80 VND, and closed the hour at 2.90 VND with a trading volume of 255,400 shares."
2025-12-31 14:00:00,2.8,2.9,2.8,2.9,12100,SVN,"At 2025-12-31 14:00:00, the stock SVN opened at 2.80 VND, reached a high of 2.90 VND, a low of 2.80 VND, and closed the hour at 2.90 VND with a trading volume of 12,100 shares."
2026-01-05 09:00:00,2.9,2.9,2.8,2.9,13800,SVN,"At 2026-01-05 09:00:00, the stock SVN opened at 2.90 VND, reached a high of 2.90 VND, a low of 2.80 VND, and closed the hour at 2.90 VND with a trading volume of 13,800 shares."
2026-01-05 13:00:00,2.9,2.9,2.9,2.9,700,SVN,"At 2026-01-05 13:00:00, the stock SVN opened at 2.90 VND, reached a high of 2.90 VND, a low of 2.90 VND, and closed the hour at 2.90 VND with a trading volume of 700 shares."
2026-01-05 14:00:00,2.9,2.9,2.8,2.8,21200,SVN,"At 2026-01-05 14:00:00, the stock SVN opened at 2.90 VND, reached a high of 2.90 VND, a low of 2.80 VND, and closed the hour at 2.80 VND with a trading volume of 21,200 shares."
2026-01-06 09:00:00,2.8,2.9,2.8,2.8,102700,SVN,"At 2026-01-06 09:00:00, the stock SVN opened at 2.80 VND, reached a high of 2.90 VND, a low of 2.80 VND, and closed the hour at 2.80 VND with a trading volume of 102,700 shares."
2026-01-06 10:00:00,2.8,2.8,2.8,2.8,110600,SVN,"At 2026-01-06 10:00:00, the stock SVN opened at 2.80 VND, reached a high of 2.80 VND, a low of 2.80 VND, and closed the hour at 2.80 VND with a trading volume of 110,600 shares."
2026-01-06 11:00:00,2.8,2.8,2.8,2.8,1700,SVN,"At 2026-01-06 11:00:00, the stock SVN opened at 2.80 VND, reached a high of 2.80 VND, a low of 2.80 VND, and closed the hour at 2.80 VND with a trading volume of 1,700 shares."
2026-01-06 13:00:00,2.8,2.9,2.7,2.9,78000,SVN,"At 2026-01-06 13:00:00, the stock SVN opened at 2.80 VND, reached a high of 2.90 VND, a low of 2.70 VND, and closed the hour at 2.90 VND with a trading volume of 78,000 shares."
2026-01-06 14:00:00,2.8,2.9,2.8,2.8,38100,SVN,"At 2026-01-06 14:00:00, the stock SVN opened at 2.80 VND, reached a high of 2.90 VND, a low of 2.80 VND, and closed the hour at 2.80 VND with a trading volume of 38,100 shares."
2026-01-07 09:00:00,2.8,2.8,2.7,2.7,4700,SVN,"At 2026-01-07 09:00:00, the stock SVN opened at 2.80 VND, reached a high of 2.80 VND, a low of 2.70 VND, and closed the hour at 2.70 VND with a trading volume of 4,700 shares."
2026-01-07 10:00:00,2.8,2.8,2.8,2.8,3100,SVN,"At 2026-01-07 10:00:00, the stock SVN opened at 2.80 VND, reached a high of 2.80 VND, a low of 2.80 VND, and closed the hour at 2.80 VND with a trading volume of 3,100 shares."
2026-01-07 11:00:00,2.8,2.8,2.8,2.8,10000,SVN,"At 2026-01-07 11:00:00, the stock SVN opened at 2.80 VND, reached a high of 2.80 VND, a low of 2.80 VND, and closed the hour at 2.80 VND with a trading volume of 10,000 shares."
2026-01-07 13:00:00,2.7,2.8,2.7,2.8,23500,SVN,"At 2026-01-07 13:00:00, the stock SVN opened at 2.70 VND, reached a high of 2.80 VND, a low of 2.70 VND, and closed the hour at 2.80 VND with a trading volume of 23,500 shares."
2026-01-07 14:00:00,2.8,2.8,2.8,2.8,13600,SVN,"At 2026-01-07 14:00:00, the stock SVN opened at 2.80 VND, reached a high of 2.80 VND, a low of 2.80 VND, and closed the hour at 2.80 VND with a trading volume of 13,600 shares."
2026-01-08 09:00:00,2.8,2.8,2.7,2.8,18400,SVN,"At 2026-01-08 09:00:00, the stock SVN opened at 2.80 VND, reached a high of 2.80 VND, a low of 2.70 VND, and closed the hour at 2.80 VND with a trading volume of 18,400 shares."
2026-01-08 10:00:00,2.8,2.8,2.7,2.8,2300,SVN,"At 2026-01-08 10:00:00, the stock SVN opened at 2.80 VND, reached a high of 2.80 VND, a low of 2.70 VND, and closed the hour at 2.80 VND with a trading volume of 2,300 shares."
2026-01-08 13:00:00,2.7,2.7,2.7,2.7,300,SVN,"At 2026-01-08 13:00:00, the stock SVN opened at 2.70 VND, reached a high of 2.70 VND, a low of 2.70 VND, and closed the hour at 2.70 VND with a trading volume of 300 shares."
2026-01-08 14:00:00,2.8,2.8,2.7,2.7,1500,SVN,"At 2026-01-08 14:00:00, the stock SVN opened at 2.80 VND, reached a high of 2.80 VND, a low of 2.70 VND, and closed the hour at 2.70 VND with a trading volume of 1,500 shares."
2026-01-09 09:00:00,2.8,2.8,2.8,2.8,1100,SVN,"At 2026-01-09 09:00:00, the stock SVN opened at 2.80 VND, reached a high of 2.80 VND, a low of 2.80 VND, and closed the hour at 2.80 VND with a trading volume of 1,100 shares."
2026-01-09 10:00:00,2.8,2.8,2.7,2.7,2100,SVN,"At 2026-01-09 10:00:00, the stock SVN opened at 2.80 VND, reached a high of 2.80 VND, a low of 2.70 VND, and closed the hour at 2.70 VND with a trading volume of 2,100 shares."
2026-01-09 11:00:00,2.7,2.8,2.7,2.8,1700,SVN,"At 2026-01-09 11:00:00, the stock SVN opened at 2.70 VND, reached a high of 2.80 VND, a low of 2.70 VND, and closed the hour at 2.80 VND with a trading volume of 1,700 shares."
2026-01-09 13:00:00,2.8,2.8,2.7,2.7,5600,SVN,"At 2026-01-09 13:00:00, the stock SVN opened at 2.80 VND, reached a high of 2.80 VND, a low of 2.70 VND, and closed the hour at 2.70 VND with a trading volume of 5,600 shares."
2026-01-09 14:00:00,2.7,2.7,2.7,2.7,29300,SVN,"At 2026-01-09 14:00:00, the stock SVN opened at 2.70 VND, reached a high of 2.70 VND, a low of 2.70 VND, and closed the hour at 2.70 VND with a trading volume of 29,300 shares."
2026-01-12 09:00:00,2.8,2.8,2.7,2.7,44900,SVN,"At 2026-01-12 09:00:00, the stock SVN opened at 2.80 VND, reached a high of 2.80 VND, a low of 2.70 VND, and closed the hour at 2.70 VND with a trading volume of 44,900 shares."
2026-01-12 10:00:00,2.7,2.7,2.7,2.7,16300,SVN,"At 2026-01-12 10:00:00, the stock SVN opened at 2.70 VND, reached a high of 2.70 VND, a low of 2.70 VND, and closed the hour at 2.70 VND with a trading volume of 16,300 shares."
2026-01-12 11:00:00,2.7,2.7,2.7,2.7,1900,SVN,"At 2026-01-12 11:00:00, the stock SVN opened at 2.70 VND, reached a high of 2.70 VND, a low of 2.70 VND, and closed the hour at 2.70 VND with a trading volume of 1,900 shares."
2026-01-12 13:00:00,2.7,2.8,2.6,2.7,52700,SVN,"At 2026-01-12 13:00:00, the stock SVN opened at 2.70 VND, reached a high of 2.80 VND, a low of 2.60 VND, and closed the hour at 2.70 VND with a trading volume of 52,700 shares."
2026-01-12 14:00:00,2.7,2.7,2.6,2.7,6400,SVN,"At 2026-01-12 14:00:00, the stock SVN opened at 2.70 VND, reached a high of 2.70 VND, a low of 2.60 VND, and closed the hour at 2.70 VND with a trading volume of 6,400 shares."
2026-01-13 09:00:00,2.7,2.7,2.7,2.7,6700,SVN,"At 2026-01-13 09:00:00, the stock SVN opened at 2.70 VND, reached a high of 2.70 VND, a low of 2.70 VND, and closed the hour at 2.70 VND with a trading volume of 6,700 shares."
2026-01-13 10:00:00,2.7,2.8,2.7,2.8,6000,SVN,"At 2026-01-13 10:00:00, the stock SVN opened at 2.70 VND, reached a high of 2.80 VND, a low of 2.70 VND, and closed the hour at 2.80 VND with a trading volume of 6,000 shares."
2026-01-13 13:00:00,2.7,2.7,2.7,2.7,38000,SVN,"At 2026-01-13 13:00:00, the stock SVN opened at 2.70 VND, reached a high of 2.70 VND, a low of 2.70 VND, and closed the hour at 2.70 VND with a trading volume of 38,000 shares."
2026-01-13 14:00:00,2.7,2.7,2.7,2.7,5200,SVN,"At 2026-01-13 14:00:00, the stock SVN opened at 2.70 VND, reached a high of 2.70 VND, a low of 2.70 VND, and closed the hour at 2.70 VND with a trading volume of 5,200 shares."
2026-01-14 09:00:00,2.7,2.7,2.7,2.7,8900,SVN,"At 2026-01-14 09:00:00, the stock SVN opened at 2.70 VND, reached a high of 2.70 VND, a low of 2.70 VND, and closed the hour at 2.70 VND with a trading volume of 8,900 shares."
2026-01-14 10:00:00,2.7,2.8,2.7,2.7,15300,SVN,"At 2026-01-14 10:00:00, the stock SVN opened at 2.70 VND, reached a high of 2.80 VND, a low of 2.70 VND, and closed the hour at 2.70 VND with a trading volume of 15,300 shares."
2026-01-14 11:00:00,2.7,2.7,2.7,2.7,7100,SVN,"At 2026-01-14 11:00:00, the stock SVN opened at 2.70 VND, reached a high of 2.70 VND, a low of 2.70 VND, and closed the hour at 2.70 VND with a trading volume of 7,100 shares."
2026-01-14 13:00:00,2.8,2.8,2.8,2.8,100,SVN,"At 2026-01-14 13:00:00, the stock SVN opened at 2.80 VND, reached a high of 2.80 VND, a low of 2.80 VND, and closed the hour at 2.80 VND with a trading volume of 100 shares."
2026-01-14 14:00:00,2.8,2.8,2.8,2.8,20000,SVN,"At 2026-01-14 14:00:00, the stock SVN opened at 2.80 VND, reached a high of 2.80 VND, a low of 2.80 VND, and closed the hour at 2.80 VND with a trading volume of 20,000 shares."
2026-01-15 09:00:00,2.8,2.8,2.7,2.7,5500,SVN,"At 2026-01-15 09:00:00, the stock SVN opened at 2.80 VND, reached a high of 2.80 VND, a low of 2.70 VND, and closed the hour at 2.70 VND with a trading volume of 5,500 shares."
2026-01-15 10:00:00,2.7,2.8,2.7,2.8,110200,SVN,"At 2026-01-15 10:00:00, the stock SVN opened at 2.70 VND, reached a high of 2.80 VND, a low of 2.70 VND, and closed the hour at 2.80 VND with a trading volume of 110,200 shares."
2026-01-15 11:00:00,2.7,2.7,2.7,2.7,12000,SVN,"At 2026-01-15 11:00:00, the stock SVN opened at 2.70 VND, reached a high of 2.70 VND, a low of 2.70 VND, and closed the hour at 2.70 VND with a trading volume of 12,000 shares."
2026-01-15 13:00:00,2.7,2.8,2.6,2.7,105700,SVN,"At 2026-01-15 13:00:00, the stock SVN opened at 2.70 VND, reached a high of 2.80 VND, a low of 2.60 VND, and closed the hour at 2.70 VND with a trading volume of 105,700 shares."
2026-01-15 14:00:00,2.7,2.8,2.6,2.7,88500,SVN,"At 2026-01-15 14:00:00, the stock SVN opened at 2.70 VND, reached a high of 2.80 VND, a low of 2.60 VND, and closed the hour at 2.70 VND with a trading volume of 88,500 shares."
2026-01-16 09:00:00,2.7,2.8,2.6,2.6,30900,SVN,"At 2026-01-16 09:00:00, the stock SVN opened at 2.70 VND, reached a high of 2.80 VND, a low of 2.60 VND, and closed the hour at 2.60 VND with a trading volume of 30,900 shares."
2026-01-16 10:00:00,2.6,2.7,2.6,2.6,195700,SVN,"At 2026-01-16 10:00:00, the stock SVN opened at 2.60 VND, reached a high of 2.70 VND, a low of 2.60 VND, and closed the hour at 2.60 VND with a trading volume of 195,700 shares."
2026-01-16 11:00:00,2.6,2.6,2.6,2.6,43100,SVN,"At 2026-01-16 11:00:00, the stock SVN opened at 2.60 VND, reached a high of 2.60 VND, a low of 2.60 VND, and closed the hour at 2.60 VND with a trading volume of 43,100 shares."
2026-01-16 13:00:00,2.6,2.7,2.5,2.7,166700,SVN,"At 2026-01-16 13:00:00, the stock SVN opened at 2.60 VND, reached a high of 2.70 VND, a low of 2.50 VND, and closed the hour at 2.70 VND with a trading volume of 166,700 shares."
2026-01-16 14:00:00,2.6,2.7,2.6,2.6,46700,SVN,"At 2026-01-16 14:00:00, the stock SVN opened at 2.60 VND, reached a high of 2.70 VND, a low of 2.60 VND, and closed the hour at 2.60 VND with a trading volume of 46,700 shares."
2026-01-19 09:00:00,2.6,2.6,2.6,2.6,29800,SVN,"At 2026-01-19 09:00:00, the stock SVN opened at 2.60 VND, reached a high of 2.60 VND, a low of 2.60 VND, and closed the hour at 2.60 VND with a trading volume of 29,800 shares."
2026-01-19 10:00:00,2.7,2.7,2.6,2.6,36400,SVN,"At 2026-01-19 10:00:00, the stock SVN opened at 2.70 VND, reached a high of 2.70 VND, a low of 2.60 VND, and closed the hour at 2.60 VND with a trading volume of 36,400 shares."
2026-01-19 11:00:00,2.7,2.7,2.7,2.7,300,SVN,"At 2026-01-19 11:00:00, the stock SVN opened at 2.70 VND, reached a high of 2.70 VND, a low of 2.70 VND, and closed the hour at 2.70 VND with a trading volume of 300 shares."
2026-01-19 13:00:00,2.6,2.6,2.6,2.6,36700,SVN,"At 2026-01-19 13:00:00, the stock SVN opened at 2.60 VND, reached a high of 2.60 VND, a low of 2.60 VND, and closed the hour at 2.60 VND with a trading volume of 36,700 shares."
2026-01-19 14:00:00,2.6,2.6,2.6,2.6,15200,SVN,"At 2026-01-19 14:00:00, the stock SVN opened at 2.60 VND, reached a high of 2.60 VND, a low of 2.60 VND, and closed the hour at 2.60 VND with a trading volume of 15,200 shares."
2026-01-20 09:00:00,2.6,2.6,2.5,2.6,1800,SVN,"At 2026-01-20 09:00:00, the stock SVN opened at 2.60 VND, reached a high of 2.60 VND, a low of 2.50 VND, and closed the hour at 2.60 VND with a trading volume of 1,800 shares."
2026-01-20 10:00:00,2.6,2.6,2.6,2.6,1500,SVN,"At 2026-01-20 10:00:00, the stock SVN opened at 2.60 VND, reached a high of 2.60 VND, a low of 2.60 VND, and closed the hour at 2.60 VND with a trading volume of 1,500 shares."
2026-01-20 11:00:00,2.6,2.6,2.6,2.6,7100,SVN,"At 2026-01-20 11:00:00, the stock SVN opened at 2.60 VND, reached a high of 2.60 VND, a low of 2.60 VND, and closed the hour at 2.60 VND with a trading volume of 7,100 shares."
2026-01-20 13:00:00,2.5,2.6,2.5,2.6,4300,SVN,"At 2026-01-20 13:00:00, the stock SVN opened at 2.50 VND, reached a high of 2.60 VND, a low of 2.50 VND, and closed the hour at 2.60 VND with a trading volume of 4,300 shares."
2026-01-20 14:00:00,2.6,2.6,2.5,2.5,28000,SVN,"At 2026-01-20 14:00:00, the stock SVN opened at 2.60 VND, reached a high of 2.60 VND, a low of 2.50 VND, and closed the hour at 2.50 VND with a trading volume of 28,000 shares."
2026-01-21 09:00:00,2.6,2.6,2.5,2.6,14600,SVN,"At 2026-01-21 09:00:00, the stock SVN opened at 2.60 VND, reached a high of 2.60 VND, a low of 2.50 VND, and closed the hour at 2.60 VND with a trading volume of 14,600 shares."
2026-01-21 10:00:00,2.5,2.6,2.5,2.6,24800,SVN,"At 2026-01-21 10:00:00, the stock SVN opened at 2.50 VND, reached a high of 2.60 VND, a low of 2.50 VND, and closed the hour at 2.60 VND with a trading volume of 24,800 shares."
2026-01-21 11:00:00,2.5,2.6,2.5,2.6,500,SVN,"At 2026-01-21 11:00:00, the stock SVN opened at 2.50 VND, reached a high of 2.60 VND, a low of 2.50 VND, and closed the hour at 2.60 VND with a trading volume of 500 shares."
2026-01-21 13:00:00,2.6,2.6,2.5,2.5,131200,SVN,"At 2026-01-21 13:00:00, the stock SVN opened at 2.60 VND, reached a high of 2.60 VND, a low of 2.50 VND, and closed the hour at 2.50 VND with a trading volume of 131,200 shares."
2026-01-21 14:00:00,2.5,2.5,2.5,2.5,24800,SVN,"At 2026-01-21 14:00:00, the stock SVN opened at 2.50 VND, reached a high of 2.50 VND, a low of 2.50 VND, and closed the hour at 2.50 VND with a trading volume of 24,800 shares."
2026-01-22 09:00:00,2.5,2.5,2.5,2.5,11600,SVN,"At 2026-01-22 09:00:00, the stock SVN opened at 2.50 VND, reached a high of 2.50 VND, a low of 2.50 VND, and closed the hour at 2.50 VND with a trading volume of 11,600 shares."
2026-01-22 10:00:00,2.5,2.5,2.4,2.4,16500,SVN,"At 2026-01-22 10:00:00, the stock SVN opened at 2.50 VND, reached a high of 2.50 VND, a low of 2.40 VND, and closed the hour at 2.40 VND with a trading volume of 16,500 shares."
2026-01-22 11:00:00,2.5,2.6,2.5,2.6,12500,SVN,"At 2026-01-22 11:00:00, the stock SVN opened at 2.50 VND, reached a high of 2.60 VND, a low of 2.50 VND, and closed the hour at 2.60 VND with a trading volume of 12,500 shares."
2026-01-22 13:00:00,2.6,2.6,2.5,2.5,46200,SVN,"At 2026-01-22 13:00:00, the stock SVN opened at 2.60 VND, reached a high of 2.60 VND, a low of 2.50 VND, and closed the hour at 2.50 VND with a trading volume of 46,200 shares."
2026-01-22 14:00:00,2.5,2.5,2.5,2.5,16600,SVN,"At 2026-01-22 14:00:00, the stock SVN opened at 2.50 VND, reached a high of 2.50 VND, a low of 2.50 VND, and closed the hour at 2.50 VND with a trading volume of 16,600 shares."
2026-01-23 09:00:00,2.6,2.6,2.5,2.5,18800,SVN,"At 2026-01-23 09:00:00, the stock SVN opened at 2.60 VND, reached a high of 2.60 VND, a low of 2.50 VND, and closed the hour at 2.50 VND with a trading volume of 18,800 shares."
2026-01-23 10:00:00,2.5,2.5,2.4,2.4,40100,SVN,"At 2026-01-23 10:00:00, the stock SVN opened at 2.50 VND, reached a high of 2.50 VND, a low of 2.40 VND, and closed the hour at 2.40 VND with a trading volume of 40,100 shares."
2026-01-23 11:00:00,2.4,2.5,2.4,2.4,18300,SVN,"At 2026-01-23 11:00:00, the stock SVN opened at 2.40 VND, reached a high of 2.50 VND, a low of 2.40 VND, and closed the hour at 2.40 VND with a trading volume of 18,300 shares."
2026-01-23 13:00:00,2.5,2.5,2.4,2.5,81600,SVN,"At 2026-01-23 13:00:00, the stock SVN opened at 2.50 VND, reached a high of 2.50 VND, a low of 2.40 VND, and closed the hour at 2.50 VND with a trading volume of 81,600 shares."
2026-01-23 14:00:00,2.4,2.5,2.4,2.4,60100,SVN,"At 2026-01-23 14:00:00, the stock SVN opened at 2.40 VND, reached a high of 2.50 VND, a low of 2.40 VND, and closed the hour at 2.40 VND with a trading volume of 60,100 shares."
2026-01-26 09:00:00,2.4,2.5,2.4,2.5,8500,SVN,"At 2026-01-26 09:00:00, the stock SVN opened at 2.40 VND, reached a high of 2.50 VND, a low of 2.40 VND, and closed the hour at 2.50 VND with a trading volume of 8,500 shares."
2026-01-26 10:00:00,2.4,2.4,2.3,2.3,124600,SVN,"At 2026-01-26 10:00:00, the stock SVN opened at 2.40 VND, reached a high of 2.40 VND, a low of 2.30 VND, and closed the hour at 2.30 VND with a trading volume of 124,600 shares."
2026-01-26 11:00:00,2.4,2.4,2.4,2.4,5400,SVN,"At 2026-01-26 11:00:00, the stock SVN opened at 2.40 VND, reached a high of 2.40 VND, a low of 2.40 VND, and closed the hour at 2.40 VND with a trading volume of 5,400 shares."
2026-01-26 13:00:00,2.3,2.4,2.2,2.4,132300,SVN,"At 2026-01-26 13:00:00, the stock SVN opened at 2.30 VND, reached a high of 2.40 VND, a low of 2.20 VND, and closed the hour at 2.40 VND with a trading volume of 132,300 shares."
2026-01-26 14:00:00,2.4,2.4,2.3,2.3,58700,SVN,"At 2026-01-26 14:00:00, the stock SVN opened at 2.40 VND, reached a high of 2.40 VND, a low of 2.30 VND, and closed the hour at 2.30 VND with a trading volume of 58,700 shares."
2026-01-27 09:00:00,2.3,2.3,2.2,2.3,5600,SVN,"At 2026-01-27 09:00:00, the stock SVN opened at 2.30 VND, reached a high of 2.30 VND, a low of 2.20 VND, and closed the hour at 2.30 VND with a trading volume of 5,600 shares."
2026-01-27 10:00:00,2.3,2.3,2.3,2.3,1600,SVN,"At 2026-01-27 10:00:00, the stock SVN opened at 2.30 VND, reached a high of 2.30 VND, a low of 2.30 VND, and closed the hour at 2.30 VND with a trading volume of 1,600 shares."
2026-01-27 13:00:00,2.3,2.4,2.3,2.4,1200,SVN,"At 2026-01-27 13:00:00, the stock SVN opened at 2.30 VND, reached a high of 2.40 VND, a low of 2.30 VND, and closed the hour at 2.40 VND with a trading volume of 1,200 shares."
2026-01-27 14:00:00,2.3,2.3,2.3,2.3,11600,SVN,"At 2026-01-27 14:00:00, the stock SVN opened at 2.30 VND, reached a high of 2.30 VND, a low of 2.30 VND, and closed the hour at 2.30 VND with a trading volume of 11,600 shares."
2026-01-28 09:00:00,2.3,2.3,2.2,2.3,47200,SVN,"At 2026-01-28 09:00:00, the stock SVN opened at 2.30 VND, reached a high of 2.30 VND, a low of 2.20 VND, and closed the hour at 2.30 VND with a trading volume of 47,200 shares."
2026-01-28 10:00:00,2.3,2.4,2.3,2.3,27700,SVN,"At 2026-01-28 10:00:00, the stock SVN opened at 2.30 VND, reached a high of 2.40 VND, a low of 2.30 VND, and closed the hour at 2.30 VND with a trading volume of 27,700 shares."
2026-01-28 13:00:00,2.3,2.3,2.3,2.3,16200,SVN,"At 2026-01-28 13:00:00, the stock SVN opened at 2.30 VND, reached a high of 2.30 VND, a low of 2.30 VND, and closed the hour at 2.30 VND with a trading volume of 16,200 shares."
2026-01-28 14:00:00,2.3,2.3,2.3,2.3,8200,SVN,"At 2026-01-28 14:00:00, the stock SVN opened at 2.30 VND, reached a high of 2.30 VND, a low of 2.30 VND, and closed the hour at 2.30 VND with a trading volume of 8,200 shares."
2026-01-29 09:00:00,2.3,2.3,2.3,2.3,4000,SVN,"At 2026-01-29 09:00:00, the stock SVN opened at 2.30 VND, reached a high of 2.30 VND, a low of 2.30 VND, and closed the hour at 2.30 VND with a trading volume of 4,000 shares."
2026-01-29 10:00:00,2.3,2.3,2.3,2.3,9000,SVN,"At 2026-01-29 10:00:00, the stock SVN opened at 2.30 VND, reached a high of 2.30 VND, a low of 2.30 VND, and closed the hour at 2.30 VND with a trading volume of 9,000 shares."
2026-01-29 11:00:00,2.3,2.4,2.3,2.4,2200,SVN,"At 2026-01-29 11:00:00, the stock SVN opened at 2.30 VND, reached a high of 2.40 VND, a low of 2.30 VND, and closed the hour at 2.40 VND with a trading volume of 2,200 shares."
2026-01-29 13:00:00,2.4,2.4,2.3,2.3,3300,SVN,"At 2026-01-29 13:00:00, the stock SVN opened at 2.40 VND, reached a high of 2.40 VND, a low of 2.30 VND, and closed the hour at 2.30 VND with a trading volume of 3,300 shares."
2026-01-29 14:00:00,2.3,2.4,2.2,2.2,131900,SVN,"At 2026-01-29 14:00:00, the stock SVN opened at 2.30 VND, reached a high of 2.40 VND, a low of 2.20 VND, and closed the hour at 2.20 VND with a trading volume of 131,900 shares."
2026-01-30 09:00:00,2.3,2.4,2.2,2.4,73600,SVN,"At 2026-01-30 09:00:00, the stock SVN opened at 2.30 VND, reached a high of 2.40 VND, a low of 2.20 VND, and closed the hour at 2.40 VND with a trading volume of 73,600 shares."
2026-01-30 10:00:00,2.3,2.4,2.3,2.4,46300,SVN,"At 2026-01-30 10:00:00, the stock SVN opened at 2.30 VND, reached a high of 2.40 VND, a low of 2.30 VND, and closed the hour at 2.40 VND with a trading volume of 46,300 shares."
2026-01-30 11:00:00,2.4,2.4,2.4,2.4,1300,SVN,"At 2026-01-30 11:00:00, the stock SVN opened at 2.40 VND, reached a high of 2.40 VND, a low of 2.40 VND, and closed the hour at 2.40 VND with a trading volume of 1,300 shares."
2026-01-30 13:00:00,2.4,2.4,2.3,2.3,207200,SVN,"At 2026-01-30 13:00:00, the stock SVN opened at 2.40 VND, reached a high of 2.40 VND, a low of 2.30 VND, and closed the hour at 2.30 VND with a trading volume of 207,200 shares."
2026-01-30 14:00:00,2.4,2.4,2.3,2.3,149800,SVN,"At 2026-01-30 14:00:00, the stock SVN opened at 2.40 VND, reached a high of 2.40 VND, a low of 2.30 VND, and closed the hour at 2.30 VND with a trading volume of 149,800 shares."
2026-02-02 09:00:00,2.2,2.5,2.2,2.3,59900,SVN,"At 2026-02-02 09:00:00, the stock SVN opened at 2.20 VND, reached a high of 2.50 VND, a low of 2.20 VND, and closed the hour at 2.30 VND with a trading volume of 59,900 shares."
2026-02-02 10:00:00,2.3,2.3,2.3,2.3,117600,SVN,"At 2026-02-02 10:00:00, the stock SVN opened at 2.30 VND, reached a high of 2.30 VND, a low of 2.30 VND, and closed the hour at 2.30 VND with a trading volume of 117,600 shares."
2026-02-02 11:00:00,2.3,2.3,2.3,2.3,26500,SVN,"At 2026-02-02 11:00:00, the stock SVN opened at 2.30 VND, reached a high of 2.30 VND, a low of 2.30 VND, and closed the hour at 2.30 VND with a trading volume of 26,500 shares."
2026-02-02 13:00:00,2.3,2.3,2.2,2.3,130800,SVN,"At 2026-02-02 13:00:00, the stock SVN opened at 2.30 VND, reached a high of 2.30 VND, a low of 2.20 VND, and closed the hour at 2.30 VND with a trading volume of 130,800 shares."
2026-02-02 14:00:00,2.3,2.3,2.2,2.3,57400,SVN,"At 2026-02-02 14:00:00, the stock SVN opened at 2.30 VND, reached a high of 2.30 VND, a low of 2.20 VND, and closed the hour at 2.30 VND with a trading volume of 57,400 shares."
2026-02-03 09:00:00,2.3,2.3,2.3,2.3,9300,SVN,"At 2026-02-03 09:00:00, the stock SVN opened at 2.30 VND, reached a high of 2.30 VND, a low of 2.30 VND, and closed the hour at 2.30 VND with a trading volume of 9,300 shares."
2026-02-03 10:00:00,2.3,2.3,2.2,2.2,14700,SVN,"At 2026-02-03 10:00:00, the stock SVN opened at 2.30 VND, reached a high of 2.30 VND, a low of 2.20 VND, and closed the hour at 2.20 VND with a trading volume of 14,700 shares."
2026-02-03 11:00:00,2.2,2.3,2.2,2.3,8600,SVN,"At 2026-02-03 11:00:00, the stock SVN opened at 2.20 VND, reached a high of 2.30 VND, a low of 2.20 VND, and closed the hour at 2.30 VND with a trading volume of 8,600 shares."
2026-02-03 13:00:00,2.3,2.3,2.2,2.3,239600,SVN,"At 2026-02-03 13:00:00, the stock SVN opened at 2.30 VND, reached a high of 2.30 VND, a low of 2.20 VND, and closed the hour at 2.30 VND with a trading volume of 239,600 shares."
2026-02-03 14:00:00,2.3,2.3,2.2,2.2,37100,SVN,"At 2026-02-03 14:00:00, the stock SVN opened at 2.30 VND, reached a high of 2.30 VND, a low of 2.20 VND, and closed the hour at 2.20 VND with a trading volume of 37,100 shares."
2026-02-04 09:00:00,2.2,2.4,2.2,2.4,119200,SVN,"At 2026-02-04 09:00:00, the stock SVN opened at 2.20 VND, reached a high of 2.40 VND, a low of 2.20 VND, and closed the hour at 2.40 VND with a trading volume of 119,200 shares."
2026-02-04 10:00:00,2.4,2.4,2.3,2.3,35100,SVN,"At 2026-02-04 10:00:00, the stock SVN opened at 2.40 VND, reached a high of 2.40 VND, a low of 2.30 VND, and closed the hour at 2.30 VND with a trading volume of 35,100 shares."
2026-02-04 11:00:00,2.3,2.3,2.3,2.3,500,SVN,"At 2026-02-04 11:00:00, the stock SVN opened at 2.30 VND, reached a high of 2.30 VND, a low of 2.30 VND, and closed the hour at 2.30 VND with a trading volume of 500 shares."
2026-02-04 13:00:00,2.3,2.4,2.2,2.2,82200,SVN,"At 2026-02-04 13:00:00, the stock SVN opened at 2.30 VND, reached a high of 2.40 VND, a low of 2.20 VND, and closed the hour at 2.20 VND with a trading volume of 82,200 shares."
2026-02-04 14:00:00,2.3,2.3,2.3,2.3,7100,SVN,"At 2026-02-04 14:00:00, the stock SVN opened at 2.30 VND, reached a high of 2.30 VND, a low of 2.30 VND, and closed the hour at 2.30 VND with a trading volume of 7,100 shares."
2026-02-05 09:00:00,2.3,2.3,2.2,2.3,193700,SVN,"At 2026-02-05 09:00:00, the stock SVN opened at 2.30 VND, reached a high of 2.30 VND, a low of 2.20 VND, and closed the hour at 2.30 VND with a trading volume of 193,700 shares."
2026-02-05 10:00:00,2.3,2.3,2.2,2.3,6300,SVN,"At 2026-02-05 10:00:00, the stock SVN opened at 2.30 VND, reached a high of 2.30 VND, a low of 2.20 VND, and closed the hour at 2.30 VND with a trading volume of 6,300 shares."
2026-02-05 11:00:00,2.3,2.3,2.3,2.3,500,SVN,"At 2026-02-05 11:00:00, the stock SVN opened at 2.30 VND, reached a high of 2.30 VND, a low of 2.30 VND, and closed the hour at 2.30 VND with a trading volume of 500 shares."
2026-02-05 13:00:00,2.3,2.3,2.3,2.3,7500,SVN,"At 2026-02-05 13:00:00, the stock SVN opened at 2.30 VND, reached a high of 2.30 VND, a low of 2.30 VND, and closed the hour at 2.30 VND with a trading volume of 7,500 shares."
2026-02-05 14:00:00,2.3,2.3,2.2,2.3,23200,SVN,"At 2026-02-05 14:00:00, the stock SVN opened at 2.30 VND, reached a high of 2.30 VND, a low of 2.20 VND, and closed the hour at 2.30 VND with a trading volume of 23,200 shares."
2026-02-06 09:00:00,2.3,2.3,2.2,2.3,48600,SVN,"At 2026-02-06 09:00:00, the stock SVN opened at 2.30 VND, reached a high of 2.30 VND, a low of 2.20 VND, and closed the hour at 2.30 VND with a trading volume of 48,600 shares."
2026-02-06 10:00:00,2.3,2.3,2.2,2.2,5400,SVN,"At 2026-02-06 10:00:00, the stock SVN opened at 2.30 VND, reached a high of 2.30 VND, a low of 2.20 VND, and closed the hour at 2.20 VND with a trading volume of 5,400 shares."
2026-02-06 13:00:00,2.3,2.3,2.2,2.3,6900,SVN,"At 2026-02-06 13:00:00, the stock SVN opened at 2.30 VND, reached a high of 2.30 VND, a low of 2.20 VND, and closed the hour at 2.30 VND with a trading volume of 6,900 shares."
2026-02-06 14:00:00,2.2,2.3,2.2,2.2,30200,SVN,"At 2026-02-06 14:00:00, the stock SVN opened at 2.20 VND, reached a high of 2.30 VND, a low of 2.20 VND, and closed the hour at 2.20 VND with a trading volume of 30,200 shares."
2026-02-09 09:00:00,2.2,2.3,2.2,2.2,22600,SVN,"At 2026-02-09 09:00:00, the stock SVN opened at 2.20 VND, reached a high of 2.30 VND, a low of 2.20 VND, and closed the hour at 2.20 VND with a trading volume of 22,600 shares."
2026-02-09 10:00:00,2.3,2.3,2.2,2.2,1500,SVN,"At 2026-02-09 10:00:00, the stock SVN opened at 2.30 VND, reached a high of 2.30 VND, a low of 2.20 VND, and closed the hour at 2.20 VND with a trading volume of 1,500 shares."
2026-02-09 11:00:00,2.2,2.2,2.2,2.2,63900,SVN,"At 2026-02-09 11:00:00, the stock SVN opened at 2.20 VND, reached a high of 2.20 VND, a low of 2.20 VND, and closed the hour at 2.20 VND with a trading volume of 63,900 shares."
2026-02-09 13:00:00,2.2,2.3,2.2,2.3,23000,SVN,"At 2026-02-09 13:00:00, the stock SVN opened at 2.20 VND, reached a high of 2.30 VND, a low of 2.20 VND, and closed the hour at 2.30 VND with a trading volume of 23,000 shares."
2026-02-09 14:00:00,2.3,2.3,2.2,2.2,8200,SVN,"At 2026-02-09 14:00:00, the stock SVN opened at 2.30 VND, reached a high of 2.30 VND, a low of 2.20 VND, and closed the hour at 2.20 VND with a trading volume of 8,200 shares."
2026-02-10 09:00:00,2.2,2.3,2.2,2.3,4500,SVN,"At 2026-02-10 09:00:00, the stock SVN opened at 2.20 VND, reached a high of 2.30 VND, a low of 2.20 VND, and closed the hour at 2.30 VND with a trading volume of 4,500 shares."
2026-02-10 10:00:00,2.2,2.2,2.2,2.2,13800,SVN,"At 2026-02-10 10:00:00, the stock SVN opened at 2.20 VND, reached a high of 2.20 VND, a low of 2.20 VND, and closed the hour at 2.20 VND with a trading volume of 13,800 shares."
2026-02-10 11:00:00,2.2,2.3,2.2,2.3,5200,SVN,"At 2026-02-10 11:00:00, the stock SVN opened at 2.20 VND, reached a high of 2.30 VND, a low of 2.20 VND, and closed the hour at 2.30 VND with a trading volume of 5,200 shares."
2026-02-10 13:00:00,2.2,2.3,2.2,2.2,73500,SVN,"At 2026-02-10 13:00:00, the stock SVN opened at 2.20 VND, reached a high of 2.30 VND, a low of 2.20 VND, and closed the hour at 2.20 VND with a trading volume of 73,500 shares."
2026-02-10 14:00:00,2.2,2.2,2.2,2.2,29000,SVN,"At 2026-02-10 14:00:00, the stock SVN opened at 2.20 VND, reached a high of 2.20 VND, a low of 2.20 VND, and closed the hour at 2.20 VND with a trading volume of 29,000 shares."
2026-02-11 09:00:00,2.2,2.3,2.2,2.3,123800,SVN,"At 2026-02-11 09:00:00, the stock SVN opened at 2.20 VND, reached a high of 2.30 VND, a low of 2.20 VND, and closed the hour at 2.30 VND with a trading volume of 123,800 shares."
2026-02-11 10:00:00,2.3,2.3,2.2,2.2,1900,SVN,"At 2026-02-11 10:00:00, the stock SVN opened at 2.30 VND, reached a high of 2.30 VND, a low of 2.20 VND, and closed the hour at 2.20 VND with a trading volume of 1,900 shares."
2026-02-11 11:00:00,2.2,2.2,2.2,2.2,22900,SVN,"At 2026-02-11 11:00:00, the stock SVN opened at 2.20 VND, reached a high of 2.20 VND, a low of 2.20 VND, and closed the hour at 2.20 VND with a trading volume of 22,900 shares."
2026-02-11 13:00:00,2.2,2.2,2.2,2.2,21200,SVN,"At 2026-02-11 13:00:00, the stock SVN opened at 2.20 VND, reached a high of 2.20 VND, a low of 2.20 VND, and closed the hour at 2.20 VND with a trading volume of 21,200 shares."
2026-02-11 14:00:00,2.2,2.2,2.2,2.2,11700,SVN,"At 2026-02-11 14:00:00, the stock SVN opened at 2.20 VND, reached a high of 2.20 VND, a low of 2.20 VND, and closed the hour at 2.20 VND with a trading volume of 11,700 shares."
2026-02-12 09:00:00,2.2,2.2,2.2,2.2,800,SVN,"At 2026-02-12 09:00:00, the stock SVN opened at 2.20 VND, reached a high of 2.20 VND, a low of 2.20 VND, and closed the hour at 2.20 VND with a trading volume of 800 shares."
2026-02-12 10:00:00,2.2,2.3,2.2,2.3,1600,SVN,"At 2026-02-12 10:00:00, the stock SVN opened at 2.20 VND, reached a high of 2.30 VND, a low of 2.20 VND, and closed the hour at 2.30 VND with a trading volume of 1,600 shares."
2026-02-12 11:00:00,2.3,2.3,2.2,2.2,8000,SVN,"At 2026-02-12 11:00:00, the stock SVN opened at 2.30 VND, reached a high of 2.30 VND, a low of 2.20 VND, and closed the hour at 2.20 VND with a trading volume of 8,000 shares."
2026-02-12 13:00:00,2.3,2.3,2.2,2.2,20200,SVN,"At 2026-02-12 13:00:00, the stock SVN opened at 2.30 VND, reached a high of 2.30 VND, a low of 2.20 VND, and closed the hour at 2.20 VND with a trading volume of 20,200 shares."
2026-02-12 14:00:00,2.2,2.2,2.2,2.2,19500,SVN,"At 2026-02-12 14:00:00, the stock SVN opened at 2.20 VND, reached a high of 2.20 VND, a low of 2.20 VND, and closed the hour at 2.20 VND with a trading volume of 19,500 shares."
2026-02-13 09:00:00,2.2,2.2,2.2,2.2,900,SVN,"At 2026-02-13 09:00:00, the stock SVN opened at 2.20 VND, reached a high of 2.20 VND, a low of 2.20 VND, and closed the hour at 2.20 VND with a trading volume of 900 shares."
2026-02-13 10:00:00,2.2,2.3,2.2,2.3,2400,SVN,"At 2026-02-13 10:00:00, the stock SVN opened at 2.20 VND, reached a high of 2.30 VND, a low of 2.20 VND, and closed the hour at 2.30 VND with a trading volume of 2,400 shares."
2026-02-13 13:00:00,2.3,2.3,2.2,2.3,7800,SVN,"At 2026-02-13 13:00:00, the stock SVN opened at 2.30 VND, reached a high of 2.30 VND, a low of 2.20 VND, and closed the hour at 2.30 VND with a trading volume of 7,800 shares."
2026-02-13 14:00:00,2.3,2.3,2.2,2.2,145300,SVN,"At 2026-02-13 14:00:00, the stock SVN opened at 2.30 VND, reached a high of 2.30 VND, a low of 2.20 VND, and closed the hour at 2.20 VND with a trading volume of 145,300 shares."
2026-02-23 09:00:00,2.3,2.3,2.2,2.2,600,SVN,"At 2026-02-23 09:00:00, the stock SVN opened at 2.30 VND, reached a high of 2.30 VND, a low of 2.20 VND, and closed the hour at 2.20 VND with a trading volume of 600 shares."
2026-02-23 10:00:00,2.2,2.2,2.2,2.2,45600,SVN,"At 2026-02-23 10:00:00, the stock SVN opened at 2.20 VND, reached a high of 2.20 VND, a low of 2.20 VND, and closed the hour at 2.20 VND with a trading volume of 45,600 shares."
2026-02-23 11:00:00,2.2,2.2,2.2,2.2,5100,SVN,"At 2026-02-23 11:00:00, the stock SVN opened at 2.20 VND, reached a high of 2.20 VND, a low of 2.20 VND, and closed the hour at 2.20 VND with a trading volume of 5,100 shares."
2026-02-23 13:00:00,2.3,2.3,2.2,2.2,7500,SVN,"At 2026-02-23 13:00:00, the stock SVN opened at 2.30 VND, reached a high of 2.30 VND, a low of 2.20 VND, and closed the hour at 2.20 VND with a trading volume of 7,500 shares."
2026-02-23 14:00:00,2.2,2.3,2.2,2.3,3500,SVN,"At 2026-02-23 14:00:00, the stock SVN opened at 2.20 VND, reached a high of 2.30 VND, a low of 2.20 VND, and closed the hour at 2.30 VND with a trading volume of 3,500 shares."
2026-02-24 09:00:00,2.3,2.3,2.2,2.3,47600,SVN,"At 2026-02-24 09:00:00, the stock SVN opened at 2.30 VND, reached a high of 2.30 VND, a low of 2.20 VND, and closed the hour at 2.30 VND with a trading volume of 47,600 shares."
2026-02-24 10:00:00,2.2,2.2,2.2,2.2,3000,SVN,"At 2026-02-24 10:00:00, the stock SVN opened at 2.20 VND, reached a high of 2.20 VND, a low of 2.20 VND, and closed the hour at 2.20 VND with a trading volume of 3,000 shares."
2026-02-24 11:00:00,2.2,2.2,2.2,2.2,17400,SVN,"At 2026-02-24 11:00:00, the stock SVN opened at 2.20 VND, reached a high of 2.20 VND, a low of 2.20 VND, and closed the hour at 2.20 VND with a trading volume of 17,400 shares."
2026-02-24 13:00:00,2.2,2.3,2.2,2.2,41200,SVN,"At 2026-02-24 13:00:00, the stock SVN opened at 2.20 VND, reached a high of 2.30 VND, a low of 2.20 VND, and closed the hour at 2.20 VND with a trading volume of 41,200 shares."
2026-02-24 14:00:00,2.3,2.3,2.3,2.3,79200,SVN,"At 2026-02-24 14:00:00, the stock SVN opened at 2.30 VND, reached a high of 2.30 VND, a low of 2.30 VND, and closed the hour at 2.30 VND with a trading volume of 79,200 shares."
2026-02-25 09:00:00,2.3,2.3,2.2,2.2,27300,SVN,"At 2026-02-25 09:00:00, the stock SVN opened at 2.30 VND, reached a high of 2.30 VND, a low of 2.20 VND, and closed the hour at 2.20 VND with a trading volume of 27,300 shares."
2026-02-25 10:00:00,2.2,2.2,2.2,2.2,47000,SVN,"At 2026-02-25 10:00:00, the stock SVN opened at 2.20 VND, reached a high of 2.20 VND, a low of 2.20 VND, and closed the hour at 2.20 VND with a trading volume of 47,000 shares."
2026-02-25 11:00:00,2.2,2.3,2.2,2.3,2200,SVN,"At 2026-02-25 11:00:00, the stock SVN opened at 2.20 VND, reached a high of 2.30 VND, a low of 2.20 VND, and closed the hour at 2.30 VND with a trading volume of 2,200 shares."
2026-02-25 13:00:00,2.2,2.3,2.2,2.3,33300,SVN,"At 2026-02-25 13:00:00, the stock SVN opened at 2.20 VND, reached a high of 2.30 VND, a low of 2.20 VND, and closed the hour at 2.30 VND with a trading volume of 33,300 shares."
2026-02-25 14:00:00,2.2,2.2,2.2,2.2,44100,SVN,"At 2026-02-25 14:00:00, the stock SVN opened at 2.20 VND, reached a high of 2.20 VND, a low of 2.20 VND, and closed the hour at 2.20 VND with a trading volume of 44,100 shares."
2026-02-26 09:00:00,2.2,2.3,2.2,2.2,8700,SVN,"At 2026-02-26 09:00:00, the stock SVN opened at 2.20 VND, reached a high of 2.30 VND, a low of 2.20 VND, and closed the hour at 2.20 VND with a trading volume of 8,700 shares."
2026-02-26 10:00:00,2.2,2.2,2.2,2.2,1100,SVN,"At 2026-02-26 10:00:00, the stock SVN opened at 2.20 VND, reached a high of 2.20 VND, a low of 2.20 VND, and closed the hour at 2.20 VND with a trading volume of 1,100 shares."
2026-02-26 13:00:00,2.2,2.2,2.2,2.2,42000,SVN,"At 2026-02-26 13:00:00, the stock SVN opened at 2.20 VND, reached a high of 2.20 VND, a low of 2.20 VND, and closed the hour at 2.20 VND with a trading volume of 42,000 shares."
2026-02-26 14:00:00,2.3,2.3,2.2,2.2,44000,SVN,"At 2026-02-26 14:00:00, the stock SVN opened at 2.30 VND, reached a high of 2.30 VND, a low of 2.20 VND, and closed the hour at 2.20 VND with a trading volume of 44,000 shares."
2026-02-27 09:00:00,2.3,2.3,2.3,2.3,400,SVN,"At 2026-02-27 09:00:00, the stock SVN opened at 2.30 VND, reached a high of 2.30 VND, a low of 2.30 VND, and closed the hour at 2.30 VND with a trading volume of 400 shares."
2026-02-27 11:00:00,2.2,2.2,2.2,2.2,2000,SVN,"At 2026-02-27 11:00:00, the stock SVN opened at 2.20 VND, reached a high of 2.20 VND, a low of 2.20 VND, and closed the hour at 2.20 VND with a trading volume of 2,000 shares."
2026-02-27 13:00:00,2.2,2.2,2.2,2.2,21900,SVN,"At 2026-02-27 13:00:00, the stock SVN opened at 2.20 VND, reached a high of 2.20 VND, a low of 2.20 VND, and closed the hour at 2.20 VND with a trading volume of 21,900 shares."
2026-02-27 14:00:00,2.2,2.2,2.2,2.2,16600,SVN,"At 2026-02-27 14:00:00, the stock SVN opened at 2.20 VND, reached a high of 2.20 VND, a low of 2.20 VND, and closed the hour at 2.20 VND with a trading volume of 16,600 shares."
2026-03-02 09:00:00,2.2,2.2,2.1,2.1,49800,SVN,"At 2026-03-02 09:00:00, the stock SVN opened at 2.20 VND, reached a high of 2.20 VND, a low of 2.10 VND, and closed the hour at 2.10 VND with a trading volume of 49,800 shares."
2026-03-02 10:00:00,2.2,2.2,2.2,2.2,4000,SVN,"At 2026-03-02 10:00:00, the stock SVN opened at 2.20 VND, reached a high of 2.20 VND, a low of 2.20 VND, and closed the hour at 2.20 VND with a trading volume of 4,000 shares."
2026-03-02 11:00:00,2.2,2.2,2.2,2.2,800,SVN,"At 2026-03-02 11:00:00, the stock SVN opened at 2.20 VND, reached a high of 2.20 VND, a low of 2.20 VND, and closed the hour at 2.20 VND with a trading volume of 800 shares."
2026-03-02 13:00:00,2.1,2.2,2.1,2.2,1000,SVN,"At 2026-03-02 13:00:00, the stock SVN opened at 2.10 VND, reached a high of 2.20 VND, a low of 2.10 VND, and closed the hour at 2.20 VND with a trading volume of 1,000 shares."
2026-03-02 14:00:00,2.1,2.2,2.1,2.1,96700,SVN,"At 2026-03-02 14:00:00, the stock SVN opened at 2.10 VND, reached a high of 2.20 VND, a low of 2.10 VND, and closed the hour at 2.10 VND with a trading volume of 96,700 shares."
2026-03-03 09:00:00,2.1,2.2,2.1,2.1,23900,SVN,"At 2026-03-03 09:00:00, the stock SVN opened at 2.10 VND, reached a high of 2.20 VND, a low of 2.10 VND, and closed the hour at 2.10 VND with a trading volume of 23,900 shares."
2026-03-03 10:00:00,2.1,2.2,2.1,2.2,23100,SVN,"At 2026-03-03 10:00:00, the stock SVN opened at 2.10 VND, reached a high of 2.20 VND, a low of 2.10 VND, and closed the hour at 2.20 VND with a trading volume of 23,100 shares."
2026-03-03 11:00:00,2.2,2.2,2.2,2.2,300,SVN,"At 2026-03-03 11:00:00, the stock SVN opened at 2.20 VND, reached a high of 2.20 VND, a low of 2.20 VND, and closed the hour at 2.20 VND with a trading volume of 300 shares."
2026-03-03 13:00:00,2.2,2.2,2.0,2.1,111000,SVN,"At 2026-03-03 13:00:00, the stock SVN opened at 2.20 VND, reached a high of 2.20 VND, a low of 2.00 VND, and closed the hour at 2.10 VND with a trading volume of 111,000 shares."
2026-03-03 14:00:00,2.1,2.1,2.1,2.1,11400,SVN,"At 2026-03-03 14:00:00, the stock SVN opened at 2.10 VND, reached a high of 2.10 VND, a low of 2.10 VND, and closed the hour at 2.10 VND with a trading volume of 11,400 shares."
2026-03-04 09:00:00,2.1,2.2,2.0,2.1,56800,SVN,"At 2026-03-04 09:00:00, the stock SVN opened at 2.10 VND, reached a high of 2.20 VND, a low of 2.00 VND, and closed the hour at 2.10 VND with a trading volume of 56,800 shares."
2026-03-04 10:00:00,2.1,2.1,2.0,2.0,316700,SVN,"At 2026-03-04 10:00:00, the stock SVN opened at 2.10 VND, reached a high of 2.10 VND, a low of 2.00 VND, and closed the hour at 2.00 VND with a trading volume of 316,700 shares."
2026-03-04 11:00:00,2.0,2.1,2.0,2.1,5300,SVN,"At 2026-03-04 11:00:00, the stock SVN opened at 2.00 VND, reached a high of 2.10 VND, a low of 2.00 VND, and closed the hour at 2.10 VND with a trading volume of 5,300 shares."
2026-03-04 13:00:00,2.0,2.0,2.0,2.0,215700,SVN,"At 2026-03-04 13:00:00, the stock SVN opened at 2.00 VND, reached a high of 2.00 VND, a low of 2.00 VND, and closed the hour at 2.00 VND with a trading volume of 215,700 shares."
2026-03-04 14:00:00,2.1,2.1,2.0,2.0,16700,SVN,"At 2026-03-04 14:00:00, the stock SVN opened at 2.10 VND, reached a high of 2.10 VND, a low of 2.00 VND, and closed the hour at 2.00 VND with a trading volume of 16,700 shares."
2026-03-05 09:00:00,2.1,2.1,2.0,2.0,37800,SVN,"At 2026-03-05 09:00:00, the stock SVN opened at 2.10 VND, reached a high of 2.10 VND, a low of 2.00 VND, and closed the hour at 2.00 VND with a trading volume of 37,800 shares."
2026-03-05 10:00:00,2.0,2.1,1.9,2.0,64900,SVN,"At 2026-03-05 10:00:00, the stock SVN opened at 2.00 VND, reached a high of 2.10 VND, a low of 1.90 VND, and closed the hour at 2.00 VND with a trading volume of 64,900 shares."
2026-03-05 11:00:00,1.9,1.9,1.9,1.9,100,SVN,"At 2026-03-05 11:00:00, the stock SVN opened at 1.90 VND, reached a high of 1.90 VND, a low of 1.90 VND, and closed the hour at 1.90 VND with a trading volume of 100 shares."
2026-03-05 13:00:00,2.0,2.0,2.0,2.0,97500,SVN,"At 2026-03-05 13:00:00, the stock SVN opened at 2.00 VND, reached a high of 2.00 VND, a low of 2.00 VND, and closed the hour at 2.00 VND with a trading volume of 97,500 shares."
2026-03-05 14:00:00,2.0,2.1,2.0,2.0,5300,SVN,"At 2026-03-05 14:00:00, the stock SVN opened at 2.00 VND, reached a high of 2.10 VND, a low of 2.00 VND, and closed the hour at 2.00 VND with a trading volume of 5,300 shares."
2026-03-06 09:00:00,2.0,2.0,2.0,2.0,500,SVN,"At 2026-03-06 09:00:00, the stock SVN opened at 2.00 VND, reached a high of 2.00 VND, a low of 2.00 VND, and closed the hour at 2.00 VND with a trading volume of 500 shares."
2026-03-06 10:00:00,1.9,1.9,1.9,1.9,2400,SVN,"At 2026-03-06 10:00:00, the stock SVN opened at 1.90 VND, reached a high of 1.90 VND, a low of 1.90 VND, and closed the hour at 1.90 VND with a trading volume of 2,400 shares."
2026-03-06 11:00:00,1.9,2.0,1.9,2.0,8100,SVN,"At 2026-03-06 11:00:00, the stock SVN opened at 1.90 VND, reached a high of 2.00 VND, a low of 1.90 VND, and closed the hour at 2.00 VND with a trading volume of 8,100 shares."
2026-03-06 13:00:00,2.0,2.0,1.9,2.0,54900,SVN,"At 2026-03-06 13:00:00, the stock SVN opened at 2.00 VND, reached a high of 2.00 VND, a low of 1.90 VND, and closed the hour at 2.00 VND with a trading volume of 54,900 shares."
2026-03-06 14:00:00,1.9,1.9,1.9,1.9,13800,SVN,"At 2026-03-06 14:00:00, the stock SVN opened at 1.90 VND, reached a high of 1.90 VND, a low of 1.90 VND, and closed the hour at 1.90 VND with a trading volume of 13,800 shares."
2026-03-09 09:00:00,1.9,1.9,1.8,1.8,299600,SVN,"At 2026-03-09 09:00:00, the stock SVN opened at 1.90 VND, reached a high of 1.90 VND, a low of 1.80 VND, and closed the hour at 1.80 VND with a trading volume of 299,600 shares."
2026-03-09 10:00:00,1.8,1.9,1.8,1.8,74700,SVN,"At 2026-03-09 10:00:00, the stock SVN opened at 1.80 VND, reached a high of 1.90 VND, a low of 1.80 VND, and closed the hour at 1.80 VND with a trading volume of 74,700 shares."
2026-03-09 11:00:00,1.8,1.8,1.8,1.8,35400,SVN,"At 2026-03-09 11:00:00, the stock SVN opened at 1.80 VND, reached a high of 1.80 VND, a low of 1.80 VND, and closed the hour at 1.80 VND with a trading volume of 35,400 shares."
2026-03-09 13:00:00,1.9,1.9,1.8,1.8,24000,SVN,"At 2026-03-09 13:00:00, the stock SVN opened at 1.90 VND, reached a high of 1.90 VND, a low of 1.80 VND, and closed the hour at 1.80 VND with a trading volume of 24,000 shares."
2026-03-09 14:00:00,1.8,1.8,1.8,1.8,8700,SVN,"At 2026-03-09 14:00:00, the stock SVN opened at 1.80 VND, reached a high of 1.80 VND, a low of 1.80 VND, and closed the hour at 1.80 VND with a trading volume of 8,700 shares."
2026-03-10 09:00:00,1.8,1.9,1.8,1.9,9800,SVN,"At 2026-03-10 09:00:00, the stock SVN opened at 1.80 VND, reached a high of 1.90 VND, a low of 1.80 VND, and closed the hour at 1.90 VND with a trading volume of 9,800 shares."
2026-03-10 10:00:00,1.9,1.9,1.8,1.8,18200,SVN,"At 2026-03-10 10:00:00, the stock SVN opened at 1.90 VND, reached a high of 1.90 VND, a low of 1.80 VND, and closed the hour at 1.80 VND with a trading volume of 18,200 shares."
2026-03-10 11:00:00,1.8,1.9,1.8,1.9,10200,SVN,"At 2026-03-10 11:00:00, the stock SVN opened at 1.80 VND, reached a high of 1.90 VND, a low of 1.80 VND, and closed the hour at 1.90 VND with a trading volume of 10,200 shares."
2026-03-10 13:00:00,1.9,1.9,1.8,1.8,80500,SVN,"At 2026-03-10 13:00:00, the stock SVN opened at 1.90 VND, reached a high of 1.90 VND, a low of 1.80 VND, and closed the hour at 1.80 VND with a trading volume of 80,500 shares."
2026-03-10 14:00:00,1.8,1.9,1.7,1.8,122900,SVN,"At 2026-03-10 14:00:00, the stock SVN opened at 1.80 VND, reached a high of 1.90 VND, a low of 1.70 VND, and closed the hour at 1.80 VND with a trading volume of 122,900 shares."
2026-03-11 09:00:00,1.8,1.9,1.8,1.9,206300,SVN,"At 2026-03-11 09:00:00, the stock SVN opened at 1.80 VND, reached a high of 1.90 VND, a low of 1.80 VND, and closed the hour at 1.90 VND with a trading volume of 206,300 shares."
2026-03-11 10:00:00,1.9,1.9,1.9,1.9,25700,SVN,"At 2026-03-11 10:00:00, the stock SVN opened at 1.90 VND, reached a high of 1.90 VND, a low of 1.90 VND, and closed the hour at 1.90 VND with a trading volume of 25,700 shares."
2026-03-11 13:00:00,1.9,1.9,1.9,1.9,9000,SVN,"At 2026-03-11 13:00:00, the stock SVN opened at 1.90 VND, reached a high of 1.90 VND, a low of 1.90 VND, and closed the hour at 1.90 VND with a trading volume of 9,000 shares."
2026-03-11 14:00:00,1.9,1.9,1.9,1.9,2400,SVN,"At 2026-03-11 14:00:00, the stock SVN opened at 1.90 VND, reached a high of 1.90 VND, a low of 1.90 VND, and closed the hour at 1.90 VND with a trading volume of 2,400 shares."
2026-03-12 09:00:00,2.0,2.0,2.0,2.0,470200,SVN,"At 2026-03-12 09:00:00, the stock SVN opened at 2.00 VND, reached a high of 2.00 VND, a low of 2.00 VND, and closed the hour at 2.00 VND with a trading volume of 470,200 shares."
2026-03-12 10:00:00,2.0,2.0,2.0,2.0,300,SVN,"At 2026-03-12 10:00:00, the stock SVN opened at 2.00 VND, reached a high of 2.00 VND, a low of 2.00 VND, and closed the hour at 2.00 VND with a trading volume of 300 shares."
2026-03-12 13:00:00,2.0,2.0,2.0,2.0,500,SVN,"At 2026-03-12 13:00:00, the stock SVN opened at 2.00 VND, reached a high of 2.00 VND, a low of 2.00 VND, and closed the hour at 2.00 VND with a trading volume of 500 shares."
2026-03-12 14:00:00,2.0,2.0,2.0,2.0,135000,SVN,"At 2026-03-12 14:00:00, the stock SVN opened at 2.00 VND, reached a high of 2.00 VND, a low of 2.00 VND, and closed the hour at 2.00 VND with a trading volume of 135,000 shares."
2026-03-13 09:00:00,2.2,2.2,2.1,2.1,174100,SVN,"At 2026-03-13 09:00:00, the stock SVN opened at 2.20 VND, reached a high of 2.20 VND, a low of 2.10 VND, and closed the hour at 2.10 VND with a trading volume of 174,100 shares."
2026-03-13 10:00:00,2.1,2.1,2.0,2.1,4800,SVN,"At 2026-03-13 10:00:00, the stock SVN opened at 2.10 VND, reached a high of 2.10 VND, a low of 2.00 VND, and closed the hour at 2.10 VND with a trading volume of 4,800 shares."
2026-03-13 11:00:00,2.1,2.2,2.1,2.1,27600,SVN,"At 2026-03-13 11:00:00, the stock SVN opened at 2.10 VND, reached a high of 2.20 VND, a low of 2.10 VND, and closed the hour at 2.10 VND with a trading volume of 27,600 shares."
2026-03-13 13:00:00,2.1,2.1,2.0,2.1,34100,SVN,"At 2026-03-13 13:00:00, the stock SVN opened at 2.10 VND, reached a high of 2.10 VND, a low of 2.00 VND, and closed the hour at 2.10 VND with a trading volume of 34,100 shares."
2026-03-13 14:00:00,2.1,2.1,2.0,2.0,9000,SVN,"At 2026-03-13 14:00:00, the stock SVN opened at 2.10 VND, reached a high of 2.10 VND, a low of 2.00 VND, and closed the hour at 2.00 VND with a trading volume of 9,000 shares."
2026-03-16 09:00:00,2.1,2.1,2.0,2.1,128200,SVN,"At 2026-03-16 09:00:00, the stock SVN opened at 2.10 VND, reached a high of 2.10 VND, a low of 2.00 VND, and closed the hour at 2.10 VND with a trading volume of 128,200 shares."
2026-03-16 10:00:00,2.0,2.0,2.0,2.0,44900,SVN,"At 2026-03-16 10:00:00, the stock SVN opened at 2.00 VND, reached a high of 2.00 VND, a low of 2.00 VND, and closed the hour at 2.00 VND with a trading volume of 44,900 shares."
2026-03-16 11:00:00,2.0,2.0,2.0,2.0,10800,SVN,"At 2026-03-16 11:00:00, the stock SVN opened at 2.00 VND, reached a high of 2.00 VND, a low of 2.00 VND, and closed the hour at 2.00 VND with a trading volume of 10,800 shares."
2026-03-16 13:00:00,2.0,2.0,1.9,2.0,11100,SVN,"At 2026-03-16 13:00:00, the stock SVN opened at 2.00 VND, reached a high of 2.00 VND, a low of 1.90 VND, and closed the hour at 2.00 VND with a trading volume of 11,100 shares."
2026-03-16 14:00:00,2.0,2.0,2.0,2.0,115500,SVN,"At 2026-03-16 14:00:00, the stock SVN opened at 2.00 VND, reached a high of 2.00 VND, a low of 2.00 VND, and closed the hour at 2.00 VND with a trading volume of 115,500 shares."
2026-03-17 09:00:00,1.9,2.1,1.9,2.0,29300,SVN,"At 2026-03-17 09:00:00, the stock SVN opened at 1.90 VND, reached a high of 2.10 VND, a low of 1.90 VND, and closed the hour at 2.00 VND with a trading volume of 29,300 shares."
2026-03-17 10:00:00,2.0,2.0,2.0,2.0,700,SVN,"At 2026-03-17 10:00:00, the stock SVN opened at 2.00 VND, reached a high of 2.00 VND, a low of 2.00 VND, and closed the hour at 2.00 VND with a trading volume of 700 shares."
2026-03-17 13:00:00,2.0,2.0,1.9,2.0,46900,SVN,"At 2026-03-17 13:00:00, the stock SVN opened at 2.00 VND, reached a high of 2.00 VND, a low of 1.90 VND, and closed the hour at 2.00 VND with a trading volume of 46,900 shares."
2026-03-17 14:00:00,1.9,2.0,1.9,2.0,900,SVN,"At 2026-03-17 14:00:00, the stock SVN opened at 1.90 VND, reached a high of 2.00 VND, a low of 1.90 VND, and closed the hour at 2.00 VND with a trading volume of 900 shares."
2026-03-18 09:00:00,2.0,2.0,2.0,2.0,44500,SVN,"At 2026-03-18 09:00:00, the stock SVN opened at 2.00 VND, reached a high of 2.00 VND, a low of 2.00 VND, and closed the hour at 2.00 VND with a trading volume of 44,500 shares."
2026-03-18 10:00:00,2.0,2.0,1.9,1.9,1600,SVN,"At 2026-03-18 10:00:00, the stock SVN opened at 2.00 VND, reached a high of 2.00 VND, a low of 1.90 VND, and closed the hour at 1.90 VND with a trading volume of 1,600 shares."
2026-03-18 13:00:00,2.0,2.0,1.9,1.9,54500,SVN,"At 2026-03-18 13:00:00, the stock SVN opened at 2.00 VND, reached a high of 2.00 VND, a low of 1.90 VND, and closed the hour at 1.90 VND with a trading volume of 54,500 shares."
2026-03-18 14:00:00,2.0,2.0,2.0,2.0,14500,SVN,"At 2026-03-18 14:00:00, the stock SVN opened at 2.00 VND, reached a high of 2.00 VND, a low of 2.00 VND, and closed the hour at 2.00 VND with a trading volume of 14,500 shares."
2026-03-19 09:00:00,1.9,1.9,1.9,1.9,2800,SVN,"At 2026-03-19 09:00:00, the stock SVN opened at 1.90 VND, reached a high of 1.90 VND, a low of 1.90 VND, and closed the hour at 1.90 VND with a trading volume of 2,800 shares."
2026-03-19 10:00:00,1.9,1.9,1.9,1.9,100,SVN,"At 2026-03-19 10:00:00, the stock SVN opened at 1.90 VND, reached a high of 1.90 VND, a low of 1.90 VND, and closed the hour at 1.90 VND with a trading volume of 100 shares."
2026-03-19 11:00:00,2.0,2.0,1.9,1.9,300,SVN,"At 2026-03-19 11:00:00, the stock SVN opened at 2.00 VND, reached a high of 2.00 VND, a low of 1.90 VND, and closed the hour at 1.90 VND with a trading volume of 300 shares."
2026-03-19 13:00:00,1.9,1.9,1.9,1.9,29900,SVN,"At 2026-03-19 13:00:00, the stock SVN opened at 1.90 VND, reached a high of 1.90 VND, a low of 1.90 VND, and closed the hour at 1.90 VND with a trading volume of 29,900 shares."
2026-03-19 14:00:00,1.9,2.0,1.9,2.0,8400,SVN,"At 2026-03-19 14:00:00, the stock SVN opened at 1.90 VND, reached a high of 2.00 VND, a low of 1.90 VND, and closed the hour at 2.00 VND with a trading volume of 8,400 shares."
2026-03-20 09:00:00,1.9,1.9,1.9,1.9,43200,SVN,"At 2026-03-20 09:00:00, the stock SVN opened at 1.90 VND, reached a high of 1.90 VND, a low of 1.90 VND, and closed the hour at 1.90 VND with a trading volume of 43,200 shares."
2026-03-20 10:00:00,1.9,2.0,1.9,1.9,19100,SVN,"At 2026-03-20 10:00:00, the stock SVN opened at 1.90 VND, reached a high of 2.00 VND, a low of 1.90 VND, and closed the hour at 1.90 VND with a trading volume of 19,100 shares."
2026-03-20 13:00:00,1.9,1.9,1.9,1.9,900,SVN,"At 2026-03-20 13:00:00, the stock SVN opened at 1.90 VND, reached a high of 1.90 VND, a low of 1.90 VND, and closed the hour at 1.90 VND with a trading volume of 900 shares."
2026-03-20 14:00:00,1.9,1.9,1.9,1.9,18000,SVN,"At 2026-03-20 14:00:00, the stock SVN opened at 1.90 VND, reached a high of 1.90 VND, a low of 1.90 VND, and closed the hour at 1.90 VND with a trading volume of 18,000 shares."
