time,open,high,low,close,volume,ticker,llm_text
2023-09-28 13:00:00,43.09,43.09,43.09,43.09,300,TDW,"At 2023-09-28 13:00:00, the stock TDW opened at 43.09 VND, reached a high of 43.09 VND, a low of 43.09 VND, and closed the hour at 43.09 VND with a trading volume of 300 shares."
2023-09-28 14:00:00,43.05,43.05,43.05,43.05,100,TDW,"At 2023-09-28 14:00:00, the stock TDW opened at 43.05 VND, reached a high of 43.05 VND, a low of 43.05 VND, and closed the hour at 43.05 VND with a trading volume of 100 shares."
2023-10-02 11:00:00,42.78,42.78,42.78,42.78,2200,TDW,"At 2023-10-02 11:00:00, the stock TDW opened at 42.78 VND, reached a high of 42.78 VND, a low of 42.78 VND, and closed the hour at 42.78 VND with a trading volume of 2,200 shares."
2023-10-02 13:00:00,42.78,42.78,42.78,42.78,5400,TDW,"At 2023-10-02 13:00:00, the stock TDW opened at 42.78 VND, reached a high of 42.78 VND, a low of 42.78 VND, and closed the hour at 42.78 VND with a trading volume of 5,400 shares."
2023-10-02 14:00:00,49.1,49.18,49.1,49.18,200,TDW,"At 2023-10-02 14:00:00, the stock TDW opened at 49.10 VND, reached a high of 49.18 VND, a low of 49.10 VND, and closed the hour at 49.18 VND with a trading volume of 200 shares."
2023-10-03 13:00:00,45.81,45.81,45.81,45.81,200,TDW,"At 2023-10-03 13:00:00, the stock TDW opened at 45.81 VND, reached a high of 45.81 VND, a low of 45.81 VND, and closed the hour at 45.81 VND with a trading volume of 200 shares."
2023-10-03 14:00:00,45.81,45.81,45.81,45.81,100,TDW,"At 2023-10-03 14:00:00, the stock TDW opened at 45.81 VND, reached a high of 45.81 VND, a low of 45.81 VND, and closed the hour at 45.81 VND with a trading volume of 100 shares."
2023-10-05 10:00:00,45.27,45.27,45.27,45.27,1800,TDW,"At 2023-10-05 10:00:00, the stock TDW opened at 45.27 VND, reached a high of 45.27 VND, a low of 45.27 VND, and closed the hour at 45.27 VND with a trading volume of 1,800 shares."
2023-10-05 13:00:00,45.27,45.27,45.27,45.27,100,TDW,"At 2023-10-05 13:00:00, the stock TDW opened at 45.27 VND, reached a high of 45.27 VND, a low of 45.27 VND, and closed the hour at 45.27 VND with a trading volume of 100 shares."
2023-10-05 14:00:00,45.27,45.27,45.27,45.27,100,TDW,"At 2023-10-05 14:00:00, the stock TDW opened at 45.27 VND, reached a high of 45.27 VND, a low of 45.27 VND, and closed the hour at 45.27 VND with a trading volume of 100 shares."
2023-10-09 13:00:00,45.27,45.27,45.27,45.27,200,TDW,"At 2023-10-09 13:00:00, the stock TDW opened at 45.27 VND, reached a high of 45.27 VND, a low of 45.27 VND, and closed the hour at 45.27 VND with a trading volume of 200 shares."
2023-10-11 10:00:00,48.38,48.38,48.38,48.38,100,TDW,"At 2023-10-11 10:00:00, the stock TDW opened at 48.38 VND, reached a high of 48.38 VND, a low of 48.38 VND, and closed the hour at 48.38 VND with a trading volume of 100 shares."
2023-10-13 13:00:00,47.85,47.85,47.85,47.85,500,TDW,"At 2023-10-13 13:00:00, the stock TDW opened at 47.85 VND, reached a high of 47.85 VND, a low of 47.85 VND, and closed the hour at 47.85 VND with a trading volume of 500 shares."
2023-10-16 10:00:00,44.56,44.56,44.56,44.56,1800,TDW,"At 2023-10-16 10:00:00, the stock TDW opened at 44.56 VND, reached a high of 44.56 VND, a low of 44.56 VND, and closed the hour at 44.56 VND with a trading volume of 1,800 shares."
2023-10-16 13:00:00,44.56,44.56,44.56,44.56,900,TDW,"At 2023-10-16 13:00:00, the stock TDW opened at 44.56 VND, reached a high of 44.56 VND, a low of 44.56 VND, and closed the hour at 44.56 VND with a trading volume of 900 shares."
2023-10-17 14:00:00,42.07,42.07,42.07,42.07,200,TDW,"At 2023-10-17 14:00:00, the stock TDW opened at 42.07 VND, reached a high of 42.07 VND, a low of 42.07 VND, and closed the hour at 42.07 VND with a trading volume of 200 shares."
2023-10-19 10:00:00,40.65,40.65,40.65,40.65,400,TDW,"At 2023-10-19 10:00:00, the stock TDW opened at 40.65 VND, reached a high of 40.65 VND, a low of 40.65 VND, and closed the hour at 40.65 VND with a trading volume of 400 shares."
2023-10-19 11:00:00,40.65,40.65,40.65,40.65,100,TDW,"At 2023-10-19 11:00:00, the stock TDW opened at 40.65 VND, reached a high of 40.65 VND, a low of 40.65 VND, and closed the hour at 40.65 VND with a trading volume of 100 shares."
2023-10-20 10:00:00,42.87,42.87,42.87,42.87,100,TDW,"At 2023-10-20 10:00:00, the stock TDW opened at 42.87 VND, reached a high of 42.87 VND, a low of 42.87 VND, and closed the hour at 42.87 VND with a trading volume of 100 shares."
2023-10-20 13:00:00,42.87,43.4,42.87,43.4,400,TDW,"At 2023-10-20 13:00:00, the stock TDW opened at 42.87 VND, reached a high of 43.40 VND, a low of 42.87 VND, and closed the hour at 43.40 VND with a trading volume of 400 shares."
2023-10-24 14:00:00,45.09,45.09,45.09,45.09,200,TDW,"At 2023-10-24 14:00:00, the stock TDW opened at 45.09 VND, reached a high of 45.09 VND, a low of 45.09 VND, and closed the hour at 45.09 VND with a trading volume of 200 shares."
2023-10-26 14:00:00,39.4,39.4,39.4,39.4,100,TDW,"At 2023-10-26 14:00:00, the stock TDW opened at 39.40 VND, reached a high of 39.40 VND, a low of 39.40 VND, and closed the hour at 39.40 VND with a trading volume of 100 shares."
2023-11-06 10:00:00,42.6,42.83,42.6,42.83,400,TDW,"At 2023-11-06 10:00:00, the stock TDW opened at 42.60 VND, reached a high of 42.83 VND, a low of 42.60 VND, and closed the hour at 42.83 VND with a trading volume of 400 shares."
2023-11-06 14:00:00,42.83,42.83,42.83,42.83,100,TDW,"At 2023-11-06 14:00:00, the stock TDW opened at 42.83 VND, reached a high of 42.83 VND, a low of 42.83 VND, and closed the hour at 42.83 VND with a trading volume of 100 shares."
2023-11-07 13:00:00,45.36,45.36,45.36,45.36,4500,TDW,"At 2023-11-07 13:00:00, the stock TDW opened at 45.36 VND, reached a high of 45.36 VND, a low of 45.36 VND, and closed the hour at 45.36 VND with a trading volume of 4,500 shares."
2023-11-08 13:00:00,47.58,47.58,47.58,47.58,200,TDW,"At 2023-11-08 13:00:00, the stock TDW opened at 47.58 VND, reached a high of 47.58 VND, a low of 47.58 VND, and closed the hour at 47.58 VND with a trading volume of 200 shares."
2023-11-13 10:00:00,41.54,41.54,41.54,41.54,200,TDW,"At 2023-11-13 10:00:00, the stock TDW opened at 41.54 VND, reached a high of 41.54 VND, a low of 41.54 VND, and closed the hour at 41.54 VND with a trading volume of 200 shares."
2023-11-13 13:00:00,41.45,41.45,41.45,41.45,1700,TDW,"At 2023-11-13 13:00:00, the stock TDW opened at 41.45 VND, reached a high of 41.45 VND, a low of 41.45 VND, and closed the hour at 41.45 VND with a trading volume of 1,700 shares."
2023-11-14 10:00:00,44.56,44.56,44.56,44.56,200,TDW,"At 2023-11-14 10:00:00, the stock TDW opened at 44.56 VND, reached a high of 44.56 VND, a low of 44.56 VND, and closed the hour at 44.56 VND with a trading volume of 200 shares."
2023-11-23 14:00:00,41.54,47.67,41.54,47.67,1000,TDW,"At 2023-11-23 14:00:00, the stock TDW opened at 41.54 VND, reached a high of 47.67 VND, a low of 41.54 VND, and closed the hour at 47.67 VND with a trading volume of 1,000 shares."
2023-11-24 10:00:00,44.38,44.38,44.38,44.38,1100,TDW,"At 2023-11-24 10:00:00, the stock TDW opened at 44.38 VND, reached a high of 44.38 VND, a low of 44.38 VND, and closed the hour at 44.38 VND with a trading volume of 1,100 shares."
2023-11-24 11:00:00,44.34,44.34,44.34,44.34,2100,TDW,"At 2023-11-24 11:00:00, the stock TDW opened at 44.34 VND, reached a high of 44.34 VND, a low of 44.34 VND, and closed the hour at 44.34 VND with a trading volume of 2,100 shares."
2023-11-24 13:00:00,44.34,44.34,44.34,44.34,2300,TDW,"At 2023-11-24 13:00:00, the stock TDW opened at 44.34 VND, reached a high of 44.34 VND, a low of 44.34 VND, and closed the hour at 44.34 VND with a trading volume of 2,300 shares."
2023-11-24 14:00:00,44.34,44.34,44.34,44.34,100,TDW,"At 2023-11-24 14:00:00, the stock TDW opened at 44.34 VND, reached a high of 44.34 VND, a low of 44.34 VND, and closed the hour at 44.34 VND with a trading volume of 100 shares."
2023-11-28 13:00:00,42.25,42.25,42.25,42.25,1500,TDW,"At 2023-11-28 13:00:00, the stock TDW opened at 42.25 VND, reached a high of 42.25 VND, a low of 42.25 VND, and closed the hour at 42.25 VND with a trading volume of 1,500 shares."
2023-11-28 14:00:00,42.25,42.25,42.25,42.25,100,TDW,"At 2023-11-28 14:00:00, the stock TDW opened at 42.25 VND, reached a high of 42.25 VND, a low of 42.25 VND, and closed the hour at 42.25 VND with a trading volume of 100 shares."
2023-11-29 10:00:00,43.63,43.63,43.63,43.63,2100,TDW,"At 2023-11-29 10:00:00, the stock TDW opened at 43.63 VND, reached a high of 43.63 VND, a low of 43.63 VND, and closed the hour at 43.63 VND with a trading volume of 2,100 shares."
2023-11-29 11:00:00,43.63,43.63,43.63,43.63,100,TDW,"At 2023-11-29 11:00:00, the stock TDW opened at 43.63 VND, reached a high of 43.63 VND, a low of 43.63 VND, and closed the hour at 43.63 VND with a trading volume of 100 shares."
2023-11-29 13:00:00,43.63,43.63,43.63,43.63,100,TDW,"At 2023-11-29 13:00:00, the stock TDW opened at 43.63 VND, reached a high of 43.63 VND, a low of 43.63 VND, and closed the hour at 43.63 VND with a trading volume of 100 shares."
2023-11-29 14:00:00,43.63,43.63,43.63,43.63,100,TDW,"At 2023-11-29 14:00:00, the stock TDW opened at 43.63 VND, reached a high of 43.63 VND, a low of 43.63 VND, and closed the hour at 43.63 VND with a trading volume of 100 shares."
2023-12-04 14:00:00,43.54,43.54,43.54,43.54,200,TDW,"At 2023-12-04 14:00:00, the stock TDW opened at 43.54 VND, reached a high of 43.54 VND, a low of 43.54 VND, and closed the hour at 43.54 VND with a trading volume of 200 shares."
2023-12-05 10:00:00,43.54,43.54,43.54,43.54,400,TDW,"At 2023-12-05 10:00:00, the stock TDW opened at 43.54 VND, reached a high of 43.54 VND, a low of 43.54 VND, and closed the hour at 43.54 VND with a trading volume of 400 shares."
2023-12-05 11:00:00,40.56,40.56,40.56,40.56,200,TDW,"At 2023-12-05 11:00:00, the stock TDW opened at 40.56 VND, reached a high of 40.56 VND, a low of 40.56 VND, and closed the hour at 40.56 VND with a trading volume of 200 shares."
2023-12-06 14:00:00,42.74,42.74,42.74,42.74,300,TDW,"At 2023-12-06 14:00:00, the stock TDW opened at 42.74 VND, reached a high of 42.74 VND, a low of 42.74 VND, and closed the hour at 42.74 VND with a trading volume of 300 shares."
2023-12-07 14:00:00,40.96,40.96,40.96,40.96,300,TDW,"At 2023-12-07 14:00:00, the stock TDW opened at 40.96 VND, reached a high of 40.96 VND, a low of 40.96 VND, and closed the hour at 40.96 VND with a trading volume of 300 shares."
2023-12-19 13:00:00,43.8,43.8,43.8,43.8,800,TDW,"At 2023-12-19 13:00:00, the stock TDW opened at 43.80 VND, reached a high of 43.80 VND, a low of 43.80 VND, and closed the hour at 43.80 VND with a trading volume of 800 shares."
2024-01-11 14:00:00,42.69,42.69,42.69,42.69,100,TDW,"At 2024-01-11 14:00:00, the stock TDW opened at 42.69 VND, reached a high of 42.69 VND, a low of 42.69 VND, and closed the hour at 42.69 VND with a trading volume of 100 shares."
2024-01-16 13:00:00,42.69,42.69,42.69,42.69,100,TDW,"At 2024-01-16 13:00:00, the stock TDW opened at 42.69 VND, reached a high of 42.69 VND, a low of 42.69 VND, and closed the hour at 42.69 VND with a trading volume of 100 shares."
2024-01-17 10:00:00,44.25,44.25,44.25,44.25,800,TDW,"At 2024-01-17 10:00:00, the stock TDW opened at 44.25 VND, reached a high of 44.25 VND, a low of 44.25 VND, and closed the hour at 44.25 VND with a trading volume of 800 shares."
2024-01-22 10:00:00,41.8,41.8,41.8,41.8,4800,TDW,"At 2024-01-22 10:00:00, the stock TDW opened at 41.80 VND, reached a high of 41.80 VND, a low of 41.80 VND, and closed the hour at 41.80 VND with a trading volume of 4,800 shares."
2024-02-23 10:00:00,42.91,42.91,42.91,42.91,100,TDW,"At 2024-02-23 10:00:00, the stock TDW opened at 42.91 VND, reached a high of 42.91 VND, a low of 42.91 VND, and closed the hour at 42.91 VND with a trading volume of 100 shares."
2024-02-23 11:00:00,42.91,42.91,42.91,42.91,100,TDW,"At 2024-02-23 11:00:00, the stock TDW opened at 42.91 VND, reached a high of 42.91 VND, a low of 42.91 VND, and closed the hour at 42.91 VND with a trading volume of 100 shares."
2024-02-27 13:00:00,40.6,40.6,40.6,40.6,100,TDW,"At 2024-02-27 13:00:00, the stock TDW opened at 40.60 VND, reached a high of 40.60 VND, a low of 40.60 VND, and closed the hour at 40.60 VND with a trading volume of 100 shares."
2024-03-27 13:00:00,43.23,43.31,43.23,43.31,1200,TDW,"At 2024-03-27 13:00:00, the stock TDW opened at 43.23 VND, reached a high of 43.31 VND, a low of 43.23 VND, and closed the hour at 43.31 VND with a trading volume of 1,200 shares."
2024-04-04 11:00:00,46.25,46.25,46.25,46.25,2200,TDW,"At 2024-04-04 11:00:00, the stock TDW opened at 46.25 VND, reached a high of 46.25 VND, a low of 46.25 VND, and closed the hour at 46.25 VND with a trading volume of 2,200 shares."
2024-04-04 13:00:00,46.25,46.25,45.36,45.36,28500,TDW,"At 2024-04-04 13:00:00, the stock TDW opened at 46.25 VND, reached a high of 46.25 VND, a low of 45.36 VND, and closed the hour at 45.36 VND with a trading volume of 28,500 shares."
2024-04-04 14:00:00,45.36,45.36,45.36,45.36,17900,TDW,"At 2024-04-04 14:00:00, the stock TDW opened at 45.36 VND, reached a high of 45.36 VND, a low of 45.36 VND, and closed the hour at 45.36 VND with a trading volume of 17,900 shares."
2024-04-16 10:00:00,41.45,41.45,41.45,41.45,700,TDW,"At 2024-04-16 10:00:00, the stock TDW opened at 41.45 VND, reached a high of 41.45 VND, a low of 41.45 VND, and closed the hour at 41.45 VND with a trading volume of 700 shares."
2024-04-26 10:00:00,44.34,44.34,44.34,44.34,100,TDW,"At 2024-04-26 10:00:00, the stock TDW opened at 44.34 VND, reached a high of 44.34 VND, a low of 44.34 VND, and closed the hour at 44.34 VND with a trading volume of 100 shares."
2024-04-26 13:00:00,44.34,44.34,44.34,44.34,300,TDW,"At 2024-04-26 13:00:00, the stock TDW opened at 44.34 VND, reached a high of 44.34 VND, a low of 44.34 VND, and closed the hour at 44.34 VND with a trading volume of 300 shares."
2024-05-09 13:00:00,44.65,44.65,44.65,44.65,100,TDW,"At 2024-05-09 13:00:00, the stock TDW opened at 44.65 VND, reached a high of 44.65 VND, a low of 44.65 VND, and closed the hour at 44.65 VND with a trading volume of 100 shares."
2024-05-21 14:00:00,44.92,44.92,44.92,44.92,2300,TDW,"At 2024-05-21 14:00:00, the stock TDW opened at 44.92 VND, reached a high of 44.92 VND, a low of 44.92 VND, and closed the hour at 44.92 VND with a trading volume of 2,300 shares."
2024-05-30 13:00:00,42.96,42.96,42.96,42.96,100,TDW,"At 2024-05-30 13:00:00, the stock TDW opened at 42.96 VND, reached a high of 42.96 VND, a low of 42.96 VND, and closed the hour at 42.96 VND with a trading volume of 100 shares."
2024-05-31 14:00:00,45.89,45.89,45.89,45.89,300,TDW,"At 2024-05-31 14:00:00, the stock TDW opened at 45.89 VND, reached a high of 45.89 VND, a low of 45.89 VND, and closed the hour at 45.89 VND with a trading volume of 300 shares."
2024-06-11 13:00:00,45.71,45.71,45.71,45.71,100,TDW,"At 2024-06-11 13:00:00, the stock TDW opened at 45.71 VND, reached a high of 45.71 VND, a low of 45.71 VND, and closed the hour at 45.71 VND with a trading volume of 100 shares."
2024-06-25 13:00:00,42.32,42.32,42.32,42.32,100,TDW,"At 2024-06-25 13:00:00, the stock TDW opened at 42.32 VND, reached a high of 42.32 VND, a low of 42.32 VND, and closed the hour at 42.32 VND with a trading volume of 100 shares."
2024-07-08 10:00:00,45.25,45.25,45.25,45.25,200,TDW,"At 2024-07-08 10:00:00, the stock TDW opened at 45.25 VND, reached a high of 45.25 VND, a low of 45.25 VND, and closed the hour at 45.25 VND with a trading volume of 200 shares."
2024-07-08 13:00:00,45.25,45.25,45.25,45.25,2500,TDW,"At 2024-07-08 13:00:00, the stock TDW opened at 45.25 VND, reached a high of 45.25 VND, a low of 45.25 VND, and closed the hour at 45.25 VND with a trading volume of 2,500 shares."
2024-07-16 13:00:00,46.19,46.19,46.19,46.19,200,TDW,"At 2024-07-16 13:00:00, the stock TDW opened at 46.19 VND, reached a high of 46.19 VND, a low of 46.19 VND, and closed the hour at 46.19 VND with a trading volume of 200 shares."
2024-07-16 14:00:00,46.19,46.19,46.19,46.19,100,TDW,"At 2024-07-16 14:00:00, the stock TDW opened at 46.19 VND, reached a high of 46.19 VND, a low of 46.19 VND, and closed the hour at 46.19 VND with a trading volume of 100 shares."
2024-07-26 14:00:00,48.62,48.62,48.62,48.62,100,TDW,"At 2024-07-26 14:00:00, the stock TDW opened at 48.62 VND, reached a high of 48.62 VND, a low of 48.62 VND, and closed the hour at 48.62 VND with a trading volume of 100 shares."
2024-07-29 10:00:00,51.98,51.98,51.98,51.98,500,TDW,"At 2024-07-29 10:00:00, the stock TDW opened at 51.98 VND, reached a high of 51.98 VND, a low of 51.98 VND, and closed the hour at 51.98 VND with a trading volume of 500 shares."
2024-07-29 13:00:00,51.98,51.98,51.98,51.98,1900,TDW,"At 2024-07-29 13:00:00, the stock TDW opened at 51.98 VND, reached a high of 51.98 VND, a low of 51.98 VND, and closed the hour at 51.98 VND with a trading volume of 1,900 shares."
2024-07-29 14:00:00,51.98,51.98,51.98,51.98,2000,TDW,"At 2024-07-29 14:00:00, the stock TDW opened at 51.98 VND, reached a high of 51.98 VND, a low of 51.98 VND, and closed the hour at 51.98 VND with a trading volume of 2,000 shares."
2024-07-30 13:00:00,51.98,51.98,51.98,51.98,2000,TDW,"At 2024-07-30 13:00:00, the stock TDW opened at 51.98 VND, reached a high of 51.98 VND, a low of 51.98 VND, and closed the hour at 51.98 VND with a trading volume of 2,000 shares."
2024-09-12 11:00:00,48.43,48.43,48.43,48.43,400,TDW,"At 2024-09-12 11:00:00, the stock TDW opened at 48.43 VND, reached a high of 48.43 VND, a low of 48.43 VND, and closed the hour at 48.43 VND with a trading volume of 400 shares."
2024-09-18 13:00:00,45.07,45.07,45.07,45.07,100,TDW,"At 2024-09-18 13:00:00, the stock TDW opened at 45.07 VND, reached a high of 45.07 VND, a low of 45.07 VND, and closed the hour at 45.07 VND with a trading volume of 100 shares."
2024-10-04 11:00:00,44.99,44.99,44.99,44.99,600,TDW,"At 2024-10-04 11:00:00, the stock TDW opened at 44.99 VND, reached a high of 44.99 VND, a low of 44.99 VND, and closed the hour at 44.99 VND with a trading volume of 600 shares."
2024-10-04 13:00:00,44.99,44.99,44.99,44.99,300,TDW,"At 2024-10-04 13:00:00, the stock TDW opened at 44.99 VND, reached a high of 44.99 VND, a low of 44.99 VND, and closed the hour at 44.99 VND with a trading volume of 300 shares."
2024-10-28 10:00:00,45.04,45.04,45.04,45.04,2000,TDW,"At 2024-10-28 10:00:00, the stock TDW opened at 45.04 VND, reached a high of 45.04 VND, a low of 45.04 VND, and closed the hour at 45.04 VND with a trading volume of 2,000 shares."
2024-10-30 13:00:00,51.25,51.25,51.25,51.25,200,TDW,"At 2024-10-30 13:00:00, the stock TDW opened at 51.25 VND, reached a high of 51.25 VND, a low of 51.25 VND, and closed the hour at 51.25 VND with a trading volume of 200 shares."
2024-10-31 13:00:00,47.81,47.81,47.81,47.81,1100,TDW,"At 2024-10-31 13:00:00, the stock TDW opened at 47.81 VND, reached a high of 47.81 VND, a low of 47.81 VND, and closed the hour at 47.81 VND with a trading volume of 1,100 shares."
2024-10-31 14:00:00,47.81,47.81,47.81,47.81,1000,TDW,"At 2024-10-31 14:00:00, the stock TDW opened at 47.81 VND, reached a high of 47.81 VND, a low of 47.81 VND, and closed the hour at 47.81 VND with a trading volume of 1,000 shares."
2024-11-04 14:00:00,47.81,47.81,47.81,47.81,100,TDW,"At 2024-11-04 14:00:00, the stock TDW opened at 47.81 VND, reached a high of 47.81 VND, a low of 47.81 VND, and closed the hour at 47.81 VND with a trading volume of 100 shares."
2024-11-06 13:00:00,47.81,47.81,47.81,47.81,500,TDW,"At 2024-11-06 13:00:00, the stock TDW opened at 47.81 VND, reached a high of 47.81 VND, a low of 47.81 VND, and closed the hour at 47.81 VND with a trading volume of 500 shares."
2024-11-12 13:00:00,47.81,47.81,47.81,47.81,1900,TDW,"At 2024-11-12 13:00:00, the stock TDW opened at 47.81 VND, reached a high of 47.81 VND, a low of 47.81 VND, and closed the hour at 47.81 VND with a trading volume of 1,900 shares."
2024-11-12 14:00:00,47.81,47.81,45.13,45.13,400,TDW,"At 2024-11-12 14:00:00, the stock TDW opened at 47.81 VND, reached a high of 47.81 VND, a low of 45.13 VND, and closed the hour at 45.13 VND with a trading volume of 400 shares."
2024-11-13 13:00:00,44.94,44.94,44.94,44.94,1800,TDW,"At 2024-11-13 13:00:00, the stock TDW opened at 44.94 VND, reached a high of 44.94 VND, a low of 44.94 VND, and closed the hour at 44.94 VND with a trading volume of 1,800 shares."
2024-11-15 13:00:00,48.0,48.0,48.0,48.0,100,TDW,"At 2024-11-15 13:00:00, the stock TDW opened at 48.00 VND, reached a high of 48.00 VND, a low of 48.00 VND, and closed the hour at 48.00 VND with a trading volume of 100 shares."
2024-11-18 13:00:00,51.25,51.25,51.25,51.25,200,TDW,"At 2024-11-18 13:00:00, the stock TDW opened at 51.25 VND, reached a high of 51.25 VND, a low of 51.25 VND, and closed the hour at 51.25 VND with a trading volume of 200 shares."
2024-11-19 14:00:00,47.81,47.81,47.81,47.81,1100,TDW,"At 2024-11-19 14:00:00, the stock TDW opened at 47.81 VND, reached a high of 47.81 VND, a low of 47.81 VND, and closed the hour at 47.81 VND with a trading volume of 1,100 shares."
2024-11-20 13:00:00,45.18,51.16,45.18,51.16,100,TDW,"At 2024-11-20 13:00:00, the stock TDW opened at 45.18 VND, reached a high of 51.16 VND, a low of 45.18 VND, and closed the hour at 51.16 VND with a trading volume of 100 shares."
2024-11-20 14:00:00,51.16,51.16,51.16,51.16,100,TDW,"At 2024-11-20 14:00:00, the stock TDW opened at 51.16 VND, reached a high of 51.16 VND, a low of 51.16 VND, and closed the hour at 51.16 VND with a trading volume of 100 shares."
2024-11-21 13:00:00,51.16,51.16,51.16,51.16,500,TDW,"At 2024-11-21 13:00:00, the stock TDW opened at 51.16 VND, reached a high of 51.16 VND, a low of 51.16 VND, and closed the hour at 51.16 VND with a trading volume of 500 shares."
2024-11-22 13:00:00,54.22,54.22,54.22,54.22,700,TDW,"At 2024-11-22 13:00:00, the stock TDW opened at 54.22 VND, reached a high of 54.22 VND, a low of 54.22 VND, and closed the hour at 54.22 VND with a trading volume of 700 shares."
2024-12-03 13:00:00,47.33,47.33,47.19,47.33,2000,TDW,"At 2024-12-03 13:00:00, the stock TDW opened at 47.33 VND, reached a high of 47.33 VND, a low of 47.19 VND, and closed the hour at 47.33 VND with a trading volume of 2,000 shares."
2024-12-05 13:00:00,47.43,49.63,47.43,49.63,300,TDW,"At 2024-12-05 13:00:00, the stock TDW opened at 47.43 VND, reached a high of 49.63 VND, a low of 47.43 VND, and closed the hour at 49.63 VND with a trading volume of 300 shares."
2024-12-09 10:00:00,48.86,48.86,48.86,48.86,3000,TDW,"At 2024-12-09 10:00:00, the stock TDW opened at 48.86 VND, reached a high of 48.86 VND, a low of 48.86 VND, and closed the hour at 48.86 VND with a trading volume of 3,000 shares."
2024-12-09 11:00:00,48.86,48.86,48.86,48.86,200,TDW,"At 2024-12-09 11:00:00, the stock TDW opened at 48.86 VND, reached a high of 48.86 VND, a low of 48.86 VND, and closed the hour at 48.86 VND with a trading volume of 200 shares."
2024-12-09 13:00:00,48.86,48.86,48.86,48.86,100,TDW,"At 2024-12-09 13:00:00, the stock TDW opened at 48.86 VND, reached a high of 48.86 VND, a low of 48.86 VND, and closed the hour at 48.86 VND with a trading volume of 100 shares."
2024-12-10 10:00:00,46.33,52.11,46.33,52.11,100,TDW,"At 2024-12-10 10:00:00, the stock TDW opened at 46.33 VND, reached a high of 52.11 VND, a low of 46.33 VND, and closed the hour at 52.11 VND with a trading volume of 100 shares."
2024-12-10 14:00:00,52.11,52.11,52.11,52.11,100,TDW,"At 2024-12-10 14:00:00, the stock TDW opened at 52.11 VND, reached a high of 52.11 VND, a low of 52.11 VND, and closed the hour at 52.11 VND with a trading volume of 100 shares."
2024-12-11 10:00:00,52.11,52.11,52.11,52.11,200,TDW,"At 2024-12-11 10:00:00, the stock TDW opened at 52.11 VND, reached a high of 52.11 VND, a low of 52.11 VND, and closed the hour at 52.11 VND with a trading volume of 200 shares."
2024-12-11 13:00:00,52.11,52.11,48.48,48.48,2400,TDW,"At 2024-12-11 13:00:00, the stock TDW opened at 52.11 VND, reached a high of 52.11 VND, a low of 48.48 VND, and closed the hour at 48.48 VND with a trading volume of 2,400 shares."
2024-12-11 14:00:00,48.48,48.48,48.48,48.48,2500,TDW,"At 2024-12-11 14:00:00, the stock TDW opened at 48.48 VND, reached a high of 48.48 VND, a low of 48.48 VND, and closed the hour at 48.48 VND with a trading volume of 2,500 shares."
2024-12-12 13:00:00,48.48,48.48,48.48,48.48,1600,TDW,"At 2024-12-12 13:00:00, the stock TDW opened at 48.48 VND, reached a high of 48.48 VND, a low of 48.48 VND, and closed the hour at 48.48 VND with a trading volume of 1,600 shares."
2024-12-12 14:00:00,48.57,48.57,48.57,48.57,100,TDW,"At 2024-12-12 14:00:00, the stock TDW opened at 48.57 VND, reached a high of 48.57 VND, a low of 48.57 VND, and closed the hour at 48.57 VND with a trading volume of 100 shares."
2024-12-13 14:00:00,48.57,48.57,48.57,48.57,100,TDW,"At 2024-12-13 14:00:00, the stock TDW opened at 48.57 VND, reached a high of 48.57 VND, a low of 48.57 VND, and closed the hour at 48.57 VND with a trading volume of 100 shares."
2024-12-16 13:00:00,48.67,48.67,48.67,48.67,100,TDW,"At 2024-12-16 13:00:00, the stock TDW opened at 48.67 VND, reached a high of 48.67 VND, a low of 48.67 VND, and closed the hour at 48.67 VND with a trading volume of 100 shares."
2024-12-18 13:00:00,48.48,48.48,48.48,48.48,500,TDW,"At 2024-12-18 13:00:00, the stock TDW opened at 48.48 VND, reached a high of 48.48 VND, a low of 48.48 VND, and closed the hour at 48.48 VND with a trading volume of 500 shares."
2024-12-19 13:00:00,48.48,48.48,48.48,48.48,1500,TDW,"At 2024-12-19 13:00:00, the stock TDW opened at 48.48 VND, reached a high of 48.48 VND, a low of 48.48 VND, and closed the hour at 48.48 VND with a trading volume of 1,500 shares."
2024-12-20 13:00:00,48.48,48.48,48.48,48.48,3500,TDW,"At 2024-12-20 13:00:00, the stock TDW opened at 48.48 VND, reached a high of 48.48 VND, a low of 48.48 VND, and closed the hour at 48.48 VND with a trading volume of 3,500 shares."
2024-12-23 13:00:00,48.48,48.57,48.48,48.57,2300,TDW,"At 2024-12-23 13:00:00, the stock TDW opened at 48.48 VND, reached a high of 48.57 VND, a low of 48.48 VND, and closed the hour at 48.57 VND with a trading volume of 2,300 shares."
2024-12-24 11:00:00,48.67,48.67,48.57,48.57,1000,TDW,"At 2024-12-24 11:00:00, the stock TDW opened at 48.67 VND, reached a high of 48.67 VND, a low of 48.57 VND, and closed the hour at 48.57 VND with a trading volume of 1,000 shares."
2024-12-24 13:00:00,48.57,48.67,48.57,48.67,15000,TDW,"At 2024-12-24 13:00:00, the stock TDW opened at 48.57 VND, reached a high of 48.67 VND, a low of 48.57 VND, and closed the hour at 48.67 VND with a trading volume of 15,000 shares."
2024-12-30 13:00:00,48.86,48.86,48.86,48.86,100,TDW,"At 2024-12-30 13:00:00, the stock TDW opened at 48.86 VND, reached a high of 48.86 VND, a low of 48.86 VND, and closed the hour at 48.86 VND with a trading volume of 100 shares."
2024-12-31 13:00:00,48.86,48.86,48.86,48.86,200,TDW,"At 2024-12-31 13:00:00, the stock TDW opened at 48.86 VND, reached a high of 48.86 VND, a low of 48.86 VND, and closed the hour at 48.86 VND with a trading volume of 200 shares."
2025-01-06 14:00:00,48.96,48.96,48.77,48.77,1200,TDW,"At 2025-01-06 14:00:00, the stock TDW opened at 48.96 VND, reached a high of 48.96 VND, a low of 48.77 VND, and closed the hour at 48.77 VND with a trading volume of 1,200 shares."
2025-01-07 10:00:00,48.77,48.77,48.77,48.77,1300,TDW,"At 2025-01-07 10:00:00, the stock TDW opened at 48.77 VND, reached a high of 48.77 VND, a low of 48.77 VND, and closed the hour at 48.77 VND with a trading volume of 1,300 shares."
2025-01-08 10:00:00,49.72,49.72,49.72,49.72,300,TDW,"At 2025-01-08 10:00:00, the stock TDW opened at 49.72 VND, reached a high of 49.72 VND, a low of 49.72 VND, and closed the hour at 49.72 VND with a trading volume of 300 shares."
2025-01-13 14:00:00,49.72,49.72,49.72,49.72,900,TDW,"At 2025-01-13 14:00:00, the stock TDW opened at 49.72 VND, reached a high of 49.72 VND, a low of 49.72 VND, and closed the hour at 49.72 VND with a trading volume of 900 shares."
2025-01-20 13:00:00,49.82,49.82,49.82,49.82,100,TDW,"At 2025-01-20 13:00:00, the stock TDW opened at 49.82 VND, reached a high of 49.82 VND, a low of 49.82 VND, and closed the hour at 49.82 VND with a trading volume of 100 shares."
2025-02-06 13:00:00,51.25,51.25,51.25,51.25,100,TDW,"At 2025-02-06 13:00:00, the stock TDW opened at 51.25 VND, reached a high of 51.25 VND, a low of 51.25 VND, and closed the hour at 51.25 VND with a trading volume of 100 shares."
2025-02-24 14:00:00,52.69,52.69,52.69,52.69,100,TDW,"At 2025-02-24 14:00:00, the stock TDW opened at 52.69 VND, reached a high of 52.69 VND, a low of 52.69 VND, and closed the hour at 52.69 VND with a trading volume of 100 shares."
2025-02-25 13:00:00,54.41,54.41,54.41,54.41,100,TDW,"At 2025-02-25 13:00:00, the stock TDW opened at 54.41 VND, reached a high of 54.41 VND, a low of 54.41 VND, and closed the hour at 54.41 VND with a trading volume of 100 shares."
2025-02-28 13:00:00,57.37,57.37,57.37,57.37,100,TDW,"At 2025-02-28 13:00:00, the stock TDW opened at 57.37 VND, reached a high of 57.37 VND, a low of 57.37 VND, and closed the hour at 57.37 VND with a trading volume of 100 shares."
2025-03-03 09:00:00,55.55,55.55,55.55,55.55,200,TDW,"At 2025-03-03 09:00:00, the stock TDW opened at 55.55 VND, reached a high of 55.55 VND, a low of 55.55 VND, and closed the hour at 55.55 VND with a trading volume of 200 shares."
2025-03-03 14:00:00,55.55,57.37,55.55,57.37,100,TDW,"At 2025-03-03 14:00:00, the stock TDW opened at 55.55 VND, reached a high of 57.37 VND, a low of 55.55 VND, and closed the hour at 57.37 VND with a trading volume of 100 shares."
2025-03-04 14:00:00,57.47,57.47,57.47,57.47,300,TDW,"At 2025-03-04 14:00:00, the stock TDW opened at 57.47 VND, reached a high of 57.47 VND, a low of 57.47 VND, and closed the hour at 57.47 VND with a trading volume of 300 shares."
2025-03-05 09:00:00,57.18,59.48,57.18,59.48,100,TDW,"At 2025-03-05 09:00:00, the stock TDW opened at 57.18 VND, reached a high of 59.48 VND, a low of 57.18 VND, and closed the hour at 59.48 VND with a trading volume of 100 shares."
2025-03-05 10:00:00,59.48,59.48,59.48,59.48,100,TDW,"At 2025-03-05 10:00:00, the stock TDW opened at 59.48 VND, reached a high of 59.48 VND, a low of 59.48 VND, and closed the hour at 59.48 VND with a trading volume of 100 shares."
2025-03-05 13:00:00,59.48,61.2,59.48,61.2,100,TDW,"At 2025-03-05 13:00:00, the stock TDW opened at 59.48 VND, reached a high of 61.20 VND, a low of 59.48 VND, and closed the hour at 61.20 VND with a trading volume of 100 shares."
2025-03-06 09:00:00,61.2,61.2,61.2,61.2,100,TDW,"At 2025-03-06 09:00:00, the stock TDW opened at 61.20 VND, reached a high of 61.20 VND, a low of 61.20 VND, and closed the hour at 61.20 VND with a trading volume of 100 shares."
2025-03-07 09:00:00,57.18,65.02,57.18,65.02,200,TDW,"At 2025-03-07 09:00:00, the stock TDW opened at 57.18 VND, reached a high of 65.02 VND, a low of 57.18 VND, and closed the hour at 65.02 VND with a trading volume of 200 shares."
2025-03-10 09:00:00,60.53,60.53,60.53,60.53,300,TDW,"At 2025-03-10 09:00:00, the stock TDW opened at 60.53 VND, reached a high of 60.53 VND, a low of 60.53 VND, and closed the hour at 60.53 VND with a trading volume of 300 shares."
2025-03-10 11:00:00,60.53,60.53,60.53,60.53,100,TDW,"At 2025-03-10 11:00:00, the stock TDW opened at 60.53 VND, reached a high of 60.53 VND, a low of 60.53 VND, and closed the hour at 60.53 VND with a trading volume of 100 shares."
2025-03-10 13:00:00,60.53,60.53,60.53,60.53,300,TDW,"At 2025-03-10 13:00:00, the stock TDW opened at 60.53 VND, reached a high of 60.53 VND, a low of 60.53 VND, and closed the hour at 60.53 VND with a trading volume of 300 shares."
2025-03-12 09:00:00,56.8,56.8,56.8,56.8,100,TDW,"At 2025-03-12 09:00:00, the stock TDW opened at 56.80 VND, reached a high of 56.80 VND, a low of 56.80 VND, and closed the hour at 56.80 VND with a trading volume of 100 shares."
2025-03-14 09:00:00,56.8,56.8,56.8,56.8,100,TDW,"At 2025-03-14 09:00:00, the stock TDW opened at 56.80 VND, reached a high of 56.80 VND, a low of 56.80 VND, and closed the hour at 56.80 VND with a trading volume of 100 shares."
2025-03-19 09:00:00,54.31,54.31,54.31,54.31,100,TDW,"At 2025-03-19 09:00:00, the stock TDW opened at 54.31 VND, reached a high of 54.31 VND, a low of 54.31 VND, and closed the hour at 54.31 VND with a trading volume of 100 shares."
2025-03-20 09:00:00,58.04,58.04,57.85,57.85,100,TDW,"At 2025-03-20 09:00:00, the stock TDW opened at 58.04 VND, reached a high of 58.04 VND, a low of 57.85 VND, and closed the hour at 57.85 VND with a trading volume of 100 shares."
2025-03-20 10:00:00,57.85,57.85,57.85,57.85,100,TDW,"At 2025-03-20 10:00:00, the stock TDW opened at 57.85 VND, reached a high of 57.85 VND, a low of 57.85 VND, and closed the hour at 57.85 VND with a trading volume of 100 shares."
2025-03-21 09:00:00,57.85,57.85,57.85,57.85,100,TDW,"At 2025-03-21 09:00:00, the stock TDW opened at 57.85 VND, reached a high of 57.85 VND, a low of 57.85 VND, and closed the hour at 57.85 VND with a trading volume of 100 shares."
2025-03-24 09:00:00,54.6,54.69,54.5,54.5,500,TDW,"At 2025-03-24 09:00:00, the stock TDW opened at 54.60 VND, reached a high of 54.69 VND, a low of 54.50 VND, and closed the hour at 54.50 VND with a trading volume of 500 shares."
2025-04-01 13:00:00,54.5,54.5,54.5,54.5,100,TDW,"At 2025-04-01 13:00:00, the stock TDW opened at 54.50 VND, reached a high of 54.50 VND, a low of 54.50 VND, and closed the hour at 54.50 VND with a trading volume of 100 shares."
2025-04-02 09:00:00,57.37,57.37,57.37,57.37,100,TDW,"At 2025-04-02 09:00:00, the stock TDW opened at 57.37 VND, reached a high of 57.37 VND, a low of 57.37 VND, and closed the hour at 57.37 VND with a trading volume of 100 shares."
2025-04-03 09:00:00,53.55,53.55,53.36,53.36,2000,TDW,"At 2025-04-03 09:00:00, the stock TDW opened at 53.55 VND, reached a high of 53.55 VND, a low of 53.36 VND, and closed the hour at 53.36 VND with a trading volume of 2,000 shares."
2025-04-03 13:00:00,53.36,53.36,53.36,53.36,400,TDW,"At 2025-04-03 13:00:00, the stock TDW opened at 53.36 VND, reached a high of 53.36 VND, a low of 53.36 VND, and closed the hour at 53.36 VND with a trading volume of 400 shares."
2025-04-04 14:00:00,53.36,53.36,53.36,53.36,200,TDW,"At 2025-04-04 14:00:00, the stock TDW opened at 53.36 VND, reached a high of 53.36 VND, a low of 53.36 VND, and closed the hour at 53.36 VND with a trading volume of 200 shares."
2025-04-08 09:00:00,52.97,52.97,50.68,50.68,100,TDW,"At 2025-04-08 09:00:00, the stock TDW opened at 52.97 VND, reached a high of 52.97 VND, a low of 50.68 VND, and closed the hour at 50.68 VND with a trading volume of 100 shares."
2025-04-08 10:00:00,50.68,50.68,49.63,49.63,200,TDW,"At 2025-04-08 10:00:00, the stock TDW opened at 50.68 VND, reached a high of 50.68 VND, a low of 49.63 VND, and closed the hour at 49.63 VND with a trading volume of 200 shares."
2025-04-08 13:00:00,49.63,49.72,49.63,49.72,1200,TDW,"At 2025-04-08 13:00:00, the stock TDW opened at 49.63 VND, reached a high of 49.72 VND, a low of 49.63 VND, and closed the hour at 49.72 VND with a trading volume of 1,200 shares."
2025-04-09 10:00:00,52.59,52.59,51.83,51.83,1000,TDW,"At 2025-04-09 10:00:00, the stock TDW opened at 52.59 VND, reached a high of 52.59 VND, a low of 51.83 VND, and closed the hour at 51.83 VND with a trading volume of 1,000 shares."
2025-04-09 11:00:00,51.83,51.83,51.83,51.83,200,TDW,"At 2025-04-09 11:00:00, the stock TDW opened at 51.83 VND, reached a high of 51.83 VND, a low of 51.83 VND, and closed the hour at 51.83 VND with a trading volume of 200 shares."
2025-04-09 13:00:00,51.83,51.83,51.83,51.83,100,TDW,"At 2025-04-09 13:00:00, the stock TDW opened at 51.83 VND, reached a high of 51.83 VND, a low of 51.83 VND, and closed the hour at 51.83 VND with a trading volume of 100 shares."
2025-04-09 14:00:00,51.83,51.83,51.83,51.83,300,TDW,"At 2025-04-09 14:00:00, the stock TDW opened at 51.83 VND, reached a high of 51.83 VND, a low of 51.83 VND, and closed the hour at 51.83 VND with a trading volume of 300 shares."
2025-04-10 09:00:00,55.27,55.27,55.27,55.27,100,TDW,"At 2025-04-10 09:00:00, the stock TDW opened at 55.27 VND, reached a high of 55.27 VND, a low of 55.27 VND, and closed the hour at 55.27 VND with a trading volume of 100 shares."
2025-04-10 10:00:00,55.27,55.36,55.27,55.36,700,TDW,"At 2025-04-10 10:00:00, the stock TDW opened at 55.27 VND, reached a high of 55.36 VND, a low of 55.27 VND, and closed the hour at 55.36 VND with a trading volume of 700 shares."
2025-04-10 14:00:00,55.36,55.36,55.36,55.36,100,TDW,"At 2025-04-10 14:00:00, the stock TDW opened at 55.36 VND, reached a high of 55.36 VND, a low of 55.36 VND, and closed the hour at 55.36 VND with a trading volume of 100 shares."
2025-04-14 09:00:00,52.69,52.69,52.69,52.69,100,TDW,"At 2025-04-14 09:00:00, the stock TDW opened at 52.69 VND, reached a high of 52.69 VND, a low of 52.69 VND, and closed the hour at 52.69 VND with a trading volume of 100 shares."
2025-04-17 09:00:00,54.41,54.98,54.41,54.98,600,TDW,"At 2025-04-17 09:00:00, the stock TDW opened at 54.41 VND, reached a high of 54.98 VND, a low of 54.41 VND, and closed the hour at 54.98 VND with a trading volume of 600 shares."
2025-04-18 13:00:00,58.33,58.81,58.23,58.81,600,TDW,"At 2025-04-18 13:00:00, the stock TDW opened at 58.33 VND, reached a high of 58.81 VND, a low of 58.23 VND, and closed the hour at 58.81 VND with a trading volume of 600 shares."
2025-04-18 14:00:00,58.81,58.81,58.81,58.81,100,TDW,"At 2025-04-18 14:00:00, the stock TDW opened at 58.81 VND, reached a high of 58.81 VND, a low of 58.81 VND, and closed the hour at 58.81 VND with a trading volume of 100 shares."
2025-04-21 09:00:00,55.84,55.84,55.84,55.84,100,TDW,"At 2025-04-21 09:00:00, the stock TDW opened at 55.84 VND, reached a high of 55.84 VND, a low of 55.84 VND, and closed the hour at 55.84 VND with a trading volume of 100 shares."
2025-04-22 14:00:00,59.67,59.67,59.67,59.67,100,TDW,"At 2025-04-22 14:00:00, the stock TDW opened at 59.67 VND, reached a high of 59.67 VND, a low of 59.67 VND, and closed the hour at 59.67 VND with a trading volume of 100 shares."
2025-04-23 09:00:00,55.75,63.78,55.75,63.78,100,TDW,"At 2025-04-23 09:00:00, the stock TDW opened at 55.75 VND, reached a high of 63.78 VND, a low of 55.75 VND, and closed the hour at 63.78 VND with a trading volume of 100 shares."
2025-04-23 13:00:00,63.78,63.78,56.13,56.13,300,TDW,"At 2025-04-23 13:00:00, the stock TDW opened at 63.78 VND, reached a high of 63.78 VND, a low of 56.13 VND, and closed the hour at 56.13 VND with a trading volume of 300 shares."
2025-04-23 14:00:00,56.13,63.78,56.13,63.78,200,TDW,"At 2025-04-23 14:00:00, the stock TDW opened at 56.13 VND, reached a high of 63.78 VND, a low of 56.13 VND, and closed the hour at 63.78 VND with a trading volume of 200 shares."
2025-04-24 09:00:00,61.2,61.2,61.2,61.2,200,TDW,"At 2025-04-24 09:00:00, the stock TDW opened at 61.20 VND, reached a high of 61.20 VND, a low of 61.20 VND, and closed the hour at 61.20 VND with a trading volume of 200 shares."
2025-04-25 09:00:00,56.99,56.99,56.99,56.99,100,TDW,"At 2025-04-25 09:00:00, the stock TDW opened at 56.99 VND, reached a high of 56.99 VND, a low of 56.99 VND, and closed the hour at 56.99 VND with a trading volume of 100 shares."
2025-04-29 09:00:00,57.37,57.37,57.37,57.37,100,TDW,"At 2025-04-29 09:00:00, the stock TDW opened at 57.37 VND, reached a high of 57.37 VND, a low of 57.37 VND, and closed the hour at 57.37 VND with a trading volume of 100 shares."
2025-05-09 11:00:00,57.47,57.47,57.47,57.47,100,TDW,"At 2025-05-09 11:00:00, the stock TDW opened at 57.47 VND, reached a high of 57.47 VND, a low of 57.47 VND, and closed the hour at 57.47 VND with a trading volume of 100 shares."
2025-05-12 10:00:00,57.66,57.66,57.66,57.66,2000,TDW,"At 2025-05-12 10:00:00, the stock TDW opened at 57.66 VND, reached a high of 57.66 VND, a low of 57.66 VND, and closed the hour at 57.66 VND with a trading volume of 2,000 shares."
2025-05-13 09:00:00,56.42,56.42,56.42,56.42,100,TDW,"At 2025-05-13 09:00:00, the stock TDW opened at 56.42 VND, reached a high of 56.42 VND, a low of 56.42 VND, and closed the hour at 56.42 VND with a trading volume of 100 shares."
2025-05-13 11:00:00,56.42,56.42,56.42,56.42,100,TDW,"At 2025-05-13 11:00:00, the stock TDW opened at 56.42 VND, reached a high of 56.42 VND, a low of 56.42 VND, and closed the hour at 56.42 VND with a trading volume of 100 shares."
2025-05-15 09:00:00,57.37,57.37,57.37,57.37,100,TDW,"At 2025-05-15 09:00:00, the stock TDW opened at 57.37 VND, reached a high of 57.37 VND, a low of 57.37 VND, and closed the hour at 57.37 VND with a trading volume of 100 shares."
2025-05-15 13:00:00,57.37,57.37,57.37,57.37,100,TDW,"At 2025-05-15 13:00:00, the stock TDW opened at 57.37 VND, reached a high of 57.37 VND, a low of 57.37 VND, and closed the hour at 57.37 VND with a trading volume of 100 shares."
2025-05-19 09:00:00,57.37,57.37,57.37,57.37,200,TDW,"At 2025-05-19 09:00:00, the stock TDW opened at 57.37 VND, reached a high of 57.37 VND, a low of 57.37 VND, and closed the hour at 57.37 VND with a trading volume of 200 shares."
2025-05-22 13:00:00,57.37,57.37,57.37,57.37,3000,TDW,"At 2025-05-22 13:00:00, the stock TDW opened at 57.37 VND, reached a high of 57.37 VND, a low of 57.37 VND, and closed the hour at 57.37 VND with a trading volume of 3,000 shares."
2025-05-22 14:00:00,57.37,57.37,57.37,57.37,500,TDW,"At 2025-05-22 14:00:00, the stock TDW opened at 57.37 VND, reached a high of 57.37 VND, a low of 57.37 VND, and closed the hour at 57.37 VND with a trading volume of 500 shares."
2025-05-23 09:00:00,61.39,61.39,61.39,61.39,100,TDW,"At 2025-05-23 09:00:00, the stock TDW opened at 61.39 VND, reached a high of 61.39 VND, a low of 61.39 VND, and closed the hour at 61.39 VND with a trading volume of 100 shares."
2025-05-23 13:00:00,60.72,60.81,60.72,60.81,200,TDW,"At 2025-05-23 13:00:00, the stock TDW opened at 60.72 VND, reached a high of 60.81 VND, a low of 60.72 VND, and closed the hour at 60.81 VND with a trading volume of 200 shares."
2025-05-26 13:00:00,60.91,60.91,60.91,60.91,200,TDW,"At 2025-05-26 13:00:00, the stock TDW opened at 60.91 VND, reached a high of 60.91 VND, a low of 60.91 VND, and closed the hour at 60.91 VND with a trading volume of 200 shares."
2025-05-27 09:00:00,62.15,62.15,62.15,62.15,200,TDW,"At 2025-05-27 09:00:00, the stock TDW opened at 62.15 VND, reached a high of 62.15 VND, a low of 62.15 VND, and closed the hour at 62.15 VND with a trading volume of 200 shares."
2025-05-27 13:00:00,61.67,61.67,61.67,61.67,1000,TDW,"At 2025-05-27 13:00:00, the stock TDW opened at 61.67 VND, reached a high of 61.67 VND, a low of 61.67 VND, and closed the hour at 61.67 VND with a trading volume of 1,000 shares."
2025-05-29 11:00:00,61.67,61.67,61.67,61.67,100,TDW,"At 2025-05-29 11:00:00, the stock TDW opened at 61.67 VND, reached a high of 61.67 VND, a low of 61.67 VND, and closed the hour at 61.67 VND with a trading volume of 100 shares."
2025-06-02 13:00:00,61.58,61.58,61.58,61.58,100,TDW,"At 2025-06-02 13:00:00, the stock TDW opened at 61.58 VND, reached a high of 61.58 VND, a low of 61.58 VND, and closed the hour at 61.58 VND with a trading volume of 100 shares."
2025-06-05 09:00:00,61.09,61.09,61.09,61.09,600,TDW,"At 2025-06-05 09:00:00, the stock TDW opened at 61.09 VND, reached a high of 61.09 VND, a low of 61.09 VND, and closed the hour at 61.09 VND with a trading volume of 600 shares."
2025-06-05 13:00:00,60.4,60.4,60.4,60.4,300,TDW,"At 2025-06-05 13:00:00, the stock TDW opened at 60.40 VND, reached a high of 60.40 VND, a low of 60.40 VND, and closed the hour at 60.40 VND with a trading volume of 300 shares."
2025-06-10 13:00:00,60.4,60.4,60.4,60.4,100,TDW,"At 2025-06-10 13:00:00, the stock TDW opened at 60.40 VND, reached a high of 60.40 VND, a low of 60.40 VND, and closed the hour at 60.40 VND with a trading volume of 100 shares."
2025-06-11 09:00:00,56.3,56.3,56.2,56.2,200,TDW,"At 2025-06-11 09:00:00, the stock TDW opened at 56.30 VND, reached a high of 56.30 VND, a low of 56.20 VND, and closed the hour at 56.20 VND with a trading volume of 200 shares."
2025-06-11 11:00:00,56.2,56.2,56.2,56.2,300,TDW,"At 2025-06-11 11:00:00, the stock TDW opened at 56.20 VND, reached a high of 56.20 VND, a low of 56.20 VND, and closed the hour at 56.20 VND with a trading volume of 300 shares."
2025-06-11 14:00:00,56.59,56.59,56.49,56.49,3200,TDW,"At 2025-06-11 14:00:00, the stock TDW opened at 56.59 VND, reached a high of 56.59 VND, a low of 56.49 VND, and closed the hour at 56.49 VND with a trading volume of 3,200 shares."
2025-06-12 09:00:00,57.47,57.47,57.47,57.47,1000,TDW,"At 2025-06-12 09:00:00, the stock TDW opened at 57.47 VND, reached a high of 57.47 VND, a low of 57.47 VND, and closed the hour at 57.47 VND with a trading volume of 1,000 shares."
2025-06-12 10:00:00,56.49,56.49,56.49,56.49,100,TDW,"At 2025-06-12 10:00:00, the stock TDW opened at 56.49 VND, reached a high of 56.49 VND, a low of 56.49 VND, and closed the hour at 56.49 VND with a trading volume of 100 shares."
2025-06-12 13:00:00,56.4,56.4,56.3,56.3,1700,TDW,"At 2025-06-12 13:00:00, the stock TDW opened at 56.40 VND, reached a high of 56.40 VND, a low of 56.30 VND, and closed the hour at 56.30 VND with a trading volume of 1,700 shares."
2025-06-12 14:00:00,55.71,55.71,55.71,55.71,100,TDW,"At 2025-06-12 14:00:00, the stock TDW opened at 55.71 VND, reached a high of 55.71 VND, a low of 55.71 VND, and closed the hour at 55.71 VND with a trading volume of 100 shares."
2025-06-13 13:00:00,55.71,55.71,55.71,55.71,100,TDW,"At 2025-06-13 13:00:00, the stock TDW opened at 55.71 VND, reached a high of 55.71 VND, a low of 55.71 VND, and closed the hour at 55.71 VND with a trading volume of 100 shares."
2025-06-13 14:00:00,56.3,56.3,56.3,56.3,100,TDW,"At 2025-06-13 14:00:00, the stock TDW opened at 56.30 VND, reached a high of 56.30 VND, a low of 56.30 VND, and closed the hour at 56.30 VND with a trading volume of 100 shares."
2025-06-16 09:00:00,56.49,57.18,56.3,56.3,13100,TDW,"At 2025-06-16 09:00:00, the stock TDW opened at 56.49 VND, reached a high of 57.18 VND, a low of 56.30 VND, and closed the hour at 56.30 VND with a trading volume of 13,100 shares."
2025-06-16 10:00:00,56.3,56.49,56.3,56.49,18300,TDW,"At 2025-06-16 10:00:00, the stock TDW opened at 56.30 VND, reached a high of 56.49 VND, a low of 56.30 VND, and closed the hour at 56.49 VND with a trading volume of 18,300 shares."
2025-06-19 13:00:00,56.49,56.49,56.49,56.49,3100,TDW,"At 2025-06-19 13:00:00, the stock TDW opened at 56.49 VND, reached a high of 56.49 VND, a low of 56.49 VND, and closed the hour at 56.49 VND with a trading volume of 3,100 shares."
2025-06-19 14:00:00,56.49,56.49,56.49,56.49,800,TDW,"At 2025-06-19 14:00:00, the stock TDW opened at 56.49 VND, reached a high of 56.49 VND, a low of 56.49 VND, and closed the hour at 56.49 VND with a trading volume of 800 shares."
2025-06-23 10:00:00,52.88,55.71,52.78,55.71,2300,TDW,"At 2025-06-23 10:00:00, the stock TDW opened at 52.88 VND, reached a high of 55.71 VND, a low of 52.78 VND, and closed the hour at 55.71 VND with a trading volume of 2,300 shares."
2025-06-24 11:00:00,54.73,54.73,54.73,54.73,200,TDW,"At 2025-06-24 11:00:00, the stock TDW opened at 54.73 VND, reached a high of 54.73 VND, a low of 54.73 VND, and closed the hour at 54.73 VND with a trading volume of 200 shares."
2025-06-24 14:00:00,54.73,54.73,54.73,54.73,400,TDW,"At 2025-06-24 14:00:00, the stock TDW opened at 54.73 VND, reached a high of 54.73 VND, a low of 54.73 VND, and closed the hour at 54.73 VND with a trading volume of 400 shares."
2025-06-25 09:00:00,54.25,54.25,53.76,53.76,1300,TDW,"At 2025-06-25 09:00:00, the stock TDW opened at 54.25 VND, reached a high of 54.25 VND, a low of 53.76 VND, and closed the hour at 53.76 VND with a trading volume of 1,300 shares."
2025-06-25 11:00:00,53.76,53.76,53.76,53.76,100,TDW,"At 2025-06-25 11:00:00, the stock TDW opened at 53.76 VND, reached a high of 53.76 VND, a low of 53.76 VND, and closed the hour at 53.76 VND with a trading volume of 100 shares."
2025-06-25 13:00:00,52.88,52.88,52.88,52.88,300,TDW,"At 2025-06-25 13:00:00, the stock TDW opened at 52.88 VND, reached a high of 52.88 VND, a low of 52.88 VND, and closed the hour at 52.88 VND with a trading volume of 300 shares."
2025-06-26 09:00:00,52.78,52.78,52.78,52.78,9600,TDW,"At 2025-06-26 09:00:00, the stock TDW opened at 52.78 VND, reached a high of 52.78 VND, a low of 52.78 VND, and closed the hour at 52.78 VND with a trading volume of 9,600 shares."
2025-06-26 10:00:00,52.78,52.78,52.78,52.78,100,TDW,"At 2025-06-26 10:00:00, the stock TDW opened at 52.78 VND, reached a high of 52.78 VND, a low of 52.78 VND, and closed the hour at 52.78 VND with a trading volume of 100 shares."
2025-06-26 13:00:00,52.78,52.78,52.78,52.78,200,TDW,"At 2025-06-26 13:00:00, the stock TDW opened at 52.78 VND, reached a high of 52.78 VND, a low of 52.78 VND, and closed the hour at 52.78 VND with a trading volume of 200 shares."
2025-06-30 11:00:00,53.76,53.76,53.76,53.76,200,TDW,"At 2025-06-30 11:00:00, the stock TDW opened at 53.76 VND, reached a high of 53.76 VND, a low of 53.76 VND, and closed the hour at 53.76 VND with a trading volume of 200 shares."
2025-06-30 13:00:00,53.76,53.76,53.76,53.76,100,TDW,"At 2025-06-30 13:00:00, the stock TDW opened at 53.76 VND, reached a high of 53.76 VND, a low of 53.76 VND, and closed the hour at 53.76 VND with a trading volume of 100 shares."
2025-07-01 09:00:00,53.66,53.66,53.66,53.66,200,TDW,"At 2025-07-01 09:00:00, the stock TDW opened at 53.66 VND, reached a high of 53.66 VND, a low of 53.66 VND, and closed the hour at 53.66 VND with a trading volume of 200 shares."
2025-07-01 10:00:00,53.66,53.66,53.66,53.66,200,TDW,"At 2025-07-01 10:00:00, the stock TDW opened at 53.66 VND, reached a high of 53.66 VND, a low of 53.66 VND, and closed the hour at 53.66 VND with a trading volume of 200 shares."
2025-07-01 13:00:00,53.66,53.66,53.66,53.66,100,TDW,"At 2025-07-01 13:00:00, the stock TDW opened at 53.66 VND, reached a high of 53.66 VND, a low of 53.66 VND, and closed the hour at 53.66 VND with a trading volume of 100 shares."
2025-07-01 14:00:00,53.56,53.56,53.56,53.56,200,TDW,"At 2025-07-01 14:00:00, the stock TDW opened at 53.56 VND, reached a high of 53.56 VND, a low of 53.56 VND, and closed the hour at 53.56 VND with a trading volume of 200 shares."
2025-07-02 09:00:00,53.56,53.56,53.56,53.56,100,TDW,"At 2025-07-02 09:00:00, the stock TDW opened at 53.56 VND, reached a high of 53.56 VND, a low of 53.56 VND, and closed the hour at 53.56 VND with a trading volume of 100 shares."
2025-07-03 09:00:00,53.56,53.56,53.56,53.56,2000,TDW,"At 2025-07-03 09:00:00, the stock TDW opened at 53.56 VND, reached a high of 53.56 VND, a low of 53.56 VND, and closed the hour at 53.56 VND with a trading volume of 2,000 shares."
2025-07-03 14:00:00,53.56,53.56,53.56,53.56,300,TDW,"At 2025-07-03 14:00:00, the stock TDW opened at 53.56 VND, reached a high of 53.56 VND, a low of 53.56 VND, and closed the hour at 53.56 VND with a trading volume of 300 shares."
2025-07-04 14:00:00,53.56,53.56,53.56,53.56,600,TDW,"At 2025-07-04 14:00:00, the stock TDW opened at 53.56 VND, reached a high of 53.56 VND, a low of 53.56 VND, and closed the hour at 53.56 VND with a trading volume of 600 shares."
2025-07-07 09:00:00,53.56,53.56,53.56,53.56,100,TDW,"At 2025-07-07 09:00:00, the stock TDW opened at 53.56 VND, reached a high of 53.56 VND, a low of 53.56 VND, and closed the hour at 53.56 VND with a trading volume of 100 shares."
2025-07-08 09:00:00,53.56,53.56,53.56,53.56,100,TDW,"At 2025-07-08 09:00:00, the stock TDW opened at 53.56 VND, reached a high of 53.56 VND, a low of 53.56 VND, and closed the hour at 53.56 VND with a trading volume of 100 shares."
2025-07-09 11:00:00,53.56,53.56,53.56,53.56,100,TDW,"At 2025-07-09 11:00:00, the stock TDW opened at 53.56 VND, reached a high of 53.56 VND, a low of 53.56 VND, and closed the hour at 53.56 VND with a trading volume of 100 shares."
2025-07-09 14:00:00,53.46,53.56,53.46,53.56,6300,TDW,"At 2025-07-09 14:00:00, the stock TDW opened at 53.46 VND, reached a high of 53.56 VND, a low of 53.46 VND, and closed the hour at 53.56 VND with a trading volume of 6,300 shares."
2025-07-11 09:00:00,53.56,53.56,53.46,53.46,200,TDW,"At 2025-07-11 09:00:00, the stock TDW opened at 53.56 VND, reached a high of 53.56 VND, a low of 53.46 VND, and closed the hour at 53.46 VND with a trading volume of 200 shares."
2025-07-11 13:00:00,53.56,53.56,52.78,52.78,800,TDW,"At 2025-07-11 13:00:00, the stock TDW opened at 53.56 VND, reached a high of 53.56 VND, a low of 52.78 VND, and closed the hour at 52.78 VND with a trading volume of 800 shares."
2025-07-14 09:00:00,55.22,55.22,55.22,55.22,100,TDW,"At 2025-07-14 09:00:00, the stock TDW opened at 55.22 VND, reached a high of 55.22 VND, a low of 55.22 VND, and closed the hour at 55.22 VND with a trading volume of 100 shares."
2025-07-14 13:00:00,52.78,52.78,52.78,52.78,200,TDW,"At 2025-07-14 13:00:00, the stock TDW opened at 52.78 VND, reached a high of 52.78 VND, a low of 52.78 VND, and closed the hour at 52.78 VND with a trading volume of 200 shares."
2025-07-15 09:00:00,53.07,53.07,53.07,53.07,200,TDW,"At 2025-07-15 09:00:00, the stock TDW opened at 53.07 VND, reached a high of 53.07 VND, a low of 53.07 VND, and closed the hour at 53.07 VND with a trading volume of 200 shares."
2025-07-15 14:00:00,52.98,52.98,52.98,52.98,900,TDW,"At 2025-07-15 14:00:00, the stock TDW opened at 52.98 VND, reached a high of 52.98 VND, a low of 52.98 VND, and closed the hour at 52.98 VND with a trading volume of 900 shares."
2025-07-18 10:00:00,52.78,52.78,52.78,52.78,200,TDW,"At 2025-07-18 10:00:00, the stock TDW opened at 52.78 VND, reached a high of 52.78 VND, a low of 52.78 VND, and closed the hour at 52.78 VND with a trading volume of 200 shares."
2025-07-22 13:00:00,52.39,52.39,52.39,52.39,1000,TDW,"At 2025-07-22 13:00:00, the stock TDW opened at 52.39 VND, reached a high of 52.39 VND, a low of 52.39 VND, and closed the hour at 52.39 VND with a trading volume of 1,000 shares."
2025-07-22 14:00:00,53.66,53.66,53.66,53.66,1800,TDW,"At 2025-07-22 14:00:00, the stock TDW opened at 53.66 VND, reached a high of 53.66 VND, a low of 53.66 VND, and closed the hour at 53.66 VND with a trading volume of 1,800 shares."
2025-07-23 14:00:00,53.66,53.66,53.66,53.66,200,TDW,"At 2025-07-23 14:00:00, the stock TDW opened at 53.66 VND, reached a high of 53.66 VND, a low of 53.66 VND, and closed the hour at 53.66 VND with a trading volume of 200 shares."
2025-07-28 09:00:00,53.66,53.66,53.66,53.66,100,TDW,"At 2025-07-28 09:00:00, the stock TDW opened at 53.66 VND, reached a high of 53.66 VND, a low of 53.66 VND, and closed the hour at 53.66 VND with a trading volume of 100 shares."
2025-07-28 11:00:00,53.66,53.66,53.66,53.66,100,TDW,"At 2025-07-28 11:00:00, the stock TDW opened at 53.66 VND, reached a high of 53.66 VND, a low of 53.66 VND, and closed the hour at 53.66 VND with a trading volume of 100 shares."
2025-07-28 13:00:00,53.66,53.66,53.66,53.66,100,TDW,"At 2025-07-28 13:00:00, the stock TDW opened at 53.66 VND, reached a high of 53.66 VND, a low of 53.66 VND, and closed the hour at 53.66 VND with a trading volume of 100 shares."
2025-07-29 10:00:00,53.46,53.76,53.46,53.76,2100,TDW,"At 2025-07-29 10:00:00, the stock TDW opened at 53.46 VND, reached a high of 53.76 VND, a low of 53.46 VND, and closed the hour at 53.76 VND with a trading volume of 2,100 shares."
2025-08-01 09:00:00,57.47,57.47,53.76,53.76,1900,TDW,"At 2025-08-01 09:00:00, the stock TDW opened at 57.47 VND, reached a high of 57.47 VND, a low of 53.76 VND, and closed the hour at 53.76 VND with a trading volume of 1,900 shares."
2025-08-01 10:00:00,53.76,53.76,53.76,53.76,200,TDW,"At 2025-08-01 10:00:00, the stock TDW opened at 53.76 VND, reached a high of 53.76 VND, a low of 53.76 VND, and closed the hour at 53.76 VND with a trading volume of 200 shares."
2025-08-04 09:00:00,57.37,57.37,57.37,57.37,100,TDW,"At 2025-08-04 09:00:00, the stock TDW opened at 57.37 VND, reached a high of 57.37 VND, a low of 57.37 VND, and closed the hour at 57.37 VND with a trading volume of 100 shares."
2025-08-04 11:00:00,55.22,55.22,55.22,55.22,1200,TDW,"At 2025-08-04 11:00:00, the stock TDW opened at 55.22 VND, reached a high of 55.22 VND, a low of 55.22 VND, and closed the hour at 55.22 VND with a trading volume of 1,200 shares."
2025-08-04 13:00:00,55.03,55.03,55.03,55.03,900,TDW,"At 2025-08-04 13:00:00, the stock TDW opened at 55.03 VND, reached a high of 55.03 VND, a low of 55.03 VND, and closed the hour at 55.03 VND with a trading volume of 900 shares."
2025-08-05 13:00:00,54.73,55.03,53.76,55.03,700,TDW,"At 2025-08-05 13:00:00, the stock TDW opened at 54.73 VND, reached a high of 55.03 VND, a low of 53.76 VND, and closed the hour at 55.03 VND with a trading volume of 700 shares."
2025-08-12 09:00:00,55.03,55.03,55.03,55.03,1000,TDW,"At 2025-08-12 09:00:00, the stock TDW opened at 55.03 VND, reached a high of 55.03 VND, a low of 55.03 VND, and closed the hour at 55.03 VND with a trading volume of 1,000 shares."
2025-08-12 13:00:00,55.03,55.03,55.03,55.03,200,TDW,"At 2025-08-12 13:00:00, the stock TDW opened at 55.03 VND, reached a high of 55.03 VND, a low of 55.03 VND, and closed the hour at 55.03 VND with a trading volume of 200 shares."
2025-08-14 09:00:00,55.03,55.03,55.03,55.03,200,TDW,"At 2025-08-14 09:00:00, the stock TDW opened at 55.03 VND, reached a high of 55.03 VND, a low of 55.03 VND, and closed the hour at 55.03 VND with a trading volume of 200 shares."
2025-08-15 09:00:00,58.84,58.84,58.84,58.84,100,TDW,"At 2025-08-15 09:00:00, the stock TDW opened at 58.84 VND, reached a high of 58.84 VND, a low of 58.84 VND, and closed the hour at 58.84 VND with a trading volume of 100 shares."
2025-08-15 13:00:00,56.88,56.88,56.88,56.88,100,TDW,"At 2025-08-15 13:00:00, the stock TDW opened at 56.88 VND, reached a high of 56.88 VND, a low of 56.88 VND, and closed the hour at 56.88 VND with a trading volume of 100 shares."
2025-08-18 14:00:00,56.88,56.88,56.88,56.88,100,TDW,"At 2025-08-18 14:00:00, the stock TDW opened at 56.88 VND, reached a high of 56.88 VND, a low of 56.88 VND, and closed the hour at 56.88 VND with a trading volume of 100 shares."
2025-08-19 09:00:00,56.88,56.88,56.88,56.88,100,TDW,"At 2025-08-19 09:00:00, the stock TDW opened at 56.88 VND, reached a high of 56.88 VND, a low of 56.88 VND, and closed the hour at 56.88 VND with a trading volume of 100 shares."
2025-08-20 09:00:00,53.37,53.37,53.37,53.37,200,TDW,"At 2025-08-20 09:00:00, the stock TDW opened at 53.37 VND, reached a high of 53.37 VND, a low of 53.37 VND, and closed the hour at 53.37 VND with a trading volume of 200 shares."
2025-08-20 10:00:00,53.46,53.76,53.37,53.76,900,TDW,"At 2025-08-20 10:00:00, the stock TDW opened at 53.46 VND, reached a high of 53.76 VND, a low of 53.37 VND, and closed the hour at 53.76 VND with a trading volume of 900 shares."
2025-08-21 14:00:00,55.71,55.71,55.71,55.71,100,TDW,"At 2025-08-21 14:00:00, the stock TDW opened at 55.71 VND, reached a high of 55.71 VND, a low of 55.71 VND, and closed the hour at 55.71 VND with a trading volume of 100 shares."
2025-08-27 09:00:00,56.79,56.79,56.79,56.79,100,TDW,"At 2025-08-27 09:00:00, the stock TDW opened at 56.79 VND, reached a high of 56.79 VND, a low of 56.79 VND, and closed the hour at 56.79 VND with a trading volume of 100 shares."
2025-09-09 14:00:00,52.88,52.88,52.88,52.88,100,TDW,"At 2025-09-09 14:00:00, the stock TDW opened at 52.88 VND, reached a high of 52.88 VND, a low of 52.88 VND, and closed the hour at 52.88 VND with a trading volume of 100 shares."
2025-09-10 13:00:00,52.88,52.88,52.78,52.78,600,TDW,"At 2025-09-10 13:00:00, the stock TDW opened at 52.88 VND, reached a high of 52.88 VND, a low of 52.78 VND, and closed the hour at 52.78 VND with a trading volume of 600 shares."
2025-09-10 14:00:00,52.78,52.78,52.78,52.78,100,TDW,"At 2025-09-10 14:00:00, the stock TDW opened at 52.78 VND, reached a high of 52.78 VND, a low of 52.78 VND, and closed the hour at 52.78 VND with a trading volume of 100 shares."
2025-09-11 09:00:00,52.78,52.78,52.78,52.78,400,TDW,"At 2025-09-11 09:00:00, the stock TDW opened at 52.78 VND, reached a high of 52.78 VND, a low of 52.78 VND, and closed the hour at 52.78 VND with a trading volume of 400 shares."
2025-09-11 10:00:00,52.78,52.78,52.78,52.78,200,TDW,"At 2025-09-11 10:00:00, the stock TDW opened at 52.78 VND, reached a high of 52.78 VND, a low of 52.78 VND, and closed the hour at 52.78 VND with a trading volume of 200 shares."
2025-09-11 13:00:00,52.68,52.68,52.68,52.68,100,TDW,"At 2025-09-11 13:00:00, the stock TDW opened at 52.68 VND, reached a high of 52.68 VND, a low of 52.68 VND, and closed the hour at 52.68 VND with a trading volume of 100 shares."
2025-09-11 14:00:00,52.68,52.68,49.16,49.16,3200,TDW,"At 2025-09-11 14:00:00, the stock TDW opened at 52.68 VND, reached a high of 52.68 VND, a low of 49.16 VND, and closed the hour at 49.16 VND with a trading volume of 3,200 shares."
2025-09-12 09:00:00,52.58,52.58,52.58,52.58,100,TDW,"At 2025-09-12 09:00:00, the stock TDW opened at 52.58 VND, reached a high of 52.58 VND, a low of 52.58 VND, and closed the hour at 52.58 VND with a trading volume of 100 shares."
2025-09-12 13:00:00,52.58,52.58,52.58,52.58,600,TDW,"At 2025-09-12 13:00:00, the stock TDW opened at 52.58 VND, reached a high of 52.58 VND, a low of 52.58 VND, and closed the hour at 52.58 VND with a trading volume of 600 shares."
2025-09-12 14:00:00,52.58,52.58,45.74,45.74,50600,TDW,"At 2025-09-12 14:00:00, the stock TDW opened at 52.58 VND, reached a high of 52.58 VND, a low of 45.74 VND, and closed the hour at 45.74 VND with a trading volume of 50,600 shares."
2025-09-15 09:00:00,45.84,45.84,45.84,45.84,11500,TDW,"At 2025-09-15 09:00:00, the stock TDW opened at 45.84 VND, reached a high of 45.84 VND, a low of 45.84 VND, and closed the hour at 45.84 VND with a trading volume of 11,500 shares."
2025-09-15 10:00:00,45.84,45.84,45.84,45.84,1000,TDW,"At 2025-09-15 10:00:00, the stock TDW opened at 45.84 VND, reached a high of 45.84 VND, a low of 45.84 VND, and closed the hour at 45.84 VND with a trading volume of 1,000 shares."
2025-09-15 11:00:00,45.84,45.84,45.84,45.84,400,TDW,"At 2025-09-15 11:00:00, the stock TDW opened at 45.84 VND, reached a high of 45.84 VND, a low of 45.84 VND, and closed the hour at 45.84 VND with a trading volume of 400 shares."
2025-09-15 13:00:00,45.84,45.84,45.06,45.84,17000,TDW,"At 2025-09-15 13:00:00, the stock TDW opened at 45.84 VND, reached a high of 45.84 VND, a low of 45.06 VND, and closed the hour at 45.84 VND with a trading volume of 17,000 shares."
2025-09-15 14:00:00,45.84,45.84,45.84,45.84,2200,TDW,"At 2025-09-15 14:00:00, the stock TDW opened at 45.84 VND, reached a high of 45.84 VND, a low of 45.84 VND, and closed the hour at 45.84 VND with a trading volume of 2,200 shares."
2025-09-16 09:00:00,45.84,48.38,45.84,48.38,9300,TDW,"At 2025-09-16 09:00:00, the stock TDW opened at 45.84 VND, reached a high of 48.38 VND, a low of 45.84 VND, and closed the hour at 48.38 VND with a trading volume of 9,300 shares."
2025-09-16 10:00:00,48.87,48.97,48.77,48.77,400,TDW,"At 2025-09-16 10:00:00, the stock TDW opened at 48.87 VND, reached a high of 48.97 VND, a low of 48.77 VND, and closed the hour at 48.77 VND with a trading volume of 400 shares."
2025-09-16 11:00:00,48.77,48.77,48.77,48.77,100,TDW,"At 2025-09-16 11:00:00, the stock TDW opened at 48.77 VND, reached a high of 48.77 VND, a low of 48.77 VND, and closed the hour at 48.77 VND with a trading volume of 100 shares."
2025-09-16 13:00:00,48.38,48.38,48.38,48.38,100,TDW,"At 2025-09-16 13:00:00, the stock TDW opened at 48.38 VND, reached a high of 48.38 VND, a low of 48.38 VND, and closed the hour at 48.38 VND with a trading volume of 100 shares."
2025-09-17 09:00:00,48.87,48.87,48.87,48.87,100,TDW,"At 2025-09-17 09:00:00, the stock TDW opened at 48.87 VND, reached a high of 48.87 VND, a low of 48.87 VND, and closed the hour at 48.87 VND with a trading volume of 100 shares."
2025-09-17 10:00:00,48.87,48.87,48.87,48.87,400,TDW,"At 2025-09-17 10:00:00, the stock TDW opened at 48.87 VND, reached a high of 48.87 VND, a low of 48.87 VND, and closed the hour at 48.87 VND with a trading volume of 400 shares."
2025-09-17 13:00:00,48.87,48.97,48.87,48.87,2800,TDW,"At 2025-09-17 13:00:00, the stock TDW opened at 48.87 VND, reached a high of 48.97 VND, a low of 48.87 VND, and closed the hour at 48.87 VND with a trading volume of 2,800 shares."
2025-09-17 14:00:00,48.72,48.72,48.72,48.72,700,TDW,"At 2025-09-17 14:00:00, the stock TDW opened at 48.72 VND, reached a high of 48.72 VND, a low of 48.72 VND, and closed the hour at 48.72 VND with a trading volume of 700 shares."
2025-09-18 09:00:00,46.92,47.6,46.92,47.6,200,TDW,"At 2025-09-18 09:00:00, the stock TDW opened at 46.92 VND, reached a high of 47.60 VND, a low of 46.92 VND, and closed the hour at 47.60 VND with a trading volume of 200 shares."
2025-09-18 10:00:00,47.6,48.63,47.6,48.63,2900,TDW,"At 2025-09-18 10:00:00, the stock TDW opened at 47.60 VND, reached a high of 48.63 VND, a low of 47.60 VND, and closed the hour at 48.63 VND with a trading volume of 2,900 shares."
2025-09-19 09:00:00,48.67,48.82,48.53,48.82,11100,TDW,"At 2025-09-19 09:00:00, the stock TDW opened at 48.67 VND, reached a high of 48.82 VND, a low of 48.53 VND, and closed the hour at 48.82 VND with a trading volume of 11,100 shares."
2025-09-19 10:00:00,48.53,48.82,48.53,48.77,15500,TDW,"At 2025-09-19 10:00:00, the stock TDW opened at 48.53 VND, reached a high of 48.82 VND, a low of 48.53 VND, and closed the hour at 48.77 VND with a trading volume of 15,500 shares."
2025-09-19 13:00:00,48.63,48.63,48.63,48.63,2400,TDW,"At 2025-09-19 13:00:00, the stock TDW opened at 48.63 VND, reached a high of 48.63 VND, a low of 48.63 VND, and closed the hour at 48.63 VND with a trading volume of 2,400 shares."
2025-09-19 14:00:00,48.63,48.63,48.63,48.63,2900,TDW,"At 2025-09-19 14:00:00, the stock TDW opened at 48.63 VND, reached a high of 48.63 VND, a low of 48.63 VND, and closed the hour at 48.63 VND with a trading volume of 2,900 shares."
2025-09-22 09:00:00,50.63,50.63,50.63,50.63,100,TDW,"At 2025-09-22 09:00:00, the stock TDW opened at 50.63 VND, reached a high of 50.63 VND, a low of 50.63 VND, and closed the hour at 50.63 VND with a trading volume of 100 shares."
2025-09-22 13:00:00,48.63,48.63,48.63,48.63,400,TDW,"At 2025-09-22 13:00:00, the stock TDW opened at 48.63 VND, reached a high of 48.63 VND, a low of 48.63 VND, and closed the hour at 48.63 VND with a trading volume of 400 shares."
2025-09-22 14:00:00,48.63,48.63,48.63,48.63,600,TDW,"At 2025-09-22 14:00:00, the stock TDW opened at 48.63 VND, reached a high of 48.63 VND, a low of 48.63 VND, and closed the hour at 48.63 VND with a trading volume of 600 shares."
2025-09-23 09:00:00,48.63,48.63,48.63,48.63,100,TDW,"At 2025-09-23 09:00:00, the stock TDW opened at 48.63 VND, reached a high of 48.63 VND, a low of 48.63 VND, and closed the hour at 48.63 VND with a trading volume of 100 shares."
2025-09-23 10:00:00,48.63,48.63,48.63,48.63,600,TDW,"At 2025-09-23 10:00:00, the stock TDW opened at 48.63 VND, reached a high of 48.63 VND, a low of 48.63 VND, and closed the hour at 48.63 VND with a trading volume of 600 shares."
2025-09-23 13:00:00,48.63,48.72,48.63,48.72,300,TDW,"At 2025-09-23 13:00:00, the stock TDW opened at 48.63 VND, reached a high of 48.72 VND, a low of 48.63 VND, and closed the hour at 48.72 VND with a trading volume of 300 shares."
2025-09-23 14:00:00,48.63,48.63,48.63,48.63,100,TDW,"At 2025-09-23 14:00:00, the stock TDW opened at 48.63 VND, reached a high of 48.63 VND, a low of 48.63 VND, and closed the hour at 48.63 VND with a trading volume of 100 shares."
2025-09-24 09:00:00,48.63,48.63,48.63,48.63,600,TDW,"At 2025-09-24 09:00:00, the stock TDW opened at 48.63 VND, reached a high of 48.63 VND, a low of 48.63 VND, and closed the hour at 48.63 VND with a trading volume of 600 shares."
2025-09-24 13:00:00,48.63,48.63,48.63,48.63,100,TDW,"At 2025-09-24 13:00:00, the stock TDW opened at 48.63 VND, reached a high of 48.63 VND, a low of 48.63 VND, and closed the hour at 48.63 VND with a trading volume of 100 shares."
2025-09-25 11:00:00,48.63,48.63,48.63,48.63,800,TDW,"At 2025-09-25 11:00:00, the stock TDW opened at 48.63 VND, reached a high of 48.63 VND, a low of 48.63 VND, and closed the hour at 48.63 VND with a trading volume of 800 shares."
2025-09-25 14:00:00,48.63,48.63,48.63,48.63,100,TDW,"At 2025-09-25 14:00:00, the stock TDW opened at 48.63 VND, reached a high of 48.63 VND, a low of 48.63 VND, and closed the hour at 48.63 VND with a trading volume of 100 shares."
2025-09-26 09:00:00,48.48,48.48,48.23,48.23,300,TDW,"At 2025-09-26 09:00:00, the stock TDW opened at 48.48 VND, reached a high of 48.48 VND, a low of 48.23 VND, and closed the hour at 48.23 VND with a trading volume of 300 shares."
2025-09-29 09:00:00,49.35,49.35,49.0,49.0,1500,TDW,"At 2025-09-29 09:00:00, the stock TDW opened at 49.35 VND, reached a high of 49.35 VND, a low of 49.00 VND, and closed the hour at 49.00 VND with a trading volume of 1,500 shares."
2025-09-29 13:00:00,50.0,50.5,50.0,50.5,2500,TDW,"At 2025-09-29 13:00:00, the stock TDW opened at 50.00 VND, reached a high of 50.50 VND, a low of 50.00 VND, and closed the hour at 50.50 VND with a trading volume of 2,500 shares."
2025-09-30 10:00:00,49.0,50.0,49.0,50.0,300,TDW,"At 2025-09-30 10:00:00, the stock TDW opened at 49.00 VND, reached a high of 50.00 VND, a low of 49.00 VND, and closed the hour at 50.00 VND with a trading volume of 300 shares."
2025-09-30 13:00:00,49.0,49.9,48.35,49.9,1400,TDW,"At 2025-09-30 13:00:00, the stock TDW opened at 49.00 VND, reached a high of 49.90 VND, a low of 48.35 VND, and closed the hour at 49.90 VND with a trading volume of 1,400 shares."
2025-10-01 09:00:00,50.0,50.0,47.0,47.0,3300,TDW,"At 2025-10-01 09:00:00, the stock TDW opened at 50.00 VND, reached a high of 50.00 VND, a low of 47.00 VND, and closed the hour at 47.00 VND with a trading volume of 3,300 shares."
2025-10-01 13:00:00,49.7,49.7,49.7,49.7,100,TDW,"At 2025-10-01 13:00:00, the stock TDW opened at 49.70 VND, reached a high of 49.70 VND, a low of 49.70 VND, and closed the hour at 49.70 VND with a trading volume of 100 shares."
2025-10-02 09:00:00,49.5,49.5,49.5,49.5,200,TDW,"At 2025-10-02 09:00:00, the stock TDW opened at 49.50 VND, reached a high of 49.50 VND, a low of 49.50 VND, and closed the hour at 49.50 VND with a trading volume of 200 shares."
2025-10-02 10:00:00,49.5,49.5,49.5,49.5,100,TDW,"At 2025-10-02 10:00:00, the stock TDW opened at 49.50 VND, reached a high of 49.50 VND, a low of 49.50 VND, and closed the hour at 49.50 VND with a trading volume of 100 shares."
2025-10-02 14:00:00,49.0,49.0,49.0,49.0,200,TDW,"At 2025-10-02 14:00:00, the stock TDW opened at 49.00 VND, reached a high of 49.00 VND, a low of 49.00 VND, and closed the hour at 49.00 VND with a trading volume of 200 shares."
2025-10-06 09:00:00,48.5,48.5,48.5,48.5,500,TDW,"At 2025-10-06 09:00:00, the stock TDW opened at 48.50 VND, reached a high of 48.50 VND, a low of 48.50 VND, and closed the hour at 48.50 VND with a trading volume of 500 shares."
2025-10-07 13:00:00,48.0,48.0,48.0,48.0,1700,TDW,"At 2025-10-07 13:00:00, the stock TDW opened at 48.00 VND, reached a high of 48.00 VND, a low of 48.00 VND, and closed the hour at 48.00 VND with a trading volume of 1,700 shares."
2025-10-08 09:00:00,48.0,48.0,48.0,48.0,100,TDW,"At 2025-10-08 09:00:00, the stock TDW opened at 48.00 VND, reached a high of 48.00 VND, a low of 48.00 VND, and closed the hour at 48.00 VND with a trading volume of 100 shares."
2025-10-10 09:00:00,48.0,48.0,48.0,48.0,300,TDW,"At 2025-10-10 09:00:00, the stock TDW opened at 48.00 VND, reached a high of 48.00 VND, a low of 48.00 VND, and closed the hour at 48.00 VND with a trading volume of 300 shares."
2025-10-10 11:00:00,46.75,46.75,46.75,46.75,200,TDW,"At 2025-10-10 11:00:00, the stock TDW opened at 46.75 VND, reached a high of 46.75 VND, a low of 46.75 VND, and closed the hour at 46.75 VND with a trading volume of 200 shares."
2025-10-10 14:00:00,47.05,47.05,47.05,47.05,200,TDW,"At 2025-10-10 14:00:00, the stock TDW opened at 47.05 VND, reached a high of 47.05 VND, a low of 47.05 VND, and closed the hour at 47.05 VND with a trading volume of 200 shares."
2025-10-13 09:00:00,48.0,48.0,48.0,48.0,1600,TDW,"At 2025-10-13 09:00:00, the stock TDW opened at 48.00 VND, reached a high of 48.00 VND, a low of 48.00 VND, and closed the hour at 48.00 VND with a trading volume of 1,600 shares."
2025-10-14 09:00:00,49.0,49.0,49.0,49.0,1800,TDW,"At 2025-10-14 09:00:00, the stock TDW opened at 49.00 VND, reached a high of 49.00 VND, a low of 49.00 VND, and closed the hour at 49.00 VND with a trading volume of 1,800 shares."
2025-10-14 11:00:00,51.0,51.0,51.0,51.0,100,TDW,"At 2025-10-14 11:00:00, the stock TDW opened at 51.00 VND, reached a high of 51.00 VND, a low of 51.00 VND, and closed the hour at 51.00 VND with a trading volume of 100 shares."
2025-10-15 10:00:00,48.3,48.3,48.3,48.3,300,TDW,"At 2025-10-15 10:00:00, the stock TDW opened at 48.30 VND, reached a high of 48.30 VND, a low of 48.30 VND, and closed the hour at 48.30 VND with a trading volume of 300 shares."
2025-10-16 10:00:00,49.0,49.0,49.0,49.0,1200,TDW,"At 2025-10-16 10:00:00, the stock TDW opened at 49.00 VND, reached a high of 49.00 VND, a low of 49.00 VND, and closed the hour at 49.00 VND with a trading volume of 1,200 shares."
2025-10-17 09:00:00,50.0,50.0,50.0,50.0,1500,TDW,"At 2025-10-17 09:00:00, the stock TDW opened at 50.00 VND, reached a high of 50.00 VND, a low of 50.00 VND, and closed the hour at 50.00 VND with a trading volume of 1,500 shares."
2025-10-17 13:00:00,49.9,49.9,49.9,49.9,100,TDW,"At 2025-10-17 13:00:00, the stock TDW opened at 49.90 VND, reached a high of 49.90 VND, a low of 49.90 VND, and closed the hour at 49.90 VND with a trading volume of 100 shares."
2025-10-20 09:00:00,51.0,51.0,51.0,51.0,100,TDW,"At 2025-10-20 09:00:00, the stock TDW opened at 51.00 VND, reached a high of 51.00 VND, a low of 51.00 VND, and closed the hour at 51.00 VND with a trading volume of 100 shares."
2025-10-27 10:00:00,48.0,48.0,48.0,48.0,100,TDW,"At 2025-10-27 10:00:00, the stock TDW opened at 48.00 VND, reached a high of 48.00 VND, a low of 48.00 VND, and closed the hour at 48.00 VND with a trading volume of 100 shares."
2025-10-29 09:00:00,48.7,48.7,48.7,48.7,5400,TDW,"At 2025-10-29 09:00:00, the stock TDW opened at 48.70 VND, reached a high of 48.70 VND, a low of 48.70 VND, and closed the hour at 48.70 VND with a trading volume of 5,400 shares."
2025-10-29 10:00:00,48.7,48.7,48.7,48.7,4600,TDW,"At 2025-10-29 10:00:00, the stock TDW opened at 48.70 VND, reached a high of 48.70 VND, a low of 48.70 VND, and closed the hour at 48.70 VND with a trading volume of 4,600 shares."
2025-10-29 11:00:00,48.7,48.7,48.7,48.7,8500,TDW,"At 2025-10-29 11:00:00, the stock TDW opened at 48.70 VND, reached a high of 48.70 VND, a low of 48.70 VND, and closed the hour at 48.70 VND with a trading volume of 8,500 shares."
2025-11-07 14:00:00,48.0,48.0,48.0,48.0,100,TDW,"At 2025-11-07 14:00:00, the stock TDW opened at 48.00 VND, reached a high of 48.00 VND, a low of 48.00 VND, and closed the hour at 48.00 VND with a trading volume of 100 shares."
2025-11-12 10:00:00,48.0,48.0,48.0,48.0,100,TDW,"At 2025-11-12 10:00:00, the stock TDW opened at 48.00 VND, reached a high of 48.00 VND, a low of 48.00 VND, and closed the hour at 48.00 VND with a trading volume of 100 shares."
2025-11-17 10:00:00,48.0,48.0,48.0,48.0,100,TDW,"At 2025-11-17 10:00:00, the stock TDW opened at 48.00 VND, reached a high of 48.00 VND, a low of 48.00 VND, and closed the hour at 48.00 VND with a trading volume of 100 shares."
2025-11-17 13:00:00,47.8,50.9,47.8,50.9,200,TDW,"At 2025-11-17 13:00:00, the stock TDW opened at 47.80 VND, reached a high of 50.90 VND, a low of 47.80 VND, and closed the hour at 50.90 VND with a trading volume of 200 shares."
2025-11-26 09:00:00,50.6,50.6,50.6,50.6,100,TDW,"At 2025-11-26 09:00:00, the stock TDW opened at 50.60 VND, reached a high of 50.60 VND, a low of 50.60 VND, and closed the hour at 50.60 VND with a trading volume of 100 shares."
2025-11-27 09:00:00,47.2,50.5,47.2,50.5,300,TDW,"At 2025-11-27 09:00:00, the stock TDW opened at 47.20 VND, reached a high of 50.50 VND, a low of 47.20 VND, and closed the hour at 50.50 VND with a trading volume of 300 shares."
2025-12-02 09:00:00,50.5,50.5,50.5,50.5,600,TDW,"At 2025-12-02 09:00:00, the stock TDW opened at 50.50 VND, reached a high of 50.50 VND, a low of 50.50 VND, and closed the hour at 50.50 VND with a trading volume of 600 shares."
2025-12-08 10:00:00,48.0,48.0,48.0,48.0,100,TDW,"At 2025-12-08 10:00:00, the stock TDW opened at 48.00 VND, reached a high of 48.00 VND, a low of 48.00 VND, and closed the hour at 48.00 VND with a trading volume of 100 shares."
2025-12-09 10:00:00,48.0,48.0,48.0,48.0,400,TDW,"At 2025-12-09 10:00:00, the stock TDW opened at 48.00 VND, reached a high of 48.00 VND, a low of 48.00 VND, and closed the hour at 48.00 VND with a trading volume of 400 shares."
2025-12-09 14:00:00,48.0,48.0,48.0,48.0,100,TDW,"At 2025-12-09 14:00:00, the stock TDW opened at 48.00 VND, reached a high of 48.00 VND, a low of 48.00 VND, and closed the hour at 48.00 VND with a trading volume of 100 shares."
2025-12-12 10:00:00,48.0,48.0,48.0,48.0,400,TDW,"At 2025-12-12 10:00:00, the stock TDW opened at 48.00 VND, reached a high of 48.00 VND, a low of 48.00 VND, and closed the hour at 48.00 VND with a trading volume of 400 shares."
2025-12-15 13:00:00,48.0,48.0,48.0,48.0,1600,TDW,"At 2025-12-15 13:00:00, the stock TDW opened at 48.00 VND, reached a high of 48.00 VND, a low of 48.00 VND, and closed the hour at 48.00 VND with a trading volume of 1,600 shares."
2025-12-18 13:00:00,50.0,51.3,50.0,51.3,6300,TDW,"At 2025-12-18 13:00:00, the stock TDW opened at 50.00 VND, reached a high of 51.30 VND, a low of 50.00 VND, and closed the hour at 51.30 VND with a trading volume of 6,300 shares."
2025-12-19 10:00:00,48.0,48.0,48.0,48.0,100,TDW,"At 2025-12-19 10:00:00, the stock TDW opened at 48.00 VND, reached a high of 48.00 VND, a low of 48.00 VND, and closed the hour at 48.00 VND with a trading volume of 100 shares."
2025-12-24 10:00:00,51.0,51.0,51.0,51.0,100,TDW,"At 2025-12-24 10:00:00, the stock TDW opened at 51.00 VND, reached a high of 51.00 VND, a low of 51.00 VND, and closed the hour at 51.00 VND with a trading volume of 100 shares."
2025-12-25 11:00:00,50.0,50.0,50.0,50.0,200,TDW,"At 2025-12-25 11:00:00, the stock TDW opened at 50.00 VND, reached a high of 50.00 VND, a low of 50.00 VND, and closed the hour at 50.00 VND with a trading volume of 200 shares."
2025-12-26 09:00:00,50.0,50.0,50.0,50.0,300,TDW,"At 2025-12-26 09:00:00, the stock TDW opened at 50.00 VND, reached a high of 50.00 VND, a low of 50.00 VND, and closed the hour at 50.00 VND with a trading volume of 300 shares."
2025-12-30 13:00:00,49.0,49.0,49.0,49.0,100,TDW,"At 2025-12-30 13:00:00, the stock TDW opened at 49.00 VND, reached a high of 49.00 VND, a low of 49.00 VND, and closed the hour at 49.00 VND with a trading volume of 100 shares."
2025-12-31 09:00:00,49.0,49.0,49.0,49.0,500,TDW,"At 2025-12-31 09:00:00, the stock TDW opened at 49.00 VND, reached a high of 49.00 VND, a low of 49.00 VND, and closed the hour at 49.00 VND with a trading volume of 500 shares."
2026-01-07 09:00:00,49.0,49.0,49.0,49.0,100,TDW,"At 2026-01-07 09:00:00, the stock TDW opened at 49.00 VND, reached a high of 49.00 VND, a low of 49.00 VND, and closed the hour at 49.00 VND with a trading volume of 100 shares."
2026-01-08 11:00:00,49.0,49.0,49.0,49.0,100,TDW,"At 2026-01-08 11:00:00, the stock TDW opened at 49.00 VND, reached a high of 49.00 VND, a low of 49.00 VND, and closed the hour at 49.00 VND with a trading volume of 100 shares."
2026-01-09 09:00:00,49.0,49.0,49.0,49.0,1000,TDW,"At 2026-01-09 09:00:00, the stock TDW opened at 49.00 VND, reached a high of 49.00 VND, a low of 49.00 VND, and closed the hour at 49.00 VND with a trading volume of 1,000 shares."
2026-01-09 14:00:00,49.0,49.0,49.0,49.0,100,TDW,"At 2026-01-09 14:00:00, the stock TDW opened at 49.00 VND, reached a high of 49.00 VND, a low of 49.00 VND, and closed the hour at 49.00 VND with a trading volume of 100 shares."
2026-01-12 14:00:00,50.0,50.0,50.0,50.0,100,TDW,"At 2026-01-12 14:00:00, the stock TDW opened at 50.00 VND, reached a high of 50.00 VND, a low of 50.00 VND, and closed the hour at 50.00 VND with a trading volume of 100 shares."
2026-01-13 09:00:00,49.0,49.0,49.0,49.0,100,TDW,"At 2026-01-13 09:00:00, the stock TDW opened at 49.00 VND, reached a high of 49.00 VND, a low of 49.00 VND, and closed the hour at 49.00 VND with a trading volume of 100 shares."
2026-01-13 14:00:00,49.9,49.9,49.9,49.9,100,TDW,"At 2026-01-13 14:00:00, the stock TDW opened at 49.90 VND, reached a high of 49.90 VND, a low of 49.90 VND, and closed the hour at 49.90 VND with a trading volume of 100 shares."
2026-01-14 13:00:00,48.0,49.9,46.5,49.9,2100,TDW,"At 2026-01-14 13:00:00, the stock TDW opened at 48.00 VND, reached a high of 49.90 VND, a low of 46.50 VND, and closed the hour at 49.90 VND with a trading volume of 2,100 shares."
2026-01-14 14:00:00,49.9,49.9,49.9,49.9,100,TDW,"At 2026-01-14 14:00:00, the stock TDW opened at 49.90 VND, reached a high of 49.90 VND, a low of 49.90 VND, and closed the hour at 49.90 VND with a trading volume of 100 shares."
2026-01-15 14:00:00,49.0,49.0,49.0,49.0,100,TDW,"At 2026-01-15 14:00:00, the stock TDW opened at 49.00 VND, reached a high of 49.00 VND, a low of 49.00 VND, and closed the hour at 49.00 VND with a trading volume of 100 shares."
2026-01-16 14:00:00,48.35,48.35,48.35,48.35,100,TDW,"At 2026-01-16 14:00:00, the stock TDW opened at 48.35 VND, reached a high of 48.35 VND, a low of 48.35 VND, and closed the hour at 48.35 VND with a trading volume of 100 shares."
2026-01-19 14:00:00,48.8,48.8,48.8,48.8,100,TDW,"At 2026-01-19 14:00:00, the stock TDW opened at 48.80 VND, reached a high of 48.80 VND, a low of 48.80 VND, and closed the hour at 48.80 VND with a trading volume of 100 shares."
2026-01-20 09:00:00,46.5,46.5,46.5,46.5,100,TDW,"At 2026-01-20 09:00:00, the stock TDW opened at 46.50 VND, reached a high of 46.50 VND, a low of 46.50 VND, and closed the hour at 46.50 VND with a trading volume of 100 shares."
2026-01-20 14:00:00,48.6,48.6,48.6,48.6,100,TDW,"At 2026-01-20 14:00:00, the stock TDW opened at 48.60 VND, reached a high of 48.60 VND, a low of 48.60 VND, and closed the hour at 48.60 VND with a trading volume of 100 shares."
2026-01-21 10:00:00,47.5,47.5,46.6,46.6,1800,TDW,"At 2026-01-21 10:00:00, the stock TDW opened at 47.50 VND, reached a high of 47.50 VND, a low of 46.60 VND, and closed the hour at 46.60 VND with a trading volume of 1,800 shares."
2026-01-21 14:00:00,48.7,48.7,48.7,48.7,100,TDW,"At 2026-01-21 14:00:00, the stock TDW opened at 48.70 VND, reached a high of 48.70 VND, a low of 48.70 VND, and closed the hour at 48.70 VND with a trading volume of 100 shares."
2026-01-22 09:00:00,47.0,47.0,47.0,47.0,3000,TDW,"At 2026-01-22 09:00:00, the stock TDW opened at 47.00 VND, reached a high of 47.00 VND, a low of 47.00 VND, and closed the hour at 47.00 VND with a trading volume of 3,000 shares."
2026-01-22 14:00:00,48.6,48.6,48.6,48.6,100,TDW,"At 2026-01-22 14:00:00, the stock TDW opened at 48.60 VND, reached a high of 48.60 VND, a low of 48.60 VND, and closed the hour at 48.60 VND with a trading volume of 100 shares."
2026-01-23 09:00:00,47.1,47.1,47.1,47.1,100,TDW,"At 2026-01-23 09:00:00, the stock TDW opened at 47.10 VND, reached a high of 47.10 VND, a low of 47.10 VND, and closed the hour at 47.10 VND with a trading volume of 100 shares."
2026-01-23 10:00:00,47.15,47.15,47.15,47.15,200,TDW,"At 2026-01-23 10:00:00, the stock TDW opened at 47.15 VND, reached a high of 47.15 VND, a low of 47.15 VND, and closed the hour at 47.15 VND with a trading volume of 200 shares."
2026-01-23 13:00:00,47.1,47.1,46.0,47.05,3700,TDW,"At 2026-01-23 13:00:00, the stock TDW opened at 47.10 VND, reached a high of 47.10 VND, a low of 46.00 VND, and closed the hour at 47.05 VND with a trading volume of 3,700 shares."
2026-01-23 14:00:00,47.0,47.0,47.0,47.0,100,TDW,"At 2026-01-23 14:00:00, the stock TDW opened at 47.00 VND, reached a high of 47.00 VND, a low of 47.00 VND, and closed the hour at 47.00 VND with a trading volume of 100 shares."
2026-01-26 14:00:00,47.0,47.0,47.0,47.0,100,TDW,"At 2026-01-26 14:00:00, the stock TDW opened at 47.00 VND, reached a high of 47.00 VND, a low of 47.00 VND, and closed the hour at 47.00 VND with a trading volume of 100 shares."
2026-01-27 13:00:00,45.0,45.0,44.0,44.0,1600,TDW,"At 2026-01-27 13:00:00, the stock TDW opened at 45.00 VND, reached a high of 45.00 VND, a low of 44.00 VND, and closed the hour at 44.00 VND with a trading volume of 1,600 shares."
2026-01-27 14:00:00,46.9,46.9,46.9,46.9,100,TDW,"At 2026-01-27 14:00:00, the stock TDW opened at 46.90 VND, reached a high of 46.90 VND, a low of 46.90 VND, and closed the hour at 46.90 VND with a trading volume of 100 shares."
2026-01-28 13:00:00,47.5,48.0,47.5,48.0,1000,TDW,"At 2026-01-28 13:00:00, the stock TDW opened at 47.50 VND, reached a high of 48.00 VND, a low of 47.50 VND, and closed the hour at 48.00 VND with a trading volume of 1,000 shares."
2026-01-28 14:00:00,48.5,48.5,48.5,48.5,100,TDW,"At 2026-01-28 14:00:00, the stock TDW opened at 48.50 VND, reached a high of 48.50 VND, a low of 48.50 VND, and closed the hour at 48.50 VND with a trading volume of 100 shares."
2026-01-29 10:00:00,47.0,47.0,47.0,47.0,200,TDW,"At 2026-01-29 10:00:00, the stock TDW opened at 47.00 VND, reached a high of 47.00 VND, a low of 47.00 VND, and closed the hour at 47.00 VND with a trading volume of 200 shares."
2026-01-29 11:00:00,47.0,47.5,47.0,47.5,18100,TDW,"At 2026-01-29 11:00:00, the stock TDW opened at 47.00 VND, reached a high of 47.50 VND, a low of 47.00 VND, and closed the hour at 47.50 VND with a trading volume of 18,100 shares."
2026-01-29 14:00:00,48.5,48.5,48.5,48.5,100,TDW,"At 2026-01-29 14:00:00, the stock TDW opened at 48.50 VND, reached a high of 48.50 VND, a low of 48.50 VND, and closed the hour at 48.50 VND with a trading volume of 100 shares."
2026-01-30 10:00:00,47.0,47.0,47.0,47.0,200,TDW,"At 2026-01-30 10:00:00, the stock TDW opened at 47.00 VND, reached a high of 47.00 VND, a low of 47.00 VND, and closed the hour at 47.00 VND with a trading volume of 200 shares."
2026-01-30 14:00:00,47.0,47.0,47.0,47.0,300,TDW,"At 2026-01-30 14:00:00, the stock TDW opened at 47.00 VND, reached a high of 47.00 VND, a low of 47.00 VND, and closed the hour at 47.00 VND with a trading volume of 300 shares."
2026-02-02 10:00:00,45.6,45.6,45.6,45.6,1000,TDW,"At 2026-02-02 10:00:00, the stock TDW opened at 45.60 VND, reached a high of 45.60 VND, a low of 45.60 VND, and closed the hour at 45.60 VND with a trading volume of 1,000 shares."
2026-02-02 14:00:00,47.0,47.0,47.0,47.0,100,TDW,"At 2026-02-02 14:00:00, the stock TDW opened at 47.00 VND, reached a high of 47.00 VND, a low of 47.00 VND, and closed the hour at 47.00 VND with a trading volume of 100 shares."
2026-02-03 11:00:00,47.0,47.0,47.0,47.0,300,TDW,"At 2026-02-03 11:00:00, the stock TDW opened at 47.00 VND, reached a high of 47.00 VND, a low of 47.00 VND, and closed the hour at 47.00 VND with a trading volume of 300 shares."
2026-02-03 14:00:00,46.0,46.0,46.0,46.0,100,TDW,"At 2026-02-03 14:00:00, the stock TDW opened at 46.00 VND, reached a high of 46.00 VND, a low of 46.00 VND, and closed the hour at 46.00 VND with a trading volume of 100 shares."
2026-02-04 09:00:00,45.7,45.7,45.7,45.7,200,TDW,"At 2026-02-04 09:00:00, the stock TDW opened at 45.70 VND, reached a high of 45.70 VND, a low of 45.70 VND, and closed the hour at 45.70 VND with a trading volume of 200 shares."
2026-02-05 09:00:00,45.6,46.5,45.6,46.0,3400,TDW,"At 2026-02-05 09:00:00, the stock TDW opened at 45.60 VND, reached a high of 46.50 VND, a low of 45.60 VND, and closed the hour at 46.00 VND with a trading volume of 3,400 shares."
2026-02-05 10:00:00,46.0,46.0,46.0,46.0,200,TDW,"At 2026-02-05 10:00:00, the stock TDW opened at 46.00 VND, reached a high of 46.00 VND, a low of 46.00 VND, and closed the hour at 46.00 VND with a trading volume of 200 shares."
2026-02-05 11:00:00,46.0,46.0,46.0,46.0,400,TDW,"At 2026-02-05 11:00:00, the stock TDW opened at 46.00 VND, reached a high of 46.00 VND, a low of 46.00 VND, and closed the hour at 46.00 VND with a trading volume of 400 shares."
2026-02-06 10:00:00,46.0,46.0,46.0,46.0,300,TDW,"At 2026-02-06 10:00:00, the stock TDW opened at 46.00 VND, reached a high of 46.00 VND, a low of 46.00 VND, and closed the hour at 46.00 VND with a trading volume of 300 shares."
2026-02-06 13:00:00,46.0,46.0,46.0,46.0,10200,TDW,"At 2026-02-06 13:00:00, the stock TDW opened at 46.00 VND, reached a high of 46.00 VND, a low of 46.00 VND, and closed the hour at 46.00 VND with a trading volume of 10,200 shares."
2026-02-06 14:00:00,46.0,46.3,46.0,46.3,600,TDW,"At 2026-02-06 14:00:00, the stock TDW opened at 46.00 VND, reached a high of 46.30 VND, a low of 46.00 VND, and closed the hour at 46.30 VND with a trading volume of 600 shares."
2026-02-09 13:00:00,45.7,45.7,45.0,45.0,8400,TDW,"At 2026-02-09 13:00:00, the stock TDW opened at 45.70 VND, reached a high of 45.70 VND, a low of 45.00 VND, and closed the hour at 45.00 VND with a trading volume of 8,400 shares."
2026-02-09 14:00:00,46.3,46.3,46.3,46.3,100,TDW,"At 2026-02-09 14:00:00, the stock TDW opened at 46.30 VND, reached a high of 46.30 VND, a low of 46.30 VND, and closed the hour at 46.30 VND with a trading volume of 100 shares."
2026-02-10 14:00:00,46.3,46.3,46.3,46.3,100,TDW,"At 2026-02-10 14:00:00, the stock TDW opened at 46.30 VND, reached a high of 46.30 VND, a low of 46.30 VND, and closed the hour at 46.30 VND with a trading volume of 100 shares."
2026-02-11 10:00:00,46.0,46.0,46.0,46.0,300,TDW,"At 2026-02-11 10:00:00, the stock TDW opened at 46.00 VND, reached a high of 46.00 VND, a low of 46.00 VND, and closed the hour at 46.00 VND with a trading volume of 300 shares."
2026-02-11 14:00:00,46.0,46.0,46.0,46.0,100,TDW,"At 2026-02-11 14:00:00, the stock TDW opened at 46.00 VND, reached a high of 46.00 VND, a low of 46.00 VND, and closed the hour at 46.00 VND with a trading volume of 100 shares."
2026-02-12 09:00:00,43.3,45.0,42.8,42.8,33000,TDW,"At 2026-02-12 09:00:00, the stock TDW opened at 43.30 VND, reached a high of 45.00 VND, a low of 42.80 VND, and closed the hour at 42.80 VND with a trading volume of 33,000 shares."
2026-02-12 10:00:00,42.8,43.0,42.8,42.8,11100,TDW,"At 2026-02-12 10:00:00, the stock TDW opened at 42.80 VND, reached a high of 43.00 VND, a low of 42.80 VND, and closed the hour at 42.80 VND with a trading volume of 11,100 shares."
2026-02-12 11:00:00,43.0,43.0,42.8,42.8,9300,TDW,"At 2026-02-12 11:00:00, the stock TDW opened at 43.00 VND, reached a high of 43.00 VND, a low of 42.80 VND, and closed the hour at 42.80 VND with a trading volume of 9,300 shares."
2026-02-12 13:00:00,45.5,45.5,42.8,43.2,10000,TDW,"At 2026-02-12 13:00:00, the stock TDW opened at 45.50 VND, reached a high of 45.50 VND, a low of 42.80 VND, and closed the hour at 43.20 VND with a trading volume of 10,000 shares."
2026-02-12 14:00:00,43.2,43.2,42.8,42.8,15900,TDW,"At 2026-02-12 14:00:00, the stock TDW opened at 43.20 VND, reached a high of 43.20 VND, a low of 42.80 VND, and closed the hour at 42.80 VND with a trading volume of 15,900 shares."
2026-02-13 09:00:00,42.85,42.85,42.85,42.85,1000,TDW,"At 2026-02-13 09:00:00, the stock TDW opened at 42.85 VND, reached a high of 42.85 VND, a low of 42.85 VND, and closed the hour at 42.85 VND with a trading volume of 1,000 shares."
2026-02-13 10:00:00,45.0,45.0,45.0,45.0,100,TDW,"At 2026-02-13 10:00:00, the stock TDW opened at 45.00 VND, reached a high of 45.00 VND, a low of 45.00 VND, and closed the hour at 45.00 VND with a trading volume of 100 shares."
2026-02-13 13:00:00,45.0,45.0,45.0,45.0,100,TDW,"At 2026-02-13 13:00:00, the stock TDW opened at 45.00 VND, reached a high of 45.00 VND, a low of 45.00 VND, and closed the hour at 45.00 VND with a trading volume of 100 shares."
2026-02-13 14:00:00,45.5,45.5,45.5,45.5,100,TDW,"At 2026-02-13 14:00:00, the stock TDW opened at 45.50 VND, reached a high of 45.50 VND, a low of 45.50 VND, and closed the hour at 45.50 VND with a trading volume of 100 shares."
2026-02-23 13:00:00,43.05,43.7,43.0,43.5,1800,TDW,"At 2026-02-23 13:00:00, the stock TDW opened at 43.05 VND, reached a high of 43.70 VND, a low of 43.00 VND, and closed the hour at 43.50 VND with a trading volume of 1,800 shares."
2026-02-23 14:00:00,43.65,43.9,43.0,43.0,2100,TDW,"At 2026-02-23 14:00:00, the stock TDW opened at 43.65 VND, reached a high of 43.90 VND, a low of 43.00 VND, and closed the hour at 43.00 VND with a trading volume of 2,100 shares."
2026-02-24 09:00:00,44.0,44.0,43.75,43.75,600,TDW,"At 2026-02-24 09:00:00, the stock TDW opened at 44.00 VND, reached a high of 44.00 VND, a low of 43.75 VND, and closed the hour at 43.75 VND with a trading volume of 600 shares."
2026-02-24 10:00:00,42.5,43.55,42.5,43.55,2400,TDW,"At 2026-02-24 10:00:00, the stock TDW opened at 42.50 VND, reached a high of 43.55 VND, a low of 42.50 VND, and closed the hour at 43.55 VND with a trading volume of 2,400 shares."
2026-02-24 11:00:00,43.0,43.55,43.0,43.55,1500,TDW,"At 2026-02-24 11:00:00, the stock TDW opened at 43.00 VND, reached a high of 43.55 VND, a low of 43.00 VND, and closed the hour at 43.55 VND with a trading volume of 1,500 shares."
2026-02-24 13:00:00,43.0,43.0,43.0,43.0,2000,TDW,"At 2026-02-24 13:00:00, the stock TDW opened at 43.00 VND, reached a high of 43.00 VND, a low of 43.00 VND, and closed the hour at 43.00 VND with a trading volume of 2,000 shares."
2026-02-25 10:00:00,43.0,43.05,43.0,43.05,2100,TDW,"At 2026-02-25 10:00:00, the stock TDW opened at 43.00 VND, reached a high of 43.05 VND, a low of 43.00 VND, and closed the hour at 43.05 VND with a trading volume of 2,100 shares."
2026-02-25 11:00:00,43.05,43.05,43.05,43.05,200,TDW,"At 2026-02-25 11:00:00, the stock TDW opened at 43.05 VND, reached a high of 43.05 VND, a low of 43.05 VND, and closed the hour at 43.05 VND with a trading volume of 200 shares."
2026-02-25 13:00:00,43.05,43.05,43.05,43.05,100,TDW,"At 2026-02-25 13:00:00, the stock TDW opened at 43.05 VND, reached a high of 43.05 VND, a low of 43.05 VND, and closed the hour at 43.05 VND with a trading volume of 100 shares."
2026-02-26 10:00:00,43.0,43.0,43.0,43.0,1000,TDW,"At 2026-02-26 10:00:00, the stock TDW opened at 43.00 VND, reached a high of 43.00 VND, a low of 43.00 VND, and closed the hour at 43.00 VND with a trading volume of 1,000 shares."
2026-02-26 13:00:00,43.45,43.45,43.45,43.45,100,TDW,"At 2026-02-26 13:00:00, the stock TDW opened at 43.45 VND, reached a high of 43.45 VND, a low of 43.45 VND, and closed the hour at 43.45 VND with a trading volume of 100 shares."
2026-02-26 14:00:00,43.6,43.6,43.6,43.6,100,TDW,"At 2026-02-26 14:00:00, the stock TDW opened at 43.60 VND, reached a high of 43.60 VND, a low of 43.60 VND, and closed the hour at 43.60 VND with a trading volume of 100 shares."
2026-02-27 09:00:00,43.65,44.0,43.65,44.0,1700,TDW,"At 2026-02-27 09:00:00, the stock TDW opened at 43.65 VND, reached a high of 44.00 VND, a low of 43.65 VND, and closed the hour at 44.00 VND with a trading volume of 1,700 shares."
2026-02-27 10:00:00,43.05,43.05,43.0,43.0,2600,TDW,"At 2026-02-27 10:00:00, the stock TDW opened at 43.05 VND, reached a high of 43.05 VND, a low of 43.00 VND, and closed the hour at 43.00 VND with a trading volume of 2,600 shares."
2026-02-27 14:00:00,43.6,43.6,43.5,43.5,300,TDW,"At 2026-02-27 14:00:00, the stock TDW opened at 43.60 VND, reached a high of 43.60 VND, a low of 43.50 VND, and closed the hour at 43.50 VND with a trading volume of 300 shares."
2026-03-02 09:00:00,44.9,44.9,43.95,43.95,200,TDW,"At 2026-03-02 09:00:00, the stock TDW opened at 44.90 VND, reached a high of 44.90 VND, a low of 43.95 VND, and closed the hour at 43.95 VND with a trading volume of 200 shares."
2026-03-02 10:00:00,43.1,43.85,43.05,43.85,500,TDW,"At 2026-03-02 10:00:00, the stock TDW opened at 43.10 VND, reached a high of 43.85 VND, a low of 43.05 VND, and closed the hour at 43.85 VND with a trading volume of 500 shares."
2026-03-02 14:00:00,43.2,43.5,43.05,43.5,700,TDW,"At 2026-03-02 14:00:00, the stock TDW opened at 43.20 VND, reached a high of 43.50 VND, a low of 43.05 VND, and closed the hour at 43.50 VND with a trading volume of 700 shares."
2026-03-03 09:00:00,43.45,43.45,43.45,43.45,100,TDW,"At 2026-03-03 09:00:00, the stock TDW opened at 43.45 VND, reached a high of 43.45 VND, a low of 43.45 VND, and closed the hour at 43.45 VND with a trading volume of 100 shares."
2026-03-03 11:00:00,43.5,43.5,43.5,43.5,100,TDW,"At 2026-03-03 11:00:00, the stock TDW opened at 43.50 VND, reached a high of 43.50 VND, a low of 43.50 VND, and closed the hour at 43.50 VND with a trading volume of 100 shares."
2026-03-03 13:00:00,43.25,43.25,43.25,43.25,300,TDW,"At 2026-03-03 13:00:00, the stock TDW opened at 43.25 VND, reached a high of 43.25 VND, a low of 43.25 VND, and closed the hour at 43.25 VND with a trading volume of 300 shares."
2026-03-03 14:00:00,43.15,43.15,43.1,43.1,700,TDW,"At 2026-03-03 14:00:00, the stock TDW opened at 43.15 VND, reached a high of 43.15 VND, a low of 43.10 VND, and closed the hour at 43.10 VND with a trading volume of 700 shares."
2026-03-04 09:00:00,42.8,43.1,42.8,43.1,1000,TDW,"At 2026-03-04 09:00:00, the stock TDW opened at 42.80 VND, reached a high of 43.10 VND, a low of 42.80 VND, and closed the hour at 43.10 VND with a trading volume of 1,000 shares."
2026-03-04 10:00:00,43.0,43.0,43.0,43.0,300,TDW,"At 2026-03-04 10:00:00, the stock TDW opened at 43.00 VND, reached a high of 43.00 VND, a low of 43.00 VND, and closed the hour at 43.00 VND with a trading volume of 300 shares."
2026-03-04 11:00:00,43.1,43.1,43.1,43.1,400,TDW,"At 2026-03-04 11:00:00, the stock TDW opened at 43.10 VND, reached a high of 43.10 VND, a low of 43.10 VND, and closed the hour at 43.10 VND with a trading volume of 400 shares."
2026-03-04 13:00:00,42.9,42.9,42.75,42.75,1100,TDW,"At 2026-03-04 13:00:00, the stock TDW opened at 42.90 VND, reached a high of 42.90 VND, a low of 42.75 VND, and closed the hour at 42.75 VND with a trading volume of 1,100 shares."
2026-03-04 14:00:00,43.1,43.1,43.1,43.1,200,TDW,"At 2026-03-04 14:00:00, the stock TDW opened at 43.10 VND, reached a high of 43.10 VND, a low of 43.10 VND, and closed the hour at 43.10 VND with a trading volume of 200 shares."
2026-03-05 14:00:00,43.3,43.3,43.3,43.3,100,TDW,"At 2026-03-05 14:00:00, the stock TDW opened at 43.30 VND, reached a high of 43.30 VND, a low of 43.30 VND, and closed the hour at 43.30 VND with a trading volume of 100 shares."
2026-03-06 09:00:00,43.5,43.5,43.5,43.5,600,TDW,"At 2026-03-06 09:00:00, the stock TDW opened at 43.50 VND, reached a high of 43.50 VND, a low of 43.50 VND, and closed the hour at 43.50 VND with a trading volume of 600 shares."
2026-03-06 14:00:00,43.45,43.45,43.45,43.45,100,TDW,"At 2026-03-06 14:00:00, the stock TDW opened at 43.45 VND, reached a high of 43.45 VND, a low of 43.45 VND, and closed the hour at 43.45 VND with a trading volume of 100 shares."
2026-03-09 14:00:00,43.15,43.15,43.15,43.15,100,TDW,"At 2026-03-09 14:00:00, the stock TDW opened at 43.15 VND, reached a high of 43.15 VND, a low of 43.15 VND, and closed the hour at 43.15 VND with a trading volume of 100 shares."
2026-03-10 09:00:00,43.15,43.15,43.15,43.15,900,TDW,"At 2026-03-10 09:00:00, the stock TDW opened at 43.15 VND, reached a high of 43.15 VND, a low of 43.15 VND, and closed the hour at 43.15 VND with a trading volume of 900 shares."
2026-03-10 10:00:00,43.15,43.5,40.35,40.35,7900,TDW,"At 2026-03-10 10:00:00, the stock TDW opened at 43.15 VND, reached a high of 43.50 VND, a low of 40.35 VND, and closed the hour at 40.35 VND with a trading volume of 7,900 shares."
2026-03-10 11:00:00,43.0,43.0,43.0,43.0,600,TDW,"At 2026-03-10 11:00:00, the stock TDW opened at 43.00 VND, reached a high of 43.00 VND, a low of 43.00 VND, and closed the hour at 43.00 VND with a trading volume of 600 shares."
2026-03-10 13:00:00,43.0,43.0,43.0,43.0,300,TDW,"At 2026-03-10 13:00:00, the stock TDW opened at 43.00 VND, reached a high of 43.00 VND, a low of 43.00 VND, and closed the hour at 43.00 VND with a trading volume of 300 shares."
2026-03-10 14:00:00,43.0,43.45,43.0,43.45,300,TDW,"At 2026-03-10 14:00:00, the stock TDW opened at 43.00 VND, reached a high of 43.45 VND, a low of 43.00 VND, and closed the hour at 43.45 VND with a trading volume of 300 shares."
2026-03-11 09:00:00,43.45,43.45,43.45,43.45,100,TDW,"At 2026-03-11 09:00:00, the stock TDW opened at 43.45 VND, reached a high of 43.45 VND, a low of 43.45 VND, and closed the hour at 43.45 VND with a trading volume of 100 shares."
2026-03-11 10:00:00,43.45,43.45,43.45,43.45,200,TDW,"At 2026-03-11 10:00:00, the stock TDW opened at 43.45 VND, reached a high of 43.45 VND, a low of 43.45 VND, and closed the hour at 43.45 VND with a trading volume of 200 shares."
2026-03-11 13:00:00,43.0,43.45,43.0,43.45,400,TDW,"At 2026-03-11 13:00:00, the stock TDW opened at 43.00 VND, reached a high of 43.45 VND, a low of 43.00 VND, and closed the hour at 43.45 VND with a trading volume of 400 shares."
2026-03-11 14:00:00,43.45,43.45,43.45,43.45,2600,TDW,"At 2026-03-11 14:00:00, the stock TDW opened at 43.45 VND, reached a high of 43.45 VND, a low of 43.45 VND, and closed the hour at 43.45 VND with a trading volume of 2,600 shares."
2026-03-12 14:00:00,44.25,44.25,44.25,44.25,100,TDW,"At 2026-03-12 14:00:00, the stock TDW opened at 44.25 VND, reached a high of 44.25 VND, a low of 44.25 VND, and closed the hour at 44.25 VND with a trading volume of 100 shares."
2026-03-13 09:00:00,44.25,44.25,44.25,44.25,200,TDW,"At 2026-03-13 09:00:00, the stock TDW opened at 44.25 VND, reached a high of 44.25 VND, a low of 44.25 VND, and closed the hour at 44.25 VND with a trading volume of 200 shares."
2026-03-13 14:00:00,44.25,45.8,44.25,45.8,200,TDW,"At 2026-03-13 14:00:00, the stock TDW opened at 44.25 VND, reached a high of 45.80 VND, a low of 44.25 VND, and closed the hour at 45.80 VND with a trading volume of 200 shares."
2026-03-16 09:00:00,45.8,46.0,45.8,46.0,200,TDW,"At 2026-03-16 09:00:00, the stock TDW opened at 45.80 VND, reached a high of 46.00 VND, a low of 45.80 VND, and closed the hour at 46.00 VND with a trading volume of 200 shares."
2026-03-16 10:00:00,45.5,45.5,45.5,45.5,200,TDW,"At 2026-03-16 10:00:00, the stock TDW opened at 45.50 VND, reached a high of 45.50 VND, a low of 45.50 VND, and closed the hour at 45.50 VND with a trading volume of 200 shares."
2026-03-16 14:00:00,45.5,45.5,45.5,45.5,100,TDW,"At 2026-03-16 14:00:00, the stock TDW opened at 45.50 VND, reached a high of 45.50 VND, a low of 45.50 VND, and closed the hour at 45.50 VND with a trading volume of 100 shares."
2026-03-17 10:00:00,45.5,45.5,45.5,45.5,900,TDW,"At 2026-03-17 10:00:00, the stock TDW opened at 45.50 VND, reached a high of 45.50 VND, a low of 45.50 VND, and closed the hour at 45.50 VND with a trading volume of 900 shares."
2026-03-17 11:00:00,44.0,44.0,44.0,44.0,600,TDW,"At 2026-03-17 11:00:00, the stock TDW opened at 44.00 VND, reached a high of 44.00 VND, a low of 44.00 VND, and closed the hour at 44.00 VND with a trading volume of 600 shares."
2026-03-17 13:00:00,44.0,44.0,44.0,44.0,400,TDW,"At 2026-03-17 13:00:00, the stock TDW opened at 44.00 VND, reached a high of 44.00 VND, a low of 44.00 VND, and closed the hour at 44.00 VND with a trading volume of 400 shares."
2026-03-17 14:00:00,45.1,45.1,45.1,45.1,100,TDW,"At 2026-03-17 14:00:00, the stock TDW opened at 45.10 VND, reached a high of 45.10 VND, a low of 45.10 VND, and closed the hour at 45.10 VND with a trading volume of 100 shares."
2026-03-18 09:00:00,44.0,44.0,44.0,44.0,700,TDW,"At 2026-03-18 09:00:00, the stock TDW opened at 44.00 VND, reached a high of 44.00 VND, a low of 44.00 VND, and closed the hour at 44.00 VND with a trading volume of 700 shares."
2026-03-18 10:00:00,44.0,44.0,44.0,44.0,200,TDW,"At 2026-03-18 10:00:00, the stock TDW opened at 44.00 VND, reached a high of 44.00 VND, a low of 44.00 VND, and closed the hour at 44.00 VND with a trading volume of 200 shares."
2026-03-18 13:00:00,44.0,44.0,44.0,44.0,100,TDW,"At 2026-03-18 13:00:00, the stock TDW opened at 44.00 VND, reached a high of 44.00 VND, a low of 44.00 VND, and closed the hour at 44.00 VND with a trading volume of 100 shares."
2026-03-19 10:00:00,44.0,44.0,44.0,44.0,600,TDW,"At 2026-03-19 10:00:00, the stock TDW opened at 44.00 VND, reached a high of 44.00 VND, a low of 44.00 VND, and closed the hour at 44.00 VND with a trading volume of 600 shares."
2026-03-19 13:00:00,44.0,44.0,44.0,44.0,100,TDW,"At 2026-03-19 13:00:00, the stock TDW opened at 44.00 VND, reached a high of 44.00 VND, a low of 44.00 VND, and closed the hour at 44.00 VND with a trading volume of 100 shares."
2026-03-19 14:00:00,43.8,43.8,43.8,43.8,300,TDW,"At 2026-03-19 14:00:00, the stock TDW opened at 43.80 VND, reached a high of 43.80 VND, a low of 43.80 VND, and closed the hour at 43.80 VND with a trading volume of 300 shares."
2026-03-20 09:00:00,44.5,44.5,44.5,44.5,700,TDW,"At 2026-03-20 09:00:00, the stock TDW opened at 44.50 VND, reached a high of 44.50 VND, a low of 44.50 VND, and closed the hour at 44.50 VND with a trading volume of 700 shares."
2026-03-20 10:00:00,44.0,44.0,44.0,44.0,600,TDW,"At 2026-03-20 10:00:00, the stock TDW opened at 44.00 VND, reached a high of 44.00 VND, a low of 44.00 VND, and closed the hour at 44.00 VND with a trading volume of 600 shares."
2026-03-20 13:00:00,43.9,43.9,43.5,43.6,1600,TDW,"At 2026-03-20 13:00:00, the stock TDW opened at 43.90 VND, reached a high of 43.90 VND, a low of 43.50 VND, and closed the hour at 43.60 VND with a trading volume of 1,600 shares."
2026-03-20 14:00:00,43.6,43.6,43.6,43.6,300,TDW,"At 2026-03-20 14:00:00, the stock TDW opened at 43.60 VND, reached a high of 43.60 VND, a low of 43.60 VND, and closed the hour at 43.60 VND with a trading volume of 300 shares."
