time,open,high,low,close,volume,ticker,llm_text
2025-02-24 13:00:00,3.4,3.4,3.3,3.3,37800,VE1,"At 2025-02-24 13:00:00, the stock VE1 opened at 3.40 VND, reached a high of 3.40 VND, a low of 3.30 VND, and closed the hour at 3.30 VND with a trading volume of 37,800 shares."
2025-02-24 14:00:00,3.4,3.4,3.3,3.3,300,VE1,"At 2025-02-24 14:00:00, the stock VE1 opened at 3.40 VND, reached a high of 3.40 VND, a low of 3.30 VND, and closed the hour at 3.30 VND with a trading volume of 300 shares."
2025-02-25 09:00:00,3.4,3.4,3.4,3.4,5000,VE1,"At 2025-02-25 09:00:00, the stock VE1 opened at 3.40 VND, reached a high of 3.40 VND, a low of 3.40 VND, and closed the hour at 3.40 VND with a trading volume of 5,000 shares."
2025-02-25 10:00:00,3.4,3.4,3.4,3.4,500,VE1,"At 2025-02-25 10:00:00, the stock VE1 opened at 3.40 VND, reached a high of 3.40 VND, a low of 3.40 VND, and closed the hour at 3.40 VND with a trading volume of 500 shares."
2025-02-25 13:00:00,3.3,3.3,3.2,3.3,6700,VE1,"At 2025-02-25 13:00:00, the stock VE1 opened at 3.30 VND, reached a high of 3.30 VND, a low of 3.20 VND, and closed the hour at 3.30 VND with a trading volume of 6,700 shares."
2025-02-25 14:00:00,3.4,3.4,3.4,3.4,100,VE1,"At 2025-02-25 14:00:00, the stock VE1 opened at 3.40 VND, reached a high of 3.40 VND, a low of 3.40 VND, and closed the hour at 3.40 VND with a trading volume of 100 shares."
2025-02-26 09:00:00,3.4,3.4,3.4,3.4,200,VE1,"At 2025-02-26 09:00:00, the stock VE1 opened at 3.40 VND, reached a high of 3.40 VND, a low of 3.40 VND, and closed the hour at 3.40 VND with a trading volume of 200 shares."
2025-02-26 13:00:00,3.3,3.3,3.3,3.3,100,VE1,"At 2025-02-26 13:00:00, the stock VE1 opened at 3.30 VND, reached a high of 3.30 VND, a low of 3.30 VND, and closed the hour at 3.30 VND with a trading volume of 100 shares."
2025-02-26 14:00:00,3.4,3.4,3.4,3.4,100,VE1,"At 2025-02-26 14:00:00, the stock VE1 opened at 3.40 VND, reached a high of 3.40 VND, a low of 3.40 VND, and closed the hour at 3.40 VND with a trading volume of 100 shares."
2025-02-27 09:00:00,3.2,3.2,3.2,3.2,16400,VE1,"At 2025-02-27 09:00:00, the stock VE1 opened at 3.20 VND, reached a high of 3.20 VND, a low of 3.20 VND, and closed the hour at 3.20 VND with a trading volume of 16,400 shares."
2025-02-27 10:00:00,3.4,3.4,3.4,3.4,100,VE1,"At 2025-02-27 10:00:00, the stock VE1 opened at 3.40 VND, reached a high of 3.40 VND, a low of 3.40 VND, and closed the hour at 3.40 VND with a trading volume of 100 shares."
2025-02-27 14:00:00,3.3,3.3,3.3,3.3,12100,VE1,"At 2025-02-27 14:00:00, the stock VE1 opened at 3.30 VND, reached a high of 3.30 VND, a low of 3.30 VND, and closed the hour at 3.30 VND with a trading volume of 12,100 shares."
2025-02-28 09:00:00,3.3,3.3,3.3,3.3,4000,VE1,"At 2025-02-28 09:00:00, the stock VE1 opened at 3.30 VND, reached a high of 3.30 VND, a low of 3.30 VND, and closed the hour at 3.30 VND with a trading volume of 4,000 shares."
2025-02-28 10:00:00,3.3,3.3,3.3,3.3,1000,VE1,"At 2025-02-28 10:00:00, the stock VE1 opened at 3.30 VND, reached a high of 3.30 VND, a low of 3.30 VND, and closed the hour at 3.30 VND with a trading volume of 1,000 shares."
2025-02-28 13:00:00,3.3,3.3,3.3,3.3,7000,VE1,"At 2025-02-28 13:00:00, the stock VE1 opened at 3.30 VND, reached a high of 3.30 VND, a low of 3.30 VND, and closed the hour at 3.30 VND with a trading volume of 7,000 shares."
2025-03-03 10:00:00,3.3,3.3,3.3,3.3,100,VE1,"At 2025-03-03 10:00:00, the stock VE1 opened at 3.30 VND, reached a high of 3.30 VND, a low of 3.30 VND, and closed the hour at 3.30 VND with a trading volume of 100 shares."
2025-03-03 13:00:00,3.3,3.3,3.3,3.3,5000,VE1,"At 2025-03-03 13:00:00, the stock VE1 opened at 3.30 VND, reached a high of 3.30 VND, a low of 3.30 VND, and closed the hour at 3.30 VND with a trading volume of 5,000 shares."
2025-03-03 14:00:00,3.3,3.3,3.3,3.3,19300,VE1,"At 2025-03-03 14:00:00, the stock VE1 opened at 3.30 VND, reached a high of 3.30 VND, a low of 3.30 VND, and closed the hour at 3.30 VND with a trading volume of 19,300 shares."
2025-03-04 09:00:00,3.4,3.4,3.4,3.4,15100,VE1,"At 2025-03-04 09:00:00, the stock VE1 opened at 3.40 VND, reached a high of 3.40 VND, a low of 3.40 VND, and closed the hour at 3.40 VND with a trading volume of 15,100 shares."
2025-03-04 10:00:00,3.4,3.4,3.4,3.4,300,VE1,"At 2025-03-04 10:00:00, the stock VE1 opened at 3.40 VND, reached a high of 3.40 VND, a low of 3.40 VND, and closed the hour at 3.40 VND with a trading volume of 300 shares."
2025-03-04 11:00:00,3.4,3.4,3.4,3.4,200,VE1,"At 2025-03-04 11:00:00, the stock VE1 opened at 3.40 VND, reached a high of 3.40 VND, a low of 3.40 VND, and closed the hour at 3.40 VND with a trading volume of 200 shares."
2025-03-04 13:00:00,3.4,3.4,3.4,3.4,100,VE1,"At 2025-03-04 13:00:00, the stock VE1 opened at 3.40 VND, reached a high of 3.40 VND, a low of 3.40 VND, and closed the hour at 3.40 VND with a trading volume of 100 shares."
2025-03-04 14:00:00,3.4,3.4,3.4,3.4,600,VE1,"At 2025-03-04 14:00:00, the stock VE1 opened at 3.40 VND, reached a high of 3.40 VND, a low of 3.40 VND, and closed the hour at 3.40 VND with a trading volume of 600 shares."
2025-03-05 09:00:00,3.4,3.4,3.4,3.4,100,VE1,"At 2025-03-05 09:00:00, the stock VE1 opened at 3.40 VND, reached a high of 3.40 VND, a low of 3.40 VND, and closed the hour at 3.40 VND with a trading volume of 100 shares."
2025-03-05 14:00:00,3.3,3.3,3.3,3.3,1900,VE1,"At 2025-03-05 14:00:00, the stock VE1 opened at 3.30 VND, reached a high of 3.30 VND, a low of 3.30 VND, and closed the hour at 3.30 VND with a trading volume of 1,900 shares."
2025-03-06 10:00:00,3.3,3.3,3.3,3.3,5000,VE1,"At 2025-03-06 10:00:00, the stock VE1 opened at 3.30 VND, reached a high of 3.30 VND, a low of 3.30 VND, and closed the hour at 3.30 VND with a trading volume of 5,000 shares."
2025-03-06 13:00:00,3.3,3.3,3.3,3.3,200,VE1,"At 2025-03-06 13:00:00, the stock VE1 opened at 3.30 VND, reached a high of 3.30 VND, a low of 3.30 VND, and closed the hour at 3.30 VND with a trading volume of 200 shares."
2025-03-07 13:00:00,3.3,3.3,3.3,3.3,4500,VE1,"At 2025-03-07 13:00:00, the stock VE1 opened at 3.30 VND, reached a high of 3.30 VND, a low of 3.30 VND, and closed the hour at 3.30 VND with a trading volume of 4,500 shares."
2025-03-10 09:00:00,3.3,3.3,3.3,3.3,2500,VE1,"At 2025-03-10 09:00:00, the stock VE1 opened at 3.30 VND, reached a high of 3.30 VND, a low of 3.30 VND, and closed the hour at 3.30 VND with a trading volume of 2,500 shares."
2025-03-10 10:00:00,3.3,3.3,3.3,3.3,4900,VE1,"At 2025-03-10 10:00:00, the stock VE1 opened at 3.30 VND, reached a high of 3.30 VND, a low of 3.30 VND, and closed the hour at 3.30 VND with a trading volume of 4,900 shares."
2025-03-11 09:00:00,3.3,3.3,3.3,3.3,1000,VE1,"At 2025-03-11 09:00:00, the stock VE1 opened at 3.30 VND, reached a high of 3.30 VND, a low of 3.30 VND, and closed the hour at 3.30 VND with a trading volume of 1,000 shares."
2025-03-11 10:00:00,3.4,3.5,3.4,3.5,8000,VE1,"At 2025-03-11 10:00:00, the stock VE1 opened at 3.40 VND, reached a high of 3.50 VND, a low of 3.40 VND, and closed the hour at 3.50 VND with a trading volume of 8,000 shares."
2025-03-12 09:00:00,3.4,3.4,3.4,3.4,400,VE1,"At 2025-03-12 09:00:00, the stock VE1 opened at 3.40 VND, reached a high of 3.40 VND, a low of 3.40 VND, and closed the hour at 3.40 VND with a trading volume of 400 shares."
2025-03-13 11:00:00,3.3,3.3,3.3,3.3,100,VE1,"At 2025-03-13 11:00:00, the stock VE1 opened at 3.30 VND, reached a high of 3.30 VND, a low of 3.30 VND, and closed the hour at 3.30 VND with a trading volume of 100 shares."
2025-03-13 14:00:00,3.4,3.4,3.4,3.4,100,VE1,"At 2025-03-13 14:00:00, the stock VE1 opened at 3.40 VND, reached a high of 3.40 VND, a low of 3.40 VND, and closed the hour at 3.40 VND with a trading volume of 100 shares."
2025-03-14 09:00:00,3.3,3.3,3.3,3.3,8500,VE1,"At 2025-03-14 09:00:00, the stock VE1 opened at 3.30 VND, reached a high of 3.30 VND, a low of 3.30 VND, and closed the hour at 3.30 VND with a trading volume of 8,500 shares."
2025-03-14 10:00:00,3.3,3.3,3.3,3.3,19800,VE1,"At 2025-03-14 10:00:00, the stock VE1 opened at 3.30 VND, reached a high of 3.30 VND, a low of 3.30 VND, and closed the hour at 3.30 VND with a trading volume of 19,800 shares."
2025-03-14 14:00:00,3.3,3.3,3.3,3.3,200,VE1,"At 2025-03-14 14:00:00, the stock VE1 opened at 3.30 VND, reached a high of 3.30 VND, a low of 3.30 VND, and closed the hour at 3.30 VND with a trading volume of 200 shares."
2025-03-17 13:00:00,3.3,3.3,3.3,3.3,8700,VE1,"At 2025-03-17 13:00:00, the stock VE1 opened at 3.30 VND, reached a high of 3.30 VND, a low of 3.30 VND, and closed the hour at 3.30 VND with a trading volume of 8,700 shares."
2025-03-18 09:00:00,3.3,3.3,3.3,3.3,6300,VE1,"At 2025-03-18 09:00:00, the stock VE1 opened at 3.30 VND, reached a high of 3.30 VND, a low of 3.30 VND, and closed the hour at 3.30 VND with a trading volume of 6,300 shares."
2025-03-19 10:00:00,3.4,3.4,3.4,3.4,2800,VE1,"At 2025-03-19 10:00:00, the stock VE1 opened at 3.40 VND, reached a high of 3.40 VND, a low of 3.40 VND, and closed the hour at 3.40 VND with a trading volume of 2,800 shares."
2025-03-19 11:00:00,3.4,3.4,3.4,3.4,1000,VE1,"At 2025-03-19 11:00:00, the stock VE1 opened at 3.40 VND, reached a high of 3.40 VND, a low of 3.40 VND, and closed the hour at 3.40 VND with a trading volume of 1,000 shares."
2025-03-19 13:00:00,3.4,3.4,3.4,3.4,7000,VE1,"At 2025-03-19 13:00:00, the stock VE1 opened at 3.40 VND, reached a high of 3.40 VND, a low of 3.40 VND, and closed the hour at 3.40 VND with a trading volume of 7,000 shares."
2025-03-20 09:00:00,3.4,3.4,3.4,3.4,9900,VE1,"At 2025-03-20 09:00:00, the stock VE1 opened at 3.40 VND, reached a high of 3.40 VND, a low of 3.40 VND, and closed the hour at 3.40 VND with a trading volume of 9,900 shares."
2025-03-20 10:00:00,3.4,3.4,3.4,3.4,6100,VE1,"At 2025-03-20 10:00:00, the stock VE1 opened at 3.40 VND, reached a high of 3.40 VND, a low of 3.40 VND, and closed the hour at 3.40 VND with a trading volume of 6,100 shares."
2025-03-20 13:00:00,3.4,3.4,3.4,3.4,6700,VE1,"At 2025-03-20 13:00:00, the stock VE1 opened at 3.40 VND, reached a high of 3.40 VND, a low of 3.40 VND, and closed the hour at 3.40 VND with a trading volume of 6,700 shares."
2025-03-20 14:00:00,3.4,3.4,3.4,3.4,4400,VE1,"At 2025-03-20 14:00:00, the stock VE1 opened at 3.40 VND, reached a high of 3.40 VND, a low of 3.40 VND, and closed the hour at 3.40 VND with a trading volume of 4,400 shares."
2025-03-21 10:00:00,3.4,3.4,3.4,3.4,500,VE1,"At 2025-03-21 10:00:00, the stock VE1 opened at 3.40 VND, reached a high of 3.40 VND, a low of 3.40 VND, and closed the hour at 3.40 VND with a trading volume of 500 shares."
2025-03-21 11:00:00,3.4,3.4,3.4,3.4,3000,VE1,"At 2025-03-21 11:00:00, the stock VE1 opened at 3.40 VND, reached a high of 3.40 VND, a low of 3.40 VND, and closed the hour at 3.40 VND with a trading volume of 3,000 shares."
2025-03-21 14:00:00,3.4,3.4,3.4,3.4,14800,VE1,"At 2025-03-21 14:00:00, the stock VE1 opened at 3.40 VND, reached a high of 3.40 VND, a low of 3.40 VND, and closed the hour at 3.40 VND with a trading volume of 14,800 shares."
2025-03-24 09:00:00,3.5,3.5,3.5,3.5,100,VE1,"At 2025-03-24 09:00:00, the stock VE1 opened at 3.50 VND, reached a high of 3.50 VND, a low of 3.50 VND, and closed the hour at 3.50 VND with a trading volume of 100 shares."
2025-03-24 14:00:00,3.5,3.5,3.5,3.5,2000,VE1,"At 2025-03-24 14:00:00, the stock VE1 opened at 3.50 VND, reached a high of 3.50 VND, a low of 3.50 VND, and closed the hour at 3.50 VND with a trading volume of 2,000 shares."
2025-03-25 09:00:00,3.5,3.5,3.5,3.5,6000,VE1,"At 2025-03-25 09:00:00, the stock VE1 opened at 3.50 VND, reached a high of 3.50 VND, a low of 3.50 VND, and closed the hour at 3.50 VND with a trading volume of 6,000 shares."
2025-03-25 10:00:00,3.5,3.5,3.5,3.5,6000,VE1,"At 2025-03-25 10:00:00, the stock VE1 opened at 3.50 VND, reached a high of 3.50 VND, a low of 3.50 VND, and closed the hour at 3.50 VND with a trading volume of 6,000 shares."
2025-03-26 09:00:00,3.5,3.5,3.5,3.5,2600,VE1,"At 2025-03-26 09:00:00, the stock VE1 opened at 3.50 VND, reached a high of 3.50 VND, a low of 3.50 VND, and closed the hour at 3.50 VND with a trading volume of 2,600 shares."
2025-03-26 10:00:00,3.5,3.5,3.5,3.5,100,VE1,"At 2025-03-26 10:00:00, the stock VE1 opened at 3.50 VND, reached a high of 3.50 VND, a low of 3.50 VND, and closed the hour at 3.50 VND with a trading volume of 100 shares."
2025-03-26 13:00:00,3.5,3.5,3.5,3.5,1100,VE1,"At 2025-03-26 13:00:00, the stock VE1 opened at 3.50 VND, reached a high of 3.50 VND, a low of 3.50 VND, and closed the hour at 3.50 VND with a trading volume of 1,100 shares."
2025-03-26 14:00:00,3.5,3.5,3.5,3.5,500,VE1,"At 2025-03-26 14:00:00, the stock VE1 opened at 3.50 VND, reached a high of 3.50 VND, a low of 3.50 VND, and closed the hour at 3.50 VND with a trading volume of 500 shares."
2025-03-27 09:00:00,3.5,3.5,3.5,3.5,3100,VE1,"At 2025-03-27 09:00:00, the stock VE1 opened at 3.50 VND, reached a high of 3.50 VND, a low of 3.50 VND, and closed the hour at 3.50 VND with a trading volume of 3,100 shares."
2025-03-27 11:00:00,3.5,3.5,3.5,3.5,1600,VE1,"At 2025-03-27 11:00:00, the stock VE1 opened at 3.50 VND, reached a high of 3.50 VND, a low of 3.50 VND, and closed the hour at 3.50 VND with a trading volume of 1,600 shares."
2025-03-27 13:00:00,3.5,3.5,3.5,3.5,4100,VE1,"At 2025-03-27 13:00:00, the stock VE1 opened at 3.50 VND, reached a high of 3.50 VND, a low of 3.50 VND, and closed the hour at 3.50 VND with a trading volume of 4,100 shares."
2025-03-27 14:00:00,3.4,3.4,3.3,3.3,400,VE1,"At 2025-03-27 14:00:00, the stock VE1 opened at 3.40 VND, reached a high of 3.40 VND, a low of 3.30 VND, and closed the hour at 3.30 VND with a trading volume of 400 shares."
2025-03-28 09:00:00,3.6,3.6,3.6,3.6,6200,VE1,"At 2025-03-28 09:00:00, the stock VE1 opened at 3.60 VND, reached a high of 3.60 VND, a low of 3.60 VND, and closed the hour at 3.60 VND with a trading volume of 6,200 shares."
2025-03-28 13:00:00,3.6,3.6,3.6,3.6,400,VE1,"At 2025-03-28 13:00:00, the stock VE1 opened at 3.60 VND, reached a high of 3.60 VND, a low of 3.60 VND, and closed the hour at 3.60 VND with a trading volume of 400 shares."
2025-03-28 14:00:00,3.6,3.6,3.6,3.6,3900,VE1,"At 2025-03-28 14:00:00, the stock VE1 opened at 3.60 VND, reached a high of 3.60 VND, a low of 3.60 VND, and closed the hour at 3.60 VND with a trading volume of 3,900 shares."
2025-03-31 09:00:00,3.9,3.9,3.8,3.9,47300,VE1,"At 2025-03-31 09:00:00, the stock VE1 opened at 3.90 VND, reached a high of 3.90 VND, a low of 3.80 VND, and closed the hour at 3.90 VND with a trading volume of 47,300 shares."
2025-03-31 10:00:00,3.9,3.9,3.9,3.9,25000,VE1,"At 2025-03-31 10:00:00, the stock VE1 opened at 3.90 VND, reached a high of 3.90 VND, a low of 3.90 VND, and closed the hour at 3.90 VND with a trading volume of 25,000 shares."
2025-03-31 11:00:00,3.8,3.9,3.8,3.9,200,VE1,"At 2025-03-31 11:00:00, the stock VE1 opened at 3.80 VND, reached a high of 3.90 VND, a low of 3.80 VND, and closed the hour at 3.90 VND with a trading volume of 200 shares."
2025-03-31 13:00:00,3.8,3.9,3.8,3.9,30300,VE1,"At 2025-03-31 13:00:00, the stock VE1 opened at 3.80 VND, reached a high of 3.90 VND, a low of 3.80 VND, and closed the hour at 3.90 VND with a trading volume of 30,300 shares."
2025-03-31 14:00:00,3.9,3.9,3.9,3.9,16300,VE1,"At 2025-03-31 14:00:00, the stock VE1 opened at 3.90 VND, reached a high of 3.90 VND, a low of 3.90 VND, and closed the hour at 3.90 VND with a trading volume of 16,300 shares."
2025-04-01 09:00:00,3.9,4.2,3.9,3.9,4700,VE1,"At 2025-04-01 09:00:00, the stock VE1 opened at 3.90 VND, reached a high of 4.20 VND, a low of 3.90 VND, and closed the hour at 3.90 VND with a trading volume of 4,700 shares."
2025-04-01 10:00:00,3.9,4.0,3.7,3.7,10100,VE1,"At 2025-04-01 10:00:00, the stock VE1 opened at 3.90 VND, reached a high of 4.00 VND, a low of 3.70 VND, and closed the hour at 3.70 VND with a trading volume of 10,100 shares."
2025-04-01 11:00:00,3.7,3.7,3.7,3.7,600,VE1,"At 2025-04-01 11:00:00, the stock VE1 opened at 3.70 VND, reached a high of 3.70 VND, a low of 3.70 VND, and closed the hour at 3.70 VND with a trading volume of 600 shares."
2025-04-01 13:00:00,3.7,3.7,3.6,3.6,35000,VE1,"At 2025-04-01 13:00:00, the stock VE1 opened at 3.70 VND, reached a high of 3.70 VND, a low of 3.60 VND, and closed the hour at 3.60 VND with a trading volume of 35,000 shares."
2025-04-01 14:00:00,3.6,3.6,3.6,3.6,25500,VE1,"At 2025-04-01 14:00:00, the stock VE1 opened at 3.60 VND, reached a high of 3.60 VND, a low of 3.60 VND, and closed the hour at 3.60 VND with a trading volume of 25,500 shares."
2025-04-02 09:00:00,3.9,3.9,3.9,3.9,20000,VE1,"At 2025-04-02 09:00:00, the stock VE1 opened at 3.90 VND, reached a high of 3.90 VND, a low of 3.90 VND, and closed the hour at 3.90 VND with a trading volume of 20,000 shares."
2025-04-02 10:00:00,3.9,3.9,3.9,3.9,300,VE1,"At 2025-04-02 10:00:00, the stock VE1 opened at 3.90 VND, reached a high of 3.90 VND, a low of 3.90 VND, and closed the hour at 3.90 VND with a trading volume of 300 shares."
2025-04-02 13:00:00,3.6,3.6,3.5,3.5,3900,VE1,"At 2025-04-02 13:00:00, the stock VE1 opened at 3.60 VND, reached a high of 3.60 VND, a low of 3.50 VND, and closed the hour at 3.50 VND with a trading volume of 3,900 shares."
2025-04-02 14:00:00,3.9,3.9,3.9,3.9,200,VE1,"At 2025-04-02 14:00:00, the stock VE1 opened at 3.90 VND, reached a high of 3.90 VND, a low of 3.90 VND, and closed the hour at 3.90 VND with a trading volume of 200 shares."
2025-04-03 09:00:00,3.6,3.6,3.6,3.6,1400,VE1,"At 2025-04-03 09:00:00, the stock VE1 opened at 3.60 VND, reached a high of 3.60 VND, a low of 3.60 VND, and closed the hour at 3.60 VND with a trading volume of 1,400 shares."
2025-04-04 09:00:00,3.3,3.9,3.3,3.3,27700,VE1,"At 2025-04-04 09:00:00, the stock VE1 opened at 3.30 VND, reached a high of 3.90 VND, a low of 3.30 VND, and closed the hour at 3.30 VND with a trading volume of 27,700 shares."
2025-04-04 10:00:00,3.3,3.3,3.3,3.3,17500,VE1,"At 2025-04-04 10:00:00, the stock VE1 opened at 3.30 VND, reached a high of 3.30 VND, a low of 3.30 VND, and closed the hour at 3.30 VND with a trading volume of 17,500 shares."
2025-04-04 11:00:00,3.3,3.3,3.3,3.3,2000,VE1,"At 2025-04-04 11:00:00, the stock VE1 opened at 3.30 VND, reached a high of 3.30 VND, a low of 3.30 VND, and closed the hour at 3.30 VND with a trading volume of 2,000 shares."
2025-04-04 13:00:00,3.3,3.3,3.3,3.3,2600,VE1,"At 2025-04-04 13:00:00, the stock VE1 opened at 3.30 VND, reached a high of 3.30 VND, a low of 3.30 VND, and closed the hour at 3.30 VND with a trading volume of 2,600 shares."
2025-04-04 14:00:00,3.3,3.3,3.3,3.3,4500,VE1,"At 2025-04-04 14:00:00, the stock VE1 opened at 3.30 VND, reached a high of 3.30 VND, a low of 3.30 VND, and closed the hour at 3.30 VND with a trading volume of 4,500 shares."
2025-04-08 09:00:00,3.1,3.1,3.0,3.0,9500,VE1,"At 2025-04-08 09:00:00, the stock VE1 opened at 3.10 VND, reached a high of 3.10 VND, a low of 3.00 VND, and closed the hour at 3.00 VND with a trading volume of 9,500 shares."
2025-04-08 10:00:00,3.0,3.1,3.0,3.1,800,VE1,"At 2025-04-08 10:00:00, the stock VE1 opened at 3.00 VND, reached a high of 3.10 VND, a low of 3.00 VND, and closed the hour at 3.10 VND with a trading volume of 800 shares."
2025-04-08 13:00:00,3.1,3.3,3.1,3.2,4700,VE1,"At 2025-04-08 13:00:00, the stock VE1 opened at 3.10 VND, reached a high of 3.30 VND, a low of 3.10 VND, and closed the hour at 3.20 VND with a trading volume of 4,700 shares."
2025-04-08 14:00:00,3.1,3.6,3.0,3.6,600,VE1,"At 2025-04-08 14:00:00, the stock VE1 opened at 3.10 VND, reached a high of 3.60 VND, a low of 3.00 VND, and closed the hour at 3.60 VND with a trading volume of 600 shares."
2025-04-09 09:00:00,3.3,3.6,3.3,3.6,5000,VE1,"At 2025-04-09 09:00:00, the stock VE1 opened at 3.30 VND, reached a high of 3.60 VND, a low of 3.30 VND, and closed the hour at 3.60 VND with a trading volume of 5,000 shares."
2025-04-09 10:00:00,3.6,3.6,3.6,3.6,100,VE1,"At 2025-04-09 10:00:00, the stock VE1 opened at 3.60 VND, reached a high of 3.60 VND, a low of 3.60 VND, and closed the hour at 3.60 VND with a trading volume of 100 shares."
2025-04-09 13:00:00,3.3,3.5,3.3,3.5,7800,VE1,"At 2025-04-09 13:00:00, the stock VE1 opened at 3.30 VND, reached a high of 3.50 VND, a low of 3.30 VND, and closed the hour at 3.50 VND with a trading volume of 7,800 shares."
2025-04-10 09:00:00,3.7,3.7,3.5,3.5,4100,VE1,"At 2025-04-10 09:00:00, the stock VE1 opened at 3.70 VND, reached a high of 3.70 VND, a low of 3.50 VND, and closed the hour at 3.50 VND with a trading volume of 4,100 shares."
2025-04-10 10:00:00,3.5,3.5,3.5,3.5,1700,VE1,"At 2025-04-10 10:00:00, the stock VE1 opened at 3.50 VND, reached a high of 3.50 VND, a low of 3.50 VND, and closed the hour at 3.50 VND with a trading volume of 1,700 shares."
2025-04-10 11:00:00,3.5,3.5,3.5,3.5,600,VE1,"At 2025-04-10 11:00:00, the stock VE1 opened at 3.50 VND, reached a high of 3.50 VND, a low of 3.50 VND, and closed the hour at 3.50 VND with a trading volume of 600 shares."
2025-04-10 13:00:00,3.4,3.4,3.4,3.4,900,VE1,"At 2025-04-10 13:00:00, the stock VE1 opened at 3.40 VND, reached a high of 3.40 VND, a low of 3.40 VND, and closed the hour at 3.40 VND with a trading volume of 900 shares."
2025-04-10 14:00:00,3.3,3.4,3.3,3.4,28700,VE1,"At 2025-04-10 14:00:00, the stock VE1 opened at 3.30 VND, reached a high of 3.40 VND, a low of 3.30 VND, and closed the hour at 3.40 VND with a trading volume of 28,700 shares."
2025-04-11 09:00:00,3.3,3.3,3.3,3.3,2200,VE1,"At 2025-04-11 09:00:00, the stock VE1 opened at 3.30 VND, reached a high of 3.30 VND, a low of 3.30 VND, and closed the hour at 3.30 VND with a trading volume of 2,200 shares."
2025-04-11 13:00:00,3.2,3.3,3.1,3.3,4200,VE1,"At 2025-04-11 13:00:00, the stock VE1 opened at 3.20 VND, reached a high of 3.30 VND, a low of 3.10 VND, and closed the hour at 3.30 VND with a trading volume of 4,200 shares."
2025-04-11 14:00:00,3.3,3.3,3.2,3.2,2500,VE1,"At 2025-04-11 14:00:00, the stock VE1 opened at 3.30 VND, reached a high of 3.30 VND, a low of 3.20 VND, and closed the hour at 3.20 VND with a trading volume of 2,500 shares."
2025-04-14 09:00:00,3.2,3.2,3.2,3.2,1200,VE1,"At 2025-04-14 09:00:00, the stock VE1 opened at 3.20 VND, reached a high of 3.20 VND, a low of 3.20 VND, and closed the hour at 3.20 VND with a trading volume of 1,200 shares."
2025-04-14 10:00:00,3.1,3.1,3.1,3.1,3800,VE1,"At 2025-04-14 10:00:00, the stock VE1 opened at 3.10 VND, reached a high of 3.10 VND, a low of 3.10 VND, and closed the hour at 3.10 VND with a trading volume of 3,800 shares."
2025-04-14 13:00:00,3.1,3.1,3.1,3.1,10300,VE1,"At 2025-04-14 13:00:00, the stock VE1 opened at 3.10 VND, reached a high of 3.10 VND, a low of 3.10 VND, and closed the hour at 3.10 VND with a trading volume of 10,300 shares."
2025-04-14 14:00:00,3.1,3.3,3.0,3.3,2300,VE1,"At 2025-04-14 14:00:00, the stock VE1 opened at 3.10 VND, reached a high of 3.30 VND, a low of 3.00 VND, and closed the hour at 3.30 VND with a trading volume of 2,300 shares."
2025-04-15 09:00:00,3.1,3.2,3.1,3.2,200,VE1,"At 2025-04-15 09:00:00, the stock VE1 opened at 3.10 VND, reached a high of 3.20 VND, a low of 3.10 VND, and closed the hour at 3.20 VND with a trading volume of 200 shares."
2025-04-15 10:00:00,3.3,3.3,3.3,3.3,100,VE1,"At 2025-04-15 10:00:00, the stock VE1 opened at 3.30 VND, reached a high of 3.30 VND, a low of 3.30 VND, and closed the hour at 3.30 VND with a trading volume of 100 shares."
2025-04-15 11:00:00,3.1,3.1,3.1,3.1,3000,VE1,"At 2025-04-15 11:00:00, the stock VE1 opened at 3.10 VND, reached a high of 3.10 VND, a low of 3.10 VND, and closed the hour at 3.10 VND with a trading volume of 3,000 shares."
2025-04-15 14:00:00,3.2,3.2,3.2,3.2,500,VE1,"At 2025-04-15 14:00:00, the stock VE1 opened at 3.20 VND, reached a high of 3.20 VND, a low of 3.20 VND, and closed the hour at 3.20 VND with a trading volume of 500 shares."
2025-04-16 09:00:00,3.3,3.3,3.3,3.3,100,VE1,"At 2025-04-16 09:00:00, the stock VE1 opened at 3.30 VND, reached a high of 3.30 VND, a low of 3.30 VND, and closed the hour at 3.30 VND with a trading volume of 100 shares."
2025-04-16 13:00:00,3.2,3.2,3.1,3.1,4000,VE1,"At 2025-04-16 13:00:00, the stock VE1 opened at 3.20 VND, reached a high of 3.20 VND, a low of 3.10 VND, and closed the hour at 3.10 VND with a trading volume of 4,000 shares."
2025-04-16 14:00:00,3.1,3.3,3.1,3.3,2500,VE1,"At 2025-04-16 14:00:00, the stock VE1 opened at 3.10 VND, reached a high of 3.30 VND, a low of 3.10 VND, and closed the hour at 3.30 VND with a trading volume of 2,500 shares."
2025-04-17 09:00:00,3.1,3.1,3.1,3.1,3600,VE1,"At 2025-04-17 09:00:00, the stock VE1 opened at 3.10 VND, reached a high of 3.10 VND, a low of 3.10 VND, and closed the hour at 3.10 VND with a trading volume of 3,600 shares."
2025-04-17 13:00:00,3.2,3.2,3.2,3.2,200,VE1,"At 2025-04-17 13:00:00, the stock VE1 opened at 3.20 VND, reached a high of 3.20 VND, a low of 3.20 VND, and closed the hour at 3.20 VND with a trading volume of 200 shares."
2025-04-18 10:00:00,3.2,3.2,3.2,3.2,300,VE1,"At 2025-04-18 10:00:00, the stock VE1 opened at 3.20 VND, reached a high of 3.20 VND, a low of 3.20 VND, and closed the hour at 3.20 VND with a trading volume of 300 shares."
2025-04-18 11:00:00,3.2,3.2,3.2,3.2,100,VE1,"At 2025-04-18 11:00:00, the stock VE1 opened at 3.20 VND, reached a high of 3.20 VND, a low of 3.20 VND, and closed the hour at 3.20 VND with a trading volume of 100 shares."
2025-04-18 13:00:00,3.2,3.2,3.2,3.2,1300,VE1,"At 2025-04-18 13:00:00, the stock VE1 opened at 3.20 VND, reached a high of 3.20 VND, a low of 3.20 VND, and closed the hour at 3.20 VND with a trading volume of 1,300 shares."
2025-04-18 14:00:00,3.2,3.3,3.2,3.3,1000,VE1,"At 2025-04-18 14:00:00, the stock VE1 opened at 3.20 VND, reached a high of 3.30 VND, a low of 3.20 VND, and closed the hour at 3.30 VND with a trading volume of 1,000 shares."
2025-04-21 14:00:00,3.2,3.2,3.1,3.1,3000,VE1,"At 2025-04-21 14:00:00, the stock VE1 opened at 3.20 VND, reached a high of 3.20 VND, a low of 3.10 VND, and closed the hour at 3.10 VND with a trading volume of 3,000 shares."
2025-04-22 13:00:00,3.0,3.0,3.0,3.0,5400,VE1,"At 2025-04-22 13:00:00, the stock VE1 opened at 3.00 VND, reached a high of 3.00 VND, a low of 3.00 VND, and closed the hour at 3.00 VND with a trading volume of 5,400 shares."
2025-04-22 14:00:00,3.2,3.2,3.2,3.2,100,VE1,"At 2025-04-22 14:00:00, the stock VE1 opened at 3.20 VND, reached a high of 3.20 VND, a low of 3.20 VND, and closed the hour at 3.20 VND with a trading volume of 100 shares."
2025-04-23 09:00:00,3.2,3.5,3.2,3.4,15800,VE1,"At 2025-04-23 09:00:00, the stock VE1 opened at 3.20 VND, reached a high of 3.50 VND, a low of 3.20 VND, and closed the hour at 3.40 VND with a trading volume of 15,800 shares."
2025-04-23 14:00:00,3.2,3.2,3.2,3.2,4800,VE1,"At 2025-04-23 14:00:00, the stock VE1 opened at 3.20 VND, reached a high of 3.20 VND, a low of 3.20 VND, and closed the hour at 3.20 VND with a trading volume of 4,800 shares."
2025-04-24 10:00:00,3.3,3.3,3.3,3.3,100,VE1,"At 2025-04-24 10:00:00, the stock VE1 opened at 3.30 VND, reached a high of 3.30 VND, a low of 3.30 VND, and closed the hour at 3.30 VND with a trading volume of 100 shares."
2025-04-24 13:00:00,3.3,3.3,3.3,3.3,2000,VE1,"At 2025-04-24 13:00:00, the stock VE1 opened at 3.30 VND, reached a high of 3.30 VND, a low of 3.30 VND, and closed the hour at 3.30 VND with a trading volume of 2,000 shares."
2025-04-24 14:00:00,3.3,3.3,3.3,3.3,1300,VE1,"At 2025-04-24 14:00:00, the stock VE1 opened at 3.30 VND, reached a high of 3.30 VND, a low of 3.30 VND, and closed the hour at 3.30 VND with a trading volume of 1,300 shares."
2025-04-25 11:00:00,3.3,3.3,3.3,3.3,1000,VE1,"At 2025-04-25 11:00:00, the stock VE1 opened at 3.30 VND, reached a high of 3.30 VND, a low of 3.30 VND, and closed the hour at 3.30 VND with a trading volume of 1,000 shares."
2025-04-25 14:00:00,3.2,3.3,3.2,3.3,18000,VE1,"At 2025-04-25 14:00:00, the stock VE1 opened at 3.20 VND, reached a high of 3.30 VND, a low of 3.20 VND, and closed the hour at 3.30 VND with a trading volume of 18,000 shares."
2025-04-28 09:00:00,3.3,3.3,3.3,3.3,600,VE1,"At 2025-04-28 09:00:00, the stock VE1 opened at 3.30 VND, reached a high of 3.30 VND, a low of 3.30 VND, and closed the hour at 3.30 VND with a trading volume of 600 shares."
2025-04-28 13:00:00,3.2,3.2,3.2,3.2,5300,VE1,"At 2025-04-28 13:00:00, the stock VE1 opened at 3.20 VND, reached a high of 3.20 VND, a low of 3.20 VND, and closed the hour at 3.20 VND with a trading volume of 5,300 shares."
2025-04-29 09:00:00,3.3,3.5,3.3,3.5,900,VE1,"At 2025-04-29 09:00:00, the stock VE1 opened at 3.30 VND, reached a high of 3.50 VND, a low of 3.30 VND, and closed the hour at 3.50 VND with a trading volume of 900 shares."
2025-04-29 10:00:00,3.4,3.5,3.4,3.5,2000,VE1,"At 2025-04-29 10:00:00, the stock VE1 opened at 3.40 VND, reached a high of 3.50 VND, a low of 3.40 VND, and closed the hour at 3.50 VND with a trading volume of 2,000 shares."
2025-04-29 13:00:00,3.2,3.5,3.2,3.5,9800,VE1,"At 2025-04-29 13:00:00, the stock VE1 opened at 3.20 VND, reached a high of 3.50 VND, a low of 3.20 VND, and closed the hour at 3.50 VND with a trading volume of 9,800 shares."
2025-05-05 10:00:00,3.2,3.4,3.2,3.4,200,VE1,"At 2025-05-05 10:00:00, the stock VE1 opened at 3.20 VND, reached a high of 3.40 VND, a low of 3.20 VND, and closed the hour at 3.40 VND with a trading volume of 200 shares."
2025-05-05 13:00:00,3.4,3.5,3.4,3.5,1300,VE1,"At 2025-05-05 13:00:00, the stock VE1 opened at 3.40 VND, reached a high of 3.50 VND, a low of 3.40 VND, and closed the hour at 3.50 VND with a trading volume of 1,300 shares."
2025-05-05 14:00:00,3.4,3.5,3.4,3.5,1100,VE1,"At 2025-05-05 14:00:00, the stock VE1 opened at 3.40 VND, reached a high of 3.50 VND, a low of 3.40 VND, and closed the hour at 3.50 VND with a trading volume of 1,100 shares."
2025-05-06 09:00:00,3.4,3.4,3.4,3.4,100,VE1,"At 2025-05-06 09:00:00, the stock VE1 opened at 3.40 VND, reached a high of 3.40 VND, a low of 3.40 VND, and closed the hour at 3.40 VND with a trading volume of 100 shares."
2025-05-06 10:00:00,3.3,3.3,3.3,3.3,100,VE1,"At 2025-05-06 10:00:00, the stock VE1 opened at 3.30 VND, reached a high of 3.30 VND, a low of 3.30 VND, and closed the hour at 3.30 VND with a trading volume of 100 shares."
2025-05-06 11:00:00,3.3,3.3,3.3,3.3,7000,VE1,"At 2025-05-06 11:00:00, the stock VE1 opened at 3.30 VND, reached a high of 3.30 VND, a low of 3.30 VND, and closed the hour at 3.30 VND with a trading volume of 7,000 shares."
2025-05-06 13:00:00,3.3,3.4,3.3,3.4,14800,VE1,"At 2025-05-06 13:00:00, the stock VE1 opened at 3.30 VND, reached a high of 3.40 VND, a low of 3.30 VND, and closed the hour at 3.40 VND with a trading volume of 14,800 shares."
2025-05-07 09:00:00,3.7,3.7,3.7,3.7,100,VE1,"At 2025-05-07 09:00:00, the stock VE1 opened at 3.70 VND, reached a high of 3.70 VND, a low of 3.70 VND, and closed the hour at 3.70 VND with a trading volume of 100 shares."
2025-05-07 10:00:00,3.5,3.6,3.5,3.6,9000,VE1,"At 2025-05-07 10:00:00, the stock VE1 opened at 3.50 VND, reached a high of 3.60 VND, a low of 3.50 VND, and closed the hour at 3.60 VND with a trading volume of 9,000 shares."
2025-05-07 13:00:00,3.3,3.3,3.3,3.3,3600,VE1,"At 2025-05-07 13:00:00, the stock VE1 opened at 3.30 VND, reached a high of 3.30 VND, a low of 3.30 VND, and closed the hour at 3.30 VND with a trading volume of 3,600 shares."
2025-05-07 14:00:00,3.3,3.3,3.3,3.3,6500,VE1,"At 2025-05-07 14:00:00, the stock VE1 opened at 3.30 VND, reached a high of 3.30 VND, a low of 3.30 VND, and closed the hour at 3.30 VND with a trading volume of 6,500 shares."
2025-05-08 10:00:00,3.3,3.3,3.3,3.3,1000,VE1,"At 2025-05-08 10:00:00, the stock VE1 opened at 3.30 VND, reached a high of 3.30 VND, a low of 3.30 VND, and closed the hour at 3.30 VND with a trading volume of 1,000 shares."
2025-05-09 11:00:00,3.4,3.4,3.4,3.4,100,VE1,"At 2025-05-09 11:00:00, the stock VE1 opened at 3.40 VND, reached a high of 3.40 VND, a low of 3.40 VND, and closed the hour at 3.40 VND with a trading volume of 100 shares."
2025-05-09 13:00:00,3.3,3.3,3.3,3.3,100,VE1,"At 2025-05-09 13:00:00, the stock VE1 opened at 3.30 VND, reached a high of 3.30 VND, a low of 3.30 VND, and closed the hour at 3.30 VND with a trading volume of 100 shares."
2025-05-12 11:00:00,3.3,3.3,3.3,3.3,1000,VE1,"At 2025-05-12 11:00:00, the stock VE1 opened at 3.30 VND, reached a high of 3.30 VND, a low of 3.30 VND, and closed the hour at 3.30 VND with a trading volume of 1,000 shares."
2025-05-13 13:00:00,3.3,3.3,3.3,3.3,9000,VE1,"At 2025-05-13 13:00:00, the stock VE1 opened at 3.30 VND, reached a high of 3.30 VND, a low of 3.30 VND, and closed the hour at 3.30 VND with a trading volume of 9,000 shares."
2025-05-14 09:00:00,3.3,3.3,3.3,3.3,100,VE1,"At 2025-05-14 09:00:00, the stock VE1 opened at 3.30 VND, reached a high of 3.30 VND, a low of 3.30 VND, and closed the hour at 3.30 VND with a trading volume of 100 shares."
2025-05-16 14:00:00,3.3,3.3,3.3,3.3,3900,VE1,"At 2025-05-16 14:00:00, the stock VE1 opened at 3.30 VND, reached a high of 3.30 VND, a low of 3.30 VND, and closed the hour at 3.30 VND with a trading volume of 3,900 shares."
2025-05-20 09:00:00,3.3,3.3,3.3,3.3,47900,VE1,"At 2025-05-20 09:00:00, the stock VE1 opened at 3.30 VND, reached a high of 3.30 VND, a low of 3.30 VND, and closed the hour at 3.30 VND with a trading volume of 47,900 shares."
2025-05-20 10:00:00,3.3,3.3,3.3,3.3,25000,VE1,"At 2025-05-20 10:00:00, the stock VE1 opened at 3.30 VND, reached a high of 3.30 VND, a low of 3.30 VND, and closed the hour at 3.30 VND with a trading volume of 25,000 shares."
2025-05-20 13:00:00,3.3,3.3,3.3,3.3,9000,VE1,"At 2025-05-20 13:00:00, the stock VE1 opened at 3.30 VND, reached a high of 3.30 VND, a low of 3.30 VND, and closed the hour at 3.30 VND with a trading volume of 9,000 shares."
2025-05-21 09:00:00,3.4,3.4,3.4,3.4,100,VE1,"At 2025-05-21 09:00:00, the stock VE1 opened at 3.40 VND, reached a high of 3.40 VND, a low of 3.40 VND, and closed the hour at 3.40 VND with a trading volume of 100 shares."
2025-05-21 13:00:00,3.3,3.3,3.3,3.3,200,VE1,"At 2025-05-21 13:00:00, the stock VE1 opened at 3.30 VND, reached a high of 3.30 VND, a low of 3.30 VND, and closed the hour at 3.30 VND with a trading volume of 200 shares."
2025-05-22 14:00:00,3.3,3.3,3.3,3.3,600,VE1,"At 2025-05-22 14:00:00, the stock VE1 opened at 3.30 VND, reached a high of 3.30 VND, a low of 3.30 VND, and closed the hour at 3.30 VND with a trading volume of 600 shares."
2025-05-23 10:00:00,3.3,3.3,3.3,3.3,1000,VE1,"At 2025-05-23 10:00:00, the stock VE1 opened at 3.30 VND, reached a high of 3.30 VND, a low of 3.30 VND, and closed the hour at 3.30 VND with a trading volume of 1,000 shares."
2025-05-26 09:00:00,3.3,3.3,3.3,3.3,600,VE1,"At 2025-05-26 09:00:00, the stock VE1 opened at 3.30 VND, reached a high of 3.30 VND, a low of 3.30 VND, and closed the hour at 3.30 VND with a trading volume of 600 shares."
2025-05-26 10:00:00,3.3,3.3,3.3,3.3,7000,VE1,"At 2025-05-26 10:00:00, the stock VE1 opened at 3.30 VND, reached a high of 3.30 VND, a low of 3.30 VND, and closed the hour at 3.30 VND with a trading volume of 7,000 shares."
2025-05-27 09:00:00,3.3,3.3,3.3,3.3,12000,VE1,"At 2025-05-27 09:00:00, the stock VE1 opened at 3.30 VND, reached a high of 3.30 VND, a low of 3.30 VND, and closed the hour at 3.30 VND with a trading volume of 12,000 shares."
2025-05-28 13:00:00,3.3,3.3,3.3,3.3,200,VE1,"At 2025-05-28 13:00:00, the stock VE1 opened at 3.30 VND, reached a high of 3.30 VND, a low of 3.30 VND, and closed the hour at 3.30 VND with a trading volume of 200 shares."
2025-05-29 10:00:00,3.3,3.3,3.3,3.3,25800,VE1,"At 2025-05-29 10:00:00, the stock VE1 opened at 3.30 VND, reached a high of 3.30 VND, a low of 3.30 VND, and closed the hour at 3.30 VND with a trading volume of 25,800 shares."
2025-05-29 11:00:00,3.4,3.4,3.4,3.4,300,VE1,"At 2025-05-29 11:00:00, the stock VE1 opened at 3.40 VND, reached a high of 3.40 VND, a low of 3.40 VND, and closed the hour at 3.40 VND with a trading volume of 300 shares."
2025-05-29 14:00:00,3.3,3.3,3.3,3.3,100,VE1,"At 2025-05-29 14:00:00, the stock VE1 opened at 3.30 VND, reached a high of 3.30 VND, a low of 3.30 VND, and closed the hour at 3.30 VND with a trading volume of 100 shares."
2025-05-30 10:00:00,3.4,3.6,3.4,3.6,88800,VE1,"At 2025-05-30 10:00:00, the stock VE1 opened at 3.40 VND, reached a high of 3.60 VND, a low of 3.40 VND, and closed the hour at 3.60 VND with a trading volume of 88,800 shares."
2025-05-30 11:00:00,3.6,3.6,3.6,3.6,24000,VE1,"At 2025-05-30 11:00:00, the stock VE1 opened at 3.60 VND, reached a high of 3.60 VND, a low of 3.60 VND, and closed the hour at 3.60 VND with a trading volume of 24,000 shares."
2025-05-30 13:00:00,3.6,3.6,3.6,3.6,39600,VE1,"At 2025-05-30 13:00:00, the stock VE1 opened at 3.60 VND, reached a high of 3.60 VND, a low of 3.60 VND, and closed the hour at 3.60 VND with a trading volume of 39,600 shares."
2025-06-02 09:00:00,3.8,3.9,3.8,3.9,38200,VE1,"At 2025-06-02 09:00:00, the stock VE1 opened at 3.80 VND, reached a high of 3.90 VND, a low of 3.80 VND, and closed the hour at 3.90 VND with a trading volume of 38,200 shares."
2025-06-02 10:00:00,3.9,3.9,3.9,3.9,2600,VE1,"At 2025-06-02 10:00:00, the stock VE1 opened at 3.90 VND, reached a high of 3.90 VND, a low of 3.90 VND, and closed the hour at 3.90 VND with a trading volume of 2,600 shares."
2025-06-02 11:00:00,3.9,3.9,3.9,3.9,100,VE1,"At 2025-06-02 11:00:00, the stock VE1 opened at 3.90 VND, reached a high of 3.90 VND, a low of 3.90 VND, and closed the hour at 3.90 VND with a trading volume of 100 shares."
2025-06-02 13:00:00,3.9,3.9,3.9,3.9,35900,VE1,"At 2025-06-02 13:00:00, the stock VE1 opened at 3.90 VND, reached a high of 3.90 VND, a low of 3.90 VND, and closed the hour at 3.90 VND with a trading volume of 35,900 shares."
2025-06-02 14:00:00,3.9,3.9,3.9,3.9,4800,VE1,"At 2025-06-02 14:00:00, the stock VE1 opened at 3.90 VND, reached a high of 3.90 VND, a low of 3.90 VND, and closed the hour at 3.90 VND with a trading volume of 4,800 shares."
2025-06-03 09:00:00,4.0,4.2,4.0,4.2,3500,VE1,"At 2025-06-03 09:00:00, the stock VE1 opened at 4.00 VND, reached a high of 4.20 VND, a low of 4.00 VND, and closed the hour at 4.20 VND with a trading volume of 3,500 shares."
2025-06-03 11:00:00,4.2,4.2,4.2,4.2,100,VE1,"At 2025-06-03 11:00:00, the stock VE1 opened at 4.20 VND, reached a high of 4.20 VND, a low of 4.20 VND, and closed the hour at 4.20 VND with a trading volume of 100 shares."
2025-06-03 13:00:00,3.7,4.0,3.6,3.7,3100,VE1,"At 2025-06-03 13:00:00, the stock VE1 opened at 3.70 VND, reached a high of 4.00 VND, a low of 3.60 VND, and closed the hour at 3.70 VND with a trading volume of 3,100 shares."
2025-06-03 14:00:00,3.7,3.7,3.7,3.7,3300,VE1,"At 2025-06-03 14:00:00, the stock VE1 opened at 3.70 VND, reached a high of 3.70 VND, a low of 3.70 VND, and closed the hour at 3.70 VND with a trading volume of 3,300 shares."
2025-06-04 09:00:00,3.7,3.9,3.7,3.9,10500,VE1,"At 2025-06-04 09:00:00, the stock VE1 opened at 3.70 VND, reached a high of 3.90 VND, a low of 3.70 VND, and closed the hour at 3.90 VND with a trading volume of 10,500 shares."
2025-06-04 13:00:00,3.6,3.6,3.6,3.6,600,VE1,"At 2025-06-04 13:00:00, the stock VE1 opened at 3.60 VND, reached a high of 3.60 VND, a low of 3.60 VND, and closed the hour at 3.60 VND with a trading volume of 600 shares."
2025-06-04 14:00:00,3.6,3.7,3.4,3.7,13600,VE1,"At 2025-06-04 14:00:00, the stock VE1 opened at 3.60 VND, reached a high of 3.70 VND, a low of 3.40 VND, and closed the hour at 3.70 VND with a trading volume of 13,600 shares."
2025-06-05 09:00:00,3.5,3.5,3.5,3.5,2500,VE1,"At 2025-06-05 09:00:00, the stock VE1 opened at 3.50 VND, reached a high of 3.50 VND, a low of 3.50 VND, and closed the hour at 3.50 VND with a trading volume of 2,500 shares."
2025-06-05 10:00:00,3.4,3.4,3.4,3.4,300,VE1,"At 2025-06-05 10:00:00, the stock VE1 opened at 3.40 VND, reached a high of 3.40 VND, a low of 3.40 VND, and closed the hour at 3.40 VND with a trading volume of 300 shares."
2025-06-05 13:00:00,3.5,3.5,3.4,3.5,4800,VE1,"At 2025-06-05 13:00:00, the stock VE1 opened at 3.50 VND, reached a high of 3.50 VND, a low of 3.40 VND, and closed the hour at 3.50 VND with a trading volume of 4,800 shares."
2025-06-05 14:00:00,3.5,3.5,3.5,3.5,500,VE1,"At 2025-06-05 14:00:00, the stock VE1 opened at 3.50 VND, reached a high of 3.50 VND, a low of 3.50 VND, and closed the hour at 3.50 VND with a trading volume of 500 shares."
2025-06-06 09:00:00,3.4,3.4,3.4,3.4,500,VE1,"At 2025-06-06 09:00:00, the stock VE1 opened at 3.40 VND, reached a high of 3.40 VND, a low of 3.40 VND, and closed the hour at 3.40 VND with a trading volume of 500 shares."
2025-06-06 13:00:00,3.5,3.5,3.4,3.4,400,VE1,"At 2025-06-06 13:00:00, the stock VE1 opened at 3.50 VND, reached a high of 3.50 VND, a low of 3.40 VND, and closed the hour at 3.40 VND with a trading volume of 400 shares."
2025-06-06 14:00:00,3.4,3.4,3.4,3.4,1000,VE1,"At 2025-06-06 14:00:00, the stock VE1 opened at 3.40 VND, reached a high of 3.40 VND, a low of 3.40 VND, and closed the hour at 3.40 VND with a trading volume of 1,000 shares."
2025-06-09 09:00:00,3.4,3.4,3.4,3.4,100,VE1,"At 2025-06-09 09:00:00, the stock VE1 opened at 3.40 VND, reached a high of 3.40 VND, a low of 3.40 VND, and closed the hour at 3.40 VND with a trading volume of 100 shares."
2025-06-09 13:00:00,3.4,3.4,3.4,3.4,2100,VE1,"At 2025-06-09 13:00:00, the stock VE1 opened at 3.40 VND, reached a high of 3.40 VND, a low of 3.40 VND, and closed the hour at 3.40 VND with a trading volume of 2,100 shares."
2025-06-09 14:00:00,3.3,3.3,3.3,3.3,5000,VE1,"At 2025-06-09 14:00:00, the stock VE1 opened at 3.30 VND, reached a high of 3.30 VND, a low of 3.30 VND, and closed the hour at 3.30 VND with a trading volume of 5,000 shares."
2025-06-10 09:00:00,3.6,3.6,3.6,3.6,200,VE1,"At 2025-06-10 09:00:00, the stock VE1 opened at 3.60 VND, reached a high of 3.60 VND, a low of 3.60 VND, and closed the hour at 3.60 VND with a trading volume of 200 shares."
2025-06-10 10:00:00,3.6,3.6,3.6,3.6,6600,VE1,"At 2025-06-10 10:00:00, the stock VE1 opened at 3.60 VND, reached a high of 3.60 VND, a low of 3.60 VND, and closed the hour at 3.60 VND with a trading volume of 6,600 shares."
2025-06-10 13:00:00,3.3,3.3,3.3,3.3,1000,VE1,"At 2025-06-10 13:00:00, the stock VE1 opened at 3.30 VND, reached a high of 3.30 VND, a low of 3.30 VND, and closed the hour at 3.30 VND with a trading volume of 1,000 shares."
2025-06-10 14:00:00,3.3,3.3,3.3,3.3,1300,VE1,"At 2025-06-10 14:00:00, the stock VE1 opened at 3.30 VND, reached a high of 3.30 VND, a low of 3.30 VND, and closed the hour at 3.30 VND with a trading volume of 1,300 shares."
2025-06-11 09:00:00,3.6,3.6,3.6,3.6,100,VE1,"At 2025-06-11 09:00:00, the stock VE1 opened at 3.60 VND, reached a high of 3.60 VND, a low of 3.60 VND, and closed the hour at 3.60 VND with a trading volume of 100 shares."
2025-06-11 13:00:00,3.5,3.5,3.5,3.5,600,VE1,"At 2025-06-11 13:00:00, the stock VE1 opened at 3.50 VND, reached a high of 3.50 VND, a low of 3.50 VND, and closed the hour at 3.50 VND with a trading volume of 600 shares."
2025-06-12 09:00:00,3.8,3.8,3.8,3.8,100,VE1,"At 2025-06-12 09:00:00, the stock VE1 opened at 3.80 VND, reached a high of 3.80 VND, a low of 3.80 VND, and closed the hour at 3.80 VND with a trading volume of 100 shares."
2025-06-12 10:00:00,3.6,3.6,3.6,3.6,1000,VE1,"At 2025-06-12 10:00:00, the stock VE1 opened at 3.60 VND, reached a high of 3.60 VND, a low of 3.60 VND, and closed the hour at 3.60 VND with a trading volume of 1,000 shares."
2025-06-12 11:00:00,3.7,3.7,3.7,3.7,100,VE1,"At 2025-06-12 11:00:00, the stock VE1 opened at 3.70 VND, reached a high of 3.70 VND, a low of 3.70 VND, and closed the hour at 3.70 VND with a trading volume of 100 shares."
2025-06-13 09:00:00,3.8,3.8,3.5,3.5,2100,VE1,"At 2025-06-13 09:00:00, the stock VE1 opened at 3.80 VND, reached a high of 3.80 VND, a low of 3.50 VND, and closed the hour at 3.50 VND with a trading volume of 2,100 shares."
2025-06-13 13:00:00,3.5,3.7,3.5,3.7,1900,VE1,"At 2025-06-13 13:00:00, the stock VE1 opened at 3.50 VND, reached a high of 3.70 VND, a low of 3.50 VND, and closed the hour at 3.70 VND with a trading volume of 1,900 shares."
2025-06-13 14:00:00,3.4,3.7,3.4,3.7,8200,VE1,"At 2025-06-13 14:00:00, the stock VE1 opened at 3.40 VND, reached a high of 3.70 VND, a low of 3.40 VND, and closed the hour at 3.70 VND with a trading volume of 8,200 shares."
2025-06-16 09:00:00,3.6,3.9,3.6,3.9,1500,VE1,"At 2025-06-16 09:00:00, the stock VE1 opened at 3.60 VND, reached a high of 3.90 VND, a low of 3.60 VND, and closed the hour at 3.90 VND with a trading volume of 1,500 shares."
2025-06-16 10:00:00,3.4,3.4,3.4,3.4,100,VE1,"At 2025-06-16 10:00:00, the stock VE1 opened at 3.40 VND, reached a high of 3.40 VND, a low of 3.40 VND, and closed the hour at 3.40 VND with a trading volume of 100 shares."
2025-06-16 13:00:00,3.4,3.4,3.4,3.4,100,VE1,"At 2025-06-16 13:00:00, the stock VE1 opened at 3.40 VND, reached a high of 3.40 VND, a low of 3.40 VND, and closed the hour at 3.40 VND with a trading volume of 100 shares."
2025-06-16 14:00:00,3.4,3.7,3.4,3.7,2300,VE1,"At 2025-06-16 14:00:00, the stock VE1 opened at 3.40 VND, reached a high of 3.70 VND, a low of 3.40 VND, and closed the hour at 3.70 VND with a trading volume of 2,300 shares."
2025-06-18 09:00:00,3.4,3.4,3.4,3.4,9700,VE1,"At 2025-06-18 09:00:00, the stock VE1 opened at 3.40 VND, reached a high of 3.40 VND, a low of 3.40 VND, and closed the hour at 3.40 VND with a trading volume of 9,700 shares."
2025-06-18 10:00:00,3.4,3.4,3.4,3.4,11000,VE1,"At 2025-06-18 10:00:00, the stock VE1 opened at 3.40 VND, reached a high of 3.40 VND, a low of 3.40 VND, and closed the hour at 3.40 VND with a trading volume of 11,000 shares."
2025-06-18 11:00:00,3.4,3.4,3.4,3.4,1000,VE1,"At 2025-06-18 11:00:00, the stock VE1 opened at 3.40 VND, reached a high of 3.40 VND, a low of 3.40 VND, and closed the hour at 3.40 VND with a trading volume of 1,000 shares."
2025-06-18 13:00:00,3.4,3.6,3.4,3.6,1500,VE1,"At 2025-06-18 13:00:00, the stock VE1 opened at 3.40 VND, reached a high of 3.60 VND, a low of 3.40 VND, and closed the hour at 3.60 VND with a trading volume of 1,500 shares."
2025-06-19 14:00:00,3.3,3.3,3.3,3.3,46200,VE1,"At 2025-06-19 14:00:00, the stock VE1 opened at 3.30 VND, reached a high of 3.30 VND, a low of 3.30 VND, and closed the hour at 3.30 VND with a trading volume of 46,200 shares."
2025-06-20 09:00:00,3.3,3.3,3.3,3.3,1300,VE1,"At 2025-06-20 09:00:00, the stock VE1 opened at 3.30 VND, reached a high of 3.30 VND, a low of 3.30 VND, and closed the hour at 3.30 VND with a trading volume of 1,300 shares."
2025-06-20 10:00:00,3.3,3.3,3.3,3.3,900,VE1,"At 2025-06-20 10:00:00, the stock VE1 opened at 3.30 VND, reached a high of 3.30 VND, a low of 3.30 VND, and closed the hour at 3.30 VND with a trading volume of 900 shares."
2025-06-20 11:00:00,3.4,3.6,3.4,3.6,18700,VE1,"At 2025-06-20 11:00:00, the stock VE1 opened at 3.40 VND, reached a high of 3.60 VND, a low of 3.40 VND, and closed the hour at 3.60 VND with a trading volume of 18,700 shares."
2025-06-20 13:00:00,3.6,3.6,3.6,3.6,43000,VE1,"At 2025-06-20 13:00:00, the stock VE1 opened at 3.60 VND, reached a high of 3.60 VND, a low of 3.60 VND, and closed the hour at 3.60 VND with a trading volume of 43,000 shares."
2025-06-23 09:00:00,3.6,3.6,3.6,3.6,100,VE1,"At 2025-06-23 09:00:00, the stock VE1 opened at 3.60 VND, reached a high of 3.60 VND, a low of 3.60 VND, and closed the hour at 3.60 VND with a trading volume of 100 shares."
2025-06-23 10:00:00,3.6,3.6,3.6,3.6,400,VE1,"At 2025-06-23 10:00:00, the stock VE1 opened at 3.60 VND, reached a high of 3.60 VND, a low of 3.60 VND, and closed the hour at 3.60 VND with a trading volume of 400 shares."
2025-06-23 13:00:00,3.6,3.6,3.6,3.6,31800,VE1,"At 2025-06-23 13:00:00, the stock VE1 opened at 3.60 VND, reached a high of 3.60 VND, a low of 3.60 VND, and closed the hour at 3.60 VND with a trading volume of 31,800 shares."
2025-06-23 14:00:00,3.6,3.6,3.6,3.6,19500,VE1,"At 2025-06-23 14:00:00, the stock VE1 opened at 3.60 VND, reached a high of 3.60 VND, a low of 3.60 VND, and closed the hour at 3.60 VND with a trading volume of 19,500 shares."
2025-06-24 10:00:00,3.6,3.6,3.6,3.6,8400,VE1,"At 2025-06-24 10:00:00, the stock VE1 opened at 3.60 VND, reached a high of 3.60 VND, a low of 3.60 VND, and closed the hour at 3.60 VND with a trading volume of 8,400 shares."
2025-06-24 11:00:00,3.6,3.6,3.6,3.6,5300,VE1,"At 2025-06-24 11:00:00, the stock VE1 opened at 3.60 VND, reached a high of 3.60 VND, a low of 3.60 VND, and closed the hour at 3.60 VND with a trading volume of 5,300 shares."
2025-06-26 09:00:00,3.6,3.6,3.6,3.6,100,VE1,"At 2025-06-26 09:00:00, the stock VE1 opened at 3.60 VND, reached a high of 3.60 VND, a low of 3.60 VND, and closed the hour at 3.60 VND with a trading volume of 100 shares."
2025-06-26 13:00:00,3.4,3.4,3.4,3.4,5200,VE1,"At 2025-06-26 13:00:00, the stock VE1 opened at 3.40 VND, reached a high of 3.40 VND, a low of 3.40 VND, and closed the hour at 3.40 VND with a trading volume of 5,200 shares."
2025-06-26 14:00:00,3.4,3.4,3.4,3.4,500,VE1,"At 2025-06-26 14:00:00, the stock VE1 opened at 3.40 VND, reached a high of 3.40 VND, a low of 3.40 VND, and closed the hour at 3.40 VND with a trading volume of 500 shares."
2025-06-27 09:00:00,3.7,3.7,3.7,3.7,500,VE1,"At 2025-06-27 09:00:00, the stock VE1 opened at 3.70 VND, reached a high of 3.70 VND, a low of 3.70 VND, and closed the hour at 3.70 VND with a trading volume of 500 shares."
2025-06-27 13:00:00,3.6,3.6,3.6,3.6,100,VE1,"At 2025-06-27 13:00:00, the stock VE1 opened at 3.60 VND, reached a high of 3.60 VND, a low of 3.60 VND, and closed the hour at 3.60 VND with a trading volume of 100 shares."
2025-06-30 10:00:00,3.8,3.8,3.8,3.8,300,VE1,"At 2025-06-30 10:00:00, the stock VE1 opened at 3.80 VND, reached a high of 3.80 VND, a low of 3.80 VND, and closed the hour at 3.80 VND with a trading volume of 300 shares."
2025-07-01 10:00:00,3.5,3.5,3.5,3.5,100,VE1,"At 2025-07-01 10:00:00, the stock VE1 opened at 3.50 VND, reached a high of 3.50 VND, a low of 3.50 VND, and closed the hour at 3.50 VND with a trading volume of 100 shares."
2025-07-02 13:00:00,3.3,3.3,3.3,3.3,11500,VE1,"At 2025-07-02 13:00:00, the stock VE1 opened at 3.30 VND, reached a high of 3.30 VND, a low of 3.30 VND, and closed the hour at 3.30 VND with a trading volume of 11,500 shares."
2025-07-02 14:00:00,3.5,3.5,3.5,3.5,1100,VE1,"At 2025-07-02 14:00:00, the stock VE1 opened at 3.50 VND, reached a high of 3.50 VND, a low of 3.50 VND, and closed the hour at 3.50 VND with a trading volume of 1,100 shares."
2025-07-03 13:00:00,3.3,3.4,3.3,3.4,22800,VE1,"At 2025-07-03 13:00:00, the stock VE1 opened at 3.30 VND, reached a high of 3.40 VND, a low of 3.30 VND, and closed the hour at 3.40 VND with a trading volume of 22,800 shares."
2025-07-03 14:00:00,3.4,3.5,3.4,3.4,1000,VE1,"At 2025-07-03 14:00:00, the stock VE1 opened at 3.40 VND, reached a high of 3.50 VND, a low of 3.40 VND, and closed the hour at 3.40 VND with a trading volume of 1,000 shares."
2025-07-04 09:00:00,3.5,3.5,3.5,3.5,400,VE1,"At 2025-07-04 09:00:00, the stock VE1 opened at 3.50 VND, reached a high of 3.50 VND, a low of 3.50 VND, and closed the hour at 3.50 VND with a trading volume of 400 shares."
2025-07-04 11:00:00,3.4,3.4,3.4,3.4,100,VE1,"At 2025-07-04 11:00:00, the stock VE1 opened at 3.40 VND, reached a high of 3.40 VND, a low of 3.40 VND, and closed the hour at 3.40 VND with a trading volume of 100 shares."
2025-07-04 13:00:00,3.4,3.4,3.4,3.4,300,VE1,"At 2025-07-04 13:00:00, the stock VE1 opened at 3.40 VND, reached a high of 3.40 VND, a low of 3.40 VND, and closed the hour at 3.40 VND with a trading volume of 300 shares."
2025-07-04 14:00:00,3.4,3.4,3.4,3.4,5300,VE1,"At 2025-07-04 14:00:00, the stock VE1 opened at 3.40 VND, reached a high of 3.40 VND, a low of 3.40 VND, and closed the hour at 3.40 VND with a trading volume of 5,300 shares."
2025-07-07 09:00:00,3.4,3.4,3.4,3.4,100,VE1,"At 2025-07-07 09:00:00, the stock VE1 opened at 3.40 VND, reached a high of 3.40 VND, a low of 3.40 VND, and closed the hour at 3.40 VND with a trading volume of 100 shares."
2025-07-07 11:00:00,3.4,3.4,3.4,3.4,3500,VE1,"At 2025-07-07 11:00:00, the stock VE1 opened at 3.40 VND, reached a high of 3.40 VND, a low of 3.40 VND, and closed the hour at 3.40 VND with a trading volume of 3,500 shares."
2025-07-07 13:00:00,3.4,3.4,3.4,3.4,100,VE1,"At 2025-07-07 13:00:00, the stock VE1 opened at 3.40 VND, reached a high of 3.40 VND, a low of 3.40 VND, and closed the hour at 3.40 VND with a trading volume of 100 shares."
2025-07-07 14:00:00,3.4,3.4,3.4,3.4,100,VE1,"At 2025-07-07 14:00:00, the stock VE1 opened at 3.40 VND, reached a high of 3.40 VND, a low of 3.40 VND, and closed the hour at 3.40 VND with a trading volume of 100 shares."
2025-07-08 09:00:00,3.4,3.4,3.4,3.4,2100,VE1,"At 2025-07-08 09:00:00, the stock VE1 opened at 3.40 VND, reached a high of 3.40 VND, a low of 3.40 VND, and closed the hour at 3.40 VND with a trading volume of 2,100 shares."
2025-07-08 10:00:00,3.3,3.3,3.3,3.3,600,VE1,"At 2025-07-08 10:00:00, the stock VE1 opened at 3.30 VND, reached a high of 3.30 VND, a low of 3.30 VND, and closed the hour at 3.30 VND with a trading volume of 600 shares."
2025-07-09 09:00:00,3.4,3.4,3.3,3.3,3000,VE1,"At 2025-07-09 09:00:00, the stock VE1 opened at 3.40 VND, reached a high of 3.40 VND, a low of 3.30 VND, and closed the hour at 3.30 VND with a trading volume of 3,000 shares."
2025-07-09 10:00:00,3.3,3.4,3.3,3.4,4600,VE1,"At 2025-07-09 10:00:00, the stock VE1 opened at 3.30 VND, reached a high of 3.40 VND, a low of 3.30 VND, and closed the hour at 3.40 VND with a trading volume of 4,600 shares."
2025-07-09 13:00:00,3.4,3.5,3.4,3.5,6000,VE1,"At 2025-07-09 13:00:00, the stock VE1 opened at 3.40 VND, reached a high of 3.50 VND, a low of 3.40 VND, and closed the hour at 3.50 VND with a trading volume of 6,000 shares."
2025-07-09 14:00:00,3.4,3.4,3.4,3.4,300,VE1,"At 2025-07-09 14:00:00, the stock VE1 opened at 3.40 VND, reached a high of 3.40 VND, a low of 3.40 VND, and closed the hour at 3.40 VND with a trading volume of 300 shares."
2025-07-10 11:00:00,3.4,3.4,3.4,3.4,1000,VE1,"At 2025-07-10 11:00:00, the stock VE1 opened at 3.40 VND, reached a high of 3.40 VND, a low of 3.40 VND, and closed the hour at 3.40 VND with a trading volume of 1,000 shares."
2025-07-10 13:00:00,3.4,3.4,3.4,3.4,100,VE1,"At 2025-07-10 13:00:00, the stock VE1 opened at 3.40 VND, reached a high of 3.40 VND, a low of 3.40 VND, and closed the hour at 3.40 VND with a trading volume of 100 shares."
2025-07-11 09:00:00,3.4,3.5,3.4,3.5,200,VE1,"At 2025-07-11 09:00:00, the stock VE1 opened at 3.40 VND, reached a high of 3.50 VND, a low of 3.40 VND, and closed the hour at 3.50 VND with a trading volume of 200 shares."
2025-07-11 10:00:00,3.5,3.5,3.5,3.5,4400,VE1,"At 2025-07-11 10:00:00, the stock VE1 opened at 3.50 VND, reached a high of 3.50 VND, a low of 3.50 VND, and closed the hour at 3.50 VND with a trading volume of 4,400 shares."
2025-07-14 10:00:00,3.5,3.5,3.5,3.5,600,VE1,"At 2025-07-14 10:00:00, the stock VE1 opened at 3.50 VND, reached a high of 3.50 VND, a low of 3.50 VND, and closed the hour at 3.50 VND with a trading volume of 600 shares."
2025-07-15 13:00:00,3.5,3.6,3.5,3.6,12600,VE1,"At 2025-07-15 13:00:00, the stock VE1 opened at 3.50 VND, reached a high of 3.60 VND, a low of 3.50 VND, and closed the hour at 3.60 VND with a trading volume of 12,600 shares."
2025-07-15 14:00:00,3.6,3.8,3.6,3.8,15100,VE1,"At 2025-07-15 14:00:00, the stock VE1 opened at 3.60 VND, reached a high of 3.80 VND, a low of 3.60 VND, and closed the hour at 3.80 VND with a trading volume of 15,100 shares."
2025-07-16 09:00:00,3.8,3.8,3.8,3.8,300,VE1,"At 2025-07-16 09:00:00, the stock VE1 opened at 3.80 VND, reached a high of 3.80 VND, a low of 3.80 VND, and closed the hour at 3.80 VND with a trading volume of 300 shares."
2025-07-16 11:00:00,3.6,3.6,3.6,3.6,4800,VE1,"At 2025-07-16 11:00:00, the stock VE1 opened at 3.60 VND, reached a high of 3.60 VND, a low of 3.60 VND, and closed the hour at 3.60 VND with a trading volume of 4,800 shares."
2025-07-16 14:00:00,3.7,3.7,3.7,3.7,600,VE1,"At 2025-07-16 14:00:00, the stock VE1 opened at 3.70 VND, reached a high of 3.70 VND, a low of 3.70 VND, and closed the hour at 3.70 VND with a trading volume of 600 shares."
2025-07-17 09:00:00,3.7,4.0,3.7,3.9,900,VE1,"At 2025-07-17 09:00:00, the stock VE1 opened at 3.70 VND, reached a high of 4.00 VND, a low of 3.70 VND, and closed the hour at 3.90 VND with a trading volume of 900 shares."
2025-07-17 10:00:00,3.9,3.9,3.9,3.9,400,VE1,"At 2025-07-17 10:00:00, the stock VE1 opened at 3.90 VND, reached a high of 3.90 VND, a low of 3.90 VND, and closed the hour at 3.90 VND with a trading volume of 400 shares."
2025-07-17 11:00:00,3.9,3.9,3.9,3.9,100,VE1,"At 2025-07-17 11:00:00, the stock VE1 opened at 3.90 VND, reached a high of 3.90 VND, a low of 3.90 VND, and closed the hour at 3.90 VND with a trading volume of 100 shares."
2025-07-17 14:00:00,3.5,3.5,3.5,3.5,800,VE1,"At 2025-07-17 14:00:00, the stock VE1 opened at 3.50 VND, reached a high of 3.50 VND, a low of 3.50 VND, and closed the hour at 3.50 VND with a trading volume of 800 shares."
2025-07-18 09:00:00,3.8,3.8,3.7,3.7,1200,VE1,"At 2025-07-18 09:00:00, the stock VE1 opened at 3.80 VND, reached a high of 3.80 VND, a low of 3.70 VND, and closed the hour at 3.70 VND with a trading volume of 1,200 shares."
2025-07-18 10:00:00,3.7,3.7,3.7,3.7,1600,VE1,"At 2025-07-18 10:00:00, the stock VE1 opened at 3.70 VND, reached a high of 3.70 VND, a low of 3.70 VND, and closed the hour at 3.70 VND with a trading volume of 1,600 shares."
2025-07-18 13:00:00,3.7,3.8,3.7,3.8,96100,VE1,"At 2025-07-18 13:00:00, the stock VE1 opened at 3.70 VND, reached a high of 3.80 VND, a low of 3.70 VND, and closed the hour at 3.80 VND with a trading volume of 96,100 shares."
2025-07-18 14:00:00,3.8,3.8,3.5,3.8,16400,VE1,"At 2025-07-18 14:00:00, the stock VE1 opened at 3.80 VND, reached a high of 3.80 VND, a low of 3.50 VND, and closed the hour at 3.80 VND with a trading volume of 16,400 shares."
2025-07-21 09:00:00,4.1,4.1,4.1,4.1,26900,VE1,"At 2025-07-21 09:00:00, the stock VE1 opened at 4.10 VND, reached a high of 4.10 VND, a low of 4.10 VND, and closed the hour at 4.10 VND with a trading volume of 26,900 shares."
2025-07-21 10:00:00,4.1,4.1,4.1,4.1,29900,VE1,"At 2025-07-21 10:00:00, the stock VE1 opened at 4.10 VND, reached a high of 4.10 VND, a low of 4.10 VND, and closed the hour at 4.10 VND with a trading volume of 29,900 shares."
2025-07-21 13:00:00,4.1,4.1,4.1,4.1,22300,VE1,"At 2025-07-21 13:00:00, the stock VE1 opened at 4.10 VND, reached a high of 4.10 VND, a low of 4.10 VND, and closed the hour at 4.10 VND with a trading volume of 22,300 shares."
2025-07-21 14:00:00,4.1,4.1,4.1,4.1,12700,VE1,"At 2025-07-21 14:00:00, the stock VE1 opened at 4.10 VND, reached a high of 4.10 VND, a low of 4.10 VND, and closed the hour at 4.10 VND with a trading volume of 12,700 shares."
2025-07-22 09:00:00,4.2,4.3,4.2,4.3,1300,VE1,"At 2025-07-22 09:00:00, the stock VE1 opened at 4.20 VND, reached a high of 4.30 VND, a low of 4.20 VND, and closed the hour at 4.30 VND with a trading volume of 1,300 shares."
2025-07-22 10:00:00,4.2,4.3,4.2,4.3,200,VE1,"At 2025-07-22 10:00:00, the stock VE1 opened at 4.20 VND, reached a high of 4.30 VND, a low of 4.20 VND, and closed the hour at 4.30 VND with a trading volume of 200 shares."
2025-07-22 11:00:00,4.2,4.5,4.2,4.5,4500,VE1,"At 2025-07-22 11:00:00, the stock VE1 opened at 4.20 VND, reached a high of 4.50 VND, a low of 4.20 VND, and closed the hour at 4.50 VND with a trading volume of 4,500 shares."
2025-07-22 13:00:00,4.2,4.2,4.1,4.2,9700,VE1,"At 2025-07-22 13:00:00, the stock VE1 opened at 4.20 VND, reached a high of 4.20 VND, a low of 4.10 VND, and closed the hour at 4.20 VND with a trading volume of 9,700 shares."
2025-07-22 14:00:00,4.1,4.2,4.1,4.2,300,VE1,"At 2025-07-22 14:00:00, the stock VE1 opened at 4.10 VND, reached a high of 4.20 VND, a low of 4.10 VND, and closed the hour at 4.20 VND with a trading volume of 300 shares."
2025-07-23 09:00:00,4.1,4.1,4.1,4.1,200,VE1,"At 2025-07-23 09:00:00, the stock VE1 opened at 4.10 VND, reached a high of 4.10 VND, a low of 4.10 VND, and closed the hour at 4.10 VND with a trading volume of 200 shares."
2025-07-23 10:00:00,4.2,4.2,4.1,4.1,400,VE1,"At 2025-07-23 10:00:00, the stock VE1 opened at 4.20 VND, reached a high of 4.20 VND, a low of 4.10 VND, and closed the hour at 4.10 VND with a trading volume of 400 shares."
2025-07-23 13:00:00,4.0,4.2,4.0,4.2,400,VE1,"At 2025-07-23 13:00:00, the stock VE1 opened at 4.00 VND, reached a high of 4.20 VND, a low of 4.00 VND, and closed the hour at 4.20 VND with a trading volume of 400 shares."
2025-07-23 14:00:00,4.1,4.2,4.1,4.2,2700,VE1,"At 2025-07-23 14:00:00, the stock VE1 opened at 4.10 VND, reached a high of 4.20 VND, a low of 4.10 VND, and closed the hour at 4.20 VND with a trading volume of 2,700 shares."
2025-07-24 09:00:00,4.2,4.2,4.2,4.2,100,VE1,"At 2025-07-24 09:00:00, the stock VE1 opened at 4.20 VND, reached a high of 4.20 VND, a low of 4.20 VND, and closed the hour at 4.20 VND with a trading volume of 100 shares."
2025-07-24 10:00:00,4.0,4.0,4.0,4.0,200,VE1,"At 2025-07-24 10:00:00, the stock VE1 opened at 4.00 VND, reached a high of 4.00 VND, a low of 4.00 VND, and closed the hour at 4.00 VND with a trading volume of 200 shares."
2025-07-24 11:00:00,4.1,4.1,4.0,4.0,4800,VE1,"At 2025-07-24 11:00:00, the stock VE1 opened at 4.10 VND, reached a high of 4.10 VND, a low of 4.00 VND, and closed the hour at 4.00 VND with a trading volume of 4,800 shares."
2025-07-24 13:00:00,4.1,4.3,4.1,4.3,1000,VE1,"At 2025-07-24 13:00:00, the stock VE1 opened at 4.10 VND, reached a high of 4.30 VND, a low of 4.10 VND, and closed the hour at 4.30 VND with a trading volume of 1,000 shares."
2025-07-24 14:00:00,4.2,4.3,4.2,4.3,400,VE1,"At 2025-07-24 14:00:00, the stock VE1 opened at 4.20 VND, reached a high of 4.30 VND, a low of 4.20 VND, and closed the hour at 4.30 VND with a trading volume of 400 shares."
2025-07-25 09:00:00,4.5,4.7,4.3,4.3,600,VE1,"At 2025-07-25 09:00:00, the stock VE1 opened at 4.50 VND, reached a high of 4.70 VND, a low of 4.30 VND, and closed the hour at 4.30 VND with a trading volume of 600 shares."
2025-07-25 10:00:00,4.3,4.3,4.3,4.3,300,VE1,"At 2025-07-25 10:00:00, the stock VE1 opened at 4.30 VND, reached a high of 4.30 VND, a low of 4.30 VND, and closed the hour at 4.30 VND with a trading volume of 300 shares."
2025-07-25 11:00:00,4.5,4.5,4.5,4.5,200,VE1,"At 2025-07-25 11:00:00, the stock VE1 opened at 4.50 VND, reached a high of 4.50 VND, a low of 4.50 VND, and closed the hour at 4.50 VND with a trading volume of 200 shares."
2025-07-25 13:00:00,4.3,4.3,4.3,4.3,200,VE1,"At 2025-07-25 13:00:00, the stock VE1 opened at 4.30 VND, reached a high of 4.30 VND, a low of 4.30 VND, and closed the hour at 4.30 VND with a trading volume of 200 shares."
2025-07-25 14:00:00,4.1,4.6,4.0,4.6,2800,VE1,"At 2025-07-25 14:00:00, the stock VE1 opened at 4.10 VND, reached a high of 4.60 VND, a low of 4.00 VND, and closed the hour at 4.60 VND with a trading volume of 2,800 shares."
2025-07-28 09:00:00,4.6,4.6,4.2,4.2,300,VE1,"At 2025-07-28 09:00:00, the stock VE1 opened at 4.60 VND, reached a high of 4.60 VND, a low of 4.20 VND, and closed the hour at 4.20 VND with a trading volume of 300 shares."
2025-07-28 10:00:00,4.3,4.3,4.2,4.2,15500,VE1,"At 2025-07-28 10:00:00, the stock VE1 opened at 4.30 VND, reached a high of 4.30 VND, a low of 4.20 VND, and closed the hour at 4.20 VND with a trading volume of 15,500 shares."
2025-07-28 11:00:00,4.2,5.0,4.2,4.4,22800,VE1,"At 2025-07-28 11:00:00, the stock VE1 opened at 4.20 VND, reached a high of 5.00 VND, a low of 4.20 VND, and closed the hour at 4.40 VND with a trading volume of 22,800 shares."
2025-07-28 13:00:00,4.4,5.0,4.4,5.0,3900,VE1,"At 2025-07-28 13:00:00, the stock VE1 opened at 4.40 VND, reached a high of 5.00 VND, a low of 4.40 VND, and closed the hour at 5.00 VND with a trading volume of 3,900 shares."
2025-07-28 14:00:00,4.9,5.0,4.2,5.0,11400,VE1,"At 2025-07-28 14:00:00, the stock VE1 opened at 4.90 VND, reached a high of 5.00 VND, a low of 4.20 VND, and closed the hour at 5.00 VND with a trading volume of 11,400 shares."
2025-07-29 09:00:00,5.3,5.5,4.5,4.5,19500,VE1,"At 2025-07-29 09:00:00, the stock VE1 opened at 5.30 VND, reached a high of 5.50 VND, a low of 4.50 VND, and closed the hour at 4.50 VND with a trading volume of 19,500 shares."
2025-07-29 10:00:00,4.5,5.4,4.5,4.5,29400,VE1,"At 2025-07-29 10:00:00, the stock VE1 opened at 4.50 VND, reached a high of 5.40 VND, a low of 4.50 VND, and closed the hour at 4.50 VND with a trading volume of 29,400 shares."
2025-07-29 11:00:00,4.5,4.5,4.5,4.5,1000,VE1,"At 2025-07-29 11:00:00, the stock VE1 opened at 4.50 VND, reached a high of 4.50 VND, a low of 4.50 VND, and closed the hour at 4.50 VND with a trading volume of 1,000 shares."
2025-07-29 13:00:00,4.5,5.3,4.5,5.3,4300,VE1,"At 2025-07-29 13:00:00, the stock VE1 opened at 4.50 VND, reached a high of 5.30 VND, a low of 4.50 VND, and closed the hour at 5.30 VND with a trading volume of 4,300 shares."
2025-07-29 14:00:00,4.5,5.3,4.5,5.0,8100,VE1,"At 2025-07-29 14:00:00, the stock VE1 opened at 4.50 VND, reached a high of 5.30 VND, a low of 4.50 VND, and closed the hour at 5.00 VND with a trading volume of 8,100 shares."
2025-07-30 09:00:00,5.0,5.3,4.5,5.3,2200,VE1,"At 2025-07-30 09:00:00, the stock VE1 opened at 5.00 VND, reached a high of 5.30 VND, a low of 4.50 VND, and closed the hour at 5.30 VND with a trading volume of 2,200 shares."
2025-07-30 10:00:00,5.2,5.2,4.5,4.5,1800,VE1,"At 2025-07-30 10:00:00, the stock VE1 opened at 5.20 VND, reached a high of 5.20 VND, a low of 4.50 VND, and closed the hour at 4.50 VND with a trading volume of 1,800 shares."
2025-07-30 11:00:00,4.5,4.5,4.5,4.5,100,VE1,"At 2025-07-30 11:00:00, the stock VE1 opened at 4.50 VND, reached a high of 4.50 VND, a low of 4.50 VND, and closed the hour at 4.50 VND with a trading volume of 100 shares."
2025-07-30 13:00:00,4.5,5.0,4.5,4.9,7200,VE1,"At 2025-07-30 13:00:00, the stock VE1 opened at 4.50 VND, reached a high of 5.00 VND, a low of 4.50 VND, and closed the hour at 4.90 VND with a trading volume of 7,200 shares."
2025-07-30 14:00:00,4.5,5.3,4.5,5.3,19200,VE1,"At 2025-07-30 14:00:00, the stock VE1 opened at 4.50 VND, reached a high of 5.30 VND, a low of 4.50 VND, and closed the hour at 5.30 VND with a trading volume of 19,200 shares."
2025-07-31 09:00:00,5.3,5.3,4.8,5.0,1200,VE1,"At 2025-07-31 09:00:00, the stock VE1 opened at 5.30 VND, reached a high of 5.30 VND, a low of 4.80 VND, and closed the hour at 5.00 VND with a trading volume of 1,200 shares."
2025-07-31 11:00:00,4.8,4.8,4.8,4.8,500,VE1,"At 2025-07-31 11:00:00, the stock VE1 opened at 4.80 VND, reached a high of 4.80 VND, a low of 4.80 VND, and closed the hour at 4.80 VND with a trading volume of 500 shares."
2025-07-31 13:00:00,4.8,4.8,4.8,4.8,1300,VE1,"At 2025-07-31 13:00:00, the stock VE1 opened at 4.80 VND, reached a high of 4.80 VND, a low of 4.80 VND, and closed the hour at 4.80 VND with a trading volume of 1,300 shares."
2025-07-31 14:00:00,4.8,4.8,4.8,4.8,1000,VE1,"At 2025-07-31 14:00:00, the stock VE1 opened at 4.80 VND, reached a high of 4.80 VND, a low of 4.80 VND, and closed the hour at 4.80 VND with a trading volume of 1,000 shares."
2025-08-01 09:00:00,4.4,4.4,4.4,4.4,8600,VE1,"At 2025-08-01 09:00:00, the stock VE1 opened at 4.40 VND, reached a high of 4.40 VND, a low of 4.40 VND, and closed the hour at 4.40 VND with a trading volume of 8,600 shares."
2025-08-01 10:00:00,4.4,4.7,4.4,4.4,10000,VE1,"At 2025-08-01 10:00:00, the stock VE1 opened at 4.40 VND, reached a high of 4.70 VND, a low of 4.40 VND, and closed the hour at 4.40 VND with a trading volume of 10,000 shares."
2025-08-01 11:00:00,4.4,4.4,4.4,4.4,2000,VE1,"At 2025-08-01 11:00:00, the stock VE1 opened at 4.40 VND, reached a high of 4.40 VND, a low of 4.40 VND, and closed the hour at 4.40 VND with a trading volume of 2,000 shares."
2025-08-01 13:00:00,4.4,4.4,4.4,4.4,2000,VE1,"At 2025-08-01 13:00:00, the stock VE1 opened at 4.40 VND, reached a high of 4.40 VND, a low of 4.40 VND, and closed the hour at 4.40 VND with a trading volume of 2,000 shares."
2025-08-01 14:00:00,4.4,4.4,4.4,4.4,2700,VE1,"At 2025-08-01 14:00:00, the stock VE1 opened at 4.40 VND, reached a high of 4.40 VND, a low of 4.40 VND, and closed the hour at 4.40 VND with a trading volume of 2,700 shares."
2025-08-04 09:00:00,4.4,4.7,4.0,4.0,29400,VE1,"At 2025-08-04 09:00:00, the stock VE1 opened at 4.40 VND, reached a high of 4.70 VND, a low of 4.00 VND, and closed the hour at 4.00 VND with a trading volume of 29,400 shares."
2025-08-04 10:00:00,4.5,4.5,4.0,4.0,4400,VE1,"At 2025-08-04 10:00:00, the stock VE1 opened at 4.50 VND, reached a high of 4.50 VND, a low of 4.00 VND, and closed the hour at 4.00 VND with a trading volume of 4,400 shares."
2025-08-04 11:00:00,4.0,4.0,4.0,4.0,200,VE1,"At 2025-08-04 11:00:00, the stock VE1 opened at 4.00 VND, reached a high of 4.00 VND, a low of 4.00 VND, and closed the hour at 4.00 VND with a trading volume of 200 shares."
2025-08-04 13:00:00,4.0,4.4,4.0,4.4,19200,VE1,"At 2025-08-04 13:00:00, the stock VE1 opened at 4.00 VND, reached a high of 4.40 VND, a low of 4.00 VND, and closed the hour at 4.40 VND with a trading volume of 19,200 shares."
2025-08-04 14:00:00,4.0,4.4,4.0,4.4,6600,VE1,"At 2025-08-04 14:00:00, the stock VE1 opened at 4.00 VND, reached a high of 4.40 VND, a low of 4.00 VND, and closed the hour at 4.40 VND with a trading volume of 6,600 shares."
2025-08-05 09:00:00,4.4,4.4,4.1,4.1,7000,VE1,"At 2025-08-05 09:00:00, the stock VE1 opened at 4.40 VND, reached a high of 4.40 VND, a low of 4.10 VND, and closed the hour at 4.10 VND with a trading volume of 7,000 shares."
2025-08-05 10:00:00,4.0,4.2,4.0,4.2,4200,VE1,"At 2025-08-05 10:00:00, the stock VE1 opened at 4.00 VND, reached a high of 4.20 VND, a low of 4.00 VND, and closed the hour at 4.20 VND with a trading volume of 4,200 shares."
2025-08-05 11:00:00,4.4,4.4,4.4,4.4,100,VE1,"At 2025-08-05 11:00:00, the stock VE1 opened at 4.40 VND, reached a high of 4.40 VND, a low of 4.40 VND, and closed the hour at 4.40 VND with a trading volume of 100 shares."
2025-08-05 13:00:00,4.2,4.3,4.0,4.3,21200,VE1,"At 2025-08-05 13:00:00, the stock VE1 opened at 4.20 VND, reached a high of 4.30 VND, a low of 4.00 VND, and closed the hour at 4.30 VND with a trading volume of 21,200 shares."
2025-08-05 14:00:00,4.4,4.4,4.4,4.4,1000,VE1,"At 2025-08-05 14:00:00, the stock VE1 opened at 4.40 VND, reached a high of 4.40 VND, a low of 4.40 VND, and closed the hour at 4.40 VND with a trading volume of 1,000 shares."
2025-08-06 09:00:00,4.0,4.1,4.0,4.1,10200,VE1,"At 2025-08-06 09:00:00, the stock VE1 opened at 4.00 VND, reached a high of 4.10 VND, a low of 4.00 VND, and closed the hour at 4.10 VND with a trading volume of 10,200 shares."
2025-08-06 10:00:00,4.1,4.1,4.1,4.1,100,VE1,"At 2025-08-06 10:00:00, the stock VE1 opened at 4.10 VND, reached a high of 4.10 VND, a low of 4.10 VND, and closed the hour at 4.10 VND with a trading volume of 100 shares."
2025-08-06 11:00:00,4.0,4.1,4.0,4.1,5700,VE1,"At 2025-08-06 11:00:00, the stock VE1 opened at 4.00 VND, reached a high of 4.10 VND, a low of 4.00 VND, and closed the hour at 4.10 VND with a trading volume of 5,700 shares."
2025-08-06 13:00:00,4.0,4.1,4.0,4.1,6700,VE1,"At 2025-08-06 13:00:00, the stock VE1 opened at 4.00 VND, reached a high of 4.10 VND, a low of 4.00 VND, and closed the hour at 4.10 VND with a trading volume of 6,700 shares."
2025-08-06 14:00:00,4.0,4.1,4.0,4.1,1700,VE1,"At 2025-08-06 14:00:00, the stock VE1 opened at 4.00 VND, reached a high of 4.10 VND, a low of 4.00 VND, and closed the hour at 4.10 VND with a trading volume of 1,700 shares."
2025-08-07 09:00:00,4.2,4.2,4.2,4.2,100,VE1,"At 2025-08-07 09:00:00, the stock VE1 opened at 4.20 VND, reached a high of 4.20 VND, a low of 4.20 VND, and closed the hour at 4.20 VND with a trading volume of 100 shares."
2025-08-07 13:00:00,3.9,4.1,3.9,4.1,200,VE1,"At 2025-08-07 13:00:00, the stock VE1 opened at 3.90 VND, reached a high of 4.10 VND, a low of 3.90 VND, and closed the hour at 4.10 VND with a trading volume of 200 shares."
2025-08-08 09:00:00,4.4,4.4,4.4,4.4,900,VE1,"At 2025-08-08 09:00:00, the stock VE1 opened at 4.40 VND, reached a high of 4.40 VND, a low of 4.40 VND, and closed the hour at 4.40 VND with a trading volume of 900 shares."
2025-08-08 10:00:00,4.0,4.1,3.8,4.1,11200,VE1,"At 2025-08-08 10:00:00, the stock VE1 opened at 4.00 VND, reached a high of 4.10 VND, a low of 3.80 VND, and closed the hour at 4.10 VND with a trading volume of 11,200 shares."
2025-08-08 13:00:00,4.0,4.1,4.0,4.0,8300,VE1,"At 2025-08-08 13:00:00, the stock VE1 opened at 4.00 VND, reached a high of 4.10 VND, a low of 4.00 VND, and closed the hour at 4.00 VND with a trading volume of 8,300 shares."
2025-08-08 14:00:00,4.0,4.1,4.0,4.1,800,VE1,"At 2025-08-08 14:00:00, the stock VE1 opened at 4.00 VND, reached a high of 4.10 VND, a low of 4.00 VND, and closed the hour at 4.10 VND with a trading volume of 800 shares."
2025-08-11 09:00:00,4.1,4.1,4.0,4.0,6400,VE1,"At 2025-08-11 09:00:00, the stock VE1 opened at 4.10 VND, reached a high of 4.10 VND, a low of 4.00 VND, and closed the hour at 4.00 VND with a trading volume of 6,400 shares."
2025-08-11 10:00:00,4.0,4.0,4.0,4.0,200,VE1,"At 2025-08-11 10:00:00, the stock VE1 opened at 4.00 VND, reached a high of 4.00 VND, a low of 4.00 VND, and closed the hour at 4.00 VND with a trading volume of 200 shares."
2025-08-11 11:00:00,4.0,4.0,4.0,4.0,5000,VE1,"At 2025-08-11 11:00:00, the stock VE1 opened at 4.00 VND, reached a high of 4.00 VND, a low of 4.00 VND, and closed the hour at 4.00 VND with a trading volume of 5,000 shares."
2025-08-11 13:00:00,3.9,3.9,3.9,3.9,1000,VE1,"At 2025-08-11 13:00:00, the stock VE1 opened at 3.90 VND, reached a high of 3.90 VND, a low of 3.90 VND, and closed the hour at 3.90 VND with a trading volume of 1,000 shares."
2025-08-11 14:00:00,4.0,4.0,4.0,4.0,3000,VE1,"At 2025-08-11 14:00:00, the stock VE1 opened at 4.00 VND, reached a high of 4.00 VND, a low of 4.00 VND, and closed the hour at 4.00 VND with a trading volume of 3,000 shares."
2025-08-12 09:00:00,4.1,4.2,4.0,4.1,4600,VE1,"At 2025-08-12 09:00:00, the stock VE1 opened at 4.10 VND, reached a high of 4.20 VND, a low of 4.00 VND, and closed the hour at 4.10 VND with a trading volume of 4,600 shares."
2025-08-12 10:00:00,4.1,4.1,4.1,4.1,1400,VE1,"At 2025-08-12 10:00:00, the stock VE1 opened at 4.10 VND, reached a high of 4.10 VND, a low of 4.10 VND, and closed the hour at 4.10 VND with a trading volume of 1,400 shares."
2025-08-12 13:00:00,4.2,4.2,4.1,4.2,1800,VE1,"At 2025-08-12 13:00:00, the stock VE1 opened at 4.20 VND, reached a high of 4.20 VND, a low of 4.10 VND, and closed the hour at 4.20 VND with a trading volume of 1,800 shares."
2025-08-12 14:00:00,4.1,4.1,4.0,4.1,6700,VE1,"At 2025-08-12 14:00:00, the stock VE1 opened at 4.10 VND, reached a high of 4.10 VND, a low of 4.00 VND, and closed the hour at 4.10 VND with a trading volume of 6,700 shares."
2025-08-13 09:00:00,4.1,4.1,4.0,4.0,800,VE1,"At 2025-08-13 09:00:00, the stock VE1 opened at 4.10 VND, reached a high of 4.10 VND, a low of 4.00 VND, and closed the hour at 4.00 VND with a trading volume of 800 shares."
2025-08-13 10:00:00,4.0,4.0,4.0,4.0,1100,VE1,"At 2025-08-13 10:00:00, the stock VE1 opened at 4.00 VND, reached a high of 4.00 VND, a low of 4.00 VND, and closed the hour at 4.00 VND with a trading volume of 1,100 shares."
2025-08-13 13:00:00,4.0,4.0,4.0,4.0,600,VE1,"At 2025-08-13 13:00:00, the stock VE1 opened at 4.00 VND, reached a high of 4.00 VND, a low of 4.00 VND, and closed the hour at 4.00 VND with a trading volume of 600 shares."
2025-08-13 14:00:00,4.0,4.0,4.0,4.0,1000,VE1,"At 2025-08-13 14:00:00, the stock VE1 opened at 4.00 VND, reached a high of 4.00 VND, a low of 4.00 VND, and closed the hour at 4.00 VND with a trading volume of 1,000 shares."
2025-08-14 09:00:00,4.1,4.1,4.1,4.1,1000,VE1,"At 2025-08-14 09:00:00, the stock VE1 opened at 4.10 VND, reached a high of 4.10 VND, a low of 4.10 VND, and closed the hour at 4.10 VND with a trading volume of 1,000 shares."
2025-08-14 10:00:00,4.0,4.0,3.9,3.9,11400,VE1,"At 2025-08-14 10:00:00, the stock VE1 opened at 4.00 VND, reached a high of 4.00 VND, a low of 3.90 VND, and closed the hour at 3.90 VND with a trading volume of 11,400 shares."
2025-08-14 11:00:00,4.1,4.1,4.1,4.1,1000,VE1,"At 2025-08-14 11:00:00, the stock VE1 opened at 4.10 VND, reached a high of 4.10 VND, a low of 4.10 VND, and closed the hour at 4.10 VND with a trading volume of 1,000 shares."
2025-08-14 14:00:00,4.1,4.1,4.1,4.1,300,VE1,"At 2025-08-14 14:00:00, the stock VE1 opened at 4.10 VND, reached a high of 4.10 VND, a low of 4.10 VND, and closed the hour at 4.10 VND with a trading volume of 300 shares."
2025-08-15 09:00:00,4.1,4.1,4.0,4.0,1000,VE1,"At 2025-08-15 09:00:00, the stock VE1 opened at 4.10 VND, reached a high of 4.10 VND, a low of 4.00 VND, and closed the hour at 4.00 VND with a trading volume of 1,000 shares."
2025-08-15 10:00:00,4.0,4.1,3.8,4.1,12300,VE1,"At 2025-08-15 10:00:00, the stock VE1 opened at 4.00 VND, reached a high of 4.10 VND, a low of 3.80 VND, and closed the hour at 4.10 VND with a trading volume of 12,300 shares."
2025-08-15 13:00:00,3.9,4.0,3.8,4.0,4000,VE1,"At 2025-08-15 13:00:00, the stock VE1 opened at 3.90 VND, reached a high of 4.00 VND, a low of 3.80 VND, and closed the hour at 4.00 VND with a trading volume of 4,000 shares."
2025-08-15 14:00:00,3.8,4.0,3.8,4.0,3700,VE1,"At 2025-08-15 14:00:00, the stock VE1 opened at 3.80 VND, reached a high of 4.00 VND, a low of 3.80 VND, and closed the hour at 4.00 VND with a trading volume of 3,700 shares."
2025-08-18 09:00:00,3.9,4.1,3.9,4.0,500,VE1,"At 2025-08-18 09:00:00, the stock VE1 opened at 3.90 VND, reached a high of 4.10 VND, a low of 3.90 VND, and closed the hour at 4.00 VND with a trading volume of 500 shares."
2025-08-18 10:00:00,3.9,3.9,3.9,3.9,300,VE1,"At 2025-08-18 10:00:00, the stock VE1 opened at 3.90 VND, reached a high of 3.90 VND, a low of 3.90 VND, and closed the hour at 3.90 VND with a trading volume of 300 shares."
2025-08-18 14:00:00,4.0,4.0,4.0,4.0,2000,VE1,"At 2025-08-18 14:00:00, the stock VE1 opened at 4.00 VND, reached a high of 4.00 VND, a low of 4.00 VND, and closed the hour at 4.00 VND with a trading volume of 2,000 shares."
2025-08-19 13:00:00,3.8,4.0,3.8,3.9,2700,VE1,"At 2025-08-19 13:00:00, the stock VE1 opened at 3.80 VND, reached a high of 4.00 VND, a low of 3.80 VND, and closed the hour at 3.90 VND with a trading volume of 2,700 shares."
2025-08-19 14:00:00,3.9,4.0,3.9,4.0,1300,VE1,"At 2025-08-19 14:00:00, the stock VE1 opened at 3.90 VND, reached a high of 4.00 VND, a low of 3.90 VND, and closed the hour at 4.00 VND with a trading volume of 1,300 shares."
2025-08-20 09:00:00,3.9,4.0,3.8,4.0,11600,VE1,"At 2025-08-20 09:00:00, the stock VE1 opened at 3.90 VND, reached a high of 4.00 VND, a low of 3.80 VND, and closed the hour at 4.00 VND with a trading volume of 11,600 shares."
2025-08-20 10:00:00,3.8,3.8,3.8,3.8,900,VE1,"At 2025-08-20 10:00:00, the stock VE1 opened at 3.80 VND, reached a high of 3.80 VND, a low of 3.80 VND, and closed the hour at 3.80 VND with a trading volume of 900 shares."
2025-08-21 14:00:00,3.9,4.0,3.8,4.0,1400,VE1,"At 2025-08-21 14:00:00, the stock VE1 opened at 3.90 VND, reached a high of 4.00 VND, a low of 3.80 VND, and closed the hour at 4.00 VND with a trading volume of 1,400 shares."
2025-08-22 09:00:00,4.0,4.0,4.0,4.0,100,VE1,"At 2025-08-22 09:00:00, the stock VE1 opened at 4.00 VND, reached a high of 4.00 VND, a low of 4.00 VND, and closed the hour at 4.00 VND with a trading volume of 100 shares."
2025-08-22 10:00:00,3.7,4.0,3.6,4.0,21100,VE1,"At 2025-08-22 10:00:00, the stock VE1 opened at 3.70 VND, reached a high of 4.00 VND, a low of 3.60 VND, and closed the hour at 4.00 VND with a trading volume of 21,100 shares."
2025-08-22 13:00:00,3.6,4.0,3.6,4.0,4800,VE1,"At 2025-08-22 13:00:00, the stock VE1 opened at 3.60 VND, reached a high of 4.00 VND, a low of 3.60 VND, and closed the hour at 4.00 VND with a trading volume of 4,800 shares."
2025-08-22 14:00:00,3.6,3.6,3.6,3.6,1000,VE1,"At 2025-08-22 14:00:00, the stock VE1 opened at 3.60 VND, reached a high of 3.60 VND, a low of 3.60 VND, and closed the hour at 3.60 VND with a trading volume of 1,000 shares."
2025-08-25 09:00:00,3.7,3.7,3.7,3.7,300,VE1,"At 2025-08-25 09:00:00, the stock VE1 opened at 3.70 VND, reached a high of 3.70 VND, a low of 3.70 VND, and closed the hour at 3.70 VND with a trading volume of 300 shares."
2025-08-25 13:00:00,3.7,3.8,3.6,3.8,11100,VE1,"At 2025-08-25 13:00:00, the stock VE1 opened at 3.70 VND, reached a high of 3.80 VND, a low of 3.60 VND, and closed the hour at 3.80 VND with a trading volume of 11,100 shares."
2025-08-25 14:00:00,3.5,3.8,3.5,3.8,10400,VE1,"At 2025-08-25 14:00:00, the stock VE1 opened at 3.50 VND, reached a high of 3.80 VND, a low of 3.50 VND, and closed the hour at 3.80 VND with a trading volume of 10,400 shares."
2025-08-26 09:00:00,3.8,3.8,3.8,3.8,2000,VE1,"At 2025-08-26 09:00:00, the stock VE1 opened at 3.80 VND, reached a high of 3.80 VND, a low of 3.80 VND, and closed the hour at 3.80 VND with a trading volume of 2,000 shares."
2025-08-26 10:00:00,3.8,3.8,3.8,3.8,3000,VE1,"At 2025-08-26 10:00:00, the stock VE1 opened at 3.80 VND, reached a high of 3.80 VND, a low of 3.80 VND, and closed the hour at 3.80 VND with a trading volume of 3,000 shares."
2025-08-26 14:00:00,3.8,3.8,3.8,3.8,100,VE1,"At 2025-08-26 14:00:00, the stock VE1 opened at 3.80 VND, reached a high of 3.80 VND, a low of 3.80 VND, and closed the hour at 3.80 VND with a trading volume of 100 shares."
2025-08-27 09:00:00,3.8,3.8,3.6,3.8,7600,VE1,"At 2025-08-27 09:00:00, the stock VE1 opened at 3.80 VND, reached a high of 3.80 VND, a low of 3.60 VND, and closed the hour at 3.80 VND with a trading volume of 7,600 shares."
2025-08-27 10:00:00,3.6,3.8,3.5,3.6,16800,VE1,"At 2025-08-27 10:00:00, the stock VE1 opened at 3.60 VND, reached a high of 3.80 VND, a low of 3.50 VND, and closed the hour at 3.60 VND with a trading volume of 16,800 shares."
2025-08-27 11:00:00,3.6,3.6,3.6,3.6,5200,VE1,"At 2025-08-27 11:00:00, the stock VE1 opened at 3.60 VND, reached a high of 3.60 VND, a low of 3.60 VND, and closed the hour at 3.60 VND with a trading volume of 5,200 shares."
2025-08-27 13:00:00,3.7,3.7,3.5,3.5,10500,VE1,"At 2025-08-27 13:00:00, the stock VE1 opened at 3.70 VND, reached a high of 3.70 VND, a low of 3.50 VND, and closed the hour at 3.50 VND with a trading volume of 10,500 shares."
2025-08-27 14:00:00,3.5,3.7,3.5,3.5,8000,VE1,"At 2025-08-27 14:00:00, the stock VE1 opened at 3.50 VND, reached a high of 3.70 VND, a low of 3.50 VND, and closed the hour at 3.50 VND with a trading volume of 8,000 shares."
2025-08-28 09:00:00,3.5,3.6,3.5,3.5,900,VE1,"At 2025-08-28 09:00:00, the stock VE1 opened at 3.50 VND, reached a high of 3.60 VND, a low of 3.50 VND, and closed the hour at 3.50 VND with a trading volume of 900 shares."
2025-08-28 13:00:00,3.5,3.5,3.3,3.3,22700,VE1,"At 2025-08-28 13:00:00, the stock VE1 opened at 3.50 VND, reached a high of 3.50 VND, a low of 3.30 VND, and closed the hour at 3.30 VND with a trading volume of 22,700 shares."
2025-08-28 14:00:00,3.3,3.3,3.3,3.3,4700,VE1,"At 2025-08-28 14:00:00, the stock VE1 opened at 3.30 VND, reached a high of 3.30 VND, a low of 3.30 VND, and closed the hour at 3.30 VND with a trading volume of 4,700 shares."
2025-08-29 13:00:00,3.3,3.3,3.3,3.3,12300,VE1,"At 2025-08-29 13:00:00, the stock VE1 opened at 3.30 VND, reached a high of 3.30 VND, a low of 3.30 VND, and closed the hour at 3.30 VND with a trading volume of 12,300 shares."
2025-08-29 14:00:00,3.5,3.5,3.5,3.5,1000,VE1,"At 2025-08-29 14:00:00, the stock VE1 opened at 3.50 VND, reached a high of 3.50 VND, a low of 3.50 VND, and closed the hour at 3.50 VND with a trading volume of 1,000 shares."
2025-09-03 09:00:00,3.5,3.5,3.4,3.4,1100,VE1,"At 2025-09-03 09:00:00, the stock VE1 opened at 3.50 VND, reached a high of 3.50 VND, a low of 3.40 VND, and closed the hour at 3.40 VND with a trading volume of 1,100 shares."
2025-09-03 10:00:00,3.5,3.5,3.5,3.5,600,VE1,"At 2025-09-03 10:00:00, the stock VE1 opened at 3.50 VND, reached a high of 3.50 VND, a low of 3.50 VND, and closed the hour at 3.50 VND with a trading volume of 600 shares."
2025-09-03 14:00:00,3.5,3.5,3.5,3.5,100,VE1,"At 2025-09-03 14:00:00, the stock VE1 opened at 3.50 VND, reached a high of 3.50 VND, a low of 3.50 VND, and closed the hour at 3.50 VND with a trading volume of 100 shares."
2025-09-04 09:00:00,3.5,3.5,3.5,3.5,700,VE1,"At 2025-09-04 09:00:00, the stock VE1 opened at 3.50 VND, reached a high of 3.50 VND, a low of 3.50 VND, and closed the hour at 3.50 VND with a trading volume of 700 shares."
2025-09-04 10:00:00,3.4,3.4,3.4,3.4,100,VE1,"At 2025-09-04 10:00:00, the stock VE1 opened at 3.40 VND, reached a high of 3.40 VND, a low of 3.40 VND, and closed the hour at 3.40 VND with a trading volume of 100 shares."
2025-09-04 13:00:00,3.5,3.5,3.5,3.5,100,VE1,"At 2025-09-04 13:00:00, the stock VE1 opened at 3.50 VND, reached a high of 3.50 VND, a low of 3.50 VND, and closed the hour at 3.50 VND with a trading volume of 100 shares."
2025-09-04 14:00:00,3.5,3.5,3.5,3.5,1400,VE1,"At 2025-09-04 14:00:00, the stock VE1 opened at 3.50 VND, reached a high of 3.50 VND, a low of 3.50 VND, and closed the hour at 3.50 VND with a trading volume of 1,400 shares."
2025-09-05 09:00:00,3.5,3.5,3.5,3.5,400,VE1,"At 2025-09-05 09:00:00, the stock VE1 opened at 3.50 VND, reached a high of 3.50 VND, a low of 3.50 VND, and closed the hour at 3.50 VND with a trading volume of 400 shares."
2025-09-05 10:00:00,3.5,3.5,3.5,3.5,200,VE1,"At 2025-09-05 10:00:00, the stock VE1 opened at 3.50 VND, reached a high of 3.50 VND, a low of 3.50 VND, and closed the hour at 3.50 VND with a trading volume of 200 shares."
2025-09-05 13:00:00,3.5,3.5,3.4,3.5,5100,VE1,"At 2025-09-05 13:00:00, the stock VE1 opened at 3.50 VND, reached a high of 3.50 VND, a low of 3.40 VND, and closed the hour at 3.50 VND with a trading volume of 5,100 shares."
2025-09-05 14:00:00,3.5,3.5,3.5,3.5,200,VE1,"At 2025-09-05 14:00:00, the stock VE1 opened at 3.50 VND, reached a high of 3.50 VND, a low of 3.50 VND, and closed the hour at 3.50 VND with a trading volume of 200 shares."
2025-09-08 09:00:00,3.5,3.5,3.5,3.5,200,VE1,"At 2025-09-08 09:00:00, the stock VE1 opened at 3.50 VND, reached a high of 3.50 VND, a low of 3.50 VND, and closed the hour at 3.50 VND with a trading volume of 200 shares."
2025-09-08 10:00:00,3.4,3.4,3.4,3.4,3000,VE1,"At 2025-09-08 10:00:00, the stock VE1 opened at 3.40 VND, reached a high of 3.40 VND, a low of 3.40 VND, and closed the hour at 3.40 VND with a trading volume of 3,000 shares."
2025-09-08 14:00:00,3.4,3.4,3.4,3.4,1000,VE1,"At 2025-09-08 14:00:00, the stock VE1 opened at 3.40 VND, reached a high of 3.40 VND, a low of 3.40 VND, and closed the hour at 3.40 VND with a trading volume of 1,000 shares."
2025-09-09 10:00:00,3.4,3.5,3.4,3.5,5300,VE1,"At 2025-09-09 10:00:00, the stock VE1 opened at 3.40 VND, reached a high of 3.50 VND, a low of 3.40 VND, and closed the hour at 3.50 VND with a trading volume of 5,300 shares."
2025-09-09 13:00:00,3.5,3.5,3.5,3.5,3900,VE1,"At 2025-09-09 13:00:00, the stock VE1 opened at 3.50 VND, reached a high of 3.50 VND, a low of 3.50 VND, and closed the hour at 3.50 VND with a trading volume of 3,900 shares."
2025-09-09 14:00:00,3.5,3.5,3.5,3.5,300,VE1,"At 2025-09-09 14:00:00, the stock VE1 opened at 3.50 VND, reached a high of 3.50 VND, a low of 3.50 VND, and closed the hour at 3.50 VND with a trading volume of 300 shares."
2025-09-10 09:00:00,3.5,3.5,3.5,3.5,100,VE1,"At 2025-09-10 09:00:00, the stock VE1 opened at 3.50 VND, reached a high of 3.50 VND, a low of 3.50 VND, and closed the hour at 3.50 VND with a trading volume of 100 shares."
2025-09-10 10:00:00,3.4,3.4,3.4,3.4,100,VE1,"At 2025-09-10 10:00:00, the stock VE1 opened at 3.40 VND, reached a high of 3.40 VND, a low of 3.40 VND, and closed the hour at 3.40 VND with a trading volume of 100 shares."
2025-09-10 13:00:00,3.5,3.5,3.5,3.5,1200,VE1,"At 2025-09-10 13:00:00, the stock VE1 opened at 3.50 VND, reached a high of 3.50 VND, a low of 3.50 VND, and closed the hour at 3.50 VND with a trading volume of 1,200 shares."
2025-09-10 14:00:00,3.5,3.5,3.5,3.5,1700,VE1,"At 2025-09-10 14:00:00, the stock VE1 opened at 3.50 VND, reached a high of 3.50 VND, a low of 3.50 VND, and closed the hour at 3.50 VND with a trading volume of 1,700 shares."
2025-09-11 09:00:00,3.4,3.5,3.4,3.5,1600,VE1,"At 2025-09-11 09:00:00, the stock VE1 opened at 3.40 VND, reached a high of 3.50 VND, a low of 3.40 VND, and closed the hour at 3.50 VND with a trading volume of 1,600 shares."
2025-09-11 14:00:00,3.5,3.5,3.4,3.5,3200,VE1,"At 2025-09-11 14:00:00, the stock VE1 opened at 3.50 VND, reached a high of 3.50 VND, a low of 3.40 VND, and closed the hour at 3.50 VND with a trading volume of 3,200 shares."
2025-09-12 09:00:00,3.5,3.5,3.5,3.5,100,VE1,"At 2025-09-12 09:00:00, the stock VE1 opened at 3.50 VND, reached a high of 3.50 VND, a low of 3.50 VND, and closed the hour at 3.50 VND with a trading volume of 100 shares."
2025-09-12 10:00:00,3.5,3.5,3.5,3.5,500,VE1,"At 2025-09-12 10:00:00, the stock VE1 opened at 3.50 VND, reached a high of 3.50 VND, a low of 3.50 VND, and closed the hour at 3.50 VND with a trading volume of 500 shares."
2025-09-12 13:00:00,3.4,3.4,3.4,3.4,6000,VE1,"At 2025-09-12 13:00:00, the stock VE1 opened at 3.40 VND, reached a high of 3.40 VND, a low of 3.40 VND, and closed the hour at 3.40 VND with a trading volume of 6,000 shares."
2025-09-15 09:00:00,3.4,3.4,3.4,3.4,100,VE1,"At 2025-09-15 09:00:00, the stock VE1 opened at 3.40 VND, reached a high of 3.40 VND, a low of 3.40 VND, and closed the hour at 3.40 VND with a trading volume of 100 shares."
2025-09-15 13:00:00,3.4,3.4,3.4,3.4,2600,VE1,"At 2025-09-15 13:00:00, the stock VE1 opened at 3.40 VND, reached a high of 3.40 VND, a low of 3.40 VND, and closed the hour at 3.40 VND with a trading volume of 2,600 shares."
2025-09-15 14:00:00,3.5,3.5,3.5,3.5,100,VE1,"At 2025-09-15 14:00:00, the stock VE1 opened at 3.50 VND, reached a high of 3.50 VND, a low of 3.50 VND, and closed the hour at 3.50 VND with a trading volume of 100 shares."
2025-09-16 09:00:00,3.4,3.4,3.4,3.4,4400,VE1,"At 2025-09-16 09:00:00, the stock VE1 opened at 3.40 VND, reached a high of 3.40 VND, a low of 3.40 VND, and closed the hour at 3.40 VND with a trading volume of 4,400 shares."
2025-09-16 14:00:00,3.5,3.5,3.5,3.5,100,VE1,"At 2025-09-16 14:00:00, the stock VE1 opened at 3.50 VND, reached a high of 3.50 VND, a low of 3.50 VND, and closed the hour at 3.50 VND with a trading volume of 100 shares."
2025-09-17 09:00:00,3.5,3.5,3.5,3.5,10700,VE1,"At 2025-09-17 09:00:00, the stock VE1 opened at 3.50 VND, reached a high of 3.50 VND, a low of 3.50 VND, and closed the hour at 3.50 VND with a trading volume of 10,700 shares."
2025-09-17 10:00:00,3.5,3.5,3.5,3.5,2900,VE1,"At 2025-09-17 10:00:00, the stock VE1 opened at 3.50 VND, reached a high of 3.50 VND, a low of 3.50 VND, and closed the hour at 3.50 VND with a trading volume of 2,900 shares."
2025-09-17 11:00:00,3.5,3.6,3.5,3.5,2200,VE1,"At 2025-09-17 11:00:00, the stock VE1 opened at 3.50 VND, reached a high of 3.60 VND, a low of 3.50 VND, and closed the hour at 3.50 VND with a trading volume of 2,200 shares."
2025-09-17 13:00:00,3.5,3.5,3.5,3.5,2600,VE1,"At 2025-09-17 13:00:00, the stock VE1 opened at 3.50 VND, reached a high of 3.50 VND, a low of 3.50 VND, and closed the hour at 3.50 VND with a trading volume of 2,600 shares."
2025-09-17 14:00:00,3.4,3.4,3.4,3.4,200,VE1,"At 2025-09-17 14:00:00, the stock VE1 opened at 3.40 VND, reached a high of 3.40 VND, a low of 3.40 VND, and closed the hour at 3.40 VND with a trading volume of 200 shares."
2025-09-18 09:00:00,3.5,3.5,3.5,3.5,100,VE1,"At 2025-09-18 09:00:00, the stock VE1 opened at 3.50 VND, reached a high of 3.50 VND, a low of 3.50 VND, and closed the hour at 3.50 VND with a trading volume of 100 shares."
2025-09-18 11:00:00,3.5,3.5,3.5,3.5,100,VE1,"At 2025-09-18 11:00:00, the stock VE1 opened at 3.50 VND, reached a high of 3.50 VND, a low of 3.50 VND, and closed the hour at 3.50 VND with a trading volume of 100 shares."
2025-09-18 13:00:00,3.4,3.4,3.4,3.4,1700,VE1,"At 2025-09-18 13:00:00, the stock VE1 opened at 3.40 VND, reached a high of 3.40 VND, a low of 3.40 VND, and closed the hour at 3.40 VND with a trading volume of 1,700 shares."
2025-09-18 14:00:00,3.5,3.5,3.5,3.5,200,VE1,"At 2025-09-18 14:00:00, the stock VE1 opened at 3.50 VND, reached a high of 3.50 VND, a low of 3.50 VND, and closed the hour at 3.50 VND with a trading volume of 200 shares."
2025-09-19 10:00:00,3.5,3.5,3.5,3.5,100,VE1,"At 2025-09-19 10:00:00, the stock VE1 opened at 3.50 VND, reached a high of 3.50 VND, a low of 3.50 VND, and closed the hour at 3.50 VND with a trading volume of 100 shares."
2025-09-19 13:00:00,3.4,3.4,3.4,3.4,10000,VE1,"At 2025-09-19 13:00:00, the stock VE1 opened at 3.40 VND, reached a high of 3.40 VND, a low of 3.40 VND, and closed the hour at 3.40 VND with a trading volume of 10,000 shares."
2025-09-19 14:00:00,3.5,3.5,3.5,3.5,100,VE1,"At 2025-09-19 14:00:00, the stock VE1 opened at 3.50 VND, reached a high of 3.50 VND, a low of 3.50 VND, and closed the hour at 3.50 VND with a trading volume of 100 shares."
2025-09-22 10:00:00,3.4,3.4,3.4,3.4,1000,VE1,"At 2025-09-22 10:00:00, the stock VE1 opened at 3.40 VND, reached a high of 3.40 VND, a low of 3.40 VND, and closed the hour at 3.40 VND with a trading volume of 1,000 shares."
2025-09-22 13:00:00,3.4,3.4,3.4,3.4,100,VE1,"At 2025-09-22 13:00:00, the stock VE1 opened at 3.40 VND, reached a high of 3.40 VND, a low of 3.40 VND, and closed the hour at 3.40 VND with a trading volume of 100 shares."
2025-09-22 14:00:00,3.5,3.5,3.5,3.5,100,VE1,"At 2025-09-22 14:00:00, the stock VE1 opened at 3.50 VND, reached a high of 3.50 VND, a low of 3.50 VND, and closed the hour at 3.50 VND with a trading volume of 100 shares."
2025-09-23 09:00:00,3.4,3.5,3.4,3.5,7100,VE1,"At 2025-09-23 09:00:00, the stock VE1 opened at 3.40 VND, reached a high of 3.50 VND, a low of 3.40 VND, and closed the hour at 3.50 VND with a trading volume of 7,100 shares."
2025-09-23 13:00:00,3.4,3.4,3.4,3.4,3500,VE1,"At 2025-09-23 13:00:00, the stock VE1 opened at 3.40 VND, reached a high of 3.40 VND, a low of 3.40 VND, and closed the hour at 3.40 VND with a trading volume of 3,500 shares."
2025-09-23 14:00:00,3.5,3.5,3.5,3.5,100,VE1,"At 2025-09-23 14:00:00, the stock VE1 opened at 3.50 VND, reached a high of 3.50 VND, a low of 3.50 VND, and closed the hour at 3.50 VND with a trading volume of 100 shares."
2025-09-25 09:00:00,3.5,3.5,3.5,3.5,500,VE1,"At 2025-09-25 09:00:00, the stock VE1 opened at 3.50 VND, reached a high of 3.50 VND, a low of 3.50 VND, and closed the hour at 3.50 VND with a trading volume of 500 shares."
2025-09-25 13:00:00,3.4,3.4,3.4,3.4,1000,VE1,"At 2025-09-25 13:00:00, the stock VE1 opened at 3.40 VND, reached a high of 3.40 VND, a low of 3.40 VND, and closed the hour at 3.40 VND with a trading volume of 1,000 shares."
2025-09-25 14:00:00,3.5,3.5,3.5,3.5,100,VE1,"At 2025-09-25 14:00:00, the stock VE1 opened at 3.50 VND, reached a high of 3.50 VND, a low of 3.50 VND, and closed the hour at 3.50 VND with a trading volume of 100 shares."
2025-09-26 09:00:00,3.5,3.5,3.5,3.5,200,VE1,"At 2025-09-26 09:00:00, the stock VE1 opened at 3.50 VND, reached a high of 3.50 VND, a low of 3.50 VND, and closed the hour at 3.50 VND with a trading volume of 200 shares."
2025-09-26 10:00:00,3.5,3.5,3.5,3.5,500,VE1,"At 2025-09-26 10:00:00, the stock VE1 opened at 3.50 VND, reached a high of 3.50 VND, a low of 3.50 VND, and closed the hour at 3.50 VND with a trading volume of 500 shares."
2025-09-26 11:00:00,3.4,3.4,3.4,3.4,400,VE1,"At 2025-09-26 11:00:00, the stock VE1 opened at 3.40 VND, reached a high of 3.40 VND, a low of 3.40 VND, and closed the hour at 3.40 VND with a trading volume of 400 shares."
2025-09-26 13:00:00,3.4,3.4,3.4,3.4,100,VE1,"At 2025-09-26 13:00:00, the stock VE1 opened at 3.40 VND, reached a high of 3.40 VND, a low of 3.40 VND, and closed the hour at 3.40 VND with a trading volume of 100 shares."
2025-09-26 14:00:00,3.5,3.5,3.5,3.5,100,VE1,"At 2025-09-26 14:00:00, the stock VE1 opened at 3.50 VND, reached a high of 3.50 VND, a low of 3.50 VND, and closed the hour at 3.50 VND with a trading volume of 100 shares."
2025-09-30 10:00:00,3.5,3.5,3.5,3.5,100,VE1,"At 2025-09-30 10:00:00, the stock VE1 opened at 3.50 VND, reached a high of 3.50 VND, a low of 3.50 VND, and closed the hour at 3.50 VND with a trading volume of 100 shares."
2025-09-30 13:00:00,3.5,3.5,3.5,3.5,100,VE1,"At 2025-09-30 13:00:00, the stock VE1 opened at 3.50 VND, reached a high of 3.50 VND, a low of 3.50 VND, and closed the hour at 3.50 VND with a trading volume of 100 shares."
2025-10-01 14:00:00,3.5,3.5,3.5,3.5,100,VE1,"At 2025-10-01 14:00:00, the stock VE1 opened at 3.50 VND, reached a high of 3.50 VND, a low of 3.50 VND, and closed the hour at 3.50 VND with a trading volume of 100 shares."
2025-10-02 09:00:00,3.5,3.5,3.5,3.5,1100,VE1,"At 2025-10-02 09:00:00, the stock VE1 opened at 3.50 VND, reached a high of 3.50 VND, a low of 3.50 VND, and closed the hour at 3.50 VND with a trading volume of 1,100 shares."
2025-10-03 09:00:00,3.4,3.4,3.4,3.4,10200,VE1,"At 2025-10-03 09:00:00, the stock VE1 opened at 3.40 VND, reached a high of 3.40 VND, a low of 3.40 VND, and closed the hour at 3.40 VND with a trading volume of 10,200 shares."
2025-10-03 13:00:00,3.4,3.4,3.4,3.4,16000,VE1,"At 2025-10-03 13:00:00, the stock VE1 opened at 3.40 VND, reached a high of 3.40 VND, a low of 3.40 VND, and closed the hour at 3.40 VND with a trading volume of 16,000 shares."
2025-10-03 14:00:00,3.4,3.5,3.4,3.5,37400,VE1,"At 2025-10-03 14:00:00, the stock VE1 opened at 3.40 VND, reached a high of 3.50 VND, a low of 3.40 VND, and closed the hour at 3.50 VND with a trading volume of 37,400 shares."
2025-10-06 13:00:00,3.5,3.5,3.5,3.5,500,VE1,"At 2025-10-06 13:00:00, the stock VE1 opened at 3.50 VND, reached a high of 3.50 VND, a low of 3.50 VND, and closed the hour at 3.50 VND with a trading volume of 500 shares."
2025-10-06 14:00:00,3.4,3.4,3.4,3.4,5000,VE1,"At 2025-10-06 14:00:00, the stock VE1 opened at 3.40 VND, reached a high of 3.40 VND, a low of 3.40 VND, and closed the hour at 3.40 VND with a trading volume of 5,000 shares."
2025-10-07 10:00:00,3.4,3.4,3.4,3.4,1100,VE1,"At 2025-10-07 10:00:00, the stock VE1 opened at 3.40 VND, reached a high of 3.40 VND, a low of 3.40 VND, and closed the hour at 3.40 VND with a trading volume of 1,100 shares."
2025-10-07 14:00:00,3.5,3.5,3.5,3.5,100,VE1,"At 2025-10-07 14:00:00, the stock VE1 opened at 3.50 VND, reached a high of 3.50 VND, a low of 3.50 VND, and closed the hour at 3.50 VND with a trading volume of 100 shares."
2025-10-08 09:00:00,3.4,3.4,3.4,3.4,10000,VE1,"At 2025-10-08 09:00:00, the stock VE1 opened at 3.40 VND, reached a high of 3.40 VND, a low of 3.40 VND, and closed the hour at 3.40 VND with a trading volume of 10,000 shares."
2025-10-08 14:00:00,3.5,3.5,3.5,3.5,100,VE1,"At 2025-10-08 14:00:00, the stock VE1 opened at 3.50 VND, reached a high of 3.50 VND, a low of 3.50 VND, and closed the hour at 3.50 VND with a trading volume of 100 shares."
2025-10-09 09:00:00,3.4,3.4,3.4,3.4,1000,VE1,"At 2025-10-09 09:00:00, the stock VE1 opened at 3.40 VND, reached a high of 3.40 VND, a low of 3.40 VND, and closed the hour at 3.40 VND with a trading volume of 1,000 shares."
2025-10-09 14:00:00,3.5,3.5,3.5,3.5,100,VE1,"At 2025-10-09 14:00:00, the stock VE1 opened at 3.50 VND, reached a high of 3.50 VND, a low of 3.50 VND, and closed the hour at 3.50 VND with a trading volume of 100 shares."
2025-10-10 09:00:00,3.4,3.5,3.4,3.5,1100,VE1,"At 2025-10-10 09:00:00, the stock VE1 opened at 3.40 VND, reached a high of 3.50 VND, a low of 3.40 VND, and closed the hour at 3.50 VND with a trading volume of 1,100 shares."
2025-10-10 14:00:00,3.5,3.5,3.5,3.5,100,VE1,"At 2025-10-10 14:00:00, the stock VE1 opened at 3.50 VND, reached a high of 3.50 VND, a low of 3.50 VND, and closed the hour at 3.50 VND with a trading volume of 100 shares."
2025-10-13 09:00:00,3.4,3.4,3.4,3.4,2000,VE1,"At 2025-10-13 09:00:00, the stock VE1 opened at 3.40 VND, reached a high of 3.40 VND, a low of 3.40 VND, and closed the hour at 3.40 VND with a trading volume of 2,000 shares."
2025-10-13 14:00:00,3.4,3.4,3.4,3.4,100,VE1,"At 2025-10-13 14:00:00, the stock VE1 opened at 3.40 VND, reached a high of 3.40 VND, a low of 3.40 VND, and closed the hour at 3.40 VND with a trading volume of 100 shares."
2025-10-14 10:00:00,3.4,3.4,3.4,3.4,3700,VE1,"At 2025-10-14 10:00:00, the stock VE1 opened at 3.40 VND, reached a high of 3.40 VND, a low of 3.40 VND, and closed the hour at 3.40 VND with a trading volume of 3,700 shares."
2025-10-14 11:00:00,3.4,3.4,3.4,3.4,1800,VE1,"At 2025-10-14 11:00:00, the stock VE1 opened at 3.40 VND, reached a high of 3.40 VND, a low of 3.40 VND, and closed the hour at 3.40 VND with a trading volume of 1,800 shares."
2025-10-14 13:00:00,3.4,3.4,3.4,3.4,900,VE1,"At 2025-10-14 13:00:00, the stock VE1 opened at 3.40 VND, reached a high of 3.40 VND, a low of 3.40 VND, and closed the hour at 3.40 VND with a trading volume of 900 shares."
2025-10-14 14:00:00,3.4,3.4,3.4,3.4,400,VE1,"At 2025-10-14 14:00:00, the stock VE1 opened at 3.40 VND, reached a high of 3.40 VND, a low of 3.40 VND, and closed the hour at 3.40 VND with a trading volume of 400 shares."
2025-10-15 09:00:00,3.5,3.5,3.5,3.5,100,VE1,"At 2025-10-15 09:00:00, the stock VE1 opened at 3.50 VND, reached a high of 3.50 VND, a low of 3.50 VND, and closed the hour at 3.50 VND with a trading volume of 100 shares."
2025-10-15 10:00:00,3.5,3.5,3.5,3.5,300,VE1,"At 2025-10-15 10:00:00, the stock VE1 opened at 3.50 VND, reached a high of 3.50 VND, a low of 3.50 VND, and closed the hour at 3.50 VND with a trading volume of 300 shares."
2025-10-15 14:00:00,3.3,3.3,3.3,3.3,200,VE1,"At 2025-10-15 14:00:00, the stock VE1 opened at 3.30 VND, reached a high of 3.30 VND, a low of 3.30 VND, and closed the hour at 3.30 VND with a trading volume of 200 shares."
2025-10-16 09:00:00,3.4,3.6,3.4,3.6,25600,VE1,"At 2025-10-16 09:00:00, the stock VE1 opened at 3.40 VND, reached a high of 3.60 VND, a low of 3.40 VND, and closed the hour at 3.60 VND with a trading volume of 25,600 shares."
2025-10-16 10:00:00,3.6,3.6,3.6,3.6,3500,VE1,"At 2025-10-16 10:00:00, the stock VE1 opened at 3.60 VND, reached a high of 3.60 VND, a low of 3.60 VND, and closed the hour at 3.60 VND with a trading volume of 3,500 shares."
2025-10-16 11:00:00,3.6,3.6,3.6,3.6,10500,VE1,"At 2025-10-16 11:00:00, the stock VE1 opened at 3.60 VND, reached a high of 3.60 VND, a low of 3.60 VND, and closed the hour at 3.60 VND with a trading volume of 10,500 shares."
2025-10-16 13:00:00,3.6,3.6,3.6,3.6,14600,VE1,"At 2025-10-16 13:00:00, the stock VE1 opened at 3.60 VND, reached a high of 3.60 VND, a low of 3.60 VND, and closed the hour at 3.60 VND with a trading volume of 14,600 shares."
2025-10-16 14:00:00,3.6,3.6,3.6,3.6,12900,VE1,"At 2025-10-16 14:00:00, the stock VE1 opened at 3.60 VND, reached a high of 3.60 VND, a low of 3.60 VND, and closed the hour at 3.60 VND with a trading volume of 12,900 shares."
2025-10-17 09:00:00,3.6,3.6,3.5,3.5,3700,VE1,"At 2025-10-17 09:00:00, the stock VE1 opened at 3.60 VND, reached a high of 3.60 VND, a low of 3.50 VND, and closed the hour at 3.50 VND with a trading volume of 3,700 shares."
2025-10-17 13:00:00,3.4,3.5,3.4,3.5,9300,VE1,"At 2025-10-17 13:00:00, the stock VE1 opened at 3.40 VND, reached a high of 3.50 VND, a low of 3.40 VND, and closed the hour at 3.50 VND with a trading volume of 9,300 shares."
2025-10-17 14:00:00,3.5,3.6,3.5,3.6,1700,VE1,"At 2025-10-17 14:00:00, the stock VE1 opened at 3.50 VND, reached a high of 3.60 VND, a low of 3.50 VND, and closed the hour at 3.60 VND with a trading volume of 1,700 shares."
2025-10-20 09:00:00,3.5,3.5,3.4,3.4,16600,VE1,"At 2025-10-20 09:00:00, the stock VE1 opened at 3.50 VND, reached a high of 3.50 VND, a low of 3.40 VND, and closed the hour at 3.40 VND with a trading volume of 16,600 shares."
2025-10-20 10:00:00,3.4,3.4,3.4,3.4,200,VE1,"At 2025-10-20 10:00:00, the stock VE1 opened at 3.40 VND, reached a high of 3.40 VND, a low of 3.40 VND, and closed the hour at 3.40 VND with a trading volume of 200 shares."
2025-10-20 11:00:00,3.4,3.4,3.4,3.4,200,VE1,"At 2025-10-20 11:00:00, the stock VE1 opened at 3.40 VND, reached a high of 3.40 VND, a low of 3.40 VND, and closed the hour at 3.40 VND with a trading volume of 200 shares."
2025-10-20 13:00:00,3.3,3.3,3.3,3.3,7400,VE1,"At 2025-10-20 13:00:00, the stock VE1 opened at 3.30 VND, reached a high of 3.30 VND, a low of 3.30 VND, and closed the hour at 3.30 VND with a trading volume of 7,400 shares."
2025-10-20 14:00:00,3.3,3.4,3.3,3.4,700,VE1,"At 2025-10-20 14:00:00, the stock VE1 opened at 3.30 VND, reached a high of 3.40 VND, a low of 3.30 VND, and closed the hour at 3.40 VND with a trading volume of 700 shares."
2025-10-21 09:00:00,3.3,3.3,3.3,3.3,4700,VE1,"At 2025-10-21 09:00:00, the stock VE1 opened at 3.30 VND, reached a high of 3.30 VND, a low of 3.30 VND, and closed the hour at 3.30 VND with a trading volume of 4,700 shares."
2025-10-21 10:00:00,3.4,3.4,3.4,3.4,8000,VE1,"At 2025-10-21 10:00:00, the stock VE1 opened at 3.40 VND, reached a high of 3.40 VND, a low of 3.40 VND, and closed the hour at 3.40 VND with a trading volume of 8,000 shares."
2025-10-21 13:00:00,3.3,3.3,3.3,3.3,1000,VE1,"At 2025-10-21 13:00:00, the stock VE1 opened at 3.30 VND, reached a high of 3.30 VND, a low of 3.30 VND, and closed the hour at 3.30 VND with a trading volume of 1,000 shares."
2025-10-21 14:00:00,3.3,3.3,3.3,3.3,2200,VE1,"At 2025-10-21 14:00:00, the stock VE1 opened at 3.30 VND, reached a high of 3.30 VND, a low of 3.30 VND, and closed the hour at 3.30 VND with a trading volume of 2,200 shares."
2025-10-22 09:00:00,3.4,3.4,3.4,3.4,1100,VE1,"At 2025-10-22 09:00:00, the stock VE1 opened at 3.40 VND, reached a high of 3.40 VND, a low of 3.40 VND, and closed the hour at 3.40 VND with a trading volume of 1,100 shares."
2025-10-22 13:00:00,3.4,3.4,3.4,3.4,200,VE1,"At 2025-10-22 13:00:00, the stock VE1 opened at 3.40 VND, reached a high of 3.40 VND, a low of 3.40 VND, and closed the hour at 3.40 VND with a trading volume of 200 shares."
2025-10-23 13:00:00,3.4,3.4,3.4,3.4,100,VE1,"At 2025-10-23 13:00:00, the stock VE1 opened at 3.40 VND, reached a high of 3.40 VND, a low of 3.40 VND, and closed the hour at 3.40 VND with a trading volume of 100 shares."
2025-10-23 14:00:00,3.4,3.4,3.3,3.3,600,VE1,"At 2025-10-23 14:00:00, the stock VE1 opened at 3.40 VND, reached a high of 3.40 VND, a low of 3.30 VND, and closed the hour at 3.30 VND with a trading volume of 600 shares."
2025-10-24 10:00:00,3.4,3.4,3.3,3.3,300,VE1,"At 2025-10-24 10:00:00, the stock VE1 opened at 3.40 VND, reached a high of 3.40 VND, a low of 3.30 VND, and closed the hour at 3.30 VND with a trading volume of 300 shares."
2025-10-24 11:00:00,3.3,3.3,3.3,3.3,500,VE1,"At 2025-10-24 11:00:00, the stock VE1 opened at 3.30 VND, reached a high of 3.30 VND, a low of 3.30 VND, and closed the hour at 3.30 VND with a trading volume of 500 shares."
2025-10-27 09:00:00,3.3,3.3,3.3,3.3,5300,VE1,"At 2025-10-27 09:00:00, the stock VE1 opened at 3.30 VND, reached a high of 3.30 VND, a low of 3.30 VND, and closed the hour at 3.30 VND with a trading volume of 5,300 shares."
2025-10-27 10:00:00,3.3,3.3,3.3,3.3,3200,VE1,"At 2025-10-27 10:00:00, the stock VE1 opened at 3.30 VND, reached a high of 3.30 VND, a low of 3.30 VND, and closed the hour at 3.30 VND with a trading volume of 3,200 shares."
2025-10-27 13:00:00,3.3,3.3,3.3,3.3,100,VE1,"At 2025-10-27 13:00:00, the stock VE1 opened at 3.30 VND, reached a high of 3.30 VND, a low of 3.30 VND, and closed the hour at 3.30 VND with a trading volume of 100 shares."
2025-10-27 14:00:00,3.4,3.4,3.3,3.3,2100,VE1,"At 2025-10-27 14:00:00, the stock VE1 opened at 3.40 VND, reached a high of 3.40 VND, a low of 3.30 VND, and closed the hour at 3.30 VND with a trading volume of 2,100 shares."
2025-10-28 13:00:00,3.4,3.4,3.4,3.4,100,VE1,"At 2025-10-28 13:00:00, the stock VE1 opened at 3.40 VND, reached a high of 3.40 VND, a low of 3.40 VND, and closed the hour at 3.40 VND with a trading volume of 100 shares."
2025-10-29 09:00:00,3.4,3.4,3.4,3.4,500,VE1,"At 2025-10-29 09:00:00, the stock VE1 opened at 3.40 VND, reached a high of 3.40 VND, a low of 3.40 VND, and closed the hour at 3.40 VND with a trading volume of 500 shares."
2025-10-29 10:00:00,3.4,3.4,3.4,3.4,500,VE1,"At 2025-10-29 10:00:00, the stock VE1 opened at 3.40 VND, reached a high of 3.40 VND, a low of 3.40 VND, and closed the hour at 3.40 VND with a trading volume of 500 shares."
2025-10-29 13:00:00,3.3,3.4,3.3,3.4,2600,VE1,"At 2025-10-29 13:00:00, the stock VE1 opened at 3.30 VND, reached a high of 3.40 VND, a low of 3.30 VND, and closed the hour at 3.40 VND with a trading volume of 2,600 shares."
2025-10-29 14:00:00,3.3,3.4,3.3,3.3,600,VE1,"At 2025-10-29 14:00:00, the stock VE1 opened at 3.30 VND, reached a high of 3.40 VND, a low of 3.30 VND, and closed the hour at 3.30 VND with a trading volume of 600 shares."
2025-10-31 14:00:00,3.3,3.3,3.3,3.3,500,VE1,"At 2025-10-31 14:00:00, the stock VE1 opened at 3.30 VND, reached a high of 3.30 VND, a low of 3.30 VND, and closed the hour at 3.30 VND with a trading volume of 500 shares."
2025-11-06 11:00:00,3.3,3.3,3.3,3.3,1900,VE1,"At 2025-11-06 11:00:00, the stock VE1 opened at 3.30 VND, reached a high of 3.30 VND, a low of 3.30 VND, and closed the hour at 3.30 VND with a trading volume of 1,900 shares."
2025-11-07 13:00:00,3.3,3.3,3.3,3.3,5000,VE1,"At 2025-11-07 13:00:00, the stock VE1 opened at 3.30 VND, reached a high of 3.30 VND, a low of 3.30 VND, and closed the hour at 3.30 VND with a trading volume of 5,000 shares."
2025-11-07 14:00:00,3.3,3.3,3.3,3.3,1200,VE1,"At 2025-11-07 14:00:00, the stock VE1 opened at 3.30 VND, reached a high of 3.30 VND, a low of 3.30 VND, and closed the hour at 3.30 VND with a trading volume of 1,200 shares."
2025-11-10 13:00:00,3.3,3.3,3.3,3.3,3300,VE1,"At 2025-11-10 13:00:00, the stock VE1 opened at 3.30 VND, reached a high of 3.30 VND, a low of 3.30 VND, and closed the hour at 3.30 VND with a trading volume of 3,300 shares."
2025-11-11 10:00:00,3.4,3.4,3.4,3.4,4000,VE1,"At 2025-11-11 10:00:00, the stock VE1 opened at 3.40 VND, reached a high of 3.40 VND, a low of 3.40 VND, and closed the hour at 3.40 VND with a trading volume of 4,000 shares."
2025-11-11 13:00:00,3.3,3.3,3.3,3.3,1000,VE1,"At 2025-11-11 13:00:00, the stock VE1 opened at 3.30 VND, reached a high of 3.30 VND, a low of 3.30 VND, and closed the hour at 3.30 VND with a trading volume of 1,000 shares."
2025-11-11 14:00:00,3.4,3.4,3.4,3.4,100,VE1,"At 2025-11-11 14:00:00, the stock VE1 opened at 3.40 VND, reached a high of 3.40 VND, a low of 3.40 VND, and closed the hour at 3.40 VND with a trading volume of 100 shares."
2025-11-12 14:00:00,3.4,3.4,3.4,3.4,3500,VE1,"At 2025-11-12 14:00:00, the stock VE1 opened at 3.40 VND, reached a high of 3.40 VND, a low of 3.40 VND, and closed the hour at 3.40 VND with a trading volume of 3,500 shares."
2025-11-13 13:00:00,3.3,3.3,3.3,3.3,100,VE1,"At 2025-11-13 13:00:00, the stock VE1 opened at 3.30 VND, reached a high of 3.30 VND, a low of 3.30 VND, and closed the hour at 3.30 VND with a trading volume of 100 shares."
2025-11-13 14:00:00,3.3,3.3,3.3,3.3,9200,VE1,"At 2025-11-13 14:00:00, the stock VE1 opened at 3.30 VND, reached a high of 3.30 VND, a low of 3.30 VND, and closed the hour at 3.30 VND with a trading volume of 9,200 shares."
2025-11-14 09:00:00,3.4,3.4,3.4,3.4,1000,VE1,"At 2025-11-14 09:00:00, the stock VE1 opened at 3.40 VND, reached a high of 3.40 VND, a low of 3.40 VND, and closed the hour at 3.40 VND with a trading volume of 1,000 shares."
2025-11-17 11:00:00,3.4,3.4,3.4,3.4,1700,VE1,"At 2025-11-17 11:00:00, the stock VE1 opened at 3.40 VND, reached a high of 3.40 VND, a low of 3.40 VND, and closed the hour at 3.40 VND with a trading volume of 1,700 shares."
2025-11-17 13:00:00,3.4,3.4,3.3,3.3,500,VE1,"At 2025-11-17 13:00:00, the stock VE1 opened at 3.40 VND, reached a high of 3.40 VND, a low of 3.30 VND, and closed the hour at 3.30 VND with a trading volume of 500 shares."
2025-11-18 09:00:00,3.4,3.4,3.4,3.4,200,VE1,"At 2025-11-18 09:00:00, the stock VE1 opened at 3.40 VND, reached a high of 3.40 VND, a low of 3.40 VND, and closed the hour at 3.40 VND with a trading volume of 200 shares."
2025-11-20 11:00:00,3.3,3.4,3.3,3.4,2300,VE1,"At 2025-11-20 11:00:00, the stock VE1 opened at 3.30 VND, reached a high of 3.40 VND, a low of 3.30 VND, and closed the hour at 3.40 VND with a trading volume of 2,300 shares."
2025-11-21 09:00:00,3.4,3.4,3.4,3.4,2000,VE1,"At 2025-11-21 09:00:00, the stock VE1 opened at 3.40 VND, reached a high of 3.40 VND, a low of 3.40 VND, and closed the hour at 3.40 VND with a trading volume of 2,000 shares."
2025-11-21 13:00:00,3.4,3.4,3.4,3.4,100,VE1,"At 2025-11-21 13:00:00, the stock VE1 opened at 3.40 VND, reached a high of 3.40 VND, a low of 3.40 VND, and closed the hour at 3.40 VND with a trading volume of 100 shares."
2025-11-24 09:00:00,3.4,3.4,3.4,3.4,400,VE1,"At 2025-11-24 09:00:00, the stock VE1 opened at 3.40 VND, reached a high of 3.40 VND, a low of 3.40 VND, and closed the hour at 3.40 VND with a trading volume of 400 shares."
2025-11-26 09:00:00,3.4,3.4,3.4,3.4,100,VE1,"At 2025-11-26 09:00:00, the stock VE1 opened at 3.40 VND, reached a high of 3.40 VND, a low of 3.40 VND, and closed the hour at 3.40 VND with a trading volume of 100 shares."
2025-11-26 10:00:00,3.3,3.3,3.3,3.3,1000,VE1,"At 2025-11-26 10:00:00, the stock VE1 opened at 3.30 VND, reached a high of 3.30 VND, a low of 3.30 VND, and closed the hour at 3.30 VND with a trading volume of 1,000 shares."
2025-11-26 11:00:00,3.3,3.3,3.3,3.3,300,VE1,"At 2025-11-26 11:00:00, the stock VE1 opened at 3.30 VND, reached a high of 3.30 VND, a low of 3.30 VND, and closed the hour at 3.30 VND with a trading volume of 300 shares."
2025-11-26 13:00:00,3.3,3.3,3.3,3.3,500,VE1,"At 2025-11-26 13:00:00, the stock VE1 opened at 3.30 VND, reached a high of 3.30 VND, a low of 3.30 VND, and closed the hour at 3.30 VND with a trading volume of 500 shares."
2025-11-26 14:00:00,3.3,3.4,3.3,3.4,2000,VE1,"At 2025-11-26 14:00:00, the stock VE1 opened at 3.30 VND, reached a high of 3.40 VND, a low of 3.30 VND, and closed the hour at 3.40 VND with a trading volume of 2,000 shares."
2025-11-27 09:00:00,3.4,3.4,3.4,3.4,300,VE1,"At 2025-11-27 09:00:00, the stock VE1 opened at 3.40 VND, reached a high of 3.40 VND, a low of 3.40 VND, and closed the hour at 3.40 VND with a trading volume of 300 shares."
2025-11-27 10:00:00,3.4,3.4,3.4,3.4,100,VE1,"At 2025-11-27 10:00:00, the stock VE1 opened at 3.40 VND, reached a high of 3.40 VND, a low of 3.40 VND, and closed the hour at 3.40 VND with a trading volume of 100 shares."
2025-11-27 14:00:00,3.3,3.3,3.3,3.3,1000,VE1,"At 2025-11-27 14:00:00, the stock VE1 opened at 3.30 VND, reached a high of 3.30 VND, a low of 3.30 VND, and closed the hour at 3.30 VND with a trading volume of 1,000 shares."
2025-11-28 09:00:00,3.3,3.3,3.3,3.3,1500,VE1,"At 2025-11-28 09:00:00, the stock VE1 opened at 3.30 VND, reached a high of 3.30 VND, a low of 3.30 VND, and closed the hour at 3.30 VND with a trading volume of 1,500 shares."
2025-11-28 10:00:00,3.3,3.3,3.3,3.3,11000,VE1,"At 2025-11-28 10:00:00, the stock VE1 opened at 3.30 VND, reached a high of 3.30 VND, a low of 3.30 VND, and closed the hour at 3.30 VND with a trading volume of 11,000 shares."
2025-12-01 09:00:00,3.3,3.3,3.3,3.3,2000,VE1,"At 2025-12-01 09:00:00, the stock VE1 opened at 3.30 VND, reached a high of 3.30 VND, a low of 3.30 VND, and closed the hour at 3.30 VND with a trading volume of 2,000 shares."
2025-12-01 10:00:00,3.3,3.3,3.3,3.3,5300,VE1,"At 2025-12-01 10:00:00, the stock VE1 opened at 3.30 VND, reached a high of 3.30 VND, a low of 3.30 VND, and closed the hour at 3.30 VND with a trading volume of 5,300 shares."
2025-12-01 14:00:00,3.3,3.3,3.3,3.3,2700,VE1,"At 2025-12-01 14:00:00, the stock VE1 opened at 3.30 VND, reached a high of 3.30 VND, a low of 3.30 VND, and closed the hour at 3.30 VND with a trading volume of 2,700 shares."
2025-12-02 09:00:00,3.3,3.3,3.3,3.3,100,VE1,"At 2025-12-02 09:00:00, the stock VE1 opened at 3.30 VND, reached a high of 3.30 VND, a low of 3.30 VND, and closed the hour at 3.30 VND with a trading volume of 100 shares."
2025-12-03 13:00:00,3.4,3.4,3.4,3.4,3000,VE1,"At 2025-12-03 13:00:00, the stock VE1 opened at 3.40 VND, reached a high of 3.40 VND, a low of 3.40 VND, and closed the hour at 3.40 VND with a trading volume of 3,000 shares."
2025-12-03 14:00:00,3.4,3.4,3.4,3.4,100,VE1,"At 2025-12-03 14:00:00, the stock VE1 opened at 3.40 VND, reached a high of 3.40 VND, a low of 3.40 VND, and closed the hour at 3.40 VND with a trading volume of 100 shares."
2025-12-04 14:00:00,3.3,3.3,3.3,3.3,1000,VE1,"At 2025-12-04 14:00:00, the stock VE1 opened at 3.30 VND, reached a high of 3.30 VND, a low of 3.30 VND, and closed the hour at 3.30 VND with a trading volume of 1,000 shares."
2025-12-11 09:00:00,3.4,3.4,3.4,3.4,3100,VE1,"At 2025-12-11 09:00:00, the stock VE1 opened at 3.40 VND, reached a high of 3.40 VND, a low of 3.40 VND, and closed the hour at 3.40 VND with a trading volume of 3,100 shares."
2025-12-11 13:00:00,3.4,3.4,3.4,3.4,400,VE1,"At 2025-12-11 13:00:00, the stock VE1 opened at 3.40 VND, reached a high of 3.40 VND, a low of 3.40 VND, and closed the hour at 3.40 VND with a trading volume of 400 shares."
2025-12-12 11:00:00,3.4,3.4,3.4,3.4,100,VE1,"At 2025-12-12 11:00:00, the stock VE1 opened at 3.40 VND, reached a high of 3.40 VND, a low of 3.40 VND, and closed the hour at 3.40 VND with a trading volume of 100 shares."
2025-12-16 09:00:00,3.4,3.4,3.4,3.4,200,VE1,"At 2025-12-16 09:00:00, the stock VE1 opened at 3.40 VND, reached a high of 3.40 VND, a low of 3.40 VND, and closed the hour at 3.40 VND with a trading volume of 200 shares."
2025-12-16 14:00:00,3.4,3.4,3.4,3.4,500,VE1,"At 2025-12-16 14:00:00, the stock VE1 opened at 3.40 VND, reached a high of 3.40 VND, a low of 3.40 VND, and closed the hour at 3.40 VND with a trading volume of 500 shares."
2025-12-18 10:00:00,3.5,3.5,3.5,3.5,5100,VE1,"At 2025-12-18 10:00:00, the stock VE1 opened at 3.50 VND, reached a high of 3.50 VND, a low of 3.50 VND, and closed the hour at 3.50 VND with a trading volume of 5,100 shares."
2025-12-18 13:00:00,3.4,3.5,3.4,3.5,8800,VE1,"At 2025-12-18 13:00:00, the stock VE1 opened at 3.40 VND, reached a high of 3.50 VND, a low of 3.40 VND, and closed the hour at 3.50 VND with a trading volume of 8,800 shares."
2025-12-18 14:00:00,3.4,3.4,3.4,3.4,2200,VE1,"At 2025-12-18 14:00:00, the stock VE1 opened at 3.40 VND, reached a high of 3.40 VND, a low of 3.40 VND, and closed the hour at 3.40 VND with a trading volume of 2,200 shares."
2025-12-22 09:00:00,3.4,3.4,3.4,3.4,2200,VE1,"At 2025-12-22 09:00:00, the stock VE1 opened at 3.40 VND, reached a high of 3.40 VND, a low of 3.40 VND, and closed the hour at 3.40 VND with a trading volume of 2,200 shares."
2025-12-22 13:00:00,3.3,3.3,3.3,3.3,2500,VE1,"At 2025-12-22 13:00:00, the stock VE1 opened at 3.30 VND, reached a high of 3.30 VND, a low of 3.30 VND, and closed the hour at 3.30 VND with a trading volume of 2,500 shares."
2025-12-23 09:00:00,3.4,3.4,3.4,3.4,2000,VE1,"At 2025-12-23 09:00:00, the stock VE1 opened at 3.40 VND, reached a high of 3.40 VND, a low of 3.40 VND, and closed the hour at 3.40 VND with a trading volume of 2,000 shares."
2025-12-23 11:00:00,3.4,3.4,3.4,3.4,300,VE1,"At 2025-12-23 11:00:00, the stock VE1 opened at 3.40 VND, reached a high of 3.40 VND, a low of 3.40 VND, and closed the hour at 3.40 VND with a trading volume of 300 shares."
2025-12-25 11:00:00,3.3,3.3,3.3,3.3,8600,VE1,"At 2025-12-25 11:00:00, the stock VE1 opened at 3.30 VND, reached a high of 3.30 VND, a low of 3.30 VND, and closed the hour at 3.30 VND with a trading volume of 8,600 shares."
2025-12-26 09:00:00,3.4,3.4,3.4,3.4,100,VE1,"At 2025-12-26 09:00:00, the stock VE1 opened at 3.40 VND, reached a high of 3.40 VND, a low of 3.40 VND, and closed the hour at 3.40 VND with a trading volume of 100 shares."
2025-12-29 09:00:00,3.4,3.4,3.4,3.4,100,VE1,"At 2025-12-29 09:00:00, the stock VE1 opened at 3.40 VND, reached a high of 3.40 VND, a low of 3.40 VND, and closed the hour at 3.40 VND with a trading volume of 100 shares."
2025-12-30 09:00:00,3.4,3.4,3.4,3.4,100,VE1,"At 2025-12-30 09:00:00, the stock VE1 opened at 3.40 VND, reached a high of 3.40 VND, a low of 3.40 VND, and closed the hour at 3.40 VND with a trading volume of 100 shares."
2025-12-30 11:00:00,3.4,3.4,3.4,3.4,10000,VE1,"At 2025-12-30 11:00:00, the stock VE1 opened at 3.40 VND, reached a high of 3.40 VND, a low of 3.40 VND, and closed the hour at 3.40 VND with a trading volume of 10,000 shares."
2026-01-07 14:00:00,3.3,3.3,3.3,3.3,2000,VE1,"At 2026-01-07 14:00:00, the stock VE1 opened at 3.30 VND, reached a high of 3.30 VND, a low of 3.30 VND, and closed the hour at 3.30 VND with a trading volume of 2,000 shares."
2026-01-08 09:00:00,3.3,3.3,3.3,3.3,300,VE1,"At 2026-01-08 09:00:00, the stock VE1 opened at 3.30 VND, reached a high of 3.30 VND, a low of 3.30 VND, and closed the hour at 3.30 VND with a trading volume of 300 shares."
2026-01-08 10:00:00,3.3,3.3,3.3,3.3,1000,VE1,"At 2026-01-08 10:00:00, the stock VE1 opened at 3.30 VND, reached a high of 3.30 VND, a low of 3.30 VND, and closed the hour at 3.30 VND with a trading volume of 1,000 shares."
2026-01-08 13:00:00,3.3,3.3,3.3,3.3,10000,VE1,"At 2026-01-08 13:00:00, the stock VE1 opened at 3.30 VND, reached a high of 3.30 VND, a low of 3.30 VND, and closed the hour at 3.30 VND with a trading volume of 10,000 shares."
2026-01-09 14:00:00,3.3,3.3,3.3,3.3,1100,VE1,"At 2026-01-09 14:00:00, the stock VE1 opened at 3.30 VND, reached a high of 3.30 VND, a low of 3.30 VND, and closed the hour at 3.30 VND with a trading volume of 1,100 shares."
2026-01-13 14:00:00,3.4,3.4,3.4,3.4,3000,VE1,"At 2026-01-13 14:00:00, the stock VE1 opened at 3.40 VND, reached a high of 3.40 VND, a low of 3.40 VND, and closed the hour at 3.40 VND with a trading volume of 3,000 shares."
2026-01-14 13:00:00,3.4,3.4,3.4,3.4,4900,VE1,"At 2026-01-14 13:00:00, the stock VE1 opened at 3.40 VND, reached a high of 3.40 VND, a low of 3.40 VND, and closed the hour at 3.40 VND with a trading volume of 4,900 shares."
2026-01-15 09:00:00,3.4,3.4,3.3,3.3,1000,VE1,"At 2026-01-15 09:00:00, the stock VE1 opened at 3.40 VND, reached a high of 3.40 VND, a low of 3.30 VND, and closed the hour at 3.30 VND with a trading volume of 1,000 shares."
2026-01-15 10:00:00,3.3,3.3,3.3,3.3,2800,VE1,"At 2026-01-15 10:00:00, the stock VE1 opened at 3.30 VND, reached a high of 3.30 VND, a low of 3.30 VND, and closed the hour at 3.30 VND with a trading volume of 2,800 shares."
2026-01-16 11:00:00,3.4,3.4,3.4,3.4,100,VE1,"At 2026-01-16 11:00:00, the stock VE1 opened at 3.40 VND, reached a high of 3.40 VND, a low of 3.40 VND, and closed the hour at 3.40 VND with a trading volume of 100 shares."
2026-01-19 09:00:00,3.4,3.4,3.4,3.4,11500,VE1,"At 2026-01-19 09:00:00, the stock VE1 opened at 3.40 VND, reached a high of 3.40 VND, a low of 3.40 VND, and closed the hour at 3.40 VND with a trading volume of 11,500 shares."
2026-01-19 10:00:00,3.4,3.4,3.4,3.4,5800,VE1,"At 2026-01-19 10:00:00, the stock VE1 opened at 3.40 VND, reached a high of 3.40 VND, a low of 3.40 VND, and closed the hour at 3.40 VND with a trading volume of 5,800 shares."
2026-01-20 09:00:00,3.5,3.5,3.4,3.4,9100,VE1,"At 2026-01-20 09:00:00, the stock VE1 opened at 3.50 VND, reached a high of 3.50 VND, a low of 3.40 VND, and closed the hour at 3.40 VND with a trading volume of 9,100 shares."
2026-01-21 11:00:00,3.3,3.3,3.3,3.3,500,VE1,"At 2026-01-21 11:00:00, the stock VE1 opened at 3.30 VND, reached a high of 3.30 VND, a low of 3.30 VND, and closed the hour at 3.30 VND with a trading volume of 500 shares."
2026-01-21 13:00:00,3.3,3.3,3.3,3.3,10000,VE1,"At 2026-01-21 13:00:00, the stock VE1 opened at 3.30 VND, reached a high of 3.30 VND, a low of 3.30 VND, and closed the hour at 3.30 VND with a trading volume of 10,000 shares."
2026-01-21 14:00:00,3.3,3.3,3.3,3.3,2600,VE1,"At 2026-01-21 14:00:00, the stock VE1 opened at 3.30 VND, reached a high of 3.30 VND, a low of 3.30 VND, and closed the hour at 3.30 VND with a trading volume of 2,600 shares."
2026-01-22 13:00:00,3.3,3.3,3.3,3.3,1700,VE1,"At 2026-01-22 13:00:00, the stock VE1 opened at 3.30 VND, reached a high of 3.30 VND, a low of 3.30 VND, and closed the hour at 3.30 VND with a trading volume of 1,700 shares."
2026-01-23 09:00:00,3.3,3.3,3.3,3.3,13600,VE1,"At 2026-01-23 09:00:00, the stock VE1 opened at 3.30 VND, reached a high of 3.30 VND, a low of 3.30 VND, and closed the hour at 3.30 VND with a trading volume of 13,600 shares."
2026-01-26 09:00:00,3.4,3.6,3.4,3.6,39400,VE1,"At 2026-01-26 09:00:00, the stock VE1 opened at 3.40 VND, reached a high of 3.60 VND, a low of 3.40 VND, and closed the hour at 3.60 VND with a trading volume of 39,400 shares."
2026-01-26 10:00:00,3.5,3.6,3.5,3.6,21200,VE1,"At 2026-01-26 10:00:00, the stock VE1 opened at 3.50 VND, reached a high of 3.60 VND, a low of 3.50 VND, and closed the hour at 3.60 VND with a trading volume of 21,200 shares."
2026-01-26 11:00:00,3.6,3.6,3.6,3.6,3700,VE1,"At 2026-01-26 11:00:00, the stock VE1 opened at 3.60 VND, reached a high of 3.60 VND, a low of 3.60 VND, and closed the hour at 3.60 VND with a trading volume of 3,700 shares."
2026-01-26 13:00:00,3.6,3.6,3.6,3.6,10300,VE1,"At 2026-01-26 13:00:00, the stock VE1 opened at 3.60 VND, reached a high of 3.60 VND, a low of 3.60 VND, and closed the hour at 3.60 VND with a trading volume of 10,300 shares."
2026-01-26 14:00:00,3.6,3.6,3.6,3.6,9800,VE1,"At 2026-01-26 14:00:00, the stock VE1 opened at 3.60 VND, reached a high of 3.60 VND, a low of 3.60 VND, and closed the hour at 3.60 VND with a trading volume of 9,800 shares."
2026-01-27 09:00:00,3.9,3.9,3.8,3.8,14500,VE1,"At 2026-01-27 09:00:00, the stock VE1 opened at 3.90 VND, reached a high of 3.90 VND, a low of 3.80 VND, and closed the hour at 3.80 VND with a trading volume of 14,500 shares."
2026-01-27 10:00:00,3.7,3.8,3.6,3.8,6000,VE1,"At 2026-01-27 10:00:00, the stock VE1 opened at 3.70 VND, reached a high of 3.80 VND, a low of 3.60 VND, and closed the hour at 3.80 VND with a trading volume of 6,000 shares."
2026-01-27 13:00:00,3.7,3.7,3.6,3.6,10500,VE1,"At 2026-01-27 13:00:00, the stock VE1 opened at 3.70 VND, reached a high of 3.70 VND, a low of 3.60 VND, and closed the hour at 3.60 VND with a trading volume of 10,500 shares."
2026-01-27 14:00:00,3.6,3.6,3.6,3.6,2800,VE1,"At 2026-01-27 14:00:00, the stock VE1 opened at 3.60 VND, reached a high of 3.60 VND, a low of 3.60 VND, and closed the hour at 3.60 VND with a trading volume of 2,800 shares."
2026-01-28 09:00:00,3.6,3.6,3.6,3.6,2400,VE1,"At 2026-01-28 09:00:00, the stock VE1 opened at 3.60 VND, reached a high of 3.60 VND, a low of 3.60 VND, and closed the hour at 3.60 VND with a trading volume of 2,400 shares."
2026-01-28 11:00:00,3.6,3.6,3.6,3.6,200,VE1,"At 2026-01-28 11:00:00, the stock VE1 opened at 3.60 VND, reached a high of 3.60 VND, a low of 3.60 VND, and closed the hour at 3.60 VND with a trading volume of 200 shares."
2026-01-28 13:00:00,3.5,3.5,3.3,3.4,18800,VE1,"At 2026-01-28 13:00:00, the stock VE1 opened at 3.50 VND, reached a high of 3.50 VND, a low of 3.30 VND, and closed the hour at 3.40 VND with a trading volume of 18,800 shares."
2026-01-28 14:00:00,3.4,3.4,3.3,3.3,6600,VE1,"At 2026-01-28 14:00:00, the stock VE1 opened at 3.40 VND, reached a high of 3.40 VND, a low of 3.30 VND, and closed the hour at 3.30 VND with a trading volume of 6,600 shares."
2026-01-29 09:00:00,3.3,3.4,3.3,3.3,8200,VE1,"At 2026-01-29 09:00:00, the stock VE1 opened at 3.30 VND, reached a high of 3.40 VND, a low of 3.30 VND, and closed the hour at 3.30 VND with a trading volume of 8,200 shares."
2026-01-29 10:00:00,3.3,3.3,3.3,3.3,9000,VE1,"At 2026-01-29 10:00:00, the stock VE1 opened at 3.30 VND, reached a high of 3.30 VND, a low of 3.30 VND, and closed the hour at 3.30 VND with a trading volume of 9,000 shares."
2026-01-29 11:00:00,3.4,3.4,3.4,3.4,1000,VE1,"At 2026-01-29 11:00:00, the stock VE1 opened at 3.40 VND, reached a high of 3.40 VND, a low of 3.40 VND, and closed the hour at 3.40 VND with a trading volume of 1,000 shares."
2026-01-29 13:00:00,3.3,3.3,3.3,3.3,10800,VE1,"At 2026-01-29 13:00:00, the stock VE1 opened at 3.30 VND, reached a high of 3.30 VND, a low of 3.30 VND, and closed the hour at 3.30 VND with a trading volume of 10,800 shares."
2026-01-29 14:00:00,3.3,3.3,3.3,3.3,10700,VE1,"At 2026-01-29 14:00:00, the stock VE1 opened at 3.30 VND, reached a high of 3.30 VND, a low of 3.30 VND, and closed the hour at 3.30 VND with a trading volume of 10,700 shares."
2026-01-30 09:00:00,3.3,3.3,3.3,3.3,6500,VE1,"At 2026-01-30 09:00:00, the stock VE1 opened at 3.30 VND, reached a high of 3.30 VND, a low of 3.30 VND, and closed the hour at 3.30 VND with a trading volume of 6,500 shares."
2026-01-30 10:00:00,3.3,3.3,3.3,3.3,100,VE1,"At 2026-01-30 10:00:00, the stock VE1 opened at 3.30 VND, reached a high of 3.30 VND, a low of 3.30 VND, and closed the hour at 3.30 VND with a trading volume of 100 shares."
2026-01-30 13:00:00,3.3,3.3,3.3,3.3,6100,VE1,"At 2026-01-30 13:00:00, the stock VE1 opened at 3.30 VND, reached a high of 3.30 VND, a low of 3.30 VND, and closed the hour at 3.30 VND with a trading volume of 6,100 shares."
2026-02-02 09:00:00,3.4,3.4,3.4,3.4,1600,VE1,"At 2026-02-02 09:00:00, the stock VE1 opened at 3.40 VND, reached a high of 3.40 VND, a low of 3.40 VND, and closed the hour at 3.40 VND with a trading volume of 1,600 shares."
2026-02-02 10:00:00,3.4,3.4,3.4,3.4,9500,VE1,"At 2026-02-02 10:00:00, the stock VE1 opened at 3.40 VND, reached a high of 3.40 VND, a low of 3.40 VND, and closed the hour at 3.40 VND with a trading volume of 9,500 shares."
2026-02-02 11:00:00,3.4,3.4,3.4,3.4,900,VE1,"At 2026-02-02 11:00:00, the stock VE1 opened at 3.40 VND, reached a high of 3.40 VND, a low of 3.40 VND, and closed the hour at 3.40 VND with a trading volume of 900 shares."
2026-02-02 13:00:00,3.4,3.4,3.4,3.4,100,VE1,"At 2026-02-02 13:00:00, the stock VE1 opened at 3.40 VND, reached a high of 3.40 VND, a low of 3.40 VND, and closed the hour at 3.40 VND with a trading volume of 100 shares."
2026-02-02 14:00:00,3.4,3.4,3.4,3.4,17800,VE1,"At 2026-02-02 14:00:00, the stock VE1 opened at 3.40 VND, reached a high of 3.40 VND, a low of 3.40 VND, and closed the hour at 3.40 VND with a trading volume of 17,800 shares."
2026-02-03 09:00:00,3.4,3.4,3.3,3.3,5000,VE1,"At 2026-02-03 09:00:00, the stock VE1 opened at 3.40 VND, reached a high of 3.40 VND, a low of 3.30 VND, and closed the hour at 3.30 VND with a trading volume of 5,000 shares."
2026-02-03 13:00:00,3.4,3.5,3.4,3.5,16300,VE1,"At 2026-02-03 13:00:00, the stock VE1 opened at 3.40 VND, reached a high of 3.50 VND, a low of 3.40 VND, and closed the hour at 3.50 VND with a trading volume of 16,300 shares."
2026-02-04 13:00:00,3.3,3.3,3.3,3.3,300,VE1,"At 2026-02-04 13:00:00, the stock VE1 opened at 3.30 VND, reached a high of 3.30 VND, a low of 3.30 VND, and closed the hour at 3.30 VND with a trading volume of 300 shares."
2026-02-04 14:00:00,3.4,3.4,3.4,3.4,100,VE1,"At 2026-02-04 14:00:00, the stock VE1 opened at 3.40 VND, reached a high of 3.40 VND, a low of 3.40 VND, and closed the hour at 3.40 VND with a trading volume of 100 shares."
2026-02-05 09:00:00,3.3,3.3,3.3,3.3,5000,VE1,"At 2026-02-05 09:00:00, the stock VE1 opened at 3.30 VND, reached a high of 3.30 VND, a low of 3.30 VND, and closed the hour at 3.30 VND with a trading volume of 5,000 shares."
2026-02-05 13:00:00,3.3,3.3,3.3,3.3,21600,VE1,"At 2026-02-05 13:00:00, the stock VE1 opened at 3.30 VND, reached a high of 3.30 VND, a low of 3.30 VND, and closed the hour at 3.30 VND with a trading volume of 21,600 shares."
2026-02-06 09:00:00,3.3,3.3,3.3,3.3,1500,VE1,"At 2026-02-06 09:00:00, the stock VE1 opened at 3.30 VND, reached a high of 3.30 VND, a low of 3.30 VND, and closed the hour at 3.30 VND with a trading volume of 1,500 shares."
2026-02-06 10:00:00,3.3,3.3,3.3,3.3,4300,VE1,"At 2026-02-06 10:00:00, the stock VE1 opened at 3.30 VND, reached a high of 3.30 VND, a low of 3.30 VND, and closed the hour at 3.30 VND with a trading volume of 4,300 shares."
2026-02-06 11:00:00,3.4,3.4,3.4,3.4,500,VE1,"At 2026-02-06 11:00:00, the stock VE1 opened at 3.40 VND, reached a high of 3.40 VND, a low of 3.40 VND, and closed the hour at 3.40 VND with a trading volume of 500 shares."
2026-02-06 13:00:00,3.3,3.3,3.3,3.3,1000,VE1,"At 2026-02-06 13:00:00, the stock VE1 opened at 3.30 VND, reached a high of 3.30 VND, a low of 3.30 VND, and closed the hour at 3.30 VND with a trading volume of 1,000 shares."
2026-02-09 09:00:00,3.3,3.3,3.3,3.3,2000,VE1,"At 2026-02-09 09:00:00, the stock VE1 opened at 3.30 VND, reached a high of 3.30 VND, a low of 3.30 VND, and closed the hour at 3.30 VND with a trading volume of 2,000 shares."
2026-02-09 10:00:00,3.3,3.3,3.3,3.3,500,VE1,"At 2026-02-09 10:00:00, the stock VE1 opened at 3.30 VND, reached a high of 3.30 VND, a low of 3.30 VND, and closed the hour at 3.30 VND with a trading volume of 500 shares."
2026-02-09 14:00:00,3.4,3.4,3.3,3.3,1100,VE1,"At 2026-02-09 14:00:00, the stock VE1 opened at 3.40 VND, reached a high of 3.40 VND, a low of 3.30 VND, and closed the hour at 3.30 VND with a trading volume of 1,100 shares."
2026-02-10 09:00:00,3.3,3.3,3.3,3.3,200,VE1,"At 2026-02-10 09:00:00, the stock VE1 opened at 3.30 VND, reached a high of 3.30 VND, a low of 3.30 VND, and closed the hour at 3.30 VND with a trading volume of 200 shares."
2026-02-11 09:00:00,3.3,3.3,3.3,3.3,1000,VE1,"At 2026-02-11 09:00:00, the stock VE1 opened at 3.30 VND, reached a high of 3.30 VND, a low of 3.30 VND, and closed the hour at 3.30 VND with a trading volume of 1,000 shares."
2026-02-11 10:00:00,3.3,3.3,3.3,3.3,7400,VE1,"At 2026-02-11 10:00:00, the stock VE1 opened at 3.30 VND, reached a high of 3.30 VND, a low of 3.30 VND, and closed the hour at 3.30 VND with a trading volume of 7,400 shares."
2026-02-12 10:00:00,3.3,3.3,3.3,3.3,100,VE1,"At 2026-02-12 10:00:00, the stock VE1 opened at 3.30 VND, reached a high of 3.30 VND, a low of 3.30 VND, and closed the hour at 3.30 VND with a trading volume of 100 shares."
2026-02-13 13:00:00,3.3,3.3,3.3,3.3,1700,VE1,"At 2026-02-13 13:00:00, the stock VE1 opened at 3.30 VND, reached a high of 3.30 VND, a low of 3.30 VND, and closed the hour at 3.30 VND with a trading volume of 1,700 shares."
2026-02-23 10:00:00,3.3,3.3,3.3,3.3,27900,VE1,"At 2026-02-23 10:00:00, the stock VE1 opened at 3.30 VND, reached a high of 3.30 VND, a low of 3.30 VND, and closed the hour at 3.30 VND with a trading volume of 27,900 shares."
2026-02-24 10:00:00,3.3,3.3,3.3,3.3,1000,VE1,"At 2026-02-24 10:00:00, the stock VE1 opened at 3.30 VND, reached a high of 3.30 VND, a low of 3.30 VND, and closed the hour at 3.30 VND with a trading volume of 1,000 shares."
2026-02-25 09:00:00,3.4,3.4,3.4,3.4,100,VE1,"At 2026-02-25 09:00:00, the stock VE1 opened at 3.40 VND, reached a high of 3.40 VND, a low of 3.40 VND, and closed the hour at 3.40 VND with a trading volume of 100 shares."
2026-02-25 14:00:00,3.2,3.2,3.2,3.2,100,VE1,"At 2026-02-25 14:00:00, the stock VE1 opened at 3.20 VND, reached a high of 3.20 VND, a low of 3.20 VND, and closed the hour at 3.20 VND with a trading volume of 100 shares."
2026-02-26 09:00:00,3.3,3.3,3.3,3.3,300,VE1,"At 2026-02-26 09:00:00, the stock VE1 opened at 3.30 VND, reached a high of 3.30 VND, a low of 3.30 VND, and closed the hour at 3.30 VND with a trading volume of 300 shares."
2026-02-26 14:00:00,3.3,3.3,3.2,3.2,24200,VE1,"At 2026-02-26 14:00:00, the stock VE1 opened at 3.30 VND, reached a high of 3.30 VND, a low of 3.20 VND, and closed the hour at 3.20 VND with a trading volume of 24,200 shares."
2026-02-27 10:00:00,3.4,3.4,3.3,3.3,10100,VE1,"At 2026-02-27 10:00:00, the stock VE1 opened at 3.40 VND, reached a high of 3.40 VND, a low of 3.30 VND, and closed the hour at 3.30 VND with a trading volume of 10,100 shares."
2026-03-02 09:00:00,3.3,3.3,3.3,3.3,10000,VE1,"At 2026-03-02 09:00:00, the stock VE1 opened at 3.30 VND, reached a high of 3.30 VND, a low of 3.30 VND, and closed the hour at 3.30 VND with a trading volume of 10,000 shares."
2026-03-02 10:00:00,3.3,3.3,3.3,3.3,5000,VE1,"At 2026-03-02 10:00:00, the stock VE1 opened at 3.30 VND, reached a high of 3.30 VND, a low of 3.30 VND, and closed the hour at 3.30 VND with a trading volume of 5,000 shares."
2026-03-02 11:00:00,3.3,3.3,3.3,3.3,4000,VE1,"At 2026-03-02 11:00:00, the stock VE1 opened at 3.30 VND, reached a high of 3.30 VND, a low of 3.30 VND, and closed the hour at 3.30 VND with a trading volume of 4,000 shares."
2026-03-02 14:00:00,3.3,3.3,3.3,3.3,1000,VE1,"At 2026-03-02 14:00:00, the stock VE1 opened at 3.30 VND, reached a high of 3.30 VND, a low of 3.30 VND, and closed the hour at 3.30 VND with a trading volume of 1,000 shares."
2026-03-03 09:00:00,3.3,3.3,3.3,3.3,1000,VE1,"At 2026-03-03 09:00:00, the stock VE1 opened at 3.30 VND, reached a high of 3.30 VND, a low of 3.30 VND, and closed the hour at 3.30 VND with a trading volume of 1,000 shares."
2026-03-03 14:00:00,3.3,3.3,3.3,3.3,3000,VE1,"At 2026-03-03 14:00:00, the stock VE1 opened at 3.30 VND, reached a high of 3.30 VND, a low of 3.30 VND, and closed the hour at 3.30 VND with a trading volume of 3,000 shares."
2026-03-04 11:00:00,3.3,3.3,3.3,3.3,300,VE1,"At 2026-03-04 11:00:00, the stock VE1 opened at 3.30 VND, reached a high of 3.30 VND, a low of 3.30 VND, and closed the hour at 3.30 VND with a trading volume of 300 shares."
2026-03-04 14:00:00,3.3,3.4,3.1,3.4,400,VE1,"At 2026-03-04 14:00:00, the stock VE1 opened at 3.30 VND, reached a high of 3.40 VND, a low of 3.10 VND, and closed the hour at 3.40 VND with a trading volume of 400 shares."
2026-03-05 14:00:00,3.1,3.1,3.1,3.1,200,VE1,"At 2026-03-05 14:00:00, the stock VE1 opened at 3.10 VND, reached a high of 3.10 VND, a low of 3.10 VND, and closed the hour at 3.10 VND with a trading volume of 200 shares."
2026-03-06 09:00:00,3.3,3.4,3.3,3.4,3400,VE1,"At 2026-03-06 09:00:00, the stock VE1 opened at 3.30 VND, reached a high of 3.40 VND, a low of 3.30 VND, and closed the hour at 3.40 VND with a trading volume of 3,400 shares."
2026-03-06 11:00:00,3.4,3.4,3.4,3.4,7000,VE1,"At 2026-03-06 11:00:00, the stock VE1 opened at 3.40 VND, reached a high of 3.40 VND, a low of 3.40 VND, and closed the hour at 3.40 VND with a trading volume of 7,000 shares."
2026-03-09 09:00:00,3.7,3.7,3.6,3.6,38800,VE1,"At 2026-03-09 09:00:00, the stock VE1 opened at 3.70 VND, reached a high of 3.70 VND, a low of 3.60 VND, and closed the hour at 3.60 VND with a trading volume of 38,800 shares."
2026-03-09 10:00:00,3.6,3.6,3.6,3.6,200,VE1,"At 2026-03-09 10:00:00, the stock VE1 opened at 3.60 VND, reached a high of 3.60 VND, a low of 3.60 VND, and closed the hour at 3.60 VND with a trading volume of 200 shares."
2026-03-09 13:00:00,3.6,3.6,3.6,3.6,500,VE1,"At 2026-03-09 13:00:00, the stock VE1 opened at 3.60 VND, reached a high of 3.60 VND, a low of 3.60 VND, and closed the hour at 3.60 VND with a trading volume of 500 shares."
2026-03-09 14:00:00,3.5,3.5,3.5,3.5,1500,VE1,"At 2026-03-09 14:00:00, the stock VE1 opened at 3.50 VND, reached a high of 3.50 VND, a low of 3.50 VND, and closed the hour at 3.50 VND with a trading volume of 1,500 shares."
2026-03-10 09:00:00,3.5,3.5,3.3,3.3,4400,VE1,"At 2026-03-10 09:00:00, the stock VE1 opened at 3.50 VND, reached a high of 3.50 VND, a low of 3.30 VND, and closed the hour at 3.30 VND with a trading volume of 4,400 shares."
2026-03-10 10:00:00,3.4,3.4,3.4,3.4,100,VE1,"At 2026-03-10 10:00:00, the stock VE1 opened at 3.40 VND, reached a high of 3.40 VND, a low of 3.40 VND, and closed the hour at 3.40 VND with a trading volume of 100 shares."
2026-03-10 13:00:00,3.5,3.5,3.5,3.5,100,VE1,"At 2026-03-10 13:00:00, the stock VE1 opened at 3.50 VND, reached a high of 3.50 VND, a low of 3.50 VND, and closed the hour at 3.50 VND with a trading volume of 100 shares."
2026-03-11 13:00:00,3.4,3.4,3.4,3.4,1500,VE1,"At 2026-03-11 13:00:00, the stock VE1 opened at 3.40 VND, reached a high of 3.40 VND, a low of 3.40 VND, and closed the hour at 3.40 VND with a trading volume of 1,500 shares."
2026-03-12 09:00:00,3.4,3.4,3.4,3.4,200,VE1,"At 2026-03-12 09:00:00, the stock VE1 opened at 3.40 VND, reached a high of 3.40 VND, a low of 3.40 VND, and closed the hour at 3.40 VND with a trading volume of 200 shares."
2026-03-12 10:00:00,3.3,3.3,3.3,3.3,21500,VE1,"At 2026-03-12 10:00:00, the stock VE1 opened at 3.30 VND, reached a high of 3.30 VND, a low of 3.30 VND, and closed the hour at 3.30 VND with a trading volume of 21,500 shares."
2026-03-12 11:00:00,3.3,3.3,3.3,3.3,600,VE1,"At 2026-03-12 11:00:00, the stock VE1 opened at 3.30 VND, reached a high of 3.30 VND, a low of 3.30 VND, and closed the hour at 3.30 VND with a trading volume of 600 shares."
2026-03-13 09:00:00,3.3,3.5,3.3,3.5,400,VE1,"At 2026-03-13 09:00:00, the stock VE1 opened at 3.30 VND, reached a high of 3.50 VND, a low of 3.30 VND, and closed the hour at 3.50 VND with a trading volume of 400 shares."
2026-03-13 13:00:00,3.3,3.3,3.3,3.3,100,VE1,"At 2026-03-13 13:00:00, the stock VE1 opened at 3.30 VND, reached a high of 3.30 VND, a low of 3.30 VND, and closed the hour at 3.30 VND with a trading volume of 100 shares."
2026-03-16 09:00:00,3.3,3.3,3.3,3.3,100,VE1,"At 2026-03-16 09:00:00, the stock VE1 opened at 3.30 VND, reached a high of 3.30 VND, a low of 3.30 VND, and closed the hour at 3.30 VND with a trading volume of 100 shares."
2026-03-16 13:00:00,3.4,3.5,3.4,3.5,200,VE1,"At 2026-03-16 13:00:00, the stock VE1 opened at 3.40 VND, reached a high of 3.50 VND, a low of 3.40 VND, and closed the hour at 3.50 VND with a trading volume of 200 shares."
2026-03-17 09:00:00,3.5,3.5,3.3,3.3,12300,VE1,"At 2026-03-17 09:00:00, the stock VE1 opened at 3.50 VND, reached a high of 3.50 VND, a low of 3.30 VND, and closed the hour at 3.30 VND with a trading volume of 12,300 shares."
2026-03-17 13:00:00,3.3,3.4,3.3,3.4,1100,VE1,"At 2026-03-17 13:00:00, the stock VE1 opened at 3.30 VND, reached a high of 3.40 VND, a low of 3.30 VND, and closed the hour at 3.40 VND with a trading volume of 1,100 shares."
2026-03-18 09:00:00,3.4,3.4,3.4,3.4,1100,VE1,"At 2026-03-18 09:00:00, the stock VE1 opened at 3.40 VND, reached a high of 3.40 VND, a low of 3.40 VND, and closed the hour at 3.40 VND with a trading volume of 1,100 shares."
2026-03-18 13:00:00,3.3,3.3,3.3,3.3,500,VE1,"At 2026-03-18 13:00:00, the stock VE1 opened at 3.30 VND, reached a high of 3.30 VND, a low of 3.30 VND, and closed the hour at 3.30 VND with a trading volume of 500 shares."
2026-03-19 10:00:00,3.5,3.5,3.5,3.5,100,VE1,"At 2026-03-19 10:00:00, the stock VE1 opened at 3.50 VND, reached a high of 3.50 VND, a low of 3.50 VND, and closed the hour at 3.50 VND with a trading volume of 100 shares."
2026-03-19 14:00:00,3.4,3.4,3.3,3.3,300,VE1,"At 2026-03-19 14:00:00, the stock VE1 opened at 3.40 VND, reached a high of 3.40 VND, a low of 3.30 VND, and closed the hour at 3.30 VND with a trading volume of 300 shares."
2026-03-20 09:00:00,3.3,3.3,3.3,3.3,300,VE1,"At 2026-03-20 09:00:00, the stock VE1 opened at 3.30 VND, reached a high of 3.30 VND, a low of 3.30 VND, and closed the hour at 3.30 VND with a trading volume of 300 shares."
2026-03-20 13:00:00,3.3,3.3,3.3,3.3,1500,VE1,"At 2026-03-20 13:00:00, the stock VE1 opened at 3.30 VND, reached a high of 3.30 VND, a low of 3.30 VND, and closed the hour at 3.30 VND with a trading volume of 1,500 shares."
