time,open,high,low,close,volume,ticker,llm_text
2025-03-19 14:00:00,20.17,20.17,20.17,20.17,200,VNA,"At 2025-03-19 14:00:00, the stock VNA opened at 20.17 VND, reached a high of 20.17 VND, a low of 20.17 VND, and closed the hour at 20.17 VND with a trading volume of 200 shares."
2025-03-20 09:00:00,20.17,20.17,20.17,20.17,200,VNA,"At 2025-03-20 09:00:00, the stock VNA opened at 20.17 VND, reached a high of 20.17 VND, a low of 20.17 VND, and closed the hour at 20.17 VND with a trading volume of 200 shares."
2025-03-20 10:00:00,20.37,20.37,20.37,20.37,200,VNA,"At 2025-03-20 10:00:00, the stock VNA opened at 20.37 VND, reached a high of 20.37 VND, a low of 20.37 VND, and closed the hour at 20.37 VND with a trading volume of 200 shares."
2025-03-20 11:00:00,20.37,20.37,20.37,20.37,900,VNA,"At 2025-03-20 11:00:00, the stock VNA opened at 20.37 VND, reached a high of 20.37 VND, a low of 20.37 VND, and closed the hour at 20.37 VND with a trading volume of 900 shares."
2025-03-20 13:00:00,20.27,20.27,20.27,20.27,100,VNA,"At 2025-03-20 13:00:00, the stock VNA opened at 20.27 VND, reached a high of 20.27 VND, a low of 20.27 VND, and closed the hour at 20.27 VND with a trading volume of 100 shares."
2025-03-21 10:00:00,20.37,20.37,20.37,20.37,400,VNA,"At 2025-03-21 10:00:00, the stock VNA opened at 20.37 VND, reached a high of 20.37 VND, a low of 20.37 VND, and closed the hour at 20.37 VND with a trading volume of 400 shares."
2025-03-21 11:00:00,20.37,20.37,20.37,20.37,500,VNA,"At 2025-03-21 11:00:00, the stock VNA opened at 20.37 VND, reached a high of 20.37 VND, a low of 20.37 VND, and closed the hour at 20.37 VND with a trading volume of 500 shares."
2025-03-21 14:00:00,20.37,20.46,20.37,20.37,500,VNA,"At 2025-03-21 14:00:00, the stock VNA opened at 20.37 VND, reached a high of 20.46 VND, a low of 20.37 VND, and closed the hour at 20.37 VND with a trading volume of 500 shares."
2025-03-24 09:00:00,20.56,20.56,20.56,20.56,1000,VNA,"At 2025-03-24 09:00:00, the stock VNA opened at 20.56 VND, reached a high of 20.56 VND, a low of 20.56 VND, and closed the hour at 20.56 VND with a trading volume of 1,000 shares."
2025-03-24 10:00:00,20.56,20.56,20.56,20.56,800,VNA,"At 2025-03-24 10:00:00, the stock VNA opened at 20.56 VND, reached a high of 20.56 VND, a low of 20.56 VND, and closed the hour at 20.56 VND with a trading volume of 800 shares."
2025-03-24 13:00:00,20.56,20.56,20.56,20.56,300,VNA,"At 2025-03-24 13:00:00, the stock VNA opened at 20.56 VND, reached a high of 20.56 VND, a low of 20.56 VND, and closed the hour at 20.56 VND with a trading volume of 300 shares."
2025-03-24 14:00:00,20.37,20.37,20.37,20.37,1700,VNA,"At 2025-03-24 14:00:00, the stock VNA opened at 20.37 VND, reached a high of 20.37 VND, a low of 20.37 VND, and closed the hour at 20.37 VND with a trading volume of 1,700 shares."
2025-03-25 13:00:00,20.27,20.27,20.07,20.07,800,VNA,"At 2025-03-25 13:00:00, the stock VNA opened at 20.27 VND, reached a high of 20.27 VND, a low of 20.07 VND, and closed the hour at 20.07 VND with a trading volume of 800 shares."
2025-03-25 14:00:00,20.46,20.46,20.17,20.17,500,VNA,"At 2025-03-25 14:00:00, the stock VNA opened at 20.46 VND, reached a high of 20.46 VND, a low of 20.17 VND, and closed the hour at 20.17 VND with a trading volume of 500 shares."
2025-03-26 09:00:00,20.27,20.27,20.27,20.27,100,VNA,"At 2025-03-26 09:00:00, the stock VNA opened at 20.27 VND, reached a high of 20.27 VND, a low of 20.27 VND, and closed the hour at 20.27 VND with a trading volume of 100 shares."
2025-03-26 11:00:00,20.27,20.27,20.27,20.27,1000,VNA,"At 2025-03-26 11:00:00, the stock VNA opened at 20.27 VND, reached a high of 20.27 VND, a low of 20.27 VND, and closed the hour at 20.27 VND with a trading volume of 1,000 shares."
2025-03-26 13:00:00,20.27,20.27,20.27,20.27,800,VNA,"At 2025-03-26 13:00:00, the stock VNA opened at 20.27 VND, reached a high of 20.27 VND, a low of 20.27 VND, and closed the hour at 20.27 VND with a trading volume of 800 shares."
2025-03-26 14:00:00,20.27,20.27,20.27,20.27,100,VNA,"At 2025-03-26 14:00:00, the stock VNA opened at 20.27 VND, reached a high of 20.27 VND, a low of 20.27 VND, and closed the hour at 20.27 VND with a trading volume of 100 shares."
2025-03-27 09:00:00,20.27,20.27,20.27,20.27,200,VNA,"At 2025-03-27 09:00:00, the stock VNA opened at 20.27 VND, reached a high of 20.27 VND, a low of 20.27 VND, and closed the hour at 20.27 VND with a trading volume of 200 shares."
2025-03-27 10:00:00,20.75,20.75,20.75,20.75,1000,VNA,"At 2025-03-27 10:00:00, the stock VNA opened at 20.75 VND, reached a high of 20.75 VND, a low of 20.75 VND, and closed the hour at 20.75 VND with a trading volume of 1,000 shares."
2025-03-27 13:00:00,20.37,20.37,20.27,20.27,1000,VNA,"At 2025-03-27 13:00:00, the stock VNA opened at 20.37 VND, reached a high of 20.37 VND, a low of 20.27 VND, and closed the hour at 20.27 VND with a trading volume of 1,000 shares."
2025-03-27 14:00:00,20.56,20.56,20.56,20.56,100,VNA,"At 2025-03-27 14:00:00, the stock VNA opened at 20.56 VND, reached a high of 20.56 VND, a low of 20.56 VND, and closed the hour at 20.56 VND with a trading volume of 100 shares."
2025-03-28 09:00:00,20.56,20.56,20.56,20.56,200,VNA,"At 2025-03-28 09:00:00, the stock VNA opened at 20.56 VND, reached a high of 20.56 VND, a low of 20.56 VND, and closed the hour at 20.56 VND with a trading volume of 200 shares."
2025-03-28 13:00:00,20.37,20.37,20.37,20.37,2500,VNA,"At 2025-03-28 13:00:00, the stock VNA opened at 20.37 VND, reached a high of 20.37 VND, a low of 20.37 VND, and closed the hour at 20.37 VND with a trading volume of 2,500 shares."
2025-03-28 14:00:00,20.46,20.46,20.37,20.37,900,VNA,"At 2025-03-28 14:00:00, the stock VNA opened at 20.46 VND, reached a high of 20.46 VND, a low of 20.37 VND, and closed the hour at 20.37 VND with a trading volume of 900 shares."
2025-03-31 09:00:00,20.37,20.56,20.37,20.56,2200,VNA,"At 2025-03-31 09:00:00, the stock VNA opened at 20.37 VND, reached a high of 20.56 VND, a low of 20.37 VND, and closed the hour at 20.56 VND with a trading volume of 2,200 shares."
2025-03-31 10:00:00,20.27,20.27,20.17,20.17,2500,VNA,"At 2025-03-31 10:00:00, the stock VNA opened at 20.27 VND, reached a high of 20.27 VND, a low of 20.17 VND, and closed the hour at 20.17 VND with a trading volume of 2,500 shares."
2025-03-31 13:00:00,20.17,20.27,20.17,20.27,1800,VNA,"At 2025-03-31 13:00:00, the stock VNA opened at 20.17 VND, reached a high of 20.27 VND, a low of 20.17 VND, and closed the hour at 20.27 VND with a trading volume of 1,800 shares."
2025-03-31 14:00:00,20.27,20.27,19.88,20.27,7000,VNA,"At 2025-03-31 14:00:00, the stock VNA opened at 20.27 VND, reached a high of 20.27 VND, a low of 19.88 VND, and closed the hour at 20.27 VND with a trading volume of 7,000 shares."
2025-04-01 09:00:00,20.27,20.27,20.27,20.27,200,VNA,"At 2025-04-01 09:00:00, the stock VNA opened at 20.27 VND, reached a high of 20.27 VND, a low of 20.27 VND, and closed the hour at 20.27 VND with a trading volume of 200 shares."
2025-04-01 10:00:00,20.27,20.27,19.98,19.98,3800,VNA,"At 2025-04-01 10:00:00, the stock VNA opened at 20.27 VND, reached a high of 20.27 VND, a low of 19.98 VND, and closed the hour at 19.98 VND with a trading volume of 3,800 shares."
2025-04-01 11:00:00,20.07,20.07,19.78,19.78,6800,VNA,"At 2025-04-01 11:00:00, the stock VNA opened at 20.07 VND, reached a high of 20.07 VND, a low of 19.78 VND, and closed the hour at 19.78 VND with a trading volume of 6,800 shares."
2025-04-02 10:00:00,20.56,20.56,20.56,20.56,700,VNA,"At 2025-04-02 10:00:00, the stock VNA opened at 20.56 VND, reached a high of 20.56 VND, a low of 20.56 VND, and closed the hour at 20.56 VND with a trading volume of 700 shares."
2025-04-02 11:00:00,20.56,20.56,20.56,20.56,400,VNA,"At 2025-04-02 11:00:00, the stock VNA opened at 20.56 VND, reached a high of 20.56 VND, a low of 20.56 VND, and closed the hour at 20.56 VND with a trading volume of 400 shares."
2025-04-02 13:00:00,20.66,20.66,20.56,20.56,200,VNA,"At 2025-04-02 13:00:00, the stock VNA opened at 20.66 VND, reached a high of 20.66 VND, a low of 20.56 VND, and closed the hour at 20.56 VND with a trading volume of 200 shares."
2025-04-02 14:00:00,20.56,20.56,20.56,20.56,500,VNA,"At 2025-04-02 14:00:00, the stock VNA opened at 20.56 VND, reached a high of 20.56 VND, a low of 20.56 VND, and closed the hour at 20.56 VND with a trading volume of 500 shares."
2025-04-03 09:00:00,18.62,19.4,18.62,19.4,1100,VNA,"At 2025-04-03 09:00:00, the stock VNA opened at 18.62 VND, reached a high of 19.40 VND, a low of 18.62 VND, and closed the hour at 19.40 VND with a trading volume of 1,100 shares."
2025-04-03 10:00:00,19.4,19.4,18.62,18.62,5500,VNA,"At 2025-04-03 10:00:00, the stock VNA opened at 19.40 VND, reached a high of 19.40 VND, a low of 18.62 VND, and closed the hour at 18.62 VND with a trading volume of 5,500 shares."
2025-04-03 11:00:00,18.72,18.72,18.62,18.62,700,VNA,"At 2025-04-03 11:00:00, the stock VNA opened at 18.72 VND, reached a high of 18.72 VND, a low of 18.62 VND, and closed the hour at 18.62 VND with a trading volume of 700 shares."
2025-04-03 13:00:00,18.43,18.72,18.43,18.43,3100,VNA,"At 2025-04-03 13:00:00, the stock VNA opened at 18.43 VND, reached a high of 18.72 VND, a low of 18.43 VND, and closed the hour at 18.43 VND with a trading volume of 3,100 shares."
2025-04-03 14:00:00,18.43,18.43,17.94,17.94,6700,VNA,"At 2025-04-03 14:00:00, the stock VNA opened at 18.43 VND, reached a high of 18.43 VND, a low of 17.94 VND, and closed the hour at 17.94 VND with a trading volume of 6,700 shares."
2025-04-04 09:00:00,15.81,17.46,15.81,17.46,4200,VNA,"At 2025-04-04 09:00:00, the stock VNA opened at 15.81 VND, reached a high of 17.46 VND, a low of 15.81 VND, and closed the hour at 17.46 VND with a trading volume of 4,200 shares."
2025-04-04 10:00:00,19.3,19.3,19.2,19.2,15600,VNA,"At 2025-04-04 10:00:00, the stock VNA opened at 19.30 VND, reached a high of 19.30 VND, a low of 19.20 VND, and closed the hour at 19.20 VND with a trading volume of 15,600 shares."
2025-04-04 13:00:00,18.23,18.23,18.23,18.23,100,VNA,"At 2025-04-04 13:00:00, the stock VNA opened at 18.23 VND, reached a high of 18.23 VND, a low of 18.23 VND, and closed the hour at 18.23 VND with a trading volume of 100 shares."
2025-04-04 14:00:00,18.33,18.52,18.33,18.52,300,VNA,"At 2025-04-04 14:00:00, the stock VNA opened at 18.33 VND, reached a high of 18.52 VND, a low of 18.33 VND, and closed the hour at 18.52 VND with a trading volume of 300 shares."
2025-04-08 09:00:00,20.17,20.17,20.17,20.17,11200,VNA,"At 2025-04-08 09:00:00, the stock VNA opened at 20.17 VND, reached a high of 20.17 VND, a low of 20.17 VND, and closed the hour at 20.17 VND with a trading volume of 11,200 shares."
2025-04-08 10:00:00,19.4,19.4,19.4,19.4,200,VNA,"At 2025-04-08 10:00:00, the stock VNA opened at 19.40 VND, reached a high of 19.40 VND, a low of 19.40 VND, and closed the hour at 19.40 VND with a trading volume of 200 shares."
2025-04-08 13:00:00,18.81,18.81,16.29,16.29,4700,VNA,"At 2025-04-08 13:00:00, the stock VNA opened at 18.81 VND, reached a high of 18.81 VND, a low of 16.29 VND, and closed the hour at 16.29 VND with a trading volume of 4,700 shares."
2025-04-08 14:00:00,16.49,16.49,16.49,16.49,100,VNA,"At 2025-04-08 14:00:00, the stock VNA opened at 16.49 VND, reached a high of 16.49 VND, a low of 16.49 VND, and closed the hour at 16.49 VND with a trading volume of 100 shares."
2025-04-09 09:00:00,20.85,20.85,20.85,20.85,10800,VNA,"At 2025-04-09 09:00:00, the stock VNA opened at 20.85 VND, reached a high of 20.85 VND, a low of 20.85 VND, and closed the hour at 20.85 VND with a trading volume of 10,800 shares."
2025-04-09 10:00:00,18.43,18.43,16.58,16.58,3800,VNA,"At 2025-04-09 10:00:00, the stock VNA opened at 18.43 VND, reached a high of 18.43 VND, a low of 16.58 VND, and closed the hour at 16.58 VND with a trading volume of 3,800 shares."
2025-04-09 13:00:00,16.87,16.87,16.87,16.87,200,VNA,"At 2025-04-09 13:00:00, the stock VNA opened at 16.87 VND, reached a high of 16.87 VND, a low of 16.87 VND, and closed the hour at 16.87 VND with a trading volume of 200 shares."
2025-04-09 14:00:00,17.46,17.65,17.46,17.65,1500,VNA,"At 2025-04-09 14:00:00, the stock VNA opened at 17.46 VND, reached a high of 17.65 VND, a low of 17.46 VND, and closed the hour at 17.65 VND with a trading volume of 1,500 shares."
2025-04-10 09:00:00,19.4,20.85,18.91,20.17,104300,VNA,"At 2025-04-10 09:00:00, the stock VNA opened at 19.40 VND, reached a high of 20.85 VND, a low of 18.91 VND, and closed the hour at 20.17 VND with a trading volume of 104,300 shares."
2025-04-10 10:00:00,20.07,20.37,20.07,20.17,10000,VNA,"At 2025-04-10 10:00:00, the stock VNA opened at 20.07 VND, reached a high of 20.37 VND, a low of 20.07 VND, and closed the hour at 20.17 VND with a trading volume of 10,000 shares."
2025-04-10 11:00:00,20.17,20.37,20.17,20.27,1800,VNA,"At 2025-04-10 11:00:00, the stock VNA opened at 20.17 VND, reached a high of 20.37 VND, a low of 20.17 VND, and closed the hour at 20.27 VND with a trading volume of 1,800 shares."
2025-04-10 13:00:00,20.07,20.27,20.07,20.27,7000,VNA,"At 2025-04-10 13:00:00, the stock VNA opened at 20.07 VND, reached a high of 20.27 VND, a low of 20.07 VND, and closed the hour at 20.27 VND with a trading volume of 7,000 shares."
2025-04-10 14:00:00,20.27,20.27,20.17,20.17,5700,VNA,"At 2025-04-10 14:00:00, the stock VNA opened at 20.27 VND, reached a high of 20.27 VND, a low of 20.17 VND, and closed the hour at 20.17 VND with a trading volume of 5,700 shares."
2025-04-11 09:00:00,20.56,20.56,19.88,19.88,19100,VNA,"At 2025-04-11 09:00:00, the stock VNA opened at 20.56 VND, reached a high of 20.56 VND, a low of 19.88 VND, and closed the hour at 19.88 VND with a trading volume of 19,100 shares."
2025-04-11 10:00:00,20.56,20.56,20.56,20.56,100,VNA,"At 2025-04-11 10:00:00, the stock VNA opened at 20.56 VND, reached a high of 20.56 VND, a low of 20.56 VND, and closed the hour at 20.56 VND with a trading volume of 100 shares."
2025-04-14 09:00:00,20.56,20.56,20.56,20.56,200,VNA,"At 2025-04-14 09:00:00, the stock VNA opened at 20.56 VND, reached a high of 20.56 VND, a low of 20.56 VND, and closed the hour at 20.56 VND with a trading volume of 200 shares."
2025-04-14 10:00:00,20.27,20.27,20.27,20.27,100,VNA,"At 2025-04-14 10:00:00, the stock VNA opened at 20.27 VND, reached a high of 20.27 VND, a low of 20.27 VND, and closed the hour at 20.27 VND with a trading volume of 100 shares."
2025-04-14 11:00:00,20.27,20.27,20.27,20.27,100,VNA,"At 2025-04-14 11:00:00, the stock VNA opened at 20.27 VND, reached a high of 20.27 VND, a low of 20.27 VND, and closed the hour at 20.27 VND with a trading volume of 100 shares."
2025-04-14 13:00:00,20.27,20.27,18.23,19.01,12200,VNA,"At 2025-04-14 13:00:00, the stock VNA opened at 20.27 VND, reached a high of 20.27 VND, a low of 18.23 VND, and closed the hour at 19.01 VND with a trading volume of 12,200 shares."
2025-04-14 14:00:00,19.01,19.4,18.91,18.91,9100,VNA,"At 2025-04-14 14:00:00, the stock VNA opened at 19.01 VND, reached a high of 19.40 VND, a low of 18.91 VND, and closed the hour at 18.91 VND with a trading volume of 9,100 shares."
2025-04-15 09:00:00,18.52,18.52,18.14,18.33,5500,VNA,"At 2025-04-15 09:00:00, the stock VNA opened at 18.52 VND, reached a high of 18.52 VND, a low of 18.14 VND, and closed the hour at 18.33 VND with a trading volume of 5,500 shares."
2025-04-15 10:00:00,18.43,18.43,18.43,18.43,200,VNA,"At 2025-04-15 10:00:00, the stock VNA opened at 18.43 VND, reached a high of 18.43 VND, a low of 18.43 VND, and closed the hour at 18.43 VND with a trading volume of 200 shares."
2025-04-15 11:00:00,18.43,18.43,18.43,18.43,1500,VNA,"At 2025-04-15 11:00:00, the stock VNA opened at 18.43 VND, reached a high of 18.43 VND, a low of 18.43 VND, and closed the hour at 18.43 VND with a trading volume of 1,500 shares."
2025-04-15 13:00:00,18.43,18.43,18.14,18.14,10300,VNA,"At 2025-04-15 13:00:00, the stock VNA opened at 18.43 VND, reached a high of 18.43 VND, a low of 18.14 VND, and closed the hour at 18.14 VND with a trading volume of 10,300 shares."
2025-04-15 14:00:00,18.23,18.33,18.23,18.23,2200,VNA,"At 2025-04-15 14:00:00, the stock VNA opened at 18.23 VND, reached a high of 18.33 VND, a low of 18.23 VND, and closed the hour at 18.23 VND with a trading volume of 2,200 shares."
2025-04-16 09:00:00,20.27,20.27,18.04,18.04,11400,VNA,"At 2025-04-16 09:00:00, the stock VNA opened at 20.27 VND, reached a high of 20.27 VND, a low of 18.04 VND, and closed the hour at 18.04 VND with a trading volume of 11,400 shares."
2025-04-16 13:00:00,18.33,18.72,18.33,18.62,300,VNA,"At 2025-04-16 13:00:00, the stock VNA opened at 18.33 VND, reached a high of 18.72 VND, a low of 18.33 VND, and closed the hour at 18.62 VND with a trading volume of 300 shares."
2025-04-16 14:00:00,18.62,18.62,18.62,18.62,600,VNA,"At 2025-04-16 14:00:00, the stock VNA opened at 18.62 VND, reached a high of 18.62 VND, a low of 18.62 VND, and closed the hour at 18.62 VND with a trading volume of 600 shares."
2025-04-17 09:00:00,20.07,20.07,20.07,20.07,100,VNA,"At 2025-04-17 09:00:00, the stock VNA opened at 20.07 VND, reached a high of 20.07 VND, a low of 20.07 VND, and closed the hour at 20.07 VND with a trading volume of 100 shares."
2025-04-18 13:00:00,18.04,19.78,18.04,19.78,2200,VNA,"At 2025-04-18 13:00:00, the stock VNA opened at 18.04 VND, reached a high of 19.78 VND, a low of 18.04 VND, and closed the hour at 19.78 VND with a trading volume of 2,200 shares."
2025-04-18 14:00:00,19.59,19.59,19.59,19.59,100,VNA,"At 2025-04-18 14:00:00, the stock VNA opened at 19.59 VND, reached a high of 19.59 VND, a low of 19.59 VND, and closed the hour at 19.59 VND with a trading volume of 100 shares."
2025-04-21 09:00:00,19.4,19.4,19.4,19.4,100,VNA,"At 2025-04-21 09:00:00, the stock VNA opened at 19.40 VND, reached a high of 19.40 VND, a low of 19.40 VND, and closed the hour at 19.40 VND with a trading volume of 100 shares."
2025-04-21 10:00:00,18.04,18.91,18.04,18.91,1700,VNA,"At 2025-04-21 10:00:00, the stock VNA opened at 18.04 VND, reached a high of 18.91 VND, a low of 18.04 VND, and closed the hour at 18.91 VND with a trading volume of 1,700 shares."
2025-04-21 13:00:00,18.43,18.43,18.43,18.43,1100,VNA,"At 2025-04-21 13:00:00, the stock VNA opened at 18.43 VND, reached a high of 18.43 VND, a low of 18.43 VND, and closed the hour at 18.43 VND with a trading volume of 1,100 shares."
2025-04-21 14:00:00,18.43,18.43,18.43,18.43,2900,VNA,"At 2025-04-21 14:00:00, the stock VNA opened at 18.43 VND, reached a high of 18.43 VND, a low of 18.43 VND, and closed the hour at 18.43 VND with a trading volume of 2,900 shares."
2025-04-22 10:00:00,18.52,18.52,18.33,18.33,300,VNA,"At 2025-04-22 10:00:00, the stock VNA opened at 18.52 VND, reached a high of 18.52 VND, a low of 18.33 VND, and closed the hour at 18.33 VND with a trading volume of 300 shares."
2025-04-22 13:00:00,18.23,18.23,16.58,16.68,4000,VNA,"At 2025-04-22 13:00:00, the stock VNA opened at 18.23 VND, reached a high of 18.23 VND, a low of 16.58 VND, and closed the hour at 16.68 VND with a trading volume of 4,000 shares."
2025-04-22 14:00:00,16.87,17.17,16.87,17.17,400,VNA,"At 2025-04-22 14:00:00, the stock VNA opened at 16.87 VND, reached a high of 17.17 VND, a low of 16.87 VND, and closed the hour at 17.17 VND with a trading volume of 400 shares."
2025-04-23 09:00:00,18.91,18.91,18.91,18.91,100,VNA,"At 2025-04-23 09:00:00, the stock VNA opened at 18.91 VND, reached a high of 18.91 VND, a low of 18.91 VND, and closed the hour at 18.91 VND with a trading volume of 100 shares."
2025-04-23 10:00:00,18.81,18.81,18.81,18.81,100,VNA,"At 2025-04-23 10:00:00, the stock VNA opened at 18.81 VND, reached a high of 18.81 VND, a low of 18.81 VND, and closed the hour at 18.81 VND with a trading volume of 100 shares."
2025-04-23 13:00:00,18.62,18.62,17.46,17.46,3100,VNA,"At 2025-04-23 13:00:00, the stock VNA opened at 18.62 VND, reached a high of 18.62 VND, a low of 17.46 VND, and closed the hour at 17.46 VND with a trading volume of 3,100 shares."
2025-04-23 14:00:00,17.46,17.46,17.26,17.26,7300,VNA,"At 2025-04-23 14:00:00, the stock VNA opened at 17.46 VND, reached a high of 17.46 VND, a low of 17.26 VND, and closed the hour at 17.26 VND with a trading volume of 7,300 shares."
2025-04-24 09:00:00,18.62,18.62,18.62,18.62,100,VNA,"At 2025-04-24 09:00:00, the stock VNA opened at 18.62 VND, reached a high of 18.62 VND, a low of 18.62 VND, and closed the hour at 18.62 VND with a trading volume of 100 shares."
2025-04-24 10:00:00,18.62,18.62,18.43,18.43,300,VNA,"At 2025-04-24 10:00:00, the stock VNA opened at 18.62 VND, reached a high of 18.62 VND, a low of 18.43 VND, and closed the hour at 18.43 VND with a trading volume of 300 shares."
2025-04-24 14:00:00,18.23,18.23,18.23,18.23,900,VNA,"At 2025-04-24 14:00:00, the stock VNA opened at 18.23 VND, reached a high of 18.23 VND, a low of 18.23 VND, and closed the hour at 18.23 VND with a trading volume of 900 shares."
2025-04-25 09:00:00,18.33,18.33,18.33,18.33,100,VNA,"At 2025-04-25 09:00:00, the stock VNA opened at 18.33 VND, reached a high of 18.33 VND, a low of 18.33 VND, and closed the hour at 18.33 VND with a trading volume of 100 shares."
2025-04-25 10:00:00,18.33,18.33,18.33,18.33,500,VNA,"At 2025-04-25 10:00:00, the stock VNA opened at 18.33 VND, reached a high of 18.33 VND, a low of 18.33 VND, and closed the hour at 18.33 VND with a trading volume of 500 shares."
2025-04-25 11:00:00,18.33,18.33,18.33,18.33,200,VNA,"At 2025-04-25 11:00:00, the stock VNA opened at 18.33 VND, reached a high of 18.33 VND, a low of 18.33 VND, and closed the hour at 18.33 VND with a trading volume of 200 shares."
2025-04-25 14:00:00,18.23,18.33,18.23,18.33,900,VNA,"At 2025-04-25 14:00:00, the stock VNA opened at 18.23 VND, reached a high of 18.33 VND, a low of 18.23 VND, and closed the hour at 18.33 VND with a trading volume of 900 shares."
2025-04-28 09:00:00,18.33,18.33,18.33,18.33,100,VNA,"At 2025-04-28 09:00:00, the stock VNA opened at 18.33 VND, reached a high of 18.33 VND, a low of 18.33 VND, and closed the hour at 18.33 VND with a trading volume of 100 shares."
2025-04-28 13:00:00,18.33,18.33,18.33,18.33,200,VNA,"At 2025-04-28 13:00:00, the stock VNA opened at 18.33 VND, reached a high of 18.33 VND, a low of 18.33 VND, and closed the hour at 18.33 VND with a trading volume of 200 shares."
2025-04-29 09:00:00,18.14,18.14,18.14,18.14,500,VNA,"At 2025-04-29 09:00:00, the stock VNA opened at 18.14 VND, reached a high of 18.14 VND, a low of 18.14 VND, and closed the hour at 18.14 VND with a trading volume of 500 shares."
2025-04-29 10:00:00,18.33,18.33,18.33,18.33,100,VNA,"At 2025-04-29 10:00:00, the stock VNA opened at 18.33 VND, reached a high of 18.33 VND, a low of 18.33 VND, and closed the hour at 18.33 VND with a trading volume of 100 shares."
2025-04-29 11:00:00,18.52,18.52,18.52,18.52,100,VNA,"At 2025-04-29 11:00:00, the stock VNA opened at 18.52 VND, reached a high of 18.52 VND, a low of 18.52 VND, and closed the hour at 18.52 VND with a trading volume of 100 shares."
2025-04-29 13:00:00,18.52,18.52,18.52,18.52,600,VNA,"At 2025-04-29 13:00:00, the stock VNA opened at 18.52 VND, reached a high of 18.52 VND, a low of 18.52 VND, and closed the hour at 18.52 VND with a trading volume of 600 shares."
2025-04-29 14:00:00,18.33,18.33,18.33,18.33,1000,VNA,"At 2025-04-29 14:00:00, the stock VNA opened at 18.33 VND, reached a high of 18.33 VND, a low of 18.33 VND, and closed the hour at 18.33 VND with a trading volume of 1,000 shares."
2025-05-05 09:00:00,19.3,19.3,19.3,19.3,100,VNA,"At 2025-05-05 09:00:00, the stock VNA opened at 19.30 VND, reached a high of 19.30 VND, a low of 19.30 VND, and closed the hour at 19.30 VND with a trading volume of 100 shares."
2025-05-05 10:00:00,18.33,18.33,18.33,18.33,900,VNA,"At 2025-05-05 10:00:00, the stock VNA opened at 18.33 VND, reached a high of 18.33 VND, a low of 18.33 VND, and closed the hour at 18.33 VND with a trading volume of 900 shares."
2025-05-05 11:00:00,18.33,18.33,18.33,18.33,1000,VNA,"At 2025-05-05 11:00:00, the stock VNA opened at 18.33 VND, reached a high of 18.33 VND, a low of 18.33 VND, and closed the hour at 18.33 VND with a trading volume of 1,000 shares."
2025-05-05 13:00:00,18.33,18.33,18.33,18.33,200,VNA,"At 2025-05-05 13:00:00, the stock VNA opened at 18.33 VND, reached a high of 18.33 VND, a low of 18.33 VND, and closed the hour at 18.33 VND with a trading volume of 200 shares."
2025-05-05 14:00:00,18.62,18.62,18.62,18.62,100,VNA,"At 2025-05-05 14:00:00, the stock VNA opened at 18.62 VND, reached a high of 18.62 VND, a low of 18.62 VND, and closed the hour at 18.62 VND with a trading volume of 100 shares."
2025-05-06 09:00:00,18.91,19.01,18.91,19.01,300,VNA,"At 2025-05-06 09:00:00, the stock VNA opened at 18.91 VND, reached a high of 19.01 VND, a low of 18.91 VND, and closed the hour at 19.01 VND with a trading volume of 300 shares."
2025-05-06 10:00:00,18.52,18.72,18.52,18.72,500,VNA,"At 2025-05-06 10:00:00, the stock VNA opened at 18.52 VND, reached a high of 18.72 VND, a low of 18.52 VND, and closed the hour at 18.72 VND with a trading volume of 500 shares."
2025-05-06 13:00:00,18.43,18.43,18.43,18.43,300,VNA,"At 2025-05-06 13:00:00, the stock VNA opened at 18.43 VND, reached a high of 18.43 VND, a low of 18.43 VND, and closed the hour at 18.43 VND with a trading volume of 300 shares."
2025-05-06 14:00:00,18.43,18.43,17.94,17.94,1300,VNA,"At 2025-05-06 14:00:00, the stock VNA opened at 18.43 VND, reached a high of 18.43 VND, a low of 17.94 VND, and closed the hour at 17.94 VND with a trading volume of 1,300 shares."
2025-05-07 09:00:00,18.33,18.33,18.33,18.33,900,VNA,"At 2025-05-07 09:00:00, the stock VNA opened at 18.33 VND, reached a high of 18.33 VND, a low of 18.33 VND, and closed the hour at 18.33 VND with a trading volume of 900 shares."
2025-05-07 13:00:00,18.33,18.43,18.33,18.43,1000,VNA,"At 2025-05-07 13:00:00, the stock VNA opened at 18.33 VND, reached a high of 18.43 VND, a low of 18.33 VND, and closed the hour at 18.43 VND with a trading volume of 1,000 shares."
2025-05-08 10:00:00,18.33,18.33,18.33,18.33,6000,VNA,"At 2025-05-08 10:00:00, the stock VNA opened at 18.33 VND, reached a high of 18.33 VND, a low of 18.33 VND, and closed the hour at 18.33 VND with a trading volume of 6,000 shares."
2025-05-08 11:00:00,18.33,18.33,18.33,18.33,400,VNA,"At 2025-05-08 11:00:00, the stock VNA opened at 18.33 VND, reached a high of 18.33 VND, a low of 18.33 VND, and closed the hour at 18.33 VND with a trading volume of 400 shares."
2025-05-08 13:00:00,18.23,18.23,18.23,18.23,500,VNA,"At 2025-05-08 13:00:00, the stock VNA opened at 18.23 VND, reached a high of 18.23 VND, a low of 18.23 VND, and closed the hour at 18.23 VND with a trading volume of 500 shares."
2025-05-08 14:00:00,18.23,18.23,18.23,18.23,100,VNA,"At 2025-05-08 14:00:00, the stock VNA opened at 18.23 VND, reached a high of 18.23 VND, a low of 18.23 VND, and closed the hour at 18.23 VND with a trading volume of 100 shares."
2025-05-09 09:00:00,17.94,18.04,17.94,18.04,400,VNA,"At 2025-05-09 09:00:00, the stock VNA opened at 17.94 VND, reached a high of 18.04 VND, a low of 17.94 VND, and closed the hour at 18.04 VND with a trading volume of 400 shares."
2025-05-09 10:00:00,18.43,18.43,18.43,18.43,100,VNA,"At 2025-05-09 10:00:00, the stock VNA opened at 18.43 VND, reached a high of 18.43 VND, a low of 18.43 VND, and closed the hour at 18.43 VND with a trading volume of 100 shares."
2025-05-09 11:00:00,18.23,18.23,18.23,18.23,100,VNA,"At 2025-05-09 11:00:00, the stock VNA opened at 18.23 VND, reached a high of 18.23 VND, a low of 18.23 VND, and closed the hour at 18.23 VND with a trading volume of 100 shares."
2025-05-09 14:00:00,18.23,18.23,18.04,18.23,4600,VNA,"At 2025-05-09 14:00:00, the stock VNA opened at 18.23 VND, reached a high of 18.23 VND, a low of 18.04 VND, and closed the hour at 18.23 VND with a trading volume of 4,600 shares."
2025-05-12 13:00:00,18.14,18.14,18.14,18.14,100,VNA,"At 2025-05-12 13:00:00, the stock VNA opened at 18.14 VND, reached a high of 18.14 VND, a low of 18.14 VND, and closed the hour at 18.14 VND with a trading volume of 100 shares."
2025-05-12 14:00:00,18.23,18.23,17.94,17.94,7700,VNA,"At 2025-05-12 14:00:00, the stock VNA opened at 18.23 VND, reached a high of 18.23 VND, a low of 17.94 VND, and closed the hour at 17.94 VND with a trading volume of 7,700 shares."
2025-05-13 09:00:00,18.62,18.62,18.62,18.62,300,VNA,"At 2025-05-13 09:00:00, the stock VNA opened at 18.62 VND, reached a high of 18.62 VND, a low of 18.62 VND, and closed the hour at 18.62 VND with a trading volume of 300 shares."
2025-05-13 13:00:00,18.14,18.14,18.14,18.14,100,VNA,"At 2025-05-13 13:00:00, the stock VNA opened at 18.14 VND, reached a high of 18.14 VND, a low of 18.14 VND, and closed the hour at 18.14 VND with a trading volume of 100 shares."
2025-05-13 14:00:00,18.14,18.14,18.14,18.14,500,VNA,"At 2025-05-13 14:00:00, the stock VNA opened at 18.14 VND, reached a high of 18.14 VND, a low of 18.14 VND, and closed the hour at 18.14 VND with a trading volume of 500 shares."
2025-05-14 09:00:00,18.33,18.33,18.33,18.33,800,VNA,"At 2025-05-14 09:00:00, the stock VNA opened at 18.33 VND, reached a high of 18.33 VND, a low of 18.33 VND, and closed the hour at 18.33 VND with a trading volume of 800 shares."
2025-05-14 10:00:00,18.33,18.33,18.33,18.33,1500,VNA,"At 2025-05-14 10:00:00, the stock VNA opened at 18.33 VND, reached a high of 18.33 VND, a low of 18.33 VND, and closed the hour at 18.33 VND with a trading volume of 1,500 shares."
2025-05-14 13:00:00,18.33,18.33,18.33,18.33,700,VNA,"At 2025-05-14 13:00:00, the stock VNA opened at 18.33 VND, reached a high of 18.33 VND, a low of 18.33 VND, and closed the hour at 18.33 VND with a trading volume of 700 shares."
2025-05-14 14:00:00,18.33,18.33,18.33,18.33,1400,VNA,"At 2025-05-14 14:00:00, the stock VNA opened at 18.33 VND, reached a high of 18.33 VND, a low of 18.33 VND, and closed the hour at 18.33 VND with a trading volume of 1,400 shares."
2025-05-15 09:00:00,18.04,18.04,18.04,18.04,300,VNA,"At 2025-05-15 09:00:00, the stock VNA opened at 18.04 VND, reached a high of 18.04 VND, a low of 18.04 VND, and closed the hour at 18.04 VND with a trading volume of 300 shares."
2025-05-15 13:00:00,18.14,18.14,18.14,18.14,600,VNA,"At 2025-05-15 13:00:00, the stock VNA opened at 18.14 VND, reached a high of 18.14 VND, a low of 18.14 VND, and closed the hour at 18.14 VND with a trading volume of 600 shares."
2025-05-15 14:00:00,18.14,18.14,18.04,18.04,1500,VNA,"At 2025-05-15 14:00:00, the stock VNA opened at 18.14 VND, reached a high of 18.14 VND, a low of 18.04 VND, and closed the hour at 18.04 VND with a trading volume of 1,500 shares."
2025-05-16 09:00:00,19.3,19.3,18.14,18.14,800,VNA,"At 2025-05-16 09:00:00, the stock VNA opened at 19.30 VND, reached a high of 19.30 VND, a low of 18.14 VND, and closed the hour at 18.14 VND with a trading volume of 800 shares."
2025-05-16 13:00:00,18.14,18.14,18.14,18.14,2000,VNA,"At 2025-05-16 13:00:00, the stock VNA opened at 18.14 VND, reached a high of 18.14 VND, a low of 18.14 VND, and closed the hour at 18.14 VND with a trading volume of 2,000 shares."
2025-05-16 14:00:00,18.14,18.14,18.14,18.14,1300,VNA,"At 2025-05-16 14:00:00, the stock VNA opened at 18.14 VND, reached a high of 18.14 VND, a low of 18.14 VND, and closed the hour at 18.14 VND with a trading volume of 1,300 shares."
2025-05-20 09:00:00,19.3,19.3,18.43,18.43,500,VNA,"At 2025-05-20 09:00:00, the stock VNA opened at 19.30 VND, reached a high of 19.30 VND, a low of 18.43 VND, and closed the hour at 18.43 VND with a trading volume of 500 shares."
2025-05-20 10:00:00,18.04,18.04,18.04,18.04,300,VNA,"At 2025-05-20 10:00:00, the stock VNA opened at 18.04 VND, reached a high of 18.04 VND, a low of 18.04 VND, and closed the hour at 18.04 VND with a trading volume of 300 shares."
2025-05-20 11:00:00,18.04,18.04,18.04,18.04,200,VNA,"At 2025-05-20 11:00:00, the stock VNA opened at 18.04 VND, reached a high of 18.04 VND, a low of 18.04 VND, and closed the hour at 18.04 VND with a trading volume of 200 shares."
2025-05-20 13:00:00,18.23,18.33,18.14,18.14,5800,VNA,"At 2025-05-20 13:00:00, the stock VNA opened at 18.23 VND, reached a high of 18.33 VND, a low of 18.14 VND, and closed the hour at 18.14 VND with a trading volume of 5,800 shares."
2025-05-21 09:00:00,18.33,18.33,18.33,18.33,100,VNA,"At 2025-05-21 09:00:00, the stock VNA opened at 18.33 VND, reached a high of 18.33 VND, a low of 18.33 VND, and closed the hour at 18.33 VND with a trading volume of 100 shares."
2025-05-21 11:00:00,18.33,18.33,18.33,18.33,100,VNA,"At 2025-05-21 11:00:00, the stock VNA opened at 18.33 VND, reached a high of 18.33 VND, a low of 18.33 VND, and closed the hour at 18.33 VND with a trading volume of 100 shares."
2025-05-21 14:00:00,18.33,18.33,18.33,18.33,3500,VNA,"At 2025-05-21 14:00:00, the stock VNA opened at 18.33 VND, reached a high of 18.33 VND, a low of 18.33 VND, and closed the hour at 18.33 VND with a trading volume of 3,500 shares."
2025-05-22 10:00:00,18.33,18.33,18.33,18.33,600,VNA,"At 2025-05-22 10:00:00, the stock VNA opened at 18.33 VND, reached a high of 18.33 VND, a low of 18.33 VND, and closed the hour at 18.33 VND with a trading volume of 600 shares."
2025-05-22 11:00:00,18.43,18.43,18.43,18.43,100,VNA,"At 2025-05-22 11:00:00, the stock VNA opened at 18.43 VND, reached a high of 18.43 VND, a low of 18.43 VND, and closed the hour at 18.43 VND with a trading volume of 100 shares."
2025-05-22 13:00:00,18.33,18.33,18.33,18.33,1000,VNA,"At 2025-05-22 13:00:00, the stock VNA opened at 18.33 VND, reached a high of 18.33 VND, a low of 18.33 VND, and closed the hour at 18.33 VND with a trading volume of 1,000 shares."
2025-05-22 14:00:00,18.33,18.33,18.33,18.33,2300,VNA,"At 2025-05-22 14:00:00, the stock VNA opened at 18.33 VND, reached a high of 18.33 VND, a low of 18.33 VND, and closed the hour at 18.33 VND with a trading volume of 2,300 shares."
2025-05-23 09:00:00,18.33,18.33,18.33,18.33,2000,VNA,"At 2025-05-23 09:00:00, the stock VNA opened at 18.33 VND, reached a high of 18.33 VND, a low of 18.33 VND, and closed the hour at 18.33 VND with a trading volume of 2,000 shares."
2025-05-23 14:00:00,18.43,18.43,18.43,18.43,100,VNA,"At 2025-05-23 14:00:00, the stock VNA opened at 18.43 VND, reached a high of 18.43 VND, a low of 18.43 VND, and closed the hour at 18.43 VND with a trading volume of 100 shares."
2025-05-26 09:00:00,19.3,19.3,18.23,18.43,800,VNA,"At 2025-05-26 09:00:00, the stock VNA opened at 19.30 VND, reached a high of 19.30 VND, a low of 18.23 VND, and closed the hour at 18.43 VND with a trading volume of 800 shares."
2025-05-26 10:00:00,18.23,18.72,18.23,18.72,300,VNA,"At 2025-05-26 10:00:00, the stock VNA opened at 18.23 VND, reached a high of 18.72 VND, a low of 18.23 VND, and closed the hour at 18.72 VND with a trading volume of 300 shares."
2025-05-27 10:00:00,18.72,19.4,18.72,19.4,3300,VNA,"At 2025-05-27 10:00:00, the stock VNA opened at 18.72 VND, reached a high of 19.40 VND, a low of 18.72 VND, and closed the hour at 19.40 VND with a trading volume of 3,300 shares."
2025-05-27 11:00:00,19.3,19.3,19.3,19.3,900,VNA,"At 2025-05-27 11:00:00, the stock VNA opened at 19.30 VND, reached a high of 19.30 VND, a low of 19.30 VND, and closed the hour at 19.30 VND with a trading volume of 900 shares."
2025-05-27 13:00:00,19.3,19.3,19.3,19.3,100,VNA,"At 2025-05-27 13:00:00, the stock VNA opened at 19.30 VND, reached a high of 19.30 VND, a low of 19.30 VND, and closed the hour at 19.30 VND with a trading volume of 100 shares."
2025-05-27 14:00:00,19.3,19.3,19.3,19.3,1000,VNA,"At 2025-05-27 14:00:00, the stock VNA opened at 19.30 VND, reached a high of 19.30 VND, a low of 19.30 VND, and closed the hour at 19.30 VND with a trading volume of 1,000 shares."
2025-05-28 09:00:00,19.69,19.69,19.3,19.3,300,VNA,"At 2025-05-28 09:00:00, the stock VNA opened at 19.69 VND, reached a high of 19.69 VND, a low of 19.30 VND, and closed the hour at 19.30 VND with a trading volume of 300 shares."
2025-05-28 10:00:00,19.59,19.59,19.3,19.3,1200,VNA,"At 2025-05-28 10:00:00, the stock VNA opened at 19.59 VND, reached a high of 19.59 VND, a low of 19.30 VND, and closed the hour at 19.30 VND with a trading volume of 1,200 shares."
2025-05-28 11:00:00,19.4,19.49,19.4,19.49,5300,VNA,"At 2025-05-28 11:00:00, the stock VNA opened at 19.40 VND, reached a high of 19.49 VND, a low of 19.40 VND, and closed the hour at 19.49 VND with a trading volume of 5,300 shares."
2025-05-28 13:00:00,19.49,19.49,19.4,19.4,5100,VNA,"At 2025-05-28 13:00:00, the stock VNA opened at 19.49 VND, reached a high of 19.49 VND, a low of 19.40 VND, and closed the hour at 19.40 VND with a trading volume of 5,100 shares."
2025-05-28 14:00:00,19.4,19.4,19.3,19.3,3000,VNA,"At 2025-05-28 14:00:00, the stock VNA opened at 19.40 VND, reached a high of 19.40 VND, a low of 19.30 VND, and closed the hour at 19.30 VND with a trading volume of 3,000 shares."
2025-05-29 14:00:00,18.81,18.91,18.43,18.91,1700,VNA,"At 2025-05-29 14:00:00, the stock VNA opened at 18.81 VND, reached a high of 18.91 VND, a low of 18.43 VND, and closed the hour at 18.91 VND with a trading volume of 1,700 shares."
2025-05-30 09:00:00,18.81,18.81,18.72,18.72,2200,VNA,"At 2025-05-30 09:00:00, the stock VNA opened at 18.81 VND, reached a high of 18.81 VND, a low of 18.72 VND, and closed the hour at 18.72 VND with a trading volume of 2,200 shares."
2025-05-30 10:00:00,18.72,18.72,18.72,18.72,800,VNA,"At 2025-05-30 10:00:00, the stock VNA opened at 18.72 VND, reached a high of 18.72 VND, a low of 18.72 VND, and closed the hour at 18.72 VND with a trading volume of 800 shares."
2025-05-30 11:00:00,18.72,18.72,18.72,18.72,100,VNA,"At 2025-05-30 11:00:00, the stock VNA opened at 18.72 VND, reached a high of 18.72 VND, a low of 18.72 VND, and closed the hour at 18.72 VND with a trading volume of 100 shares."
2025-05-30 13:00:00,18.72,18.72,18.72,18.72,700,VNA,"At 2025-05-30 13:00:00, the stock VNA opened at 18.72 VND, reached a high of 18.72 VND, a low of 18.72 VND, and closed the hour at 18.72 VND with a trading volume of 700 shares."
2025-05-30 14:00:00,18.72,18.72,18.72,18.72,1400,VNA,"At 2025-05-30 14:00:00, the stock VNA opened at 18.72 VND, reached a high of 18.72 VND, a low of 18.72 VND, and closed the hour at 18.72 VND with a trading volume of 1,400 shares."
2025-06-02 09:00:00,18.72,19.78,18.72,19.78,200,VNA,"At 2025-06-02 09:00:00, the stock VNA opened at 18.72 VND, reached a high of 19.78 VND, a low of 18.72 VND, and closed the hour at 19.78 VND with a trading volume of 200 shares."
2025-06-03 09:00:00,19.49,19.49,19.49,19.49,100,VNA,"At 2025-06-03 09:00:00, the stock VNA opened at 19.49 VND, reached a high of 19.49 VND, a low of 19.49 VND, and closed the hour at 19.49 VND with a trading volume of 100 shares."
2025-06-03 10:00:00,19.4,19.4,19.4,19.4,500,VNA,"At 2025-06-03 10:00:00, the stock VNA opened at 19.40 VND, reached a high of 19.40 VND, a low of 19.40 VND, and closed the hour at 19.40 VND with a trading volume of 500 shares."
2025-06-03 14:00:00,19.3,19.3,19.3,19.3,200,VNA,"At 2025-06-03 14:00:00, the stock VNA opened at 19.30 VND, reached a high of 19.30 VND, a low of 19.30 VND, and closed the hour at 19.30 VND with a trading volume of 200 shares."
2025-06-04 13:00:00,18.91,18.91,18.91,18.91,300,VNA,"At 2025-06-04 13:00:00, the stock VNA opened at 18.91 VND, reached a high of 18.91 VND, a low of 18.91 VND, and closed the hour at 18.91 VND with a trading volume of 300 shares."
2025-06-04 14:00:00,18.91,18.91,18.91,18.91,500,VNA,"At 2025-06-04 14:00:00, the stock VNA opened at 18.91 VND, reached a high of 18.91 VND, a low of 18.91 VND, and closed the hour at 18.91 VND with a trading volume of 500 shares."
2025-06-05 09:00:00,20.17,20.17,20.17,20.17,100,VNA,"At 2025-06-05 09:00:00, the stock VNA opened at 20.17 VND, reached a high of 20.17 VND, a low of 20.17 VND, and closed the hour at 20.17 VND with a trading volume of 100 shares."
2025-06-06 09:00:00,19.78,19.78,18.72,18.72,800,VNA,"At 2025-06-06 09:00:00, the stock VNA opened at 19.78 VND, reached a high of 19.78 VND, a low of 18.72 VND, and closed the hour at 18.72 VND with a trading volume of 800 shares."
2025-06-06 10:00:00,18.72,18.72,18.72,18.72,200,VNA,"At 2025-06-06 10:00:00, the stock VNA opened at 18.72 VND, reached a high of 18.72 VND, a low of 18.72 VND, and closed the hour at 18.72 VND with a trading volume of 200 shares."
2025-06-06 11:00:00,19.3,19.3,19.3,19.3,100,VNA,"At 2025-06-06 11:00:00, the stock VNA opened at 19.30 VND, reached a high of 19.30 VND, a low of 19.30 VND, and closed the hour at 19.30 VND with a trading volume of 100 shares."
2025-06-06 13:00:00,19.3,19.3,18.72,19.2,1000,VNA,"At 2025-06-06 13:00:00, the stock VNA opened at 19.30 VND, reached a high of 19.30 VND, a low of 18.72 VND, and closed the hour at 19.20 VND with a trading volume of 1,000 shares."
2025-06-06 14:00:00,19.11,19.2,18.62,18.62,3900,VNA,"At 2025-06-06 14:00:00, the stock VNA opened at 19.11 VND, reached a high of 19.20 VND, a low of 18.62 VND, and closed the hour at 18.62 VND with a trading volume of 3,900 shares."
2025-06-09 09:00:00,19.59,19.59,19.59,19.59,100,VNA,"At 2025-06-09 09:00:00, the stock VNA opened at 19.59 VND, reached a high of 19.59 VND, a low of 19.59 VND, and closed the hour at 19.59 VND with a trading volume of 100 shares."
2025-06-10 13:00:00,18.52,18.52,18.52,18.52,100,VNA,"At 2025-06-10 13:00:00, the stock VNA opened at 18.52 VND, reached a high of 18.52 VND, a low of 18.52 VND, and closed the hour at 18.52 VND with a trading volume of 100 shares."
2025-06-10 14:00:00,18.62,18.62,18.62,18.62,100,VNA,"At 2025-06-10 14:00:00, the stock VNA opened at 18.62 VND, reached a high of 18.62 VND, a low of 18.62 VND, and closed the hour at 18.62 VND with a trading volume of 100 shares."
2025-06-11 14:00:00,18.62,18.62,18.62,18.62,100,VNA,"At 2025-06-11 14:00:00, the stock VNA opened at 18.62 VND, reached a high of 18.62 VND, a low of 18.62 VND, and closed the hour at 18.62 VND with a trading volume of 100 shares."
2025-06-12 10:00:00,19.4,19.4,19.4,19.4,100,VNA,"At 2025-06-12 10:00:00, the stock VNA opened at 19.40 VND, reached a high of 19.40 VND, a low of 19.40 VND, and closed the hour at 19.40 VND with a trading volume of 100 shares."
2025-06-12 13:00:00,18.52,18.52,18.52,18.52,100,VNA,"At 2025-06-12 13:00:00, the stock VNA opened at 18.52 VND, reached a high of 18.52 VND, a low of 18.52 VND, and closed the hour at 18.52 VND with a trading volume of 100 shares."
2025-06-13 09:00:00,19.01,19.01,19.01,19.01,100,VNA,"At 2025-06-13 09:00:00, the stock VNA opened at 19.01 VND, reached a high of 19.01 VND, a low of 19.01 VND, and closed the hour at 19.01 VND with a trading volume of 100 shares."
2025-06-17 13:00:00,18.33,18.33,18.33,18.33,500,VNA,"At 2025-06-17 13:00:00, the stock VNA opened at 18.33 VND, reached a high of 18.33 VND, a low of 18.33 VND, and closed the hour at 18.33 VND with a trading volume of 500 shares."
2025-06-18 09:00:00,19.2,19.2,19.01,19.01,300,VNA,"At 2025-06-18 09:00:00, the stock VNA opened at 19.20 VND, reached a high of 19.20 VND, a low of 19.01 VND, and closed the hour at 19.01 VND with a trading volume of 300 shares."
2025-06-18 10:00:00,18.43,18.43,18.43,18.43,100,VNA,"At 2025-06-18 10:00:00, the stock VNA opened at 18.43 VND, reached a high of 18.43 VND, a low of 18.43 VND, and closed the hour at 18.43 VND with a trading volume of 100 shares."
2025-06-18 13:00:00,18.43,18.43,18.43,18.43,100,VNA,"At 2025-06-18 13:00:00, the stock VNA opened at 18.43 VND, reached a high of 18.43 VND, a low of 18.43 VND, and closed the hour at 18.43 VND with a trading volume of 100 shares."
2025-06-19 09:00:00,18.43,18.52,18.43,18.52,400,VNA,"At 2025-06-19 09:00:00, the stock VNA opened at 18.43 VND, reached a high of 18.52 VND, a low of 18.43 VND, and closed the hour at 18.52 VND with a trading volume of 400 shares."
2025-06-19 14:00:00,18.62,18.72,18.62,18.72,300,VNA,"At 2025-06-19 14:00:00, the stock VNA opened at 18.62 VND, reached a high of 18.72 VND, a low of 18.62 VND, and closed the hour at 18.72 VND with a trading volume of 300 shares."
2025-06-20 10:00:00,18.52,18.52,18.52,18.52,500,VNA,"At 2025-06-20 10:00:00, the stock VNA opened at 18.52 VND, reached a high of 18.52 VND, a low of 18.52 VND, and closed the hour at 18.52 VND with a trading volume of 500 shares."
2025-06-20 13:00:00,18.52,18.52,18.52,18.52,100,VNA,"At 2025-06-20 13:00:00, the stock VNA opened at 18.52 VND, reached a high of 18.52 VND, a low of 18.52 VND, and closed the hour at 18.52 VND with a trading volume of 100 shares."
2025-06-24 13:00:00,18.91,18.91,18.91,18.91,100,VNA,"At 2025-06-24 13:00:00, the stock VNA opened at 18.91 VND, reached a high of 18.91 VND, a low of 18.91 VND, and closed the hour at 18.91 VND with a trading volume of 100 shares."
2025-06-27 10:00:00,18.91,18.91,18.91,18.91,100,VNA,"At 2025-06-27 10:00:00, the stock VNA opened at 18.91 VND, reached a high of 18.91 VND, a low of 18.91 VND, and closed the hour at 18.91 VND with a trading volume of 100 shares."
2025-06-30 10:00:00,18.91,18.91,18.91,18.91,100,VNA,"At 2025-06-30 10:00:00, the stock VNA opened at 18.91 VND, reached a high of 18.91 VND, a low of 18.91 VND, and closed the hour at 18.91 VND with a trading volume of 100 shares."
2025-07-01 09:00:00,18.91,18.91,18.91,18.91,200,VNA,"At 2025-07-01 09:00:00, the stock VNA opened at 18.91 VND, reached a high of 18.91 VND, a low of 18.91 VND, and closed the hour at 18.91 VND with a trading volume of 200 shares."
2025-07-01 10:00:00,18.52,18.52,18.52,18.52,100,VNA,"At 2025-07-01 10:00:00, the stock VNA opened at 18.52 VND, reached a high of 18.52 VND, a low of 18.52 VND, and closed the hour at 18.52 VND with a trading volume of 100 shares."
2025-07-01 11:00:00,18.62,18.62,18.62,18.62,300,VNA,"At 2025-07-01 11:00:00, the stock VNA opened at 18.62 VND, reached a high of 18.62 VND, a low of 18.62 VND, and closed the hour at 18.62 VND with a trading volume of 300 shares."
2025-07-01 14:00:00,18.72,18.72,18.72,18.72,100,VNA,"At 2025-07-01 14:00:00, the stock VNA opened at 18.72 VND, reached a high of 18.72 VND, a low of 18.72 VND, and closed the hour at 18.72 VND with a trading volume of 100 shares."
2025-07-02 09:00:00,18.72,18.72,18.72,18.72,200,VNA,"At 2025-07-02 09:00:00, the stock VNA opened at 18.72 VND, reached a high of 18.72 VND, a low of 18.72 VND, and closed the hour at 18.72 VND with a trading volume of 200 shares."
2025-07-02 10:00:00,18.72,18.72,18.72,18.72,100,VNA,"At 2025-07-02 10:00:00, the stock VNA opened at 18.72 VND, reached a high of 18.72 VND, a low of 18.72 VND, and closed the hour at 18.72 VND with a trading volume of 100 shares."
2025-07-03 09:00:00,18.72,18.72,18.72,18.72,100,VNA,"At 2025-07-03 09:00:00, the stock VNA opened at 18.72 VND, reached a high of 18.72 VND, a low of 18.72 VND, and closed the hour at 18.72 VND with a trading volume of 100 shares."
2025-07-03 10:00:00,18.72,18.72,18.72,18.72,100,VNA,"At 2025-07-03 10:00:00, the stock VNA opened at 18.72 VND, reached a high of 18.72 VND, a low of 18.72 VND, and closed the hour at 18.72 VND with a trading volume of 100 shares."
2025-07-03 13:00:00,18.81,18.81,18.81,18.81,200,VNA,"At 2025-07-03 13:00:00, the stock VNA opened at 18.81 VND, reached a high of 18.81 VND, a low of 18.81 VND, and closed the hour at 18.81 VND with a trading volume of 200 shares."
2025-07-03 14:00:00,18.81,18.81,18.81,18.81,100,VNA,"At 2025-07-03 14:00:00, the stock VNA opened at 18.81 VND, reached a high of 18.81 VND, a low of 18.81 VND, and closed the hour at 18.81 VND with a trading volume of 100 shares."
2025-07-07 09:00:00,18.91,18.91,18.91,18.91,1000,VNA,"At 2025-07-07 09:00:00, the stock VNA opened at 18.91 VND, reached a high of 18.91 VND, a low of 18.91 VND, and closed the hour at 18.91 VND with a trading volume of 1,000 shares."
2025-07-07 13:00:00,18.62,18.62,18.62,18.62,1600,VNA,"At 2025-07-07 13:00:00, the stock VNA opened at 18.62 VND, reached a high of 18.62 VND, a low of 18.62 VND, and closed the hour at 18.62 VND with a trading volume of 1,600 shares."
2025-07-07 14:00:00,18.62,18.62,18.62,18.62,200,VNA,"At 2025-07-07 14:00:00, the stock VNA opened at 18.62 VND, reached a high of 18.62 VND, a low of 18.62 VND, and closed the hour at 18.62 VND with a trading volume of 200 shares."
2025-07-08 10:00:00,18.72,18.72,18.72,18.72,200,VNA,"At 2025-07-08 10:00:00, the stock VNA opened at 18.72 VND, reached a high of 18.72 VND, a low of 18.72 VND, and closed the hour at 18.72 VND with a trading volume of 200 shares."
2025-07-08 13:00:00,18.72,18.72,18.72,18.72,2400,VNA,"At 2025-07-08 13:00:00, the stock VNA opened at 18.72 VND, reached a high of 18.72 VND, a low of 18.72 VND, and closed the hour at 18.72 VND with a trading volume of 2,400 shares."
2025-07-08 14:00:00,18.81,19.01,18.81,19.01,3100,VNA,"At 2025-07-08 14:00:00, the stock VNA opened at 18.81 VND, reached a high of 19.01 VND, a low of 18.81 VND, and closed the hour at 19.01 VND with a trading volume of 3,100 shares."
2025-07-09 09:00:00,19.4,19.4,19.4,19.4,1200,VNA,"At 2025-07-09 09:00:00, the stock VNA opened at 19.40 VND, reached a high of 19.40 VND, a low of 19.40 VND, and closed the hour at 19.40 VND with a trading volume of 1,200 shares."
2025-07-09 10:00:00,19.4,19.4,19.4,19.4,7000,VNA,"At 2025-07-09 10:00:00, the stock VNA opened at 19.40 VND, reached a high of 19.40 VND, a low of 19.40 VND, and closed the hour at 19.40 VND with a trading volume of 7,000 shares."
2025-07-09 13:00:00,19.4,19.4,18.91,18.91,1700,VNA,"At 2025-07-09 13:00:00, the stock VNA opened at 19.40 VND, reached a high of 19.40 VND, a low of 18.91 VND, and closed the hour at 18.91 VND with a trading volume of 1,700 shares."
2025-07-09 14:00:00,18.81,18.81,18.81,18.81,700,VNA,"At 2025-07-09 14:00:00, the stock VNA opened at 18.81 VND, reached a high of 18.81 VND, a low of 18.81 VND, and closed the hour at 18.81 VND with a trading volume of 700 shares."
2025-07-10 09:00:00,18.91,18.91,18.91,18.91,300,VNA,"At 2025-07-10 09:00:00, the stock VNA opened at 18.91 VND, reached a high of 18.91 VND, a low of 18.91 VND, and closed the hour at 18.91 VND with a trading volume of 300 shares."
2025-07-10 10:00:00,18.91,18.91,18.91,18.91,4000,VNA,"At 2025-07-10 10:00:00, the stock VNA opened at 18.91 VND, reached a high of 18.91 VND, a low of 18.91 VND, and closed the hour at 18.91 VND with a trading volume of 4,000 shares."
2025-07-10 11:00:00,18.91,18.91,18.91,18.91,5300,VNA,"At 2025-07-10 11:00:00, the stock VNA opened at 18.91 VND, reached a high of 18.91 VND, a low of 18.91 VND, and closed the hour at 18.91 VND with a trading volume of 5,300 shares."
2025-07-10 13:00:00,18.91,18.91,18.91,18.91,1000,VNA,"At 2025-07-10 13:00:00, the stock VNA opened at 18.91 VND, reached a high of 18.91 VND, a low of 18.91 VND, and closed the hour at 18.91 VND with a trading volume of 1,000 shares."
2025-07-10 14:00:00,19.2,19.2,19.2,19.2,1600,VNA,"At 2025-07-10 14:00:00, the stock VNA opened at 19.20 VND, reached a high of 19.20 VND, a low of 19.20 VND, and closed the hour at 19.20 VND with a trading volume of 1,600 shares."
2025-07-11 11:00:00,19.4,19.4,19.4,19.4,100,VNA,"At 2025-07-11 11:00:00, the stock VNA opened at 19.40 VND, reached a high of 19.40 VND, a low of 19.40 VND, and closed the hour at 19.40 VND with a trading volume of 100 shares."
2025-07-11 13:00:00,19.01,19.01,18.91,18.91,200,VNA,"At 2025-07-11 13:00:00, the stock VNA opened at 19.01 VND, reached a high of 19.01 VND, a low of 18.91 VND, and closed the hour at 18.91 VND with a trading volume of 200 shares."
2025-07-11 14:00:00,19.4,19.4,18.72,18.72,6100,VNA,"At 2025-07-11 14:00:00, the stock VNA opened at 19.40 VND, reached a high of 19.40 VND, a low of 18.72 VND, and closed the hour at 18.72 VND with a trading volume of 6,100 shares."
2025-07-14 10:00:00,19.3,19.3,19.3,19.3,800,VNA,"At 2025-07-14 10:00:00, the stock VNA opened at 19.30 VND, reached a high of 19.30 VND, a low of 19.30 VND, and closed the hour at 19.30 VND with a trading volume of 800 shares."
2025-07-15 09:00:00,20.0,20.0,20.0,20.0,100,VNA,"At 2025-07-15 09:00:00, the stock VNA opened at 20.00 VND, reached a high of 20.00 VND, a low of 20.00 VND, and closed the hour at 20.00 VND with a trading volume of 100 shares."
2025-07-15 14:00:00,19.8,19.8,19.8,19.8,600,VNA,"At 2025-07-15 14:00:00, the stock VNA opened at 19.80 VND, reached a high of 19.80 VND, a low of 19.80 VND, and closed the hour at 19.80 VND with a trading volume of 600 shares."
2025-07-16 13:00:00,19.2,19.2,19.1,19.1,300,VNA,"At 2025-07-16 13:00:00, the stock VNA opened at 19.20 VND, reached a high of 19.20 VND, a low of 19.10 VND, and closed the hour at 19.10 VND with a trading volume of 300 shares."
2025-07-17 10:00:00,19.5,19.5,19.5,19.5,400,VNA,"At 2025-07-17 10:00:00, the stock VNA opened at 19.50 VND, reached a high of 19.50 VND, a low of 19.50 VND, and closed the hour at 19.50 VND with a trading volume of 400 shares."
2025-07-17 11:00:00,19.4,19.4,19.4,19.4,100,VNA,"At 2025-07-17 11:00:00, the stock VNA opened at 19.40 VND, reached a high of 19.40 VND, a low of 19.40 VND, and closed the hour at 19.40 VND with a trading volume of 100 shares."
2025-07-17 13:00:00,19.4,19.4,17.2,19.3,4100,VNA,"At 2025-07-17 13:00:00, the stock VNA opened at 19.40 VND, reached a high of 19.40 VND, a low of 17.20 VND, and closed the hour at 19.30 VND with a trading volume of 4,100 shares."
2025-07-17 14:00:00,19.3,19.3,19.2,19.3,700,VNA,"At 2025-07-17 14:00:00, the stock VNA opened at 19.30 VND, reached a high of 19.30 VND, a low of 19.20 VND, and closed the hour at 19.30 VND with a trading volume of 700 shares."
2025-07-18 09:00:00,19.5,19.5,18.7,18.7,1300,VNA,"At 2025-07-18 09:00:00, the stock VNA opened at 19.50 VND, reached a high of 19.50 VND, a low of 18.70 VND, and closed the hour at 18.70 VND with a trading volume of 1,300 shares."
2025-07-18 14:00:00,19.0,19.0,18.8,18.8,2700,VNA,"At 2025-07-18 14:00:00, the stock VNA opened at 19.00 VND, reached a high of 19.00 VND, a low of 18.80 VND, and closed the hour at 18.80 VND with a trading volume of 2,700 shares."
2025-07-21 13:00:00,19.0,19.0,19.0,19.0,700,VNA,"At 2025-07-21 13:00:00, the stock VNA opened at 19.00 VND, reached a high of 19.00 VND, a low of 19.00 VND, and closed the hour at 19.00 VND with a trading volume of 700 shares."
2025-07-21 14:00:00,19.0,19.0,19.0,19.0,500,VNA,"At 2025-07-21 14:00:00, the stock VNA opened at 19.00 VND, reached a high of 19.00 VND, a low of 19.00 VND, and closed the hour at 19.00 VND with a trading volume of 500 shares."
2025-07-22 09:00:00,19.0,19.0,19.0,19.0,300,VNA,"At 2025-07-22 09:00:00, the stock VNA opened at 19.00 VND, reached a high of 19.00 VND, a low of 19.00 VND, and closed the hour at 19.00 VND with a trading volume of 300 shares."
2025-07-22 10:00:00,19.3,19.3,19.3,19.3,100,VNA,"At 2025-07-22 10:00:00, the stock VNA opened at 19.30 VND, reached a high of 19.30 VND, a low of 19.30 VND, and closed the hour at 19.30 VND with a trading volume of 100 shares."
2025-07-22 11:00:00,19.3,19.3,19.3,19.3,100,VNA,"At 2025-07-22 11:00:00, the stock VNA opened at 19.30 VND, reached a high of 19.30 VND, a low of 19.30 VND, and closed the hour at 19.30 VND with a trading volume of 100 shares."
2025-07-22 13:00:00,19.1,19.1,19.1,19.1,1000,VNA,"At 2025-07-22 13:00:00, the stock VNA opened at 19.10 VND, reached a high of 19.10 VND, a low of 19.10 VND, and closed the hour at 19.10 VND with a trading volume of 1,000 shares."
2025-07-22 14:00:00,19.0,19.0,19.0,19.0,5500,VNA,"At 2025-07-22 14:00:00, the stock VNA opened at 19.00 VND, reached a high of 19.00 VND, a low of 19.00 VND, and closed the hour at 19.00 VND with a trading volume of 5,500 shares."
2025-07-23 09:00:00,19.0,19.1,19.0,19.1,5100,VNA,"At 2025-07-23 09:00:00, the stock VNA opened at 19.00 VND, reached a high of 19.10 VND, a low of 19.00 VND, and closed the hour at 19.10 VND with a trading volume of 5,100 shares."
2025-07-23 10:00:00,19.0,19.0,19.0,19.0,1000,VNA,"At 2025-07-23 10:00:00, the stock VNA opened at 19.00 VND, reached a high of 19.00 VND, a low of 19.00 VND, and closed the hour at 19.00 VND with a trading volume of 1,000 shares."
2025-07-23 13:00:00,19.0,19.0,19.0,19.0,6300,VNA,"At 2025-07-23 13:00:00, the stock VNA opened at 19.00 VND, reached a high of 19.00 VND, a low of 19.00 VND, and closed the hour at 19.00 VND with a trading volume of 6,300 shares."
2025-07-23 14:00:00,19.0,19.0,19.0,19.0,1800,VNA,"At 2025-07-23 14:00:00, the stock VNA opened at 19.00 VND, reached a high of 19.00 VND, a low of 19.00 VND, and closed the hour at 19.00 VND with a trading volume of 1,800 shares."
2025-07-24 09:00:00,18.9,18.9,18.9,18.9,1200,VNA,"At 2025-07-24 09:00:00, the stock VNA opened at 18.90 VND, reached a high of 18.90 VND, a low of 18.90 VND, and closed the hour at 18.90 VND with a trading volume of 1,200 shares."
2025-07-24 10:00:00,19.0,19.0,18.9,18.9,1500,VNA,"At 2025-07-24 10:00:00, the stock VNA opened at 19.00 VND, reached a high of 19.00 VND, a low of 18.90 VND, and closed the hour at 18.90 VND with a trading volume of 1,500 shares."
2025-07-24 11:00:00,18.9,18.9,18.6,18.6,600,VNA,"At 2025-07-24 11:00:00, the stock VNA opened at 18.90 VND, reached a high of 18.90 VND, a low of 18.60 VND, and closed the hour at 18.60 VND with a trading volume of 600 shares."
2025-07-24 13:00:00,18.8,18.9,18.8,18.8,800,VNA,"At 2025-07-24 13:00:00, the stock VNA opened at 18.80 VND, reached a high of 18.90 VND, a low of 18.80 VND, and closed the hour at 18.80 VND with a trading volume of 800 shares."
2025-07-24 14:00:00,18.8,18.8,18.8,18.8,500,VNA,"At 2025-07-24 14:00:00, the stock VNA opened at 18.80 VND, reached a high of 18.80 VND, a low of 18.80 VND, and closed the hour at 18.80 VND with a trading volume of 500 shares."
2025-07-25 09:00:00,19.4,19.4,19.4,19.4,100,VNA,"At 2025-07-25 09:00:00, the stock VNA opened at 19.40 VND, reached a high of 19.40 VND, a low of 19.40 VND, and closed the hour at 19.40 VND with a trading volume of 100 shares."
2025-07-25 10:00:00,19.3,19.3,19.3,19.3,100,VNA,"At 2025-07-25 10:00:00, the stock VNA opened at 19.30 VND, reached a high of 19.30 VND, a low of 19.30 VND, and closed the hour at 19.30 VND with a trading volume of 100 shares."
2025-07-25 13:00:00,19.0,19.0,19.0,19.0,1300,VNA,"At 2025-07-25 13:00:00, the stock VNA opened at 19.00 VND, reached a high of 19.00 VND, a low of 19.00 VND, and closed the hour at 19.00 VND with a trading volume of 1,300 shares."
2025-07-25 14:00:00,19.1,19.1,19.0,19.0,700,VNA,"At 2025-07-25 14:00:00, the stock VNA opened at 19.10 VND, reached a high of 19.10 VND, a low of 19.00 VND, and closed the hour at 19.00 VND with a trading volume of 700 shares."
2025-07-28 09:00:00,19.0,19.0,19.0,19.0,200,VNA,"At 2025-07-28 09:00:00, the stock VNA opened at 19.00 VND, reached a high of 19.00 VND, a low of 19.00 VND, and closed the hour at 19.00 VND with a trading volume of 200 shares."
2025-07-28 10:00:00,18.8,19.1,18.6,19.1,900,VNA,"At 2025-07-28 10:00:00, the stock VNA opened at 18.80 VND, reached a high of 19.10 VND, a low of 18.60 VND, and closed the hour at 19.10 VND with a trading volume of 900 shares."
2025-07-28 11:00:00,19.0,19.0,19.0,19.0,100,VNA,"At 2025-07-28 11:00:00, the stock VNA opened at 19.00 VND, reached a high of 19.00 VND, a low of 19.00 VND, and closed the hour at 19.00 VND with a trading volume of 100 shares."
2025-07-28 13:00:00,19.0,19.0,19.0,19.0,2400,VNA,"At 2025-07-28 13:00:00, the stock VNA opened at 19.00 VND, reached a high of 19.00 VND, a low of 19.00 VND, and closed the hour at 19.00 VND with a trading volume of 2,400 shares."
2025-07-28 14:00:00,18.6,18.6,18.6,18.6,500,VNA,"At 2025-07-28 14:00:00, the stock VNA opened at 18.60 VND, reached a high of 18.60 VND, a low of 18.60 VND, and closed the hour at 18.60 VND with a trading volume of 500 shares."
2025-07-29 09:00:00,18.7,18.7,18.7,18.7,1000,VNA,"At 2025-07-29 09:00:00, the stock VNA opened at 18.70 VND, reached a high of 18.70 VND, a low of 18.70 VND, and closed the hour at 18.70 VND with a trading volume of 1,000 shares."
2025-07-29 10:00:00,18.7,18.7,18.7,18.7,1000,VNA,"At 2025-07-29 10:00:00, the stock VNA opened at 18.70 VND, reached a high of 18.70 VND, a low of 18.70 VND, and closed the hour at 18.70 VND with a trading volume of 1,000 shares."
2025-07-29 13:00:00,18.7,18.7,18.6,18.7,3400,VNA,"At 2025-07-29 13:00:00, the stock VNA opened at 18.70 VND, reached a high of 18.70 VND, a low of 18.60 VND, and closed the hour at 18.70 VND with a trading volume of 3,400 shares."
2025-07-29 14:00:00,18.7,18.7,18.7,18.7,100,VNA,"At 2025-07-29 14:00:00, the stock VNA opened at 18.70 VND, reached a high of 18.70 VND, a low of 18.70 VND, and closed the hour at 18.70 VND with a trading volume of 100 shares."
2025-07-30 09:00:00,18.7,19.0,18.7,19.0,2600,VNA,"At 2025-07-30 09:00:00, the stock VNA opened at 18.70 VND, reached a high of 19.00 VND, a low of 18.70 VND, and closed the hour at 19.00 VND with a trading volume of 2,600 shares."
2025-07-30 10:00:00,19.0,19.0,19.0,19.0,100,VNA,"At 2025-07-30 10:00:00, the stock VNA opened at 19.00 VND, reached a high of 19.00 VND, a low of 19.00 VND, and closed the hour at 19.00 VND with a trading volume of 100 shares."
2025-07-30 11:00:00,18.7,18.7,18.7,18.7,1200,VNA,"At 2025-07-30 11:00:00, the stock VNA opened at 18.70 VND, reached a high of 18.70 VND, a low of 18.70 VND, and closed the hour at 18.70 VND with a trading volume of 1,200 shares."
2025-07-30 13:00:00,18.7,18.7,18.7,18.7,100,VNA,"At 2025-07-30 13:00:00, the stock VNA opened at 18.70 VND, reached a high of 18.70 VND, a low of 18.70 VND, and closed the hour at 18.70 VND with a trading volume of 100 shares."
2025-07-31 09:00:00,18.8,18.8,18.8,18.8,500,VNA,"At 2025-07-31 09:00:00, the stock VNA opened at 18.80 VND, reached a high of 18.80 VND, a low of 18.80 VND, and closed the hour at 18.80 VND with a trading volume of 500 shares."
2025-07-31 13:00:00,18.9,18.9,18.9,18.9,2200,VNA,"At 2025-07-31 13:00:00, the stock VNA opened at 18.90 VND, reached a high of 18.90 VND, a low of 18.90 VND, and closed the hour at 18.90 VND with a trading volume of 2,200 shares."
2025-07-31 14:00:00,18.9,18.9,18.8,18.8,2700,VNA,"At 2025-07-31 14:00:00, the stock VNA opened at 18.90 VND, reached a high of 18.90 VND, a low of 18.80 VND, and closed the hour at 18.80 VND with a trading volume of 2,700 shares."
2025-08-01 09:00:00,18.6,18.6,18.6,18.6,100,VNA,"At 2025-08-01 09:00:00, the stock VNA opened at 18.60 VND, reached a high of 18.60 VND, a low of 18.60 VND, and closed the hour at 18.60 VND with a trading volume of 100 shares."
2025-08-01 11:00:00,18.9,18.9,18.9,18.9,2600,VNA,"At 2025-08-01 11:00:00, the stock VNA opened at 18.90 VND, reached a high of 18.90 VND, a low of 18.90 VND, and closed the hour at 18.90 VND with a trading volume of 2,600 shares."
2025-08-01 13:00:00,18.8,18.8,18.6,18.6,2900,VNA,"At 2025-08-01 13:00:00, the stock VNA opened at 18.80 VND, reached a high of 18.80 VND, a low of 18.60 VND, and closed the hour at 18.60 VND with a trading volume of 2,900 shares."
2025-08-04 11:00:00,20.0,20.1,20.0,20.0,300,VNA,"At 2025-08-04 11:00:00, the stock VNA opened at 20.00 VND, reached a high of 20.10 VND, a low of 20.00 VND, and closed the hour at 20.00 VND with a trading volume of 300 shares."
2025-08-04 13:00:00,19.0,19.0,18.9,18.9,400,VNA,"At 2025-08-04 13:00:00, the stock VNA opened at 19.00 VND, reached a high of 19.00 VND, a low of 18.90 VND, and closed the hour at 18.90 VND with a trading volume of 400 shares."
2025-08-04 14:00:00,19.0,19.0,19.0,19.0,300,VNA,"At 2025-08-04 14:00:00, the stock VNA opened at 19.00 VND, reached a high of 19.00 VND, a low of 19.00 VND, and closed the hour at 19.00 VND with a trading volume of 300 shares."
2025-08-05 09:00:00,19.0,19.0,19.0,19.0,3000,VNA,"At 2025-08-05 09:00:00, the stock VNA opened at 19.00 VND, reached a high of 19.00 VND, a low of 19.00 VND, and closed the hour at 19.00 VND with a trading volume of 3,000 shares."
2025-08-05 11:00:00,19.0,19.0,19.0,19.0,200,VNA,"At 2025-08-05 11:00:00, the stock VNA opened at 19.00 VND, reached a high of 19.00 VND, a low of 19.00 VND, and closed the hour at 19.00 VND with a trading volume of 200 shares."
2025-08-05 13:00:00,19.0,19.0,19.0,19.0,12900,VNA,"At 2025-08-05 13:00:00, the stock VNA opened at 19.00 VND, reached a high of 19.00 VND, a low of 19.00 VND, and closed the hour at 19.00 VND with a trading volume of 12,900 shares."
2025-08-05 14:00:00,19.0,19.0,19.0,19.0,3000,VNA,"At 2025-08-05 14:00:00, the stock VNA opened at 19.00 VND, reached a high of 19.00 VND, a low of 19.00 VND, and closed the hour at 19.00 VND with a trading volume of 3,000 shares."
2025-08-06 10:00:00,19.0,19.0,19.0,19.0,100,VNA,"At 2025-08-06 10:00:00, the stock VNA opened at 19.00 VND, reached a high of 19.00 VND, a low of 19.00 VND, and closed the hour at 19.00 VND with a trading volume of 100 shares."
2025-08-06 13:00:00,19.0,19.0,19.0,19.0,300,VNA,"At 2025-08-06 13:00:00, the stock VNA opened at 19.00 VND, reached a high of 19.00 VND, a low of 19.00 VND, and closed the hour at 19.00 VND with a trading volume of 300 shares."
2025-08-07 09:00:00,18.9,18.9,18.9,18.9,600,VNA,"At 2025-08-07 09:00:00, the stock VNA opened at 18.90 VND, reached a high of 18.90 VND, a low of 18.90 VND, and closed the hour at 18.90 VND with a trading volume of 600 shares."
2025-08-07 10:00:00,18.9,18.9,18.6,18.6,900,VNA,"At 2025-08-07 10:00:00, the stock VNA opened at 18.90 VND, reached a high of 18.90 VND, a low of 18.60 VND, and closed the hour at 18.60 VND with a trading volume of 900 shares."
2025-08-07 14:00:00,18.9,19.0,18.9,19.0,3500,VNA,"At 2025-08-07 14:00:00, the stock VNA opened at 18.90 VND, reached a high of 19.00 VND, a low of 18.90 VND, and closed the hour at 19.00 VND with a trading volume of 3,500 shares."
2025-08-08 09:00:00,18.8,19.0,18.8,19.0,2800,VNA,"At 2025-08-08 09:00:00, the stock VNA opened at 18.80 VND, reached a high of 19.00 VND, a low of 18.80 VND, and closed the hour at 19.00 VND with a trading volume of 2,800 shares."
2025-08-08 10:00:00,19.0,19.0,19.0,19.0,500,VNA,"At 2025-08-08 10:00:00, the stock VNA opened at 19.00 VND, reached a high of 19.00 VND, a low of 19.00 VND, and closed the hour at 19.00 VND with a trading volume of 500 shares."
2025-08-08 11:00:00,18.9,18.9,18.9,18.9,200,VNA,"At 2025-08-08 11:00:00, the stock VNA opened at 18.90 VND, reached a high of 18.90 VND, a low of 18.90 VND, and closed the hour at 18.90 VND with a trading volume of 200 shares."
2025-08-08 13:00:00,18.8,18.9,18.8,18.9,2300,VNA,"At 2025-08-08 13:00:00, the stock VNA opened at 18.80 VND, reached a high of 18.90 VND, a low of 18.80 VND, and closed the hour at 18.90 VND with a trading volume of 2,300 shares."
2025-08-08 14:00:00,18.9,18.9,18.9,18.9,200,VNA,"At 2025-08-08 14:00:00, the stock VNA opened at 18.90 VND, reached a high of 18.90 VND, a low of 18.90 VND, and closed the hour at 18.90 VND with a trading volume of 200 shares."
2025-08-11 09:00:00,18.9,18.9,18.9,18.9,1400,VNA,"At 2025-08-11 09:00:00, the stock VNA opened at 18.90 VND, reached a high of 18.90 VND, a low of 18.90 VND, and closed the hour at 18.90 VND with a trading volume of 1,400 shares."
2025-08-11 13:00:00,18.9,18.9,18.7,18.7,3800,VNA,"At 2025-08-11 13:00:00, the stock VNA opened at 18.90 VND, reached a high of 18.90 VND, a low of 18.70 VND, and closed the hour at 18.70 VND with a trading volume of 3,800 shares."
2025-08-12 09:00:00,18.7,18.7,18.7,18.7,100,VNA,"At 2025-08-12 09:00:00, the stock VNA opened at 18.70 VND, reached a high of 18.70 VND, a low of 18.70 VND, and closed the hour at 18.70 VND with a trading volume of 100 shares."
2025-08-12 10:00:00,18.7,18.9,18.7,18.9,600,VNA,"At 2025-08-12 10:00:00, the stock VNA opened at 18.70 VND, reached a high of 18.90 VND, a low of 18.70 VND, and closed the hour at 18.90 VND with a trading volume of 600 shares."
2025-08-12 11:00:00,18.9,18.9,18.7,18.7,5100,VNA,"At 2025-08-12 11:00:00, the stock VNA opened at 18.90 VND, reached a high of 18.90 VND, a low of 18.70 VND, and closed the hour at 18.70 VND with a trading volume of 5,100 shares."
2025-08-12 13:00:00,18.7,18.8,18.7,18.8,700,VNA,"At 2025-08-12 13:00:00, the stock VNA opened at 18.70 VND, reached a high of 18.80 VND, a low of 18.70 VND, and closed the hour at 18.80 VND with a trading volume of 700 shares."
2025-08-12 14:00:00,18.9,18.9,18.9,18.9,400,VNA,"At 2025-08-12 14:00:00, the stock VNA opened at 18.90 VND, reached a high of 18.90 VND, a low of 18.90 VND, and closed the hour at 18.90 VND with a trading volume of 400 shares."
2025-08-13 11:00:00,18.9,18.9,18.8,18.8,2300,VNA,"At 2025-08-13 11:00:00, the stock VNA opened at 18.90 VND, reached a high of 18.90 VND, a low of 18.80 VND, and closed the hour at 18.80 VND with a trading volume of 2,300 shares."
2025-08-13 13:00:00,18.8,18.8,18.5,18.5,600,VNA,"At 2025-08-13 13:00:00, the stock VNA opened at 18.80 VND, reached a high of 18.80 VND, a low of 18.50 VND, and closed the hour at 18.50 VND with a trading volume of 600 shares."
2025-08-13 14:00:00,18.5,18.8,18.5,18.8,1900,VNA,"At 2025-08-13 14:00:00, the stock VNA opened at 18.50 VND, reached a high of 18.80 VND, a low of 18.50 VND, and closed the hour at 18.80 VND with a trading volume of 1,900 shares."
2025-08-14 09:00:00,18.7,20.2,18.7,20.0,2100,VNA,"At 2025-08-14 09:00:00, the stock VNA opened at 18.70 VND, reached a high of 20.20 VND, a low of 18.70 VND, and closed the hour at 20.00 VND with a trading volume of 2,100 shares."
2025-08-14 10:00:00,19.7,19.7,19.7,19.7,2000,VNA,"At 2025-08-14 10:00:00, the stock VNA opened at 19.70 VND, reached a high of 19.70 VND, a low of 19.70 VND, and closed the hour at 19.70 VND with a trading volume of 2,000 shares."
2025-08-18 09:00:00,18.0,18.2,18.0,18.2,600,VNA,"At 2025-08-18 09:00:00, the stock VNA opened at 18.00 VND, reached a high of 18.20 VND, a low of 18.00 VND, and closed the hour at 18.20 VND with a trading volume of 600 shares."
2025-08-18 10:00:00,18.5,18.5,18.5,18.5,100,VNA,"At 2025-08-18 10:00:00, the stock VNA opened at 18.50 VND, reached a high of 18.50 VND, a low of 18.50 VND, and closed the hour at 18.50 VND with a trading volume of 100 shares."
2025-08-18 13:00:00,18.5,18.5,18.2,18.2,9500,VNA,"At 2025-08-18 13:00:00, the stock VNA opened at 18.50 VND, reached a high of 18.50 VND, a low of 18.20 VND, and closed the hour at 18.20 VND with a trading volume of 9,500 shares."
2025-08-18 14:00:00,18.2,18.2,18.2,18.2,3200,VNA,"At 2025-08-18 14:00:00, the stock VNA opened at 18.20 VND, reached a high of 18.20 VND, a low of 18.20 VND, and closed the hour at 18.20 VND with a trading volume of 3,200 shares."
2025-08-19 09:00:00,18.4,18.4,18.4,18.4,2300,VNA,"At 2025-08-19 09:00:00, the stock VNA opened at 18.40 VND, reached a high of 18.40 VND, a low of 18.40 VND, and closed the hour at 18.40 VND with a trading volume of 2,300 shares."
2025-08-19 10:00:00,18.4,18.5,18.4,18.5,600,VNA,"At 2025-08-19 10:00:00, the stock VNA opened at 18.40 VND, reached a high of 18.50 VND, a low of 18.40 VND, and closed the hour at 18.50 VND with a trading volume of 600 shares."
2025-08-19 13:00:00,18.5,18.5,18.2,18.2,3000,VNA,"At 2025-08-19 13:00:00, the stock VNA opened at 18.50 VND, reached a high of 18.50 VND, a low of 18.20 VND, and closed the hour at 18.20 VND with a trading volume of 3,000 shares."
2025-08-20 09:00:00,21.1,21.1,19.2,19.2,200,VNA,"At 2025-08-20 09:00:00, the stock VNA opened at 21.10 VND, reached a high of 21.10 VND, a low of 19.20 VND, and closed the hour at 19.20 VND with a trading volume of 200 shares."
2025-08-20 10:00:00,18.2,18.2,18.2,18.2,300,VNA,"At 2025-08-20 10:00:00, the stock VNA opened at 18.20 VND, reached a high of 18.20 VND, a low of 18.20 VND, and closed the hour at 18.20 VND with a trading volume of 300 shares."
2025-08-20 13:00:00,18.2,18.3,18.2,18.3,1100,VNA,"At 2025-08-20 13:00:00, the stock VNA opened at 18.20 VND, reached a high of 18.30 VND, a low of 18.20 VND, and closed the hour at 18.30 VND with a trading volume of 1,100 shares."
2025-08-21 13:00:00,18.5,18.5,18.5,18.5,100,VNA,"At 2025-08-21 13:00:00, the stock VNA opened at 18.50 VND, reached a high of 18.50 VND, a low of 18.50 VND, and closed the hour at 18.50 VND with a trading volume of 100 shares."
2025-08-21 14:00:00,18.5,18.5,18.5,18.5,200,VNA,"At 2025-08-21 14:00:00, the stock VNA opened at 18.50 VND, reached a high of 18.50 VND, a low of 18.50 VND, and closed the hour at 18.50 VND with a trading volume of 200 shares."
2025-08-22 09:00:00,18.8,18.8,18.8,18.8,100,VNA,"At 2025-08-22 09:00:00, the stock VNA opened at 18.80 VND, reached a high of 18.80 VND, a low of 18.80 VND, and closed the hour at 18.80 VND with a trading volume of 100 shares."
2025-08-22 10:00:00,18.0,18.4,18.0,18.4,1600,VNA,"At 2025-08-22 10:00:00, the stock VNA opened at 18.00 VND, reached a high of 18.40 VND, a low of 18.00 VND, and closed the hour at 18.40 VND with a trading volume of 1,600 shares."
2025-08-22 11:00:00,18.2,18.2,18.2,18.2,800,VNA,"At 2025-08-22 11:00:00, the stock VNA opened at 18.20 VND, reached a high of 18.20 VND, a low of 18.20 VND, and closed the hour at 18.20 VND with a trading volume of 800 shares."
2025-08-22 13:00:00,18.2,18.2,18.2,18.2,600,VNA,"At 2025-08-22 13:00:00, the stock VNA opened at 18.20 VND, reached a high of 18.20 VND, a low of 18.20 VND, and closed the hour at 18.20 VND with a trading volume of 600 shares."
2025-08-22 14:00:00,18.5,18.5,18.5,18.5,700,VNA,"At 2025-08-22 14:00:00, the stock VNA opened at 18.50 VND, reached a high of 18.50 VND, a low of 18.50 VND, and closed the hour at 18.50 VND with a trading volume of 700 shares."
2025-08-25 09:00:00,18.5,18.5,18.3,18.3,600,VNA,"At 2025-08-25 09:00:00, the stock VNA opened at 18.50 VND, reached a high of 18.50 VND, a low of 18.30 VND, and closed the hour at 18.30 VND with a trading volume of 600 shares."
2025-08-25 10:00:00,18.3,18.3,18.3,18.3,400,VNA,"At 2025-08-25 10:00:00, the stock VNA opened at 18.30 VND, reached a high of 18.30 VND, a low of 18.30 VND, and closed the hour at 18.30 VND with a trading volume of 400 shares."
2025-08-25 11:00:00,18.3,18.3,18.3,18.3,400,VNA,"At 2025-08-25 11:00:00, the stock VNA opened at 18.30 VND, reached a high of 18.30 VND, a low of 18.30 VND, and closed the hour at 18.30 VND with a trading volume of 400 shares."
2025-08-25 13:00:00,18.3,18.3,18.0,18.0,500,VNA,"At 2025-08-25 13:00:00, the stock VNA opened at 18.30 VND, reached a high of 18.30 VND, a low of 18.00 VND, and closed the hour at 18.00 VND with a trading volume of 500 shares."
2025-08-25 14:00:00,18.0,18.0,18.0,18.0,100,VNA,"At 2025-08-25 14:00:00, the stock VNA opened at 18.00 VND, reached a high of 18.00 VND, a low of 18.00 VND, and closed the hour at 18.00 VND with a trading volume of 100 shares."
2025-08-26 09:00:00,18.3,18.3,18.3,18.3,400,VNA,"At 2025-08-26 09:00:00, the stock VNA opened at 18.30 VND, reached a high of 18.30 VND, a low of 18.30 VND, and closed the hour at 18.30 VND with a trading volume of 400 shares."
2025-08-26 10:00:00,18.3,18.9,18.3,18.9,1100,VNA,"At 2025-08-26 10:00:00, the stock VNA opened at 18.30 VND, reached a high of 18.90 VND, a low of 18.30 VND, and closed the hour at 18.90 VND with a trading volume of 1,100 shares."
2025-08-26 11:00:00,18.3,18.4,18.3,18.4,600,VNA,"At 2025-08-26 11:00:00, the stock VNA opened at 18.30 VND, reached a high of 18.40 VND, a low of 18.30 VND, and closed the hour at 18.40 VND with a trading volume of 600 shares."
2025-08-26 13:00:00,18.7,18.7,18.3,18.3,3100,VNA,"At 2025-08-26 13:00:00, the stock VNA opened at 18.70 VND, reached a high of 18.70 VND, a low of 18.30 VND, and closed the hour at 18.30 VND with a trading volume of 3,100 shares."
2025-08-26 14:00:00,18.7,18.7,18.7,18.7,100,VNA,"At 2025-08-26 14:00:00, the stock VNA opened at 18.70 VND, reached a high of 18.70 VND, a low of 18.70 VND, and closed the hour at 18.70 VND with a trading volume of 100 shares."
2025-08-27 09:00:00,20.9,20.9,20.9,20.9,100,VNA,"At 2025-08-27 09:00:00, the stock VNA opened at 20.90 VND, reached a high of 20.90 VND, a low of 20.90 VND, and closed the hour at 20.90 VND with a trading volume of 100 shares."
2025-08-28 10:00:00,19.2,19.2,19.2,19.2,100,VNA,"At 2025-08-28 10:00:00, the stock VNA opened at 19.20 VND, reached a high of 19.20 VND, a low of 19.20 VND, and closed the hour at 19.20 VND with a trading volume of 100 shares."
2025-08-28 13:00:00,18.6,18.6,18.6,18.6,500,VNA,"At 2025-08-28 13:00:00, the stock VNA opened at 18.60 VND, reached a high of 18.60 VND, a low of 18.60 VND, and closed the hour at 18.60 VND with a trading volume of 500 shares."
2025-08-28 14:00:00,18.6,18.6,18.6,18.6,100,VNA,"At 2025-08-28 14:00:00, the stock VNA opened at 18.60 VND, reached a high of 18.60 VND, a low of 18.60 VND, and closed the hour at 18.60 VND with a trading volume of 100 shares."
2025-08-29 09:00:00,18.8,18.9,18.8,18.9,2100,VNA,"At 2025-08-29 09:00:00, the stock VNA opened at 18.80 VND, reached a high of 18.90 VND, a low of 18.80 VND, and closed the hour at 18.90 VND with a trading volume of 2,100 shares."
2025-08-29 10:00:00,18.9,19.0,18.9,19.0,900,VNA,"At 2025-08-29 10:00:00, the stock VNA opened at 18.90 VND, reached a high of 19.00 VND, a low of 18.90 VND, and closed the hour at 19.00 VND with a trading volume of 900 shares."
2025-08-29 11:00:00,19.0,19.0,19.0,19.0,700,VNA,"At 2025-08-29 11:00:00, the stock VNA opened at 19.00 VND, reached a high of 19.00 VND, a low of 19.00 VND, and closed the hour at 19.00 VND with a trading volume of 700 shares."
2025-08-29 13:00:00,19.0,19.0,18.9,18.9,800,VNA,"At 2025-08-29 13:00:00, the stock VNA opened at 19.00 VND, reached a high of 19.00 VND, a low of 18.90 VND, and closed the hour at 18.90 VND with a trading volume of 800 shares."
2025-08-29 14:00:00,18.8,18.8,18.7,18.7,300,VNA,"At 2025-08-29 14:00:00, the stock VNA opened at 18.80 VND, reached a high of 18.80 VND, a low of 18.70 VND, and closed the hour at 18.70 VND with a trading volume of 300 shares."
2025-09-03 10:00:00,18.4,18.4,18.4,18.4,200,VNA,"At 2025-09-03 10:00:00, the stock VNA opened at 18.40 VND, reached a high of 18.40 VND, a low of 18.40 VND, and closed the hour at 18.40 VND with a trading volume of 200 shares."
2025-09-03 14:00:00,18.8,18.9,18.8,18.8,800,VNA,"At 2025-09-03 14:00:00, the stock VNA opened at 18.80 VND, reached a high of 18.90 VND, a low of 18.80 VND, and closed the hour at 18.80 VND with a trading volume of 800 shares."
2025-09-04 09:00:00,18.9,18.9,18.9,18.9,2000,VNA,"At 2025-09-04 09:00:00, the stock VNA opened at 18.90 VND, reached a high of 18.90 VND, a low of 18.90 VND, and closed the hour at 18.90 VND with a trading volume of 2,000 shares."
2025-09-04 10:00:00,18.8,18.8,18.8,18.8,100,VNA,"At 2025-09-04 10:00:00, the stock VNA opened at 18.80 VND, reached a high of 18.80 VND, a low of 18.80 VND, and closed the hour at 18.80 VND with a trading volume of 100 shares."
2025-09-04 13:00:00,18.8,18.9,18.8,18.9,3600,VNA,"At 2025-09-04 13:00:00, the stock VNA opened at 18.80 VND, reached a high of 18.90 VND, a low of 18.80 VND, and closed the hour at 18.90 VND with a trading volume of 3,600 shares."
2025-09-04 14:00:00,18.9,18.9,18.9,18.9,100,VNA,"At 2025-09-04 14:00:00, the stock VNA opened at 18.90 VND, reached a high of 18.90 VND, a low of 18.90 VND, and closed the hour at 18.90 VND with a trading volume of 100 shares."
2025-09-05 09:00:00,18.9,18.9,18.9,18.9,100,VNA,"At 2025-09-05 09:00:00, the stock VNA opened at 18.90 VND, reached a high of 18.90 VND, a low of 18.90 VND, and closed the hour at 18.90 VND with a trading volume of 100 shares."
2025-09-05 10:00:00,18.9,18.9,18.9,18.9,300,VNA,"At 2025-09-05 10:00:00, the stock VNA opened at 18.90 VND, reached a high of 18.90 VND, a low of 18.90 VND, and closed the hour at 18.90 VND with a trading volume of 300 shares."
2025-09-05 14:00:00,18.7,18.7,18.7,18.7,500,VNA,"At 2025-09-05 14:00:00, the stock VNA opened at 18.70 VND, reached a high of 18.70 VND, a low of 18.70 VND, and closed the hour at 18.70 VND with a trading volume of 500 shares."
2025-09-08 11:00:00,18.7,18.7,18.7,18.7,700,VNA,"At 2025-09-08 11:00:00, the stock VNA opened at 18.70 VND, reached a high of 18.70 VND, a low of 18.70 VND, and closed the hour at 18.70 VND with a trading volume of 700 shares."
2025-09-08 13:00:00,18.6,18.7,18.6,18.7,1900,VNA,"At 2025-09-08 13:00:00, the stock VNA opened at 18.60 VND, reached a high of 18.70 VND, a low of 18.60 VND, and closed the hour at 18.70 VND with a trading volume of 1,900 shares."
2025-09-08 14:00:00,18.6,18.6,18.5,18.6,1700,VNA,"At 2025-09-08 14:00:00, the stock VNA opened at 18.60 VND, reached a high of 18.60 VND, a low of 18.50 VND, and closed the hour at 18.60 VND with a trading volume of 1,700 shares."
2025-09-09 09:00:00,21.0,21.0,18.5,18.5,300,VNA,"At 2025-09-09 09:00:00, the stock VNA opened at 21.00 VND, reached a high of 21.00 VND, a low of 18.50 VND, and closed the hour at 18.50 VND with a trading volume of 300 shares."
2025-09-09 10:00:00,18.5,18.5,18.5,18.5,500,VNA,"At 2025-09-09 10:00:00, the stock VNA opened at 18.50 VND, reached a high of 18.50 VND, a low of 18.50 VND, and closed the hour at 18.50 VND with a trading volume of 500 shares."
2025-09-09 11:00:00,18.4,18.5,18.4,18.5,1500,VNA,"At 2025-09-09 11:00:00, the stock VNA opened at 18.40 VND, reached a high of 18.50 VND, a low of 18.40 VND, and closed the hour at 18.50 VND with a trading volume of 1,500 shares."
2025-09-09 14:00:00,18.5,18.5,18.5,18.5,500,VNA,"At 2025-09-09 14:00:00, the stock VNA opened at 18.50 VND, reached a high of 18.50 VND, a low of 18.50 VND, and closed the hour at 18.50 VND with a trading volume of 500 shares."
2025-09-10 09:00:00,21.0,21.0,21.0,21.0,100,VNA,"At 2025-09-10 09:00:00, the stock VNA opened at 21.00 VND, reached a high of 21.00 VND, a low of 21.00 VND, and closed the hour at 21.00 VND with a trading volume of 100 shares."
2025-09-10 14:00:00,19.0,19.0,19.0,19.0,100,VNA,"At 2025-09-10 14:00:00, the stock VNA opened at 19.00 VND, reached a high of 19.00 VND, a low of 19.00 VND, and closed the hour at 19.00 VND with a trading volume of 100 shares."
2025-09-11 09:00:00,19.1,19.2,19.1,19.2,300,VNA,"At 2025-09-11 09:00:00, the stock VNA opened at 19.10 VND, reached a high of 19.20 VND, a low of 19.10 VND, and closed the hour at 19.20 VND with a trading volume of 300 shares."
2025-09-11 10:00:00,18.8,18.8,18.0,18.0,2100,VNA,"At 2025-09-11 10:00:00, the stock VNA opened at 18.80 VND, reached a high of 18.80 VND, a low of 18.00 VND, and closed the hour at 18.00 VND with a trading volume of 2,100 shares."
2025-09-11 13:00:00,18.4,18.4,18.4,18.4,900,VNA,"At 2025-09-11 13:00:00, the stock VNA opened at 18.40 VND, reached a high of 18.40 VND, a low of 18.40 VND, and closed the hour at 18.40 VND with a trading volume of 900 shares."
2025-09-12 14:00:00,18.5,18.5,18.5,18.5,3700,VNA,"At 2025-09-12 14:00:00, the stock VNA opened at 18.50 VND, reached a high of 18.50 VND, a low of 18.50 VND, and closed the hour at 18.50 VND with a trading volume of 3,700 shares."
2025-09-15 09:00:00,18.2,18.7,18.2,18.7,600,VNA,"At 2025-09-15 09:00:00, the stock VNA opened at 18.20 VND, reached a high of 18.70 VND, a low of 18.20 VND, and closed the hour at 18.70 VND with a trading volume of 600 shares."
2025-09-15 11:00:00,18.7,18.7,18.7,18.7,600,VNA,"At 2025-09-15 11:00:00, the stock VNA opened at 18.70 VND, reached a high of 18.70 VND, a low of 18.70 VND, and closed the hour at 18.70 VND with a trading volume of 600 shares."
2025-09-15 13:00:00,18.5,18.5,18.5,18.5,1300,VNA,"At 2025-09-15 13:00:00, the stock VNA opened at 18.50 VND, reached a high of 18.50 VND, a low of 18.50 VND, and closed the hour at 18.50 VND with a trading volume of 1,300 shares."
2025-09-16 09:00:00,18.6,18.6,18.6,18.6,100,VNA,"At 2025-09-16 09:00:00, the stock VNA opened at 18.60 VND, reached a high of 18.60 VND, a low of 18.60 VND, and closed the hour at 18.60 VND with a trading volume of 100 shares."
2025-09-16 14:00:00,18.6,18.6,18.6,18.6,200,VNA,"At 2025-09-16 14:00:00, the stock VNA opened at 18.60 VND, reached a high of 18.60 VND, a low of 18.60 VND, and closed the hour at 18.60 VND with a trading volume of 200 shares."
2025-09-17 14:00:00,18.7,18.7,18.6,18.6,5300,VNA,"At 2025-09-17 14:00:00, the stock VNA opened at 18.70 VND, reached a high of 18.70 VND, a low of 18.60 VND, and closed the hour at 18.60 VND with a trading volume of 5,300 shares."
2025-09-18 13:00:00,18.1,18.1,18.0,18.0,1300,VNA,"At 2025-09-18 13:00:00, the stock VNA opened at 18.10 VND, reached a high of 18.10 VND, a low of 18.00 VND, and closed the hour at 18.00 VND with a trading volume of 1,300 shares."
2025-09-19 14:00:00,18.9,18.9,18.9,18.9,100,VNA,"At 2025-09-19 14:00:00, the stock VNA opened at 18.90 VND, reached a high of 18.90 VND, a low of 18.90 VND, and closed the hour at 18.90 VND with a trading volume of 100 shares."
2025-09-22 09:00:00,18.9,18.9,18.9,18.9,100,VNA,"At 2025-09-22 09:00:00, the stock VNA opened at 18.90 VND, reached a high of 18.90 VND, a low of 18.90 VND, and closed the hour at 18.90 VND with a trading volume of 100 shares."
2025-09-22 11:00:00,18.3,18.3,18.2,18.2,5000,VNA,"At 2025-09-22 11:00:00, the stock VNA opened at 18.30 VND, reached a high of 18.30 VND, a low of 18.20 VND, and closed the hour at 18.20 VND with a trading volume of 5,000 shares."
2025-09-22 13:00:00,18.2,18.2,18.2,18.2,1600,VNA,"At 2025-09-22 13:00:00, the stock VNA opened at 18.20 VND, reached a high of 18.20 VND, a low of 18.20 VND, and closed the hour at 18.20 VND with a trading volume of 1,600 shares."
2025-09-23 14:00:00,18.0,18.0,18.0,18.0,1400,VNA,"At 2025-09-23 14:00:00, the stock VNA opened at 18.00 VND, reached a high of 18.00 VND, a low of 18.00 VND, and closed the hour at 18.00 VND with a trading volume of 1,400 shares."
2025-09-24 09:00:00,18.9,18.9,18.9,18.9,100,VNA,"At 2025-09-24 09:00:00, the stock VNA opened at 18.90 VND, reached a high of 18.90 VND, a low of 18.90 VND, and closed the hour at 18.90 VND with a trading volume of 100 shares."
2025-09-24 10:00:00,18.0,18.0,18.0,18.0,1100,VNA,"At 2025-09-24 10:00:00, the stock VNA opened at 18.00 VND, reached a high of 18.00 VND, a low of 18.00 VND, and closed the hour at 18.00 VND with a trading volume of 1,100 shares."
2025-09-24 11:00:00,18.0,18.0,18.0,18.0,1200,VNA,"At 2025-09-24 11:00:00, the stock VNA opened at 18.00 VND, reached a high of 18.00 VND, a low of 18.00 VND, and closed the hour at 18.00 VND with a trading volume of 1,200 shares."
2025-09-24 13:00:00,18.0,18.0,18.0,18.0,1000,VNA,"At 2025-09-24 13:00:00, the stock VNA opened at 18.00 VND, reached a high of 18.00 VND, a low of 18.00 VND, and closed the hour at 18.00 VND with a trading volume of 1,000 shares."
2025-09-24 14:00:00,18.0,18.0,18.0,18.0,4900,VNA,"At 2025-09-24 14:00:00, the stock VNA opened at 18.00 VND, reached a high of 18.00 VND, a low of 18.00 VND, and closed the hour at 18.00 VND with a trading volume of 4,900 shares."
2025-09-25 09:00:00,18.0,18.0,18.0,18.0,300,VNA,"At 2025-09-25 09:00:00, the stock VNA opened at 18.00 VND, reached a high of 18.00 VND, a low of 18.00 VND, and closed the hour at 18.00 VND with a trading volume of 300 shares."
2025-09-25 10:00:00,17.8,18.0,17.8,18.0,2900,VNA,"At 2025-09-25 10:00:00, the stock VNA opened at 17.80 VND, reached a high of 18.00 VND, a low of 17.80 VND, and closed the hour at 18.00 VND with a trading volume of 2,900 shares."
2025-09-25 11:00:00,17.9,17.9,17.6,17.6,1400,VNA,"At 2025-09-25 11:00:00, the stock VNA opened at 17.90 VND, reached a high of 17.90 VND, a low of 17.60 VND, and closed the hour at 17.60 VND with a trading volume of 1,400 shares."
2025-09-25 13:00:00,17.8,17.8,17.6,17.6,3500,VNA,"At 2025-09-25 13:00:00, the stock VNA opened at 17.80 VND, reached a high of 17.80 VND, a low of 17.60 VND, and closed the hour at 17.60 VND with a trading volume of 3,500 shares."
2025-09-25 14:00:00,18.2,18.2,18.2,18.2,100,VNA,"At 2025-09-25 14:00:00, the stock VNA opened at 18.20 VND, reached a high of 18.20 VND, a low of 18.20 VND, and closed the hour at 18.20 VND with a trading volume of 100 shares."
2025-09-26 09:00:00,18.9,18.9,18.9,18.9,100,VNA,"At 2025-09-26 09:00:00, the stock VNA opened at 18.90 VND, reached a high of 18.90 VND, a low of 18.90 VND, and closed the hour at 18.90 VND with a trading volume of 100 shares."
2025-09-26 10:00:00,18.3,18.3,18.3,18.3,1000,VNA,"At 2025-09-26 10:00:00, the stock VNA opened at 18.30 VND, reached a high of 18.30 VND, a low of 18.30 VND, and closed the hour at 18.30 VND with a trading volume of 1,000 shares."
2025-09-26 13:00:00,18.3,18.3,18.3,18.3,1000,VNA,"At 2025-09-26 13:00:00, the stock VNA opened at 18.30 VND, reached a high of 18.30 VND, a low of 18.30 VND, and closed the hour at 18.30 VND with a trading volume of 1,000 shares."
2025-09-29 09:00:00,18.0,18.0,17.9,17.9,5000,VNA,"At 2025-09-29 09:00:00, the stock VNA opened at 18.00 VND, reached a high of 18.00 VND, a low of 17.90 VND, and closed the hour at 17.90 VND with a trading volume of 5,000 shares."
2025-09-29 13:00:00,18.0,18.0,17.9,17.9,1600,VNA,"At 2025-09-29 13:00:00, the stock VNA opened at 18.00 VND, reached a high of 18.00 VND, a low of 17.90 VND, and closed the hour at 17.90 VND with a trading volume of 1,600 shares."
2025-09-29 14:00:00,18.2,18.2,18.2,18.2,100,VNA,"At 2025-09-29 14:00:00, the stock VNA opened at 18.20 VND, reached a high of 18.20 VND, a low of 18.20 VND, and closed the hour at 18.20 VND with a trading volume of 100 shares."
2025-09-30 09:00:00,18.6,18.6,18.4,18.4,200,VNA,"At 2025-09-30 09:00:00, the stock VNA opened at 18.60 VND, reached a high of 18.60 VND, a low of 18.40 VND, and closed the hour at 18.40 VND with a trading volume of 200 shares."
2025-09-30 10:00:00,18.2,18.2,18.2,18.2,2200,VNA,"At 2025-09-30 10:00:00, the stock VNA opened at 18.20 VND, reached a high of 18.20 VND, a low of 18.20 VND, and closed the hour at 18.20 VND with a trading volume of 2,200 shares."
2025-09-30 14:00:00,17.9,17.9,17.9,17.9,100,VNA,"At 2025-09-30 14:00:00, the stock VNA opened at 17.90 VND, reached a high of 17.90 VND, a low of 17.90 VND, and closed the hour at 17.90 VND with a trading volume of 100 shares."
2025-10-01 13:00:00,17.8,17.8,17.8,17.8,2500,VNA,"At 2025-10-01 13:00:00, the stock VNA opened at 17.80 VND, reached a high of 17.80 VND, a low of 17.80 VND, and closed the hour at 17.80 VND with a trading volume of 2,500 shares."
2025-10-01 14:00:00,17.9,17.9,17.9,17.9,2300,VNA,"At 2025-10-01 14:00:00, the stock VNA opened at 17.90 VND, reached a high of 17.90 VND, a low of 17.90 VND, and closed the hour at 17.90 VND with a trading volume of 2,300 shares."
2025-10-02 13:00:00,17.8,17.8,17.8,17.8,600,VNA,"At 2025-10-02 13:00:00, the stock VNA opened at 17.80 VND, reached a high of 17.80 VND, a low of 17.80 VND, and closed the hour at 17.80 VND with a trading volume of 600 shares."
2025-10-03 13:00:00,17.8,17.8,17.8,17.8,400,VNA,"At 2025-10-03 13:00:00, the stock VNA opened at 17.80 VND, reached a high of 17.80 VND, a low of 17.80 VND, and closed the hour at 17.80 VND with a trading volume of 400 shares."
2025-10-06 09:00:00,17.8,17.8,17.8,17.8,1100,VNA,"At 2025-10-06 09:00:00, the stock VNA opened at 17.80 VND, reached a high of 17.80 VND, a low of 17.80 VND, and closed the hour at 17.80 VND with a trading volume of 1,100 shares."
2025-10-06 10:00:00,17.8,17.9,17.8,17.9,7300,VNA,"At 2025-10-06 10:00:00, the stock VNA opened at 17.80 VND, reached a high of 17.90 VND, a low of 17.80 VND, and closed the hour at 17.90 VND with a trading volume of 7,300 shares."
2025-10-06 11:00:00,17.8,17.8,17.8,17.8,300,VNA,"At 2025-10-06 11:00:00, the stock VNA opened at 17.80 VND, reached a high of 17.80 VND, a low of 17.80 VND, and closed the hour at 17.80 VND with a trading volume of 300 shares."
2025-10-06 13:00:00,17.8,17.8,17.8,17.8,100,VNA,"At 2025-10-06 13:00:00, the stock VNA opened at 17.80 VND, reached a high of 17.80 VND, a low of 17.80 VND, and closed the hour at 17.80 VND with a trading volume of 100 shares."
2025-10-06 14:00:00,17.8,17.8,17.7,17.8,7900,VNA,"At 2025-10-06 14:00:00, the stock VNA opened at 17.80 VND, reached a high of 17.80 VND, a low of 17.70 VND, and closed the hour at 17.80 VND with a trading volume of 7,900 shares."
2025-10-07 09:00:00,17.8,17.8,17.8,17.8,1000,VNA,"At 2025-10-07 09:00:00, the stock VNA opened at 17.80 VND, reached a high of 17.80 VND, a low of 17.80 VND, and closed the hour at 17.80 VND with a trading volume of 1,000 shares."
2025-10-07 10:00:00,17.8,17.9,17.8,17.9,1100,VNA,"At 2025-10-07 10:00:00, the stock VNA opened at 17.80 VND, reached a high of 17.90 VND, a low of 17.80 VND, and closed the hour at 17.90 VND with a trading volume of 1,100 shares."
2025-10-08 09:00:00,17.8,17.8,17.8,17.8,2900,VNA,"At 2025-10-08 09:00:00, the stock VNA opened at 17.80 VND, reached a high of 17.80 VND, a low of 17.80 VND, and closed the hour at 17.80 VND with a trading volume of 2,900 shares."
2025-10-08 10:00:00,17.8,17.8,17.8,17.8,300,VNA,"At 2025-10-08 10:00:00, the stock VNA opened at 17.80 VND, reached a high of 17.80 VND, a low of 17.80 VND, and closed the hour at 17.80 VND with a trading volume of 300 shares."
2025-10-08 13:00:00,17.8,17.8,17.8,17.8,100,VNA,"At 2025-10-08 13:00:00, the stock VNA opened at 17.80 VND, reached a high of 17.80 VND, a low of 17.80 VND, and closed the hour at 17.80 VND with a trading volume of 100 shares."
2025-10-09 09:00:00,18.2,18.2,18.2,18.2,100,VNA,"At 2025-10-09 09:00:00, the stock VNA opened at 18.20 VND, reached a high of 18.20 VND, a low of 18.20 VND, and closed the hour at 18.20 VND with a trading volume of 100 shares."
2025-10-09 11:00:00,17.2,17.2,17.2,17.2,100,VNA,"At 2025-10-09 11:00:00, the stock VNA opened at 17.20 VND, reached a high of 17.20 VND, a low of 17.20 VND, and closed the hour at 17.20 VND with a trading volume of 100 shares."
2025-10-09 13:00:00,17.8,17.8,17.8,17.8,100,VNA,"At 2025-10-09 13:00:00, the stock VNA opened at 17.80 VND, reached a high of 17.80 VND, a low of 17.80 VND, and closed the hour at 17.80 VND with a trading volume of 100 shares."
2025-10-10 09:00:00,17.1,17.2,17.1,17.2,4100,VNA,"At 2025-10-10 09:00:00, the stock VNA opened at 17.10 VND, reached a high of 17.20 VND, a low of 17.10 VND, and closed the hour at 17.20 VND with a trading volume of 4,100 shares."
2025-10-10 10:00:00,17.3,17.3,17.2,17.2,4800,VNA,"At 2025-10-10 10:00:00, the stock VNA opened at 17.30 VND, reached a high of 17.30 VND, a low of 17.20 VND, and closed the hour at 17.20 VND with a trading volume of 4,800 shares."
2025-10-10 13:00:00,17.2,17.2,17.2,17.2,2000,VNA,"At 2025-10-10 13:00:00, the stock VNA opened at 17.20 VND, reached a high of 17.20 VND, a low of 17.20 VND, and closed the hour at 17.20 VND with a trading volume of 2,000 shares."
2025-10-13 09:00:00,17.8,17.8,17.7,17.7,200,VNA,"At 2025-10-13 09:00:00, the stock VNA opened at 17.80 VND, reached a high of 17.80 VND, a low of 17.70 VND, and closed the hour at 17.70 VND with a trading volume of 200 shares."
2025-10-13 10:00:00,17.7,17.7,17.7,17.7,500,VNA,"At 2025-10-13 10:00:00, the stock VNA opened at 17.70 VND, reached a high of 17.70 VND, a low of 17.70 VND, and closed the hour at 17.70 VND with a trading volume of 500 shares."
2025-10-13 13:00:00,17.7,17.7,17.7,17.7,200,VNA,"At 2025-10-13 13:00:00, the stock VNA opened at 17.70 VND, reached a high of 17.70 VND, a low of 17.70 VND, and closed the hour at 17.70 VND with a trading volume of 200 shares."
2025-10-14 09:00:00,18.5,18.5,18.1,18.1,200,VNA,"At 2025-10-14 09:00:00, the stock VNA opened at 18.50 VND, reached a high of 18.50 VND, a low of 18.10 VND, and closed the hour at 18.10 VND with a trading volume of 200 shares."
2025-10-14 10:00:00,18.0,18.0,18.0,18.0,100,VNA,"At 2025-10-14 10:00:00, the stock VNA opened at 18.00 VND, reached a high of 18.00 VND, a low of 18.00 VND, and closed the hour at 18.00 VND with a trading volume of 100 shares."
2025-10-15 10:00:00,17.8,17.8,17.8,17.8,200,VNA,"At 2025-10-15 10:00:00, the stock VNA opened at 17.80 VND, reached a high of 17.80 VND, a low of 17.80 VND, and closed the hour at 17.80 VND with a trading volume of 200 shares."
2025-10-15 11:00:00,17.8,17.8,17.8,17.8,500,VNA,"At 2025-10-15 11:00:00, the stock VNA opened at 17.80 VND, reached a high of 17.80 VND, a low of 17.80 VND, and closed the hour at 17.80 VND with a trading volume of 500 shares."
2025-10-15 13:00:00,17.5,17.5,17.4,17.4,500,VNA,"At 2025-10-15 13:00:00, the stock VNA opened at 17.50 VND, reached a high of 17.50 VND, a low of 17.40 VND, and closed the hour at 17.40 VND with a trading volume of 500 shares."
2025-10-15 14:00:00,17.4,17.8,17.4,17.8,200,VNA,"At 2025-10-15 14:00:00, the stock VNA opened at 17.40 VND, reached a high of 17.80 VND, a low of 17.40 VND, and closed the hour at 17.80 VND with a trading volume of 200 shares."
2025-10-16 09:00:00,18.2,18.2,15.7,17.7,2200,VNA,"At 2025-10-16 09:00:00, the stock VNA opened at 18.20 VND, reached a high of 18.20 VND, a low of 15.70 VND, and closed the hour at 17.70 VND with a trading volume of 2,200 shares."
2025-10-17 09:00:00,17.9,17.9,17.9,17.9,100,VNA,"At 2025-10-17 09:00:00, the stock VNA opened at 17.90 VND, reached a high of 17.90 VND, a low of 17.90 VND, and closed the hour at 17.90 VND with a trading volume of 100 shares."
2025-10-17 13:00:00,17.7,17.7,17.7,17.7,100,VNA,"At 2025-10-17 13:00:00, the stock VNA opened at 17.70 VND, reached a high of 17.70 VND, a low of 17.70 VND, and closed the hour at 17.70 VND with a trading volume of 100 shares."
2025-10-17 14:00:00,17.3,17.3,17.3,17.3,1000,VNA,"At 2025-10-17 14:00:00, the stock VNA opened at 17.30 VND, reached a high of 17.30 VND, a low of 17.30 VND, and closed the hour at 17.30 VND with a trading volume of 1,000 shares."
2025-10-20 09:00:00,18.1,18.1,18.1,18.1,100,VNA,"At 2025-10-20 09:00:00, the stock VNA opened at 18.10 VND, reached a high of 18.10 VND, a low of 18.10 VND, and closed the hour at 18.10 VND with a trading volume of 100 shares."
2025-10-20 10:00:00,17.9,18.1,17.9,18.1,4100,VNA,"At 2025-10-20 10:00:00, the stock VNA opened at 17.90 VND, reached a high of 18.10 VND, a low of 17.90 VND, and closed the hour at 18.10 VND with a trading volume of 4,100 shares."
2025-10-20 13:00:00,17.9,17.9,17.4,17.4,1200,VNA,"At 2025-10-20 13:00:00, the stock VNA opened at 17.90 VND, reached a high of 17.90 VND, a low of 17.40 VND, and closed the hour at 17.40 VND with a trading volume of 1,200 shares."
2025-10-20 14:00:00,17.2,17.2,17.1,17.1,1000,VNA,"At 2025-10-20 14:00:00, the stock VNA opened at 17.20 VND, reached a high of 17.20 VND, a low of 17.10 VND, and closed the hour at 17.10 VND with a trading volume of 1,000 shares."
2025-10-21 10:00:00,16.3,16.3,16.1,16.1,1700,VNA,"At 2025-10-21 10:00:00, the stock VNA opened at 16.30 VND, reached a high of 16.30 VND, a low of 16.10 VND, and closed the hour at 16.10 VND with a trading volume of 1,700 shares."
2025-10-22 09:00:00,18.0,18.1,17.6,18.1,2900,VNA,"At 2025-10-22 09:00:00, the stock VNA opened at 18.00 VND, reached a high of 18.10 VND, a low of 17.60 VND, and closed the hour at 18.10 VND with a trading volume of 2,900 shares."
2025-10-22 10:00:00,18.1,18.1,16.4,16.4,1900,VNA,"At 2025-10-22 10:00:00, the stock VNA opened at 18.10 VND, reached a high of 18.10 VND, a low of 16.40 VND, and closed the hour at 16.40 VND with a trading volume of 1,900 shares."
2025-10-23 09:00:00,18.0,18.0,18.0,18.0,100,VNA,"At 2025-10-23 09:00:00, the stock VNA opened at 18.00 VND, reached a high of 18.00 VND, a low of 18.00 VND, and closed the hour at 18.00 VND with a trading volume of 100 shares."
2025-10-23 10:00:00,17.9,17.9,17.9,17.9,100,VNA,"At 2025-10-23 10:00:00, the stock VNA opened at 17.90 VND, reached a high of 17.90 VND, a low of 17.90 VND, and closed the hour at 17.90 VND with a trading volume of 100 shares."
2025-10-24 10:00:00,18.0,18.0,18.0,18.0,100,VNA,"At 2025-10-24 10:00:00, the stock VNA opened at 18.00 VND, reached a high of 18.00 VND, a low of 18.00 VND, and closed the hour at 18.00 VND with a trading volume of 100 shares."
2025-10-27 09:00:00,16.1,17.6,16.1,17.6,500,VNA,"At 2025-10-27 09:00:00, the stock VNA opened at 16.10 VND, reached a high of 17.60 VND, a low of 16.10 VND, and closed the hour at 17.60 VND with a trading volume of 500 shares."
2025-10-27 10:00:00,17.6,17.6,17.6,17.6,500,VNA,"At 2025-10-27 10:00:00, the stock VNA opened at 17.60 VND, reached a high of 17.60 VND, a low of 17.60 VND, and closed the hour at 17.60 VND with a trading volume of 500 shares."
2025-10-27 14:00:00,17.6,17.6,17.6,17.6,900,VNA,"At 2025-10-27 14:00:00, the stock VNA opened at 17.60 VND, reached a high of 17.60 VND, a low of 17.60 VND, and closed the hour at 17.60 VND with a trading volume of 900 shares."
2025-10-28 09:00:00,17.9,17.9,17.9,17.9,100,VNA,"At 2025-10-28 09:00:00, the stock VNA opened at 17.90 VND, reached a high of 17.90 VND, a low of 17.90 VND, and closed the hour at 17.90 VND with a trading volume of 100 shares."
2025-10-28 13:00:00,17.3,17.3,17.3,17.3,300,VNA,"At 2025-10-28 13:00:00, the stock VNA opened at 17.30 VND, reached a high of 17.30 VND, a low of 17.30 VND, and closed the hour at 17.30 VND with a trading volume of 300 shares."
2025-10-28 14:00:00,17.3,17.3,17.3,17.3,100,VNA,"At 2025-10-28 14:00:00, the stock VNA opened at 17.30 VND, reached a high of 17.30 VND, a low of 17.30 VND, and closed the hour at 17.30 VND with a trading volume of 100 shares."
2025-10-29 09:00:00,18.2,18.2,18.2,18.2,100,VNA,"At 2025-10-29 09:00:00, the stock VNA opened at 18.20 VND, reached a high of 18.20 VND, a low of 18.20 VND, and closed the hour at 18.20 VND with a trading volume of 100 shares."
2025-10-29 10:00:00,18.0,18.0,18.0,18.0,100,VNA,"At 2025-10-29 10:00:00, the stock VNA opened at 18.00 VND, reached a high of 18.00 VND, a low of 18.00 VND, and closed the hour at 18.00 VND with a trading volume of 100 shares."
2025-10-29 13:00:00,17.9,17.9,17.9,17.9,100,VNA,"At 2025-10-29 13:00:00, the stock VNA opened at 17.90 VND, reached a high of 17.90 VND, a low of 17.90 VND, and closed the hour at 17.90 VND with a trading volume of 100 shares."
2025-10-29 14:00:00,17.9,17.9,17.9,17.9,300,VNA,"At 2025-10-29 14:00:00, the stock VNA opened at 17.90 VND, reached a high of 17.90 VND, a low of 17.90 VND, and closed the hour at 17.90 VND with a trading volume of 300 shares."
2025-10-30 09:00:00,17.9,17.9,17.8,17.8,700,VNA,"At 2025-10-30 09:00:00, the stock VNA opened at 17.90 VND, reached a high of 17.90 VND, a low of 17.80 VND, and closed the hour at 17.80 VND with a trading volume of 700 shares."
2025-10-30 13:00:00,17.7,17.7,17.7,17.7,100,VNA,"At 2025-10-30 13:00:00, the stock VNA opened at 17.70 VND, reached a high of 17.70 VND, a low of 17.70 VND, and closed the hour at 17.70 VND with a trading volume of 100 shares."
2025-10-31 14:00:00,17.5,17.5,16.4,16.4,500,VNA,"At 2025-10-31 14:00:00, the stock VNA opened at 17.50 VND, reached a high of 17.50 VND, a low of 16.40 VND, and closed the hour at 16.40 VND with a trading volume of 500 shares."
2025-11-03 09:00:00,18.5,18.5,18.1,18.1,300,VNA,"At 2025-11-03 09:00:00, the stock VNA opened at 18.50 VND, reached a high of 18.50 VND, a low of 18.10 VND, and closed the hour at 18.10 VND with a trading volume of 300 shares."
2025-11-04 09:00:00,17.9,17.9,17.9,17.9,100,VNA,"At 2025-11-04 09:00:00, the stock VNA opened at 17.90 VND, reached a high of 17.90 VND, a low of 17.90 VND, and closed the hour at 17.90 VND with a trading volume of 100 shares."
2025-11-04 10:00:00,17.0,17.0,15.8,15.8,1000,VNA,"At 2025-11-04 10:00:00, the stock VNA opened at 17.00 VND, reached a high of 17.00 VND, a low of 15.80 VND, and closed the hour at 15.80 VND with a trading volume of 1,000 shares."
2025-11-04 13:00:00,16.0,18.0,16.0,18.0,3300,VNA,"At 2025-11-04 13:00:00, the stock VNA opened at 16.00 VND, reached a high of 18.00 VND, a low of 16.00 VND, and closed the hour at 18.00 VND with a trading volume of 3,300 shares."
2025-11-05 09:00:00,17.9,18.0,17.9,18.0,3000,VNA,"At 2025-11-05 09:00:00, the stock VNA opened at 17.90 VND, reached a high of 18.00 VND, a low of 17.90 VND, and closed the hour at 18.00 VND with a trading volume of 3,000 shares."
2025-11-06 13:00:00,17.5,17.5,17.5,17.5,1100,VNA,"At 2025-11-06 13:00:00, the stock VNA opened at 17.50 VND, reached a high of 17.50 VND, a low of 17.50 VND, and closed the hour at 17.50 VND with a trading volume of 1,100 shares."
2025-11-06 14:00:00,17.7,17.7,17.7,17.7,100,VNA,"At 2025-11-06 14:00:00, the stock VNA opened at 17.70 VND, reached a high of 17.70 VND, a low of 17.70 VND, and closed the hour at 17.70 VND with a trading volume of 100 shares."
2025-11-07 09:00:00,17.5,17.5,17.5,17.5,200,VNA,"At 2025-11-07 09:00:00, the stock VNA opened at 17.50 VND, reached a high of 17.50 VND, a low of 17.50 VND, and closed the hour at 17.50 VND with a trading volume of 200 shares."
2025-11-07 10:00:00,17.5,17.5,17.5,17.5,1000,VNA,"At 2025-11-07 10:00:00, the stock VNA opened at 17.50 VND, reached a high of 17.50 VND, a low of 17.50 VND, and closed the hour at 17.50 VND with a trading volume of 1,000 shares."
2025-11-10 10:00:00,17.1,17.1,17.1,17.1,500,VNA,"At 2025-11-10 10:00:00, the stock VNA opened at 17.10 VND, reached a high of 17.10 VND, a low of 17.10 VND, and closed the hour at 17.10 VND with a trading volume of 500 shares."
2025-11-10 11:00:00,17.1,17.1,17.1,17.1,100,VNA,"At 2025-11-10 11:00:00, the stock VNA opened at 17.10 VND, reached a high of 17.10 VND, a low of 17.10 VND, and closed the hour at 17.10 VND with a trading volume of 100 shares."
2025-11-10 13:00:00,17.1,17.1,17.1,17.1,100,VNA,"At 2025-11-10 13:00:00, the stock VNA opened at 17.10 VND, reached a high of 17.10 VND, a low of 17.10 VND, and closed the hour at 17.10 VND with a trading volume of 100 shares."
2025-11-10 14:00:00,16.2,16.2,16.1,16.2,1200,VNA,"At 2025-11-10 14:00:00, the stock VNA opened at 16.20 VND, reached a high of 16.20 VND, a low of 16.10 VND, and closed the hour at 16.20 VND with a trading volume of 1,200 shares."
2025-11-11 09:00:00,18.0,18.0,18.0,18.0,100,VNA,"At 2025-11-11 09:00:00, the stock VNA opened at 18.00 VND, reached a high of 18.00 VND, a low of 18.00 VND, and closed the hour at 18.00 VND with a trading volume of 100 shares."
2025-11-11 13:00:00,17.6,17.9,17.6,17.9,300,VNA,"At 2025-11-11 13:00:00, the stock VNA opened at 17.60 VND, reached a high of 17.90 VND, a low of 17.60 VND, and closed the hour at 17.90 VND with a trading volume of 300 shares."
2025-11-13 09:00:00,17.8,17.8,17.8,17.8,200,VNA,"At 2025-11-13 09:00:00, the stock VNA opened at 17.80 VND, reached a high of 17.80 VND, a low of 17.80 VND, and closed the hour at 17.80 VND with a trading volume of 200 shares."
2025-11-13 14:00:00,17.7,17.7,17.7,17.7,100,VNA,"At 2025-11-13 14:00:00, the stock VNA opened at 17.70 VND, reached a high of 17.70 VND, a low of 17.70 VND, and closed the hour at 17.70 VND with a trading volume of 100 shares."
2025-11-17 09:00:00,18.0,18.0,18.0,18.0,100,VNA,"At 2025-11-17 09:00:00, the stock VNA opened at 18.00 VND, reached a high of 18.00 VND, a low of 18.00 VND, and closed the hour at 18.00 VND with a trading volume of 100 shares."
2025-11-17 13:00:00,17.5,18.0,17.5,18.0,13000,VNA,"At 2025-11-17 13:00:00, the stock VNA opened at 17.50 VND, reached a high of 18.00 VND, a low of 17.50 VND, and closed the hour at 18.00 VND with a trading volume of 13,000 shares."
2025-11-18 10:00:00,17.9,17.9,17.9,17.9,100,VNA,"At 2025-11-18 10:00:00, the stock VNA opened at 17.90 VND, reached a high of 17.90 VND, a low of 17.90 VND, and closed the hour at 17.90 VND with a trading volume of 100 shares."
2025-11-18 11:00:00,18.0,18.0,18.0,18.0,100,VNA,"At 2025-11-18 11:00:00, the stock VNA opened at 18.00 VND, reached a high of 18.00 VND, a low of 18.00 VND, and closed the hour at 18.00 VND with a trading volume of 100 shares."
2025-11-19 09:00:00,18.0,18.0,18.0,18.0,2000,VNA,"At 2025-11-19 09:00:00, the stock VNA opened at 18.00 VND, reached a high of 18.00 VND, a low of 18.00 VND, and closed the hour at 18.00 VND with a trading volume of 2,000 shares."
2025-11-19 14:00:00,17.9,17.9,17.9,17.9,100,VNA,"At 2025-11-19 14:00:00, the stock VNA opened at 17.90 VND, reached a high of 17.90 VND, a low of 17.90 VND, and closed the hour at 17.90 VND with a trading volume of 100 shares."
2025-11-20 13:00:00,18.0,18.0,18.0,18.0,100,VNA,"At 2025-11-20 13:00:00, the stock VNA opened at 18.00 VND, reached a high of 18.00 VND, a low of 18.00 VND, and closed the hour at 18.00 VND with a trading volume of 100 shares."
2025-11-21 10:00:00,18.0,18.0,18.0,18.0,100,VNA,"At 2025-11-21 10:00:00, the stock VNA opened at 18.00 VND, reached a high of 18.00 VND, a low of 18.00 VND, and closed the hour at 18.00 VND with a trading volume of 100 shares."
2025-11-24 10:00:00,17.0,18.0,17.0,18.0,200,VNA,"At 2025-11-24 10:00:00, the stock VNA opened at 17.00 VND, reached a high of 18.00 VND, a low of 17.00 VND, and closed the hour at 18.00 VND with a trading volume of 200 shares."
2025-11-24 13:00:00,18.0,18.0,18.0,18.0,100,VNA,"At 2025-11-24 13:00:00, the stock VNA opened at 18.00 VND, reached a high of 18.00 VND, a low of 18.00 VND, and closed the hour at 18.00 VND with a trading volume of 100 shares."
2025-11-25 09:00:00,17.5,17.5,17.5,17.5,600,VNA,"At 2025-11-25 09:00:00, the stock VNA opened at 17.50 VND, reached a high of 17.50 VND, a low of 17.50 VND, and closed the hour at 17.50 VND with a trading volume of 600 shares."
2025-11-25 10:00:00,17.5,17.5,17.5,17.5,200,VNA,"At 2025-11-25 10:00:00, the stock VNA opened at 17.50 VND, reached a high of 17.50 VND, a low of 17.50 VND, and closed the hour at 17.50 VND with a trading volume of 200 shares."
2025-11-25 14:00:00,16.6,16.6,16.6,16.6,1500,VNA,"At 2025-11-25 14:00:00, the stock VNA opened at 16.60 VND, reached a high of 16.60 VND, a low of 16.60 VND, and closed the hour at 16.60 VND with a trading volume of 1,500 shares."
2025-11-26 10:00:00,17.1,17.5,17.1,17.5,400,VNA,"At 2025-11-26 10:00:00, the stock VNA opened at 17.10 VND, reached a high of 17.50 VND, a low of 17.10 VND, and closed the hour at 17.50 VND with a trading volume of 400 shares."
2025-11-26 11:00:00,17.5,17.5,17.5,17.5,100,VNA,"At 2025-11-26 11:00:00, the stock VNA opened at 17.50 VND, reached a high of 17.50 VND, a low of 17.50 VND, and closed the hour at 17.50 VND with a trading volume of 100 shares."
2025-11-27 09:00:00,17.7,17.7,17.7,17.7,100,VNA,"At 2025-11-27 09:00:00, the stock VNA opened at 17.70 VND, reached a high of 17.70 VND, a low of 17.70 VND, and closed the hour at 17.70 VND with a trading volume of 100 shares."
2025-11-28 09:00:00,17.3,17.5,17.3,17.5,300,VNA,"At 2025-11-28 09:00:00, the stock VNA opened at 17.30 VND, reached a high of 17.50 VND, a low of 17.30 VND, and closed the hour at 17.50 VND with a trading volume of 300 shares."
2025-11-28 11:00:00,17.3,17.3,17.3,17.3,100,VNA,"At 2025-11-28 11:00:00, the stock VNA opened at 17.30 VND, reached a high of 17.30 VND, a low of 17.30 VND, and closed the hour at 17.30 VND with a trading volume of 100 shares."
2025-12-01 09:00:00,17.3,17.3,17.3,17.3,100,VNA,"At 2025-12-01 09:00:00, the stock VNA opened at 17.30 VND, reached a high of 17.30 VND, a low of 17.30 VND, and closed the hour at 17.30 VND with a trading volume of 100 shares."
2025-12-01 14:00:00,17.0,17.0,17.0,17.0,100,VNA,"At 2025-12-01 14:00:00, the stock VNA opened at 17.00 VND, reached a high of 17.00 VND, a low of 17.00 VND, and closed the hour at 17.00 VND with a trading volume of 100 shares."
2025-12-03 10:00:00,17.0,17.0,17.0,17.0,200,VNA,"At 2025-12-03 10:00:00, the stock VNA opened at 17.00 VND, reached a high of 17.00 VND, a low of 17.00 VND, and closed the hour at 17.00 VND with a trading volume of 200 shares."
2025-12-03 13:00:00,17.0,17.0,17.0,17.0,100,VNA,"At 2025-12-03 13:00:00, the stock VNA opened at 17.00 VND, reached a high of 17.00 VND, a low of 17.00 VND, and closed the hour at 17.00 VND with a trading volume of 100 shares."
2025-12-03 14:00:00,17.0,17.3,17.0,17.3,500,VNA,"At 2025-12-03 14:00:00, the stock VNA opened at 17.00 VND, reached a high of 17.30 VND, a low of 17.00 VND, and closed the hour at 17.30 VND with a trading volume of 500 shares."
2025-12-04 11:00:00,17.2,17.2,17.2,17.2,200,VNA,"At 2025-12-04 11:00:00, the stock VNA opened at 17.20 VND, reached a high of 17.20 VND, a low of 17.20 VND, and closed the hour at 17.20 VND with a trading volume of 200 shares."
2025-12-04 13:00:00,17.2,17.2,17.2,17.2,500,VNA,"At 2025-12-04 13:00:00, the stock VNA opened at 17.20 VND, reached a high of 17.20 VND, a low of 17.20 VND, and closed the hour at 17.20 VND with a trading volume of 500 shares."
2025-12-04 14:00:00,17.3,17.3,17.3,17.3,100,VNA,"At 2025-12-04 14:00:00, the stock VNA opened at 17.30 VND, reached a high of 17.30 VND, a low of 17.30 VND, and closed the hour at 17.30 VND with a trading volume of 100 shares."
2025-12-05 09:00:00,18.3,18.3,18.3,18.3,100,VNA,"At 2025-12-05 09:00:00, the stock VNA opened at 18.30 VND, reached a high of 18.30 VND, a low of 18.30 VND, and closed the hour at 18.30 VND with a trading volume of 100 shares."
2025-12-05 14:00:00,17.3,17.3,17.0,17.0,1800,VNA,"At 2025-12-05 14:00:00, the stock VNA opened at 17.30 VND, reached a high of 17.30 VND, a low of 17.00 VND, and closed the hour at 17.00 VND with a trading volume of 1,800 shares."
2025-12-08 09:00:00,17.0,18.3,17.0,18.3,2000,VNA,"At 2025-12-08 09:00:00, the stock VNA opened at 17.00 VND, reached a high of 18.30 VND, a low of 17.00 VND, and closed the hour at 18.30 VND with a trading volume of 2,000 shares."
2025-12-08 13:00:00,17.0,17.0,17.0,17.0,100,VNA,"At 2025-12-08 13:00:00, the stock VNA opened at 17.00 VND, reached a high of 17.00 VND, a low of 17.00 VND, and closed the hour at 17.00 VND with a trading volume of 100 shares."
2025-12-08 14:00:00,17.0,17.0,17.0,17.0,1200,VNA,"At 2025-12-08 14:00:00, the stock VNA opened at 17.00 VND, reached a high of 17.00 VND, a low of 17.00 VND, and closed the hour at 17.00 VND with a trading volume of 1,200 shares."
2025-12-11 14:00:00,17.9,17.9,17.9,17.9,100,VNA,"At 2025-12-11 14:00:00, the stock VNA opened at 17.90 VND, reached a high of 17.90 VND, a low of 17.90 VND, and closed the hour at 17.90 VND with a trading volume of 100 shares."
2025-12-12 13:00:00,17.1,17.1,17.1,17.1,100,VNA,"At 2025-12-12 13:00:00, the stock VNA opened at 17.10 VND, reached a high of 17.10 VND, a low of 17.10 VND, and closed the hour at 17.10 VND with a trading volume of 100 shares."
2025-12-12 14:00:00,17.1,17.1,17.1,17.1,100,VNA,"At 2025-12-12 14:00:00, the stock VNA opened at 17.10 VND, reached a high of 17.10 VND, a low of 17.10 VND, and closed the hour at 17.10 VND with a trading volume of 100 shares."
2025-12-15 10:00:00,17.1,17.1,17.1,17.1,100,VNA,"At 2025-12-15 10:00:00, the stock VNA opened at 17.10 VND, reached a high of 17.10 VND, a low of 17.10 VND, and closed the hour at 17.10 VND with a trading volume of 100 shares."
2025-12-16 09:00:00,18.3,18.3,18.3,18.3,100,VNA,"At 2025-12-16 09:00:00, the stock VNA opened at 18.30 VND, reached a high of 18.30 VND, a low of 18.30 VND, and closed the hour at 18.30 VND with a trading volume of 100 shares."
2025-12-17 14:00:00,17.5,17.5,17.5,17.5,100,VNA,"At 2025-12-17 14:00:00, the stock VNA opened at 17.50 VND, reached a high of 17.50 VND, a low of 17.50 VND, and closed the hour at 17.50 VND with a trading volume of 100 shares."
2025-12-23 09:00:00,17.3,17.3,17.3,17.3,300,VNA,"At 2025-12-23 09:00:00, the stock VNA opened at 17.30 VND, reached a high of 17.30 VND, a low of 17.30 VND, and closed the hour at 17.30 VND with a trading volume of 300 shares."
2025-12-23 11:00:00,17.2,17.2,17.2,17.2,100,VNA,"At 2025-12-23 11:00:00, the stock VNA opened at 17.20 VND, reached a high of 17.20 VND, a low of 17.20 VND, and closed the hour at 17.20 VND with a trading volume of 100 shares."
2025-12-23 13:00:00,17.2,17.2,17.2,17.2,300,VNA,"At 2025-12-23 13:00:00, the stock VNA opened at 17.20 VND, reached a high of 17.20 VND, a low of 17.20 VND, and closed the hour at 17.20 VND with a trading volume of 300 shares."
2025-12-23 14:00:00,17.1,17.1,17.1,17.1,800,VNA,"At 2025-12-23 14:00:00, the stock VNA opened at 17.10 VND, reached a high of 17.10 VND, a low of 17.10 VND, and closed the hour at 17.10 VND with a trading volume of 800 shares."
2025-12-25 09:00:00,17.7,17.7,17.7,17.7,100,VNA,"At 2025-12-25 09:00:00, the stock VNA opened at 17.70 VND, reached a high of 17.70 VND, a low of 17.70 VND, and closed the hour at 17.70 VND with a trading volume of 100 shares."
2025-12-25 14:00:00,17.5,17.5,17.5,17.5,100,VNA,"At 2025-12-25 14:00:00, the stock VNA opened at 17.50 VND, reached a high of 17.50 VND, a low of 17.50 VND, and closed the hour at 17.50 VND with a trading volume of 100 shares."
2025-12-29 14:00:00,17.0,17.0,17.0,17.0,100,VNA,"At 2025-12-29 14:00:00, the stock VNA opened at 17.00 VND, reached a high of 17.00 VND, a low of 17.00 VND, and closed the hour at 17.00 VND with a trading volume of 100 shares."
2025-12-30 09:00:00,17.5,17.5,17.5,17.5,100,VNA,"At 2025-12-30 09:00:00, the stock VNA opened at 17.50 VND, reached a high of 17.50 VND, a low of 17.50 VND, and closed the hour at 17.50 VND with a trading volume of 100 shares."
2026-01-06 11:00:00,16.0,16.0,16.0,16.0,900,VNA,"At 2026-01-06 11:00:00, the stock VNA opened at 16.00 VND, reached a high of 16.00 VND, a low of 16.00 VND, and closed the hour at 16.00 VND with a trading volume of 900 shares."
2026-01-06 13:00:00,16.2,16.2,16.2,16.2,100,VNA,"At 2026-01-06 13:00:00, the stock VNA opened at 16.20 VND, reached a high of 16.20 VND, a low of 16.20 VND, and closed the hour at 16.20 VND with a trading volume of 100 shares."
2026-01-07 09:00:00,17.5,17.5,16.1,16.1,600,VNA,"At 2026-01-07 09:00:00, the stock VNA opened at 17.50 VND, reached a high of 17.50 VND, a low of 16.10 VND, and closed the hour at 16.10 VND with a trading volume of 600 shares."
2026-01-07 10:00:00,17.4,17.5,17.4,17.5,200,VNA,"At 2026-01-07 10:00:00, the stock VNA opened at 17.40 VND, reached a high of 17.50 VND, a low of 17.40 VND, and closed the hour at 17.50 VND with a trading volume of 200 shares."
2026-01-07 13:00:00,16.1,16.1,16.1,16.1,2900,VNA,"At 2026-01-07 13:00:00, the stock VNA opened at 16.10 VND, reached a high of 16.10 VND, a low of 16.10 VND, and closed the hour at 16.10 VND with a trading volume of 2,900 shares."
2026-01-08 09:00:00,17.5,17.5,17.5,17.5,100,VNA,"At 2026-01-08 09:00:00, the stock VNA opened at 17.50 VND, reached a high of 17.50 VND, a low of 17.50 VND, and closed the hour at 17.50 VND with a trading volume of 100 shares."
2026-01-08 10:00:00,17.0,17.4,17.0,17.4,400,VNA,"At 2026-01-08 10:00:00, the stock VNA opened at 17.00 VND, reached a high of 17.40 VND, a low of 17.00 VND, and closed the hour at 17.40 VND with a trading volume of 400 shares."
2026-01-08 13:00:00,17.2,17.2,17.2,17.2,100,VNA,"At 2026-01-08 13:00:00, the stock VNA opened at 17.20 VND, reached a high of 17.20 VND, a low of 17.20 VND, and closed the hour at 17.20 VND with a trading volume of 100 shares."
2026-01-13 14:00:00,17.0,17.0,17.0,17.0,100,VNA,"At 2026-01-13 14:00:00, the stock VNA opened at 17.00 VND, reached a high of 17.00 VND, a low of 17.00 VND, and closed the hour at 17.00 VND with a trading volume of 100 shares."
2026-01-14 09:00:00,17.5,17.5,17.5,17.5,100,VNA,"At 2026-01-14 09:00:00, the stock VNA opened at 17.50 VND, reached a high of 17.50 VND, a low of 17.50 VND, and closed the hour at 17.50 VND with a trading volume of 100 shares."
2026-01-14 13:00:00,17.0,17.0,17.0,17.0,100,VNA,"At 2026-01-14 13:00:00, the stock VNA opened at 17.00 VND, reached a high of 17.00 VND, a low of 17.00 VND, and closed the hour at 17.00 VND with a trading volume of 100 shares."
2026-01-14 14:00:00,17.0,17.0,17.0,17.0,1000,VNA,"At 2026-01-14 14:00:00, the stock VNA opened at 17.00 VND, reached a high of 17.00 VND, a low of 17.00 VND, and closed the hour at 17.00 VND with a trading volume of 1,000 shares."
2026-01-15 09:00:00,17.3,17.3,17.3,17.3,100,VNA,"At 2026-01-15 09:00:00, the stock VNA opened at 17.30 VND, reached a high of 17.30 VND, a low of 17.30 VND, and closed the hour at 17.30 VND with a trading volume of 100 shares."
2026-01-15 10:00:00,17.0,17.0,17.0,17.0,100,VNA,"At 2026-01-15 10:00:00, the stock VNA opened at 17.00 VND, reached a high of 17.00 VND, a low of 17.00 VND, and closed the hour at 17.00 VND with a trading volume of 100 shares."
2026-01-15 13:00:00,17.1,17.1,17.1,17.1,600,VNA,"At 2026-01-15 13:00:00, the stock VNA opened at 17.10 VND, reached a high of 17.10 VND, a low of 17.10 VND, and closed the hour at 17.10 VND with a trading volume of 600 shares."
2026-01-15 14:00:00,16.9,17.1,16.9,17.1,900,VNA,"At 2026-01-15 14:00:00, the stock VNA opened at 16.90 VND, reached a high of 17.10 VND, a low of 16.90 VND, and closed the hour at 17.10 VND with a trading volume of 900 shares."
2026-01-16 09:00:00,17.4,17.4,17.4,17.4,200,VNA,"At 2026-01-16 09:00:00, the stock VNA opened at 17.40 VND, reached a high of 17.40 VND, a low of 17.40 VND, and closed the hour at 17.40 VND with a trading volume of 200 shares."
2026-01-16 14:00:00,17.2,17.2,17.2,17.2,100,VNA,"At 2026-01-16 14:00:00, the stock VNA opened at 17.20 VND, reached a high of 17.20 VND, a low of 17.20 VND, and closed the hour at 17.20 VND with a trading volume of 100 shares."
2026-01-19 11:00:00,17.1,17.1,17.1,17.1,100,VNA,"At 2026-01-19 11:00:00, the stock VNA opened at 17.10 VND, reached a high of 17.10 VND, a low of 17.10 VND, and closed the hour at 17.10 VND with a trading volume of 100 shares."
2026-01-19 13:00:00,17.0,17.0,17.0,17.0,900,VNA,"At 2026-01-19 13:00:00, the stock VNA opened at 17.00 VND, reached a high of 17.00 VND, a low of 17.00 VND, and closed the hour at 17.00 VND with a trading volume of 900 shares."
2026-01-19 14:00:00,17.0,17.0,17.0,17.0,200,VNA,"At 2026-01-19 14:00:00, the stock VNA opened at 17.00 VND, reached a high of 17.00 VND, a low of 17.00 VND, and closed the hour at 17.00 VND with a trading volume of 200 shares."
2026-01-20 13:00:00,17.0,17.5,17.0,17.4,3100,VNA,"At 2026-01-20 13:00:00, the stock VNA opened at 17.00 VND, reached a high of 17.50 VND, a low of 17.00 VND, and closed the hour at 17.40 VND with a trading volume of 3,100 shares."
2026-01-21 09:00:00,17.2,17.2,17.2,17.2,200,VNA,"At 2026-01-21 09:00:00, the stock VNA opened at 17.20 VND, reached a high of 17.20 VND, a low of 17.20 VND, and closed the hour at 17.20 VND with a trading volume of 200 shares."
2026-01-21 13:00:00,16.9,16.9,16.9,16.9,100,VNA,"At 2026-01-21 13:00:00, the stock VNA opened at 16.90 VND, reached a high of 16.90 VND, a low of 16.90 VND, and closed the hour at 16.90 VND with a trading volume of 100 shares."
2026-01-21 14:00:00,17.0,17.0,17.0,17.0,100,VNA,"At 2026-01-21 14:00:00, the stock VNA opened at 17.00 VND, reached a high of 17.00 VND, a low of 17.00 VND, and closed the hour at 17.00 VND with a trading volume of 100 shares."
2026-01-22 10:00:00,17.4,17.4,17.4,17.4,100,VNA,"At 2026-01-22 10:00:00, the stock VNA opened at 17.40 VND, reached a high of 17.40 VND, a low of 17.40 VND, and closed the hour at 17.40 VND with a trading volume of 100 shares."
2026-01-22 11:00:00,17.1,17.1,17.1,17.1,100,VNA,"At 2026-01-22 11:00:00, the stock VNA opened at 17.10 VND, reached a high of 17.10 VND, a low of 17.10 VND, and closed the hour at 17.10 VND with a trading volume of 100 shares."
2026-01-23 09:00:00,17.0,17.0,16.9,16.9,600,VNA,"At 2026-01-23 09:00:00, the stock VNA opened at 17.00 VND, reached a high of 17.00 VND, a low of 16.90 VND, and closed the hour at 16.90 VND with a trading volume of 600 shares."
2026-01-23 11:00:00,16.9,16.9,16.9,16.9,200,VNA,"At 2026-01-23 11:00:00, the stock VNA opened at 16.90 VND, reached a high of 16.90 VND, a low of 16.90 VND, and closed the hour at 16.90 VND with a trading volume of 200 shares."
2026-01-23 13:00:00,16.8,16.8,16.5,16.5,300,VNA,"At 2026-01-23 13:00:00, the stock VNA opened at 16.80 VND, reached a high of 16.80 VND, a low of 16.50 VND, and closed the hour at 16.50 VND with a trading volume of 300 shares."
2026-01-23 14:00:00,16.8,16.8,16.8,16.8,600,VNA,"At 2026-01-23 14:00:00, the stock VNA opened at 16.80 VND, reached a high of 16.80 VND, a low of 16.80 VND, and closed the hour at 16.80 VND with a trading volume of 600 shares."
2026-01-26 09:00:00,16.8,16.8,16.8,16.8,100,VNA,"At 2026-01-26 09:00:00, the stock VNA opened at 16.80 VND, reached a high of 16.80 VND, a low of 16.80 VND, and closed the hour at 16.80 VND with a trading volume of 100 shares."
2026-01-26 10:00:00,16.8,17.0,16.0,17.0,1400,VNA,"At 2026-01-26 10:00:00, the stock VNA opened at 16.80 VND, reached a high of 17.00 VND, a low of 16.00 VND, and closed the hour at 17.00 VND with a trading volume of 1,400 shares."
2026-01-26 13:00:00,16.0,16.0,16.0,16.0,3400,VNA,"At 2026-01-26 13:00:00, the stock VNA opened at 16.00 VND, reached a high of 16.00 VND, a low of 16.00 VND, and closed the hour at 16.00 VND with a trading volume of 3,400 shares."
2026-01-26 14:00:00,16.0,16.0,16.0,16.0,200,VNA,"At 2026-01-26 14:00:00, the stock VNA opened at 16.00 VND, reached a high of 16.00 VND, a low of 16.00 VND, and closed the hour at 16.00 VND with a trading volume of 200 shares."
2026-01-27 09:00:00,16.0,16.0,16.0,16.0,300,VNA,"At 2026-01-27 09:00:00, the stock VNA opened at 16.00 VND, reached a high of 16.00 VND, a low of 16.00 VND, and closed the hour at 16.00 VND with a trading volume of 300 shares."
2026-01-27 10:00:00,16.0,16.7,16.0,16.7,500,VNA,"At 2026-01-27 10:00:00, the stock VNA opened at 16.00 VND, reached a high of 16.70 VND, a low of 16.00 VND, and closed the hour at 16.70 VND with a trading volume of 500 shares."
2026-01-27 13:00:00,16.7,16.7,15.2,15.3,1800,VNA,"At 2026-01-27 13:00:00, the stock VNA opened at 16.70 VND, reached a high of 16.70 VND, a low of 15.20 VND, and closed the hour at 15.30 VND with a trading volume of 1,800 shares."
2026-01-28 09:00:00,16.9,16.9,16.9,16.9,100,VNA,"At 2026-01-28 09:00:00, the stock VNA opened at 16.90 VND, reached a high of 16.90 VND, a low of 16.90 VND, and closed the hour at 16.90 VND with a trading volume of 100 shares."
2026-01-28 13:00:00,15.3,15.3,15.3,15.3,100,VNA,"At 2026-01-28 13:00:00, the stock VNA opened at 15.30 VND, reached a high of 15.30 VND, a low of 15.30 VND, and closed the hour at 15.30 VND with a trading volume of 100 shares."
2026-01-28 14:00:00,16.8,16.8,16.8,16.8,200,VNA,"At 2026-01-28 14:00:00, the stock VNA opened at 16.80 VND, reached a high of 16.80 VND, a low of 16.80 VND, and closed the hour at 16.80 VND with a trading volume of 200 shares."
2026-01-29 09:00:00,15.5,15.5,15.3,15.5,900,VNA,"At 2026-01-29 09:00:00, the stock VNA opened at 15.50 VND, reached a high of 15.50 VND, a low of 15.30 VND, and closed the hour at 15.50 VND with a trading volume of 900 shares."
2026-01-29 11:00:00,15.5,15.8,15.5,15.8,1100,VNA,"At 2026-01-29 11:00:00, the stock VNA opened at 15.50 VND, reached a high of 15.80 VND, a low of 15.50 VND, and closed the hour at 15.80 VND with a trading volume of 1,100 shares."
2026-01-29 13:00:00,16.0,16.0,16.0,16.0,900,VNA,"At 2026-01-29 13:00:00, the stock VNA opened at 16.00 VND, reached a high of 16.00 VND, a low of 16.00 VND, and closed the hour at 16.00 VND with a trading volume of 900 shares."
2026-01-30 09:00:00,16.7,16.7,16.7,16.7,100,VNA,"At 2026-01-30 09:00:00, the stock VNA opened at 16.70 VND, reached a high of 16.70 VND, a low of 16.70 VND, and closed the hour at 16.70 VND with a trading volume of 100 shares."
2026-02-02 09:00:00,16.7,16.8,16.7,16.8,300,VNA,"At 2026-02-02 09:00:00, the stock VNA opened at 16.70 VND, reached a high of 16.80 VND, a low of 16.70 VND, and closed the hour at 16.80 VND with a trading volume of 300 shares."
2026-02-02 10:00:00,16.0,16.5,16.0,16.5,700,VNA,"At 2026-02-02 10:00:00, the stock VNA opened at 16.00 VND, reached a high of 16.50 VND, a low of 16.00 VND, and closed the hour at 16.50 VND with a trading volume of 700 shares."
2026-02-03 10:00:00,16.6,16.6,16.6,16.6,100,VNA,"At 2026-02-03 10:00:00, the stock VNA opened at 16.60 VND, reached a high of 16.60 VND, a low of 16.60 VND, and closed the hour at 16.60 VND with a trading volume of 100 shares."
2026-02-04 09:00:00,16.6,16.6,16.6,16.6,200,VNA,"At 2026-02-04 09:00:00, the stock VNA opened at 16.60 VND, reached a high of 16.60 VND, a low of 16.60 VND, and closed the hour at 16.60 VND with a trading volume of 200 shares."
2026-02-04 10:00:00,16.6,16.6,16.6,16.6,300,VNA,"At 2026-02-04 10:00:00, the stock VNA opened at 16.60 VND, reached a high of 16.60 VND, a low of 16.60 VND, and closed the hour at 16.60 VND with a trading volume of 300 shares."
2026-02-04 11:00:00,16.6,16.6,16.6,16.6,100,VNA,"At 2026-02-04 11:00:00, the stock VNA opened at 16.60 VND, reached a high of 16.60 VND, a low of 16.60 VND, and closed the hour at 16.60 VND with a trading volume of 100 shares."
2026-02-05 14:00:00,16.5,16.5,16.5,16.5,500,VNA,"At 2026-02-05 14:00:00, the stock VNA opened at 16.50 VND, reached a high of 16.50 VND, a low of 16.50 VND, and closed the hour at 16.50 VND with a trading volume of 500 shares."
2026-02-06 09:00:00,16.0,16.0,16.0,16.0,100,VNA,"At 2026-02-06 09:00:00, the stock VNA opened at 16.00 VND, reached a high of 16.00 VND, a low of 16.00 VND, and closed the hour at 16.00 VND with a trading volume of 100 shares."
2026-02-06 10:00:00,16.5,16.5,16.5,16.5,100,VNA,"At 2026-02-06 10:00:00, the stock VNA opened at 16.50 VND, reached a high of 16.50 VND, a low of 16.50 VND, and closed the hour at 16.50 VND with a trading volume of 100 shares."
2026-02-06 11:00:00,16.4,16.4,16.4,16.4,1000,VNA,"At 2026-02-06 11:00:00, the stock VNA opened at 16.40 VND, reached a high of 16.40 VND, a low of 16.40 VND, and closed the hour at 16.40 VND with a trading volume of 1,000 shares."
2026-02-06 14:00:00,16.0,16.0,16.0,16.0,900,VNA,"At 2026-02-06 14:00:00, the stock VNA opened at 16.00 VND, reached a high of 16.00 VND, a low of 16.00 VND, and closed the hour at 16.00 VND with a trading volume of 900 shares."
2026-02-09 09:00:00,16.7,16.7,16.7,16.7,100,VNA,"At 2026-02-09 09:00:00, the stock VNA opened at 16.70 VND, reached a high of 16.70 VND, a low of 16.70 VND, and closed the hour at 16.70 VND with a trading volume of 100 shares."
2026-02-09 10:00:00,16.1,16.1,15.9,15.9,300,VNA,"At 2026-02-09 10:00:00, the stock VNA opened at 16.10 VND, reached a high of 16.10 VND, a low of 15.90 VND, and closed the hour at 15.90 VND with a trading volume of 300 shares."
2026-02-10 09:00:00,16.5,16.5,16.5,16.5,100,VNA,"At 2026-02-10 09:00:00, the stock VNA opened at 16.50 VND, reached a high of 16.50 VND, a low of 16.50 VND, and closed the hour at 16.50 VND with a trading volume of 100 shares."
2026-02-10 13:00:00,15.8,15.8,15.8,15.8,700,VNA,"At 2026-02-10 13:00:00, the stock VNA opened at 15.80 VND, reached a high of 15.80 VND, a low of 15.80 VND, and closed the hour at 15.80 VND with a trading volume of 700 shares."
2026-02-10 14:00:00,16.0,16.0,16.0,16.0,100,VNA,"At 2026-02-10 14:00:00, the stock VNA opened at 16.00 VND, reached a high of 16.00 VND, a low of 16.00 VND, and closed the hour at 16.00 VND with a trading volume of 100 shares."
2026-02-11 10:00:00,16.5,16.5,16.5,16.5,100,VNA,"At 2026-02-11 10:00:00, the stock VNA opened at 16.50 VND, reached a high of 16.50 VND, a low of 16.50 VND, and closed the hour at 16.50 VND with a trading volume of 100 shares."
2026-02-11 13:00:00,16.0,16.0,16.0,16.0,200,VNA,"At 2026-02-11 13:00:00, the stock VNA opened at 16.00 VND, reached a high of 16.00 VND, a low of 16.00 VND, and closed the hour at 16.00 VND with a trading volume of 200 shares."
2026-02-11 14:00:00,15.9,15.9,15.7,15.7,1000,VNA,"At 2026-02-11 14:00:00, the stock VNA opened at 15.90 VND, reached a high of 15.90 VND, a low of 15.70 VND, and closed the hour at 15.70 VND with a trading volume of 1,000 shares."
2026-02-12 09:00:00,16.6,16.6,16.6,16.6,100,VNA,"At 2026-02-12 09:00:00, the stock VNA opened at 16.60 VND, reached a high of 16.60 VND, a low of 16.60 VND, and closed the hour at 16.60 VND with a trading volume of 100 shares."
2026-02-12 10:00:00,15.8,15.8,15.8,15.8,700,VNA,"At 2026-02-12 10:00:00, the stock VNA opened at 15.80 VND, reached a high of 15.80 VND, a low of 15.80 VND, and closed the hour at 15.80 VND with a trading volume of 700 shares."
2026-02-13 09:00:00,15.5,15.5,15.5,15.5,400,VNA,"At 2026-02-13 09:00:00, the stock VNA opened at 15.50 VND, reached a high of 15.50 VND, a low of 15.50 VND, and closed the hour at 15.50 VND with a trading volume of 400 shares."
2026-02-13 10:00:00,15.6,16.3,15.6,16.3,300,VNA,"At 2026-02-13 10:00:00, the stock VNA opened at 15.60 VND, reached a high of 16.30 VND, a low of 15.60 VND, and closed the hour at 16.30 VND with a trading volume of 300 shares."
2026-02-13 13:00:00,16.0,16.2,16.0,16.2,500,VNA,"At 2026-02-13 13:00:00, the stock VNA opened at 16.00 VND, reached a high of 16.20 VND, a low of 16.00 VND, and closed the hour at 16.20 VND with a trading volume of 500 shares."
2026-02-13 14:00:00,16.1,16.1,16.1,16.1,1100,VNA,"At 2026-02-13 14:00:00, the stock VNA opened at 16.10 VND, reached a high of 16.10 VND, a low of 16.10 VND, and closed the hour at 16.10 VND with a trading volume of 1,100 shares."
2026-02-23 09:00:00,16.9,16.9,16.9,16.9,100,VNA,"At 2026-02-23 09:00:00, the stock VNA opened at 16.90 VND, reached a high of 16.90 VND, a low of 16.90 VND, and closed the hour at 16.90 VND with a trading volume of 100 shares."
2026-02-23 14:00:00,16.7,16.7,16.7,16.7,100,VNA,"At 2026-02-23 14:00:00, the stock VNA opened at 16.70 VND, reached a high of 16.70 VND, a low of 16.70 VND, and closed the hour at 16.70 VND with a trading volume of 100 shares."
2026-02-24 09:00:00,16.8,16.8,16.8,16.8,2600,VNA,"At 2026-02-24 09:00:00, the stock VNA opened at 16.80 VND, reached a high of 16.80 VND, a low of 16.80 VND, and closed the hour at 16.80 VND with a trading volume of 2,600 shares."
2026-02-24 13:00:00,16.8,17.0,16.8,17.0,4300,VNA,"At 2026-02-24 13:00:00, the stock VNA opened at 16.80 VND, reached a high of 17.00 VND, a low of 16.80 VND, and closed the hour at 17.00 VND with a trading volume of 4,300 shares."
2026-02-24 14:00:00,17.0,17.0,16.1,16.1,2500,VNA,"At 2026-02-24 14:00:00, the stock VNA opened at 17.00 VND, reached a high of 17.00 VND, a low of 16.10 VND, and closed the hour at 16.10 VND with a trading volume of 2,500 shares."
2026-02-25 09:00:00,17.2,17.2,17.2,17.2,100,VNA,"At 2026-02-25 09:00:00, the stock VNA opened at 17.20 VND, reached a high of 17.20 VND, a low of 17.20 VND, and closed the hour at 17.20 VND with a trading volume of 100 shares."
2026-02-25 11:00:00,17.1,17.1,17.1,17.1,100,VNA,"At 2026-02-25 11:00:00, the stock VNA opened at 17.10 VND, reached a high of 17.10 VND, a low of 17.10 VND, and closed the hour at 17.10 VND with a trading volume of 100 shares."
2026-02-25 13:00:00,17.0,17.0,17.0,17.0,100,VNA,"At 2026-02-25 13:00:00, the stock VNA opened at 17.00 VND, reached a high of 17.00 VND, a low of 17.00 VND, and closed the hour at 17.00 VND with a trading volume of 100 shares."
2026-02-26 09:00:00,15.1,15.1,15.1,15.1,1000,VNA,"At 2026-02-26 09:00:00, the stock VNA opened at 15.10 VND, reached a high of 15.10 VND, a low of 15.10 VND, and closed the hour at 15.10 VND with a trading volume of 1,000 shares."
2026-02-26 13:00:00,15.5,15.5,15.5,15.5,500,VNA,"At 2026-02-26 13:00:00, the stock VNA opened at 15.50 VND, reached a high of 15.50 VND, a low of 15.50 VND, and closed the hour at 15.50 VND with a trading volume of 500 shares."
2026-02-26 14:00:00,17.4,17.4,16.0,16.0,500,VNA,"At 2026-02-26 14:00:00, the stock VNA opened at 17.40 VND, reached a high of 17.40 VND, a low of 16.00 VND, and closed the hour at 16.00 VND with a trading volume of 500 shares."
2026-02-27 09:00:00,17.1,17.1,16.2,16.2,200,VNA,"At 2026-02-27 09:00:00, the stock VNA opened at 17.10 VND, reached a high of 17.10 VND, a low of 16.20 VND, and closed the hour at 16.20 VND with a trading volume of 200 shares."
2026-03-02 09:00:00,16.8,17.6,16.8,17.6,5600,VNA,"At 2026-03-02 09:00:00, the stock VNA opened at 16.80 VND, reached a high of 17.60 VND, a low of 16.80 VND, and closed the hour at 17.60 VND with a trading volume of 5,600 shares."
2026-03-02 10:00:00,17.6,18.2,17.6,18.2,10400,VNA,"At 2026-03-02 10:00:00, the stock VNA opened at 17.60 VND, reached a high of 18.20 VND, a low of 17.60 VND, and closed the hour at 18.20 VND with a trading volume of 10,400 shares."
2026-03-02 11:00:00,18.2,18.2,17.7,17.7,5900,VNA,"At 2026-03-02 11:00:00, the stock VNA opened at 18.20 VND, reached a high of 18.20 VND, a low of 17.70 VND, and closed the hour at 17.70 VND with a trading volume of 5,900 shares."
2026-03-02 13:00:00,17.7,18.5,17.7,18.1,17500,VNA,"At 2026-03-02 13:00:00, the stock VNA opened at 17.70 VND, reached a high of 18.50 VND, a low of 17.70 VND, and closed the hour at 18.10 VND with a trading volume of 17,500 shares."
2026-03-02 14:00:00,18.1,18.1,17.9,17.9,2100,VNA,"At 2026-03-02 14:00:00, the stock VNA opened at 18.10 VND, reached a high of 18.10 VND, a low of 17.90 VND, and closed the hour at 17.90 VND with a trading volume of 2,100 shares."
2026-03-03 09:00:00,18.5,18.6,17.6,17.6,7300,VNA,"At 2026-03-03 09:00:00, the stock VNA opened at 18.50 VND, reached a high of 18.60 VND, a low of 17.60 VND, and closed the hour at 17.60 VND with a trading volume of 7,300 shares."
2026-03-03 10:00:00,17.5,17.5,17.5,17.5,3100,VNA,"At 2026-03-03 10:00:00, the stock VNA opened at 17.50 VND, reached a high of 17.50 VND, a low of 17.50 VND, and closed the hour at 17.50 VND with a trading volume of 3,100 shares."
2026-03-03 11:00:00,17.5,17.5,17.4,17.4,300,VNA,"At 2026-03-03 11:00:00, the stock VNA opened at 17.50 VND, reached a high of 17.50 VND, a low of 17.40 VND, and closed the hour at 17.40 VND with a trading volume of 300 shares."
2026-03-03 13:00:00,17.6,17.6,17.6,17.6,3000,VNA,"At 2026-03-03 13:00:00, the stock VNA opened at 17.60 VND, reached a high of 17.60 VND, a low of 17.60 VND, and closed the hour at 17.60 VND with a trading volume of 3,000 shares."
2026-03-03 14:00:00,18.1,18.2,18.1,18.1,1400,VNA,"At 2026-03-03 14:00:00, the stock VNA opened at 18.10 VND, reached a high of 18.20 VND, a low of 18.10 VND, and closed the hour at 18.10 VND with a trading volume of 1,400 shares."
2026-03-04 09:00:00,18.2,18.8,18.2,18.4,1900,VNA,"At 2026-03-04 09:00:00, the stock VNA opened at 18.20 VND, reached a high of 18.80 VND, a low of 18.20 VND, and closed the hour at 18.40 VND with a trading volume of 1,900 shares."
2026-03-04 10:00:00,18.4,18.4,18.0,18.0,200,VNA,"At 2026-03-04 10:00:00, the stock VNA opened at 18.40 VND, reached a high of 18.40 VND, a low of 18.00 VND, and closed the hour at 18.00 VND with a trading volume of 200 shares."
2026-03-04 11:00:00,18.0,18.0,18.0,18.0,200,VNA,"At 2026-03-04 11:00:00, the stock VNA opened at 18.00 VND, reached a high of 18.00 VND, a low of 18.00 VND, and closed the hour at 18.00 VND with a trading volume of 200 shares."
2026-03-04 13:00:00,17.5,17.5,17.0,17.4,6200,VNA,"At 2026-03-04 13:00:00, the stock VNA opened at 17.50 VND, reached a high of 17.50 VND, a low of 17.00 VND, and closed the hour at 17.40 VND with a trading volume of 6,200 shares."
2026-03-04 14:00:00,17.5,17.5,17.5,17.5,800,VNA,"At 2026-03-04 14:00:00, the stock VNA opened at 17.50 VND, reached a high of 17.50 VND, a low of 17.50 VND, and closed the hour at 17.50 VND with a trading volume of 800 shares."
2026-03-05 09:00:00,18.1,18.1,17.2,17.2,500,VNA,"At 2026-03-05 09:00:00, the stock VNA opened at 18.10 VND, reached a high of 18.10 VND, a low of 17.20 VND, and closed the hour at 17.20 VND with a trading volume of 500 shares."
2026-03-05 10:00:00,17.2,17.2,17.2,17.2,700,VNA,"At 2026-03-05 10:00:00, the stock VNA opened at 17.20 VND, reached a high of 17.20 VND, a low of 17.20 VND, and closed the hour at 17.20 VND with a trading volume of 700 shares."
2026-03-05 13:00:00,17.0,17.0,16.9,16.9,3800,VNA,"At 2026-03-05 13:00:00, the stock VNA opened at 17.00 VND, reached a high of 17.00 VND, a low of 16.90 VND, and closed the hour at 16.90 VND with a trading volume of 3,800 shares."
2026-03-05 14:00:00,16.9,16.9,16.9,16.9,2200,VNA,"At 2026-03-05 14:00:00, the stock VNA opened at 16.90 VND, reached a high of 16.90 VND, a low of 16.90 VND, and closed the hour at 16.90 VND with a trading volume of 2,200 shares."
2026-03-06 10:00:00,17.9,17.9,17.9,17.9,100,VNA,"At 2026-03-06 10:00:00, the stock VNA opened at 17.90 VND, reached a high of 17.90 VND, a low of 17.90 VND, and closed the hour at 17.90 VND with a trading volume of 100 shares."
2026-03-06 11:00:00,16.9,16.9,16.9,16.9,800,VNA,"At 2026-03-06 11:00:00, the stock VNA opened at 16.90 VND, reached a high of 16.90 VND, a low of 16.90 VND, and closed the hour at 16.90 VND with a trading volume of 800 shares."
2026-03-06 13:00:00,16.9,16.9,16.9,16.9,2600,VNA,"At 2026-03-06 13:00:00, the stock VNA opened at 16.90 VND, reached a high of 16.90 VND, a low of 16.90 VND, and closed the hour at 16.90 VND with a trading volume of 2,600 shares."
2026-03-06 14:00:00,16.9,16.9,15.8,16.9,700,VNA,"At 2026-03-06 14:00:00, the stock VNA opened at 16.90 VND, reached a high of 16.90 VND, a low of 15.80 VND, and closed the hour at 16.90 VND with a trading volume of 700 shares."
2026-03-09 09:00:00,16.9,16.9,14.3,14.3,2500,VNA,"At 2026-03-09 09:00:00, the stock VNA opened at 16.90 VND, reached a high of 16.90 VND, a low of 14.30 VND, and closed the hour at 14.30 VND with a trading volume of 2,500 shares."
2026-03-09 10:00:00,16.5,16.5,14.4,14.4,600,VNA,"At 2026-03-09 10:00:00, the stock VNA opened at 16.50 VND, reached a high of 16.50 VND, a low of 14.40 VND, and closed the hour at 14.40 VND with a trading volume of 600 shares."
2026-03-09 13:00:00,14.4,14.9,14.4,14.9,500,VNA,"At 2026-03-09 13:00:00, the stock VNA opened at 14.40 VND, reached a high of 14.90 VND, a low of 14.40 VND, and closed the hour at 14.90 VND with a trading volume of 500 shares."
2026-03-09 14:00:00,14.4,14.5,14.3,14.3,2800,VNA,"At 2026-03-09 14:00:00, the stock VNA opened at 14.40 VND, reached a high of 14.50 VND, a low of 14.30 VND, and closed the hour at 14.30 VND with a trading volume of 2,800 shares."
2026-03-10 09:00:00,16.0,16.0,14.6,15.8,400,VNA,"At 2026-03-10 09:00:00, the stock VNA opened at 16.00 VND, reached a high of 16.00 VND, a low of 14.60 VND, and closed the hour at 15.80 VND with a trading volume of 400 shares."
2026-03-10 10:00:00,14.8,14.8,14.8,14.8,200,VNA,"At 2026-03-10 10:00:00, the stock VNA opened at 14.80 VND, reached a high of 14.80 VND, a low of 14.80 VND, and closed the hour at 14.80 VND with a trading volume of 200 shares."
2026-03-10 13:00:00,14.8,14.8,14.8,14.8,900,VNA,"At 2026-03-10 13:00:00, the stock VNA opened at 14.80 VND, reached a high of 14.80 VND, a low of 14.80 VND, and closed the hour at 14.80 VND with a trading volume of 900 shares."
2026-03-10 14:00:00,14.8,14.8,14.8,14.8,1000,VNA,"At 2026-03-10 14:00:00, the stock VNA opened at 14.80 VND, reached a high of 14.80 VND, a low of 14.80 VND, and closed the hour at 14.80 VND with a trading volume of 1,000 shares."
2026-03-11 09:00:00,15.8,15.9,14.9,14.9,900,VNA,"At 2026-03-11 09:00:00, the stock VNA opened at 15.80 VND, reached a high of 15.90 VND, a low of 14.90 VND, and closed the hour at 14.90 VND with a trading volume of 900 shares."
2026-03-11 10:00:00,15.0,15.0,14.9,14.9,1800,VNA,"At 2026-03-11 10:00:00, the stock VNA opened at 15.00 VND, reached a high of 15.00 VND, a low of 14.90 VND, and closed the hour at 14.90 VND with a trading volume of 1,800 shares."
2026-03-11 13:00:00,14.8,14.8,14.7,14.7,500,VNA,"At 2026-03-11 13:00:00, the stock VNA opened at 14.80 VND, reached a high of 14.80 VND, a low of 14.70 VND, and closed the hour at 14.70 VND with a trading volume of 500 shares."
2026-03-12 09:00:00,15.0,15.0,15.0,15.0,1800,VNA,"At 2026-03-12 09:00:00, the stock VNA opened at 15.00 VND, reached a high of 15.00 VND, a low of 15.00 VND, and closed the hour at 15.00 VND with a trading volume of 1,800 shares."
2026-03-12 10:00:00,14.9,14.9,14.8,14.8,600,VNA,"At 2026-03-12 10:00:00, the stock VNA opened at 14.90 VND, reached a high of 14.90 VND, a low of 14.80 VND, and closed the hour at 14.80 VND with a trading volume of 600 shares."
2026-03-12 11:00:00,14.8,14.8,14.7,14.7,1000,VNA,"At 2026-03-12 11:00:00, the stock VNA opened at 14.80 VND, reached a high of 14.80 VND, a low of 14.70 VND, and closed the hour at 14.70 VND with a trading volume of 1,000 shares."
2026-03-12 13:00:00,14.6,14.7,14.5,14.7,1300,VNA,"At 2026-03-12 13:00:00, the stock VNA opened at 14.60 VND, reached a high of 14.70 VND, a low of 14.50 VND, and closed the hour at 14.70 VND with a trading volume of 1,300 shares."
2026-03-12 14:00:00,14.5,14.5,14.5,14.5,300,VNA,"At 2026-03-12 14:00:00, the stock VNA opened at 14.50 VND, reached a high of 14.50 VND, a low of 14.50 VND, and closed the hour at 14.50 VND with a trading volume of 300 shares."
2026-03-13 09:00:00,14.5,15.7,14.5,14.5,1000,VNA,"At 2026-03-13 09:00:00, the stock VNA opened at 14.50 VND, reached a high of 15.70 VND, a low of 14.50 VND, and closed the hour at 14.50 VND with a trading volume of 1,000 shares."
2026-03-13 10:00:00,14.3,14.6,14.3,14.6,400,VNA,"At 2026-03-13 10:00:00, the stock VNA opened at 14.30 VND, reached a high of 14.60 VND, a low of 14.30 VND, and closed the hour at 14.60 VND with a trading volume of 400 shares."
2026-03-13 14:00:00,14.7,14.8,14.7,14.8,400,VNA,"At 2026-03-13 14:00:00, the stock VNA opened at 14.70 VND, reached a high of 14.80 VND, a low of 14.70 VND, and closed the hour at 14.80 VND with a trading volume of 400 shares."
2026-03-16 09:00:00,14.8,15.6,14.8,15.3,2900,VNA,"At 2026-03-16 09:00:00, the stock VNA opened at 14.80 VND, reached a high of 15.60 VND, a low of 14.80 VND, and closed the hour at 15.30 VND with a trading volume of 2,900 shares."
2026-03-16 13:00:00,15.0,15.0,15.0,15.0,100,VNA,"At 2026-03-16 13:00:00, the stock VNA opened at 15.00 VND, reached a high of 15.00 VND, a low of 15.00 VND, and closed the hour at 15.00 VND with a trading volume of 100 shares."
2026-03-16 14:00:00,14.9,14.9,14.9,14.9,1200,VNA,"At 2026-03-16 14:00:00, the stock VNA opened at 14.90 VND, reached a high of 14.90 VND, a low of 14.90 VND, and closed the hour at 14.90 VND with a trading volume of 1,200 shares."
2026-03-17 10:00:00,14.6,14.6,14.6,14.6,1000,VNA,"At 2026-03-17 10:00:00, the stock VNA opened at 14.60 VND, reached a high of 14.60 VND, a low of 14.60 VND, and closed the hour at 14.60 VND with a trading volume of 1,000 shares."
2026-03-17 13:00:00,14.6,14.6,14.5,14.5,3600,VNA,"At 2026-03-17 13:00:00, the stock VNA opened at 14.60 VND, reached a high of 14.60 VND, a low of 14.50 VND, and closed the hour at 14.50 VND with a trading volume of 3,600 shares."
2026-03-17 14:00:00,14.5,14.5,14.5,14.5,2000,VNA,"At 2026-03-17 14:00:00, the stock VNA opened at 14.50 VND, reached a high of 14.50 VND, a low of 14.50 VND, and closed the hour at 14.50 VND with a trading volume of 2,000 shares."
2026-03-18 09:00:00,15.0,15.0,15.0,15.0,100,VNA,"At 2026-03-18 09:00:00, the stock VNA opened at 15.00 VND, reached a high of 15.00 VND, a low of 15.00 VND, and closed the hour at 15.00 VND with a trading volume of 100 shares."
2026-03-18 10:00:00,14.5,14.5,14.5,14.5,600,VNA,"At 2026-03-18 10:00:00, the stock VNA opened at 14.50 VND, reached a high of 14.50 VND, a low of 14.50 VND, and closed the hour at 14.50 VND with a trading volume of 600 shares."
2026-03-18 11:00:00,15.0,15.0,15.0,15.0,100,VNA,"At 2026-03-18 11:00:00, the stock VNA opened at 15.00 VND, reached a high of 15.00 VND, a low of 15.00 VND, and closed the hour at 15.00 VND with a trading volume of 100 shares."
2026-03-18 13:00:00,14.9,15.0,14.9,15.0,1700,VNA,"At 2026-03-18 13:00:00, the stock VNA opened at 14.90 VND, reached a high of 15.00 VND, a low of 14.90 VND, and closed the hour at 15.00 VND with a trading volume of 1,700 shares."
2026-03-18 14:00:00,15.0,15.0,15.0,15.0,100,VNA,"At 2026-03-18 14:00:00, the stock VNA opened at 15.00 VND, reached a high of 15.00 VND, a low of 15.00 VND, and closed the hour at 15.00 VND with a trading volume of 100 shares."
2026-03-19 09:00:00,15.1,15.1,15.1,15.1,100,VNA,"At 2026-03-19 09:00:00, the stock VNA opened at 15.10 VND, reached a high of 15.10 VND, a low of 15.10 VND, and closed the hour at 15.10 VND with a trading volume of 100 shares."
2026-03-19 11:00:00,15.0,15.0,15.0,15.0,400,VNA,"At 2026-03-19 11:00:00, the stock VNA opened at 15.00 VND, reached a high of 15.00 VND, a low of 15.00 VND, and closed the hour at 15.00 VND with a trading volume of 400 shares."
2026-03-19 14:00:00,14.7,14.7,14.6,14.6,400,VNA,"At 2026-03-19 14:00:00, the stock VNA opened at 14.70 VND, reached a high of 14.70 VND, a low of 14.60 VND, and closed the hour at 14.60 VND with a trading volume of 400 shares."
2026-03-20 09:00:00,15.1,15.1,15.0,15.0,1700,VNA,"At 2026-03-20 09:00:00, the stock VNA opened at 15.10 VND, reached a high of 15.10 VND, a low of 15.00 VND, and closed the hour at 15.00 VND with a trading volume of 1,700 shares."
2026-03-20 10:00:00,15.1,15.1,15.1,15.1,500,VNA,"At 2026-03-20 10:00:00, the stock VNA opened at 15.10 VND, reached a high of 15.10 VND, a low of 15.10 VND, and closed the hour at 15.10 VND with a trading volume of 500 shares."
2026-03-20 11:00:00,15.1,15.1,15.1,15.1,900,VNA,"At 2026-03-20 11:00:00, the stock VNA opened at 15.10 VND, reached a high of 15.10 VND, a low of 15.10 VND, and closed the hour at 15.10 VND with a trading volume of 900 shares."
2026-03-20 13:00:00,15.1,15.2,15.1,15.1,400,VNA,"At 2026-03-20 13:00:00, the stock VNA opened at 15.10 VND, reached a high of 15.20 VND, a low of 15.10 VND, and closed the hour at 15.10 VND with a trading volume of 400 shares."
2026-03-20 14:00:00,15.1,15.3,15.1,15.3,2400,VNA,"At 2026-03-20 14:00:00, the stock VNA opened at 15.10 VND, reached a high of 15.30 VND, a low of 15.10 VND, and closed the hour at 15.30 VND with a trading volume of 2,400 shares."
