time,open,high,low,close,volume,ticker,llm_text
2025-09-09 14:00:00,8.66,8.7,8.61,8.7,138300,VPG,"At 2025-09-09 14:00:00, the stock VPG opened at 8.66 VND, reached a high of 8.70 VND, a low of 8.61 VND, and closed the hour at 8.70 VND with a trading volume of 138,300 shares."
2025-09-10 09:00:00,8.77,8.77,8.71,8.71,41300,VPG,"At 2025-09-10 09:00:00, the stock VPG opened at 8.77 VND, reached a high of 8.77 VND, a low of 8.71 VND, and closed the hour at 8.71 VND with a trading volume of 41,300 shares."
2025-09-10 10:00:00,8.71,8.71,8.64,8.65,107500,VPG,"At 2025-09-10 10:00:00, the stock VPG opened at 8.71 VND, reached a high of 8.71 VND, a low of 8.64 VND, and closed the hour at 8.65 VND with a trading volume of 107,500 shares."
2025-09-10 11:00:00,8.65,8.67,8.63,8.66,11700,VPG,"At 2025-09-10 11:00:00, the stock VPG opened at 8.65 VND, reached a high of 8.67 VND, a low of 8.63 VND, and closed the hour at 8.66 VND with a trading volume of 11,700 shares."
2025-09-10 13:00:00,8.65,8.68,8.63,8.68,66000,VPG,"At 2025-09-10 13:00:00, the stock VPG opened at 8.65 VND, reached a high of 8.68 VND, a low of 8.63 VND, and closed the hour at 8.68 VND with a trading volume of 66,000 shares."
2025-09-10 14:00:00,8.68,8.72,8.65,8.72,24300,VPG,"At 2025-09-10 14:00:00, the stock VPG opened at 8.68 VND, reached a high of 8.72 VND, a low of 8.65 VND, and closed the hour at 8.72 VND with a trading volume of 24,300 shares."
2025-09-11 09:00:00,8.71,8.73,8.56,8.56,98900,VPG,"At 2025-09-11 09:00:00, the stock VPG opened at 8.71 VND, reached a high of 8.73 VND, a low of 8.56 VND, and closed the hour at 8.56 VND with a trading volume of 98,900 shares."
2025-09-11 10:00:00,8.59,8.63,8.5,8.53,189400,VPG,"At 2025-09-11 10:00:00, the stock VPG opened at 8.59 VND, reached a high of 8.63 VND, a low of 8.50 VND, and closed the hour at 8.53 VND with a trading volume of 189,400 shares."
2025-09-11 11:00:00,8.52,8.56,8.5,8.56,74400,VPG,"At 2025-09-11 11:00:00, the stock VPG opened at 8.52 VND, reached a high of 8.56 VND, a low of 8.50 VND, and closed the hour at 8.56 VND with a trading volume of 74,400 shares."
2025-09-11 13:00:00,8.56,8.62,8.52,8.62,172000,VPG,"At 2025-09-11 13:00:00, the stock VPG opened at 8.56 VND, reached a high of 8.62 VND, a low of 8.52 VND, and closed the hour at 8.62 VND with a trading volume of 172,000 shares."
2025-09-11 14:00:00,8.63,8.72,8.63,8.69,117000,VPG,"At 2025-09-11 14:00:00, the stock VPG opened at 8.63 VND, reached a high of 8.72 VND, a low of 8.63 VND, and closed the hour at 8.69 VND with a trading volume of 117,000 shares."
2025-09-12 09:00:00,8.7,8.85,8.7,8.8,145700,VPG,"At 2025-09-12 09:00:00, the stock VPG opened at 8.70 VND, reached a high of 8.85 VND, a low of 8.70 VND, and closed the hour at 8.80 VND with a trading volume of 145,700 shares."
2025-09-12 10:00:00,8.8,8.85,8.77,8.83,45300,VPG,"At 2025-09-12 10:00:00, the stock VPG opened at 8.80 VND, reached a high of 8.85 VND, a low of 8.77 VND, and closed the hour at 8.83 VND with a trading volume of 45,300 shares."
2025-09-12 11:00:00,8.83,8.83,8.81,8.81,3800,VPG,"At 2025-09-12 11:00:00, the stock VPG opened at 8.83 VND, reached a high of 8.83 VND, a low of 8.81 VND, and closed the hour at 8.81 VND with a trading volume of 3,800 shares."
2025-09-12 13:00:00,8.81,8.82,8.79,8.81,30200,VPG,"At 2025-09-12 13:00:00, the stock VPG opened at 8.81 VND, reached a high of 8.82 VND, a low of 8.79 VND, and closed the hour at 8.81 VND with a trading volume of 30,200 shares."
2025-09-12 14:00:00,8.82,8.83,8.77,8.78,98000,VPG,"At 2025-09-12 14:00:00, the stock VPG opened at 8.82 VND, reached a high of 8.83 VND, a low of 8.77 VND, and closed the hour at 8.78 VND with a trading volume of 98,000 shares."
2025-09-15 09:00:00,8.78,8.98,8.78,8.91,100400,VPG,"At 2025-09-15 09:00:00, the stock VPG opened at 8.78 VND, reached a high of 8.98 VND, a low of 8.78 VND, and closed the hour at 8.91 VND with a trading volume of 100,400 shares."
2025-09-15 10:00:00,8.91,8.96,8.91,8.94,115300,VPG,"At 2025-09-15 10:00:00, the stock VPG opened at 8.91 VND, reached a high of 8.96 VND, a low of 8.91 VND, and closed the hour at 8.94 VND with a trading volume of 115,300 shares."
2025-09-15 11:00:00,8.93,8.93,8.91,8.91,14400,VPG,"At 2025-09-15 11:00:00, the stock VPG opened at 8.93 VND, reached a high of 8.93 VND, a low of 8.91 VND, and closed the hour at 8.91 VND with a trading volume of 14,400 shares."
2025-09-15 13:00:00,8.91,9.02,8.85,8.95,269000,VPG,"At 2025-09-15 13:00:00, the stock VPG opened at 8.91 VND, reached a high of 9.02 VND, a low of 8.85 VND, and closed the hour at 8.95 VND with a trading volume of 269,000 shares."
2025-09-15 14:00:00,8.95,8.99,8.94,8.98,42600,VPG,"At 2025-09-15 14:00:00, the stock VPG opened at 8.95 VND, reached a high of 8.99 VND, a low of 8.94 VND, and closed the hour at 8.98 VND with a trading volume of 42,600 shares."
2025-09-16 09:00:00,9.08,9.08,8.93,8.94,56400,VPG,"At 2025-09-16 09:00:00, the stock VPG opened at 9.08 VND, reached a high of 9.08 VND, a low of 8.93 VND, and closed the hour at 8.94 VND with a trading volume of 56,400 shares."
2025-09-16 10:00:00,8.94,8.94,8.9,8.9,100500,VPG,"At 2025-09-16 10:00:00, the stock VPG opened at 8.94 VND, reached a high of 8.94 VND, a low of 8.90 VND, and closed the hour at 8.90 VND with a trading volume of 100,500 shares."
2025-09-16 11:00:00,8.94,8.94,8.9,8.9,33500,VPG,"At 2025-09-16 11:00:00, the stock VPG opened at 8.94 VND, reached a high of 8.94 VND, a low of 8.90 VND, and closed the hour at 8.90 VND with a trading volume of 33,500 shares."
2025-09-16 13:00:00,8.9,8.92,8.86,8.87,45100,VPG,"At 2025-09-16 13:00:00, the stock VPG opened at 8.90 VND, reached a high of 8.92 VND, a low of 8.86 VND, and closed the hour at 8.87 VND with a trading volume of 45,100 shares."
2025-09-16 14:00:00,8.88,8.88,8.85,8.86,51600,VPG,"At 2025-09-16 14:00:00, the stock VPG opened at 8.88 VND, reached a high of 8.88 VND, a low of 8.85 VND, and closed the hour at 8.86 VND with a trading volume of 51,600 shares."
2025-09-17 09:00:00,8.86,8.86,8.79,8.82,58200,VPG,"At 2025-09-17 09:00:00, the stock VPG opened at 8.86 VND, reached a high of 8.86 VND, a low of 8.79 VND, and closed the hour at 8.82 VND with a trading volume of 58,200 shares."
2025-09-17 10:00:00,8.82,8.84,8.8,8.8,58400,VPG,"At 2025-09-17 10:00:00, the stock VPG opened at 8.82 VND, reached a high of 8.84 VND, a low of 8.80 VND, and closed the hour at 8.80 VND with a trading volume of 58,400 shares."
2025-09-17 11:00:00,8.8,8.83,8.8,8.8,24800,VPG,"At 2025-09-17 11:00:00, the stock VPG opened at 8.80 VND, reached a high of 8.83 VND, a low of 8.80 VND, and closed the hour at 8.80 VND with a trading volume of 24,800 shares."
2025-09-17 13:00:00,8.8,8.81,8.75,8.79,96600,VPG,"At 2025-09-17 13:00:00, the stock VPG opened at 8.80 VND, reached a high of 8.81 VND, a low of 8.75 VND, and closed the hour at 8.79 VND with a trading volume of 96,600 shares."
2025-09-17 14:00:00,8.8,8.8,8.76,8.78,48300,VPG,"At 2025-09-17 14:00:00, the stock VPG opened at 8.80 VND, reached a high of 8.80 VND, a low of 8.76 VND, and closed the hour at 8.78 VND with a trading volume of 48,300 shares."
2025-09-18 09:00:00,8.79,8.81,8.72,8.73,81200,VPG,"At 2025-09-18 09:00:00, the stock VPG opened at 8.79 VND, reached a high of 8.81 VND, a low of 8.72 VND, and closed the hour at 8.73 VND with a trading volume of 81,200 shares."
2025-09-18 10:00:00,8.73,8.73,8.6,8.67,165100,VPG,"At 2025-09-18 10:00:00, the stock VPG opened at 8.73 VND, reached a high of 8.73 VND, a low of 8.60 VND, and closed the hour at 8.67 VND with a trading volume of 165,100 shares."
2025-09-18 11:00:00,8.67,8.7,8.67,8.7,4900,VPG,"At 2025-09-18 11:00:00, the stock VPG opened at 8.67 VND, reached a high of 8.70 VND, a low of 8.67 VND, and closed the hour at 8.70 VND with a trading volume of 4,900 shares."
2025-09-18 13:00:00,8.7,8.7,8.65,8.68,80300,VPG,"At 2025-09-18 13:00:00, the stock VPG opened at 8.70 VND, reached a high of 8.70 VND, a low of 8.65 VND, and closed the hour at 8.68 VND with a trading volume of 80,300 shares."
2025-09-18 14:00:00,8.71,8.71,8.67,8.67,47000,VPG,"At 2025-09-18 14:00:00, the stock VPG opened at 8.71 VND, reached a high of 8.71 VND, a low of 8.67 VND, and closed the hour at 8.67 VND with a trading volume of 47,000 shares."
2025-09-19 09:00:00,8.67,8.73,8.67,8.73,19900,VPG,"At 2025-09-19 09:00:00, the stock VPG opened at 8.67 VND, reached a high of 8.73 VND, a low of 8.67 VND, and closed the hour at 8.73 VND with a trading volume of 19,900 shares."
2025-09-19 10:00:00,8.72,8.72,8.65,8.68,20800,VPG,"At 2025-09-19 10:00:00, the stock VPG opened at 8.72 VND, reached a high of 8.72 VND, a low of 8.65 VND, and closed the hour at 8.68 VND with a trading volume of 20,800 shares."
2025-09-19 11:00:00,8.69,8.7,8.67,8.7,1700,VPG,"At 2025-09-19 11:00:00, the stock VPG opened at 8.69 VND, reached a high of 8.70 VND, a low of 8.67 VND, and closed the hour at 8.70 VND with a trading volume of 1,700 shares."
2025-09-19 13:00:00,8.7,8.7,8.65,8.7,42600,VPG,"At 2025-09-19 13:00:00, the stock VPG opened at 8.70 VND, reached a high of 8.70 VND, a low of 8.65 VND, and closed the hour at 8.70 VND with a trading volume of 42,600 shares."
2025-09-19 14:00:00,8.71,8.75,8.67,8.67,70500,VPG,"At 2025-09-19 14:00:00, the stock VPG opened at 8.71 VND, reached a high of 8.75 VND, a low of 8.67 VND, and closed the hour at 8.67 VND with a trading volume of 70,500 shares."
2025-09-22 09:00:00,8.72,8.72,8.67,8.68,16300,VPG,"At 2025-09-22 09:00:00, the stock VPG opened at 8.72 VND, reached a high of 8.72 VND, a low of 8.67 VND, and closed the hour at 8.68 VND with a trading volume of 16,300 shares."
2025-09-22 10:00:00,8.67,8.67,8.6,8.65,93900,VPG,"At 2025-09-22 10:00:00, the stock VPG opened at 8.67 VND, reached a high of 8.67 VND, a low of 8.60 VND, and closed the hour at 8.65 VND with a trading volume of 93,900 shares."
2025-09-22 11:00:00,8.62,8.62,8.58,8.58,36200,VPG,"At 2025-09-22 11:00:00, the stock VPG opened at 8.62 VND, reached a high of 8.62 VND, a low of 8.58 VND, and closed the hour at 8.58 VND with a trading volume of 36,200 shares."
2025-09-22 13:00:00,8.59,8.63,8.53,8.53,102000,VPG,"At 2025-09-22 13:00:00, the stock VPG opened at 8.59 VND, reached a high of 8.63 VND, a low of 8.53 VND, and closed the hour at 8.53 VND with a trading volume of 102,000 shares."
2025-09-22 14:00:00,8.54,8.63,8.53,8.63,35900,VPG,"At 2025-09-22 14:00:00, the stock VPG opened at 8.54 VND, reached a high of 8.63 VND, a low of 8.53 VND, and closed the hour at 8.63 VND with a trading volume of 35,900 shares."
2025-09-23 09:00:00,8.68,8.68,8.6,8.64,21500,VPG,"At 2025-09-23 09:00:00, the stock VPG opened at 8.68 VND, reached a high of 8.68 VND, a low of 8.60 VND, and closed the hour at 8.64 VND with a trading volume of 21,500 shares."
2025-09-23 10:00:00,8.63,8.69,8.63,8.68,39400,VPG,"At 2025-09-23 10:00:00, the stock VPG opened at 8.63 VND, reached a high of 8.69 VND, a low of 8.63 VND, and closed the hour at 8.68 VND with a trading volume of 39,400 shares."
2025-09-23 11:00:00,8.68,8.71,8.68,8.71,29400,VPG,"At 2025-09-23 11:00:00, the stock VPG opened at 8.68 VND, reached a high of 8.71 VND, a low of 8.68 VND, and closed the hour at 8.71 VND with a trading volume of 29,400 shares."
2025-09-23 13:00:00,8.7,8.7,8.63,8.68,43900,VPG,"At 2025-09-23 13:00:00, the stock VPG opened at 8.70 VND, reached a high of 8.70 VND, a low of 8.63 VND, and closed the hour at 8.68 VND with a trading volume of 43,900 shares."
2025-09-23 14:00:00,8.68,8.68,8.62,8.67,34700,VPG,"At 2025-09-23 14:00:00, the stock VPG opened at 8.68 VND, reached a high of 8.68 VND, a low of 8.62 VND, and closed the hour at 8.67 VND with a trading volume of 34,700 shares."
2025-09-24 09:00:00,8.67,8.67,8.6,8.65,32300,VPG,"At 2025-09-24 09:00:00, the stock VPG opened at 8.67 VND, reached a high of 8.67 VND, a low of 8.60 VND, and closed the hour at 8.65 VND with a trading volume of 32,300 shares."
2025-09-24 10:00:00,8.65,8.7,8.6,8.6,45900,VPG,"At 2025-09-24 10:00:00, the stock VPG opened at 8.65 VND, reached a high of 8.70 VND, a low of 8.60 VND, and closed the hour at 8.60 VND with a trading volume of 45,900 shares."
2025-09-24 11:00:00,8.6,8.63,8.6,8.63,8500,VPG,"At 2025-09-24 11:00:00, the stock VPG opened at 8.60 VND, reached a high of 8.63 VND, a low of 8.60 VND, and closed the hour at 8.63 VND with a trading volume of 8,500 shares."
2025-09-24 13:00:00,8.63,8.63,8.61,8.63,34700,VPG,"At 2025-09-24 13:00:00, the stock VPG opened at 8.63 VND, reached a high of 8.63 VND, a low of 8.61 VND, and closed the hour at 8.63 VND with a trading volume of 34,700 shares."
2025-09-24 14:00:00,8.64,8.66,8.59,8.63,113700,VPG,"At 2025-09-24 14:00:00, the stock VPG opened at 8.64 VND, reached a high of 8.66 VND, a low of 8.59 VND, and closed the hour at 8.63 VND with a trading volume of 113,700 shares."
2025-09-25 09:00:00,8.65,8.77,8.65,8.76,95200,VPG,"At 2025-09-25 09:00:00, the stock VPG opened at 8.65 VND, reached a high of 8.77 VND, a low of 8.65 VND, and closed the hour at 8.76 VND with a trading volume of 95,200 shares."
2025-09-25 10:00:00,8.77,8.77,8.7,8.72,17300,VPG,"At 2025-09-25 10:00:00, the stock VPG opened at 8.77 VND, reached a high of 8.77 VND, a low of 8.70 VND, and closed the hour at 8.72 VND with a trading volume of 17,300 shares."
2025-09-25 11:00:00,8.72,8.72,8.7,8.72,9500,VPG,"At 2025-09-25 11:00:00, the stock VPG opened at 8.72 VND, reached a high of 8.72 VND, a low of 8.70 VND, and closed the hour at 8.72 VND with a trading volume of 9,500 shares."
2025-09-25 13:00:00,8.72,8.78,8.68,8.78,160500,VPG,"At 2025-09-25 13:00:00, the stock VPG opened at 8.72 VND, reached a high of 8.78 VND, a low of 8.68 VND, and closed the hour at 8.78 VND with a trading volume of 160,500 shares."
2025-09-25 14:00:00,8.78,8.8,8.72,8.8,68600,VPG,"At 2025-09-25 14:00:00, the stock VPG opened at 8.78 VND, reached a high of 8.80 VND, a low of 8.72 VND, and closed the hour at 8.80 VND with a trading volume of 68,600 shares."
2025-09-26 09:00:00,8.8,8.9,8.74,8.75,29700,VPG,"At 2025-09-26 09:00:00, the stock VPG opened at 8.80 VND, reached a high of 8.90 VND, a low of 8.74 VND, and closed the hour at 8.75 VND with a trading volume of 29,700 shares."
2025-09-26 10:00:00,8.75,8.8,8.68,8.77,34600,VPG,"At 2025-09-26 10:00:00, the stock VPG opened at 8.75 VND, reached a high of 8.80 VND, a low of 8.68 VND, and closed the hour at 8.77 VND with a trading volume of 34,600 shares."
2025-09-26 11:00:00,8.73,8.77,8.69,8.77,10800,VPG,"At 2025-09-26 11:00:00, the stock VPG opened at 8.73 VND, reached a high of 8.77 VND, a low of 8.69 VND, and closed the hour at 8.77 VND with a trading volume of 10,800 shares."
2025-09-26 13:00:00,8.77,8.77,8.65,8.75,22900,VPG,"At 2025-09-26 13:00:00, the stock VPG opened at 8.77 VND, reached a high of 8.77 VND, a low of 8.65 VND, and closed the hour at 8.75 VND with a trading volume of 22,900 shares."
2025-09-26 14:00:00,8.76,8.76,8.7,8.7,14300,VPG,"At 2025-09-26 14:00:00, the stock VPG opened at 8.76 VND, reached a high of 8.76 VND, a low of 8.70 VND, and closed the hour at 8.70 VND with a trading volume of 14,300 shares."
2025-09-29 09:00:00,8.71,8.77,8.71,8.73,29700,VPG,"At 2025-09-29 09:00:00, the stock VPG opened at 8.71 VND, reached a high of 8.77 VND, a low of 8.71 VND, and closed the hour at 8.73 VND with a trading volume of 29,700 shares."
2025-09-29 10:00:00,8.72,8.74,8.68,8.7,92300,VPG,"At 2025-09-29 10:00:00, the stock VPG opened at 8.72 VND, reached a high of 8.74 VND, a low of 8.68 VND, and closed the hour at 8.70 VND with a trading volume of 92,300 shares."
2025-09-29 13:00:00,8.7,8.71,8.68,8.7,61000,VPG,"At 2025-09-29 13:00:00, the stock VPG opened at 8.70 VND, reached a high of 8.71 VND, a low of 8.68 VND, and closed the hour at 8.70 VND with a trading volume of 61,000 shares."
2025-09-29 14:00:00,8.7,8.77,8.68,8.75,61100,VPG,"At 2025-09-29 14:00:00, the stock VPG opened at 8.70 VND, reached a high of 8.77 VND, a low of 8.68 VND, and closed the hour at 8.75 VND with a trading volume of 61,100 shares."
2025-09-30 09:00:00,8.75,8.75,8.69,8.69,37600,VPG,"At 2025-09-30 09:00:00, the stock VPG opened at 8.75 VND, reached a high of 8.75 VND, a low of 8.69 VND, and closed the hour at 8.69 VND with a trading volume of 37,600 shares."
2025-09-30 10:00:00,8.67,8.7,8.6,8.69,171200,VPG,"At 2025-09-30 10:00:00, the stock VPG opened at 8.67 VND, reached a high of 8.70 VND, a low of 8.60 VND, and closed the hour at 8.69 VND with a trading volume of 171,200 shares."
2025-09-30 11:00:00,8.65,8.65,8.5,8.62,54400,VPG,"At 2025-09-30 11:00:00, the stock VPG opened at 8.65 VND, reached a high of 8.65 VND, a low of 8.50 VND, and closed the hour at 8.62 VND with a trading volume of 54,400 shares."
2025-09-30 13:00:00,8.6,8.62,8.56,8.6,50200,VPG,"At 2025-09-30 13:00:00, the stock VPG opened at 8.60 VND, reached a high of 8.62 VND, a low of 8.56 VND, and closed the hour at 8.60 VND with a trading volume of 50,200 shares."
2025-09-30 14:00:00,8.63,8.74,8.59,8.69,63700,VPG,"At 2025-09-30 14:00:00, the stock VPG opened at 8.63 VND, reached a high of 8.74 VND, a low of 8.59 VND, and closed the hour at 8.69 VND with a trading volume of 63,700 shares."
2025-10-01 09:00:00,8.73,8.73,8.66,8.66,6900,VPG,"At 2025-10-01 09:00:00, the stock VPG opened at 8.73 VND, reached a high of 8.73 VND, a low of 8.66 VND, and closed the hour at 8.66 VND with a trading volume of 6,900 shares."
2025-10-01 10:00:00,8.7,8.72,8.68,8.68,98000,VPG,"At 2025-10-01 10:00:00, the stock VPG opened at 8.70 VND, reached a high of 8.72 VND, a low of 8.68 VND, and closed the hour at 8.68 VND with a trading volume of 98,000 shares."
2025-10-01 11:00:00,8.69,8.7,8.68,8.7,2500,VPG,"At 2025-10-01 11:00:00, the stock VPG opened at 8.69 VND, reached a high of 8.70 VND, a low of 8.68 VND, and closed the hour at 8.70 VND with a trading volume of 2,500 shares."
2025-10-01 13:00:00,8.7,8.7,8.68,8.68,41000,VPG,"At 2025-10-01 13:00:00, the stock VPG opened at 8.70 VND, reached a high of 8.70 VND, a low of 8.68 VND, and closed the hour at 8.68 VND with a trading volume of 41,000 shares."
2025-10-01 14:00:00,8.7,8.7,8.67,8.69,30500,VPG,"At 2025-10-01 14:00:00, the stock VPG opened at 8.70 VND, reached a high of 8.70 VND, a low of 8.67 VND, and closed the hour at 8.69 VND with a trading volume of 30,500 shares."
2025-10-02 09:00:00,8.66,8.69,8.64,8.65,98900,VPG,"At 2025-10-02 09:00:00, the stock VPG opened at 8.66 VND, reached a high of 8.69 VND, a low of 8.64 VND, and closed the hour at 8.65 VND with a trading volume of 98,900 shares."
2025-10-02 10:00:00,8.67,8.68,8.62,8.67,15500,VPG,"At 2025-10-02 10:00:00, the stock VPG opened at 8.67 VND, reached a high of 8.68 VND, a low of 8.62 VND, and closed the hour at 8.67 VND with a trading volume of 15,500 shares."
2025-10-02 13:00:00,8.66,8.66,8.6,8.61,68900,VPG,"At 2025-10-02 13:00:00, the stock VPG opened at 8.66 VND, reached a high of 8.66 VND, a low of 8.60 VND, and closed the hour at 8.61 VND with a trading volume of 68,900 shares."
2025-10-02 14:00:00,8.64,8.64,8.56,8.56,132100,VPG,"At 2025-10-02 14:00:00, the stock VPG opened at 8.64 VND, reached a high of 8.64 VND, a low of 8.56 VND, and closed the hour at 8.56 VND with a trading volume of 132,100 shares."
2025-10-03 09:00:00,8.62,8.62,8.45,8.49,47600,VPG,"At 2025-10-03 09:00:00, the stock VPG opened at 8.62 VND, reached a high of 8.62 VND, a low of 8.45 VND, and closed the hour at 8.49 VND with a trading volume of 47,600 shares."
2025-10-03 10:00:00,8.5,8.52,8.44,8.44,60100,VPG,"At 2025-10-03 10:00:00, the stock VPG opened at 8.50 VND, reached a high of 8.52 VND, a low of 8.44 VND, and closed the hour at 8.44 VND with a trading volume of 60,100 shares."
2025-10-03 11:00:00,8.44,8.46,8.39,8.46,25700,VPG,"At 2025-10-03 11:00:00, the stock VPG opened at 8.44 VND, reached a high of 8.46 VND, a low of 8.39 VND, and closed the hour at 8.46 VND with a trading volume of 25,700 shares."
2025-10-03 13:00:00,8.46,8.46,8.4,8.46,36200,VPG,"At 2025-10-03 13:00:00, the stock VPG opened at 8.46 VND, reached a high of 8.46 VND, a low of 8.40 VND, and closed the hour at 8.46 VND with a trading volume of 36,200 shares."
2025-10-03 14:00:00,8.46,8.49,8.4,8.4,50200,VPG,"At 2025-10-03 14:00:00, the stock VPG opened at 8.46 VND, reached a high of 8.49 VND, a low of 8.40 VND, and closed the hour at 8.40 VND with a trading volume of 50,200 shares."
2025-10-06 09:00:00,8.4,8.44,8.39,8.4,34600,VPG,"At 2025-10-06 09:00:00, the stock VPG opened at 8.40 VND, reached a high of 8.44 VND, a low of 8.39 VND, and closed the hour at 8.40 VND with a trading volume of 34,600 shares."
2025-10-06 10:00:00,8.4,8.45,8.39,8.44,60600,VPG,"At 2025-10-06 10:00:00, the stock VPG opened at 8.40 VND, reached a high of 8.45 VND, a low of 8.39 VND, and closed the hour at 8.44 VND with a trading volume of 60,600 shares."
2025-10-06 11:00:00,8.44,8.45,8.43,8.43,36000,VPG,"At 2025-10-06 11:00:00, the stock VPG opened at 8.44 VND, reached a high of 8.45 VND, a low of 8.43 VND, and closed the hour at 8.43 VND with a trading volume of 36,000 shares."
2025-10-06 13:00:00,8.43,8.44,8.41,8.41,62300,VPG,"At 2025-10-06 13:00:00, the stock VPG opened at 8.43 VND, reached a high of 8.44 VND, a low of 8.41 VND, and closed the hour at 8.41 VND with a trading volume of 62,300 shares."
2025-10-06 14:00:00,8.41,8.41,8.39,8.4,161200,VPG,"At 2025-10-06 14:00:00, the stock VPG opened at 8.41 VND, reached a high of 8.41 VND, a low of 8.39 VND, and closed the hour at 8.40 VND with a trading volume of 161,200 shares."
2025-10-07 09:00:00,8.41,8.47,8.36,8.36,72900,VPG,"At 2025-10-07 09:00:00, the stock VPG opened at 8.41 VND, reached a high of 8.47 VND, a low of 8.36 VND, and closed the hour at 8.36 VND with a trading volume of 72,900 shares."
2025-10-07 10:00:00,8.35,8.36,8.2,8.3,137600,VPG,"At 2025-10-07 10:00:00, the stock VPG opened at 8.35 VND, reached a high of 8.36 VND, a low of 8.20 VND, and closed the hour at 8.30 VND with a trading volume of 137,600 shares."
2025-10-07 11:00:00,8.3,8.32,8.3,8.32,28600,VPG,"At 2025-10-07 11:00:00, the stock VPG opened at 8.30 VND, reached a high of 8.32 VND, a low of 8.30 VND, and closed the hour at 8.32 VND with a trading volume of 28,600 shares."
2025-10-07 13:00:00,8.33,8.33,8.25,8.29,25900,VPG,"At 2025-10-07 13:00:00, the stock VPG opened at 8.33 VND, reached a high of 8.33 VND, a low of 8.25 VND, and closed the hour at 8.29 VND with a trading volume of 25,900 shares."
2025-10-07 14:00:00,8.3,8.3,8.25,8.25,34900,VPG,"At 2025-10-07 14:00:00, the stock VPG opened at 8.30 VND, reached a high of 8.30 VND, a low of 8.25 VND, and closed the hour at 8.25 VND with a trading volume of 34,900 shares."
2025-10-08 09:00:00,8.39,8.39,8.27,8.31,45300,VPG,"At 2025-10-08 09:00:00, the stock VPG opened at 8.39 VND, reached a high of 8.39 VND, a low of 8.27 VND, and closed the hour at 8.31 VND with a trading volume of 45,300 shares."
2025-10-08 10:00:00,8.29,8.3,8.2,8.2,79200,VPG,"At 2025-10-08 10:00:00, the stock VPG opened at 8.29 VND, reached a high of 8.30 VND, a low of 8.20 VND, and closed the hour at 8.20 VND with a trading volume of 79,200 shares."
2025-10-08 11:00:00,8.2,8.25,8.2,8.24,5100,VPG,"At 2025-10-08 11:00:00, the stock VPG opened at 8.20 VND, reached a high of 8.25 VND, a low of 8.20 VND, and closed the hour at 8.24 VND with a trading volume of 5,100 shares."
2025-10-08 13:00:00,8.24,8.24,8.21,8.22,36500,VPG,"At 2025-10-08 13:00:00, the stock VPG opened at 8.24 VND, reached a high of 8.24 VND, a low of 8.21 VND, and closed the hour at 8.22 VND with a trading volume of 36,500 shares."
2025-10-08 14:00:00,8.23,8.23,8.19,8.23,62800,VPG,"At 2025-10-08 14:00:00, the stock VPG opened at 8.23 VND, reached a high of 8.23 VND, a low of 8.19 VND, and closed the hour at 8.23 VND with a trading volume of 62,800 shares."
2025-10-09 09:00:00,8.24,8.28,8.16,8.16,185700,VPG,"At 2025-10-09 09:00:00, the stock VPG opened at 8.24 VND, reached a high of 8.28 VND, a low of 8.16 VND, and closed the hour at 8.16 VND with a trading volume of 185,700 shares."
2025-10-09 10:00:00,8.18,8.21,8.16,8.17,80700,VPG,"At 2025-10-09 10:00:00, the stock VPG opened at 8.18 VND, reached a high of 8.21 VND, a low of 8.16 VND, and closed the hour at 8.17 VND with a trading volume of 80,700 shares."
2025-10-09 11:00:00,8.17,8.2,8.14,8.14,23300,VPG,"At 2025-10-09 11:00:00, the stock VPG opened at 8.17 VND, reached a high of 8.20 VND, a low of 8.14 VND, and closed the hour at 8.14 VND with a trading volume of 23,300 shares."
2025-10-09 13:00:00,8.16,8.16,8.05,8.15,168700,VPG,"At 2025-10-09 13:00:00, the stock VPG opened at 8.16 VND, reached a high of 8.16 VND, a low of 8.05 VND, and closed the hour at 8.15 VND with a trading volume of 168,700 shares."
2025-10-09 14:00:00,8.16,8.16,8.1,8.1,28400,VPG,"At 2025-10-09 14:00:00, the stock VPG opened at 8.16 VND, reached a high of 8.16 VND, a low of 8.10 VND, and closed the hour at 8.10 VND with a trading volume of 28,400 shares."
2025-10-10 09:00:00,7.93,8.06,7.64,7.8,607100,VPG,"At 2025-10-10 09:00:00, the stock VPG opened at 7.93 VND, reached a high of 8.06 VND, a low of 7.64 VND, and closed the hour at 7.80 VND with a trading volume of 607,100 shares."
2025-10-10 10:00:00,7.81,7.9,7.77,7.85,182900,VPG,"At 2025-10-10 10:00:00, the stock VPG opened at 7.81 VND, reached a high of 7.90 VND, a low of 7.77 VND, and closed the hour at 7.85 VND with a trading volume of 182,900 shares."
2025-10-10 11:00:00,7.87,7.91,7.87,7.91,24800,VPG,"At 2025-10-10 11:00:00, the stock VPG opened at 7.87 VND, reached a high of 7.91 VND, a low of 7.87 VND, and closed the hour at 7.91 VND with a trading volume of 24,800 shares."
2025-10-10 13:00:00,7.91,7.94,7.9,7.91,91900,VPG,"At 2025-10-10 13:00:00, the stock VPG opened at 7.91 VND, reached a high of 7.94 VND, a low of 7.90 VND, and closed the hour at 7.91 VND with a trading volume of 91,900 shares."
2025-10-10 14:00:00,7.9,7.91,7.84,7.89,50700,VPG,"At 2025-10-10 14:00:00, the stock VPG opened at 7.90 VND, reached a high of 7.91 VND, a low of 7.84 VND, and closed the hour at 7.89 VND with a trading volume of 50,700 shares."
2025-10-13 09:00:00,7.82,7.85,7.75,7.84,59900,VPG,"At 2025-10-13 09:00:00, the stock VPG opened at 7.82 VND, reached a high of 7.85 VND, a low of 7.75 VND, and closed the hour at 7.84 VND with a trading volume of 59,900 shares."
2025-10-13 10:00:00,7.83,7.83,7.7,7.75,125200,VPG,"At 2025-10-13 10:00:00, the stock VPG opened at 7.83 VND, reached a high of 7.83 VND, a low of 7.70 VND, and closed the hour at 7.75 VND with a trading volume of 125,200 shares."
2025-10-13 11:00:00,7.75,7.77,7.72,7.72,14700,VPG,"At 2025-10-13 11:00:00, the stock VPG opened at 7.75 VND, reached a high of 7.77 VND, a low of 7.72 VND, and closed the hour at 7.72 VND with a trading volume of 14,700 shares."
2025-10-13 13:00:00,7.75,7.77,7.59,7.6,268400,VPG,"At 2025-10-13 13:00:00, the stock VPG opened at 7.75 VND, reached a high of 7.77 VND, a low of 7.59 VND, and closed the hour at 7.60 VND with a trading volume of 268,400 shares."
2025-10-13 14:00:00,7.61,7.63,7.5,7.55,283000,VPG,"At 2025-10-13 14:00:00, the stock VPG opened at 7.61 VND, reached a high of 7.63 VND, a low of 7.50 VND, and closed the hour at 7.55 VND with a trading volume of 283,000 shares."
2025-10-14 09:00:00,7.61,7.75,7.61,7.66,80200,VPG,"At 2025-10-14 09:00:00, the stock VPG opened at 7.61 VND, reached a high of 7.75 VND, a low of 7.61 VND, and closed the hour at 7.66 VND with a trading volume of 80,200 shares."
2025-10-14 10:00:00,7.66,7.7,7.63,7.67,25300,VPG,"At 2025-10-14 10:00:00, the stock VPG opened at 7.66 VND, reached a high of 7.70 VND, a low of 7.63 VND, and closed the hour at 7.67 VND with a trading volume of 25,300 shares."
2025-10-14 11:00:00,7.66,7.68,7.62,7.68,48700,VPG,"At 2025-10-14 11:00:00, the stock VPG opened at 7.66 VND, reached a high of 7.68 VND, a low of 7.62 VND, and closed the hour at 7.68 VND with a trading volume of 48,700 shares."
2025-10-14 13:00:00,7.67,7.68,7.53,7.55,132700,VPG,"At 2025-10-14 13:00:00, the stock VPG opened at 7.67 VND, reached a high of 7.68 VND, a low of 7.53 VND, and closed the hour at 7.55 VND with a trading volume of 132,700 shares."
2025-10-14 14:00:00,7.56,7.6,7.53,7.56,77800,VPG,"At 2025-10-14 14:00:00, the stock VPG opened at 7.56 VND, reached a high of 7.60 VND, a low of 7.53 VND, and closed the hour at 7.56 VND with a trading volume of 77,800 shares."
2025-10-15 09:00:00,7.52,7.55,7.51,7.51,46300,VPG,"At 2025-10-15 09:00:00, the stock VPG opened at 7.52 VND, reached a high of 7.55 VND, a low of 7.51 VND, and closed the hour at 7.51 VND with a trading volume of 46,300 shares."
2025-10-15 10:00:00,7.53,7.54,7.46,7.46,102900,VPG,"At 2025-10-15 10:00:00, the stock VPG opened at 7.53 VND, reached a high of 7.54 VND, a low of 7.46 VND, and closed the hour at 7.46 VND with a trading volume of 102,900 shares."
2025-10-15 11:00:00,7.46,7.46,7.3,7.31,213500,VPG,"At 2025-10-15 11:00:00, the stock VPG opened at 7.46 VND, reached a high of 7.46 VND, a low of 7.30 VND, and closed the hour at 7.31 VND with a trading volume of 213,500 shares."
2025-10-15 13:00:00,7.32,7.34,7.27,7.29,146500,VPG,"At 2025-10-15 13:00:00, the stock VPG opened at 7.32 VND, reached a high of 7.34 VND, a low of 7.27 VND, and closed the hour at 7.29 VND with a trading volume of 146,500 shares."
2025-10-15 14:00:00,7.3,7.32,7.2,7.2,164400,VPG,"At 2025-10-15 14:00:00, the stock VPG opened at 7.30 VND, reached a high of 7.32 VND, a low of 7.20 VND, and closed the hour at 7.20 VND with a trading volume of 164,400 shares."
2025-10-16 09:00:00,7.2,7.24,6.82,6.82,306100,VPG,"At 2025-10-16 09:00:00, the stock VPG opened at 7.20 VND, reached a high of 7.24 VND, a low of 6.82 VND, and closed the hour at 6.82 VND with a trading volume of 306,100 shares."
2025-10-16 10:00:00,6.82,7.0,6.7,6.92,615300,VPG,"At 2025-10-16 10:00:00, the stock VPG opened at 6.82 VND, reached a high of 7.00 VND, a low of 6.70 VND, and closed the hour at 6.92 VND with a trading volume of 615,300 shares."
2025-10-16 11:00:00,6.92,6.92,6.85,6.92,15700,VPG,"At 2025-10-16 11:00:00, the stock VPG opened at 6.92 VND, reached a high of 6.92 VND, a low of 6.85 VND, and closed the hour at 6.92 VND with a trading volume of 15,700 shares."
2025-10-16 13:00:00,6.87,6.92,6.83,6.85,106500,VPG,"At 2025-10-16 13:00:00, the stock VPG opened at 6.87 VND, reached a high of 6.92 VND, a low of 6.83 VND, and closed the hour at 6.85 VND with a trading volume of 106,500 shares."
2025-10-16 14:00:00,6.85,6.86,6.8,6.8,153000,VPG,"At 2025-10-16 14:00:00, the stock VPG opened at 6.85 VND, reached a high of 6.86 VND, a low of 6.80 VND, and closed the hour at 6.80 VND with a trading volume of 153,000 shares."
2025-10-17 09:00:00,6.91,7.07,6.85,7.07,95000,VPG,"At 2025-10-17 09:00:00, the stock VPG opened at 6.91 VND, reached a high of 7.07 VND, a low of 6.85 VND, and closed the hour at 7.07 VND with a trading volume of 95,000 shares."
2025-10-17 10:00:00,7.08,7.27,7.05,7.27,314400,VPG,"At 2025-10-17 10:00:00, the stock VPG opened at 7.08 VND, reached a high of 7.27 VND, a low of 7.05 VND, and closed the hour at 7.27 VND with a trading volume of 314,400 shares."
2025-10-17 11:00:00,7.27,7.27,7.27,7.27,5200,VPG,"At 2025-10-17 11:00:00, the stock VPG opened at 7.27 VND, reached a high of 7.27 VND, a low of 7.27 VND, and closed the hour at 7.27 VND with a trading volume of 5,200 shares."
2025-10-17 13:00:00,7.27,7.27,7.27,7.27,41000,VPG,"At 2025-10-17 13:00:00, the stock VPG opened at 7.27 VND, reached a high of 7.27 VND, a low of 7.27 VND, and closed the hour at 7.27 VND with a trading volume of 41,000 shares."
2025-10-17 14:00:00,7.27,7.27,7.27,7.27,33400,VPG,"At 2025-10-17 14:00:00, the stock VPG opened at 7.27 VND, reached a high of 7.27 VND, a low of 7.27 VND, and closed the hour at 7.27 VND with a trading volume of 33,400 shares."
2025-10-20 09:00:00,7.5,7.77,7.5,7.77,486600,VPG,"At 2025-10-20 09:00:00, the stock VPG opened at 7.50 VND, reached a high of 7.77 VND, a low of 7.50 VND, and closed the hour at 7.77 VND with a trading volume of 486,600 shares."
2025-10-20 10:00:00,7.77,7.77,7.77,7.77,19300,VPG,"At 2025-10-20 10:00:00, the stock VPG opened at 7.77 VND, reached a high of 7.77 VND, a low of 7.77 VND, and closed the hour at 7.77 VND with a trading volume of 19,300 shares."
2025-10-20 11:00:00,7.77,7.77,7.77,7.77,2500,VPG,"At 2025-10-20 11:00:00, the stock VPG opened at 7.77 VND, reached a high of 7.77 VND, a low of 7.77 VND, and closed the hour at 7.77 VND with a trading volume of 2,500 shares."
2025-10-20 13:00:00,7.77,7.77,7.77,7.77,249200,VPG,"At 2025-10-20 13:00:00, the stock VPG opened at 7.77 VND, reached a high of 7.77 VND, a low of 7.77 VND, and closed the hour at 7.77 VND with a trading volume of 249,200 shares."
2025-10-20 14:00:00,7.77,7.77,7.3,7.4,395600,VPG,"At 2025-10-20 14:00:00, the stock VPG opened at 7.77 VND, reached a high of 7.77 VND, a low of 7.30 VND, and closed the hour at 7.40 VND with a trading volume of 395,600 shares."
2025-10-21 09:00:00,7.72,7.83,7.55,7.71,156800,VPG,"At 2025-10-21 09:00:00, the stock VPG opened at 7.72 VND, reached a high of 7.83 VND, a low of 7.55 VND, and closed the hour at 7.71 VND with a trading volume of 156,800 shares."
2025-10-21 10:00:00,7.7,7.7,7.5,7.6,83200,VPG,"At 2025-10-21 10:00:00, the stock VPG opened at 7.70 VND, reached a high of 7.70 VND, a low of 7.50 VND, and closed the hour at 7.60 VND with a trading volume of 83,200 shares."
2025-10-21 11:00:00,7.6,7.7,7.51,7.66,17700,VPG,"At 2025-10-21 11:00:00, the stock VPG opened at 7.60 VND, reached a high of 7.70 VND, a low of 7.51 VND, and closed the hour at 7.66 VND with a trading volume of 17,700 shares."
2025-10-21 13:00:00,7.6,7.63,7.41,7.53,120700,VPG,"At 2025-10-21 13:00:00, the stock VPG opened at 7.60 VND, reached a high of 7.63 VND, a low of 7.41 VND, and closed the hour at 7.53 VND with a trading volume of 120,700 shares."
2025-10-21 14:00:00,7.6,7.7,7.52,7.66,87800,VPG,"At 2025-10-21 14:00:00, the stock VPG opened at 7.60 VND, reached a high of 7.70 VND, a low of 7.52 VND, and closed the hour at 7.66 VND with a trading volume of 87,800 shares."
2025-10-22 09:00:00,7.7,7.85,7.62,7.62,108600,VPG,"At 2025-10-22 09:00:00, the stock VPG opened at 7.70 VND, reached a high of 7.85 VND, a low of 7.62 VND, and closed the hour at 7.62 VND with a trading volume of 108,600 shares."
2025-10-22 10:00:00,7.62,7.65,7.53,7.53,9600,VPG,"At 2025-10-22 10:00:00, the stock VPG opened at 7.62 VND, reached a high of 7.65 VND, a low of 7.53 VND, and closed the hour at 7.53 VND with a trading volume of 9,600 shares."
2025-10-22 11:00:00,7.52,7.52,7.5,7.5,17800,VPG,"At 2025-10-22 11:00:00, the stock VPG opened at 7.52 VND, reached a high of 7.52 VND, a low of 7.50 VND, and closed the hour at 7.50 VND with a trading volume of 17,800 shares."
2025-10-22 13:00:00,7.54,7.54,7.3,7.36,78200,VPG,"At 2025-10-22 13:00:00, the stock VPG opened at 7.54 VND, reached a high of 7.54 VND, a low of 7.30 VND, and closed the hour at 7.36 VND with a trading volume of 78,200 shares."
2025-10-22 14:00:00,7.33,7.5,7.26,7.32,129200,VPG,"At 2025-10-22 14:00:00, the stock VPG opened at 7.33 VND, reached a high of 7.50 VND, a low of 7.26 VND, and closed the hour at 7.32 VND with a trading volume of 129,200 shares."
2025-10-23 09:00:00,7.5,7.5,7.27,7.3,72800,VPG,"At 2025-10-23 09:00:00, the stock VPG opened at 7.50 VND, reached a high of 7.50 VND, a low of 7.27 VND, and closed the hour at 7.30 VND with a trading volume of 72,800 shares."
2025-10-23 10:00:00,7.3,7.47,7.3,7.33,47800,VPG,"At 2025-10-23 10:00:00, the stock VPG opened at 7.30 VND, reached a high of 7.47 VND, a low of 7.30 VND, and closed the hour at 7.33 VND with a trading volume of 47,800 shares."
2025-10-23 11:00:00,7.34,7.34,7.31,7.33,16900,VPG,"At 2025-10-23 11:00:00, the stock VPG opened at 7.34 VND, reached a high of 7.34 VND, a low of 7.31 VND, and closed the hour at 7.33 VND with a trading volume of 16,900 shares."
2025-10-23 13:00:00,7.33,7.44,7.32,7.36,30400,VPG,"At 2025-10-23 13:00:00, the stock VPG opened at 7.33 VND, reached a high of 7.44 VND, a low of 7.32 VND, and closed the hour at 7.36 VND with a trading volume of 30,400 shares."
2025-10-23 14:00:00,7.36,7.39,7.3,7.33,80600,VPG,"At 2025-10-23 14:00:00, the stock VPG opened at 7.36 VND, reached a high of 7.39 VND, a low of 7.30 VND, and closed the hour at 7.33 VND with a trading volume of 80,600 shares."
2025-10-24 09:00:00,7.48,7.49,7.31,7.32,39800,VPG,"At 2025-10-24 09:00:00, the stock VPG opened at 7.48 VND, reached a high of 7.49 VND, a low of 7.31 VND, and closed the hour at 7.32 VND with a trading volume of 39,800 shares."
2025-10-24 10:00:00,7.31,7.35,7.31,7.35,40600,VPG,"At 2025-10-24 10:00:00, the stock VPG opened at 7.31 VND, reached a high of 7.35 VND, a low of 7.31 VND, and closed the hour at 7.35 VND with a trading volume of 40,600 shares."
2025-10-24 11:00:00,7.33,7.34,7.28,7.29,53000,VPG,"At 2025-10-24 11:00:00, the stock VPG opened at 7.33 VND, reached a high of 7.34 VND, a low of 7.28 VND, and closed the hour at 7.29 VND with a trading volume of 53,000 shares."
2025-10-24 13:00:00,7.29,7.29,7.2,7.28,62600,VPG,"At 2025-10-24 13:00:00, the stock VPG opened at 7.29 VND, reached a high of 7.29 VND, a low of 7.20 VND, and closed the hour at 7.28 VND with a trading volume of 62,600 shares."
2025-10-24 14:00:00,7.27,7.28,7.18,7.21,89100,VPG,"At 2025-10-24 14:00:00, the stock VPG opened at 7.27 VND, reached a high of 7.28 VND, a low of 7.18 VND, and closed the hour at 7.21 VND with a trading volume of 89,100 shares."
2025-10-27 09:00:00,7.32,7.32,7.2,7.2,47700,VPG,"At 2025-10-27 09:00:00, the stock VPG opened at 7.32 VND, reached a high of 7.32 VND, a low of 7.20 VND, and closed the hour at 7.20 VND with a trading volume of 47,700 shares."
2025-10-27 10:00:00,7.2,7.21,7.16,7.17,24800,VPG,"At 2025-10-27 10:00:00, the stock VPG opened at 7.20 VND, reached a high of 7.21 VND, a low of 7.16 VND, and closed the hour at 7.17 VND with a trading volume of 24,800 shares."
2025-10-27 11:00:00,7.17,7.17,7.15,7.15,6600,VPG,"At 2025-10-27 11:00:00, the stock VPG opened at 7.17 VND, reached a high of 7.17 VND, a low of 7.15 VND, and closed the hour at 7.15 VND with a trading volume of 6,600 shares."
2025-10-27 13:00:00,7.14,7.15,7.1,7.1,50500,VPG,"At 2025-10-27 13:00:00, the stock VPG opened at 7.14 VND, reached a high of 7.15 VND, a low of 7.10 VND, and closed the hour at 7.10 VND with a trading volume of 50,500 shares."
2025-10-27 14:00:00,7.1,7.11,7.08,7.09,83800,VPG,"At 2025-10-27 14:00:00, the stock VPG opened at 7.10 VND, reached a high of 7.11 VND, a low of 7.08 VND, and closed the hour at 7.09 VND with a trading volume of 83,800 shares."
2025-10-28 09:00:00,7.09,7.12,7.07,7.07,27500,VPG,"At 2025-10-28 09:00:00, the stock VPG opened at 7.09 VND, reached a high of 7.12 VND, a low of 7.07 VND, and closed the hour at 7.07 VND with a trading volume of 27,500 shares."
2025-10-28 10:00:00,7.1,7.1,7.0,7.04,47100,VPG,"At 2025-10-28 10:00:00, the stock VPG opened at 7.10 VND, reached a high of 7.10 VND, a low of 7.00 VND, and closed the hour at 7.04 VND with a trading volume of 47,100 shares."
2025-10-28 11:00:00,7.02,7.04,7.0,7.04,26000,VPG,"At 2025-10-28 11:00:00, the stock VPG opened at 7.02 VND, reached a high of 7.04 VND, a low of 7.00 VND, and closed the hour at 7.04 VND with a trading volume of 26,000 shares."
2025-10-28 13:00:00,7.0,7.05,6.97,7.05,80300,VPG,"At 2025-10-28 13:00:00, the stock VPG opened at 7.00 VND, reached a high of 7.05 VND, a low of 6.97 VND, and closed the hour at 7.05 VND with a trading volume of 80,300 shares."
2025-10-28 14:00:00,7.04,7.5,7.04,7.41,105200,VPG,"At 2025-10-28 14:00:00, the stock VPG opened at 7.04 VND, reached a high of 7.50 VND, a low of 7.04 VND, and closed the hour at 7.41 VND with a trading volume of 105,200 shares."
2025-10-29 09:00:00,7.45,7.55,7.42,7.49,22000,VPG,"At 2025-10-29 09:00:00, the stock VPG opened at 7.45 VND, reached a high of 7.55 VND, a low of 7.42 VND, and closed the hour at 7.49 VND with a trading volume of 22,000 shares."
2025-10-29 10:00:00,7.49,7.5,7.45,7.47,58200,VPG,"At 2025-10-29 10:00:00, the stock VPG opened at 7.49 VND, reached a high of 7.50 VND, a low of 7.45 VND, and closed the hour at 7.47 VND with a trading volume of 58,200 shares."
2025-10-29 11:00:00,7.47,7.49,7.45,7.49,19500,VPG,"At 2025-10-29 11:00:00, the stock VPG opened at 7.47 VND, reached a high of 7.49 VND, a low of 7.45 VND, and closed the hour at 7.49 VND with a trading volume of 19,500 shares."
2025-10-29 13:00:00,7.49,7.65,7.48,7.57,140000,VPG,"At 2025-10-29 13:00:00, the stock VPG opened at 7.49 VND, reached a high of 7.65 VND, a low of 7.48 VND, and closed the hour at 7.57 VND with a trading volume of 140,000 shares."
2025-10-29 14:00:00,7.58,7.6,7.5,7.6,48800,VPG,"At 2025-10-29 14:00:00, the stock VPG opened at 7.58 VND, reached a high of 7.60 VND, a low of 7.50 VND, and closed the hour at 7.60 VND with a trading volume of 48,800 shares."
2025-10-30 09:00:00,7.61,7.65,7.55,7.57,46900,VPG,"At 2025-10-30 09:00:00, the stock VPG opened at 7.61 VND, reached a high of 7.65 VND, a low of 7.55 VND, and closed the hour at 7.57 VND with a trading volume of 46,900 shares."
2025-10-30 10:00:00,7.57,7.57,7.11,7.2,356100,VPG,"At 2025-10-30 10:00:00, the stock VPG opened at 7.57 VND, reached a high of 7.57 VND, a low of 7.11 VND, and closed the hour at 7.20 VND with a trading volume of 356,100 shares."
2025-10-30 11:00:00,7.19,7.2,7.07,7.09,603600,VPG,"At 2025-10-30 11:00:00, the stock VPG opened at 7.19 VND, reached a high of 7.20 VND, a low of 7.07 VND, and closed the hour at 7.09 VND with a trading volume of 603,600 shares."
2025-10-30 13:00:00,7.1,7.11,7.07,7.07,836400,VPG,"At 2025-10-30 13:00:00, the stock VPG opened at 7.10 VND, reached a high of 7.11 VND, a low of 7.07 VND, and closed the hour at 7.07 VND with a trading volume of 836,400 shares."
2025-10-30 14:00:00,7.07,7.1,7.07,7.07,116300,VPG,"At 2025-10-30 14:00:00, the stock VPG opened at 7.07 VND, reached a high of 7.10 VND, a low of 7.07 VND, and closed the hour at 7.07 VND with a trading volume of 116,300 shares."
2025-10-31 09:00:00,7.0,7.01,6.8,7.0,195100,VPG,"At 2025-10-31 09:00:00, the stock VPG opened at 7.00 VND, reached a high of 7.01 VND, a low of 6.80 VND, and closed the hour at 7.00 VND with a trading volume of 195,100 shares."
2025-10-31 10:00:00,7.0,7.05,6.98,7.01,49800,VPG,"At 2025-10-31 10:00:00, the stock VPG opened at 7.00 VND, reached a high of 7.05 VND, a low of 6.98 VND, and closed the hour at 7.01 VND with a trading volume of 49,800 shares."
2025-10-31 11:00:00,7.01,7.04,7.0,7.04,6500,VPG,"At 2025-10-31 11:00:00, the stock VPG opened at 7.01 VND, reached a high of 7.04 VND, a low of 7.00 VND, and closed the hour at 7.04 VND with a trading volume of 6,500 shares."
2025-10-31 13:00:00,7.04,7.04,6.96,6.98,118800,VPG,"At 2025-10-31 13:00:00, the stock VPG opened at 7.04 VND, reached a high of 7.04 VND, a low of 6.96 VND, and closed the hour at 6.98 VND with a trading volume of 118,800 shares."
2025-10-31 14:00:00,6.98,6.98,6.92,6.93,118900,VPG,"At 2025-10-31 14:00:00, the stock VPG opened at 6.98 VND, reached a high of 6.98 VND, a low of 6.92 VND, and closed the hour at 6.93 VND with a trading volume of 118,900 shares."
2025-11-03 09:00:00,6.92,6.93,6.89,6.9,65500,VPG,"At 2025-11-03 09:00:00, the stock VPG opened at 6.92 VND, reached a high of 6.93 VND, a low of 6.89 VND, and closed the hour at 6.90 VND with a trading volume of 65,500 shares."
2025-11-03 10:00:00,6.9,6.9,6.8,6.84,114400,VPG,"At 2025-11-03 10:00:00, the stock VPG opened at 6.90 VND, reached a high of 6.90 VND, a low of 6.80 VND, and closed the hour at 6.84 VND with a trading volume of 114,400 shares."
2025-11-03 11:00:00,6.87,6.88,6.87,6.88,13300,VPG,"At 2025-11-03 11:00:00, the stock VPG opened at 6.87 VND, reached a high of 6.88 VND, a low of 6.87 VND, and closed the hour at 6.88 VND with a trading volume of 13,300 shares."
2025-11-03 13:00:00,6.88,6.88,6.72,6.73,153300,VPG,"At 2025-11-03 13:00:00, the stock VPG opened at 6.88 VND, reached a high of 6.88 VND, a low of 6.72 VND, and closed the hour at 6.73 VND with a trading volume of 153,300 shares."
2025-11-03 14:00:00,6.73,6.73,6.45,6.45,737900,VPG,"At 2025-11-03 14:00:00, the stock VPG opened at 6.73 VND, reached a high of 6.73 VND, a low of 6.45 VND, and closed the hour at 6.45 VND with a trading volume of 737,900 shares."
2025-11-04 09:00:00,6.45,6.45,6.3,6.42,82000,VPG,"At 2025-11-04 09:00:00, the stock VPG opened at 6.45 VND, reached a high of 6.45 VND, a low of 6.30 VND, and closed the hour at 6.42 VND with a trading volume of 82,000 shares."
2025-11-04 10:00:00,6.42,6.42,6.31,6.32,60400,VPG,"At 2025-11-04 10:00:00, the stock VPG opened at 6.42 VND, reached a high of 6.42 VND, a low of 6.31 VND, and closed the hour at 6.32 VND with a trading volume of 60,400 shares."
2025-11-04 11:00:00,6.32,6.32,6.22,6.28,45500,VPG,"At 2025-11-04 11:00:00, the stock VPG opened at 6.32 VND, reached a high of 6.32 VND, a low of 6.22 VND, and closed the hour at 6.28 VND with a trading volume of 45,500 shares."
2025-11-04 13:00:00,6.25,6.37,6.08,6.35,166600,VPG,"At 2025-11-04 13:00:00, the stock VPG opened at 6.25 VND, reached a high of 6.37 VND, a low of 6.08 VND, and closed the hour at 6.35 VND with a trading volume of 166,600 shares."
2025-11-04 14:00:00,6.33,6.5,6.31,6.5,102400,VPG,"At 2025-11-04 14:00:00, the stock VPG opened at 6.33 VND, reached a high of 6.50 VND, a low of 6.31 VND, and closed the hour at 6.50 VND with a trading volume of 102,400 shares."
2025-11-05 09:00:00,6.52,6.52,6.41,6.43,21600,VPG,"At 2025-11-05 09:00:00, the stock VPG opened at 6.52 VND, reached a high of 6.52 VND, a low of 6.41 VND, and closed the hour at 6.43 VND with a trading volume of 21,600 shares."
2025-11-05 10:00:00,6.43,6.46,6.37,6.4,15000,VPG,"At 2025-11-05 10:00:00, the stock VPG opened at 6.43 VND, reached a high of 6.46 VND, a low of 6.37 VND, and closed the hour at 6.40 VND with a trading volume of 15,000 shares."
2025-11-05 11:00:00,6.41,6.46,6.4,6.46,3500,VPG,"At 2025-11-05 11:00:00, the stock VPG opened at 6.41 VND, reached a high of 6.46 VND, a low of 6.40 VND, and closed the hour at 6.46 VND with a trading volume of 3,500 shares."
2025-11-05 13:00:00,6.46,6.49,6.41,6.42,31100,VPG,"At 2025-11-05 13:00:00, the stock VPG opened at 6.46 VND, reached a high of 6.49 VND, a low of 6.41 VND, and closed the hour at 6.42 VND with a trading volume of 31,100 shares."
2025-11-05 14:00:00,6.47,6.51,6.46,6.5,37700,VPG,"At 2025-11-05 14:00:00, the stock VPG opened at 6.47 VND, reached a high of 6.51 VND, a low of 6.46 VND, and closed the hour at 6.50 VND with a trading volume of 37,700 shares."
2025-11-06 09:00:00,6.5,6.5,6.41,6.46,26700,VPG,"At 2025-11-06 09:00:00, the stock VPG opened at 6.50 VND, reached a high of 6.50 VND, a low of 6.41 VND, and closed the hour at 6.46 VND with a trading volume of 26,700 shares."
2025-11-06 10:00:00,6.45,6.46,6.38,6.4,37300,VPG,"At 2025-11-06 10:00:00, the stock VPG opened at 6.45 VND, reached a high of 6.46 VND, a low of 6.38 VND, and closed the hour at 6.40 VND with a trading volume of 37,300 shares."
2025-11-06 11:00:00,6.41,6.41,6.41,6.41,1300,VPG,"At 2025-11-06 11:00:00, the stock VPG opened at 6.41 VND, reached a high of 6.41 VND, a low of 6.41 VND, and closed the hour at 6.41 VND with a trading volume of 1,300 shares."
2025-11-06 13:00:00,6.41,6.45,6.38,6.45,25800,VPG,"At 2025-11-06 13:00:00, the stock VPG opened at 6.41 VND, reached a high of 6.45 VND, a low of 6.38 VND, and closed the hour at 6.45 VND with a trading volume of 25,800 shares."
2025-11-06 14:00:00,6.45,6.45,6.41,6.43,16700,VPG,"At 2025-11-06 14:00:00, the stock VPG opened at 6.45 VND, reached a high of 6.45 VND, a low of 6.41 VND, and closed the hour at 6.43 VND with a trading volume of 16,700 shares."
2025-11-07 09:00:00,6.46,6.46,6.44,6.46,11700,VPG,"At 2025-11-07 09:00:00, the stock VPG opened at 6.46 VND, reached a high of 6.46 VND, a low of 6.44 VND, and closed the hour at 6.46 VND with a trading volume of 11,700 shares."
2025-11-07 10:00:00,6.45,6.45,6.39,6.39,23600,VPG,"At 2025-11-07 10:00:00, the stock VPG opened at 6.45 VND, reached a high of 6.45 VND, a low of 6.39 VND, and closed the hour at 6.39 VND with a trading volume of 23,600 shares."
2025-11-07 11:00:00,6.4,6.4,6.38,6.38,17900,VPG,"At 2025-11-07 11:00:00, the stock VPG opened at 6.40 VND, reached a high of 6.40 VND, a low of 6.38 VND, and closed the hour at 6.38 VND with a trading volume of 17,900 shares."
2025-11-07 13:00:00,6.39,6.47,6.38,6.39,75400,VPG,"At 2025-11-07 13:00:00, the stock VPG opened at 6.39 VND, reached a high of 6.47 VND, a low of 6.38 VND, and closed the hour at 6.39 VND with a trading volume of 75,400 shares."
2025-11-07 14:00:00,6.4,6.44,6.35,6.35,38100,VPG,"At 2025-11-07 14:00:00, the stock VPG opened at 6.40 VND, reached a high of 6.44 VND, a low of 6.35 VND, and closed the hour at 6.35 VND with a trading volume of 38,100 shares."
2025-11-10 09:00:00,6.34,6.39,6.34,6.37,14300,VPG,"At 2025-11-10 09:00:00, the stock VPG opened at 6.34 VND, reached a high of 6.39 VND, a low of 6.34 VND, and closed the hour at 6.37 VND with a trading volume of 14,300 shares."
2025-11-10 10:00:00,6.38,6.38,6.25,6.25,30100,VPG,"At 2025-11-10 10:00:00, the stock VPG opened at 6.38 VND, reached a high of 6.38 VND, a low of 6.25 VND, and closed the hour at 6.25 VND with a trading volume of 30,100 shares."
2025-11-10 11:00:00,6.25,6.3,6.25,6.25,20600,VPG,"At 2025-11-10 11:00:00, the stock VPG opened at 6.25 VND, reached a high of 6.30 VND, a low of 6.25 VND, and closed the hour at 6.25 VND with a trading volume of 20,600 shares."
2025-11-10 13:00:00,6.25,6.29,6.24,6.25,74600,VPG,"At 2025-11-10 13:00:00, the stock VPG opened at 6.25 VND, reached a high of 6.29 VND, a low of 6.24 VND, and closed the hour at 6.25 VND with a trading volume of 74,600 shares."
2025-11-10 14:00:00,6.24,6.25,6.2,6.22,51300,VPG,"At 2025-11-10 14:00:00, the stock VPG opened at 6.24 VND, reached a high of 6.25 VND, a low of 6.20 VND, and closed the hour at 6.22 VND with a trading volume of 51,300 shares."
2025-11-11 09:00:00,6.33,6.33,6.23,6.28,25900,VPG,"At 2025-11-11 09:00:00, the stock VPG opened at 6.33 VND, reached a high of 6.33 VND, a low of 6.23 VND, and closed the hour at 6.28 VND with a trading volume of 25,900 shares."
2025-11-11 10:00:00,6.28,6.28,6.21,6.26,7400,VPG,"At 2025-11-11 10:00:00, the stock VPG opened at 6.28 VND, reached a high of 6.28 VND, a low of 6.21 VND, and closed the hour at 6.26 VND with a trading volume of 7,400 shares."
2025-11-11 13:00:00,6.25,6.25,6.2,6.2,34900,VPG,"At 2025-11-11 13:00:00, the stock VPG opened at 6.25 VND, reached a high of 6.25 VND, a low of 6.20 VND, and closed the hour at 6.20 VND with a trading volume of 34,900 shares."
2025-11-11 14:00:00,6.21,6.25,6.2,6.25,26800,VPG,"At 2025-11-11 14:00:00, the stock VPG opened at 6.21 VND, reached a high of 6.25 VND, a low of 6.20 VND, and closed the hour at 6.25 VND with a trading volume of 26,800 shares."
2025-11-12 09:00:00,6.26,6.29,6.24,6.26,19200,VPG,"At 2025-11-12 09:00:00, the stock VPG opened at 6.26 VND, reached a high of 6.29 VND, a low of 6.24 VND, and closed the hour at 6.26 VND with a trading volume of 19,200 shares."
2025-11-12 10:00:00,6.26,6.27,6.2,6.25,53800,VPG,"At 2025-11-12 10:00:00, the stock VPG opened at 6.26 VND, reached a high of 6.27 VND, a low of 6.20 VND, and closed the hour at 6.25 VND with a trading volume of 53,800 shares."
2025-11-12 11:00:00,6.22,6.23,6.2,6.23,51600,VPG,"At 2025-11-12 11:00:00, the stock VPG opened at 6.22 VND, reached a high of 6.23 VND, a low of 6.20 VND, and closed the hour at 6.23 VND with a trading volume of 51,600 shares."
2025-11-12 13:00:00,6.23,6.29,6.23,6.27,55900,VPG,"At 2025-11-12 13:00:00, the stock VPG opened at 6.23 VND, reached a high of 6.29 VND, a low of 6.23 VND, and closed the hour at 6.27 VND with a trading volume of 55,900 shares."
2025-11-12 14:00:00,6.27,6.27,6.25,6.25,25600,VPG,"At 2025-11-12 14:00:00, the stock VPG opened at 6.27 VND, reached a high of 6.27 VND, a low of 6.25 VND, and closed the hour at 6.25 VND with a trading volume of 25,600 shares."
2025-11-13 09:00:00,6.25,6.39,6.25,6.3,69400,VPG,"At 2025-11-13 09:00:00, the stock VPG opened at 6.25 VND, reached a high of 6.39 VND, a low of 6.25 VND, and closed the hour at 6.30 VND with a trading volume of 69,400 shares."
2025-11-13 10:00:00,6.3,6.39,6.28,6.31,64300,VPG,"At 2025-11-13 10:00:00, the stock VPG opened at 6.30 VND, reached a high of 6.39 VND, a low of 6.28 VND, and closed the hour at 6.31 VND with a trading volume of 64,300 shares."
2025-11-13 11:00:00,6.37,6.37,6.29,6.29,21400,VPG,"At 2025-11-13 11:00:00, the stock VPG opened at 6.37 VND, reached a high of 6.37 VND, a low of 6.29 VND, and closed the hour at 6.29 VND with a trading volume of 21,400 shares."
2025-11-13 13:00:00,6.33,6.34,6.25,6.34,48700,VPG,"At 2025-11-13 13:00:00, the stock VPG opened at 6.33 VND, reached a high of 6.34 VND, a low of 6.25 VND, and closed the hour at 6.34 VND with a trading volume of 48,700 shares."
2025-11-13 14:00:00,6.33,6.34,6.31,6.34,24200,VPG,"At 2025-11-13 14:00:00, the stock VPG opened at 6.33 VND, reached a high of 6.34 VND, a low of 6.31 VND, and closed the hour at 6.34 VND with a trading volume of 24,200 shares."
2025-11-14 09:00:00,6.36,6.43,6.36,6.42,65600,VPG,"At 2025-11-14 09:00:00, the stock VPG opened at 6.36 VND, reached a high of 6.43 VND, a low of 6.36 VND, and closed the hour at 6.42 VND with a trading volume of 65,600 shares."
2025-11-14 10:00:00,6.43,6.49,6.4,6.43,15000,VPG,"At 2025-11-14 10:00:00, the stock VPG opened at 6.43 VND, reached a high of 6.49 VND, a low of 6.40 VND, and closed the hour at 6.43 VND with a trading volume of 15,000 shares."
2025-11-14 11:00:00,6.43,6.44,6.41,6.43,3300,VPG,"At 2025-11-14 11:00:00, the stock VPG opened at 6.43 VND, reached a high of 6.44 VND, a low of 6.41 VND, and closed the hour at 6.43 VND with a trading volume of 3,300 shares."
2025-11-14 13:00:00,6.44,6.44,6.42,6.44,19400,VPG,"At 2025-11-14 13:00:00, the stock VPG opened at 6.44 VND, reached a high of 6.44 VND, a low of 6.42 VND, and closed the hour at 6.44 VND with a trading volume of 19,400 shares."
2025-11-14 14:00:00,6.45,6.45,6.41,6.45,50800,VPG,"At 2025-11-14 14:00:00, the stock VPG opened at 6.45 VND, reached a high of 6.45 VND, a low of 6.41 VND, and closed the hour at 6.45 VND with a trading volume of 50,800 shares."
2025-11-17 09:00:00,6.4,6.44,6.4,6.4,33500,VPG,"At 2025-11-17 09:00:00, the stock VPG opened at 6.40 VND, reached a high of 6.44 VND, a low of 6.40 VND, and closed the hour at 6.40 VND with a trading volume of 33,500 shares."
2025-11-17 10:00:00,6.39,6.4,6.34,6.36,60400,VPG,"At 2025-11-17 10:00:00, the stock VPG opened at 6.39 VND, reached a high of 6.40 VND, a low of 6.34 VND, and closed the hour at 6.36 VND with a trading volume of 60,400 shares."
2025-11-17 11:00:00,6.39,6.4,6.36,6.36,9700,VPG,"At 2025-11-17 11:00:00, the stock VPG opened at 6.39 VND, reached a high of 6.40 VND, a low of 6.36 VND, and closed the hour at 6.36 VND with a trading volume of 9,700 shares."
2025-11-17 13:00:00,6.37,6.38,6.36,6.36,48900,VPG,"At 2025-11-17 13:00:00, the stock VPG opened at 6.37 VND, reached a high of 6.38 VND, a low of 6.36 VND, and closed the hour at 6.36 VND with a trading volume of 48,900 shares."
2025-11-17 14:00:00,6.36,6.38,6.34,6.34,80000,VPG,"At 2025-11-17 14:00:00, the stock VPG opened at 6.36 VND, reached a high of 6.38 VND, a low of 6.34 VND, and closed the hour at 6.34 VND with a trading volume of 80,000 shares."
2025-11-18 09:00:00,6.34,6.39,6.33,6.38,63400,VPG,"At 2025-11-18 09:00:00, the stock VPG opened at 6.34 VND, reached a high of 6.39 VND, a low of 6.33 VND, and closed the hour at 6.38 VND with a trading volume of 63,400 shares."
2025-11-18 10:00:00,6.35,6.38,6.32,6.33,110700,VPG,"At 2025-11-18 10:00:00, the stock VPG opened at 6.35 VND, reached a high of 6.38 VND, a low of 6.32 VND, and closed the hour at 6.33 VND with a trading volume of 110,700 shares."
2025-11-18 11:00:00,6.33,6.34,6.33,6.34,9100,VPG,"At 2025-11-18 11:00:00, the stock VPG opened at 6.33 VND, reached a high of 6.34 VND, a low of 6.33 VND, and closed the hour at 6.34 VND with a trading volume of 9,100 shares."
2025-11-18 13:00:00,6.34,6.34,6.33,6.34,47300,VPG,"At 2025-11-18 13:00:00, the stock VPG opened at 6.34 VND, reached a high of 6.34 VND, a low of 6.33 VND, and closed the hour at 6.34 VND with a trading volume of 47,300 shares."
2025-11-18 14:00:00,6.35,6.38,6.33,6.38,42800,VPG,"At 2025-11-18 14:00:00, the stock VPG opened at 6.35 VND, reached a high of 6.38 VND, a low of 6.33 VND, and closed the hour at 6.38 VND with a trading volume of 42,800 shares."
2025-11-19 09:00:00,6.4,6.42,6.38,6.39,43600,VPG,"At 2025-11-19 09:00:00, the stock VPG opened at 6.40 VND, reached a high of 6.42 VND, a low of 6.38 VND, and closed the hour at 6.39 VND with a trading volume of 43,600 shares."
2025-11-19 10:00:00,6.39,6.39,6.38,6.38,24400,VPG,"At 2025-11-19 10:00:00, the stock VPG opened at 6.39 VND, reached a high of 6.39 VND, a low of 6.38 VND, and closed the hour at 6.38 VND with a trading volume of 24,400 shares."
2025-11-19 11:00:00,6.39,6.39,6.39,6.39,8800,VPG,"At 2025-11-19 11:00:00, the stock VPG opened at 6.39 VND, reached a high of 6.39 VND, a low of 6.39 VND, and closed the hour at 6.39 VND with a trading volume of 8,800 shares."
2025-11-19 13:00:00,6.39,6.55,6.39,6.52,99600,VPG,"At 2025-11-19 13:00:00, the stock VPG opened at 6.39 VND, reached a high of 6.55 VND, a low of 6.39 VND, and closed the hour at 6.52 VND with a trading volume of 99,600 shares."
2025-11-19 14:00:00,6.51,6.51,6.43,6.45,42000,VPG,"At 2025-11-19 14:00:00, the stock VPG opened at 6.51 VND, reached a high of 6.51 VND, a low of 6.43 VND, and closed the hour at 6.45 VND with a trading volume of 42,000 shares."
2025-11-20 09:00:00,6.51,6.52,6.46,6.46,26700,VPG,"At 2025-11-20 09:00:00, the stock VPG opened at 6.51 VND, reached a high of 6.52 VND, a low of 6.46 VND, and closed the hour at 6.46 VND with a trading volume of 26,700 shares."
2025-11-20 10:00:00,6.46,6.49,6.4,6.4,35300,VPG,"At 2025-11-20 10:00:00, the stock VPG opened at 6.46 VND, reached a high of 6.49 VND, a low of 6.40 VND, and closed the hour at 6.40 VND with a trading volume of 35,300 shares."
2025-11-20 11:00:00,6.4,6.41,6.4,6.41,11700,VPG,"At 2025-11-20 11:00:00, the stock VPG opened at 6.40 VND, reached a high of 6.41 VND, a low of 6.40 VND, and closed the hour at 6.41 VND with a trading volume of 11,700 shares."
2025-11-20 13:00:00,6.4,6.48,6.3,6.35,123500,VPG,"At 2025-11-20 13:00:00, the stock VPG opened at 6.40 VND, reached a high of 6.48 VND, a low of 6.30 VND, and closed the hour at 6.35 VND with a trading volume of 123,500 shares."
2025-11-20 14:00:00,6.43,6.43,6.32,6.43,26500,VPG,"At 2025-11-20 14:00:00, the stock VPG opened at 6.43 VND, reached a high of 6.43 VND, a low of 6.32 VND, and closed the hour at 6.43 VND with a trading volume of 26,500 shares."
2025-11-21 09:00:00,6.43,6.43,6.34,6.38,10800,VPG,"At 2025-11-21 09:00:00, the stock VPG opened at 6.43 VND, reached a high of 6.43 VND, a low of 6.34 VND, and closed the hour at 6.38 VND with a trading volume of 10,800 shares."
2025-11-21 10:00:00,6.35,6.38,6.33,6.33,14400,VPG,"At 2025-11-21 10:00:00, the stock VPG opened at 6.35 VND, reached a high of 6.38 VND, a low of 6.33 VND, and closed the hour at 6.33 VND with a trading volume of 14,400 shares."
2025-11-21 11:00:00,6.33,6.33,6.3,6.3,16700,VPG,"At 2025-11-21 11:00:00, the stock VPG opened at 6.33 VND, reached a high of 6.33 VND, a low of 6.30 VND, and closed the hour at 6.30 VND with a trading volume of 16,700 shares."
2025-11-21 13:00:00,6.31,6.34,6.3,6.34,21100,VPG,"At 2025-11-21 13:00:00, the stock VPG opened at 6.31 VND, reached a high of 6.34 VND, a low of 6.30 VND, and closed the hour at 6.34 VND with a trading volume of 21,100 shares."
2025-11-21 14:00:00,6.34,6.37,6.34,6.37,23200,VPG,"At 2025-11-21 14:00:00, the stock VPG opened at 6.34 VND, reached a high of 6.37 VND, a low of 6.34 VND, and closed the hour at 6.37 VND with a trading volume of 23,200 shares."
2025-11-24 09:00:00,6.37,6.37,6.32,6.37,14200,VPG,"At 2025-11-24 09:00:00, the stock VPG opened at 6.37 VND, reached a high of 6.37 VND, a low of 6.32 VND, and closed the hour at 6.37 VND with a trading volume of 14,200 shares."
2025-11-24 10:00:00,6.34,6.35,6.3,6.3,25400,VPG,"At 2025-11-24 10:00:00, the stock VPG opened at 6.34 VND, reached a high of 6.35 VND, a low of 6.30 VND, and closed the hour at 6.30 VND with a trading volume of 25,400 shares."
2025-11-24 11:00:00,6.31,6.31,6.31,6.31,2200,VPG,"At 2025-11-24 11:00:00, the stock VPG opened at 6.31 VND, reached a high of 6.31 VND, a low of 6.31 VND, and closed the hour at 6.31 VND with a trading volume of 2,200 shares."
2025-11-24 13:00:00,6.32,6.35,6.31,6.35,18000,VPG,"At 2025-11-24 13:00:00, the stock VPG opened at 6.32 VND, reached a high of 6.35 VND, a low of 6.31 VND, and closed the hour at 6.35 VND with a trading volume of 18,000 shares."
2025-11-24 14:00:00,6.32,6.35,6.31,6.32,45100,VPG,"At 2025-11-24 14:00:00, the stock VPG opened at 6.32 VND, reached a high of 6.35 VND, a low of 6.31 VND, and closed the hour at 6.32 VND with a trading volume of 45,100 shares."
2025-11-25 09:00:00,6.22,6.32,6.22,6.28,29800,VPG,"At 2025-11-25 09:00:00, the stock VPG opened at 6.22 VND, reached a high of 6.32 VND, a low of 6.22 VND, and closed the hour at 6.28 VND with a trading volume of 29,800 shares."
2025-11-25 10:00:00,6.3,6.3,6.24,6.26,36900,VPG,"At 2025-11-25 10:00:00, the stock VPG opened at 6.30 VND, reached a high of 6.30 VND, a low of 6.24 VND, and closed the hour at 6.26 VND with a trading volume of 36,900 shares."
2025-11-25 11:00:00,6.29,6.29,6.25,6.25,6000,VPG,"At 2025-11-25 11:00:00, the stock VPG opened at 6.29 VND, reached a high of 6.29 VND, a low of 6.25 VND, and closed the hour at 6.25 VND with a trading volume of 6,000 shares."
2025-11-25 13:00:00,6.25,6.29,6.24,6.26,67400,VPG,"At 2025-11-25 13:00:00, the stock VPG opened at 6.25 VND, reached a high of 6.29 VND, a low of 6.24 VND, and closed the hour at 6.26 VND with a trading volume of 67,400 shares."
2025-11-25 14:00:00,6.26,6.26,6.2,6.2,80700,VPG,"At 2025-11-25 14:00:00, the stock VPG opened at 6.26 VND, reached a high of 6.26 VND, a low of 6.20 VND, and closed the hour at 6.20 VND with a trading volume of 80,700 shares."
2025-11-26 09:00:00,6.2,6.2,6.1,6.2,91800,VPG,"At 2025-11-26 09:00:00, the stock VPG opened at 6.20 VND, reached a high of 6.20 VND, a low of 6.10 VND, and closed the hour at 6.20 VND with a trading volume of 91,800 shares."
2025-11-26 10:00:00,6.2,6.2,6.13,6.16,41200,VPG,"At 2025-11-26 10:00:00, the stock VPG opened at 6.20 VND, reached a high of 6.20 VND, a low of 6.13 VND, and closed the hour at 6.16 VND with a trading volume of 41,200 shares."
2025-11-26 11:00:00,6.16,6.23,6.15,6.23,50300,VPG,"At 2025-11-26 11:00:00, the stock VPG opened at 6.16 VND, reached a high of 6.23 VND, a low of 6.15 VND, and closed the hour at 6.23 VND with a trading volume of 50,300 shares."
2025-11-26 13:00:00,6.25,6.31,6.21,6.3,54800,VPG,"At 2025-11-26 13:00:00, the stock VPG opened at 6.25 VND, reached a high of 6.31 VND, a low of 6.21 VND, and closed the hour at 6.30 VND with a trading volume of 54,800 shares."
2025-11-26 14:00:00,6.3,6.31,6.27,6.27,18900,VPG,"At 2025-11-26 14:00:00, the stock VPG opened at 6.30 VND, reached a high of 6.31 VND, a low of 6.27 VND, and closed the hour at 6.27 VND with a trading volume of 18,900 shares."
2025-11-27 09:00:00,6.31,6.31,6.25,6.25,35500,VPG,"At 2025-11-27 09:00:00, the stock VPG opened at 6.31 VND, reached a high of 6.31 VND, a low of 6.25 VND, and closed the hour at 6.25 VND with a trading volume of 35,500 shares."
2025-11-27 10:00:00,6.25,6.26,6.24,6.26,26000,VPG,"At 2025-11-27 10:00:00, the stock VPG opened at 6.25 VND, reached a high of 6.26 VND, a low of 6.24 VND, and closed the hour at 6.26 VND with a trading volume of 26,000 shares."
2025-11-27 11:00:00,6.27,6.27,6.24,6.24,9200,VPG,"At 2025-11-27 11:00:00, the stock VPG opened at 6.27 VND, reached a high of 6.27 VND, a low of 6.24 VND, and closed the hour at 6.24 VND with a trading volume of 9,200 shares."
2025-11-27 13:00:00,6.27,6.28,6.23,6.27,19800,VPG,"At 2025-11-27 13:00:00, the stock VPG opened at 6.27 VND, reached a high of 6.28 VND, a low of 6.23 VND, and closed the hour at 6.27 VND with a trading volume of 19,800 shares."
2025-11-27 14:00:00,6.27,6.27,6.26,6.26,600,VPG,"At 2025-11-27 14:00:00, the stock VPG opened at 6.27 VND, reached a high of 6.27 VND, a low of 6.26 VND, and closed the hour at 6.26 VND with a trading volume of 600 shares."
2025-11-28 09:00:00,6.26,6.28,6.25,6.27,23000,VPG,"At 2025-11-28 09:00:00, the stock VPG opened at 6.26 VND, reached a high of 6.28 VND, a low of 6.25 VND, and closed the hour at 6.27 VND with a trading volume of 23,000 shares."
2025-11-28 10:00:00,6.27,6.29,6.22,6.26,17000,VPG,"At 2025-11-28 10:00:00, the stock VPG opened at 6.27 VND, reached a high of 6.29 VND, a low of 6.22 VND, and closed the hour at 6.26 VND with a trading volume of 17,000 shares."
2025-11-28 11:00:00,6.26,6.26,6.26,6.26,2000,VPG,"At 2025-11-28 11:00:00, the stock VPG opened at 6.26 VND, reached a high of 6.26 VND, a low of 6.26 VND, and closed the hour at 6.26 VND with a trading volume of 2,000 shares."
2025-11-28 13:00:00,6.26,6.26,6.23,6.25,39900,VPG,"At 2025-11-28 13:00:00, the stock VPG opened at 6.26 VND, reached a high of 6.26 VND, a low of 6.23 VND, and closed the hour at 6.25 VND with a trading volume of 39,900 shares."
2025-11-28 14:00:00,6.24,6.24,6.2,6.24,56800,VPG,"At 2025-11-28 14:00:00, the stock VPG opened at 6.24 VND, reached a high of 6.24 VND, a low of 6.20 VND, and closed the hour at 6.24 VND with a trading volume of 56,800 shares."
2025-12-01 09:00:00,6.16,6.28,6.16,6.21,18300,VPG,"At 2025-12-01 09:00:00, the stock VPG opened at 6.16 VND, reached a high of 6.28 VND, a low of 6.16 VND, and closed the hour at 6.21 VND with a trading volume of 18,300 shares."
2025-12-01 10:00:00,6.22,6.22,6.16,6.16,33900,VPG,"At 2025-12-01 10:00:00, the stock VPG opened at 6.22 VND, reached a high of 6.22 VND, a low of 6.16 VND, and closed the hour at 6.16 VND with a trading volume of 33,900 shares."
2025-12-01 11:00:00,6.17,6.2,6.17,6.17,7400,VPG,"At 2025-12-01 11:00:00, the stock VPG opened at 6.17 VND, reached a high of 6.20 VND, a low of 6.17 VND, and closed the hour at 6.17 VND with a trading volume of 7,400 shares."
2025-12-01 13:00:00,6.19,6.2,6.15,6.16,44400,VPG,"At 2025-12-01 13:00:00, the stock VPG opened at 6.19 VND, reached a high of 6.20 VND, a low of 6.15 VND, and closed the hour at 6.16 VND with a trading volume of 44,400 shares."
2025-12-01 14:00:00,6.18,6.2,6.16,6.2,29600,VPG,"At 2025-12-01 14:00:00, the stock VPG opened at 6.18 VND, reached a high of 6.20 VND, a low of 6.16 VND, and closed the hour at 6.20 VND with a trading volume of 29,600 shares."
2025-12-02 09:00:00,6.2,6.2,6.17,6.2,29200,VPG,"At 2025-12-02 09:00:00, the stock VPG opened at 6.20 VND, reached a high of 6.20 VND, a low of 6.17 VND, and closed the hour at 6.20 VND with a trading volume of 29,200 shares."
2025-12-02 10:00:00,6.17,6.17,5.97,6.1,144600,VPG,"At 2025-12-02 10:00:00, the stock VPG opened at 6.17 VND, reached a high of 6.17 VND, a low of 5.97 VND, and closed the hour at 6.10 VND with a trading volume of 144,600 shares."
2025-12-02 11:00:00,6.05,6.05,6.01,6.05,18100,VPG,"At 2025-12-02 11:00:00, the stock VPG opened at 6.05 VND, reached a high of 6.05 VND, a low of 6.01 VND, and closed the hour at 6.05 VND with a trading volume of 18,100 shares."
2025-12-02 13:00:00,6.05,6.1,5.94,6.1,101200,VPG,"At 2025-12-02 13:00:00, the stock VPG opened at 6.05 VND, reached a high of 6.10 VND, a low of 5.94 VND, and closed the hour at 6.10 VND with a trading volume of 101,200 shares."
2025-12-02 14:00:00,6.1,6.1,6.06,6.08,15400,VPG,"At 2025-12-02 14:00:00, the stock VPG opened at 6.10 VND, reached a high of 6.10 VND, a low of 6.06 VND, and closed the hour at 6.08 VND with a trading volume of 15,400 shares."
2025-12-03 09:00:00,6.07,6.08,6.06,6.07,23900,VPG,"At 2025-12-03 09:00:00, the stock VPG opened at 6.07 VND, reached a high of 6.08 VND, a low of 6.06 VND, and closed the hour at 6.07 VND with a trading volume of 23,900 shares."
2025-12-03 10:00:00,6.05,6.09,6.05,6.09,71600,VPG,"At 2025-12-03 10:00:00, the stock VPG opened at 6.05 VND, reached a high of 6.09 VND, a low of 6.05 VND, and closed the hour at 6.09 VND with a trading volume of 71,600 shares."
2025-12-03 11:00:00,6.09,6.1,6.09,6.1,8900,VPG,"At 2025-12-03 11:00:00, the stock VPG opened at 6.09 VND, reached a high of 6.10 VND, a low of 6.09 VND, and closed the hour at 6.10 VND with a trading volume of 8,900 shares."
2025-12-03 13:00:00,6.08,6.12,6.08,6.09,23200,VPG,"At 2025-12-03 13:00:00, the stock VPG opened at 6.08 VND, reached a high of 6.12 VND, a low of 6.08 VND, and closed the hour at 6.09 VND with a trading volume of 23,200 shares."
2025-12-03 14:00:00,6.1,6.1,6.08,6.08,22000,VPG,"At 2025-12-03 14:00:00, the stock VPG opened at 6.10 VND, reached a high of 6.10 VND, a low of 6.08 VND, and closed the hour at 6.08 VND with a trading volume of 22,000 shares."
2025-12-04 09:00:00,6.11,6.12,6.09,6.12,26400,VPG,"At 2025-12-04 09:00:00, the stock VPG opened at 6.11 VND, reached a high of 6.12 VND, a low of 6.09 VND, and closed the hour at 6.12 VND with a trading volume of 26,400 shares."
2025-12-04 10:00:00,6.11,6.11,6.09,6.09,19900,VPG,"At 2025-12-04 10:00:00, the stock VPG opened at 6.11 VND, reached a high of 6.11 VND, a low of 6.09 VND, and closed the hour at 6.09 VND with a trading volume of 19,900 shares."
2025-12-04 11:00:00,6.1,6.11,6.08,6.08,18400,VPG,"At 2025-12-04 11:00:00, the stock VPG opened at 6.10 VND, reached a high of 6.11 VND, a low of 6.08 VND, and closed the hour at 6.08 VND with a trading volume of 18,400 shares."
2025-12-04 13:00:00,6.09,6.19,6.08,6.12,29500,VPG,"At 2025-12-04 13:00:00, the stock VPG opened at 6.09 VND, reached a high of 6.19 VND, a low of 6.08 VND, and closed the hour at 6.12 VND with a trading volume of 29,500 shares."
2025-12-04 14:00:00,6.13,6.15,6.13,6.15,4400,VPG,"At 2025-12-04 14:00:00, the stock VPG opened at 6.13 VND, reached a high of 6.15 VND, a low of 6.13 VND, and closed the hour at 6.15 VND with a trading volume of 4,400 shares."
2025-12-05 09:00:00,6.15,6.18,6.15,6.15,17200,VPG,"At 2025-12-05 09:00:00, the stock VPG opened at 6.15 VND, reached a high of 6.18 VND, a low of 6.15 VND, and closed the hour at 6.15 VND with a trading volume of 17,200 shares."
2025-12-05 10:00:00,6.15,6.17,6.13,6.13,28000,VPG,"At 2025-12-05 10:00:00, the stock VPG opened at 6.15 VND, reached a high of 6.17 VND, a low of 6.13 VND, and closed the hour at 6.13 VND with a trading volume of 28,000 shares."
2025-12-05 11:00:00,6.13,6.13,6.13,6.13,2600,VPG,"At 2025-12-05 11:00:00, the stock VPG opened at 6.13 VND, reached a high of 6.13 VND, a low of 6.13 VND, and closed the hour at 6.13 VND with a trading volume of 2,600 shares."
2025-12-05 13:00:00,6.13,6.16,6.12,6.15,15200,VPG,"At 2025-12-05 13:00:00, the stock VPG opened at 6.13 VND, reached a high of 6.16 VND, a low of 6.12 VND, and closed the hour at 6.15 VND with a trading volume of 15,200 shares."
2025-12-05 14:00:00,6.15,6.15,6.12,6.15,31800,VPG,"At 2025-12-05 14:00:00, the stock VPG opened at 6.15 VND, reached a high of 6.15 VND, a low of 6.12 VND, and closed the hour at 6.15 VND with a trading volume of 31,800 shares."
2025-12-08 09:00:00,6.17,6.17,6.08,6.15,10400,VPG,"At 2025-12-08 09:00:00, the stock VPG opened at 6.17 VND, reached a high of 6.17 VND, a low of 6.08 VND, and closed the hour at 6.15 VND with a trading volume of 10,400 shares."
2025-12-08 10:00:00,6.15,6.15,6.1,6.11,8900,VPG,"At 2025-12-08 10:00:00, the stock VPG opened at 6.15 VND, reached a high of 6.15 VND, a low of 6.10 VND, and closed the hour at 6.11 VND with a trading volume of 8,900 shares."
2025-12-08 11:00:00,6.11,6.14,6.1,6.1,8900,VPG,"At 2025-12-08 11:00:00, the stock VPG opened at 6.11 VND, reached a high of 6.14 VND, a low of 6.10 VND, and closed the hour at 6.10 VND with a trading volume of 8,900 shares."
2025-12-08 13:00:00,6.1,6.1,6.09,6.1,27800,VPG,"At 2025-12-08 13:00:00, the stock VPG opened at 6.10 VND, reached a high of 6.10 VND, a low of 6.09 VND, and closed the hour at 6.10 VND with a trading volume of 27,800 shares."
2025-12-08 14:00:00,6.1,6.14,6.09,6.14,10400,VPG,"At 2025-12-08 14:00:00, the stock VPG opened at 6.10 VND, reached a high of 6.14 VND, a low of 6.09 VND, and closed the hour at 6.14 VND with a trading volume of 10,400 shares."
2025-12-09 09:00:00,6.08,6.14,6.07,6.07,31700,VPG,"At 2025-12-09 09:00:00, the stock VPG opened at 6.08 VND, reached a high of 6.14 VND, a low of 6.07 VND, and closed the hour at 6.07 VND with a trading volume of 31,700 shares."
2025-12-09 10:00:00,6.07,6.07,6.03,6.04,61500,VPG,"At 2025-12-09 10:00:00, the stock VPG opened at 6.07 VND, reached a high of 6.07 VND, a low of 6.03 VND, and closed the hour at 6.04 VND with a trading volume of 61,500 shares."
2025-12-09 11:00:00,6.04,6.05,6.01,6.05,18900,VPG,"At 2025-12-09 11:00:00, the stock VPG opened at 6.04 VND, reached a high of 6.05 VND, a low of 6.01 VND, and closed the hour at 6.05 VND with a trading volume of 18,900 shares."
2025-12-09 13:00:00,6.05,6.09,6.0,6.09,120200,VPG,"At 2025-12-09 13:00:00, the stock VPG opened at 6.05 VND, reached a high of 6.09 VND, a low of 6.00 VND, and closed the hour at 6.09 VND with a trading volume of 120,200 shares."
2025-12-09 14:00:00,6.09,6.09,6.08,6.08,5400,VPG,"At 2025-12-09 14:00:00, the stock VPG opened at 6.09 VND, reached a high of 6.09 VND, a low of 6.08 VND, and closed the hour at 6.08 VND with a trading volume of 5,400 shares."
2025-12-10 09:00:00,6.07,6.1,6.07,6.09,6800,VPG,"At 2025-12-10 09:00:00, the stock VPG opened at 6.07 VND, reached a high of 6.10 VND, a low of 6.07 VND, and closed the hour at 6.09 VND with a trading volume of 6,800 shares."
2025-12-10 10:00:00,6.09,6.09,6.06,6.06,15700,VPG,"At 2025-12-10 10:00:00, the stock VPG opened at 6.09 VND, reached a high of 6.09 VND, a low of 6.06 VND, and closed the hour at 6.06 VND with a trading volume of 15,700 shares."
2025-12-10 11:00:00,6.06,6.06,6.05,6.05,2600,VPG,"At 2025-12-10 11:00:00, the stock VPG opened at 6.06 VND, reached a high of 6.06 VND, a low of 6.05 VND, and closed the hour at 6.05 VND with a trading volume of 2,600 shares."
2025-12-10 13:00:00,6.05,6.06,6.04,6.06,11600,VPG,"At 2025-12-10 13:00:00, the stock VPG opened at 6.05 VND, reached a high of 6.06 VND, a low of 6.04 VND, and closed the hour at 6.06 VND with a trading volume of 11,600 shares."
2025-12-10 14:00:00,6.06,6.06,6.0,6.0,62900,VPG,"At 2025-12-10 14:00:00, the stock VPG opened at 6.06 VND, reached a high of 6.06 VND, a low of 6.00 VND, and closed the hour at 6.00 VND with a trading volume of 62,900 shares."
2025-12-11 09:00:00,6.01,6.06,6.01,6.03,25800,VPG,"At 2025-12-11 09:00:00, the stock VPG opened at 6.01 VND, reached a high of 6.06 VND, a low of 6.01 VND, and closed the hour at 6.03 VND with a trading volume of 25,800 shares."
2025-12-11 10:00:00,6.05,6.05,6.03,6.03,4000,VPG,"At 2025-12-11 10:00:00, the stock VPG opened at 6.05 VND, reached a high of 6.05 VND, a low of 6.03 VND, and closed the hour at 6.03 VND with a trading volume of 4,000 shares."
2025-12-11 11:00:00,6.03,6.03,6.0,6.02,21000,VPG,"At 2025-12-11 11:00:00, the stock VPG opened at 6.03 VND, reached a high of 6.03 VND, a low of 6.00 VND, and closed the hour at 6.02 VND with a trading volume of 21,000 shares."
2025-12-11 13:00:00,6.02,6.02,6.0,6.01,61100,VPG,"At 2025-12-11 13:00:00, the stock VPG opened at 6.02 VND, reached a high of 6.02 VND, a low of 6.00 VND, and closed the hour at 6.01 VND with a trading volume of 61,100 shares."
2025-12-11 14:00:00,6.01,6.03,6.0,6.0,2900,VPG,"At 2025-12-11 14:00:00, the stock VPG opened at 6.01 VND, reached a high of 6.03 VND, a low of 6.00 VND, and closed the hour at 6.00 VND with a trading volume of 2,900 shares."
2025-12-12 09:00:00,6.0,6.03,5.99,6.01,29000,VPG,"At 2025-12-12 09:00:00, the stock VPG opened at 6.00 VND, reached a high of 6.03 VND, a low of 5.99 VND, and closed the hour at 6.01 VND with a trading volume of 29,000 shares."
2025-12-12 10:00:00,6.01,6.01,6.0,6.0,18400,VPG,"At 2025-12-12 10:00:00, the stock VPG opened at 6.01 VND, reached a high of 6.01 VND, a low of 6.00 VND, and closed the hour at 6.00 VND with a trading volume of 18,400 shares."
2025-12-12 11:00:00,6.0,6.04,5.99,5.99,17700,VPG,"At 2025-12-12 11:00:00, the stock VPG opened at 6.00 VND, reached a high of 6.04 VND, a low of 5.99 VND, and closed the hour at 5.99 VND with a trading volume of 17,700 shares."
2025-12-12 13:00:00,5.99,5.99,5.95,5.97,51700,VPG,"At 2025-12-12 13:00:00, the stock VPG opened at 5.99 VND, reached a high of 5.99 VND, a low of 5.95 VND, and closed the hour at 5.97 VND with a trading volume of 51,700 shares."
2025-12-12 14:00:00,5.98,5.98,5.58,5.58,167700,VPG,"At 2025-12-12 14:00:00, the stock VPG opened at 5.98 VND, reached a high of 5.98 VND, a low of 5.58 VND, and closed the hour at 5.58 VND with a trading volume of 167,700 shares."
2025-12-15 09:00:00,5.6,5.75,5.6,5.67,24600,VPG,"At 2025-12-15 09:00:00, the stock VPG opened at 5.60 VND, reached a high of 5.75 VND, a low of 5.60 VND, and closed the hour at 5.67 VND with a trading volume of 24,600 shares."
2025-12-15 10:00:00,5.68,5.71,5.65,5.7,20400,VPG,"At 2025-12-15 10:00:00, the stock VPG opened at 5.68 VND, reached a high of 5.71 VND, a low of 5.65 VND, and closed the hour at 5.70 VND with a trading volume of 20,400 shares."
2025-12-15 11:00:00,5.7,5.7,5.7,5.7,1000,VPG,"At 2025-12-15 11:00:00, the stock VPG opened at 5.70 VND, reached a high of 5.70 VND, a low of 5.70 VND, and closed the hour at 5.70 VND with a trading volume of 1,000 shares."
2025-12-15 13:00:00,5.67,5.69,5.6,5.62,41700,VPG,"At 2025-12-15 13:00:00, the stock VPG opened at 5.67 VND, reached a high of 5.69 VND, a low of 5.60 VND, and closed the hour at 5.62 VND with a trading volume of 41,700 shares."
2025-12-15 14:00:00,5.62,5.7,5.6,5.61,44100,VPG,"At 2025-12-15 14:00:00, the stock VPG opened at 5.62 VND, reached a high of 5.70 VND, a low of 5.60 VND, and closed the hour at 5.61 VND with a trading volume of 44,100 shares."
2025-12-16 09:00:00,5.71,5.71,5.64,5.64,15400,VPG,"At 2025-12-16 09:00:00, the stock VPG opened at 5.71 VND, reached a high of 5.71 VND, a low of 5.64 VND, and closed the hour at 5.64 VND with a trading volume of 15,400 shares."
2025-12-16 10:00:00,5.63,5.63,5.6,5.61,10400,VPG,"At 2025-12-16 10:00:00, the stock VPG opened at 5.63 VND, reached a high of 5.63 VND, a low of 5.60 VND, and closed the hour at 5.61 VND with a trading volume of 10,400 shares."
2025-12-16 11:00:00,5.62,5.62,5.61,5.61,1000,VPG,"At 2025-12-16 11:00:00, the stock VPG opened at 5.62 VND, reached a high of 5.62 VND, a low of 5.61 VND, and closed the hour at 5.61 VND with a trading volume of 1,000 shares."
2025-12-16 13:00:00,5.62,5.67,5.6,5.67,61800,VPG,"At 2025-12-16 13:00:00, the stock VPG opened at 5.62 VND, reached a high of 5.67 VND, a low of 5.60 VND, and closed the hour at 5.67 VND with a trading volume of 61,800 shares."
2025-12-16 14:00:00,5.62,5.69,5.61,5.67,17300,VPG,"At 2025-12-16 14:00:00, the stock VPG opened at 5.62 VND, reached a high of 5.69 VND, a low of 5.61 VND, and closed the hour at 5.67 VND with a trading volume of 17,300 shares."
2025-12-17 09:00:00,5.7,5.7,5.67,5.68,12600,VPG,"At 2025-12-17 09:00:00, the stock VPG opened at 5.70 VND, reached a high of 5.70 VND, a low of 5.67 VND, and closed the hour at 5.68 VND with a trading volume of 12,600 shares."
2025-12-17 10:00:00,5.67,5.67,5.6,5.66,33600,VPG,"At 2025-12-17 10:00:00, the stock VPG opened at 5.67 VND, reached a high of 5.67 VND, a low of 5.60 VND, and closed the hour at 5.66 VND with a trading volume of 33,600 shares."
2025-12-17 11:00:00,5.67,5.67,5.6,5.6,18500,VPG,"At 2025-12-17 11:00:00, the stock VPG opened at 5.67 VND, reached a high of 5.67 VND, a low of 5.60 VND, and closed the hour at 5.60 VND with a trading volume of 18,500 shares."
2025-12-17 13:00:00,5.6,5.65,5.5,5.64,181600,VPG,"At 2025-12-17 13:00:00, the stock VPG opened at 5.60 VND, reached a high of 5.65 VND, a low of 5.50 VND, and closed the hour at 5.64 VND with a trading volume of 181,600 shares."
2025-12-17 14:00:00,5.65,5.65,5.61,5.62,13800,VPG,"At 2025-12-17 14:00:00, the stock VPG opened at 5.65 VND, reached a high of 5.65 VND, a low of 5.61 VND, and closed the hour at 5.62 VND with a trading volume of 13,800 shares."
2025-12-18 09:00:00,5.62,5.64,5.37,5.4,59800,VPG,"At 2025-12-18 09:00:00, the stock VPG opened at 5.62 VND, reached a high of 5.64 VND, a low of 5.37 VND, and closed the hour at 5.40 VND with a trading volume of 59,800 shares."
2025-12-18 10:00:00,5.39,5.55,5.37,5.55,320300,VPG,"At 2025-12-18 10:00:00, the stock VPG opened at 5.39 VND, reached a high of 5.55 VND, a low of 5.37 VND, and closed the hour at 5.55 VND with a trading volume of 320,300 shares."
2025-12-18 11:00:00,5.55,5.55,5.51,5.51,2200,VPG,"At 2025-12-18 11:00:00, the stock VPG opened at 5.55 VND, reached a high of 5.55 VND, a low of 5.51 VND, and closed the hour at 5.51 VND with a trading volume of 2,200 shares."
2025-12-18 13:00:00,5.53,5.54,5.41,5.45,20000,VPG,"At 2025-12-18 13:00:00, the stock VPG opened at 5.53 VND, reached a high of 5.54 VND, a low of 5.41 VND, and closed the hour at 5.45 VND with a trading volume of 20,000 shares."
2025-12-18 14:00:00,5.45,5.45,5.29,5.41,111300,VPG,"At 2025-12-18 14:00:00, the stock VPG opened at 5.45 VND, reached a high of 5.45 VND, a low of 5.29 VND, and closed the hour at 5.41 VND with a trading volume of 111,300 shares."
2025-12-19 09:00:00,5.41,5.41,5.29,5.32,29900,VPG,"At 2025-12-19 09:00:00, the stock VPG opened at 5.41 VND, reached a high of 5.41 VND, a low of 5.29 VND, and closed the hour at 5.32 VND with a trading volume of 29,900 shares."
2025-12-19 10:00:00,5.31,5.31,5.22,5.24,68200,VPG,"At 2025-12-19 10:00:00, the stock VPG opened at 5.31 VND, reached a high of 5.31 VND, a low of 5.22 VND, and closed the hour at 5.24 VND with a trading volume of 68,200 shares."
2025-12-19 11:00:00,5.23,5.23,5.19,5.22,29900,VPG,"At 2025-12-19 11:00:00, the stock VPG opened at 5.23 VND, reached a high of 5.23 VND, a low of 5.19 VND, and closed the hour at 5.22 VND with a trading volume of 29,900 shares."
2025-12-19 13:00:00,5.22,5.22,5.13,5.22,163800,VPG,"At 2025-12-19 13:00:00, the stock VPG opened at 5.22 VND, reached a high of 5.22 VND, a low of 5.13 VND, and closed the hour at 5.22 VND with a trading volume of 163,800 shares."
2025-12-19 14:00:00,5.22,5.22,5.1,5.17,89500,VPG,"At 2025-12-19 14:00:00, the stock VPG opened at 5.22 VND, reached a high of 5.22 VND, a low of 5.10 VND, and closed the hour at 5.17 VND with a trading volume of 89,500 shares."
2025-12-22 09:00:00,5.19,5.24,5.17,5.21,25500,VPG,"At 2025-12-22 09:00:00, the stock VPG opened at 5.19 VND, reached a high of 5.24 VND, a low of 5.17 VND, and closed the hour at 5.21 VND with a trading volume of 25,500 shares."
2025-12-22 10:00:00,5.21,5.3,5.2,5.25,27400,VPG,"At 2025-12-22 10:00:00, the stock VPG opened at 5.21 VND, reached a high of 5.30 VND, a low of 5.20 VND, and closed the hour at 5.25 VND with a trading volume of 27,400 shares."
2025-12-22 11:00:00,5.25,5.28,5.25,5.28,12800,VPG,"At 2025-12-22 11:00:00, the stock VPG opened at 5.25 VND, reached a high of 5.28 VND, a low of 5.25 VND, and closed the hour at 5.28 VND with a trading volume of 12,800 shares."
2025-12-22 13:00:00,5.27,5.27,5.21,5.27,30200,VPG,"At 2025-12-22 13:00:00, the stock VPG opened at 5.27 VND, reached a high of 5.27 VND, a low of 5.21 VND, and closed the hour at 5.27 VND with a trading volume of 30,200 shares."
2025-12-22 14:00:00,5.25,5.29,5.24,5.28,47200,VPG,"At 2025-12-22 14:00:00, the stock VPG opened at 5.25 VND, reached a high of 5.29 VND, a low of 5.24 VND, and closed the hour at 5.28 VND with a trading volume of 47,200 shares."
2025-12-23 09:00:00,5.29,5.47,5.28,5.4,54900,VPG,"At 2025-12-23 09:00:00, the stock VPG opened at 5.29 VND, reached a high of 5.47 VND, a low of 5.28 VND, and closed the hour at 5.40 VND with a trading volume of 54,900 shares."
2025-12-23 10:00:00,5.44,5.49,5.4,5.41,23400,VPG,"At 2025-12-23 10:00:00, the stock VPG opened at 5.44 VND, reached a high of 5.49 VND, a low of 5.40 VND, and closed the hour at 5.41 VND with a trading volume of 23,400 shares."
2025-12-23 11:00:00,5.4,5.4,5.4,5.4,3200,VPG,"At 2025-12-23 11:00:00, the stock VPG opened at 5.40 VND, reached a high of 5.40 VND, a low of 5.40 VND, and closed the hour at 5.40 VND with a trading volume of 3,200 shares."
2025-12-23 13:00:00,5.39,5.39,5.31,5.32,36300,VPG,"At 2025-12-23 13:00:00, the stock VPG opened at 5.39 VND, reached a high of 5.39 VND, a low of 5.31 VND, and closed the hour at 5.32 VND with a trading volume of 36,300 shares."
2025-12-23 14:00:00,5.34,5.39,5.34,5.34,33100,VPG,"At 2025-12-23 14:00:00, the stock VPG opened at 5.34 VND, reached a high of 5.39 VND, a low of 5.34 VND, and closed the hour at 5.34 VND with a trading volume of 33,100 shares."
2025-12-24 09:00:00,5.38,5.38,5.2,5.27,45100,VPG,"At 2025-12-24 09:00:00, the stock VPG opened at 5.38 VND, reached a high of 5.38 VND, a low of 5.20 VND, and closed the hour at 5.27 VND with a trading volume of 45,100 shares."
2025-12-24 10:00:00,5.28,5.3,5.24,5.29,32500,VPG,"At 2025-12-24 10:00:00, the stock VPG opened at 5.28 VND, reached a high of 5.30 VND, a low of 5.24 VND, and closed the hour at 5.29 VND with a trading volume of 32,500 shares."
2025-12-24 11:00:00,5.28,5.28,5.23,5.23,2600,VPG,"At 2025-12-24 11:00:00, the stock VPG opened at 5.28 VND, reached a high of 5.28 VND, a low of 5.23 VND, and closed the hour at 5.23 VND with a trading volume of 2,600 shares."
2025-12-24 13:00:00,5.24,5.35,5.23,5.34,44400,VPG,"At 2025-12-24 13:00:00, the stock VPG opened at 5.24 VND, reached a high of 5.35 VND, a low of 5.23 VND, and closed the hour at 5.34 VND with a trading volume of 44,400 shares."
2025-12-24 14:00:00,5.3,5.3,5.07,5.07,117400,VPG,"At 2025-12-24 14:00:00, the stock VPG opened at 5.30 VND, reached a high of 5.30 VND, a low of 5.07 VND, and closed the hour at 5.07 VND with a trading volume of 117,400 shares."
2025-12-25 09:00:00,5.1,5.33,5.1,5.24,50200,VPG,"At 2025-12-25 09:00:00, the stock VPG opened at 5.10 VND, reached a high of 5.33 VND, a low of 5.10 VND, and closed the hour at 5.24 VND with a trading volume of 50,200 shares."
2025-12-25 10:00:00,5.24,5.25,5.19,5.19,53400,VPG,"At 2025-12-25 10:00:00, the stock VPG opened at 5.24 VND, reached a high of 5.25 VND, a low of 5.19 VND, and closed the hour at 5.19 VND with a trading volume of 53,400 shares."
2025-12-25 11:00:00,5.19,5.19,5.16,5.16,6300,VPG,"At 2025-12-25 11:00:00, the stock VPG opened at 5.19 VND, reached a high of 5.19 VND, a low of 5.16 VND, and closed the hour at 5.16 VND with a trading volume of 6,300 shares."
2025-12-25 13:00:00,5.16,5.16,5.06,5.09,77400,VPG,"At 2025-12-25 13:00:00, the stock VPG opened at 5.16 VND, reached a high of 5.16 VND, a low of 5.06 VND, and closed the hour at 5.09 VND with a trading volume of 77,400 shares."
2025-12-25 14:00:00,5.1,5.11,5.07,5.1,50800,VPG,"At 2025-12-25 14:00:00, the stock VPG opened at 5.10 VND, reached a high of 5.11 VND, a low of 5.07 VND, and closed the hour at 5.10 VND with a trading volume of 50,800 shares."
2025-12-26 09:00:00,5.12,5.15,5.06,5.1,27700,VPG,"At 2025-12-26 09:00:00, the stock VPG opened at 5.12 VND, reached a high of 5.15 VND, a low of 5.06 VND, and closed the hour at 5.10 VND with a trading volume of 27,700 shares."
2025-12-26 10:00:00,5.1,5.1,5.0,5.06,74400,VPG,"At 2025-12-26 10:00:00, the stock VPG opened at 5.10 VND, reached a high of 5.10 VND, a low of 5.00 VND, and closed the hour at 5.06 VND with a trading volume of 74,400 shares."
2025-12-26 11:00:00,5.06,5.06,5.0,5.0,23800,VPG,"At 2025-12-26 11:00:00, the stock VPG opened at 5.06 VND, reached a high of 5.06 VND, a low of 5.00 VND, and closed the hour at 5.00 VND with a trading volume of 23,800 shares."
2025-12-26 13:00:00,4.99,5.06,4.98,5.05,70300,VPG,"At 2025-12-26 13:00:00, the stock VPG opened at 4.99 VND, reached a high of 5.06 VND, a low of 4.98 VND, and closed the hour at 5.05 VND with a trading volume of 70,300 shares."
2025-12-26 14:00:00,5.05,5.06,5.0,5.0,24100,VPG,"At 2025-12-26 14:00:00, the stock VPG opened at 5.05 VND, reached a high of 5.06 VND, a low of 5.00 VND, and closed the hour at 5.00 VND with a trading volume of 24,100 shares."
2025-12-29 09:00:00,5.0,5.06,5.0,5.05,4600,VPG,"At 2025-12-29 09:00:00, the stock VPG opened at 5.00 VND, reached a high of 5.06 VND, a low of 5.00 VND, and closed the hour at 5.05 VND with a trading volume of 4,600 shares."
2025-12-29 10:00:00,5.05,5.05,5.02,5.02,1500,VPG,"At 2025-12-29 10:00:00, the stock VPG opened at 5.05 VND, reached a high of 5.05 VND, a low of 5.02 VND, and closed the hour at 5.02 VND with a trading volume of 1,500 shares."
2025-12-29 11:00:00,5.02,5.02,5.01,5.01,6800,VPG,"At 2025-12-29 11:00:00, the stock VPG opened at 5.02 VND, reached a high of 5.02 VND, a low of 5.01 VND, and closed the hour at 5.01 VND with a trading volume of 6,800 shares."
2025-12-29 13:00:00,5.02,5.07,4.98,5.07,50000,VPG,"At 2025-12-29 13:00:00, the stock VPG opened at 5.02 VND, reached a high of 5.07 VND, a low of 4.98 VND, and closed the hour at 5.07 VND with a trading volume of 50,000 shares."
2025-12-29 14:00:00,5.07,5.11,5.05,5.1,40600,VPG,"At 2025-12-29 14:00:00, the stock VPG opened at 5.07 VND, reached a high of 5.11 VND, a low of 5.05 VND, and closed the hour at 5.10 VND with a trading volume of 40,600 shares."
2025-12-30 09:00:00,5.1,5.13,5.1,5.1,6700,VPG,"At 2025-12-30 09:00:00, the stock VPG opened at 5.10 VND, reached a high of 5.13 VND, a low of 5.10 VND, and closed the hour at 5.10 VND with a trading volume of 6,700 shares."
2025-12-30 10:00:00,5.1,5.1,5.07,5.1,4000,VPG,"At 2025-12-30 10:00:00, the stock VPG opened at 5.10 VND, reached a high of 5.10 VND, a low of 5.07 VND, and closed the hour at 5.10 VND with a trading volume of 4,000 shares."
2025-12-30 13:00:00,5.07,5.09,5.03,5.06,16800,VPG,"At 2025-12-30 13:00:00, the stock VPG opened at 5.07 VND, reached a high of 5.09 VND, a low of 5.03 VND, and closed the hour at 5.06 VND with a trading volume of 16,800 shares."
2025-12-30 14:00:00,5.06,5.06,5.02,5.05,27000,VPG,"At 2025-12-30 14:00:00, the stock VPG opened at 5.06 VND, reached a high of 5.06 VND, a low of 5.02 VND, and closed the hour at 5.05 VND with a trading volume of 27,000 shares."
2025-12-31 09:00:00,5.05,5.11,5.05,5.07,1700,VPG,"At 2025-12-31 09:00:00, the stock VPG opened at 5.05 VND, reached a high of 5.11 VND, a low of 5.05 VND, and closed the hour at 5.07 VND with a trading volume of 1,700 shares."
2025-12-31 10:00:00,5.06,5.07,5.0,5.06,35300,VPG,"At 2025-12-31 10:00:00, the stock VPG opened at 5.06 VND, reached a high of 5.07 VND, a low of 5.00 VND, and closed the hour at 5.06 VND with a trading volume of 35,300 shares."
2025-12-31 11:00:00,5.06,5.06,5.05,5.05,1000,VPG,"At 2025-12-31 11:00:00, the stock VPG opened at 5.06 VND, reached a high of 5.06 VND, a low of 5.05 VND, and closed the hour at 5.05 VND with a trading volume of 1,000 shares."
2025-12-31 13:00:00,5.03,5.03,5.0,5.0,97800,VPG,"At 2025-12-31 13:00:00, the stock VPG opened at 5.03 VND, reached a high of 5.03 VND, a low of 5.00 VND, and closed the hour at 5.00 VND with a trading volume of 97,800 shares."
2025-12-31 14:00:00,5.03,5.03,5.0,5.02,37800,VPG,"At 2025-12-31 14:00:00, the stock VPG opened at 5.03 VND, reached a high of 5.03 VND, a low of 5.00 VND, and closed the hour at 5.02 VND with a trading volume of 37,800 shares."
2026-01-05 09:00:00,5.02,5.03,5.0,5.02,49400,VPG,"At 2026-01-05 09:00:00, the stock VPG opened at 5.02 VND, reached a high of 5.03 VND, a low of 5.00 VND, and closed the hour at 5.02 VND with a trading volume of 49,400 shares."
2026-01-05 10:00:00,5.03,5.05,5.02,5.04,54300,VPG,"At 2026-01-05 10:00:00, the stock VPG opened at 5.03 VND, reached a high of 5.05 VND, a low of 5.02 VND, and closed the hour at 5.04 VND with a trading volume of 54,300 shares."
2026-01-05 11:00:00,5.04,5.05,5.04,5.04,13200,VPG,"At 2026-01-05 11:00:00, the stock VPG opened at 5.04 VND, reached a high of 5.05 VND, a low of 5.04 VND, and closed the hour at 5.04 VND with a trading volume of 13,200 shares."
2026-01-05 13:00:00,5.05,5.05,5.01,5.04,49600,VPG,"At 2026-01-05 13:00:00, the stock VPG opened at 5.05 VND, reached a high of 5.05 VND, a low of 5.01 VND, and closed the hour at 5.04 VND with a trading volume of 49,600 shares."
2026-01-05 14:00:00,5.02,5.02,4.96,4.96,54900,VPG,"At 2026-01-05 14:00:00, the stock VPG opened at 5.02 VND, reached a high of 5.02 VND, a low of 4.96 VND, and closed the hour at 4.96 VND with a trading volume of 54,900 shares."
2026-01-06 09:00:00,5.0,5.01,4.97,4.97,17600,VPG,"At 2026-01-06 09:00:00, the stock VPG opened at 5.00 VND, reached a high of 5.01 VND, a low of 4.97 VND, and closed the hour at 4.97 VND with a trading volume of 17,600 shares."
2026-01-06 10:00:00,4.97,4.98,4.94,4.96,28300,VPG,"At 2026-01-06 10:00:00, the stock VPG opened at 4.97 VND, reached a high of 4.98 VND, a low of 4.94 VND, and closed the hour at 4.96 VND with a trading volume of 28,300 shares."
2026-01-06 11:00:00,4.97,4.97,4.97,4.97,1900,VPG,"At 2026-01-06 11:00:00, the stock VPG opened at 4.97 VND, reached a high of 4.97 VND, a low of 4.97 VND, and closed the hour at 4.97 VND with a trading volume of 1,900 shares."
2026-01-06 13:00:00,4.96,4.96,4.87,4.88,35100,VPG,"At 2026-01-06 13:00:00, the stock VPG opened at 4.96 VND, reached a high of 4.96 VND, a low of 4.87 VND, and closed the hour at 4.88 VND with a trading volume of 35,100 shares."
2026-01-06 14:00:00,4.87,4.94,4.87,4.87,46300,VPG,"At 2026-01-06 14:00:00, the stock VPG opened at 4.87 VND, reached a high of 4.94 VND, a low of 4.87 VND, and closed the hour at 4.87 VND with a trading volume of 46,300 shares."
2026-01-07 09:00:00,4.87,4.97,4.87,4.96,44200,VPG,"At 2026-01-07 09:00:00, the stock VPG opened at 4.87 VND, reached a high of 4.97 VND, a low of 4.87 VND, and closed the hour at 4.96 VND with a trading volume of 44,200 shares."
2026-01-07 10:00:00,4.96,4.97,4.9,4.9,34000,VPG,"At 2026-01-07 10:00:00, the stock VPG opened at 4.96 VND, reached a high of 4.97 VND, a low of 4.90 VND, and closed the hour at 4.90 VND with a trading volume of 34,000 shares."
2026-01-07 11:00:00,4.94,4.95,4.9,4.9,5500,VPG,"At 2026-01-07 11:00:00, the stock VPG opened at 4.94 VND, reached a high of 4.95 VND, a low of 4.90 VND, and closed the hour at 4.90 VND with a trading volume of 5,500 shares."
2026-01-07 13:00:00,4.91,4.98,4.91,4.98,71400,VPG,"At 2026-01-07 13:00:00, the stock VPG opened at 4.91 VND, reached a high of 4.98 VND, a low of 4.91 VND, and closed the hour at 4.98 VND with a trading volume of 71,400 shares."
2026-01-07 14:00:00,4.99,5.0,4.96,4.99,56200,VPG,"At 2026-01-07 14:00:00, the stock VPG opened at 4.99 VND, reached a high of 5.00 VND, a low of 4.96 VND, and closed the hour at 4.99 VND with a trading volume of 56,200 shares."
2026-01-08 09:00:00,5.05,5.05,5.0,5.04,18900,VPG,"At 2026-01-08 09:00:00, the stock VPG opened at 5.05 VND, reached a high of 5.05 VND, a low of 5.00 VND, and closed the hour at 5.04 VND with a trading volume of 18,900 shares."
2026-01-08 10:00:00,5.01,5.03,4.99,4.99,31400,VPG,"At 2026-01-08 10:00:00, the stock VPG opened at 5.01 VND, reached a high of 5.03 VND, a low of 4.99 VND, and closed the hour at 4.99 VND with a trading volume of 31,400 shares."
2026-01-08 11:00:00,4.99,4.99,4.96,4.99,22400,VPG,"At 2026-01-08 11:00:00, the stock VPG opened at 4.99 VND, reached a high of 4.99 VND, a low of 4.96 VND, and closed the hour at 4.99 VND with a trading volume of 22,400 shares."
2026-01-08 13:00:00,4.99,5.0,4.94,4.96,68700,VPG,"At 2026-01-08 13:00:00, the stock VPG opened at 4.99 VND, reached a high of 5.00 VND, a low of 4.94 VND, and closed the hour at 4.96 VND with a trading volume of 68,700 shares."
2026-01-08 14:00:00,4.96,4.97,4.92,4.97,83200,VPG,"At 2026-01-08 14:00:00, the stock VPG opened at 4.96 VND, reached a high of 4.97 VND, a low of 4.92 VND, and closed the hour at 4.97 VND with a trading volume of 83,200 shares."
2026-01-09 09:00:00,4.97,4.99,4.91,4.97,20000,VPG,"At 2026-01-09 09:00:00, the stock VPG opened at 4.97 VND, reached a high of 4.99 VND, a low of 4.91 VND, and closed the hour at 4.97 VND with a trading volume of 20,000 shares."
2026-01-09 10:00:00,4.97,4.97,4.92,4.96,22200,VPG,"At 2026-01-09 10:00:00, the stock VPG opened at 4.97 VND, reached a high of 4.97 VND, a low of 4.92 VND, and closed the hour at 4.96 VND with a trading volume of 22,200 shares."
2026-01-09 11:00:00,4.95,4.95,4.91,4.92,7700,VPG,"At 2026-01-09 11:00:00, the stock VPG opened at 4.95 VND, reached a high of 4.95 VND, a low of 4.91 VND, and closed the hour at 4.92 VND with a trading volume of 7,700 shares."
2026-01-09 13:00:00,4.92,4.95,4.87,4.88,39500,VPG,"At 2026-01-09 13:00:00, the stock VPG opened at 4.92 VND, reached a high of 4.95 VND, a low of 4.87 VND, and closed the hour at 4.88 VND with a trading volume of 39,500 shares."
2026-01-09 14:00:00,4.88,4.95,4.8,4.93,91600,VPG,"At 2026-01-09 14:00:00, the stock VPG opened at 4.88 VND, reached a high of 4.95 VND, a low of 4.80 VND, and closed the hour at 4.93 VND with a trading volume of 91,600 shares."
2026-01-12 09:00:00,4.93,4.95,4.7,4.77,89000,VPG,"At 2026-01-12 09:00:00, the stock VPG opened at 4.93 VND, reached a high of 4.95 VND, a low of 4.70 VND, and closed the hour at 4.77 VND with a trading volume of 89,000 shares."
2026-01-12 10:00:00,4.77,4.84,4.71,4.72,73200,VPG,"At 2026-01-12 10:00:00, the stock VPG opened at 4.77 VND, reached a high of 4.84 VND, a low of 4.71 VND, and closed the hour at 4.72 VND with a trading volume of 73,200 shares."
2026-01-12 11:00:00,4.73,4.76,4.71,4.74,17600,VPG,"At 2026-01-12 11:00:00, the stock VPG opened at 4.73 VND, reached a high of 4.76 VND, a low of 4.71 VND, and closed the hour at 4.74 VND with a trading volume of 17,600 shares."
2026-01-12 13:00:00,4.74,4.77,4.7,4.73,128600,VPG,"At 2026-01-12 13:00:00, the stock VPG opened at 4.74 VND, reached a high of 4.77 VND, a low of 4.70 VND, and closed the hour at 4.73 VND with a trading volume of 128,600 shares."
2026-01-12 14:00:00,4.73,4.76,4.72,4.76,62000,VPG,"At 2026-01-12 14:00:00, the stock VPG opened at 4.73 VND, reached a high of 4.76 VND, a low of 4.72 VND, and closed the hour at 4.76 VND with a trading volume of 62,000 shares."
2026-01-13 09:00:00,4.76,4.76,4.73,4.73,88100,VPG,"At 2026-01-13 09:00:00, the stock VPG opened at 4.76 VND, reached a high of 4.76 VND, a low of 4.73 VND, and closed the hour at 4.73 VND with a trading volume of 88,100 shares."
2026-01-13 10:00:00,4.72,4.75,4.72,4.74,65500,VPG,"At 2026-01-13 10:00:00, the stock VPG opened at 4.72 VND, reached a high of 4.75 VND, a low of 4.72 VND, and closed the hour at 4.74 VND with a trading volume of 65,500 shares."
2026-01-13 11:00:00,4.74,4.75,4.7,4.75,91800,VPG,"At 2026-01-13 11:00:00, the stock VPG opened at 4.74 VND, reached a high of 4.75 VND, a low of 4.70 VND, and closed the hour at 4.75 VND with a trading volume of 91,800 shares."
2026-01-13 13:00:00,4.75,4.78,4.71,4.78,107400,VPG,"At 2026-01-13 13:00:00, the stock VPG opened at 4.75 VND, reached a high of 4.78 VND, a low of 4.71 VND, and closed the hour at 4.78 VND with a trading volume of 107,400 shares."
2026-01-13 14:00:00,4.78,5.09,4.78,5.09,243400,VPG,"At 2026-01-13 14:00:00, the stock VPG opened at 4.78 VND, reached a high of 5.09 VND, a low of 4.78 VND, and closed the hour at 5.09 VND with a trading volume of 243,400 shares."
2026-01-14 09:00:00,5.44,5.44,5.44,5.44,128000,VPG,"At 2026-01-14 09:00:00, the stock VPG opened at 5.44 VND, reached a high of 5.44 VND, a low of 5.44 VND, and closed the hour at 5.44 VND with a trading volume of 128,000 shares."
2026-01-14 10:00:00,5.44,5.44,5.44,5.44,109200,VPG,"At 2026-01-14 10:00:00, the stock VPG opened at 5.44 VND, reached a high of 5.44 VND, a low of 5.44 VND, and closed the hour at 5.44 VND with a trading volume of 109,200 shares."
2026-01-14 11:00:00,5.44,5.44,5.44,5.44,3900,VPG,"At 2026-01-14 11:00:00, the stock VPG opened at 5.44 VND, reached a high of 5.44 VND, a low of 5.44 VND, and closed the hour at 5.44 VND with a trading volume of 3,900 shares."
2026-01-14 13:00:00,5.44,5.44,5.44,5.44,23100,VPG,"At 2026-01-14 13:00:00, the stock VPG opened at 5.44 VND, reached a high of 5.44 VND, a low of 5.44 VND, and closed the hour at 5.44 VND with a trading volume of 23,100 shares."
2026-01-14 14:00:00,5.44,5.44,5.44,5.44,9600,VPG,"At 2026-01-14 14:00:00, the stock VPG opened at 5.44 VND, reached a high of 5.44 VND, a low of 5.44 VND, and closed the hour at 5.44 VND with a trading volume of 9,600 shares."
2026-01-15 09:00:00,5.82,5.82,5.82,5.82,111200,VPG,"At 2026-01-15 09:00:00, the stock VPG opened at 5.82 VND, reached a high of 5.82 VND, a low of 5.82 VND, and closed the hour at 5.82 VND with a trading volume of 111,200 shares."
2026-01-15 10:00:00,5.82,5.82,5.82,5.82,6200,VPG,"At 2026-01-15 10:00:00, the stock VPG opened at 5.82 VND, reached a high of 5.82 VND, a low of 5.82 VND, and closed the hour at 5.82 VND with a trading volume of 6,200 shares."
2026-01-15 11:00:00,5.82,5.82,5.82,5.82,3400,VPG,"At 2026-01-15 11:00:00, the stock VPG opened at 5.82 VND, reached a high of 5.82 VND, a low of 5.82 VND, and closed the hour at 5.82 VND with a trading volume of 3,400 shares."
2026-01-15 13:00:00,5.82,5.82,5.82,5.82,46200,VPG,"At 2026-01-15 13:00:00, the stock VPG opened at 5.82 VND, reached a high of 5.82 VND, a low of 5.82 VND, and closed the hour at 5.82 VND with a trading volume of 46,200 shares."
2026-01-15 14:00:00,5.82,5.82,5.82,5.82,16900,VPG,"At 2026-01-15 14:00:00, the stock VPG opened at 5.82 VND, reached a high of 5.82 VND, a low of 5.82 VND, and closed the hour at 5.82 VND with a trading volume of 16,900 shares."
2026-01-16 09:00:00,6.22,6.22,5.71,6.01,778000,VPG,"At 2026-01-16 09:00:00, the stock VPG opened at 6.22 VND, reached a high of 6.22 VND, a low of 5.71 VND, and closed the hour at 6.01 VND with a trading volume of 778,000 shares."
2026-01-16 10:00:00,6.01,6.01,5.72,5.72,130100,VPG,"At 2026-01-16 10:00:00, the stock VPG opened at 6.01 VND, reached a high of 6.01 VND, a low of 5.72 VND, and closed the hour at 5.72 VND with a trading volume of 130,100 shares."
2026-01-16 11:00:00,5.72,5.8,5.71,5.72,35300,VPG,"At 2026-01-16 11:00:00, the stock VPG opened at 5.72 VND, reached a high of 5.80 VND, a low of 5.71 VND, and closed the hour at 5.72 VND with a trading volume of 35,300 shares."
2026-01-16 13:00:00,5.72,6.0,5.71,5.97,188100,VPG,"At 2026-01-16 13:00:00, the stock VPG opened at 5.72 VND, reached a high of 6.00 VND, a low of 5.71 VND, and closed the hour at 5.97 VND with a trading volume of 188,100 shares."
2026-01-16 14:00:00,5.97,5.97,5.86,5.93,42100,VPG,"At 2026-01-16 14:00:00, the stock VPG opened at 5.97 VND, reached a high of 5.97 VND, a low of 5.86 VND, and closed the hour at 5.93 VND with a trading volume of 42,100 shares."
2026-01-19 09:00:00,5.9,5.9,5.75,5.87,46900,VPG,"At 2026-01-19 09:00:00, the stock VPG opened at 5.90 VND, reached a high of 5.90 VND, a low of 5.75 VND, and closed the hour at 5.87 VND with a trading volume of 46,900 shares."
2026-01-19 10:00:00,5.8,5.89,5.79,5.81,63900,VPG,"At 2026-01-19 10:00:00, the stock VPG opened at 5.80 VND, reached a high of 5.89 VND, a low of 5.79 VND, and closed the hour at 5.81 VND with a trading volume of 63,900 shares."
2026-01-19 11:00:00,5.8,5.81,5.77,5.78,22400,VPG,"At 2026-01-19 11:00:00, the stock VPG opened at 5.80 VND, reached a high of 5.81 VND, a low of 5.77 VND, and closed the hour at 5.78 VND with a trading volume of 22,400 shares."
2026-01-19 13:00:00,5.77,5.78,5.6,5.7,165700,VPG,"At 2026-01-19 13:00:00, the stock VPG opened at 5.77 VND, reached a high of 5.78 VND, a low of 5.60 VND, and closed the hour at 5.70 VND with a trading volume of 165,700 shares."
2026-01-19 14:00:00,5.7,5.7,5.64,5.7,46600,VPG,"At 2026-01-19 14:00:00, the stock VPG opened at 5.70 VND, reached a high of 5.70 VND, a low of 5.64 VND, and closed the hour at 5.70 VND with a trading volume of 46,600 shares."
2026-01-20 09:00:00,5.75,5.78,5.7,5.7,140900,VPG,"At 2026-01-20 09:00:00, the stock VPG opened at 5.75 VND, reached a high of 5.78 VND, a low of 5.70 VND, and closed the hour at 5.70 VND with a trading volume of 140,900 shares."
2026-01-20 10:00:00,5.69,5.69,5.5,5.59,37800,VPG,"At 2026-01-20 10:00:00, the stock VPG opened at 5.69 VND, reached a high of 5.69 VND, a low of 5.50 VND, and closed the hour at 5.59 VND with a trading volume of 37,800 shares."
2026-01-20 11:00:00,5.6,5.6,5.6,5.6,500,VPG,"At 2026-01-20 11:00:00, the stock VPG opened at 5.60 VND, reached a high of 5.60 VND, a low of 5.60 VND, and closed the hour at 5.60 VND with a trading volume of 500 shares."
2026-01-20 13:00:00,5.6,5.65,5.45,5.58,166300,VPG,"At 2026-01-20 13:00:00, the stock VPG opened at 5.60 VND, reached a high of 5.65 VND, a low of 5.45 VND, and closed the hour at 5.58 VND with a trading volume of 166,300 shares."
2026-01-20 14:00:00,5.58,5.58,5.42,5.42,94700,VPG,"At 2026-01-20 14:00:00, the stock VPG opened at 5.58 VND, reached a high of 5.58 VND, a low of 5.42 VND, and closed the hour at 5.42 VND with a trading volume of 94,700 shares."
2026-01-21 09:00:00,5.52,5.52,5.35,5.35,27200,VPG,"At 2026-01-21 09:00:00, the stock VPG opened at 5.52 VND, reached a high of 5.52 VND, a low of 5.35 VND, and closed the hour at 5.35 VND with a trading volume of 27,200 shares."
2026-01-21 10:00:00,5.35,5.39,5.25,5.27,68300,VPG,"At 2026-01-21 10:00:00, the stock VPG opened at 5.35 VND, reached a high of 5.39 VND, a low of 5.25 VND, and closed the hour at 5.27 VND with a trading volume of 68,300 shares."
2026-01-21 11:00:00,5.27,5.3,5.27,5.3,19100,VPG,"At 2026-01-21 11:00:00, the stock VPG opened at 5.27 VND, reached a high of 5.30 VND, a low of 5.27 VND, and closed the hour at 5.30 VND with a trading volume of 19,100 shares."
2026-01-21 13:00:00,5.3,5.3,5.2,5.2,70200,VPG,"At 2026-01-21 13:00:00, the stock VPG opened at 5.30 VND, reached a high of 5.30 VND, a low of 5.20 VND, and closed the hour at 5.20 VND with a trading volume of 70,200 shares."
2026-01-21 14:00:00,5.21,5.23,5.21,5.23,21000,VPG,"At 2026-01-21 14:00:00, the stock VPG opened at 5.21 VND, reached a high of 5.23 VND, a low of 5.21 VND, and closed the hour at 5.23 VND with a trading volume of 21,000 shares."
2026-01-22 09:00:00,5.24,5.43,5.23,5.37,22600,VPG,"At 2026-01-22 09:00:00, the stock VPG opened at 5.24 VND, reached a high of 5.43 VND, a low of 5.23 VND, and closed the hour at 5.37 VND with a trading volume of 22,600 shares."
2026-01-22 10:00:00,5.33,5.38,5.3,5.36,10200,VPG,"At 2026-01-22 10:00:00, the stock VPG opened at 5.33 VND, reached a high of 5.38 VND, a low of 5.30 VND, and closed the hour at 5.36 VND with a trading volume of 10,200 shares."
2026-01-22 11:00:00,5.36,5.37,5.32,5.37,1800,VPG,"At 2026-01-22 11:00:00, the stock VPG opened at 5.36 VND, reached a high of 5.37 VND, a low of 5.32 VND, and closed the hour at 5.37 VND with a trading volume of 1,800 shares."
2026-01-22 13:00:00,5.33,5.37,5.29,5.3,35100,VPG,"At 2026-01-22 13:00:00, the stock VPG opened at 5.33 VND, reached a high of 5.37 VND, a low of 5.29 VND, and closed the hour at 5.30 VND with a trading volume of 35,100 shares."
2026-01-22 14:00:00,5.29,5.3,5.26,5.26,28000,VPG,"At 2026-01-22 14:00:00, the stock VPG opened at 5.29 VND, reached a high of 5.30 VND, a low of 5.26 VND, and closed the hour at 5.26 VND with a trading volume of 28,000 shares."
2026-01-23 09:00:00,5.26,5.34,5.26,5.34,20600,VPG,"At 2026-01-23 09:00:00, the stock VPG opened at 5.26 VND, reached a high of 5.34 VND, a low of 5.26 VND, and closed the hour at 5.34 VND with a trading volume of 20,600 shares."
2026-01-23 10:00:00,5.34,5.39,5.32,5.32,37400,VPG,"At 2026-01-23 10:00:00, the stock VPG opened at 5.34 VND, reached a high of 5.39 VND, a low of 5.32 VND, and closed the hour at 5.32 VND with a trading volume of 37,400 shares."
2026-01-23 11:00:00,5.37,5.39,5.37,5.39,5100,VPG,"At 2026-01-23 11:00:00, the stock VPG opened at 5.37 VND, reached a high of 5.39 VND, a low of 5.37 VND, and closed the hour at 5.39 VND with a trading volume of 5,100 shares."
2026-01-23 13:00:00,5.38,5.39,5.33,5.33,36300,VPG,"At 2026-01-23 13:00:00, the stock VPG opened at 5.38 VND, reached a high of 5.39 VND, a low of 5.33 VND, and closed the hour at 5.33 VND with a trading volume of 36,300 shares."
2026-01-23 14:00:00,5.33,5.37,5.32,5.34,34800,VPG,"At 2026-01-23 14:00:00, the stock VPG opened at 5.33 VND, reached a high of 5.37 VND, a low of 5.32 VND, and closed the hour at 5.34 VND with a trading volume of 34,800 shares."
2026-01-26 09:00:00,5.36,5.39,5.33,5.33,21500,VPG,"At 2026-01-26 09:00:00, the stock VPG opened at 5.36 VND, reached a high of 5.39 VND, a low of 5.33 VND, and closed the hour at 5.33 VND with a trading volume of 21,500 shares."
2026-01-26 10:00:00,5.33,5.36,5.33,5.33,7400,VPG,"At 2026-01-26 10:00:00, the stock VPG opened at 5.33 VND, reached a high of 5.36 VND, a low of 5.33 VND, and closed the hour at 5.33 VND with a trading volume of 7,400 shares."
2026-01-26 11:00:00,5.33,5.35,5.33,5.34,1400,VPG,"At 2026-01-26 11:00:00, the stock VPG opened at 5.33 VND, reached a high of 5.35 VND, a low of 5.33 VND, and closed the hour at 5.34 VND with a trading volume of 1,400 shares."
2026-01-26 13:00:00,5.33,5.33,5.26,5.28,30300,VPG,"At 2026-01-26 13:00:00, the stock VPG opened at 5.33 VND, reached a high of 5.33 VND, a low of 5.26 VND, and closed the hour at 5.28 VND with a trading volume of 30,300 shares."
2026-01-26 14:00:00,5.28,5.28,5.22,5.28,14000,VPG,"At 2026-01-26 14:00:00, the stock VPG opened at 5.28 VND, reached a high of 5.28 VND, a low of 5.22 VND, and closed the hour at 5.28 VND with a trading volume of 14,000 shares."
2026-01-27 09:00:00,5.28,5.28,5.23,5.25,14300,VPG,"At 2026-01-27 09:00:00, the stock VPG opened at 5.28 VND, reached a high of 5.28 VND, a low of 5.23 VND, and closed the hour at 5.25 VND with a trading volume of 14,300 shares."
2026-01-27 10:00:00,5.25,5.25,5.22,5.24,16700,VPG,"At 2026-01-27 10:00:00, the stock VPG opened at 5.25 VND, reached a high of 5.25 VND, a low of 5.22 VND, and closed the hour at 5.24 VND with a trading volume of 16,700 shares."
2026-01-27 11:00:00,5.24,5.25,5.21,5.21,9900,VPG,"At 2026-01-27 11:00:00, the stock VPG opened at 5.24 VND, reached a high of 5.25 VND, a low of 5.21 VND, and closed the hour at 5.21 VND with a trading volume of 9,900 shares."
2026-01-27 13:00:00,5.2,5.22,5.12,5.2,46800,VPG,"At 2026-01-27 13:00:00, the stock VPG opened at 5.20 VND, reached a high of 5.22 VND, a low of 5.12 VND, and closed the hour at 5.20 VND with a trading volume of 46,800 shares."
2026-01-27 14:00:00,5.2,5.2,5.1,5.1,48900,VPG,"At 2026-01-27 14:00:00, the stock VPG opened at 5.20 VND, reached a high of 5.20 VND, a low of 5.10 VND, and closed the hour at 5.10 VND with a trading volume of 48,900 shares."
2026-01-28 09:00:00,5.12,5.22,5.11,5.22,2000,VPG,"At 2026-01-28 09:00:00, the stock VPG opened at 5.12 VND, reached a high of 5.22 VND, a low of 5.11 VND, and closed the hour at 5.22 VND with a trading volume of 2,000 shares."
2026-01-28 10:00:00,5.2,5.22,5.07,5.1,38100,VPG,"At 2026-01-28 10:00:00, the stock VPG opened at 5.20 VND, reached a high of 5.22 VND, a low of 5.07 VND, and closed the hour at 5.10 VND with a trading volume of 38,100 shares."
2026-01-28 11:00:00,5.1,5.13,5.1,5.13,3700,VPG,"At 2026-01-28 11:00:00, the stock VPG opened at 5.10 VND, reached a high of 5.13 VND, a low of 5.10 VND, and closed the hour at 5.13 VND with a trading volume of 3,700 shares."
2026-01-28 13:00:00,5.12,5.12,5.07,5.07,65900,VPG,"At 2026-01-28 13:00:00, the stock VPG opened at 5.12 VND, reached a high of 5.12 VND, a low of 5.07 VND, and closed the hour at 5.07 VND with a trading volume of 65,900 shares."
2026-01-28 14:00:00,5.07,5.07,5.03,5.03,33500,VPG,"At 2026-01-28 14:00:00, the stock VPG opened at 5.07 VND, reached a high of 5.07 VND, a low of 5.03 VND, and closed the hour at 5.03 VND with a trading volume of 33,500 shares."
2026-01-29 09:00:00,5.03,5.1,5.03,5.05,21700,VPG,"At 2026-01-29 09:00:00, the stock VPG opened at 5.03 VND, reached a high of 5.10 VND, a low of 5.03 VND, and closed the hour at 5.05 VND with a trading volume of 21,700 shares."
2026-01-29 10:00:00,5.05,5.05,5.03,5.05,24100,VPG,"At 2026-01-29 10:00:00, the stock VPG opened at 5.05 VND, reached a high of 5.05 VND, a low of 5.03 VND, and closed the hour at 5.05 VND with a trading volume of 24,100 shares."
2026-01-29 11:00:00,5.05,5.14,5.05,5.14,27100,VPG,"At 2026-01-29 11:00:00, the stock VPG opened at 5.05 VND, reached a high of 5.14 VND, a low of 5.05 VND, and closed the hour at 5.14 VND with a trading volume of 27,100 shares."
2026-01-29 13:00:00,5.13,5.16,5.11,5.12,34200,VPG,"At 2026-01-29 13:00:00, the stock VPG opened at 5.13 VND, reached a high of 5.16 VND, a low of 5.11 VND, and closed the hour at 5.12 VND with a trading volume of 34,200 shares."
2026-01-29 14:00:00,5.15,5.17,5.12,5.17,27700,VPG,"At 2026-01-29 14:00:00, the stock VPG opened at 5.15 VND, reached a high of 5.17 VND, a low of 5.12 VND, and closed the hour at 5.17 VND with a trading volume of 27,700 shares."
2026-01-30 09:00:00,5.26,5.26,5.15,5.15,15000,VPG,"At 2026-01-30 09:00:00, the stock VPG opened at 5.26 VND, reached a high of 5.26 VND, a low of 5.15 VND, and closed the hour at 5.15 VND with a trading volume of 15,000 shares."
2026-01-30 10:00:00,5.15,5.17,5.1,5.13,21100,VPG,"At 2026-01-30 10:00:00, the stock VPG opened at 5.15 VND, reached a high of 5.17 VND, a low of 5.10 VND, and closed the hour at 5.13 VND with a trading volume of 21,100 shares."
2026-01-30 11:00:00,5.14,5.14,5.13,5.13,4800,VPG,"At 2026-01-30 11:00:00, the stock VPG opened at 5.14 VND, reached a high of 5.14 VND, a low of 5.13 VND, and closed the hour at 5.13 VND with a trading volume of 4,800 shares."
2026-01-30 13:00:00,5.13,5.18,5.13,5.18,12600,VPG,"At 2026-01-30 13:00:00, the stock VPG opened at 5.13 VND, reached a high of 5.18 VND, a low of 5.13 VND, and closed the hour at 5.18 VND with a trading volume of 12,600 shares."
2026-01-30 14:00:00,5.16,5.23,5.16,5.23,33900,VPG,"At 2026-01-30 14:00:00, the stock VPG opened at 5.16 VND, reached a high of 5.23 VND, a low of 5.16 VND, and closed the hour at 5.23 VND with a trading volume of 33,900 shares."
2026-02-02 09:00:00,4.87,5.09,4.87,5.05,538900,VPG,"At 2026-02-02 09:00:00, the stock VPG opened at 4.87 VND, reached a high of 5.09 VND, a low of 4.87 VND, and closed the hour at 5.05 VND with a trading volume of 538,900 shares."
2026-02-02 10:00:00,5.05,5.05,4.98,4.98,50400,VPG,"At 2026-02-02 10:00:00, the stock VPG opened at 5.05 VND, reached a high of 5.05 VND, a low of 4.98 VND, and closed the hour at 4.98 VND with a trading volume of 50,400 shares."
2026-02-02 11:00:00,5.01,5.03,5.0,5.0,3000,VPG,"At 2026-02-02 11:00:00, the stock VPG opened at 5.01 VND, reached a high of 5.03 VND, a low of 5.00 VND, and closed the hour at 5.00 VND with a trading volume of 3,000 shares."
2026-02-02 13:00:00,4.99,5.02,4.9,4.94,50300,VPG,"At 2026-02-02 13:00:00, the stock VPG opened at 4.99 VND, reached a high of 5.02 VND, a low of 4.90 VND, and closed the hour at 4.94 VND with a trading volume of 50,300 shares."
2026-02-02 14:00:00,4.94,5.0,4.94,5.0,19600,VPG,"At 2026-02-02 14:00:00, the stock VPG opened at 4.94 VND, reached a high of 5.00 VND, a low of 4.94 VND, and closed the hour at 5.00 VND with a trading volume of 19,600 shares."
2026-02-03 09:00:00,5.0,5.0,4.9,5.0,37000,VPG,"At 2026-02-03 09:00:00, the stock VPG opened at 5.00 VND, reached a high of 5.00 VND, a low of 4.90 VND, and closed the hour at 5.00 VND with a trading volume of 37,000 shares."
2026-02-03 10:00:00,5.0,5.01,4.97,5.01,26800,VPG,"At 2026-02-03 10:00:00, the stock VPG opened at 5.00 VND, reached a high of 5.01 VND, a low of 4.97 VND, and closed the hour at 5.01 VND with a trading volume of 26,800 shares."
2026-02-03 11:00:00,5.0,5.01,5.0,5.01,10700,VPG,"At 2026-02-03 11:00:00, the stock VPG opened at 5.00 VND, reached a high of 5.01 VND, a low of 5.00 VND, and closed the hour at 5.01 VND with a trading volume of 10,700 shares."
2026-02-03 13:00:00,4.97,5.01,4.97,5.0,20300,VPG,"At 2026-02-03 13:00:00, the stock VPG opened at 4.97 VND, reached a high of 5.01 VND, a low of 4.97 VND, and closed the hour at 5.00 VND with a trading volume of 20,300 shares."
2026-02-03 14:00:00,5.0,5.01,4.99,5.0,24200,VPG,"At 2026-02-03 14:00:00, the stock VPG opened at 5.00 VND, reached a high of 5.01 VND, a low of 4.99 VND, and closed the hour at 5.00 VND with a trading volume of 24,200 shares."
2026-02-04 09:00:00,5.0,5.09,4.98,4.98,54600,VPG,"At 2026-02-04 09:00:00, the stock VPG opened at 5.00 VND, reached a high of 5.09 VND, a low of 4.98 VND, and closed the hour at 4.98 VND with a trading volume of 54,600 shares."
2026-02-04 10:00:00,5.0,5.0,4.91,4.93,19900,VPG,"At 2026-02-04 10:00:00, the stock VPG opened at 5.00 VND, reached a high of 5.00 VND, a low of 4.91 VND, and closed the hour at 4.93 VND with a trading volume of 19,900 shares."
2026-02-04 11:00:00,4.94,5.02,4.93,5.02,17000,VPG,"At 2026-02-04 11:00:00, the stock VPG opened at 4.94 VND, reached a high of 5.02 VND, a low of 4.93 VND, and closed the hour at 5.02 VND with a trading volume of 17,000 shares."
2026-02-04 13:00:00,5.0,5.02,4.98,4.98,42500,VPG,"At 2026-02-04 13:00:00, the stock VPG opened at 5.00 VND, reached a high of 5.02 VND, a low of 4.98 VND, and closed the hour at 4.98 VND with a trading volume of 42,500 shares."
2026-02-04 14:00:00,4.98,5.0,4.95,5.0,20700,VPG,"At 2026-02-04 14:00:00, the stock VPG opened at 4.98 VND, reached a high of 5.00 VND, a low of 4.95 VND, and closed the hour at 5.00 VND with a trading volume of 20,700 shares."
2026-02-05 09:00:00,5.0,5.0,4.95,4.95,8100,VPG,"At 2026-02-05 09:00:00, the stock VPG opened at 5.00 VND, reached a high of 5.00 VND, a low of 4.95 VND, and closed the hour at 4.95 VND with a trading volume of 8,100 shares."
2026-02-05 10:00:00,4.95,4.99,4.95,4.95,12800,VPG,"At 2026-02-05 10:00:00, the stock VPG opened at 4.95 VND, reached a high of 4.99 VND, a low of 4.95 VND, and closed the hour at 4.95 VND with a trading volume of 12,800 shares."
2026-02-05 11:00:00,4.95,4.96,4.95,4.96,1000,VPG,"At 2026-02-05 11:00:00, the stock VPG opened at 4.95 VND, reached a high of 4.96 VND, a low of 4.95 VND, and closed the hour at 4.96 VND with a trading volume of 1,000 shares."
2026-02-05 13:00:00,4.98,4.98,4.93,4.93,61300,VPG,"At 2026-02-05 13:00:00, the stock VPG opened at 4.98 VND, reached a high of 4.98 VND, a low of 4.93 VND, and closed the hour at 4.93 VND with a trading volume of 61,300 shares."
2026-02-05 14:00:00,4.93,4.95,4.91,4.95,36800,VPG,"At 2026-02-05 14:00:00, the stock VPG opened at 4.93 VND, reached a high of 4.95 VND, a low of 4.91 VND, and closed the hour at 4.95 VND with a trading volume of 36,800 shares."
2026-02-06 09:00:00,4.95,4.95,4.9,4.9,33000,VPG,"At 2026-02-06 09:00:00, the stock VPG opened at 4.95 VND, reached a high of 4.95 VND, a low of 4.90 VND, and closed the hour at 4.90 VND with a trading volume of 33,000 shares."
2026-02-06 10:00:00,4.91,4.92,4.88,4.88,79600,VPG,"At 2026-02-06 10:00:00, the stock VPG opened at 4.91 VND, reached a high of 4.92 VND, a low of 4.88 VND, and closed the hour at 4.88 VND with a trading volume of 79,600 shares."
2026-02-06 11:00:00,4.87,4.9,4.86,4.9,5500,VPG,"At 2026-02-06 11:00:00, the stock VPG opened at 4.87 VND, reached a high of 4.90 VND, a low of 4.86 VND, and closed the hour at 4.90 VND with a trading volume of 5,500 shares."
2026-02-06 13:00:00,4.9,4.9,4.81,4.84,42500,VPG,"At 2026-02-06 13:00:00, the stock VPG opened at 4.90 VND, reached a high of 4.90 VND, a low of 4.81 VND, and closed the hour at 4.84 VND with a trading volume of 42,500 shares."
2026-02-06 14:00:00,4.84,4.85,4.82,4.82,26700,VPG,"At 2026-02-06 14:00:00, the stock VPG opened at 4.84 VND, reached a high of 4.85 VND, a low of 4.82 VND, and closed the hour at 4.82 VND with a trading volume of 26,700 shares."
2026-02-09 09:00:00,4.8,4.84,4.8,4.81,57000,VPG,"At 2026-02-09 09:00:00, the stock VPG opened at 4.80 VND, reached a high of 4.84 VND, a low of 4.80 VND, and closed the hour at 4.81 VND with a trading volume of 57,000 shares."
2026-02-09 10:00:00,4.82,4.82,4.73,4.79,27800,VPG,"At 2026-02-09 10:00:00, the stock VPG opened at 4.82 VND, reached a high of 4.82 VND, a low of 4.73 VND, and closed the hour at 4.79 VND with a trading volume of 27,800 shares."
2026-02-09 11:00:00,4.79,4.81,4.77,4.81,21100,VPG,"At 2026-02-09 11:00:00, the stock VPG opened at 4.79 VND, reached a high of 4.81 VND, a low of 4.77 VND, and closed the hour at 4.81 VND with a trading volume of 21,100 shares."
2026-02-09 13:00:00,4.81,4.81,4.79,4.79,10500,VPG,"At 2026-02-09 13:00:00, the stock VPG opened at 4.81 VND, reached a high of 4.81 VND, a low of 4.79 VND, and closed the hour at 4.79 VND with a trading volume of 10,500 shares."
2026-02-09 14:00:00,4.8,4.84,4.8,4.84,22900,VPG,"At 2026-02-09 14:00:00, the stock VPG opened at 4.80 VND, reached a high of 4.84 VND, a low of 4.80 VND, and closed the hour at 4.84 VND with a trading volume of 22,900 shares."
2026-02-10 09:00:00,4.85,4.87,4.83,4.84,25500,VPG,"At 2026-02-10 09:00:00, the stock VPG opened at 4.85 VND, reached a high of 4.87 VND, a low of 4.83 VND, and closed the hour at 4.84 VND with a trading volume of 25,500 shares."
2026-02-10 10:00:00,4.85,4.85,4.8,4.8,18800,VPG,"At 2026-02-10 10:00:00, the stock VPG opened at 4.85 VND, reached a high of 4.85 VND, a low of 4.80 VND, and closed the hour at 4.80 VND with a trading volume of 18,800 shares."
2026-02-10 11:00:00,4.82,4.85,4.82,4.84,7400,VPG,"At 2026-02-10 11:00:00, the stock VPG opened at 4.82 VND, reached a high of 4.85 VND, a low of 4.82 VND, and closed the hour at 4.84 VND with a trading volume of 7,400 shares."
2026-02-10 13:00:00,4.84,4.84,4.81,4.81,8000,VPG,"At 2026-02-10 13:00:00, the stock VPG opened at 4.84 VND, reached a high of 4.84 VND, a low of 4.81 VND, and closed the hour at 4.81 VND with a trading volume of 8,000 shares."
2026-02-10 14:00:00,4.81,4.82,4.8,4.82,12000,VPG,"At 2026-02-10 14:00:00, the stock VPG opened at 4.81 VND, reached a high of 4.82 VND, a low of 4.80 VND, and closed the hour at 4.82 VND with a trading volume of 12,000 shares."
2026-02-11 09:00:00,4.79,4.84,4.78,4.78,29200,VPG,"At 2026-02-11 09:00:00, the stock VPG opened at 4.79 VND, reached a high of 4.84 VND, a low of 4.78 VND, and closed the hour at 4.78 VND with a trading volume of 29,200 shares."
2026-02-11 10:00:00,4.84,4.84,4.79,4.84,59700,VPG,"At 2026-02-11 10:00:00, the stock VPG opened at 4.84 VND, reached a high of 4.84 VND, a low of 4.79 VND, and closed the hour at 4.84 VND with a trading volume of 59,700 shares."
2026-02-11 11:00:00,4.84,4.85,4.84,4.85,19000,VPG,"At 2026-02-11 11:00:00, the stock VPG opened at 4.84 VND, reached a high of 4.85 VND, a low of 4.84 VND, and closed the hour at 4.85 VND with a trading volume of 19,000 shares."
2026-02-11 13:00:00,4.83,4.85,4.82,4.85,38100,VPG,"At 2026-02-11 13:00:00, the stock VPG opened at 4.83 VND, reached a high of 4.85 VND, a low of 4.82 VND, and closed the hour at 4.85 VND with a trading volume of 38,100 shares."
2026-02-11 14:00:00,4.85,4.87,4.85,4.85,72300,VPG,"At 2026-02-11 14:00:00, the stock VPG opened at 4.85 VND, reached a high of 4.87 VND, a low of 4.85 VND, and closed the hour at 4.85 VND with a trading volume of 72,300 shares."
2026-02-12 09:00:00,4.83,4.87,4.83,4.87,29800,VPG,"At 2026-02-12 09:00:00, the stock VPG opened at 4.83 VND, reached a high of 4.87 VND, a low of 4.83 VND, and closed the hour at 4.87 VND with a trading volume of 29,800 shares."
2026-02-12 10:00:00,4.87,4.87,4.84,4.84,3000,VPG,"At 2026-02-12 10:00:00, the stock VPG opened at 4.87 VND, reached a high of 4.87 VND, a low of 4.84 VND, and closed the hour at 4.84 VND with a trading volume of 3,000 shares."
2026-02-12 13:00:00,4.84,4.86,4.84,4.84,18900,VPG,"At 2026-02-12 13:00:00, the stock VPG opened at 4.84 VND, reached a high of 4.86 VND, a low of 4.84 VND, and closed the hour at 4.84 VND with a trading volume of 18,900 shares."
2026-02-12 14:00:00,4.84,4.85,4.84,4.85,1800,VPG,"At 2026-02-12 14:00:00, the stock VPG opened at 4.84 VND, reached a high of 4.85 VND, a low of 4.84 VND, and closed the hour at 4.85 VND with a trading volume of 1,800 shares."
2026-02-13 09:00:00,4.85,4.85,4.83,4.85,12800,VPG,"At 2026-02-13 09:00:00, the stock VPG opened at 4.85 VND, reached a high of 4.85 VND, a low of 4.83 VND, and closed the hour at 4.85 VND with a trading volume of 12,800 shares."
2026-02-13 10:00:00,4.86,4.87,4.85,4.85,11300,VPG,"At 2026-02-13 10:00:00, the stock VPG opened at 4.86 VND, reached a high of 4.87 VND, a low of 4.85 VND, and closed the hour at 4.85 VND with a trading volume of 11,300 shares."
2026-02-13 11:00:00,4.86,4.86,4.86,4.86,700,VPG,"At 2026-02-13 11:00:00, the stock VPG opened at 4.86 VND, reached a high of 4.86 VND, a low of 4.86 VND, and closed the hour at 4.86 VND with a trading volume of 700 shares."
2026-02-13 13:00:00,4.86,4.86,4.85,4.85,27400,VPG,"At 2026-02-13 13:00:00, the stock VPG opened at 4.86 VND, reached a high of 4.86 VND, a low of 4.85 VND, and closed the hour at 4.85 VND with a trading volume of 27,400 shares."
2026-02-13 14:00:00,4.85,4.95,4.83,4.95,35600,VPG,"At 2026-02-13 14:00:00, the stock VPG opened at 4.85 VND, reached a high of 4.95 VND, a low of 4.83 VND, and closed the hour at 4.95 VND with a trading volume of 35,600 shares."
2026-02-23 09:00:00,5.0,5.03,4.95,4.95,38800,VPG,"At 2026-02-23 09:00:00, the stock VPG opened at 5.00 VND, reached a high of 5.03 VND, a low of 4.95 VND, and closed the hour at 4.95 VND with a trading volume of 38,800 shares."
2026-02-23 10:00:00,4.95,4.97,4.91,4.96,3400,VPG,"At 2026-02-23 10:00:00, the stock VPG opened at 4.95 VND, reached a high of 4.97 VND, a low of 4.91 VND, and closed the hour at 4.96 VND with a trading volume of 3,400 shares."
2026-02-23 11:00:00,4.96,4.96,4.95,4.95,2500,VPG,"At 2026-02-23 11:00:00, the stock VPG opened at 4.96 VND, reached a high of 4.96 VND, a low of 4.95 VND, and closed the hour at 4.95 VND with a trading volume of 2,500 shares."
2026-02-23 13:00:00,4.95,4.97,4.91,4.95,56700,VPG,"At 2026-02-23 13:00:00, the stock VPG opened at 4.95 VND, reached a high of 4.97 VND, a low of 4.91 VND, and closed the hour at 4.95 VND with a trading volume of 56,700 shares."
2026-02-23 14:00:00,4.96,5.01,4.95,5.0,41600,VPG,"At 2026-02-23 14:00:00, the stock VPG opened at 4.96 VND, reached a high of 5.01 VND, a low of 4.95 VND, and closed the hour at 5.00 VND with a trading volume of 41,600 shares."
2026-02-24 09:00:00,5.0,5.02,5.0,5.0,14500,VPG,"At 2026-02-24 09:00:00, the stock VPG opened at 5.00 VND, reached a high of 5.02 VND, a low of 5.00 VND, and closed the hour at 5.00 VND with a trading volume of 14,500 shares."
2026-02-24 10:00:00,5.0,5.01,5.0,5.01,14200,VPG,"At 2026-02-24 10:00:00, the stock VPG opened at 5.00 VND, reached a high of 5.01 VND, a low of 5.00 VND, and closed the hour at 5.01 VND with a trading volume of 14,200 shares."
2026-02-24 11:00:00,5.0,5.01,5.0,5.0,7200,VPG,"At 2026-02-24 11:00:00, the stock VPG opened at 5.00 VND, reached a high of 5.01 VND, a low of 5.00 VND, and closed the hour at 5.00 VND with a trading volume of 7,200 shares."
2026-02-24 13:00:00,5.0,5.02,4.98,4.98,61100,VPG,"At 2026-02-24 13:00:00, the stock VPG opened at 5.00 VND, reached a high of 5.02 VND, a low of 4.98 VND, and closed the hour at 4.98 VND with a trading volume of 61,100 shares."
2026-02-24 14:00:00,4.98,4.99,4.96,4.99,27800,VPG,"At 2026-02-24 14:00:00, the stock VPG opened at 4.98 VND, reached a high of 4.99 VND, a low of 4.96 VND, and closed the hour at 4.99 VND with a trading volume of 27,800 shares."
2026-02-25 09:00:00,5.0,5.02,4.96,5.02,59300,VPG,"At 2026-02-25 09:00:00, the stock VPG opened at 5.00 VND, reached a high of 5.02 VND, a low of 4.96 VND, and closed the hour at 5.02 VND with a trading volume of 59,300 shares."
2026-02-25 10:00:00,5.0,5.04,5.0,5.0,43000,VPG,"At 2026-02-25 10:00:00, the stock VPG opened at 5.00 VND, reached a high of 5.04 VND, a low of 5.00 VND, and closed the hour at 5.00 VND with a trading volume of 43,000 shares."
2026-02-25 11:00:00,5.0,5.0,4.97,5.0,35300,VPG,"At 2026-02-25 11:00:00, the stock VPG opened at 5.00 VND, reached a high of 5.00 VND, a low of 4.97 VND, and closed the hour at 5.00 VND with a trading volume of 35,300 shares."
2026-02-25 13:00:00,5.0,5.04,4.98,5.03,142200,VPG,"At 2026-02-25 13:00:00, the stock VPG opened at 5.00 VND, reached a high of 5.04 VND, a low of 4.98 VND, and closed the hour at 5.03 VND with a trading volume of 142,200 shares."
2026-02-25 14:00:00,5.02,5.33,5.0,5.33,239300,VPG,"At 2026-02-25 14:00:00, the stock VPG opened at 5.02 VND, reached a high of 5.33 VND, a low of 5.00 VND, and closed the hour at 5.33 VND with a trading volume of 239,300 shares."
2026-02-26 09:00:00,5.7,5.7,5.43,5.52,189200,VPG,"At 2026-02-26 09:00:00, the stock VPG opened at 5.70 VND, reached a high of 5.70 VND, a low of 5.43 VND, and closed the hour at 5.52 VND with a trading volume of 189,200 shares."
2026-02-26 10:00:00,5.52,5.52,5.44,5.5,102700,VPG,"At 2026-02-26 10:00:00, the stock VPG opened at 5.52 VND, reached a high of 5.52 VND, a low of 5.44 VND, and closed the hour at 5.50 VND with a trading volume of 102,700 shares."
2026-02-26 11:00:00,5.45,5.49,5.43,5.45,15200,VPG,"At 2026-02-26 11:00:00, the stock VPG opened at 5.45 VND, reached a high of 5.49 VND, a low of 5.43 VND, and closed the hour at 5.45 VND with a trading volume of 15,200 shares."
2026-02-26 13:00:00,5.43,5.52,5.43,5.52,88800,VPG,"At 2026-02-26 13:00:00, the stock VPG opened at 5.43 VND, reached a high of 5.52 VND, a low of 5.43 VND, and closed the hour at 5.52 VND with a trading volume of 88,800 shares."
2026-02-26 14:00:00,5.52,5.69,5.52,5.69,136400,VPG,"At 2026-02-26 14:00:00, the stock VPG opened at 5.52 VND, reached a high of 5.69 VND, a low of 5.52 VND, and closed the hour at 5.69 VND with a trading volume of 136,400 shares."
2026-02-27 09:00:00,5.5,5.6,5.43,5.44,59600,VPG,"At 2026-02-27 09:00:00, the stock VPG opened at 5.50 VND, reached a high of 5.60 VND, a low of 5.43 VND, and closed the hour at 5.44 VND with a trading volume of 59,600 shares."
2026-02-27 10:00:00,5.45,5.48,5.44,5.46,23900,VPG,"At 2026-02-27 10:00:00, the stock VPG opened at 5.45 VND, reached a high of 5.48 VND, a low of 5.44 VND, and closed the hour at 5.46 VND with a trading volume of 23,900 shares."
2026-02-27 11:00:00,5.48,5.48,5.46,5.46,1200,VPG,"At 2026-02-27 11:00:00, the stock VPG opened at 5.48 VND, reached a high of 5.48 VND, a low of 5.46 VND, and closed the hour at 5.46 VND with a trading volume of 1,200 shares."
2026-02-27 13:00:00,5.46,5.5,5.44,5.5,49600,VPG,"At 2026-02-27 13:00:00, the stock VPG opened at 5.46 VND, reached a high of 5.50 VND, a low of 5.44 VND, and closed the hour at 5.50 VND with a trading volume of 49,600 shares."
2026-02-27 14:00:00,5.5,5.69,5.5,5.6,52500,VPG,"At 2026-02-27 14:00:00, the stock VPG opened at 5.50 VND, reached a high of 5.69 VND, a low of 5.50 VND, and closed the hour at 5.60 VND with a trading volume of 52,500 shares."
2026-03-02 09:00:00,5.21,5.31,5.21,5.3,322000,VPG,"At 2026-03-02 09:00:00, the stock VPG opened at 5.21 VND, reached a high of 5.31 VND, a low of 5.21 VND, and closed the hour at 5.30 VND with a trading volume of 322,000 shares."
2026-03-02 10:00:00,5.29,5.29,5.21,5.21,49000,VPG,"At 2026-03-02 10:00:00, the stock VPG opened at 5.29 VND, reached a high of 5.29 VND, a low of 5.21 VND, and closed the hour at 5.21 VND with a trading volume of 49,000 shares."
2026-03-02 11:00:00,5.21,5.28,5.21,5.21,129900,VPG,"At 2026-03-02 11:00:00, the stock VPG opened at 5.21 VND, reached a high of 5.28 VND, a low of 5.21 VND, and closed the hour at 5.21 VND with a trading volume of 129,900 shares."
2026-03-02 13:00:00,5.21,5.21,5.21,5.21,75600,VPG,"At 2026-03-02 13:00:00, the stock VPG opened at 5.21 VND, reached a high of 5.21 VND, a low of 5.21 VND, and closed the hour at 5.21 VND with a trading volume of 75,600 shares."
2026-03-02 14:00:00,5.21,5.21,5.21,5.21,4100,VPG,"At 2026-03-02 14:00:00, the stock VPG opened at 5.21 VND, reached a high of 5.21 VND, a low of 5.21 VND, and closed the hour at 5.21 VND with a trading volume of 4,100 shares."
2026-03-03 09:00:00,4.86,5.1,4.86,5.01,121400,VPG,"At 2026-03-03 09:00:00, the stock VPG opened at 4.86 VND, reached a high of 5.10 VND, a low of 4.86 VND, and closed the hour at 5.01 VND with a trading volume of 121,400 shares."
2026-03-03 10:00:00,5.01,5.05,4.98,4.98,32400,VPG,"At 2026-03-03 10:00:00, the stock VPG opened at 5.01 VND, reached a high of 5.05 VND, a low of 4.98 VND, and closed the hour at 4.98 VND with a trading volume of 32,400 shares."
2026-03-03 11:00:00,5.0,5.01,5.0,5.01,11500,VPG,"At 2026-03-03 11:00:00, the stock VPG opened at 5.00 VND, reached a high of 5.01 VND, a low of 5.00 VND, and closed the hour at 5.01 VND with a trading volume of 11,500 shares."
2026-03-03 13:00:00,5.01,5.01,4.95,4.99,67000,VPG,"At 2026-03-03 13:00:00, the stock VPG opened at 5.01 VND, reached a high of 5.01 VND, a low of 4.95 VND, and closed the hour at 4.99 VND with a trading volume of 67,000 shares."
2026-03-03 14:00:00,4.99,4.99,4.95,4.96,29500,VPG,"At 2026-03-03 14:00:00, the stock VPG opened at 4.99 VND, reached a high of 4.99 VND, a low of 4.95 VND, and closed the hour at 4.96 VND with a trading volume of 29,500 shares."
2026-03-04 09:00:00,4.97,5.16,4.97,5.08,34400,VPG,"At 2026-03-04 09:00:00, the stock VPG opened at 4.97 VND, reached a high of 5.16 VND, a low of 4.97 VND, and closed the hour at 5.08 VND with a trading volume of 34,400 shares."
2026-03-04 10:00:00,5.08,5.08,4.92,4.92,79000,VPG,"At 2026-03-04 10:00:00, the stock VPG opened at 5.08 VND, reached a high of 5.08 VND, a low of 4.92 VND, and closed the hour at 4.92 VND with a trading volume of 79,000 shares."
2026-03-04 11:00:00,4.92,4.93,4.9,4.93,24100,VPG,"At 2026-03-04 11:00:00, the stock VPG opened at 4.92 VND, reached a high of 4.93 VND, a low of 4.90 VND, and closed the hour at 4.93 VND with a trading volume of 24,100 shares."
2026-03-04 13:00:00,4.93,4.98,4.9,4.98,24100,VPG,"At 2026-03-04 13:00:00, the stock VPG opened at 4.93 VND, reached a high of 4.98 VND, a low of 4.90 VND, and closed the hour at 4.98 VND with a trading volume of 24,100 shares."
2026-03-04 14:00:00,4.98,5.0,4.94,5.0,22500,VPG,"At 2026-03-04 14:00:00, the stock VPG opened at 4.98 VND, reached a high of 5.00 VND, a low of 4.94 VND, and closed the hour at 5.00 VND with a trading volume of 22,500 shares."
2026-03-05 09:00:00,5.0,5.09,4.99,4.99,19200,VPG,"At 2026-03-05 09:00:00, the stock VPG opened at 5.00 VND, reached a high of 5.09 VND, a low of 4.99 VND, and closed the hour at 4.99 VND with a trading volume of 19,200 shares."
2026-03-05 10:00:00,4.99,5.0,4.86,4.93,28200,VPG,"At 2026-03-05 10:00:00, the stock VPG opened at 4.99 VND, reached a high of 5.00 VND, a low of 4.86 VND, and closed the hour at 4.93 VND with a trading volume of 28,200 shares."
2026-03-05 11:00:00,4.93,4.93,4.93,4.93,1200,VPG,"At 2026-03-05 11:00:00, the stock VPG opened at 4.93 VND, reached a high of 4.93 VND, a low of 4.93 VND, and closed the hour at 4.93 VND with a trading volume of 1,200 shares."
2026-03-05 13:00:00,4.94,4.98,4.91,4.97,35000,VPG,"At 2026-03-05 13:00:00, the stock VPG opened at 4.94 VND, reached a high of 4.98 VND, a low of 4.91 VND, and closed the hour at 4.97 VND with a trading volume of 35,000 shares."
2026-03-05 14:00:00,4.97,4.97,4.92,4.92,14100,VPG,"At 2026-03-05 14:00:00, the stock VPG opened at 4.97 VND, reached a high of 4.97 VND, a low of 4.92 VND, and closed the hour at 4.92 VND with a trading volume of 14,100 shares."
2026-03-06 09:00:00,4.93,5.0,4.9,4.92,33700,VPG,"At 2026-03-06 09:00:00, the stock VPG opened at 4.93 VND, reached a high of 5.00 VND, a low of 4.90 VND, and closed the hour at 4.92 VND with a trading volume of 33,700 shares."
2026-03-06 10:00:00,4.92,4.92,4.89,4.89,14300,VPG,"At 2026-03-06 10:00:00, the stock VPG opened at 4.92 VND, reached a high of 4.92 VND, a low of 4.89 VND, and closed the hour at 4.89 VND with a trading volume of 14,300 shares."
2026-03-06 11:00:00,4.9,4.9,4.89,4.9,5600,VPG,"At 2026-03-06 11:00:00, the stock VPG opened at 4.90 VND, reached a high of 4.90 VND, a low of 4.89 VND, and closed the hour at 4.90 VND with a trading volume of 5,600 shares."
2026-03-06 13:00:00,4.9,4.92,4.89,4.91,25500,VPG,"At 2026-03-06 13:00:00, the stock VPG opened at 4.90 VND, reached a high of 4.92 VND, a low of 4.89 VND, and closed the hour at 4.91 VND with a trading volume of 25,500 shares."
2026-03-06 14:00:00,4.91,4.95,4.9,4.9,8800,VPG,"At 2026-03-06 14:00:00, the stock VPG opened at 4.91 VND, reached a high of 4.95 VND, a low of 4.90 VND, and closed the hour at 4.90 VND with a trading volume of 8,800 shares."
2026-03-09 09:00:00,4.85,4.87,4.56,4.56,165600,VPG,"At 2026-03-09 09:00:00, the stock VPG opened at 4.85 VND, reached a high of 4.87 VND, a low of 4.56 VND, and closed the hour at 4.56 VND with a trading volume of 165,600 shares."
2026-03-09 10:00:00,4.56,4.57,4.56,4.56,94300,VPG,"At 2026-03-09 10:00:00, the stock VPG opened at 4.56 VND, reached a high of 4.57 VND, a low of 4.56 VND, and closed the hour at 4.56 VND with a trading volume of 94,300 shares."
2026-03-09 11:00:00,4.56,4.56,4.56,4.56,10800,VPG,"At 2026-03-09 11:00:00, the stock VPG opened at 4.56 VND, reached a high of 4.56 VND, a low of 4.56 VND, and closed the hour at 4.56 VND with a trading volume of 10,800 shares."
2026-03-09 13:00:00,4.56,4.57,4.56,4.56,74500,VPG,"At 2026-03-09 13:00:00, the stock VPG opened at 4.56 VND, reached a high of 4.57 VND, a low of 4.56 VND, and closed the hour at 4.56 VND with a trading volume of 74,500 shares."
2026-03-09 14:00:00,4.56,4.56,4.56,4.56,800,VPG,"At 2026-03-09 14:00:00, the stock VPG opened at 4.56 VND, reached a high of 4.56 VND, a low of 4.56 VND, and closed the hour at 4.56 VND with a trading volume of 800 shares."
2026-03-10 09:00:00,4.56,4.73,4.56,4.57,23800,VPG,"At 2026-03-10 09:00:00, the stock VPG opened at 4.56 VND, reached a high of 4.73 VND, a low of 4.56 VND, and closed the hour at 4.57 VND with a trading volume of 23,800 shares."
2026-03-10 10:00:00,4.57,4.6,4.55,4.6,65700,VPG,"At 2026-03-10 10:00:00, the stock VPG opened at 4.57 VND, reached a high of 4.60 VND, a low of 4.55 VND, and closed the hour at 4.60 VND with a trading volume of 65,700 shares."
2026-03-10 11:00:00,4.58,4.59,4.55,4.55,20200,VPG,"At 2026-03-10 11:00:00, the stock VPG opened at 4.58 VND, reached a high of 4.59 VND, a low of 4.55 VND, and closed the hour at 4.55 VND with a trading volume of 20,200 shares."
2026-03-10 13:00:00,4.6,4.6,4.54,4.56,21100,VPG,"At 2026-03-10 13:00:00, the stock VPG opened at 4.60 VND, reached a high of 4.60 VND, a low of 4.54 VND, and closed the hour at 4.56 VND with a trading volume of 21,100 shares."
2026-03-10 14:00:00,4.56,4.59,4.52,4.59,14000,VPG,"At 2026-03-10 14:00:00, the stock VPG opened at 4.56 VND, reached a high of 4.59 VND, a low of 4.52 VND, and closed the hour at 4.59 VND with a trading volume of 14,000 shares."
2026-03-11 09:00:00,4.58,4.69,4.58,4.6,18000,VPG,"At 2026-03-11 09:00:00, the stock VPG opened at 4.58 VND, reached a high of 4.69 VND, a low of 4.58 VND, and closed the hour at 4.60 VND with a trading volume of 18,000 shares."
2026-03-11 10:00:00,4.61,4.75,4.61,4.7,38100,VPG,"At 2026-03-11 10:00:00, the stock VPG opened at 4.61 VND, reached a high of 4.75 VND, a low of 4.61 VND, and closed the hour at 4.70 VND with a trading volume of 38,100 shares."
2026-03-11 11:00:00,4.7,4.76,4.68,4.75,22800,VPG,"At 2026-03-11 11:00:00, the stock VPG opened at 4.70 VND, reached a high of 4.76 VND, a low of 4.68 VND, and closed the hour at 4.75 VND with a trading volume of 22,800 shares."
2026-03-11 13:00:00,4.74,4.78,4.73,4.76,26100,VPG,"At 2026-03-11 13:00:00, the stock VPG opened at 4.74 VND, reached a high of 4.78 VND, a low of 4.73 VND, and closed the hour at 4.76 VND with a trading volume of 26,100 shares."
2026-03-11 14:00:00,4.76,4.78,4.75,4.78,29500,VPG,"At 2026-03-11 14:00:00, the stock VPG opened at 4.76 VND, reached a high of 4.78 VND, a low of 4.75 VND, and closed the hour at 4.78 VND with a trading volume of 29,500 shares."
2026-03-12 09:00:00,4.88,4.89,4.78,4.78,14600,VPG,"At 2026-03-12 09:00:00, the stock VPG opened at 4.88 VND, reached a high of 4.89 VND, a low of 4.78 VND, and closed the hour at 4.78 VND with a trading volume of 14,600 shares."
2026-03-12 10:00:00,4.8,4.8,4.76,4.77,5900,VPG,"At 2026-03-12 10:00:00, the stock VPG opened at 4.80 VND, reached a high of 4.80 VND, a low of 4.76 VND, and closed the hour at 4.77 VND with a trading volume of 5,900 shares."
2026-03-12 11:00:00,4.78,4.78,4.74,4.74,14900,VPG,"At 2026-03-12 11:00:00, the stock VPG opened at 4.78 VND, reached a high of 4.78 VND, a low of 4.74 VND, and closed the hour at 4.74 VND with a trading volume of 14,900 shares."
2026-03-12 13:00:00,4.74,4.78,4.74,4.75,15500,VPG,"At 2026-03-12 13:00:00, the stock VPG opened at 4.74 VND, reached a high of 4.78 VND, a low of 4.74 VND, and closed the hour at 4.75 VND with a trading volume of 15,500 shares."
2026-03-12 14:00:00,4.74,4.74,4.69,4.69,27800,VPG,"At 2026-03-12 14:00:00, the stock VPG opened at 4.74 VND, reached a high of 4.74 VND, a low of 4.69 VND, and closed the hour at 4.69 VND with a trading volume of 27,800 shares."
2026-03-13 09:00:00,4.75,4.75,4.64,4.64,2500,VPG,"At 2026-03-13 09:00:00, the stock VPG opened at 4.75 VND, reached a high of 4.75 VND, a low of 4.64 VND, and closed the hour at 4.64 VND with a trading volume of 2,500 shares."
2026-03-13 10:00:00,4.68,4.69,4.68,4.69,9900,VPG,"At 2026-03-13 10:00:00, the stock VPG opened at 4.68 VND, reached a high of 4.69 VND, a low of 4.68 VND, and closed the hour at 4.69 VND with a trading volume of 9,900 shares."
2026-03-13 11:00:00,4.68,4.68,4.68,4.68,600,VPG,"At 2026-03-13 11:00:00, the stock VPG opened at 4.68 VND, reached a high of 4.68 VND, a low of 4.68 VND, and closed the hour at 4.68 VND with a trading volume of 600 shares."
2026-03-13 13:00:00,4.68,4.69,4.66,4.69,30300,VPG,"At 2026-03-13 13:00:00, the stock VPG opened at 4.68 VND, reached a high of 4.69 VND, a low of 4.66 VND, and closed the hour at 4.69 VND with a trading volume of 30,300 shares."
2026-03-13 14:00:00,4.69,4.82,4.69,4.82,25400,VPG,"At 2026-03-13 14:00:00, the stock VPG opened at 4.69 VND, reached a high of 4.82 VND, a low of 4.69 VND, and closed the hour at 4.82 VND with a trading volume of 25,400 shares."
2026-03-16 09:00:00,4.82,4.82,4.76,4.8,21900,VPG,"At 2026-03-16 09:00:00, the stock VPG opened at 4.82 VND, reached a high of 4.82 VND, a low of 4.76 VND, and closed the hour at 4.80 VND with a trading volume of 21,900 shares."
2026-03-16 10:00:00,4.8,4.8,4.75,4.75,15600,VPG,"At 2026-03-16 10:00:00, the stock VPG opened at 4.80 VND, reached a high of 4.80 VND, a low of 4.75 VND, and closed the hour at 4.75 VND with a trading volume of 15,600 shares."
2026-03-16 11:00:00,4.76,4.76,4.76,4.76,600,VPG,"At 2026-03-16 11:00:00, the stock VPG opened at 4.76 VND, reached a high of 4.76 VND, a low of 4.76 VND, and closed the hour at 4.76 VND with a trading volume of 600 shares."
2026-03-16 13:00:00,4.77,4.79,4.72,4.72,20800,VPG,"At 2026-03-16 13:00:00, the stock VPG opened at 4.77 VND, reached a high of 4.79 VND, a low of 4.72 VND, and closed the hour at 4.72 VND with a trading volume of 20,800 shares."
2026-03-16 14:00:00,4.72,4.79,4.71,4.79,16300,VPG,"At 2026-03-16 14:00:00, the stock VPG opened at 4.72 VND, reached a high of 4.79 VND, a low of 4.71 VND, and closed the hour at 4.79 VND with a trading volume of 16,300 shares."
2026-03-17 09:00:00,4.8,4.8,4.77,4.8,9500,VPG,"At 2026-03-17 09:00:00, the stock VPG opened at 4.80 VND, reached a high of 4.80 VND, a low of 4.77 VND, and closed the hour at 4.80 VND with a trading volume of 9,500 shares."
2026-03-17 10:00:00,4.8,4.84,4.79,4.79,19900,VPG,"At 2026-03-17 10:00:00, the stock VPG opened at 4.80 VND, reached a high of 4.84 VND, a low of 4.79 VND, and closed the hour at 4.79 VND with a trading volume of 19,900 shares."
2026-03-17 11:00:00,4.8,4.8,4.79,4.8,6600,VPG,"At 2026-03-17 11:00:00, the stock VPG opened at 4.80 VND, reached a high of 4.80 VND, a low of 4.79 VND, and closed the hour at 4.80 VND with a trading volume of 6,600 shares."
2026-03-17 13:00:00,4.8,4.8,4.76,4.76,23500,VPG,"At 2026-03-17 13:00:00, the stock VPG opened at 4.80 VND, reached a high of 4.80 VND, a low of 4.76 VND, and closed the hour at 4.76 VND with a trading volume of 23,500 shares."
2026-03-17 14:00:00,4.76,4.82,4.75,4.79,23100,VPG,"At 2026-03-17 14:00:00, the stock VPG opened at 4.76 VND, reached a high of 4.82 VND, a low of 4.75 VND, and closed the hour at 4.79 VND with a trading volume of 23,100 shares."
2026-03-18 09:00:00,4.79,4.8,4.78,4.78,11200,VPG,"At 2026-03-18 09:00:00, the stock VPG opened at 4.79 VND, reached a high of 4.80 VND, a low of 4.78 VND, and closed the hour at 4.78 VND with a trading volume of 11,200 shares."
2026-03-18 10:00:00,4.78,4.78,4.77,4.77,4500,VPG,"At 2026-03-18 10:00:00, the stock VPG opened at 4.78 VND, reached a high of 4.78 VND, a low of 4.77 VND, and closed the hour at 4.77 VND with a trading volume of 4,500 shares."
2026-03-18 11:00:00,4.77,4.77,4.76,4.77,3900,VPG,"At 2026-03-18 11:00:00, the stock VPG opened at 4.77 VND, reached a high of 4.77 VND, a low of 4.76 VND, and closed the hour at 4.77 VND with a trading volume of 3,900 shares."
2026-03-18 13:00:00,4.76,4.77,4.75,4.75,18400,VPG,"At 2026-03-18 13:00:00, the stock VPG opened at 4.76 VND, reached a high of 4.77 VND, a low of 4.75 VND, and closed the hour at 4.75 VND with a trading volume of 18,400 shares."
2026-03-18 14:00:00,4.75,4.78,4.75,4.78,9100,VPG,"At 2026-03-18 14:00:00, the stock VPG opened at 4.75 VND, reached a high of 4.78 VND, a low of 4.75 VND, and closed the hour at 4.78 VND with a trading volume of 9,100 shares."
2026-03-19 09:00:00,4.86,4.86,4.74,4.75,11800,VPG,"At 2026-03-19 09:00:00, the stock VPG opened at 4.86 VND, reached a high of 4.86 VND, a low of 4.74 VND, and closed the hour at 4.75 VND with a trading volume of 11,800 shares."
2026-03-19 10:00:00,4.79,4.79,4.68,4.77,26000,VPG,"At 2026-03-19 10:00:00, the stock VPG opened at 4.79 VND, reached a high of 4.79 VND, a low of 4.68 VND, and closed the hour at 4.77 VND with a trading volume of 26,000 shares."
2026-03-19 11:00:00,4.75,4.76,4.75,4.76,900,VPG,"At 2026-03-19 11:00:00, the stock VPG opened at 4.75 VND, reached a high of 4.76 VND, a low of 4.75 VND, and closed the hour at 4.76 VND with a trading volume of 900 shares."
2026-03-19 13:00:00,4.76,4.76,4.7,4.76,3000,VPG,"At 2026-03-19 13:00:00, the stock VPG opened at 4.76 VND, reached a high of 4.76 VND, a low of 4.70 VND, and closed the hour at 4.76 VND with a trading volume of 3,000 shares."
2026-03-19 14:00:00,4.76,4.78,4.72,4.78,11400,VPG,"At 2026-03-19 14:00:00, the stock VPG opened at 4.76 VND, reached a high of 4.78 VND, a low of 4.72 VND, and closed the hour at 4.78 VND with a trading volume of 11,400 shares."
2026-03-20 09:00:00,4.77,4.77,4.68,4.71,25000,VPG,"At 2026-03-20 09:00:00, the stock VPG opened at 4.77 VND, reached a high of 4.77 VND, a low of 4.68 VND, and closed the hour at 4.71 VND with a trading volume of 25,000 shares."
2026-03-20 10:00:00,4.77,4.77,4.7,4.7,46700,VPG,"At 2026-03-20 10:00:00, the stock VPG opened at 4.77 VND, reached a high of 4.77 VND, a low of 4.70 VND, and closed the hour at 4.70 VND with a trading volume of 46,700 shares."
2026-03-20 11:00:00,4.71,4.71,4.68,4.7,12700,VPG,"At 2026-03-20 11:00:00, the stock VPG opened at 4.71 VND, reached a high of 4.71 VND, a low of 4.68 VND, and closed the hour at 4.70 VND with a trading volume of 12,700 shares."
2026-03-20 13:00:00,4.7,4.7,4.65,4.65,33600,VPG,"At 2026-03-20 13:00:00, the stock VPG opened at 4.70 VND, reached a high of 4.70 VND, a low of 4.65 VND, and closed the hour at 4.65 VND with a trading volume of 33,600 shares."
2026-03-20 14:00:00,4.64,4.67,4.58,4.58,62800,VPG,"At 2026-03-20 14:00:00, the stock VPG opened at 4.64 VND, reached a high of 4.67 VND, a low of 4.58 VND, and closed the hour at 4.58 VND with a trading volume of 62,800 shares."
