date,advancers,decliners,unchanged,breadth_member_count,pct_above_ma20,pct_above_ma50,new_highs_252,new_lows_252,up_volume,down_volume,net_advancers,advance_decline_ratio,market_breadth,advancing_share,declining_share,new_high_low_spread,up_down_volume_ratio
2013-12-30,0,0,1,1,,,0.0,0.0,0.0,0.0,0,,0.0,0.0,0.0,0.0,
2013-12-31,0,0,1,1,,,0.0,0.0,0.0,0.0,0,,0.0,0.0,0.0,0.0,
2014-01-02,0,0,1,1,,,0.0,0.0,0.0,0.0,0,,0.0,0.0,0.0,0.0,
2014-01-03,0,0,1,1,,,0.0,0.0,0.0,0.0,0,,0.0,0.0,0.0,0.0,
2014-01-06,0,0,1,1,,,0.0,0.0,0.0,0.0,0,,0.0,0.0,0.0,0.0,
2014-01-07,0,0,1,1,,,0.0,0.0,0.0,0.0,0,,0.0,0.0,0.0,0.0,
2014-01-08,0,0,1,1,,,0.0,0.0,0.0,0.0,0,,0.0,0.0,0.0,0.0,
2014-01-09,0,0,1,1,,,0.0,0.0,0.0,0.0,0,,0.0,0.0,0.0,0.0,
2014-01-10,0,0,1,1,,,0.0,0.0,0.0,0.0,0,,0.0,0.0,0.0,0.0,
2014-01-13,0,0,1,1,,,0.0,0.0,0.0,0.0,0,,0.0,0.0,0.0,0.0,
2014-01-14,0,0,1,1,,,0.0,0.0,0.0,0.0,0,,0.0,0.0,0.0,0.0,
2014-01-15,0,0,1,1,,,0.0,0.0,0.0,0.0,0,,0.0,0.0,0.0,0.0,
2014-01-16,0,0,1,1,,,0.0,0.0,0.0,0.0,0,,0.0,0.0,0.0,0.0,
2014-01-17,0,0,1,1,,,0.0,0.0,0.0,0.0,0,,0.0,0.0,0.0,0.0,
2014-01-20,0,0,1,1,,,0.0,0.0,0.0,0.0,0,,0.0,0.0,0.0,0.0,
2014-01-21,0,0,1,1,,,0.0,0.0,0.0,0.0,0,,0.0,0.0,0.0,0.0,
2014-01-22,0,0,1,1,,,0.0,0.0,0.0,0.0,0,,0.0,0.0,0.0,0.0,
2014-01-23,0,0,1,1,,,0.0,0.0,0.0,0.0,0,,0.0,0.0,0.0,0.0,
2014-01-24,0,0,1,1,0.0,,0.0,0.0,0.0,0.0,0,,0.0,0.0,0.0,0.0,
2014-01-27,0,0,1,1,0.0,,0.0,0.0,0.0,0.0,0,,0.0,0.0,0.0,0.0,
2014-02-06,0,0,1,1,0.0,,0.0,0.0,0.0,0.0,0,,0.0,0.0,0.0,0.0,
2014-02-07,0,0,1,1,0.0,,0.0,0.0,0.0,0.0,0,,0.0,0.0,0.0,0.0,
2014-02-10,0,0,1,1,0.0,,0.0,0.0,0.0,0.0,0,,0.0,0.0,0.0,0.0,
2014-02-11,0,0,1,1,0.0,,0.0,0.0,0.0,0.0,0,,0.0,0.0,0.0,0.0,
2014-02-12,0,0,1,1,0.0,,0.0,0.0,0.0,0.0,0,,0.0,0.0,0.0,0.0,
2014-03-21,0,0,1,1,,,0.0,0.0,0.0,0.0,0,,0.0,0.0,0.0,0.0,
2014-03-24,1,0,0,1,,,0.0,0.0,100.0,0.0,1,,1.0,1.0,0.0,0.0,
2014-03-25,1,0,0,1,,,0.0,0.0,100.0,0.0,1,,1.0,1.0,0.0,0.0,
2014-03-26,0,0,1,1,,,0.0,0.0,0.0,0.0,0,,0.0,0.0,0.0,0.0,
2014-03-27,1,0,0,1,,,0.0,0.0,100.0,0.0,1,,1.0,1.0,0.0,0.0,
2014-03-28,0,0,1,1,,,0.0,0.0,0.0,0.0,0,,0.0,0.0,0.0,0.0,
2014-03-31,0,1,0,1,,,0.0,0.0,0.0,1600.0,-1,0.0,-1.0,0.0,1.0,0.0,0.0
2014-04-01,0,0,1,1,,,0.0,0.0,0.0,0.0,0,,0.0,0.0,0.0,0.0,
2014-04-02,0,0,1,1,,,0.0,0.0,0.0,0.0,0,,0.0,0.0,0.0,0.0,
2014-04-03,1,0,0,1,,,0.0,0.0,100.0,0.0,1,,1.0,1.0,0.0,0.0,
2014-04-04,0,0,1,1,,,0.0,0.0,0.0,0.0,0,,0.0,0.0,0.0,0.0,
2014-04-07,0,0,1,1,,,0.0,0.0,0.0,0.0,0,,0.0,0.0,0.0,0.0,
2014-04-08,0,0,1,1,,,0.0,0.0,0.0,0.0,0,,0.0,0.0,0.0,0.0,
2014-04-10,0,1,0,1,,,0.0,0.0,0.0,100.0,-1,0.0,-1.0,0.0,1.0,0.0,0.0
2014-04-11,0,1,0,1,,,0.0,0.0,0.0,600.0,-1,0.0,-1.0,0.0,1.0,0.0,0.0
2014-04-14,1,0,0,1,,,0.0,0.0,1100.0,0.0,1,,1.0,1.0,0.0,0.0,
2014-04-15,0,0,1,1,,,0.0,0.0,0.0,0.0,0,,0.0,0.0,0.0,0.0,
2014-04-16,0,0,1,1,,,0.0,0.0,0.0,0.0,0,,0.0,0.0,0.0,0.0,
2014-04-17,0,0,1,1,0.0,,0.0,0.0,0.0,0.0,0,,0.0,0.0,0.0,0.0,
2014-04-18,0,0,1,1,0.0,,0.0,0.0,0.0,0.0,0,,0.0,0.0,0.0,0.0,
2014-04-21,0,1,0,1,0.0,,0.0,0.0,0.0,100.0,-1,0.0,-1.0,0.0,1.0,0.0,0.0
2014-04-22,0,0,1,1,0.0,,0.0,0.0,0.0,0.0,0,,0.0,0.0,0.0,0.0,
2014-04-23,0,0,1,1,0.0,,0.0,0.0,0.0,0.0,0,,0.0,0.0,0.0,0.0,
2014-04-24,0,0,1,1,0.0,,0.0,0.0,0.0,0.0,0,,0.0,0.0,0.0,0.0,
2014-04-25,0,0,1,1,0.0,,0.0,0.0,0.0,0.0,0,,0.0,0.0,0.0,0.0,
2014-04-28,0,0,1,1,0.0,,0.0,0.0,0.0,0.0,0,,0.0,0.0,0.0,0.0,
2014-04-29,0,0,1,1,0.0,,0.0,0.0,0.0,0.0,0,,0.0,0.0,0.0,0.0,
2014-05-05,1,0,0,1,0.0,,0.0,0.0,100.0,0.0,1,,1.0,1.0,0.0,0.0,
2014-05-06,0,0,1,1,0.0,,0.0,0.0,0.0,0.0,0,,0.0,0.0,0.0,0.0,
2014-05-07,0,0,1,1,0.0,,0.0,0.0,0.0,0.0,0,,0.0,0.0,0.0,0.0,
2014-05-08,0,0,1,1,0.0,,0.0,0.0,0.0,0.0,0,,0.0,0.0,0.0,0.0,
2014-05-09,0,0,1,1,0.0,,0.0,0.0,0.0,0.0,0,,0.0,0.0,0.0,0.0,
2014-05-12,1,0,0,1,1.0,,0.0,0.0,4000.0,0.0,1,,1.0,1.0,0.0,0.0,
2014-05-13,0,0,1,1,1.0,,0.0,0.0,0.0,0.0,0,,0.0,0.0,0.0,0.0,
2014-05-14,0,0,1,1,1.0,,0.0,0.0,0.0,0.0,0,,0.0,0.0,0.0,0.0,
2014-05-15,1,0,0,1,1.0,,0.0,0.0,100.0,0.0,1,,1.0,1.0,0.0,0.0,
2014-05-16,0,1,0,1,1.0,,0.0,0.0,0.0,100.0,-1,0.0,-1.0,0.0,1.0,0.0,0.0
2014-05-19,0,0,1,1,1.0,,0.0,0.0,0.0,0.0,0,,0.0,0.0,0.0,0.0,
2014-05-20,0,1,0,1,0.0,,0.0,0.0,0.0,100.0,-1,0.0,-1.0,0.0,1.0,0.0,0.0
2014-05-21,0,0,1,1,0.0,,0.0,0.0,0.0,0.0,0,,0.0,0.0,0.0,0.0,
2014-05-22,0,0,1,1,0.0,,0.0,0.0,0.0,0.0,0,,0.0,0.0,0.0,0.0,
2014-05-23,0,0,1,1,0.0,,0.0,0.0,0.0,0.0,0,,0.0,0.0,0.0,0.0,
2014-05-26,0,0,1,1,0.0,,0.0,0.0,0.0,0.0,0,,0.0,0.0,0.0,0.0,
2014-05-27,0,0,1,1,0.0,,0.0,0.0,0.0,0.0,0,,0.0,0.0,0.0,0.0,
2014-05-28,0,0,1,1,0.0,,0.0,0.0,0.0,0.0,0,,0.0,0.0,0.0,0.0,
2014-05-29,0,1,0,1,0.0,,0.0,0.0,0.0,100.0,-1,0.0,-1.0,0.0,1.0,0.0,0.0
2014-05-30,0,0,1,1,0.0,,0.0,0.0,0.0,0.0,0,,0.0,0.0,0.0,0.0,
2014-06-02,0,0,1,1,0.0,,0.0,0.0,0.0,0.0,0,,0.0,0.0,0.0,0.0,
2014-06-03,0,0,1,1,0.0,0.0,0.0,0.0,0.0,0.0,0,,0.0,0.0,0.0,0.0,
2014-06-04,0,0,1,1,0.0,0.0,0.0,0.0,0.0,0.0,0,,0.0,0.0,0.0,0.0,
2014-06-05,0,0,1,1,0.0,0.0,0.0,0.0,0.0,0.0,0,,0.0,0.0,0.0,0.0,
2014-06-06,0,0,1,1,0.0,0.0,0.0,0.0,0.0,0.0,0,,0.0,0.0,0.0,0.0,
2014-06-09,0,0,1,1,0.0,0.0,0.0,0.0,0.0,0.0,0,,0.0,0.0,0.0,0.0,
2014-06-10,1,0,0,1,0.0,0.0,0.0,0.0,100.0,0.0,1,,1.0,1.0,0.0,0.0,
2014-06-11,0,0,1,1,0.0,0.0,0.0,0.0,0.0,0.0,0,,0.0,0.0,0.0,0.0,
2014-06-12,0,0,1,1,0.0,0.0,0.0,0.0,0.0,0.0,0,,0.0,0.0,0.0,0.0,
2014-06-13,0,0,1,1,1.0,0.0,0.0,0.0,0.0,0.0,0,,0.0,0.0,0.0,0.0,
2014-06-16,0,0,1,1,1.0,0.0,0.0,0.0,0.0,0.0,0,,0.0,0.0,0.0,0.0,
2014-06-17,0,0,1,1,1.0,0.0,0.0,0.0,0.0,0.0,0,,0.0,0.0,0.0,0.0,
2014-06-18,0,0,1,1,1.0,0.0,0.0,0.0,0.0,0.0,0,,0.0,0.0,0.0,0.0,
2014-06-19,0,0,1,1,1.0,0.0,0.0,0.0,0.0,0.0,0,,0.0,0.0,0.0,0.0,
2014-06-20,0,0,1,1,1.0,0.0,0.0,0.0,0.0,0.0,0,,0.0,0.0,0.0,0.0,
2014-06-23,0,0,1,1,1.0,0.0,0.0,0.0,0.0,0.0,0,,0.0,0.0,0.0,0.0,
2014-06-24,1,0,0,1,1.0,0.0,0.0,0.0,100.0,0.0,1,,1.0,1.0,0.0,0.0,
2014-06-25,0,0,1,1,1.0,0.0,0.0,0.0,0.0,0.0,0,,0.0,0.0,0.0,0.0,
2014-06-26,0,0,1,1,1.0,0.0,0.0,0.0,0.0,0.0,0,,0.0,0.0,0.0,0.0,
2014-06-27,0,0,1,1,1.0,0.0,0.0,0.0,0.0,0.0,0,,0.0,0.0,0.0,0.0,
2014-06-30,0,0,1,1,1.0,0.0,0.0,0.0,0.0,0.0,0,,0.0,0.0,0.0,0.0,
2014-07-01,0,0,1,1,1.0,1.0,0.0,0.0,0.0,0.0,0,,0.0,0.0,0.0,0.0,
2014-07-02,0,0,1,1,1.0,1.0,0.0,0.0,0.0,0.0,0,,0.0,0.0,0.0,0.0,
2014-07-03,0,0,1,1,1.0,1.0,0.0,0.0,0.0,0.0,0,,0.0,0.0,0.0,0.0,
2014-07-04,0,0,1,1,1.0,1.0,0.0,0.0,0.0,0.0,0,,0.0,0.0,0.0,0.0,
2014-07-07,0,0,1,1,1.0,1.0,0.0,0.0,0.0,0.0,0,,0.0,0.0,0.0,0.0,
2014-07-08,0,0,1,1,1.0,1.0,0.0,0.0,0.0,0.0,0,,0.0,0.0,0.0,0.0,
2014-07-09,0,0,1,1,1.0,1.0,0.0,0.0,0.0,0.0,0,,0.0,0.0,0.0,0.0,
2014-07-10,0,0,1,1,1.0,1.0,0.0,0.0,0.0,0.0,0,,0.0,0.0,0.0,0.0,
2014-07-11,0,0,1,1,1.0,1.0,0.0,0.0,0.0,0.0,0,,0.0,0.0,0.0,0.0,
2014-07-14,1,0,0,1,1.0,1.0,0.0,0.0,100.0,0.0,1,,1.0,1.0,0.0,0.0,
2014-07-15,0,0,1,1,1.0,1.0,0.0,0.0,0.0,0.0,0,,0.0,0.0,0.0,0.0,
2014-07-16,0,0,1,1,1.0,1.0,0.0,0.0,0.0,0.0,0,,0.0,0.0,0.0,0.0,
2014-07-17,0,0,1,1,1.0,1.0,0.0,0.0,0.0,0.0,0,,0.0,0.0,0.0,0.0,
2014-07-18,0,0,1,1,1.0,1.0,0.0,0.0,0.0,0.0,0,,0.0,0.0,0.0,0.0,
2014-07-21,0,0,1,1,1.0,1.0,0.0,0.0,0.0,0.0,0,,0.0,0.0,0.0,0.0,
2014-07-22,0,0,1,1,1.0,1.0,0.0,0.0,0.0,0.0,0,,0.0,0.0,0.0,0.0,
2014-07-23,0,0,1,1,1.0,1.0,0.0,0.0,0.0,0.0,0,,0.0,0.0,0.0,0.0,
2014-07-24,0,0,1,1,1.0,1.0,0.0,0.0,0.0,0.0,0,,0.0,0.0,0.0,0.0,
2014-07-25,0,0,1,1,1.0,1.0,0.0,0.0,0.0,0.0,0,,0.0,0.0,0.0,0.0,
2014-07-28,0,1,0,1,0.0,0.0,0.0,0.0,0.0,100.0,-1,0.0,-1.0,0.0,1.0,0.0,0.0
2014-07-29,0,0,1,1,0.0,0.0,0.0,0.0,0.0,0.0,0,,0.0,0.0,0.0,0.0,
2014-07-30,0,0,1,1,0.0,0.0,0.0,0.0,0.0,0.0,0,,0.0,0.0,0.0,0.0,
2014-07-31,0,0,1,1,0.0,0.0,0.0,0.0,0.0,0.0,0,,0.0,0.0,0.0,0.0,
2014-08-01,0,0,1,1,0.0,0.0,0.0,0.0,0.0,0.0,0,,0.0,0.0,0.0,0.0,
2014-08-04,0,0,1,1,0.0,0.0,0.0,0.0,0.0,0.0,0,,0.0,0.0,0.0,0.0,
2014-08-05,0,0,1,1,0.0,0.0,0.0,0.0,0.0,0.0,0,,0.0,0.0,0.0,0.0,
2014-08-06,0,0,1,1,0.0,0.0,0.0,0.0,0.0,0.0,0,,0.0,0.0,0.0,0.0,
2014-08-07,0,0,1,1,0.0,0.0,0.0,0.0,0.0,0.0,0,,0.0,0.0,0.0,0.0,
2014-08-08,0,0,1,1,0.0,0.0,0.0,0.0,0.0,0.0,0,,0.0,0.0,0.0,0.0,
2014-08-11,0,0,1,1,0.0,0.0,0.0,0.0,0.0,0.0,0,,0.0,0.0,0.0,0.0,
2014-08-12,0,0,1,1,0.0,0.0,0.0,0.0,0.0,0.0,0,,0.0,0.0,0.0,0.0,
2014-08-13,0,0,1,1,0.0,0.0,0.0,0.0,0.0,0.0,0,,0.0,0.0,0.0,0.0,
2014-08-14,0,0,1,1,0.0,0.0,0.0,0.0,0.0,0.0,0,,0.0,0.0,0.0,0.0,
2014-08-15,0,0,1,1,0.0,0.0,0.0,0.0,0.0,0.0,0,,0.0,0.0,0.0,0.0,
2014-08-18,0,0,1,1,0.0,0.0,0.0,0.0,0.0,0.0,0,,0.0,0.0,0.0,0.0,
2014-08-19,0,0,1,1,0.0,0.0,0.0,0.0,0.0,0.0,0,,0.0,0.0,0.0,0.0,
2014-08-20,1,0,0,1,1.0,1.0,0.0,0.0,100.0,0.0,1,,1.0,1.0,0.0,0.0,
2014-08-21,0,0,1,1,1.0,1.0,0.0,0.0,0.0,0.0,0,,0.0,0.0,0.0,0.0,
2014-08-22,0,0,1,1,1.0,1.0,0.0,0.0,0.0,0.0,0,,0.0,0.0,0.0,0.0,
2014-08-25,0,0,1,1,1.0,1.0,0.0,0.0,0.0,0.0,0,,0.0,0.0,0.0,0.0,
2014-08-26,0,0,1,1,1.0,1.0,0.0,0.0,0.0,0.0,0,,0.0,0.0,0.0,0.0,
2014-08-27,0,0,1,1,1.0,1.0,0.0,0.0,0.0,0.0,0,,0.0,0.0,0.0,0.0,
2014-08-28,0,0,1,1,1.0,1.0,0.0,0.0,0.0,0.0,0,,0.0,0.0,0.0,0.0,
2014-08-29,0,0,1,1,1.0,1.0,0.0,0.0,0.0,0.0,0,,0.0,0.0,0.0,0.0,
2014-09-03,1,0,0,1,1.0,1.0,0.0,0.0,100.0,0.0,1,,1.0,1.0,0.0,0.0,
2014-09-04,0,0,1,1,1.0,1.0,0.0,0.0,0.0,0.0,0,,0.0,0.0,0.0,0.0,
2014-09-05,0,1,0,1,1.0,1.0,0.0,0.0,0.0,100.0,-1,0.0,-1.0,0.0,1.0,0.0,0.0
2014-09-08,0,0,1,1,1.0,1.0,0.0,0.0,0.0,0.0,0,,0.0,0.0,0.0,0.0,
2014-09-09,0,0,1,1,0.0,1.0,0.0,0.0,0.0,0.0,0,,0.0,0.0,0.0,0.0,
2014-09-10,0,1,0,1,0.0,0.0,0.0,1.0,0.0,100.0,-1,0.0,-1.0,0.0,1.0,-1.0,0.0
2014-09-11,0,0,1,1,0.0,0.0,0.0,1.0,0.0,0.0,0,,0.0,0.0,0.0,-1.0,
2014-09-12,0,0,1,1,0.0,0.0,0.0,1.0,0.0,0.0,0,,0.0,0.0,0.0,-1.0,
2014-09-15,0,0,1,1,0.0,0.0,0.0,1.0,0.0,0.0,0,,0.0,0.0,0.0,-1.0,
2014-09-16,1,0,0,1,0.0,0.0,0.0,0.0,100.0,0.0,1,,1.0,1.0,0.0,0.0,
2014-09-17,0,0,1,1,0.0,0.0,0.0,0.0,0.0,0.0,0,,0.0,0.0,0.0,0.0,
2014-09-18,0,1,0,1,0.0,0.0,0.0,1.0,0.0,400.0,-1,0.0,-1.0,0.0,1.0,-1.0,0.0
2014-09-19,0,0,1,1,0.0,0.0,0.0,1.0,0.0,0.0,0,,0.0,0.0,0.0,-1.0,
2014-09-22,1,0,0,1,0.0,0.0,0.0,0.0,100.0,0.0,1,,1.0,1.0,0.0,0.0,
2014-09-23,0,0,1,1,0.0,0.0,0.0,0.0,0.0,0.0,0,,0.0,0.0,0.0,0.0,
2014-09-24,0,0,1,1,0.0,0.0,0.0,0.0,0.0,0.0,0,,0.0,0.0,0.0,0.0,
2014-09-25,0,1,0,1,0.0,0.0,0.0,0.0,0.0,100.0,-1,0.0,-1.0,0.0,1.0,0.0,0.0
2014-09-26,0,0,1,1,0.0,0.0,0.0,0.0,0.0,0.0,0,,0.0,0.0,0.0,0.0,
2014-09-29,0,0,1,1,0.0,0.0,0.0,0.0,0.0,0.0,0,,0.0,0.0,0.0,0.0,
2014-09-30,0,0,1,1,0.0,0.0,0.0,0.0,0.0,0.0,0,,0.0,0.0,0.0,0.0,
2014-10-01,0,0,1,1,0.0,0.0,0.0,0.0,0.0,0.0,0,,0.0,0.0,0.0,0.0,
2014-10-02,0,0,1,1,0.0,0.0,0.0,0.0,0.0,0.0,0,,0.0,0.0,0.0,0.0,
2014-10-03,0,0,1,1,0.0,0.0,0.0,0.0,0.0,0.0,0,,0.0,0.0,0.0,0.0,
2014-10-06,0,0,1,1,0.0,0.0,0.0,0.0,0.0,0.0,0,,0.0,0.0,0.0,0.0,
2014-10-07,0,0,1,1,0.0,0.0,0.0,0.0,0.0,0.0,0,,0.0,0.0,0.0,0.0,
2014-10-08,0,0,1,1,0.0,0.0,0.0,0.0,0.0,0.0,0,,0.0,0.0,0.0,0.0,
2014-10-09,0,0,1,1,0.0,0.0,0.0,0.0,0.0,0.0,0,,0.0,0.0,0.0,0.0,
2014-10-10,1,0,0,1,1.0,1.0,0.0,0.0,100.0,0.0,1,,1.0,1.0,0.0,0.0,
2014-10-13,0,0,1,1,1.0,1.0,0.0,0.0,0.0,0.0,0,,0.0,0.0,0.0,0.0,
2014-10-14,0,0,1,1,1.0,1.0,0.0,0.0,0.0,0.0,0,,0.0,0.0,0.0,0.0,
2014-10-15,0,0,1,1,1.0,1.0,0.0,0.0,0.0,0.0,0,,0.0,0.0,0.0,0.0,
2014-10-16,0,1,0,1,0.0,0.0,0.0,0.0,0.0,1000.0,-1,0.0,-1.0,0.0,1.0,0.0,0.0
2014-10-17,0,0,1,1,0.0,0.0,0.0,0.0,0.0,0.0,0,,0.0,0.0,0.0,0.0,
2014-10-20,0,0,1,1,0.0,0.0,0.0,0.0,0.0,0.0,0,,0.0,0.0,0.0,0.0,
2014-10-21,0,0,1,1,0.0,0.0,0.0,0.0,0.0,0.0,0,,0.0,0.0,0.0,0.0,
2014-10-22,0,0,1,1,0.0,0.0,0.0,0.0,0.0,0.0,0,,0.0,0.0,0.0,0.0,
2014-10-23,0,0,1,1,0.0,0.0,0.0,0.0,0.0,0.0,0,,0.0,0.0,0.0,0.0,
2014-10-24,0,0,1,1,0.0,0.0,0.0,0.0,0.0,0.0,0,,0.0,0.0,0.0,0.0,
2014-10-27,0,0,1,1,0.0,0.0,0.0,0.0,0.0,0.0,0,,0.0,0.0,0.0,0.0,
2014-10-28,0,0,1,1,0.0,0.0,0.0,0.0,0.0,0.0,0,,0.0,0.0,0.0,0.0,
2014-10-29,0,0,1,1,0.0,0.0,0.0,0.0,0.0,0.0,0,,0.0,0.0,0.0,0.0,
2014-10-30,0,0,1,1,0.0,0.0,0.0,0.0,0.0,0.0,0,,0.0,0.0,0.0,0.0,
2014-10-31,0,0,1,1,0.0,0.0,0.0,0.0,0.0,0.0,0,,0.0,0.0,0.0,0.0,
2014-11-03,0,0,1,1,0.0,0.0,0.0,0.0,0.0,0.0,0,,0.0,0.0,0.0,0.0,
2014-11-04,0,0,1,1,0.0,0.0,0.0,0.0,0.0,0.0,0,,0.0,0.0,0.0,0.0,
2014-11-05,0,0,1,1,0.0,0.0,0.0,0.0,0.0,0.0,0,,0.0,0.0,0.0,0.0,
2014-11-06,0,0,1,1,0.0,0.0,0.0,1.0,0.0,0.0,0,,0.0,0.0,0.0,-1.0,
2014-11-07,0,0,1,1,0.0,0.0,0.0,0.0,0.0,0.0,0,,0.0,0.0,0.0,0.0,
2014-11-10,0,0,1,1,0.0,0.0,0.0,0.0,0.0,0.0,0,,0.0,0.0,0.0,0.0,
2014-11-11,0,0,1,1,0.0,0.0,0.0,0.0,0.0,0.0,0,,0.0,0.0,0.0,0.0,
2014-11-12,0,0,1,1,0.0,0.0,0.0,0.0,0.0,0.0,0,,0.0,0.0,0.0,0.0,
2014-11-13,0,0,1,1,0.0,0.0,0.0,0.0,0.0,0.0,0,,0.0,0.0,0.0,0.0,
2014-11-14,0,0,1,1,0.0,0.0,0.0,0.0,0.0,0.0,0,,0.0,0.0,0.0,0.0,
2014-11-17,0,0,1,1,0.0,0.0,0.0,0.0,0.0,0.0,0,,0.0,0.0,0.0,0.0,
2014-11-18,1,0,0,1,1.0,1.0,0.0,0.0,100.0,0.0,1,,1.0,1.0,0.0,0.0,
2014-11-19,0,0,1,1,1.0,1.0,0.0,0.0,0.0,0.0,0,,0.0,0.0,0.0,0.0,
2014-11-20,0,0,1,1,1.0,1.0,0.0,0.0,0.0,0.0,0,,0.0,0.0,0.0,0.0,
2014-11-21,0,0,1,1,1.0,1.0,0.0,0.0,0.0,0.0,0,,0.0,0.0,0.0,0.0,
2014-11-24,0,0,1,1,1.0,1.0,0.0,0.0,0.0,0.0,0,,0.0,0.0,0.0,0.0,
2014-11-25,0,0,1,1,1.0,1.0,0.0,0.0,0.0,0.0,0,,0.0,0.0,0.0,0.0,
2014-11-26,0,0,1,1,1.0,1.0,0.0,0.0,0.0,0.0,0,,0.0,0.0,0.0,0.0,
2014-11-27,0,0,1,1,1.0,1.0,0.0,0.0,0.0,0.0,0,,0.0,0.0,0.0,0.0,
2014-11-28,0,0,1,1,1.0,1.0,0.0,0.0,0.0,0.0,0,,0.0,0.0,0.0,0.0,
2014-12-01,0,0,1,1,1.0,1.0,0.0,0.0,0.0,0.0,0,,0.0,0.0,0.0,0.0,
2014-12-02,0,0,1,1,1.0,1.0,0.0,0.0,0.0,0.0,0,,0.0,0.0,0.0,0.0,
2014-12-03,0,0,1,1,1.0,1.0,0.0,0.0,0.0,0.0,0,,0.0,0.0,0.0,0.0,
2014-12-04,0,0,1,1,1.0,1.0,0.0,0.0,0.0,0.0,0,,0.0,0.0,0.0,0.0,
2014-12-05,0,0,1,1,1.0,1.0,0.0,0.0,0.0,0.0,0,,0.0,0.0,0.0,0.0,
2014-12-08,0,0,1,1,1.0,1.0,0.0,0.0,0.0,0.0,0,,0.0,0.0,0.0,0.0,
2014-12-09,0,0,1,1,1.0,1.0,0.0,0.0,0.0,0.0,0,,0.0,0.0,0.0,0.0,
2014-12-10,0,0,1,1,1.0,1.0,0.0,0.0,0.0,0.0,0,,0.0,0.0,0.0,0.0,
2014-12-11,0,0,1,1,1.0,1.0,0.0,0.0,0.0,0.0,0,,0.0,0.0,0.0,0.0,
2014-12-12,0,0,1,1,1.0,1.0,0.0,0.0,0.0,0.0,0,,0.0,0.0,0.0,0.0,
2014-12-15,0,0,1,1,0.0,1.0,0.0,0.0,0.0,0.0,0,,0.0,0.0,0.0,0.0,
2014-12-16,0,0,1,1,0.0,1.0,0.0,0.0,0.0,0.0,0,,0.0,0.0,0.0,0.0,
2014-12-17,0,0,1,1,0.0,1.0,0.0,0.0,0.0,0.0,0,,0.0,0.0,0.0,0.0,
2014-12-18,0,0,1,1,0.0,1.0,0.0,0.0,0.0,0.0,0,,0.0,0.0,0.0,0.0,
2014-12-19,0,0,1,1,0.0,1.0,0.0,0.0,0.0,0.0,0,,0.0,0.0,0.0,0.0,
2014-12-22,0,0,1,1,0.0,1.0,0.0,0.0,0.0,0.0,0,,0.0,0.0,0.0,0.0,
2014-12-23,0,0,1,1,0.0,1.0,0.0,0.0,0.0,0.0,0,,0.0,0.0,0.0,0.0,
2014-12-24,0,0,1,1,0.0,1.0,0.0,0.0,0.0,0.0,0,,0.0,0.0,0.0,0.0,
2014-12-25,0,0,1,1,0.0,1.0,0.0,0.0,0.0,0.0,0,,0.0,0.0,0.0,0.0,
2014-12-26,0,0,1,1,0.0,1.0,0.0,0.0,0.0,0.0,0,,0.0,0.0,0.0,0.0,
2014-12-29,0,0,1,1,0.0,1.0,0.0,0.0,0.0,0.0,0,,0.0,0.0,0.0,0.0,
2014-12-30,0,0,1,1,0.0,1.0,0.0,0.0,0.0,0.0,0,,0.0,0.0,0.0,0.0,
2014-12-31,0,0,1,1,0.0,1.0,0.0,0.0,0.0,0.0,0,,0.0,0.0,0.0,0.0,
2015-01-05,0,0,1,1,0.0,1.0,0.0,0.0,0.0,0.0,0,,0.0,0.0,0.0,0.0,
2015-01-06,0,0,1,1,0.0,1.0,0.0,0.0,0.0,0.0,0,,0.0,0.0,0.0,0.0,
2015-01-07,0,0,1,1,0.0,1.0,0.0,0.0,0.0,0.0,0,,0.0,0.0,0.0,0.0,
2015-01-08,0,0,1,1,0.0,1.0,0.0,0.0,0.0,0.0,0,,0.0,0.0,0.0,0.0,
2015-01-09,0,0,1,1,0.0,1.0,0.0,0.0,0.0,0.0,0,,0.0,0.0,0.0,0.0,
2015-01-12,0,0,1,1,0.0,1.0,0.0,0.0,0.0,0.0,0,,0.0,0.0,0.0,0.0,
2015-01-13,0,0,1,1,0.0,1.0,0.0,0.0,0.0,0.0,0,,0.0,0.0,0.0,0.0,
2015-01-14,0,0,1,1,0.0,1.0,0.0,0.0,0.0,0.0,0,,0.0,0.0,0.0,0.0,
2015-01-15,0,0,1,1,0.0,1.0,0.0,0.0,0.0,0.0,0,,0.0,0.0,0.0,0.0,
2015-01-16,0,0,1,1,0.0,1.0,0.0,0.0,0.0,0.0,0,,0.0,0.0,0.0,0.0,
2015-01-19,0,0,1,1,0.0,1.0,0.0,0.0,0.0,0.0,0,,0.0,0.0,0.0,0.0,
2015-01-20,0,0,1,1,0.0,1.0,0.0,0.0,0.0,0.0,0,,0.0,0.0,0.0,0.0,
2015-01-21,0,0,1,1,0.0,1.0,0.0,0.0,0.0,0.0,0,,0.0,0.0,0.0,0.0,
2015-01-22,0,0,1,1,0.0,1.0,0.0,0.0,0.0,0.0,0,,0.0,0.0,0.0,0.0,
2015-01-23,0,0,1,1,0.0,1.0,0.0,0.0,0.0,0.0,0,,0.0,0.0,0.0,0.0,
2015-01-26,0,0,1,1,0.0,1.0,0.0,0.0,0.0,0.0,0,,0.0,0.0,0.0,0.0,
2015-01-27,0,0,1,1,0.0,1.0,0.0,0.0,0.0,0.0,0,,0.0,0.0,0.0,0.0,
2015-01-28,0,0,1,1,0.0,0.0,0.0,0.0,0.0,0.0,0,,0.0,0.0,0.0,0.0,
2015-01-29,0,0,1,1,0.0,0.0,0.0,0.0,0.0,0.0,0,,0.0,0.0,0.0,0.0,
2015-01-30,0,0,1,1,0.0,0.0,0.0,0.0,0.0,0.0,0,,0.0,0.0,0.0,0.0,
2015-02-02,0,0,1,1,0.0,0.0,0.0,0.0,0.0,0.0,0,,0.0,0.0,0.0,0.0,
2015-02-03,0,0,1,1,0.0,0.0,0.0,0.0,0.0,0.0,0,,0.0,0.0,0.0,0.0,
2015-02-04,0,0,1,1,0.0,0.0,0.0,0.0,0.0,0.0,0,,0.0,0.0,0.0,0.0,
2015-02-05,0,0,1,1,0.0,0.0,0.0,0.0,0.0,0.0,0,,0.0,0.0,0.0,0.0,
2015-02-06,0,0,1,1,0.0,0.0,0.0,0.0,0.0,0.0,0,,0.0,0.0,0.0,0.0,
2015-02-09,0,0,1,1,0.0,0.0,0.0,0.0,0.0,0.0,0,,0.0,0.0,0.0,0.0,
2015-02-10,0,0,1,1,0.0,0.0,0.0,0.0,0.0,0.0,0,,0.0,0.0,0.0,0.0,
2015-02-11,0,0,1,1,0.0,0.0,0.0,0.0,0.0,0.0,0,,0.0,0.0,0.0,0.0,
2015-02-12,0,0,1,1,0.0,0.0,0.0,0.0,0.0,0.0,0,,0.0,0.0,0.0,0.0,
2015-02-13,0,0,1,1,0.0,0.0,0.0,0.0,0.0,0.0,0,,0.0,0.0,0.0,0.0,
2015-02-24,0,0,1,1,0.0,0.0,0.0,0.0,0.0,0.0,0,,0.0,0.0,0.0,0.0,
2015-02-25,0,0,1,1,0.0,0.0,0.0,0.0,0.0,0.0,0,,0.0,0.0,0.0,0.0,
2015-02-26,0,0,1,1,0.0,0.0,0.0,0.0,0.0,0.0,0,,0.0,0.0,0.0,0.0,
2015-02-27,0,0,1,1,0.0,0.0,0.0,0.0,0.0,0.0,0,,0.0,0.0,0.0,0.0,
2015-03-02,0,0,1,1,0.0,0.0,0.0,0.0,0.0,0.0,0,,0.0,0.0,0.0,0.0,
2015-03-03,0,0,1,1,0.0,0.0,0.0,0.0,0.0,0.0,0,,0.0,0.0,0.0,0.0,
2015-03-04,0,0,1,1,0.0,0.0,0.0,0.0,0.0,0.0,0,,0.0,0.0,0.0,0.0,
2015-03-05,0,1,0,1,0.0,0.0,0.0,0.0,0.0,100.0,-1,0.0,-1.0,0.0,1.0,0.0,0.0
2015-03-06,0,1,0,1,0.0,0.0,0.0,1.0,0.0,100.0,-1,0.0,-1.0,0.0,1.0,-1.0,0.0
2015-03-09,0,0,1,1,0.0,0.0,0.0,1.0,0.0,0.0,0,,0.0,0.0,0.0,-1.0,
2015-03-10,0,1,0,1,0.0,0.0,0.0,1.0,0.0,100.0,-1,0.0,-1.0,0.0,1.0,-1.0,0.0
2015-03-11,0,0,1,1,0.0,0.0,0.0,1.0,0.0,0.0,0,,0.0,0.0,0.0,-1.0,
2015-03-12,0,0,1,1,0.0,0.0,0.0,1.0,0.0,0.0,0,,0.0,0.0,0.0,-1.0,
2015-03-13,0,0,1,1,0.0,0.0,0.0,1.0,0.0,0.0,0,,0.0,0.0,0.0,-1.0,
2015-03-16,0,1,0,1,0.0,0.0,0.0,1.0,0.0,100.0,-1,0.0,-1.0,0.0,1.0,-1.0,0.0
2015-03-17,0,0,1,1,0.0,0.0,0.0,1.0,0.0,0.0,0,,0.0,0.0,0.0,-1.0,
2015-03-18,0,0,1,1,0.0,0.0,0.0,1.0,0.0,0.0,0,,0.0,0.0,0.0,-1.0,
2015-03-19,0,0,1,1,0.0,0.0,0.0,1.0,0.0,0.0,0,,0.0,0.0,0.0,-1.0,
2015-03-20,0,0,1,1,0.0,0.0,0.0,1.0,0.0,0.0,0,,0.0,0.0,0.0,-1.0,
2015-03-23,1,0,0,1,0.0,0.0,0.0,0.0,100.0,0.0,1,,1.0,1.0,0.0,0.0,
2015-03-24,0,0,1,1,0.0,0.0,0.0,0.0,0.0,0.0,0,,0.0,0.0,0.0,0.0,
2015-03-25,0,0,1,1,0.0,0.0,0.0,0.0,0.0,0.0,0,,0.0,0.0,0.0,0.0,
2015-03-26,0,0,1,1,0.0,0.0,0.0,0.0,0.0,0.0,0,,0.0,0.0,0.0,0.0,
2015-03-27,0,0,1,1,0.0,0.0,0.0,0.0,0.0,0.0,0,,0.0,0.0,0.0,0.0,
2015-03-30,0,0,1,1,0.0,0.0,0.0,0.0,0.0,0.0,0,,0.0,0.0,0.0,0.0,
2015-03-31,0,0,1,1,0.0,0.0,0.0,0.0,0.0,0.0,0,,0.0,0.0,0.0,0.0,
2015-04-01,0,0,1,1,0.0,0.0,0.0,0.0,0.0,0.0,0,,0.0,0.0,0.0,0.0,
2015-04-02,0,0,1,1,1.0,0.0,0.0,0.0,0.0,0.0,0,,0.0,0.0,0.0,0.0,
2015-04-03,0,0,1,1,1.0,0.0,0.0,0.0,0.0,0.0,0,,0.0,0.0,0.0,0.0,
2015-04-06,0,1,0,1,0.0,0.0,0.0,1.0,0.0,300.0,-1,0.0,-1.0,0.0,1.0,-1.0,0.0
2015-04-07,0,0,1,1,0.0,0.0,0.0,1.0,0.0,0.0,0,,0.0,0.0,0.0,-1.0,
2015-04-08,0,0,1,1,0.0,0.0,0.0,1.0,0.0,0.0,0,,0.0,0.0,0.0,-1.0,
2015-04-09,0,1,0,1,0.0,0.0,0.0,1.0,0.0,100.0,-1,0.0,-1.0,0.0,1.0,-1.0,0.0
2015-04-10,0,0,1,1,0.0,0.0,0.0,1.0,0.0,0.0,0,,0.0,0.0,0.0,-1.0,
2015-04-13,0,0,1,1,0.0,0.0,0.0,1.0,0.0,0.0,0,,0.0,0.0,0.0,-1.0,
2015-04-14,0,0,1,1,0.0,0.0,0.0,1.0,0.0,0.0,0,,0.0,0.0,0.0,-1.0,
2015-04-15,0,0,1,1,0.0,0.0,0.0,1.0,0.0,0.0,0,,0.0,0.0,0.0,-1.0,
2015-04-16,0,0,1,1,0.0,0.0,0.0,1.0,0.0,0.0,0,,0.0,0.0,0.0,-1.0,
2015-04-17,0,0,1,1,0.0,0.0,0.0,1.0,0.0,0.0,0,,0.0,0.0,0.0,-1.0,
2015-04-20,0,0,1,1,0.0,0.0,0.0,1.0,0.0,0.0,0,,0.0,0.0,0.0,-1.0,
2015-04-21,0,0,1,1,0.0,0.0,0.0,1.0,0.0,0.0,0,,0.0,0.0,0.0,-1.0,
2015-04-22,0,0,1,1,0.0,0.0,0.0,1.0,0.0,0.0,0,,0.0,0.0,0.0,-1.0,
2015-04-23,0,0,1,1,0.0,0.0,0.0,1.0,0.0,0.0,0,,0.0,0.0,0.0,-1.0,
2015-04-24,0,0,1,1,0.0,0.0,0.0,1.0,0.0,0.0,0,,0.0,0.0,0.0,-1.0,
2015-04-27,0,0,1,1,0.0,0.0,0.0,1.0,0.0,0.0,0,,0.0,0.0,0.0,-1.0,
2015-05-04,0,0,1,1,0.0,0.0,0.0,1.0,0.0,0.0,0,,0.0,0.0,0.0,-1.0,
2015-05-05,0,0,1,1,0.0,0.0,0.0,1.0,0.0,0.0,0,,0.0,0.0,0.0,-1.0,
2015-05-06,0,0,1,1,0.0,0.0,0.0,1.0,0.0,0.0,0,,0.0,0.0,0.0,-1.0,
2015-05-07,0,0,1,1,0.0,0.0,0.0,1.0,0.0,0.0,0,,0.0,0.0,0.0,-1.0,
2015-05-08,0,0,1,1,0.0,0.0,0.0,1.0,0.0,0.0,0,,0.0,0.0,0.0,-1.0,
2015-05-11,0,0,1,1,0.0,0.0,0.0,1.0,0.0,0.0,0,,0.0,0.0,0.0,-1.0,
2015-05-12,0,0,1,1,0.0,0.0,0.0,1.0,0.0,0.0,0,,0.0,0.0,0.0,-1.0,
2015-05-13,0,0,1,1,0.0,0.0,0.0,1.0,0.0,0.0,0,,0.0,0.0,0.0,-1.0,
2015-05-14,0,0,1,1,0.0,0.0,0.0,1.0,0.0,0.0,0,,0.0,0.0,0.0,-1.0,
2015-05-29,0,1,0,1,0.0,0.0,0.0,1.0,0.0,0.0,-1,0.0,-1.0,0.0,1.0,-1.0,
2015-11-06,1,0,0,1,1.0,1.0,0.0,0.0,100.0,0.0,1,,1.0,1.0,0.0,0.0,
2015-11-09,0,0,1,1,1.0,1.0,0.0,0.0,0.0,0.0,0,,0.0,0.0,0.0,0.0,
2015-11-10,0,0,1,1,1.0,1.0,0.0,0.0,0.0,0.0,0,,0.0,0.0,0.0,0.0,
2015-11-11,0,0,1,1,1.0,1.0,0.0,0.0,0.0,0.0,0,,0.0,0.0,0.0,0.0,
2015-11-12,0,0,1,1,1.0,1.0,0.0,0.0,0.0,0.0,0,,0.0,0.0,0.0,0.0,
2015-11-13,0,0,1,1,1.0,1.0,0.0,0.0,0.0,0.0,0,,0.0,0.0,0.0,0.0,
2015-11-16,0,0,1,1,1.0,1.0,0.0,0.0,0.0,0.0,0,,0.0,0.0,0.0,0.0,
2015-11-17,1,0,0,1,1.0,1.0,0.0,0.0,100.0,0.0,1,,1.0,1.0,0.0,0.0,
2015-11-18,0,0,1,1,1.0,1.0,0.0,0.0,0.0,0.0,0,,0.0,0.0,0.0,0.0,
2015-11-19,0,0,1,1,1.0,1.0,0.0,0.0,0.0,0.0,0,,0.0,0.0,0.0,0.0,
2015-11-20,0,0,1,1,1.0,1.0,0.0,0.0,0.0,0.0,0,,0.0,0.0,0.0,0.0,
2015-11-23,0,0,1,1,1.0,1.0,0.0,0.0,0.0,0.0,0,,0.0,0.0,0.0,0.0,
2015-11-24,0,0,1,1,1.0,1.0,0.0,0.0,0.0,0.0,0,,0.0,0.0,0.0,0.0,
2015-11-25,0,0,1,1,1.0,1.0,0.0,0.0,0.0,0.0,0,,0.0,0.0,0.0,0.0,
2015-11-26,0,0,1,1,1.0,1.0,0.0,0.0,0.0,0.0,0,,0.0,0.0,0.0,0.0,
2015-11-27,0,0,1,1,1.0,1.0,0.0,0.0,0.0,0.0,0,,0.0,0.0,0.0,0.0,
2015-11-30,0,0,1,1,1.0,1.0,0.0,0.0,0.0,0.0,0,,0.0,0.0,0.0,0.0,
2015-12-01,0,0,1,1,1.0,1.0,0.0,0.0,0.0,0.0,0,,0.0,0.0,0.0,0.0,
2015-12-02,0,0,1,1,1.0,1.0,0.0,0.0,0.0,0.0,0,,0.0,0.0,0.0,0.0,
2015-12-03,0,0,1,1,1.0,1.0,0.0,0.0,0.0,0.0,0,,0.0,0.0,0.0,0.0,
2015-12-04,0,0,1,1,1.0,1.0,0.0,0.0,0.0,0.0,0,,0.0,0.0,0.0,0.0,
2015-12-07,0,0,1,1,1.0,1.0,0.0,0.0,0.0,0.0,0,,0.0,0.0,0.0,0.0,
2015-12-08,0,0,1,1,1.0,1.0,0.0,0.0,0.0,0.0,0,,0.0,0.0,0.0,0.0,
2015-12-09,0,0,1,1,1.0,1.0,0.0,0.0,0.0,0.0,0,,0.0,0.0,0.0,0.0,
2015-12-10,0,0,1,1,1.0,1.0,0.0,0.0,0.0,0.0,0,,0.0,0.0,0.0,0.0,
2015-12-11,0,0,1,1,1.0,1.0,0.0,0.0,0.0,0.0,0,,0.0,0.0,0.0,0.0,
2015-12-14,0,0,1,1,0.0,1.0,0.0,0.0,0.0,0.0,0,,0.0,0.0,0.0,0.0,
2015-12-15,0,0,1,1,0.0,1.0,0.0,0.0,0.0,0.0,0,,0.0,0.0,0.0,0.0,
2015-12-16,0,0,1,1,0.0,1.0,0.0,0.0,0.0,0.0,0,,0.0,0.0,0.0,0.0,
2015-12-17,0,0,1,1,0.0,1.0,0.0,0.0,0.0,0.0,0,,0.0,0.0,0.0,0.0,
2015-12-18,0,0,1,1,0.0,1.0,0.0,0.0,0.0,0.0,0,,0.0,0.0,0.0,0.0,
2015-12-21,0,0,1,1,0.0,1.0,0.0,0.0,0.0,0.0,0,,0.0,0.0,0.0,0.0,
2015-12-22,0,0,1,1,0.0,1.0,0.0,0.0,0.0,0.0,0,,0.0,0.0,0.0,0.0,
2015-12-23,1,0,0,1,1.0,1.0,0.0,0.0,506400.0,0.0,1,,1.0,1.0,0.0,0.0,
2015-12-24,0,0,1,1,1.0,1.0,0.0,0.0,0.0,0.0,0,,0.0,0.0,0.0,0.0,
2015-12-25,0,0,1,1,1.0,1.0,0.0,0.0,0.0,0.0,0,,0.0,0.0,0.0,0.0,
2015-12-28,0,0,1,1,1.0,1.0,0.0,0.0,0.0,0.0,0,,0.0,0.0,0.0,0.0,
2015-12-29,0,0,1,1,1.0,1.0,0.0,0.0,0.0,0.0,0,,0.0,0.0,0.0,0.0,
2015-12-30,0,0,1,1,1.0,1.0,0.0,0.0,0.0,0.0,0,,0.0,0.0,0.0,0.0,
2015-12-31,0,0,1,1,1.0,1.0,0.0,0.0,0.0,0.0,0,,0.0,0.0,0.0,0.0,
2016-01-04,0,0,1,1,1.0,1.0,0.0,0.0,0.0,0.0,0,,0.0,0.0,0.0,0.0,
2016-01-05,0,0,1,1,1.0,1.0,0.0,0.0,0.0,0.0,0,,0.0,0.0,0.0,0.0,
2016-01-06,0,0,1,1,1.0,1.0,0.0,0.0,0.0,0.0,0,,0.0,0.0,0.0,0.0,
2016-01-07,0,0,1,1,1.0,1.0,0.0,0.0,0.0,0.0,0,,0.0,0.0,0.0,0.0,
2016-01-08,0,0,1,1,1.0,1.0,0.0,0.0,0.0,0.0,0,,0.0,0.0,0.0,0.0,
2016-01-11,0,0,1,1,1.0,1.0,0.0,0.0,0.0,0.0,0,,0.0,0.0,0.0,0.0,
2016-01-12,0,0,1,1,1.0,1.0,0.0,0.0,0.0,0.0,0,,0.0,0.0,0.0,0.0,
2016-01-13,0,0,1,1,1.0,1.0,0.0,0.0,0.0,0.0,0,,0.0,0.0,0.0,0.0,
2016-01-14,1,0,0,1,1.0,1.0,0.0,0.0,2600.0,0.0,1,,1.0,1.0,0.0,0.0,
2016-01-15,0,1,0,1,1.0,1.0,0.0,0.0,0.0,2150.0,-1,0.0,-1.0,0.0,1.0,0.0,0.0
2016-01-18,0,0,1,1,1.0,1.0,0.0,0.0,0.0,0.0,0,,0.0,0.0,0.0,0.0,
2016-01-19,0,0,1,1,1.0,1.0,0.0,0.0,0.0,0.0,0,,0.0,0.0,0.0,0.0,
2016-01-20,0,0,1,1,0.0,1.0,0.0,0.0,0.0,0.0,0,,0.0,0.0,0.0,0.0,
2016-01-21,0,0,1,1,0.0,1.0,0.0,0.0,0.0,0.0,0,,0.0,0.0,0.0,0.0,
2016-01-22,0,0,1,1,0.0,1.0,0.0,0.0,0.0,0.0,0,,0.0,0.0,0.0,0.0,
2016-01-25,0,0,1,1,0.0,1.0,0.0,0.0,0.0,0.0,0,,0.0,0.0,0.0,0.0,
2016-01-26,0,0,1,1,0.0,1.0,0.0,0.0,0.0,0.0,0,,0.0,0.0,0.0,0.0,
2016-01-27,0,0,1,1,0.0,1.0,0.0,0.0,0.0,0.0,0,,0.0,0.0,0.0,0.0,
2016-01-28,1,0,0,1,1.0,1.0,0.0,0.0,300.0,0.0,1,,1.0,1.0,0.0,0.0,
2016-01-29,0,1,0,1,0.0,1.0,0.0,0.0,0.0,900.0,-1,0.0,-1.0,0.0,1.0,0.0,0.0
2016-02-01,0,0,1,1,0.0,1.0,0.0,0.0,0.0,0.0,0,,0.0,0.0,0.0,0.0,
2016-02-02,0,0,1,1,0.0,1.0,0.0,0.0,0.0,0.0,0,,0.0,0.0,0.0,0.0,
2016-02-03,1,0,0,1,1.0,1.0,0.0,0.0,1200.0,0.0,1,,1.0,1.0,0.0,0.0,
2016-02-04,0,0,1,1,1.0,1.0,0.0,0.0,0.0,0.0,0,,0.0,0.0,0.0,0.0,
2016-02-05,0,0,1,1,1.0,1.0,0.0,0.0,0.0,0.0,0,,0.0,0.0,0.0,0.0,
2016-02-15,0,0,1,1,1.0,1.0,0.0,0.0,0.0,0.0,0,,0.0,0.0,0.0,0.0,
2016-02-16,1,0,0,1,1.0,1.0,0.0,0.0,504200.0,0.0,1,,1.0,1.0,0.0,0.0,
2016-02-17,0,1,0,1,0.0,1.0,0.0,0.0,0.0,200000.0,-1,0.0,-1.0,0.0,1.0,0.0,0.0
2016-02-18,0,0,1,1,0.0,1.0,0.0,0.0,0.0,0.0,0,,0.0,0.0,0.0,0.0,
2016-02-19,0,0,1,1,0.0,1.0,0.0,0.0,0.0,0.0,0,,0.0,0.0,0.0,0.0,
2016-02-22,1,0,0,1,1.0,1.0,0.0,0.0,200.0,0.0,1,,1.0,1.0,0.0,0.0,
2016-02-23,0,0,1,1,1.0,1.0,0.0,0.0,0.0,0.0,0,,0.0,0.0,0.0,0.0,
2016-02-24,0,0,1,1,1.0,1.0,0.0,0.0,0.0,0.0,0,,0.0,0.0,0.0,0.0,
2016-02-25,0,0,1,1,1.0,1.0,0.0,0.0,0.0,0.0,0,,0.0,0.0,0.0,0.0,
2016-02-26,0,0,1,1,1.0,1.0,0.0,0.0,0.0,0.0,0,,0.0,0.0,0.0,0.0,
2016-02-29,0,0,1,1,1.0,1.0,0.0,0.0,0.0,0.0,0,,0.0,0.0,0.0,0.0,
2016-03-01,0,0,1,1,1.0,1.0,0.0,0.0,0.0,0.0,0,,0.0,0.0,0.0,0.0,
2016-03-02,0,0,1,1,1.0,1.0,0.0,0.0,0.0,0.0,0,,0.0,0.0,0.0,0.0,
2016-03-03,0,0,1,1,1.0,1.0,0.0,0.0,0.0,0.0,0,,0.0,0.0,0.0,0.0,
2016-03-04,0,0,1,1,1.0,1.0,0.0,0.0,0.0,0.0,0,,0.0,0.0,0.0,0.0,
2016-03-07,1,0,0,1,1.0,1.0,0.0,0.0,16900.0,0.0,1,,1.0,1.0,0.0,0.0,
2016-03-08,0,1,0,1,0.0,0.0,0.0,0.0,0.0,100.0,-1,0.0,-1.0,0.0,1.0,0.0,0.0
2016-03-09,0,0,1,1,0.0,0.0,0.0,0.0,0.0,0.0,0,,0.0,0.0,0.0,0.0,
2016-03-10,0,0,1,1,0.0,0.0,0.0,0.0,0.0,0.0,0,,0.0,0.0,0.0,0.0,
2016-03-11,0,0,1,1,0.0,0.0,0.0,0.0,0.0,0.0,0,,0.0,0.0,0.0,0.0,
2016-03-14,0,0,1,1,0.0,0.0,0.0,0.0,0.0,0.0,0,,0.0,0.0,0.0,0.0,
2016-03-15,0,0,1,1,0.0,0.0,0.0,0.0,0.0,0.0,0,,0.0,0.0,0.0,0.0,
2016-03-16,0,0,1,1,0.0,0.0,0.0,0.0,0.0,0.0,0,,0.0,0.0,0.0,0.0,
2016-03-17,0,0,1,1,0.0,0.0,0.0,0.0,0.0,0.0,0,,0.0,0.0,0.0,0.0,
2016-03-18,0,0,1,1,0.0,0.0,0.0,0.0,0.0,0.0,0,,0.0,0.0,0.0,0.0,
2016-03-21,0,0,1,1,0.0,0.0,0.0,0.0,0.0,0.0,0,,0.0,0.0,0.0,0.0,
2016-03-22,0,0,1,1,0.0,0.0,0.0,0.0,0.0,0.0,0,,0.0,0.0,0.0,0.0,
2016-03-23,0,0,1,1,0.0,0.0,0.0,0.0,0.0,0.0,0,,0.0,0.0,0.0,0.0,
2016-03-24,0,0,1,1,0.0,0.0,0.0,0.0,0.0,0.0,0,,0.0,0.0,0.0,0.0,
2016-03-25,0,0,1,1,0.0,0.0,0.0,0.0,0.0,0.0,0,,0.0,0.0,0.0,0.0,
2016-03-28,1,0,0,1,0.0,1.0,0.0,0.0,1000.0,0.0,1,,1.0,1.0,0.0,0.0,
2016-03-29,1,0,0,1,1.0,1.0,1.0,0.0,100.0,0.0,1,,1.0,1.0,0.0,1.0,
2016-03-30,1,0,0,1,1.0,1.0,1.0,0.0,100.0,0.0,1,,1.0,1.0,0.0,1.0,
2016-03-31,1,0,0,1,1.0,1.0,1.0,0.0,100.0,0.0,1,,1.0,1.0,0.0,1.0,
2016-04-01,1,0,0,1,1.0,1.0,1.0,0.0,10100.0,0.0,1,,1.0,1.0,0.0,1.0,
2016-04-04,1,0,0,1,1.0,1.0,1.0,0.0,4100.0,0.0,1,,1.0,1.0,0.0,1.0,
2016-04-05,1,0,0,1,1.0,1.0,1.0,0.0,3200.0,0.0,1,,1.0,1.0,0.0,1.0,
2016-04-06,1,0,0,1,1.0,1.0,1.0,0.0,30400.0,0.0,1,,1.0,1.0,0.0,1.0,
2016-04-07,1,0,0,1,1.0,1.0,1.0,0.0,37800.0,0.0,1,,1.0,1.0,0.0,1.0,
2016-04-08,0,1,0,1,1.0,1.0,0.0,0.0,0.0,7200.0,-1,0.0,-1.0,0.0,1.0,0.0,0.0
2016-04-11,1,0,0,1,1.0,1.0,1.0,0.0,6100.0,0.0,1,,1.0,1.0,0.0,1.0,
2016-04-12,0,1,0,1,1.0,1.0,0.0,0.0,0.0,6000.0,-1,0.0,-1.0,0.0,1.0,0.0,0.0
2016-04-13,1,0,0,1,1.0,1.0,1.0,0.0,23300.0,0.0,1,,1.0,1.0,0.0,1.0,
2016-04-14,0,0,1,1,1.0,1.0,1.0,0.0,0.0,0.0,0,,0.0,0.0,0.0,1.0,
2016-04-15,0,1,0,1,1.0,1.0,0.0,0.0,0.0,5000.0,-1,0.0,-1.0,0.0,1.0,0.0,0.0
2016-04-19,0,1,0,1,1.0,1.0,0.0,0.0,0.0,300.0,-1,0.0,-1.0,0.0,1.0,0.0,0.0
2016-04-20,0,1,0,1,1.0,1.0,0.0,0.0,0.0,1500.0,-1,0.0,-1.0,0.0,1.0,0.0,0.0
2016-04-21,0,0,1,1,1.0,1.0,0.0,0.0,0.0,0.0,0,,0.0,0.0,0.0,0.0,
2016-04-22,0,0,1,1,1.0,1.0,0.0,0.0,0.0,0.0,0,,0.0,0.0,0.0,0.0,
2016-04-25,1,0,0,1,1.0,1.0,1.0,0.0,100.0,0.0,1,,1.0,1.0,0.0,1.0,
2016-04-26,0,0,1,1,1.0,1.0,1.0,0.0,0.0,0.0,0,,0.0,0.0,0.0,1.0,
2016-04-27,0,1,0,1,1.0,1.0,1.0,0.0,0.0,28100.0,-1,0.0,-1.0,0.0,1.0,1.0,0.0
2016-04-28,0,0,1,1,1.0,1.0,0.0,0.0,0.0,0.0,0,,0.0,0.0,0.0,0.0,
2016-04-29,1,0,0,1,1.0,1.0,0.0,0.0,10500.0,0.0,1,,1.0,1.0,0.0,0.0,
2016-05-04,1,0,0,1,1.0,1.0,0.0,0.0,198700.0,0.0,1,,1.0,1.0,0.0,0.0,
2016-05-05,1,0,0,1,1.0,1.0,0.0,0.0,18700.0,0.0,1,,1.0,1.0,0.0,0.0,
2016-05-06,0,1,0,1,1.0,1.0,0.0,0.0,0.0,32700.0,-1,0.0,-1.0,0.0,1.0,0.0,0.0
2016-05-09,0,0,1,1,1.0,1.0,0.0,0.0,0.0,0.0,0,,0.0,0.0,0.0,0.0,
2016-05-10,0,1,0,1,1.0,1.0,0.0,0.0,0.0,100000.0,-1,0.0,-1.0,0.0,1.0,0.0,0.0
2016-05-11,1,0,0,1,1.0,1.0,0.0,0.0,31600.0,0.0,1,,1.0,1.0,0.0,0.0,
2016-05-12,0,1,0,1,1.0,1.0,0.0,0.0,0.0,4900.0,-1,0.0,-1.0,0.0,1.0,0.0,0.0
2016-05-13,0,0,1,1,1.0,1.0,0.0,0.0,0.0,0.0,0,,0.0,0.0,0.0,0.0,
2016-05-16,0,1,0,1,1.0,1.0,0.0,0.0,0.0,6400.0,-1,0.0,-1.0,0.0,1.0,0.0,0.0
2016-05-17,1,0,0,1,1.0,1.0,0.0,0.0,6000.0,0.0,1,,1.0,1.0,0.0,0.0,
2016-05-18,1,0,0,1,1.0,1.0,1.0,0.0,6100.0,0.0,1,,1.0,1.0,0.0,1.0,
2016-05-19,0,0,1,1,1.0,1.0,1.0,0.0,0.0,0.0,0,,0.0,0.0,0.0,1.0,
2016-05-20,1,0,0,1,1.0,1.0,1.0,0.0,30600.0,0.0,1,,1.0,1.0,0.0,1.0,
2016-05-23,0,0,1,1,1.0,1.0,1.0,0.0,0.0,0.0,0,,0.0,0.0,0.0,1.0,
2016-05-24,0,1,0,1,0.0,1.0,0.0,0.0,0.0,3100.0,-1,0.0,-1.0,0.0,1.0,0.0,0.0
2016-05-25,1,0,0,1,1.0,1.0,1.0,0.0,67900.0,0.0,1,,1.0,1.0,0.0,1.0,
2016-05-26,0,1,0,1,1.0,1.0,0.0,0.0,0.0,30000.0,-1,0.0,-1.0,0.0,1.0,0.0,0.0
2016-05-27,0,0,1,1,1.0,1.0,0.0,0.0,0.0,0.0,0,,0.0,0.0,0.0,0.0,
2016-05-30,1,0,0,1,1.0,1.0,0.0,0.0,1500.0,0.0,1,,1.0,1.0,0.0,0.0,
2016-05-31,0,0,1,1,1.0,1.0,0.0,0.0,0.0,0.0,0,,0.0,0.0,0.0,0.0,
2016-06-01,1,0,0,1,1.0,1.0,1.0,0.0,10000.0,0.0,1,,1.0,1.0,0.0,1.0,
2016-06-02,1,0,0,1,1.0,1.0,0.0,0.0,10100.0,0.0,1,,1.0,1.0,0.0,0.0,
2016-06-03,0,1,0,1,1.0,1.0,0.0,0.0,0.0,7400.0,-1,0.0,-1.0,0.0,1.0,0.0,0.0
2016-06-06,0,0,1,1,1.0,1.0,0.0,0.0,0.0,0.0,0,,0.0,0.0,0.0,0.0,
2016-06-07,0,1,0,1,0.0,1.0,0.0,0.0,0.0,12200.0,-1,0.0,-1.0,0.0,1.0,0.0,0.0
2016-06-08,1,0,0,1,1.0,1.0,1.0,0.0,44200.0,0.0,1,,1.0,1.0,0.0,1.0,
2016-06-09,1,0,0,1,1.0,1.0,0.0,0.0,8500.0,0.0,1,,1.0,1.0,0.0,0.0,
2016-06-10,1,0,0,1,1.0,1.0,0.0,0.0,6200.0,0.0,1,,1.0,1.0,0.0,0.0,
2016-06-13,0,1,0,1,1.0,1.0,0.0,0.0,0.0,6500.0,-1,0.0,-1.0,0.0,1.0,0.0,0.0
2016-06-14,1,0,0,1,1.0,1.0,1.0,0.0,12400.0,0.0,1,,1.0,1.0,0.0,1.0,
2016-06-15,0,1,0,1,1.0,1.0,0.0,0.0,0.0,11500.0,-1,0.0,-1.0,0.0,1.0,0.0,0.0
2016-06-16,0,1,0,1,1.0,1.0,0.0,0.0,0.0,100.0,-1,0.0,-1.0,0.0,1.0,0.0,0.0
2016-06-17,1,0,0,1,1.0,1.0,1.0,0.0,9900.0,0.0,1,,1.0,1.0,0.0,1.0,
2016-06-20,1,0,0,1,1.0,1.0,1.0,0.0,6100.0,0.0,1,,1.0,1.0,0.0,1.0,
2016-06-21,1,0,0,1,1.0,1.0,1.0,0.0,27600.0,0.0,1,,1.0,1.0,0.0,1.0,
2016-06-22,1,0,0,1,1.0,1.0,1.0,0.0,36700.0,0.0,1,,1.0,1.0,0.0,1.0,
2016-06-23,1,0,0,1,1.0,1.0,1.0,0.0,5100.0,0.0,1,,1.0,1.0,0.0,1.0,
2016-06-24,0,1,0,1,1.0,1.0,0.0,0.0,0.0,58800.0,-1,0.0,-1.0,0.0,1.0,0.0,0.0
2016-06-27,0,1,0,1,0.0,1.0,0.0,0.0,0.0,17900.0,-1,0.0,-1.0,0.0,1.0,0.0,0.0
2016-06-28,1,0,0,1,1.0,1.0,0.0,0.0,9200.0,0.0,1,,1.0,1.0,0.0,0.0,
2016-06-29,1,0,0,1,1.0,1.0,0.0,0.0,19400.0,0.0,1,,1.0,1.0,0.0,0.0,
2016-06-30,1,0,0,1,1.0,1.0,0.0,0.0,15400.0,0.0,1,,1.0,1.0,0.0,0.0,
2016-07-01,0,1,0,1,1.0,1.0,0.0,0.0,0.0,11200.0,-1,0.0,-1.0,0.0,1.0,0.0,0.0
2016-07-04,1,0,0,1,1.0,1.0,0.0,0.0,4900.0,0.0,1,,1.0,1.0,0.0,0.0,
2016-07-05,0,1,0,1,1.0,1.0,0.0,0.0,0.0,13600.0,-1,0.0,-1.0,0.0,1.0,0.0,0.0
2016-07-06,0,1,0,1,0.0,1.0,0.0,0.0,0.0,17700.0,-1,0.0,-1.0,0.0,1.0,0.0,0.0
2016-07-07,0,1,0,1,0.0,1.0,0.0,0.0,0.0,6800.0,-1,0.0,-1.0,0.0,1.0,0.0,0.0
2016-07-08,1,0,0,1,1.0,1.0,0.0,0.0,21900.0,0.0,1,,1.0,1.0,0.0,0.0,
2016-07-11,1,0,0,1,1.0,1.0,0.0,0.0,76700.0,0.0,1,,1.0,1.0,0.0,0.0,
2016-07-12,0,0,1,1,1.0,1.0,0.0,0.0,0.0,0.0,0,,0.0,0.0,0.0,0.0,
2016-07-13,1,0,0,1,1.0,1.0,0.0,0.0,29100.0,0.0,1,,1.0,1.0,0.0,0.0,
2016-07-14,0,1,0,1,1.0,1.0,0.0,0.0,0.0,14700.0,-1,0.0,-1.0,0.0,1.0,0.0,0.0
2016-07-15,0,1,0,1,0.0,0.0,0.0,0.0,0.0,14000.0,-1,0.0,-1.0,0.0,1.0,0.0,0.0
2016-07-18,1,0,0,1,0.0,0.0,0.0,0.0,6000.0,0.0,1,,1.0,1.0,0.0,0.0,
2016-07-19,0,1,0,1,0.0,0.0,0.0,0.0,0.0,200.0,-1,0.0,-1.0,0.0,1.0,0.0,0.0
2016-07-20,0,1,0,1,0.0,0.0,0.0,0.0,0.0,200.0,-1,0.0,-1.0,0.0,1.0,0.0,0.0
2016-07-21,0,1,0,1,0.0,0.0,0.0,0.0,0.0,16400.0,-1,0.0,-1.0,0.0,1.0,0.0,0.0
2016-07-22,0,1,0,1,0.0,0.0,0.0,0.0,0.0,4600.0,-1,0.0,-1.0,0.0,1.0,0.0,0.0
2016-07-25,1,0,0,1,0.0,0.0,0.0,0.0,5200.0,0.0,1,,1.0,1.0,0.0,0.0,
2016-07-26,0,1,0,1,0.0,0.0,0.0,0.0,0.0,1100.0,-1,0.0,-1.0,0.0,1.0,0.0,0.0
2016-07-27,1,0,0,1,0.0,0.0,0.0,0.0,3000.0,0.0,1,,1.0,1.0,0.0,0.0,
2016-07-28,1,0,0,1,0.0,0.0,0.0,0.0,1200.0,0.0,1,,1.0,1.0,0.0,0.0,
2016-07-29,1,0,0,1,0.0,0.0,0.0,0.0,28100.0,0.0,1,,1.0,1.0,0.0,0.0,
2016-08-01,0,0,1,1,0.0,0.0,0.0,0.0,0.0,0.0,0,,0.0,0.0,0.0,0.0,
2016-08-02,0,0,1,1,0.0,0.0,0.0,0.0,0.0,0.0,0,,0.0,0.0,0.0,0.0,
2016-08-03,0,0,1,1,0.0,0.0,0.0,0.0,0.0,0.0,0,,0.0,0.0,0.0,0.0,
2016-08-04,1,0,0,1,1.0,1.0,0.0,0.0,11700.0,0.0,1,,1.0,1.0,0.0,0.0,
2016-08-05,1,0,0,1,1.0,1.0,0.0,0.0,100.0,0.0,1,,1.0,1.0,0.0,0.0,
2016-08-08,1,0,0,1,1.0,1.0,0.0,0.0,8700.0,0.0,1,,1.0,1.0,0.0,0.0,
2016-08-09,1,0,0,1,1.0,1.0,0.0,0.0,1000.0,0.0,1,,1.0,1.0,0.0,0.0,
2016-08-10,0,0,1,1,1.0,1.0,0.0,0.0,0.0,0.0,0,,0.0,0.0,0.0,0.0,
2016-08-11,1,0,0,1,1.0,1.0,0.0,0.0,21000.0,0.0,1,,1.0,1.0,0.0,0.0,
2016-08-12,0,1,0,1,0.0,0.0,0.0,0.0,0.0,2400.0,-1,0.0,-1.0,0.0,1.0,0.0,0.0
2016-08-15,1,0,0,1,1.0,1.0,0.0,0.0,11500.0,0.0,1,,1.0,1.0,0.0,0.0,
2016-08-16,0,0,1,1,1.0,1.0,0.0,0.0,0.0,0.0,0,,0.0,0.0,0.0,0.0,
2016-08-17,1,0,0,1,1.0,1.0,0.0,0.0,8700.0,0.0,1,,1.0,1.0,0.0,0.0,
2016-08-18,1,0,0,1,1.0,1.0,0.0,0.0,32300.0,0.0,1,,1.0,1.0,0.0,0.0,
2016-08-19,0,0,1,1,1.0,1.0,0.0,0.0,0.0,0.0,0,,0.0,0.0,0.0,0.0,
2016-08-22,0,1,0,1,1.0,1.0,0.0,0.0,0.0,2600.0,-1,0.0,-1.0,0.0,1.0,0.0,0.0
2016-08-23,1,0,0,1,1.0,1.0,0.0,0.0,1200.0,0.0,1,,1.0,1.0,0.0,0.0,
2016-08-24,0,0,1,1,1.0,1.0,0.0,0.0,0.0,0.0,0,,0.0,0.0,0.0,0.0,
2016-08-25,1,0,0,1,1.0,1.0,0.0,0.0,1100.0,0.0,1,,1.0,1.0,0.0,0.0,
2016-08-26,0,1,0,1,1.0,1.0,0.0,0.0,0.0,3600.0,-1,0.0,-1.0,0.0,1.0,0.0,0.0
2016-08-29,0,1,0,1,1.0,1.0,0.0,0.0,0.0,1600.0,-1,0.0,-1.0,0.0,1.0,0.0,0.0
2016-08-30,0,0,1,1,1.0,1.0,0.0,0.0,0.0,0.0,0,,0.0,0.0,0.0,0.0,
2016-08-31,1,0,0,1,1.0,1.0,0.0,0.0,4100.0,0.0,1,,1.0,1.0,0.0,0.0,
2016-09-01,0,1,0,1,0.0,1.0,0.0,0.0,0.0,2500.0,-1,0.0,-1.0,0.0,1.0,0.0,0.0
2016-09-05,1,0,0,1,1.0,1.0,0.0,0.0,3000.0,0.0,1,,1.0,1.0,0.0,0.0,
2016-09-06,1,0,0,1,1.0,1.0,0.0,0.0,2000.0,0.0,1,,1.0,1.0,0.0,0.0,
2016-09-07,0,1,0,1,1.0,1.0,0.0,0.0,0.0,4200.0,-1,0.0,-1.0,0.0,1.0,0.0,0.0
2016-09-08,0,0,1,1,1.0,1.0,0.0,0.0,0.0,0.0,0,,0.0,0.0,0.0,0.0,
2016-09-09,0,1,0,1,0.0,0.0,0.0,0.0,0.0,6700.0,-1,0.0,-1.0,0.0,1.0,0.0,0.0
2016-09-12,0,0,1,1,0.0,0.0,0.0,0.0,0.0,0.0,0,,0.0,0.0,0.0,0.0,
2016-09-13,1,0,0,1,1.0,1.0,0.0,0.0,13900.0,0.0,1,,1.0,1.0,0.0,0.0,
2016-09-14,1,0,0,1,1.0,1.0,0.0,0.0,100.0,0.0,1,,1.0,1.0,0.0,0.0,
2016-09-15,0,0,1,1,1.0,1.0,0.0,0.0,0.0,0.0,0,,0.0,0.0,0.0,0.0,
2016-09-16,0,1,0,1,0.0,1.0,0.0,0.0,0.0,800.0,-1,0.0,-1.0,0.0,1.0,0.0,0.0
2016-09-19,1,0,0,1,1.0,1.0,0.0,0.0,100.0,0.0,1,,1.0,1.0,0.0,0.0,
2016-09-20,0,0,1,1,1.0,1.0,0.0,0.0,0.0,0.0,0,,0.0,0.0,0.0,0.0,
2016-09-21,0,1,0,1,0.0,1.0,0.0,0.0,0.0,10600.0,-1,0.0,-1.0,0.0,1.0,0.0,0.0
2016-09-22,0,0,1,1,0.0,1.0,0.0,0.0,0.0,0.0,0,,0.0,0.0,0.0,0.0,
2016-09-23,0,0,1,1,0.0,1.0,0.0,0.0,0.0,0.0,0,,0.0,0.0,0.0,0.0,
2016-09-26,0,1,0,1,0.0,0.0,0.0,0.0,0.0,27300.0,-1,0.0,-1.0,0.0,1.0,0.0,0.0
2016-09-27,0,1,0,1,0.0,0.0,0.0,0.0,0.0,29700.0,-1,0.0,-1.0,0.0,1.0,0.0,0.0
2016-09-28,1,0,0,1,0.0,1.0,0.0,0.0,100.0,0.0,1,,1.0,1.0,0.0,0.0,
2016-09-29,1,0,0,1,0.0,1.0,0.0,0.0,2000.0,0.0,1,,1.0,1.0,0.0,0.0,
2016-09-30,0,0,1,1,0.0,1.0,0.0,0.0,0.0,0.0,0,,0.0,0.0,0.0,0.0,
2016-10-03,0,1,0,1,0.0,0.0,0.0,0.0,0.0,4600.0,-1,0.0,-1.0,0.0,1.0,0.0,0.0
2016-10-04,0,1,0,1,0.0,0.0,0.0,0.0,0.0,2700.0,-1,0.0,-1.0,0.0,1.0,0.0,0.0
2016-10-05,0,0,1,1,0.0,0.0,0.0,0.0,0.0,0.0,0,,0.0,0.0,0.0,0.0,
2016-10-06,1,0,0,1,0.0,0.0,0.0,0.0,900.0,0.0,1,,1.0,1.0,0.0,0.0,
2016-10-07,0,0,1,1,0.0,0.0,0.0,0.0,0.0,0.0,0,,0.0,0.0,0.0,0.0,
2016-10-10,0,0,1,1,0.0,0.0,0.0,0.0,0.0,0.0,0,,0.0,0.0,0.0,0.0,
2016-10-11,0,1,0,1,0.0,0.0,0.0,0.0,0.0,2700.0,-1,0.0,-1.0,0.0,1.0,0.0,0.0
2016-10-12,0,0,1,1,0.0,0.0,0.0,0.0,0.0,0.0,0,,0.0,0.0,0.0,0.0,
2016-10-13,0,1,0,1,0.0,0.0,0.0,0.0,0.0,200.0,-1,0.0,-1.0,0.0,1.0,0.0,0.0
2016-10-14,1,0,0,1,0.0,0.0,0.0,0.0,500.0,0.0,1,,1.0,1.0,0.0,0.0,
2016-10-17,0,1,0,1,0.0,0.0,0.0,0.0,0.0,1600.0,-1,0.0,-1.0,0.0,1.0,0.0,0.0
2016-10-18,0,0,1,1,0.0,0.0,0.0,0.0,0.0,0.0,0,,0.0,0.0,0.0,0.0,
2016-10-19,0,0,1,1,0.0,0.0,0.0,0.0,0.0,0.0,0,,0.0,0.0,0.0,0.0,
2016-10-20,0,0,1,1,0.0,0.0,0.0,0.0,0.0,0.0,0,,0.0,0.0,0.0,0.0,
2016-10-21,1,0,0,1,1.0,0.0,0.0,0.0,8000.0,0.0,1,,1.0,1.0,0.0,0.0,
2016-10-24,0,1,0,1,0.0,0.0,0.0,0.0,0.0,6000.0,-1,0.0,-1.0,0.0,1.0,0.0,0.0
2016-10-25,0,0,1,1,0.0,0.0,0.0,0.0,0.0,0.0,0,,0.0,0.0,0.0,0.0,
2016-10-26,0,0,1,1,0.0,0.0,0.0,0.0,0.0,0.0,0,,0.0,0.0,0.0,0.0,
2016-10-27,0,0,1,1,0.0,0.0,0.0,0.0,0.0,0.0,0,,0.0,0.0,0.0,0.0,
2016-10-28,0,0,1,1,0.0,0.0,0.0,0.0,0.0,0.0,0,,0.0,0.0,0.0,0.0,
2016-10-31,0,0,1,1,0.0,0.0,0.0,0.0,0.0,0.0,0,,0.0,0.0,0.0,0.0,
2016-11-01,0,0,1,1,0.0,0.0,0.0,0.0,0.0,0.0,0,,0.0,0.0,0.0,0.0,
2016-11-02,0,0,1,1,0.0,0.0,0.0,0.0,0.0,0.0,0,,0.0,0.0,0.0,0.0,
2016-11-03,1,0,0,1,1.0,0.0,0.0,0.0,1000.0,0.0,1,,1.0,1.0,0.0,0.0,
2016-11-04,0,0,1,1,1.0,0.0,0.0,0.0,0.0,0.0,0,,0.0,0.0,0.0,0.0,
2016-11-07,0,0,1,1,1.0,0.0,0.0,0.0,0.0,0.0,0,,0.0,0.0,0.0,0.0,
2016-11-08,0,1,0,1,1.0,0.0,0.0,0.0,0.0,7000.0,-1,0.0,-1.0,0.0,1.0,0.0,0.0
2016-11-09,0,0,1,1,1.0,0.0,0.0,0.0,0.0,0.0,0,,0.0,0.0,0.0,0.0,
2016-11-10,1,0,0,1,1.0,1.0,0.0,0.0,4000.0,0.0,1,,1.0,1.0,0.0,0.0,
2016-11-11,0,0,1,1,1.0,1.0,0.0,0.0,0.0,0.0,0,,0.0,0.0,0.0,0.0,
2016-11-14,0,1,0,1,1.0,0.0,0.0,0.0,0.0,100.0,-1,0.0,-1.0,0.0,1.0,0.0,0.0
2016-11-15,1,0,0,1,1.0,1.0,0.0,0.0,100.0,0.0,1,,1.0,1.0,0.0,0.0,
2016-11-16,1,0,0,1,1.0,1.0,0.0,0.0,100.0,0.0,1,,1.0,1.0,0.0,0.0,
2016-11-17,0,0,1,1,1.0,1.0,0.0,0.0,0.0,0.0,0,,0.0,0.0,0.0,0.0,
2016-11-18,0,1,0,1,0.0,0.0,0.0,0.0,0.0,500.0,-1,0.0,-1.0,0.0,1.0,0.0,0.0
2016-11-21,1,0,0,1,1.0,1.0,0.0,0.0,100.0,0.0,1,,1.0,1.0,0.0,0.0,
2016-11-22,0,0,1,1,1.0,1.0,0.0,0.0,0.0,0.0,0,,0.0,0.0,0.0,0.0,
2016-11-23,0,1,0,1,1.0,1.0,0.0,0.0,0.0,1000.0,-1,0.0,-1.0,0.0,1.0,0.0,0.0
2016-11-24,1,0,0,1,1.0,1.0,0.0,0.0,100.0,0.0,1,,1.0,1.0,0.0,0.0,
2016-11-25,1,0,0,1,1.0,1.0,0.0,0.0,200.0,0.0,1,,1.0,1.0,0.0,0.0,
2016-11-28,0,0,1,1,1.0,1.0,0.0,0.0,0.0,0.0,0,,0.0,0.0,0.0,0.0,
2016-11-29,0,0,1,1,1.0,1.0,0.0,0.0,0.0,0.0,0,,0.0,0.0,0.0,0.0,
2016-11-30,0,0,1,1,1.0,1.0,0.0,0.0,0.0,0.0,0,,0.0,0.0,0.0,0.0,
2016-12-01,0,0,1,1,1.0,1.0,0.0,0.0,0.0,0.0,0,,0.0,0.0,0.0,0.0,
2016-12-02,0,1,0,1,0.0,1.0,0.0,0.0,0.0,500.0,-1,0.0,-1.0,0.0,1.0,0.0,0.0
2016-12-05,1,0,0,1,1.0,1.0,0.0,0.0,100.0,0.0,1,,1.0,1.0,0.0,0.0,
2016-12-06,0,1,0,1,0.0,0.0,0.0,0.0,0.0,500.0,-1,0.0,-1.0,0.0,1.0,0.0,0.0
2016-12-07,0,0,1,1,0.0,0.0,0.0,0.0,0.0,0.0,0,,0.0,0.0,0.0,0.0,
2016-12-08,0,0,1,1,0.0,0.0,0.0,0.0,0.0,0.0,0,,0.0,0.0,0.0,0.0,
2016-12-09,0,0,1,1,0.0,0.0,0.0,0.0,0.0,0.0,0,,0.0,0.0,0.0,0.0,
2016-12-12,0,0,1,1,0.0,0.0,0.0,0.0,0.0,0.0,0,,0.0,0.0,0.0,0.0,
2016-12-13,0,0,1,1,0.0,0.0,0.0,0.0,0.0,0.0,0,,0.0,0.0,0.0,0.0,
2016-12-14,0,0,1,1,0.0,0.0,0.0,0.0,0.0,0.0,0,,0.0,0.0,0.0,0.0,
2016-12-15,0,1,0,1,0.0,0.0,0.0,0.0,0.0,4600.0,-1,0.0,-1.0,0.0,1.0,0.0,0.0
2016-12-16,1,0,0,1,0.0,0.0,0.0,0.0,1000.0,0.0,1,,1.0,1.0,0.0,0.0,
2016-12-19,0,0,1,1,0.0,0.0,0.0,0.0,0.0,0.0,0,,0.0,0.0,0.0,0.0,
2016-12-20,0,0,1,1,0.0,0.0,0.0,0.0,0.0,0.0,0,,0.0,0.0,0.0,0.0,
2016-12-21,0,1,0,1,0.0,0.0,0.0,0.0,0.0,100.0,-1,0.0,-1.0,0.0,1.0,0.0,0.0
2016-12-22,1,0,0,1,0.0,0.0,0.0,0.0,6000.0,0.0,1,,1.0,1.0,0.0,0.0,
2016-12-23,0,0,1,1,0.0,0.0,0.0,0.0,0.0,0.0,0,,0.0,0.0,0.0,0.0,
2016-12-26,0,0,1,1,0.0,0.0,0.0,0.0,0.0,0.0,0,,0.0,0.0,0.0,0.0,
2016-12-27,0,0,1,1,0.0,0.0,0.0,0.0,0.0,0.0,0,,0.0,0.0,0.0,0.0,
2016-12-28,0,0,1,1,0.0,0.0,0.0,0.0,0.0,0.0,0,,0.0,0.0,0.0,0.0,
2016-12-29,0,0,1,1,0.0,0.0,0.0,0.0,0.0,0.0,0,,0.0,0.0,0.0,0.0,
2016-12-30,0,0,1,1,0.0,0.0,0.0,0.0,0.0,0.0,0,,0.0,0.0,0.0,0.0,
2017-01-03,0,0,1,1,1.0,0.0,0.0,0.0,0.0,0.0,0,,0.0,0.0,0.0,0.0,
2017-01-04,0,0,1,1,1.0,0.0,0.0,0.0,0.0,0.0,0,,0.0,0.0,0.0,0.0,
2017-01-05,0,0,1,1,1.0,0.0,0.0,0.0,0.0,0.0,0,,0.0,0.0,0.0,0.0,
2017-01-06,0,0,1,1,1.0,0.0,0.0,0.0,0.0,0.0,0,,0.0,0.0,0.0,0.0,
2017-01-09,0,0,1,1,1.0,0.0,0.0,0.0,0.0,0.0,0,,0.0,0.0,0.0,0.0,
2017-01-10,0,0,1,1,1.0,0.0,0.0,0.0,0.0,0.0,0,,0.0,0.0,0.0,0.0,
2017-01-11,0,0,1,1,1.0,0.0,0.0,0.0,0.0,0.0,0,,0.0,0.0,0.0,0.0,
2017-01-12,0,0,1,1,1.0,0.0,0.0,0.0,0.0,0.0,0,,0.0,0.0,0.0,0.0,
2017-01-13,0,0,1,1,1.0,0.0,0.0,0.0,0.0,0.0,0,,0.0,0.0,0.0,0.0,
2017-01-16,0,0,1,1,1.0,0.0,0.0,0.0,0.0,0.0,0,,0.0,0.0,0.0,0.0,
2017-01-17,0,0,1,1,1.0,0.0,0.0,0.0,0.0,0.0,0,,0.0,0.0,0.0,0.0,
2017-01-18,0,0,1,1,1.0,0.0,0.0,0.0,0.0,0.0,0,,0.0,0.0,0.0,0.0,
2017-01-19,0,0,1,1,0.0,0.0,0.0,0.0,0.0,0.0,0,,0.0,0.0,0.0,0.0,
2017-01-20,0,0,1,1,0.0,0.0,0.0,0.0,0.0,0.0,0,,0.0,0.0,0.0,0.0,
2017-01-23,0,0,1,1,0.0,0.0,0.0,0.0,0.0,0.0,0,,0.0,0.0,0.0,0.0,
2017-01-24,0,0,1,1,0.0,0.0,0.0,0.0,0.0,0.0,0,,0.0,0.0,0.0,0.0,
2017-01-25,0,0,1,1,0.0,0.0,0.0,0.0,0.0,0.0,0,,0.0,0.0,0.0,0.0,
2017-02-02,0,0,1,1,0.0,0.0,0.0,0.0,0.0,0.0,0,,0.0,0.0,0.0,0.0,
2017-02-03,0,1,0,1,0.0,0.0,0.0,0.0,0.0,2800.0,-1,0.0,-1.0,0.0,1.0,0.0,0.0
2017-02-06,1,0,0,1,0.0,0.0,0.0,0.0,2000.0,0.0,1,,1.0,1.0,0.0,0.0,
2017-02-07,0,1,0,1,0.0,0.0,0.0,0.0,0.0,4100.0,-1,0.0,-1.0,0.0,1.0,0.0,0.0
2017-02-08,0,0,1,1,0.0,0.0,0.0,0.0,0.0,0.0,0,,0.0,0.0,0.0,0.0,
2017-02-09,0,0,1,1,0.0,0.0,0.0,0.0,0.0,0.0,0,,0.0,0.0,0.0,0.0,
2017-02-10,0,0,1,1,0.0,0.0,0.0,0.0,0.0,0.0,0,,0.0,0.0,0.0,0.0,
2017-02-13,0,0,1,1,0.0,0.0,0.0,0.0,0.0,0.0,0,,0.0,0.0,0.0,0.0,
2017-02-14,1,0,0,1,0.0,0.0,0.0,0.0,600.0,0.0,1,,1.0,1.0,0.0,0.0,
2017-02-15,0,0,1,1,0.0,0.0,0.0,0.0,0.0,0.0,0,,0.0,0.0,0.0,0.0,
2017-02-16,0,0,1,1,0.0,0.0,0.0,0.0,0.0,0.0,0,,0.0,0.0,0.0,0.0,
2017-02-17,0,0,1,1,0.0,0.0,0.0,0.0,0.0,0.0,0,,0.0,0.0,0.0,0.0,
2017-02-20,0,0,1,1,0.0,0.0,0.0,0.0,0.0,0.0,0,,0.0,0.0,0.0,0.0,
2017-02-21,0,0,1,1,0.0,0.0,0.0,0.0,0.0,0.0,0,,0.0,0.0,0.0,0.0,
2017-02-22,0,1,0,1,0.0,0.0,0.0,0.0,0.0,1000.0,-1,0.0,-1.0,0.0,1.0,0.0,0.0
2017-02-23,0,0,1,1,0.0,0.0,0.0,0.0,0.0,0.0,0,,0.0,0.0,0.0,0.0,
2017-02-24,0,0,2,2,0.0,0.0,0.0,0.0,0.0,0.0,0,,0.0,0.0,0.0,0.0,
2017-02-27,0,0,2,2,0.0,0.0,0.0,0.0,0.0,0.0,0,,0.0,0.0,0.0,0.0,
2017-02-28,0,1,1,2,0.0,0.0,0.0,0.0,0.0,300.0,-1,0.0,-1.0,0.0,0.5,0.0,0.0
2017-03-01,1,1,0,2,0.0,0.0,0.0,0.0,100.0,100.0,0,1.0,0.0,0.5,0.5,0.0,1.0
2017-03-02,1,0,1,2,0.0,0.0,0.0,0.0,2300.0,0.0,1,,1.0,0.5,0.0,0.0,
2017-03-03,0,1,1,2,0.0,0.0,0.0,0.0,0.0,1600.0,-1,0.0,-1.0,0.0,0.5,0.0,0.0
2017-03-06,1,0,1,2,0.0,0.0,0.0,0.0,1100.0,0.0,1,,1.0,0.5,0.0,0.0,
2017-03-07,0,1,1,2,0.0,0.0,0.0,0.0,0.0,800.0,-1,0.0,-1.0,0.0,0.5,0.0,0.0
2017-03-08,0,1,1,2,0.0,0.0,0.0,0.0,0.0,500.0,-1,0.0,-1.0,0.0,0.5,0.0,0.0
2017-03-09,0,0,2,2,0.0,0.0,0.0,0.0,0.0,0.0,0,,0.0,0.0,0.0,0.0,
2017-03-10,0,1,1,2,0.0,0.0,0.0,0.0,0.0,300.0,-1,0.0,-1.0,0.0,0.5,0.0,0.0
2017-03-13,0,0,2,2,0.0,0.0,0.0,0.0,0.0,0.0,0,,0.0,0.0,0.0,0.0,
2017-03-14,0,0,2,2,0.0,0.0,0.0,0.0,0.0,0.0,0,,0.0,0.0,0.0,0.0,
2017-03-15,1,0,1,2,0.0,0.0,0.0,0.0,1000.0,0.0,1,,1.0,0.5,0.0,0.0,
2017-03-16,0,0,2,2,0.0,0.0,0.0,0.0,0.0,0.0,0,,0.0,0.0,0.0,0.0,
2017-03-17,0,0,2,2,0.0,0.0,0.0,0.0,0.0,0.0,0,,0.0,0.0,0.0,0.0,
2017-03-20,1,0,1,2,1.0,0.0,0.0,0.0,300.0,0.0,1,,1.0,0.5,0.0,0.0,
2017-03-21,0,0,2,2,1.0,0.0,0.0,0.0,0.0,0.0,0,,0.0,0.0,0.0,0.0,
2017-03-22,0,0,2,2,0.5,0.0,0.0,0.0,0.0,0.0,0,,0.0,0.0,0.0,0.0,
2017-03-23,0,0,2,2,0.5,0.0,0.0,0.0,0.0,0.0,0,,0.0,0.0,0.0,0.0,
2017-03-24,0,1,1,2,0.5,0.0,0.0,0.0,0.0,100.0,-1,0.0,-1.0,0.0,0.5,0.0,0.0
2017-03-27,0,1,1,2,0.0,0.0,0.0,0.0,0.0,800.0,-1,0.0,-1.0,0.0,0.5,0.0,0.0
2017-03-28,0,0,2,2,0.0,0.0,0.0,0.0,0.0,0.0,0,,0.0,0.0,0.0,0.0,
2017-03-29,0,0,2,2,0.0,0.0,0.0,0.0,0.0,0.0,0,,0.0,0.0,0.0,0.0,
2017-03-30,0,0,2,2,0.0,0.0,0.0,0.0,0.0,0.0,0,,0.0,0.0,0.0,0.0,
2017-03-31,0,0,2,2,0.0,0.0,0.0,0.0,0.0,0.0,0,,0.0,0.0,0.0,0.0,
2017-04-03,0,0,2,2,0.0,0.0,0.0,0.0,0.0,0.0,0,,0.0,0.0,0.0,0.0,
2017-04-04,0,0,2,2,0.0,0.0,0.0,0.0,0.0,0.0,0,,0.0,0.0,0.0,0.0,
2017-04-05,0,0,2,2,0.0,0.0,0.0,0.0,0.0,0.0,0,,0.0,0.0,0.0,0.0,
2017-04-07,0,0,2,2,0.0,0.0,0.0,0.0,0.0,0.0,0,,0.0,0.0,0.0,0.0,
2017-04-10,0,0,2,2,0.0,0.0,0.0,0.0,0.0,0.0,0,,0.0,0.0,0.0,0.0,
2017-04-11,1,0,1,2,0.0,0.0,0.0,0.0,100.0,0.0,1,,1.0,0.5,0.0,0.0,
2017-04-12,0,0,2,2,0.0,0.0,0.0,0.0,0.0,0.0,0,,0.0,0.0,0.0,0.0,
2017-04-13,0,0,2,2,0.0,0.0,0.0,0.0,0.0,0.0,0,,0.0,0.0,0.0,0.0,
2017-04-14,1,0,4,5,0.5,1.0,0.0,0.0,3500.0,0.0,1,,1.0,0.2,0.0,0.0,
2017-04-17,0,1,4,5,0.5,1.0,0.0,0.0,0.0,0.0,-1,0.0,-1.0,0.0,0.2,0.0,
2017-04-18,1,0,5,6,0.5,1.0,0.0,0.0,400.0,0.0,1,,1.0,0.1666666666666666,0.0,0.0,
2017-04-19,0,0,6,6,0.5,1.0,0.0,0.0,0.0,0.0,0,,0.0,0.0,0.0,0.0,
2017-04-20,0,0,6,6,0.5,1.0,0.0,0.0,0.0,0.0,0,,0.0,0.0,0.0,0.0,
2017-04-21,1,1,4,6,0.5,1.0,0.0,0.0,100.0,100.0,0,1.0,0.0,0.1666666666666666,0.1666666666666666,0.0,1.0
2017-04-24,0,2,5,7,0.5,1.0,0.0,0.0,0.0,32500.0,-2,0.0,-1.0,0.0,0.2857142857142857,0.0,0.0
2017-04-25,1,1,6,8,0.5,1.0,0.0,1.0,3700.0,15300.0,0,1.0,0.0,0.125,0.125,-0.125,0.2418300653594771
2017-04-26,1,1,6,8,0.0,0.0,0.0,0.0,200.0,100.0,0,1.0,0.0,0.125,0.125,0.0,2.0
2017-04-27,0,1,7,8,0.0,0.0,0.0,0.0,0.0,100.0,-1,0.0,-1.0,0.0,0.125,0.0,0.0
2017-04-28,1,1,6,8,0.0,0.0,0.0,1.0,5500.0,700.0,0,1.0,0.0,0.125,0.125,-0.125,7.857142857142857
2017-05-03,0,0,8,8,0.0,0.0,0.0,1.0,0.0,0.0,0,,0.0,0.0,0.0,-0.125,
2017-05-04,0,1,8,9,0.0,0.0,0.0,1.0,0.0,600.0,-1,0.0,-1.0,0.0,0.1111111111111111,-0.1111111111111111,0.0
2017-05-05,1,0,8,9,0.0,0.0,0.0,1.0,100.0,0.0,1,,1.0,0.1111111111111111,0.0,-0.1111111111111111,
2017-05-08,0,1,8,9,0.0,0.0,0.0,1.0,0.0,205000.0,-1,0.0,-1.0,0.0,0.1111111111111111,-0.1111111111111111,0.0
2017-05-09,0,0,13,13,0.0,0.0,0.0,1.0,0.0,0.0,0,,0.0,0.0,0.0,-0.0769230769230769,
2017-05-10,2,2,10,14,0.0,0.0,0.0,1.0,441300.0,12300.0,0,1.0,0.0,0.1428571428571428,0.1428571428571428,-0.0714285714285714,35.8780487804878
2017-05-11,1,4,9,14,0.0,0.0,0.0,1.0,100.0,315578.0,-3,0.25,-0.6,0.0714285714285714,0.2857142857142857,-0.0714285714285714,0.0003168788698831
2017-05-12,0,4,11,15,0.0,0.0,0.0,1.0,0.0,7400.0,-4,0.0,-1.0,0.0,0.2666666666666666,-0.0666666666666666,0.0
2017-05-15,3,1,12,16,0.0,0.0,0.0,1.0,591210.0,0.0,2,3.0,0.5,0.1875,0.0625,-0.0625,
2017-05-16,2,3,14,19,0.0,0.0,0.0,1.0,2853500.0,703550.0,-1,0.6666666666666666,-0.2,0.1052631578947368,0.1578947368421052,-0.0526315789473684,4.0558595693269845
2017-05-17,4,1,14,19,0.0,0.0,0.0,1.0,2690100.0,1457.0,3,4.0,0.6,0.2105263157894736,0.0526315789473684,-0.0526315789473684,1846.328071379547
2017-05-18,5,0,15,20,0.0,0.0,0.0,1.0,3699474.0,0.0,5,,1.0,0.25,0.0,-0.05,
2017-05-19,2,3,15,20,0.0,0.0,0.0,1.0,2535330.0,346100.0,-1,0.6666666666666666,-0.2,0.1,0.15,-0.05,7.325426177405374
2017-05-22,2,3,15,20,0.2857142857142857,0.0,0.0,0.0,1362990.0,18810.0,-1,0.6666666666666666,-0.2,0.1,0.15,0.0,72.46092503987241
2017-05-23,2,3,15,20,0.25,0.5,0.0,1.0,47000.0,1919023.0,-1,0.6666666666666666,-0.2,0.1,0.15,-0.05,0.0244916293343018
2017-05-24,3,3,15,21,0.25,0.5,0.0,1.0,1459510.0,6200920.0,0,1.0,0.0,0.1428571428571428,0.1428571428571428,-0.0476190476190476,0.2353699128516413
2017-05-25,2,4,15,21,0.25,0.5,0.0,0.0,5255265.0,801880.0,-2,0.5,-0.3333333333333333,0.0952380952380952,0.1904761904761904,0.0,6.553680101760862
2017-05-26,5,3,14,22,0.25,0.5,0.0,0.0,5913902.0,512840.0,2,1.6666666666666667,0.25,0.2272727272727272,0.1363636363636363,0.0,11.531670696513531
2017-05-29,5,4,13,22,0.25,0.0,0.0,0.0,5166657.0,542350.0,1,1.25,0.1111111111111111,0.2272727272727272,0.1818181818181818,0.0,9.5264257398359
2017-05-30,5,2,16,23,0.3333333333333333,0.0,0.0,0.0,5455720.0,2272840.0,3,2.5,0.4285714285714285,0.217391304347826,0.0869565217391304,0.0,2.400397740272082
2017-05-31,4,1,18,23,0.3333333333333333,0.0,0.0,0.0,5506860.0,3636170.0,3,4.0,0.6,0.1739130434782608,0.0434782608695652,0.0,1.5144671453754912
2017-06-01,2,1,21,24,0.4444444444444444,0.0,0.0,0.0,149800.0,0.0,1,2.0,0.3333333333333333,0.0833333333333333,0.0416666666666666,0.0,
2017-06-02,4,3,17,24,0.3076923076923077,0.0,0.0,0.0,877160.0,6606210.0,1,1.3333333333333333,0.1428571428571428,0.1666666666666666,0.125,0.0,0.1327780981833759
2017-06-05,2,3,21,26,0.2857142857142857,0.0,0.0,0.0,84530.0,10194045.0,-1,0.6666666666666666,-0.2,0.0769230769230769,0.1153846153846153,0.0,0.0082920960227269
2017-06-06,10,3,14,27,0.4285714285714285,0.0,0.0,0.0,5055355.0,43850.0,7,3.333333333333333,0.5384615384615384,0.3703703703703703,0.1111111111111111,0.0,115.28745724059291
2017-06-07,5,3,19,27,0.4,0.5,0.0,0.0,6344402.0,100.0,2,1.6666666666666667,0.25,0.1851851851851851,0.1111111111111111,0.0,63444.02
2017-06-08,5,4,18,27,0.25,0.5,0.0,0.0,1112320.0,1180395.0,1,1.25,0.1111111111111111,0.1851851851851851,0.1481481481481481,0.0,0.9423286272815456
2017-06-09,6,2,20,28,0.3684210526315789,0.5,0.0,0.0,1125710.0,4117585.0,4,3.0,0.5,0.2142857142857142,0.0714285714285714,0.0,0.2733908346761512
2017-06-12,5,3,20,28,0.4210526315789473,0.5,0.0,0.0,1345480.0,261870.0,2,1.6666666666666667,0.25,0.1785714285714285,0.1071428571428571,0.0,5.1379692213693815
2017-06-13,7,3,18,28,0.4,1.0,0.0,0.0,5313520.0,206100.0,4,2.333333333333333,0.4,0.25,0.1071428571428571,0.0,25.78127122755944
2017-06-14,2,6,20,28,0.35,0.5,0.0,0.0,337100.0,3354690.0,-4,0.3333333333333333,-0.5,0.0714285714285714,0.2142857142857142,0.0,0.1004861850126241
2017-06-15,2,3,24,29,0.4,0.5,0.0,0.0,336100.0,2583080.0,-1,0.6666666666666666,-0.2,0.0689655172413793,0.1034482758620689,0.0,0.1301159855676169
2017-06-16,2,4,24,30,0.4,0.5,0.0,0.0,224900.0,5093427.0,-2,0.5,-0.3333333333333333,0.0666666666666666,0.1333333333333333,0.0,0.0441549471505137
2017-06-19,6,3,21,30,0.4761904761904761,1.0,0.0,0.0,1214684.0,2077790.0,3,2.0,0.3333333333333333,0.2,0.1,0.0,0.5846038338811911
2017-06-20,7,3,20,30,0.3809523809523809,0.5,0.0,0.0,947870.0,4284802.0,4,2.333333333333333,0.4,0.2333333333333333,0.1,0.0,0.2212167563401996
2017-06-21,4,3,23,30,0.5,0.5,0.0,0.0,2120130.0,580269.0,1,1.3333333333333333,0.1428571428571428,0.1333333333333333,0.1,0.0,3.6537019899391487
2017-06-22,5,3,22,30,0.4545454545454545,0.5,0.0,0.0,2999030.0,227502.0,2,1.6666666666666667,0.25,0.1666666666666666,0.1,0.0,13.18243356102364
2017-06-23,6,2,22,30,0.3478260869565217,0.4,0.0,0.0,2268010.0,455080.0,4,3.0,0.5,0.2,0.0666666666666666,0.0,4.983761096949987
2017-06-26,3,3,24,30,0.391304347826087,0.4,0.0,0.0,3261896.0,204603.0,0,1.0,0.0,0.1,0.1,0.0,15.942561937019496
2017-06-27,2,5,23,30,0.3333333333333333,0.3333333333333333,0.0,0.0,3077860.0,160339.0,-3,0.4,-0.4285714285714285,0.0666666666666666,0.1666666666666666,0.0,19.19595357336643
2017-06-28,4,4,22,30,0.2916666666666667,0.3333333333333333,0.0,0.0,2557800.0,677500.0,0,1.0,0.0,0.1333333333333333,0.1333333333333333,0.0,3.775350553505535
2017-06-29,4,3,23,30,0.3461538461538461,0.3333333333333333,0.0,0.0,2801330.0,182180.0,1,1.3333333333333333,0.1428571428571428,0.1333333333333333,0.1,0.0,15.376715336480403
2017-06-30,5,6,19,30,0.3333333333333333,0.3333333333333333,0.0,0.0,1856700.0,286751.0,-1,0.8333333333333334,-0.0909090909090909,0.1666666666666666,0.2,0.0,6.474955623520057
2017-07-03,3,4,23,30,0.2962962962962963,0.4285714285714285,0.0,0.0,2205031.0,357290.0,-1,0.75,-0.1428571428571428,0.1,0.1333333333333333,0.0,6.171544123820985
2017-07-04,3,4,23,30,0.3333333333333333,0.375,0.0,0.0,2563800.0,516656.0,-1,0.75,-0.1428571428571428,0.1,0.1333333333333333,0.0,4.9622959957883
2017-07-05,5,4,21,30,0.2857142857142857,0.375,0.0,0.0,2350851.0,991990.0,1,1.25,0.1111111111111111,0.1666666666666666,0.1333333333333333,0.0,2.369833365255698
2017-07-06,10,1,19,30,0.2857142857142857,0.375,0.0,0.0,3993001.0,2698.0,9,10.0,0.8181818181818182,0.3333333333333333,0.0333333333333333,0.0,1479.9855448480355
2017-07-07,4,8,18,30,0.2857142857142857,0.375,0.0,0.0,3299890.0,984011.0,-4,0.5,-0.3333333333333333,0.1333333333333333,0.2666666666666666,0.0,3.35350925955096
2017-07-10,2,4,24,30,0.25,0.375,2.0,2.0,2926800.0,1060700.0,-2,0.5,-0.3333333333333333,0.0666666666666666,0.1333333333333333,0.0,2.759309889695484
2017-07-11,3,4,23,30,0.2068965517241379,0.4444444444444444,2.0,2.0,2125680.0,1501940.0,-1,0.75,-0.1428571428571428,0.1,0.1333333333333333,0.0,1.4152895588372372
2017-07-12,3,1,26,30,0.2333333333333333,0.4444444444444444,2.0,3.0,2339330.0,2200.0,2,3.0,0.5,0.1,0.0333333333333333,-0.0333333333333333,1063.331818181818
2017-07-13,3,5,22,30,0.1666666666666666,0.4444444444444444,2.0,3.0,2189260.0,284880.0,-2,0.6,-0.25,0.1,0.1666666666666666,-0.0333333333333333,7.6848497613030045
2017-07-14,4,3,23,30,0.2,0.3076923076923077,2.0,3.0,3057100.0,28400.0,1,1.3333333333333333,0.1428571428571428,0.1333333333333333,0.1,-0.0333333333333333,107.6443661971831
2017-07-17,2,12,16,30,0.1666666666666666,0.2142857142857142,2.0,4.0,2851440.0,919001.0,-10,0.1666666666666666,-0.7142857142857143,0.0666666666666666,0.4,-0.0666666666666666,3.102760497540264
2017-07-18,3,1,26,30,0.2,0.2857142857142857,2.0,4.0,2320930.0,164800.0,2,3.0,0.5,0.1,0.0333333333333333,-0.0666666666666666,14.083313106796115
2017-07-19,5,5,20,30,0.2666666666666666,0.4,3.0,5.0,2778310.0,245147.0,0,1.0,0.0,0.1666666666666666,0.1666666666666666,-0.0666666666666666,11.333240871803447
2017-07-20,5,3,22,30,0.2,0.375,3.0,4.0,2685040.0,1022.0,2,1.6666666666666667,0.25,0.1666666666666666,0.1,-0.0333333333333333,2627.2407045009786
2017-07-21,6,4,20,30,0.2333333333333333,0.3157894736842105,3.0,4.0,3100310.0,508860.0,2,1.5,0.2,0.2,0.1333333333333333,-0.0333333333333333,6.092658098494675
2017-07-24,6,3,21,30,0.2,0.2631578947368421,3.0,3.0,2989490.0,76360.0,3,2.0,0.3333333333333333,0.2,0.1,0.0,39.14994761655317
2017-07-25,4,4,22,30,0.2,0.3,3.0,3.0,2531500.0,23799.0,0,1.0,0.0,0.1333333333333333,0.1333333333333333,0.0,106.37001554687173
2017-07-26,6,4,20,30,0.2666666666666666,0.4,3.0,3.0,3074415.0,304859.0,2,1.5,0.2,0.2,0.1333333333333333,0.0,10.084711292761572
2017-07-27,4,5,21,30,0.2333333333333333,0.3,3.0,3.0,3095750.0,390566.0,-1,0.8,-0.1111111111111111,0.1333333333333333,0.1666666666666666,0.0,7.926317190948521
2017-07-28,8,3,19,30,0.4,0.45,3.0,3.0,3474350.0,118035.0,5,2.6666666666666665,0.4545454545454545,0.2666666666666666,0.1,0.0,29.434913373152032
2017-07-31,5,2,23,30,0.3666666666666666,0.4285714285714285,6.0,6.0,4380956.0,194130.0,3,2.5,0.4285714285714285,0.1666666666666666,0.0666666666666666,0.0,22.5671251223407
2017-08-01,3,3,24,30,0.3666666666666666,0.3809523809523809,7.0,6.0,2406060.0,572880.0,0,1.0,0.0,0.1,0.1,0.0333333333333333,4.199937159614579
2017-08-02,5,3,22,30,0.4,0.4090909090909091,6.0,6.0,5433850.0,111425.0,2,1.6666666666666667,0.25,0.1666666666666666,0.1,0.0,48.766883553960064
2017-08-03,3,5,22,30,0.3333333333333333,0.3636363636363636,7.0,6.0,2557520.0,1360120.0,-2,0.6,-0.25,0.1,0.1666666666666666,0.0333333333333333,1.8803634973384704
2017-08-04,9,2,19,30,0.4,0.391304347826087,7.0,6.0,4302996.0,117100.0,7,4.5,0.6363636363636364,0.3,0.0666666666666666,0.0333333333333333,36.74633646456021
2017-08-07,5,3,22,30,0.4333333333333333,0.391304347826087,8.0,7.0,2522276.0,1950060.0,2,1.6666666666666667,0.25,0.1666666666666666,0.1,0.0333333333333333,1.2934350737926013
2017-08-08,4,1,25,30,0.4666666666666667,0.375,8.0,7.0,2676983.0,100.0,3,4.0,0.6,0.1333333333333333,0.0333333333333333,0.0333333333333333,26769.83
2017-08-09,3,5,22,30,0.4,0.3333333333333333,10.0,7.0,3701061.0,692195.0,-2,0.6,-0.25,0.1,0.1666666666666666,0.1,5.346847347929413
2017-08-10,2,3,25,30,0.4333333333333333,0.3461538461538461,9.0,7.0,1809555.0,3506310.0,-1,0.6666666666666666,-0.2,0.0666666666666666,0.1,0.0666666666666666,0.5160852862410911
2017-08-11,5,7,18,30,0.4,0.4074074074074074,8.0,7.0,3218770.0,1266974.0,-2,0.7142857142857143,-0.1666666666666666,0.1666666666666666,0.2333333333333333,0.0333333333333333,2.5405178006809925
2017-08-14,6,5,19,30,0.4,0.4074074074074074,8.0,7.0,2471677.0,1177210.0,1,1.2,0.0909090909090909,0.2,0.1666666666666666,0.0333333333333333,2.099605847724705
2017-08-15,5,6,19,30,0.3333333333333333,0.3333333333333333,8.0,7.0,2410220.0,1110695.0,-1,0.8333333333333334,-0.0909090909090909,0.1666666666666666,0.2,0.0333333333333333,2.170010668995539
2017-08-16,2,7,21,30,0.3,0.3571428571428571,8.0,7.0,2461850.0,962960.0,-5,0.2857142857142857,-0.5555555555555556,0.0666666666666666,0.2333333333333333,0.0333333333333333,2.5565444047520147
2017-08-17,5,4,21,30,0.2666666666666666,0.3214285714285714,8.0,7.0,2225040.0,674244.0,1,1.25,0.1111111111111111,0.1666666666666666,0.1333333333333333,0.0333333333333333,3.300051613362521
2017-08-18,5,8,18,31,0.2666666666666666,0.3214285714285714,7.0,7.0,3165120.0,926600.0,-3,0.625,-0.2307692307692307,0.1612903225806451,0.2580645161290322,0.0,3.4158428663932656
2017-08-21,5,5,21,31,0.3,0.2857142857142857,9.0,8.0,4546768.0,48510.0,0,1.0,0.0,0.1612903225806451,0.1612903225806451,0.032258064516129,93.7284683570398
2017-08-22,4,3,24,31,0.3,0.2758620689655172,9.0,8.0,2691470.0,323869.0,1,1.3333333333333333,0.1428571428571428,0.1290322580645161,0.0967741935483871,0.032258064516129,8.31036622832071
2017-08-23,6,4,21,31,0.2666666666666666,0.3,9.0,8.0,2526397.0,138240.0,2,1.5,0.2,0.1935483870967742,0.1290322580645161,0.032258064516129,18.275441261574077
2017-08-24,2,6,23,31,0.2333333333333333,0.2666666666666666,9.0,8.0,2383500.0,936510.0,-4,0.3333333333333333,-0.5,0.064516129032258,0.1935483870967742,0.032258064516129,2.54508761251882
2017-08-25,7,6,18,31,0.2333333333333333,0.2666666666666666,9.0,9.0,2981036.0,527610.0,1,1.1666666666666667,0.0769230769230769,0.2258064516129032,0.1935483870967742,0.0,5.65007486590474
2017-08-28,7,2,22,31,0.2333333333333333,0.2333333333333333,9.0,9.0,5300570.0,48833.0,5,3.5,0.5555555555555556,0.2258064516129032,0.064516129032258,0.0,108.54483648352549
2017-08-29,4,5,22,31,0.2,0.3,9.0,9.0,3336170.0,340240.0,-1,0.8,-0.1111111111111111,0.1290322580645161,0.1612903225806451,0.0,9.805343287091464
2017-08-30,3,2,26,31,0.2333333333333333,0.3333333333333333,9.0,9.0,3357270.0,47900.0,1,1.5,0.2,0.0967741935483871,0.064516129032258,0.0,70.08914405010438
2017-08-31,4,8,19,31,0.3,0.3333333333333333,8.0,9.0,5557680.0,775024.0,-4,0.5,-0.3333333333333333,0.1290322580645161,0.2580645161290322,-0.032258064516129,7.170977931006008
2017-09-01,5,5,21,31,0.2333333333333333,0.3333333333333333,8.0,9.0,3719880.0,546685.0,0,1.0,0.0,0.1612903225806451,0.1612903225806451,-0.032258064516129,6.804430339226428
2017-09-05,4,5,22,31,0.2,0.3666666666666666,8.0,9.0,3637160.0,100034.0,-1,0.8,-0.1111111111111111,0.1290322580645161,0.1612903225806451,-0.032258064516129,36.35923785912789
2017-09-06,2,6,23,31,0.2,0.3666666666666666,8.0,9.0,5062130.0,268670.0,-4,0.3333333333333333,-0.5,0.064516129032258,0.1935483870967742,-0.032258064516129,18.84144117318644
2017-09-07,6,4,21,31,0.2,0.3333333333333333,9.0,10.0,4157662.0,69850.0,2,1.5,0.2,0.1935483870967742,0.1290322580645161,-0.032258064516129,59.52272011453114
2017-09-08,4,3,23,30,0.2758620689655172,0.3793103448275862,9.0,10.0,3164870.0,50539.0,1,1.3333333333333333,0.1428571428571428,0.1333333333333333,0.1,-0.0333333333333333,62.62233126892103
2017-09-11,2,6,22,30,0.2413793103448276,0.3793103448275862,10.0,11.0,4028310.0,241940.0,-4,0.3333333333333333,-0.5,0.0666666666666666,0.2,-0.0333333333333333,16.65003719930561
2017-09-12,4,2,24,30,0.2413793103448276,0.3103448275862069,10.0,10.0,126290.0,5410830.0,2,2.0,0.3333333333333333,0.1333333333333333,0.0666666666666666,0.0,0.0233402269152791
2017-09-13,3,2,25,30,0.2758620689655172,0.3448275862068966,10.0,11.0,4082718.0,97460.0,1,1.5,0.2,0.1,0.0666666666666666,-0.0333333333333333,41.89121690950133
2017-09-14,5,3,22,30,0.2666666666666666,0.3793103448275862,11.0,11.0,4931090.0,144540.0,2,1.6666666666666667,0.25,0.1666666666666666,0.1,0.0,34.115746506157464
2017-09-15,3,5,23,31,0.1935483870967742,0.3333333333333333,10.0,12.0,3193883.0,95160.0,-2,0.6,-0.25,0.0967741935483871,0.1612903225806451,-0.064516129032258,33.563293400588485
2017-09-18,5,3,23,31,0.1612903225806451,0.3333333333333333,10.0,10.0,2471620.0,77900.0,2,1.6666666666666667,0.25,0.1612903225806451,0.0967741935483871,0.0,31.72811296534018
2017-09-19,3,1,27,31,0.1612903225806451,0.3,10.0,10.0,3420420.0,14001.0,2,3.0,0.5,0.0967741935483871,0.032258064516129,0.0,244.29826440968503
2017-09-20,5,4,22,31,0.1935483870967742,0.3,10.0,11.0,3139810.0,583335.0,1,1.25,0.1111111111111111,0.1612903225806451,0.1290322580645161,-0.032258064516129,5.382516049954143
2017-09-21,6,3,22,31,0.1612903225806451,0.3,9.0,10.0,3048606.0,108050.0,3,2.0,0.3333333333333333,0.1935483870967742,0.0967741935483871,-0.032258064516129,28.21477093937992
2017-09-22,6,2,23,31,0.2258064516129032,0.2666666666666666,11.0,10.0,3104170.0,15500.0,4,3.0,0.5,0.1935483870967742,0.064516129032258,0.032258064516129,200.26903225806453
2017-09-25,2,6,23,31,0.2258064516129032,0.2333333333333333,9.0,10.0,132650.0,3587500.0,-4,0.3333333333333333,-0.5,0.064516129032258,0.1935483870967742,-0.032258064516129,0.0369756097560975
2017-09-26,5,3,23,31,0.2258064516129032,0.2666666666666666,9.0,10.0,184580.0,4025210.0,2,1.6666666666666667,0.25,0.1612903225806451,0.0967741935483871,-0.032258064516129,0.0458559926065969
2017-09-27,3,5,23,31,0.1935483870967742,0.2333333333333333,9.0,11.0,96963.0,3521669.0,-2,0.6,-0.25,0.0967741935483871,0.1612903225806451,-0.064516129032258,0.0275332519893266
2017-09-28,3,3,25,31,0.1935483870967742,0.2333333333333333,9.0,10.0,1920130.0,37030.0,0,1.0,0.0,0.0967741935483871,0.0967741935483871,-0.032258064516129,51.853362138806375
2017-09-29,5,2,24,31,0.1935483870967742,0.2333333333333333,9.0,10.0,1750941.0,31710.0,3,2.5,0.4285714285714285,0.1612903225806451,0.064516129032258,-0.032258064516129,55.21731315042573
2017-10-02,3,7,21,31,0.1612903225806451,0.2666666666666666,9.0,10.0,1615380.0,390570.0,-4,0.4285714285714285,-0.4,0.0967741935483871,0.2258064516129032,-0.032258064516129,4.135955142484062
2017-10-03,4,6,21,31,0.1290322580645161,0.2,8.0,11.0,2141825.0,129711.0,-2,0.6666666666666666,-0.2,0.1290322580645161,0.1935483870967742,-0.0967741935483871,16.512285002813947
2017-10-04,5,3,24,32,0.1935483870967742,0.2,9.0,11.0,1593012.0,116320.0,2,1.6666666666666667,0.25,0.15625,0.09375,-0.0625,13.695082530949106
2017-10-05,5,5,22,32,0.1935483870967742,0.2,9.0,11.0,1642275.0,79020.0,0,1.0,0.0,0.15625,0.15625,-0.0625,20.783029612756263
2017-10-06,7,4,22,33,0.2580645161290322,0.1666666666666666,9.0,10.0,1738285.0,171900.0,3,1.75,0.2727272727272727,0.2121212121212121,0.1212121212121212,-0.0303030303030303,10.11218731820826
2017-10-09,4,3,26,33,0.2903225806451613,0.2333333333333333,8.0,11.0,1686110.0,154310.0,1,1.3333333333333333,0.1428571428571428,0.1212121212121212,0.0909090909090909,-0.0909090909090909,10.926770786079969
2017-10-10,6,5,22,33,0.3225806451612903,0.2666666666666666,9.0,11.0,2107445.0,159830.0,1,1.2,0.0909090909090909,0.1818181818181818,0.1515151515151515,-0.0606060606060606,13.185540887192644
2017-10-11,6,3,24,33,0.3548387096774194,0.2666666666666666,9.0,10.0,1989695.0,140270.0,3,2.0,0.3333333333333333,0.1818181818181818,0.0909090909090909,-0.0303030303030303,14.184750837670208
2017-10-12,5,5,23,33,0.3548387096774194,0.2333333333333333,8.0,10.0,1873370.0,251821.0,0,1.0,0.0,0.1515151515151515,0.1515151515151515,-0.0606060606060606,7.439292195646908
2017-10-13,4,5,24,33,0.3870967741935484,0.2666666666666666,9.0,11.0,3429658.0,716470.0,-1,0.8,-0.1111111111111111,0.1212121212121212,0.1515151515151515,-0.0606060606060606,4.786882912054936
2017-10-16,6,5,22,33,0.3548387096774194,0.2666666666666666,8.0,10.0,1713600.0,336944.0,1,1.2,0.0909090909090909,0.1818181818181818,0.1515151515151515,-0.0606060606060606,5.085711572249394
2017-10-17,6,4,23,33,0.3548387096774194,0.2333333333333333,8.0,10.0,2042246.0,56020.0,2,1.5,0.2,0.1818181818181818,0.1212121212121212,-0.0606060606060606,36.45565869332381
2017-10-18,3,5,25,33,0.3548387096774194,0.2333333333333333,8.0,9.0,2497933.0,133060.0,-2,0.6,-0.25,0.0909090909090909,0.1515151515151515,-0.0303030303030303,18.772982113332333
2017-10-19,4,3,26,33,0.3548387096774194,0.2666666666666666,10.0,10.0,5037574.0,8710.0,1,1.3333333333333333,0.1428571428571428,0.1212121212121212,0.0909090909090909,0.0,578.3667049368541
2017-10-20,6,6,21,33,0.2903225806451613,0.2333333333333333,10.0,8.0,4320330.0,873850.0,0,1.0,0.0,0.1818181818181818,0.1818181818181818,0.0606060606060606,4.944017852034102
2017-10-23,4,5,24,33,0.3225806451612903,0.2333333333333333,9.0,9.0,2648050.0,271613.0,-1,0.8,-0.1111111111111111,0.1212121212121212,0.1515151515151515,0.0,9.74934925795157
2017-10-24,4,6,23,33,0.3225806451612903,0.3333333333333333,9.0,8.0,1625520.0,110883.0,-2,0.6666666666666666,-0.2,0.1212121212121212,0.1818181818181818,0.0303030303030303,14.65977652119802
2017-10-25,3,5,25,33,0.3225806451612903,0.3333333333333333,9.0,7.0,1834340.0,102330.0,-2,0.6,-0.25,0.0909090909090909,0.1515151515151515,0.0606060606060606,17.92573047982019
2017-10-26,4,5,24,33,0.3225806451612903,0.3548387096774194,9.0,8.0,1549840.0,474699.0,-1,0.8,-0.1111111111111111,0.1212121212121212,0.1515151515151515,0.0303030303030303,3.2648899618495086
2017-10-27,3,6,24,33,0.2580645161290322,0.3548387096774194,9.0,8.0,1191470.0,1089310.0,-3,0.5,-0.3333333333333333,0.0909090909090909,0.1818181818181818,0.0303030303030303,1.0937841385831395
2017-10-30,6,5,22,33,0.34375,0.3870967741935484,9.0,8.0,702760.0,325130.0,1,1.2,0.0909090909090909,0.1818181818181818,0.1515151515151515,0.0303030303030303,2.161473871989666
2017-10-31,3,6,24,33,0.3125,0.3870967741935484,9.0,8.0,311039.0,1472560.0,-3,0.5,-0.3333333333333333,0.0909090909090909,0.1818181818181818,0.0303030303030303,0.2112233117835606
2017-11-01,2,5,26,33,0.2727272727272727,0.3548387096774194,8.0,10.0,1466040.0,421790.0,-3,0.4,-0.4285714285714285,0.0606060606060606,0.1515151515151515,-0.0606060606060606,3.475758078664738
2017-11-02,3,6,24,33,0.2424242424242424,0.3225806451612903,9.0,10.0,106380.0,891100.0,-3,0.5,-0.3333333333333333,0.0909090909090909,0.1818181818181818,-0.0303030303030303,0.1193805409045
2017-11-03,7,6,20,33,0.303030303030303,0.3225806451612903,8.0,8.0,1574958.0,2032740.0,1,1.1666666666666667,0.0769230769230769,0.2121212121212121,0.1818181818181818,0.0,0.7747955960919743
2017-11-06,3,5,25,33,0.2727272727272727,0.3225806451612903,8.0,9.0,16321.0,1188660.0,-2,0.6,-0.25,0.0909090909090909,0.1515151515151515,-0.0303030303030303,0.0137305873841132
2017-11-07,6,2,25,33,0.303030303030303,0.3225806451612903,8.0,9.0,891230.0,1600.0,4,3.0,0.5,0.1818181818181818,0.0606060606060606,-0.0303030303030303,557.01875
2017-11-08,1,5,27,33,0.2727272727272727,0.3548387096774194,8.0,9.0,66700.0,1095850.0,-4,0.2,-0.6666666666666666,0.0303030303030303,0.1515151515151515,-0.0303030303030303,0.0608659944335447
2017-11-09,2,4,27,33,0.2424242424242424,0.3548387096774194,8.0,8.0,39565.0,1444150.0,-2,0.5,-0.3333333333333333,0.0606060606060606,0.1212121212121212,0.0,0.0273967385659384
2017-11-10,7,6,20,33,0.2424242424242424,0.3225806451612903,9.0,8.0,1093025.0,650519.0,1,1.1666666666666667,0.0769230769230769,0.2121212121212121,0.1818181818181818,0.0303030303030303,1.6802353197984994
2017-11-13,3,4,26,33,0.2121212121212121,0.2903225806451613,9.0,9.0,993790.0,218220.0,-1,0.75,-0.1428571428571428,0.0909090909090909,0.1212121212121212,0.0,4.554073870406012
2017-11-14,4,5,24,33,0.2121212121212121,0.3225806451612903,9.0,9.0,1311650.0,209100.0,-1,0.8,-0.1111111111111111,0.1212121212121212,0.1515151515151515,0.0,6.272835963653754
2017-11-15,9,2,22,33,0.2121212121212121,0.3548387096774194,8.0,7.0,1105628.0,160.0,7,4.5,0.6363636363636364,0.2727272727272727,0.0606060606060606,0.0303030303030303,6910.175
2017-11-16,4,6,23,33,0.2121212121212121,0.3225806451612903,8.0,7.0,1485590.0,42355.0,-2,0.6666666666666666,-0.2,0.1212121212121212,0.1818181818181818,0.0303030303030303,35.07472553417542
2017-11-17,3,6,24,33,0.2424242424242424,0.3225806451612903,8.0,8.0,1357624.0,1693920.0,-3,0.5,-0.3333333333333333,0.0909090909090909,0.1818181818181818,0.0,0.8014687824690658
2017-11-20,3,6,24,33,0.2121212121212121,0.2903225806451613,8.0,10.0,183039.0,1120240.0,-3,0.5,-0.3333333333333333,0.0909090909090909,0.1818181818181818,-0.0606060606060606,0.1633926658573163
2017-11-21,7,2,25,34,0.2121212121212121,0.3225806451612903,8.0,9.0,1071126.0,164610.0,5,3.5,0.5555555555555556,0.2058823529411764,0.0588235294117647,-0.0294117647058823,6.507053034445052
2017-11-22,3,8,23,34,0.1212121212121212,0.2903225806451613,8.0,8.0,874760.0,162794.0,-5,0.375,-0.4545454545454545,0.088235294117647,0.2352941176470588,0.0,5.373416710689583
2017-11-23,5,4,25,34,0.1515151515151515,0.3225806451612903,8.0,9.0,1868310.0,59863.0,1,1.25,0.1111111111111111,0.1470588235294117,0.1176470588235294,-0.0294117647058823,31.209762290563454
2017-11-24,8,6,20,34,0.1818181818181818,0.2903225806451613,8.0,9.0,1356000.0,510650.0,2,1.3333333333333333,0.1428571428571428,0.2352941176470588,0.1764705882352941,-0.0294117647058823,2.655439146186233
2017-11-27,7,6,21,34,0.1818181818181818,0.2903225806451613,9.0,7.0,1192780.0,212074.0,1,1.1666666666666667,0.0769230769230769,0.2058823529411764,0.1764705882352941,0.0588235294117647,5.624357535577204
2017-11-28,5,6,23,34,0.2424242424242424,0.2903225806451613,9.0,8.0,1147250.0,197771.0,-1,0.8333333333333334,-0.0909090909090909,0.1470588235294117,0.1764705882352941,0.0294117647058823,5.800901042114365
2017-11-29,5,5,24,34,0.1818181818181818,0.2903225806451613,9.0,7.0,169190.0,1724480.0,0,1.0,0.0,0.1470588235294117,0.1470588235294117,0.0588235294117647,0.0981107348302096
2017-11-30,3,4,27,34,0.1515151515151515,0.2903225806451613,9.0,8.0,947850.0,247384.0,-1,0.75,-0.1428571428571428,0.088235294117647,0.1176470588235294,0.0294117647058823,3.831492740031692
2017-12-01,8,2,24,34,0.1818181818181818,0.2903225806451613,9.0,8.0,1497610.0,4300.0,6,4.0,0.6,0.2352941176470588,0.0588235294117647,0.0294117647058823,348.28139534883724
2017-12-04,6,2,26,34,0.2121212121212121,0.2903225806451613,9.0,8.0,113040.0,1998930.0,4,3.0,0.5,0.1764705882352941,0.0588235294117647,0.0294117647058823,0.0565502543860965
2017-12-05,2,9,23,34,0.1818181818181818,0.2258064516129032,9.0,8.0,9880.0,1476087.0,-7,0.2222222222222222,-0.6363636363636364,0.0588235294117647,0.2647058823529412,0.0294117647058823,0.0066933724096208
2017-12-06,2,7,25,34,0.2121212121212121,0.2258064516129032,9.0,8.0,29000.0,1941315.0,-5,0.2857142857142857,-0.5555555555555556,0.0588235294117647,0.2058823529411764,0.0294117647058823,0.0149383278859948
2017-12-07,4,6,24,34,0.1818181818181818,0.2258064516129032,8.0,7.0,923170.0,284680.0,-2,0.6666666666666666,-0.2,0.1176470588235294,0.1764705882352941,0.0294117647058823,3.2428340592946467
2017-12-08,6,3,25,34,0.303030303030303,0.2258064516129032,8.0,9.0,1127780.0,1600.0,3,2.0,0.3333333333333333,0.1764705882352941,0.088235294117647,-0.0294117647058823,704.8625
2017-12-11,5,7,22,34,0.2121212121212121,0.25,8.0,7.0,77780.0,1624815.0,-2,0.7142857142857143,-0.1666666666666666,0.1470588235294117,0.2058823529411764,0.0294117647058823,0.0478700652074236
2017-12-12,5,5,24,34,0.2424242424242424,0.21875,9.0,7.0,1061660.0,19250.0,0,1.0,0.0,0.1470588235294117,0.1470588235294117,0.0588235294117647,55.15116883116883
2017-12-13,7,4,23,34,0.2727272727272727,0.2727272727272727,9.0,8.0,1487290.0,17640.0,3,1.75,0.2727272727272727,0.2058823529411764,0.1176470588235294,0.0294117647058823,84.31349206349206
2017-12-14,6,4,24,34,0.303030303030303,0.2727272727272727,9.0,8.0,1578907.0,9100.0,2,1.5,0.2,0.1764705882352941,0.1176470588235294,0.0294117647058823,173.50626373626375
2017-12-15,4,8,22,34,0.2941176470588235,0.2727272727272727,9.0,9.0,606210.0,4084350.0,-4,0.5,-0.3333333333333333,0.1176470588235294,0.2352941176470588,0.0,0.1484226376289985
2017-12-18,4,5,25,34,0.3235294117647059,0.2424242424242424,10.0,8.0,1000080.0,139980.0,-1,0.8,-0.1111111111111111,0.1176470588235294,0.1470588235294117,0.0588235294117647,7.144449207029576
2017-12-19,5,3,26,34,0.3235294117647059,0.2424242424242424,10.0,8.0,1958590.0,149608.0,2,1.6666666666666667,0.25,0.1470588235294117,0.088235294117647,0.0588235294117647,13.091479065290626
2017-12-20,7,3,24,34,0.3823529411764705,0.2121212121212121,10.0,8.0,1764720.0,456300.0,4,2.333333333333333,0.4,0.2058823529411764,0.088235294117647,0.0588235294117647,3.867455621301775
2017-12-21,2,9,23,34,0.3235294117647059,0.2424242424242424,10.0,8.0,58580.0,3712669.0,-7,0.2222222222222222,-0.6363636363636364,0.0588235294117647,0.2647058823529412,0.0588235294117647,0.0157784063163185
2017-12-22,5,4,25,34,0.2941176470588235,0.2727272727272727,10.0,8.0,1873040.0,257730.0,1,1.25,0.1111111111111111,0.1470588235294117,0.1176470588235294,0.0588235294117647,7.267450432623288
2017-12-25,6,2,26,34,0.3235294117647059,0.2727272727272727,10.0,8.0,1793280.0,25170.0,4,3.0,0.5,0.1764705882352941,0.0588235294117647,0.0588235294117647,71.24672228843862
2017-12-26,2,7,25,34,0.2352941176470588,0.2727272727272727,10.0,9.0,1813790.0,330700.0,-5,0.2857142857142857,-0.5555555555555556,0.0588235294117647,0.2058823529411764,0.0294117647058823,5.484699123072271
2017-12-27,4,4,26,34,0.2647058823529412,0.2424242424242424,10.0,9.0,1642950.0,171899.0,0,1.0,0.0,0.1176470588235294,0.1176470588235294,0.0294117647058823,9.557647223078668
2017-12-28,6,4,24,34,0.2941176470588235,0.2727272727272727,10.0,10.0,1649212.0,52660.0,2,1.5,0.2,0.1764705882352941,0.1176470588235294,0.0,31.31811621724269
2017-12-29,4,9,21,34,0.2941176470588235,0.3333333333333333,10.0,11.0,2130520.0,745850.0,-5,0.4444444444444444,-0.3846153846153846,0.1176470588235294,0.2647058823529412,-0.0294117647058823,2.856499296105115
2018-01-02,4,8,22,34,0.3235294117647059,0.303030303030303,10.0,11.0,63850.0,3383164.0,-4,0.5,-0.3333333333333333,0.1176470588235294,0.2352941176470588,-0.0294117647058823,0.0188728657552515
2018-01-03,1,6,27,34,0.2647058823529412,0.2727272727272727,10.0,11.0,178900.0,1314094.0,-5,0.1666666666666666,-0.7142857142857143,0.0294117647058823,0.1764705882352941,-0.0294117647058823,0.1361394238159523
2018-01-04,6,2,26,34,0.2941176470588235,0.2727272727272727,10.0,10.0,1189354.0,42550.0,4,3.0,0.5,0.1764705882352941,0.0588235294117647,0.0,27.951915393654524
2018-01-05,7,8,19,34,0.2352941176470588,0.2424242424242424,9.0,11.0,1797850.0,247809.0,-1,0.875,-0.0666666666666666,0.2058823529411764,0.2352941176470588,-0.0588235294117647,7.254982668103257
2018-01-08,7,6,22,35,0.1764705882352941,0.2424242424242424,9.0,9.0,1078830.0,57170.0,1,1.1666666666666667,0.0769230769230769,0.2,0.1714285714285714,0.0,18.87056148329544
2018-01-09,5,3,28,36,0.2058823529411764,0.2121212121212121,9.0,8.0,1252020.0,14536.0,2,1.6666666666666667,0.25,0.1388888888888889,0.0833333333333333,0.0277777777777777,86.13236103467254
2018-01-10,2,10,24,36,0.2647058823529412,0.2121212121212121,9.0,7.0,5050.0,2063520.0,-8,0.2,-0.6666666666666666,0.0555555555555555,0.2777777777777778,0.0555555555555555,0.0024472745599751
2018-01-11,8,3,25,36,0.2941176470588235,0.2424242424242424,9.0,8.0,1324185.0,147220.0,5,2.6666666666666665,0.4545454545454545,0.2222222222222222,0.0833333333333333,0.0277777777777777,8.994599918489335
2018-01-12,4,7,25,36,0.3235294117647059,0.2424242424242424,9.0,7.0,1578309.0,180091.0,-3,0.5714285714285714,-0.2727272727272727,0.1111111111111111,0.1944444444444444,0.0555555555555555,8.76395266837321
2018-01-15,7,4,25,36,0.3235294117647059,0.2121212121212121,9.0,7.0,61479.0,59041.0,3,1.75,0.2727272727272727,0.1944444444444444,0.1111111111111111,0.0555555555555555,1.041293338527464
2018-01-16,4,4,28,36,0.3235294117647059,0.2727272727272727,9.0,6.0,29130.0,1390490.0,0,1.0,0.0,0.1111111111111111,0.1111111111111111,0.0833333333333333,0.0209494494746456
2018-01-17,3,4,29,36,0.2941176470588235,0.2727272727272727,9.0,6.0,1614300.0,129780.0,-1,0.75,-0.1428571428571428,0.0833333333333333,0.1111111111111111,0.0833333333333333,12.438742487286175
2018-01-18,3,5,28,36,0.3235294117647059,0.2727272727272727,9.0,8.0,1445240.0,114630.0,-2,0.6,-0.25,0.0833333333333333,0.1388888888888889,0.0277777777777777,12.607868795254296
2018-01-19,6,5,25,36,0.2941176470588235,0.3333333333333333,9.0,7.0,4094240.0,105198.0,1,1.2,0.0909090909090909,0.1666666666666666,0.1388888888888889,0.0555555555555555,38.91937109070515
2018-01-22,4,9,23,36,0.2647058823529412,0.3333333333333333,9.0,8.0,1166860.0,139239.0,-5,0.4444444444444444,-0.3846153846153846,0.1111111111111111,0.25,0.0277777777777777,8.380267022888702
2018-01-23,1,4,31,36,0.2647058823529412,0.303030303030303,9.0,7.0,16000.0,157600.0,-3,0.25,-0.6,0.0277777777777777,0.1111111111111111,0.0555555555555555,0.1015228426395939
2018-01-24,4,3,29,36,0.2352941176470588,0.303030303030303,9.0,7.0,6900.0,459880.0,1,1.3333333333333333,0.1428571428571428,0.1111111111111111,0.0833333333333333,0.0555555555555555,0.0150039140645385
2018-01-25,4,7,25,36,0.2058823529411764,0.2727272727272727,9.0,8.0,98784.0,1330230.0,-3,0.5714285714285714,-0.2727272727272727,0.1111111111111111,0.1944444444444444,0.0277777777777777,0.074260842110011
2018-01-26,7,4,25,36,0.2647058823529412,0.3333333333333333,9.0,11.0,1254410.0,724412.0,3,1.75,0.2727272727272727,0.1944444444444444,0.1111111111111111,-0.0555555555555555,1.7316250973203091
2018-01-29,5,5,26,36,0.2058823529411764,0.2941176470588235,9.0,10.0,1344830.0,42960.0,0,1.0,0.0,0.1388888888888889,0.1388888888888889,-0.0277777777777777,31.304236499068903
2018-01-30,5,3,28,36,0.2058823529411764,0.3529411764705882,9.0,10.0,131908.0,954170.0,2,1.6666666666666667,0.25,0.1388888888888889,0.0833333333333333,-0.0277777777777777,0.1382437091922823
2018-01-31,3,5,28,36,0.2352941176470588,0.3235294117647059,9.0,12.0,1359760.0,617411.0,-2,0.6,-0.25,0.0833333333333333,0.1388888888888889,-0.0833333333333333,2.202357910694821
2018-02-01,2,9,25,36,0.2,0.2058823529411764,9.0,10.0,9590.0,1848340.0,-7,0.2222222222222222,-0.6363636363636364,0.0555555555555555,0.25,-0.0277777777777777,0.0051884393563954
2018-02-02,2,7,27,36,0.1666666666666666,0.2058823529411764,9.0,12.0,248190.0,1019850.0,-5,0.2857142857142857,-0.5555555555555556,0.0555555555555555,0.1944444444444444,-0.0833333333333333,0.243359317546698
2018-02-05,3,7,26,36,0.1666666666666666,0.2058823529411764,9.0,12.0,1536210.0,212250.0,-4,0.4285714285714285,-0.4,0.0833333333333333,0.1944444444444444,-0.0833333333333333,7.23773851590106
2018-02-06,1,10,25,36,0.1388888888888889,0.2058823529411764,9.0,11.0,1610.0,1613540.0,-9,0.1,-0.8181818181818182,0.0277777777777777,0.2777777777777778,-0.0555555555555555,0.000997806066165
2018-02-07,6,3,27,36,0.0833333333333333,0.2058823529411764,9.0,10.0,1349259.0,6020.0,3,2.0,0.3333333333333333,0.1666666666666666,0.0833333333333333,-0.0277777777777777,224.1294019933555
2018-02-08,3,5,28,36,0.0555555555555555,0.2058823529411764,9.0,10.0,14840.0,895530.0,-2,0.6,-0.25,0.0833333333333333,0.1388888888888889,-0.0277777777777777,0.0165711924781972
2018-02-09,2,9,25,36,0.0833333333333333,0.2352941176470588,9.0,12.0,4200.0,1422050.0,-7,0.2222222222222222,-0.6363636363636364,0.0555555555555555,0.25,-0.0833333333333333,0.0029534826482894
2018-02-12,4,4,28,36,0.0833333333333333,0.2352941176470588,9.0,11.0,1432500.0,196420.0,0,1.0,0.0,0.1111111111111111,0.1111111111111111,-0.0555555555555555,7.293045514713369
2018-02-13,5,2,29,36,0.0833333333333333,0.2058823529411764,9.0,10.0,329560.0,678390.0,3,2.5,0.4285714285714285,0.1388888888888889,0.0555555555555555,-0.0277777777777777,0.4857972552661448
2018-02-21,5,4,27,36,0.1666666666666666,0.2352941176470588,9.0,10.0,34510.0,1056450.0,1,1.25,0.1111111111111111,0.1388888888888889,0.1111111111111111,-0.0277777777777777,0.0326660040702352
2018-02-22,5,6,26,37,0.1666666666666666,0.1764705882352941,10.0,11.0,1142060.0,62200.0,-1,0.8333333333333334,-0.0909090909090909,0.1351351351351351,0.1621621621621621,-0.027027027027027,18.361093247588425
2018-02-23,6,3,28,37,0.1944444444444444,0.1764705882352941,11.0,12.0,1022300.0,129180.0,3,2.0,0.3333333333333333,0.1621621621621621,0.081081081081081,-0.027027027027027,7.9137637405171075
2018-02-26,4,5,29,38,0.1944444444444444,0.1764705882352941,11.0,10.0,975160.0,82972.0,-1,0.8,-0.1111111111111111,0.1052631578947368,0.131578947368421,0.0263157894736842,11.75288048980379
2018-02-27,5,4,29,38,0.1666666666666666,0.1470588235294117,11.0,10.0,914170.0,81946.0,1,1.25,0.1111111111111111,0.131578947368421,0.1052631578947368,0.0263157894736842,11.15576111097552
2018-02-28,7,3,28,38,0.1666666666666666,0.1470588235294117,11.0,9.0,117890.0,1163660.0,4,2.333333333333333,0.4,0.1842105263157894,0.0789473684210526,0.0526315789473684,0.101309660897513
2018-03-01,3,5,30,38,0.2222222222222222,0.1470588235294117,10.0,8.0,1277730.0,198510.0,-2,0.6,-0.25,0.0789473684210526,0.131578947368421,0.0526315789473684,6.436602690040804
2018-03-02,4,7,27,38,0.1388888888888889,0.1470588235294117,10.0,11.0,1202980.0,37230.0,-3,0.5714285714285714,-0.2727272727272727,0.1052631578947368,0.1842105263157894,-0.0263157894736842,32.31211388665055
2018-03-05,5,3,30,38,0.1666666666666666,0.1764705882352941,10.0,9.0,70920.0,944180.0,2,1.6666666666666667,0.25,0.131578947368421,0.0789473684210526,0.0263157894736842,0.0751127962888432
2018-03-06,1,7,30,38,0.1666666666666666,0.1470588235294117,10.0,10.0,100.0,956040.0,-6,0.1428571428571428,-0.75,0.0263157894736842,0.1842105263157894,0.0,0.0001045981339692
2018-03-07,7,5,27,39,0.1388888888888889,0.1470588235294117,10.0,10.0,884730.0,64167.0,2,1.4,0.1666666666666666,0.1794871794871795,0.1282051282051282,0.0,13.787928374398057
2018-03-08,5,4,30,39,0.1666666666666666,0.1470588235294117,10.0,9.0,154960.0,789400.0,1,1.25,0.1111111111111111,0.1282051282051282,0.1025641025641025,0.0256410256410256,0.1963009880922219
2018-03-09,7,5,27,39,0.25,0.1176470588235294,10.0,11.0,1036310.0,164290.0,2,1.4,0.1666666666666666,0.1794871794871795,0.1282051282051282,-0.0256410256410256,6.307809361494917
2018-03-12,3,6,30,39,0.25,0.1470588235294117,10.0,12.0,90560.0,1059150.0,-3,0.5,-0.3333333333333333,0.0769230769230769,0.1538461538461538,-0.0512820512820512,0.085502525610159
2018-03-13,4,4,31,39,0.25,0.1470588235294117,10.0,12.0,527210.0,20750.0,0,1.0,0.0,0.1025641025641025,0.1025641025641025,-0.0512820512820512,25.407710843373494
2018-03-14,5,4,30,39,0.2777777777777778,0.1470588235294117,10.0,11.0,262340.0,1173929.0,1,1.25,0.1111111111111111,0.1282051282051282,0.1025641025641025,-0.0256410256410256,0.2234717772539906
2018-03-15,2,10,27,39,0.1944444444444444,0.1470588235294117,10.0,10.0,1010808.0,2152101.0,-8,0.2,-0.6666666666666666,0.0512820512820512,0.2564102564102564,0.0,0.4696842759703192
2018-03-16,7,5,27,39,0.2777777777777778,0.1764705882352941,10.0,12.0,4348830.0,2924310.0,2,1.4,0.1666666666666666,0.1794871794871795,0.1282051282051282,-0.0512820512820512,1.48713029740349
2018-03-19,6,4,29,39,0.2777777777777778,0.2352941176470588,10.0,10.0,739380.0,1087462.0,2,1.5,0.2,0.1538461538461538,0.1025641025641025,0.0,0.6799134130663876
2018-03-20,6,6,28,40,0.3513513513513513,0.2058823529411764,10.0,10.0,5236022.0,74760.0,0,1.0,0.0,0.15,0.15,0.0,70.03774745853397
2018-03-21,7,4,29,40,0.3243243243243243,0.2941176470588235,10.0,9.0,2530290.0,80802.0,3,1.75,0.2727272727272727,0.175,0.1,0.025,31.31469518081236
2018-03-22,5,5,30,40,0.3421052631578947,0.2857142857142857,10.0,8.0,720660.0,1540890.0,0,1.0,0.0,0.125,0.125,0.05,0.4676907501508868
2018-03-23,8,5,28,41,0.2631578947368421,0.3055555555555556,10.0,9.0,4146071.0,1471220.0,3,1.6,0.2307692307692307,0.1951219512195122,0.1219512195121951,0.024390243902439,2.818117616671877
2018-03-26,5,4,32,41,0.2894736842105263,0.3055555555555556,10.0,9.0,2286750.0,11200.0,1,1.25,0.1111111111111111,0.1219512195121951,0.0975609756097561,0.024390243902439,204.17410714285717
2018-03-27,6,5,30,41,0.3157894736842105,0.3055555555555556,10.0,10.0,995640.0,2216325.0,1,1.2,0.0909090909090909,0.1463414634146341,0.1219512195121951,0.0,0.4492301444959561
2018-03-28,7,3,31,41,0.3421052631578947,0.3055555555555556,10.0,9.0,1972060.0,384962.0,4,2.333333333333333,0.4,0.1707317073170731,0.073170731707317,0.024390243902439,5.122739387264198
2018-03-29,8,4,29,41,0.3684210526315789,0.3333333333333333,10.0,9.0,621900.0,1285150.0,4,2.0,0.3333333333333333,0.1951219512195122,0.0975609756097561,0.024390243902439,0.4839123837684317
2018-03-30,8,5,28,41,0.3421052631578947,0.3055555555555556,10.0,8.0,1509730.0,546512.0,3,1.6,0.2307692307692307,0.1951219512195122,0.1219512195121951,0.048780487804878,2.7624828000117105
2018-04-02,5,7,29,41,0.3846153846153846,0.3333333333333333,10.0,10.0,2081080.0,1139955.0,-2,0.7142857142857143,-0.1666666666666666,0.1219512195121951,0.1707317073170731,0.0,1.82558083433118
2018-04-03,5,5,31,41,0.4102564102564102,0.3055555555555556,9.0,9.0,404532.0,1544410.0,0,1.0,0.0,0.1219512195121951,0.1219512195121951,0.0,0.2619330359166283
2018-04-04,6,7,28,41,0.358974358974359,0.2777777777777778,10.0,9.0,1337600.0,307600.0,-1,0.8571428571428571,-0.0769230769230769,0.1463414634146341,0.1707317073170731,0.024390243902439,4.3485045513654095
2018-04-05,4,6,31,41,0.3076923076923077,0.3055555555555556,9.0,9.0,219380.0,2054840.0,-2,0.6666666666666666,-0.2,0.0975609756097561,0.1463414634146341,0.0,0.1067625703217768
2018-04-06,6,7,28,41,0.282051282051282,0.25,10.0,8.0,1635914.0,286314.0,-1,0.8571428571428571,-0.0769230769230769,0.1463414634146341,0.1707317073170731,0.048780487804878,5.713705931250305
2018-04-09,3,8,30,41,0.282051282051282,0.25,10.0,7.0,443940.0,1871004.0,-5,0.375,-0.4545454545454545,0.073170731707317,0.1951219512195122,0.073170731707317,0.2372736776618329
2018-04-10,5,6,30,41,0.2307692307692307,0.2222222222222222,10.0,7.0,106700.0,1760156.0,-1,0.8333333333333334,-0.0909090909090909,0.1219512195121951,0.1463414634146341,0.073170731707317,0.0606196268967068
2018-04-11,3,7,31,41,0.282051282051282,0.25,10.0,8.0,45215.0,2355950.0,-4,0.4285714285714285,-0.4,0.073170731707317,0.1707317073170731,0.048780487804878,0.0191918334429847
2018-04-12,4,7,30,41,0.2051282051282051,0.25,10.0,8.0,348170.0,1350150.0,-3,0.5714285714285714,-0.2727272727272727,0.0975609756097561,0.1707317073170731,0.048780487804878,0.2578750509202681
2018-04-13,6,5,30,41,0.225,0.25,10.0,10.0,1556760.0,295099.0,1,1.2,0.0909090909090909,0.1463414634146341,0.1219512195121951,0.0,5.275382159885327
2018-04-16,3,6,32,41,0.2,0.2222222222222222,10.0,9.0,119440.0,1715450.0,-3,0.5,-0.3333333333333333,0.073170731707317,0.1463414634146341,0.024390243902439,0.0696260456440001
2018-04-17,5,1,35,41,0.225,0.25,10.0,8.0,1763210.0,73200.0,4,5.0,0.6666666666666666,0.1219512195121951,0.024390243902439,0.048780487804878,24.08756830601093
2018-04-18,3,6,32,41,0.2195121951219512,0.25,10.0,8.0,81760.0,1840170.0,-3,0.5,-0.3333333333333333,0.073170731707317,0.1463414634146341,0.048780487804878,0.044430677600439
2018-04-19,2,7,32,41,0.1463414634146341,0.2222222222222222,10.0,8.0,14910.0,1723020.0,-5,0.2857142857142857,-0.5555555555555556,0.048780487804878,0.1707317073170731,0.048780487804878,0.0086534108716091
2018-04-20,6,4,31,41,0.1707317073170731,0.25,10.0,8.0,1226741.0,206090.0,2,1.5,0.2,0.1463414634146341,0.0975609756097561,0.048780487804878,5.952452811878306
2018-04-23,3,9,29,41,0.073170731707317,0.25,10.0,9.0,204500.0,1441119.0,-6,0.3333333333333333,-0.5,0.073170731707317,0.2195121951219512,0.024390243902439,0.1419036179524383
2018-04-24,2,6,33,41,0.073170731707317,0.25,10.0,9.0,95830.0,993205.0,-4,0.3333333333333333,-0.5,0.048780487804878,0.1463414634146341,0.024390243902439,0.0964856197864489
2018-04-26,5,4,32,41,0.1219512195121951,0.25,10.0,10.0,836300.0,104800.0,1,1.25,0.1111111111111111,0.1219512195121951,0.0975609756097561,0.0,7.979961832061068
2018-04-27,9,3,29,41,0.1463414634146341,0.2222222222222222,10.0,9.0,1061920.0,102210.0,6,3.0,0.5,0.2195121951219512,0.073170731707317,0.024390243902439,10.38959005968105
2018-05-02,2,8,31,41,0.073170731707317,0.1944444444444444,10.0,10.0,63800.0,842400.0,-6,0.25,-0.6,0.048780487804878,0.1951219512195122,0.0,0.075735992402659
2018-05-03,6,4,30,40,0.1,0.2857142857142857,10.0,11.0,1205680.0,51873.0,2,1.5,0.2,0.15,0.1,-0.025,23.242920208971917
2018-05-04,6,6,28,40,0.1,0.3055555555555556,10.0,11.0,300620.0,529221.0,0,1.0,0.0,0.15,0.15,-0.025,0.5680424624117335
2018-05-07,7,4,29,40,0.15,0.3611111111111111,10.0,8.0,424680.0,11550.0,3,1.75,0.2727272727272727,0.175,0.1,0.05,36.76883116883117
2018-05-08,3,3,34,40,0.2,0.3513513513513513,10.0,9.0,1121600.0,21140.0,0,1.0,0.0,0.075,0.075,0.025,53.0558183538316
2018-05-09,3,7,30,40,0.175,0.3513513513513513,10.0,9.0,817210.0,263060.0,-4,0.4285714285714285,-0.4,0.075,0.175,0.025,3.1065536379533185
2018-05-10,3,4,33,40,0.2,0.3243243243243243,10.0,9.0,12910.0,985750.0,-1,0.75,-0.1428571428571428,0.075,0.1,0.025,0.0130966269338067
2018-05-11,3,10,28,41,0.1951219512195122,0.2631578947368421,10.0,11.0,114460.0,526989.0,-7,0.3,-0.5384615384615384,0.073170731707317,0.2439024390243902,-0.024390243902439,0.2171961843605843
2018-05-14,10,3,28,41,0.2195121951219512,0.2631578947368421,10.0,9.0,1061570.0,10633.0,7,3.333333333333333,0.5384615384615384,0.2439024390243902,0.073170731707317,0.024390243902439,99.83729897488948
2018-05-15,7,3,31,41,0.2439024390243902,0.2894736842105263,10.0,9.0,702647.0,94330.0,4,2.333333333333333,0.4,0.1707317073170731,0.073170731707317,0.024390243902439,7.448817979433902
2018-05-16,6,5,30,41,0.2926829268292683,0.3157894736842105,10.0,8.0,122050.0,648920.0,1,1.2,0.0909090909090909,0.1463414634146341,0.1219512195121951,0.048780487804878,0.1880817358071873
2018-05-17,5,7,29,41,0.2926829268292683,0.3076923076923077,10.0,9.0,333006.0,442574.0,-2,0.7142857142857143,-0.1666666666666666,0.1219512195121951,0.1707317073170731,0.024390243902439,0.7524301020846231
2018-05-18,6,5,30,41,0.2926829268292683,0.3076923076923077,10.0,9.0,850050.0,122140.0,1,1.2,0.0909090909090909,0.1463414634146341,0.1219512195121951,0.024390243902439,6.959636482724742
2018-05-21,3,9,29,41,0.2195121951219512,0.3076923076923077,11.0,9.0,195452.0,701265.0,-6,0.3333333333333333,-0.5,0.073170731707317,0.2195121951219512,0.048780487804878,0.2787134678046102
2018-05-22,3,8,30,41,0.2195121951219512,0.282051282051282,11.0,9.0,1105.0,1583230.0,-5,0.375,-0.4545454545454545,0.073170731707317,0.1951219512195122,0.048780487804878,0.0006979402866292
2018-05-23,7,2,32,41,0.2195121951219512,0.282051282051282,12.0,11.0,155702.0,870595.0,5,3.5,0.5555555555555556,0.1707317073170731,0.048780487804878,0.024390243902439,0.178845502214003
2018-05-24,5,4,32,41,0.2195121951219512,0.282051282051282,12.0,9.0,191130.0,1121640.0,1,1.25,0.1111111111111111,0.1219512195121951,0.0975609756097561,0.073170731707317,0.1704022681074141
2018-05-25,6,7,28,41,0.1951219512195122,0.2564102564102564,12.0,11.0,505238.0,1292250.0,-1,0.8571428571428571,-0.0769230769230769,0.1463414634146341,0.1707317073170731,0.024390243902439,0.3909754304507641
2018-05-28,5,7,29,41,0.2682926829268293,0.3333333333333333,12.0,10.0,461908.0,755805.0,-2,0.7142857142857143,-0.1666666666666666,0.1219512195121951,0.1707317073170731,0.048780487804878,0.611147055126653
2018-05-29,9,4,28,41,0.2926829268292683,0.3076923076923077,12.0,10.0,369957.0,701640.0,5,2.25,0.3846153846153846,0.2195121951219512,0.0975609756097561,0.048780487804878,0.5272746707713357
2018-05-30,7,2,32,41,0.3170731707317073,0.35,12.0,10.0,811130.0,9550.0,5,3.5,0.5555555555555556,0.1707317073170731,0.048780487804878,0.048780487804878,84.93507853403142
2018-05-31,6,6,29,41,0.2682926829268293,0.3,12.0,7.0,2383880.0,136320.0,0,1.0,0.0,0.1463414634146341,0.1463414634146341,0.1219512195121951,17.48738262910798
2018-06-01,10,4,26,40,0.3,0.282051282051282,14.0,9.0,1792481.0,35930.0,6,2.5,0.4285714285714285,0.25,0.1,0.125,49.888143612580016
2018-06-04,4,4,32,40,0.275,0.225,14.0,8.0,420790.0,121396.0,0,1.0,0.0,0.1,0.1,0.15,3.466259184816633
2018-06-05,6,2,32,40,0.325,0.3,14.0,8.0,433050.0,98317.0,4,3.0,0.5,0.15,0.05,0.15,4.404629921580194
2018-06-06,2,6,32,40,0.3,0.25,14.0,8.0,1110.0,540750.0,-4,0.3333333333333333,-0.5,0.05,0.15,0.15,0.0020527045769764
2018-06-07,6,4,30,40,0.3,0.275,14.0,8.0,217501.0,598097.0,2,1.5,0.2,0.15,0.1,0.15,0.3636550592964017
2018-06-08,3,6,32,41,0.3170731707317073,0.2682926829268293,14.0,10.0,280740.0,527129.0,-3,0.5,-0.3333333333333333,0.073170731707317,0.1463414634146341,0.0975609756097561,0.5325831058431617
2018-06-11,7,1,33,41,0.3658536585365853,0.3414634146341463,14.0,8.0,866290.0,155600.0,6,7.0,0.75,0.1707317073170731,0.024390243902439,0.1463414634146341,5.567416452442159
2018-06-12,1,5,35,41,0.3170731707317073,0.3170731707317073,14.0,8.0,510.0,3191575.0,-4,0.2,-0.6666666666666666,0.024390243902439,0.1219512195121951,0.1463414634146341,0.0001597957121483
2018-06-13,3,4,34,41,0.3414634146341463,0.3170731707317073,14.0,8.0,93825.0,2416040.0,-1,0.75,-0.1428571428571428,0.073170731707317,0.0975609756097561,0.1463414634146341,0.0388342080429131
2018-06-14,2,3,36,41,0.3658536585365853,0.3170731707317073,15.0,10.0,190.0,706094.0,-1,0.6666666666666666,-0.2,0.048780487804878,0.073170731707317,0.1219512195121951,0.0002690859857186
2018-06-15,9,3,29,41,0.3658536585365853,0.3414634146341463,15.0,11.0,285020.0,2838970.0,6,3.0,0.5,0.2195121951219512,0.073170731707317,0.0975609756097561,0.1003955659975272
2018-06-18,0,6,35,41,0.2926829268292683,0.2926829268292683,15.0,11.0,0.0,575890.0,-6,0.0,-1.0,0.0,0.1463414634146341,0.0975609756097561,0.0
2018-06-19,4,7,30,41,0.3414634146341463,0.3414634146341463,15.0,12.0,210.0,813104.0,-3,0.5714285714285714,-0.2727272727272727,0.0975609756097561,0.1707317073170731,0.073170731707317,0.0002582695448552
2018-06-20,5,5,31,41,0.3170731707317073,0.3414634146341463,15.0,12.0,87321.0,493950.0,0,1.0,0.0,0.1219512195121951,0.1219512195121951,0.073170731707317,0.1767810507136349
2018-06-21,5,4,32,41,0.3658536585365853,0.4146341463414634,15.0,10.0,45430.0,521110.0,1,1.25,0.1111111111111111,0.1219512195121951,0.0975609756097561,0.1219512195121951,0.0871792903609602
2018-06-22,5,5,31,41,0.3170731707317073,0.4390243902439024,14.0,11.0,10430.0,1808117.0,0,1.0,0.0,0.1219512195121951,0.1219512195121951,0.073170731707317,0.0057684320207154
2018-06-25,3,3,35,41,0.3170731707317073,0.4146341463414634,14.0,11.0,1016971.0,6018.0,0,1.0,0.0,0.073170731707317,0.073170731707317,0.073170731707317,168.9882020604852
2018-06-26,3,7,31,41,0.3170731707317073,0.3902439024390244,14.0,12.0,7140.0,591410.0,-4,0.4285714285714285,-0.4,0.073170731707317,0.1707317073170731,0.048780487804878,0.0120728428670465
2018-06-27,3,3,35,41,0.3414634146341463,0.4146341463414634,15.0,13.0,3411.0,450800.0,0,1.0,0.0,0.073170731707317,0.073170731707317,0.048780487804878,0.0075665483584738
2018-06-28,6,2,34,42,0.3170731707317073,0.4390243902439024,15.0,12.0,651430.0,886100.0,4,3.0,0.5,0.1428571428571428,0.0476190476190476,0.0714285714285714,0.7351653312267239
2018-06-29,6,4,32,42,0.2682926829268293,0.3902439024390244,15.0,11.0,199930.0,603240.0,2,1.5,0.2,0.1428571428571428,0.0952380952380952,0.0952380952380952,0.3314269610768516
2018-07-02,2,7,33,42,0.2439024390243902,0.3414634146341463,15.0,12.0,14300.0,369580.0,-5,0.2857142857142857,-0.5555555555555556,0.0476190476190476,0.1666666666666666,0.0714285714285714,0.038692569944261
2018-07-03,3,4,35,42,0.2682926829268293,0.3658536585365853,15.0,13.0,310.0,1061158.0,-1,0.75,-0.1428571428571428,0.0714285714285714,0.0952380952380952,0.0476190476190476,0.0002921336879145
2018-07-04,7,1,34,42,0.2926829268292683,0.3902439024390244,15.0,11.0,512930.0,7900.0,6,7.0,0.75,0.1666666666666666,0.0238095238095238,0.0952380952380952,64.92784810126582
2018-07-05,5,3,34,42,0.3170731707317073,0.3902439024390244,15.0,13.0,651240.0,79950.0,2,1.6666666666666667,0.25,0.119047619047619,0.0714285714285714,0.0476190476190476,8.145590994371481
2018-07-06,7,3,32,42,0.2682926829268293,0.3658536585365853,16.0,12.0,918529.0,7030.0,4,2.333333333333333,0.4,0.1666666666666666,0.0714285714285714,0.0952380952380952,130.65846372688478
2018-07-09,7,3,32,42,0.2926829268292683,0.3414634146341463,16.0,10.0,523600.0,27775.0,4,2.333333333333333,0.4,0.1666666666666666,0.0714285714285714,0.1428571428571428,18.85148514851485
2018-07-10,5,3,34,42,0.2926829268292683,0.3414634146341463,17.0,11.0,636690.0,1300.0,2,1.6666666666666667,0.25,0.119047619047619,0.0714285714285714,0.1428571428571428,489.76153846153846
2018-07-11,1,8,33,42,0.2439024390243902,0.2926829268292683,17.0,13.0,100.0,423379.0,-7,0.125,-0.7777777777777778,0.0238095238095238,0.1904761904761904,0.0952380952380952,0.0002361949931385
2018-07-12,10,0,32,42,0.2926829268292683,0.2926829268292683,18.0,14.0,652230.0,0.0,10,,1.0,0.238095238095238,0.0,0.0952380952380952,
2018-07-13,5,4,33,42,0.3414634146341463,0.3170731707317073,18.0,13.0,967130.0,319690.0,1,1.25,0.1111111111111111,0.119047619047619,0.0952380952380952,0.119047619047619,3.025211924051425
2018-07-16,3,3,36,42,0.2926829268292683,0.2926829268292683,18.0,13.0,977650.0,4200.0,0,1.0,0.0,0.0714285714285714,0.0714285714285714,0.119047619047619,232.77380952380952
2018-07-17,6,2,34,42,0.3414634146341463,0.3414634146341463,17.0,13.0,725920.0,6000.0,4,3.0,0.5,0.1428571428571428,0.0476190476190476,0.0952380952380952,120.98666666666666
2018-07-18,5,5,32,42,0.2926829268292683,0.3170731707317073,18.0,12.0,250631.0,529070.0,0,1.0,0.0,0.119047619047619,0.119047619047619,0.1428571428571428,0.473719923639594
2018-07-19,2,2,38,42,0.2926829268292683,0.2926829268292683,18.0,13.0,284460.0,127041.0,0,1.0,0.0,0.0476190476190476,0.0476190476190476,0.119047619047619,2.239119654284837
2018-07-20,6,6,30,42,0.3414634146341463,0.3414634146341463,17.0,12.0,217346.0,813530.0,0,1.0,0.0,0.1428571428571428,0.1428571428571428,0.119047619047619,0.2671640873723157
2018-07-23,7,4,31,42,0.3902439024390244,0.3658536585365853,17.0,11.0,1200834.0,30170.0,3,1.75,0.2727272727272727,0.1666666666666666,0.0952380952380952,0.1428571428571428,39.802253894597285
2018-07-24,6,6,30,42,0.3571428571428571,0.3170731707317073,17.0,11.0,1129780.0,102224.0,0,1.0,0.0,0.1428571428571428,0.1428571428571428,0.1428571428571428,11.052003443418377
2018-07-25,7,5,30,42,0.4047619047619047,0.3658536585365853,16.0,11.0,115499.0,683840.0,2,1.4,0.1666666666666666,0.1666666666666666,0.119047619047619,0.119047619047619,0.1688976953673374
2018-07-26,2,8,32,42,0.3333333333333333,0.3658536585365853,16.0,11.0,31450.0,810145.0,-6,0.25,-0.6,0.0476190476190476,0.1904761904761904,0.119047619047619,0.038820211196761
2018-07-27,3,6,33,42,0.3571428571428571,0.3658536585365853,16.0,11.0,95630.0,524120.0,-3,0.5,-0.3333333333333333,0.0714285714285714,0.1428571428571428,0.119047619047619,0.1824582156757994
2018-07-30,6,6,30,42,0.3333333333333333,0.3658536585365853,16.0,11.0,78941.0,186823.0,0,1.0,0.0,0.1428571428571428,0.1428571428571428,0.119047619047619,0.4225443334064863
2018-07-31,6,3,33,42,0.3333333333333333,0.3658536585365853,16.0,11.0,329290.0,27020.0,3,2.0,0.3333333333333333,0.1428571428571428,0.0714285714285714,0.119047619047619,12.186898593634345
2018-08-01,6,6,30,42,0.2857142857142857,0.3658536585365853,16.0,11.0,146110.0,506683.0,0,1.0,0.0,0.1428571428571428,0.1428571428571428,0.119047619047619,0.2883657040003315
2018-08-02,4,4,34,42,0.2857142857142857,0.3658536585365853,16.0,11.0,145010.0,244920.0,0,1.0,0.0,0.0952380952380952,0.0952380952380952,0.119047619047619,0.5920708802874408
2018-08-03,5,7,30,42,0.2142857142857142,0.2926829268292683,14.0,12.0,188950.0,667640.0,-2,0.7142857142857143,-0.1666666666666666,0.119047619047619,0.1666666666666666,0.0476190476190476,0.2830118027679588
2018-08-06,2,8,32,42,0.1904761904761904,0.3170731707317073,14.0,12.0,120.0,871525.0,-6,0.25,-0.6,0.0476190476190476,0.1904761904761904,0.0476190476190476,0.0001376896818794
2018-08-07,3,5,34,42,0.1666666666666666,0.2926829268292683,14.0,12.0,502673.0,818360.0,-2,0.6,-0.25,0.0714285714285714,0.119047619047619,0.0476190476190476,0.614244342343223
2018-08-08,6,2,34,42,0.238095238095238,0.2926829268292683,14.0,12.0,198510.0,797133.0,4,3.0,0.5,0.1428571428571428,0.0476190476190476,0.0476190476190476,0.2490299611231752
2018-08-09,3,8,31,42,0.1904761904761904,0.3170731707317073,14.0,12.0,87910.0,1238498.0,-5,0.375,-0.4545454545454545,0.0714285714285714,0.1904761904761904,0.0476190476190476,0.070981140058361
2018-08-10,6,6,30,42,0.1428571428571428,0.2682926829268293,14.0,12.0,1016490.0,148095.0,0,1.0,0.0,0.1428571428571428,0.1428571428571428,0.0476190476190476,6.8637698774435325
2018-08-13,4,3,35,42,0.1666666666666666,0.2682926829268293,14.0,13.0,890820.0,40440.0,1,1.3333333333333333,0.1428571428571428,0.0952380952380952,0.0714285714285714,0.0238095238095238,22.02818991097923
2018-08-14,5,3,34,42,0.1428571428571428,0.2682926829268293,14.0,13.0,1411150.0,22020.0,2,1.6666666666666667,0.25,0.119047619047619,0.0714285714285714,0.0238095238095238,64.08492279745685
2018-08-15,4,4,34,42,0.1666666666666666,0.3170731707317073,14.0,12.0,46149.0,1749530.0,0,1.0,0.0,0.0952380952380952,0.0952380952380952,0.0476190476190476,0.0263779415042897
2018-08-16,3,4,35,42,0.119047619047619,0.3170731707317073,14.0,13.0,86288.0,1201450.0,-1,0.75,-0.1428571428571428,0.0714285714285714,0.0952380952380952,0.0238095238095238,0.071819884306463
2018-08-17,2,4,36,42,0.119047619047619,0.2926829268292683,14.0,13.0,345271.0,1323290.0,-2,0.5,-0.3333333333333333,0.0476190476190476,0.0952380952380952,0.0238095238095238,0.2609186195013943
2018-08-20,2,9,31,42,0.119047619047619,0.2682926829268293,14.0,13.0,128810.0,1228030.0,-7,0.2222222222222222,-0.6363636363636364,0.0476190476190476,0.2142857142857142,0.0238095238095238,0.1048915743100738
2018-08-21,8,3,31,42,0.1428571428571428,0.2682926829268293,15.0,11.0,161140.0,1081790.0,5,2.6666666666666665,0.4545454545454545,0.1904761904761904,0.0714285714285714,0.0952380952380952,0.1489568215642592
2018-08-22,3,8,31,42,0.119047619047619,0.2439024390243902,15.0,12.0,1276650.0,117710.0,-5,0.375,-0.4545454545454545,0.0714285714285714,0.1904761904761904,0.0714285714285714,10.845722538441931
2018-08-23,5,7,30,42,0.119047619047619,0.2439024390243902,15.0,12.0,54911.0,2064551.0,-2,0.7142857142857143,-0.1666666666666666,0.119047619047619,0.1666666666666666,0.0714285714285714,0.0265970663839256
2018-08-24,5,6,31,42,0.1428571428571428,0.2926829268292683,15.0,13.0,49940.0,2139060.0,-1,0.8333333333333334,-0.0909090909090909,0.119047619047619,0.1428571428571428,0.0476190476190476,0.023346703692276
2018-08-27,2,7,33,42,0.119047619047619,0.2682926829268293,15.0,14.0,1604.0,2235430.0,-5,0.2857142857142857,-0.5555555555555556,0.0476190476190476,0.1666666666666666,0.0238095238095238,0.0007175353287734
2018-08-28,5,3,34,42,0.1428571428571428,0.2682926829268293,15.0,13.0,1472560.0,141540.0,2,1.6666666666666667,0.25,0.119047619047619,0.0714285714285714,0.0476190476190476,10.403843436484388
2018-08-29,5,3,34,42,0.0476190476190476,0.2439024390243902,15.0,13.0,40908.0,1228200.0,2,1.6666666666666667,0.25,0.119047619047619,0.0714285714285714,0.0476190476190476,0.0333072789447972
2018-08-30,1,7,34,42,0.0476190476190476,0.2439024390243902,15.0,13.0,4350.0,1303070.0,-6,0.1428571428571428,-0.75,0.0238095238095238,0.1666666666666666,0.0476190476190476,0.0033382703922275
2018-08-31,7,5,30,42,0.0714285714285714,0.2682926829268293,15.0,13.0,18530.0,121010.0,2,1.4,0.1666666666666666,0.1666666666666666,0.119047619047619,0.0476190476190476,0.1531278406743244
2018-09-04,3,5,34,42,0.0952380952380952,0.2682926829268293,15.0,14.0,349530.0,2240700.0,-2,0.6,-0.25,0.0714285714285714,0.119047619047619,0.0238095238095238,0.1559914312491632
2018-09-05,5,5,32,42,0.1428571428571428,0.2857142857142857,16.0,11.0,1452645.0,233800.0,0,1.0,0.0,0.119047619047619,0.119047619047619,0.119047619047619,6.213195038494439
2018-09-06,7,2,33,42,0.1666666666666666,0.3095238095238095,15.0,12.0,153690.0,1076170.0,5,3.5,0.5555555555555556,0.1666666666666666,0.0476190476190476,0.0714285714285714,0.1428120092550433
2018-09-07,5,5,32,42,0.1666666666666666,0.3333333333333333,16.0,12.0,2394540.0,60440.0,0,1.0,0.0,0.119047619047619,0.119047619047619,0.0952380952380952,39.61846459298478
2018-09-10,3,4,35,42,0.1904761904761904,0.3095238095238095,15.0,13.0,451165.0,1155900.0,-1,0.75,-0.1428571428571428,0.0714285714285714,0.0952380952380952,0.0476190476190476,0.3903149061337486
2018-09-11,5,3,35,43,0.2142857142857142,0.3095238095238095,15.0,13.0,1153120.0,229617.0,2,1.6666666666666667,0.25,0.1162790697674418,0.0697674418604651,0.0465116279069767,5.021927818933267
2018-09-12,4,6,33,43,0.1904761904761904,0.3333333333333333,15.0,12.0,4050.0,432889.0,-2,0.6666666666666666,-0.2,0.0930232558139534,0.1395348837209302,0.0697674418604651,0.0093557470852805
2018-09-13,6,6,31,43,0.2142857142857142,0.2857142857142857,16.0,12.0,175757.0,1879740.0,0,1.0,0.0,0.1395348837209302,0.1395348837209302,0.0930232558139534,0.0935006969048911
2018-09-14,4,8,31,43,0.2142857142857142,0.238095238095238,16.0,11.0,295738.0,2130897.0,-4,0.5,-0.3333333333333333,0.0930232558139534,0.1860465116279069,0.1162790697674418,0.1387856850894248
2018-09-17,8,2,33,43,0.2926829268292683,0.2682926829268293,16.0,11.0,483920.0,2560.0,6,4.0,0.6,0.1860465116279069,0.0465116279069767,0.1162790697674418,189.03125
2018-09-18,7,4,32,43,0.2682926829268293,0.2926829268292683,16.0,11.0,1311540.0,291930.0,3,1.75,0.2727272727272727,0.1627906976744186,0.0930232558139534,0.1162790697674418,4.492652348165656
2018-09-19,3,6,34,43,0.2682926829268293,0.2195121951219512,16.0,11.0,368320.0,477498.0,-3,0.5,-0.3333333333333333,0.0697674418604651,0.1395348837209302,0.1162790697674418,0.771354016142476
2018-09-20,5,4,34,43,0.2682926829268293,0.2195121951219512,15.0,12.0,311952.0,836662.0,1,1.25,0.1111111111111111,0.1162790697674418,0.0930232558139534,0.0697674418604651,0.3728530756745257
2018-09-21,4,5,34,43,0.3170731707317073,0.2195121951219512,15.0,11.0,12310.0,75930.0,-1,0.8,-0.1111111111111111,0.0930232558139534,0.1162790697674418,0.0930232558139534,0.1621230080337152
2018-09-24,4,6,33,43,0.2439024390243902,0.1951219512195122,15.0,11.0,2009690.0,298630.0,-2,0.6666666666666666,-0.2,0.0930232558139534,0.1395348837209302,0.0930232558139534,6.729698958577504
2018-09-25,3,5,35,43,0.2682926829268293,0.1951219512195122,15.0,11.0,1293010.0,227260.0,-2,0.6,-0.25,0.0697674418604651,0.1162790697674418,0.0930232558139534,5.6895626155064685
2018-09-26,3,5,35,43,0.3170731707317073,0.1951219512195122,15.0,12.0,185281.0,814350.0,-2,0.6,-0.25,0.0697674418604651,0.1162790697674418,0.0697674418604651,0.2275201080616442
2018-09-27,4,5,34,43,0.3170731707317073,0.1951219512195122,15.0,12.0,1770.0,1344910.0,-1,0.8,-0.1111111111111111,0.0930232558139534,0.1162790697674418,0.0697674418604651,0.0013160731944888
2018-09-28,2,9,32,43,0.2195121951219512,0.1707317073170731,14.0,12.0,53360.0,1256471.0,-7,0.2222222222222222,-0.6363636363636364,0.0465116279069767,0.2093023255813953,0.0465116279069767,0.0424681508765423
2018-10-01,3,3,37,43,0.1951219512195122,0.1707317073170731,14.0,11.0,500.0,27970.0,0,1.0,0.0,0.0697674418604651,0.0697674418604651,0.0697674418604651,0.0178762960314622
2018-10-02,1,4,38,43,0.0975609756097561,0.1707317073170731,14.0,11.0,34500.0,1523090.0,-3,0.25,-0.6,0.0232558139534883,0.0930232558139534,0.0697674418604651,0.022651320670479
2018-10-03,2,4,37,43,0.1463414634146341,0.1707317073170731,15.0,11.0,100.0,1797820.0,-2,0.5,-0.3333333333333333,0.0465116279069767,0.0930232558139534,0.0930232558139534,5.5622921093324135e-05
2018-10-04,4,4,35,43,0.1463414634146341,0.2682926829268293,15.0,10.0,36820.0,1379610.0,0,1.0,0.0,0.0930232558139534,0.0930232558139534,0.1162790697674418,0.0266887018795166
2018-10-05,1,9,33,43,0.1428571428571428,0.2195121951219512,15.0,10.0,17100.0,207608.0,-8,0.1111111111111111,-0.8,0.0232558139534883,0.2093023255813953,0.1162790697674418,0.082366768139956
2018-10-08,4,3,37,44,0.1666666666666666,0.2682926829268293,15.0,10.0,18150.0,165860.0,1,1.3333333333333333,0.1428571428571428,0.0909090909090909,0.0681818181818181,0.1136363636363636,0.109429639454962
2018-10-09,3,3,38,44,0.1904761904761904,0.2682926829268293,15.0,10.0,398639.0,1256.0,0,1.0,0.0,0.0681818181818181,0.0681818181818181,0.1136363636363636,317.3877388535032
2018-10-10,2,5,37,44,0.1428571428571428,0.2682926829268293,15.0,11.0,1198540.0,40800.0,-3,0.4,-0.4285714285714285,0.0454545454545454,0.1136363636363636,0.0909090909090909,29.375980392156865
2018-10-11,1,10,33,44,0.1162790697674418,0.1707317073170731,15.0,12.0,0.0,2286440.0,-9,0.1,-0.8181818181818182,0.0227272727272727,0.2272727272727272,0.0681818181818181,0.0
2018-10-12,5,4,35,44,0.0697674418604651,0.1951219512195122,15.0,12.0,118197.0,1362230.0,1,1.25,0.1111111111111111,0.1136363636363636,0.0909090909090909,0.0681818181818181,0.0867672859942887
2018-10-15,4,4,36,44,0.0930232558139534,0.1951219512195122,15.0,10.0,1472600.0,17410.0,0,1.0,0.0,0.0909090909090909,0.0909090909090909,0.1136363636363636,84.58357265939115
2018-10-16,2,6,37,45,0.0930232558139534,0.1707317073170731,15.0,11.0,20.0,143194.0,-4,0.3333333333333333,-0.5,0.0444444444444444,0.1333333333333333,0.0888888888888888,0.0001396706565917
2018-10-17,5,4,36,45,0.1162790697674418,0.1707317073170731,15.0,12.0,21900.0,2026923.0,1,1.25,0.1111111111111111,0.1111111111111111,0.0888888888888888,0.0666666666666666,0.0108045544897364
2018-10-18,4,3,38,45,0.0930232558139534,0.1951219512195122,15.0,11.0,805580.0,4950.0,1,1.3333333333333333,0.1428571428571428,0.0888888888888888,0.0666666666666666,0.0888888888888888,162.74343434343433
2018-10-19,5,6,34,45,0.0697674418604651,0.1707317073170731,15.0,12.0,2325.0,943810.0,-1,0.8333333333333334,-0.0909090909090909,0.1111111111111111,0.1333333333333333,0.0666666666666666,0.0024634195441879
2018-10-22,4,4,38,46,0.1162790697674418,0.1707317073170731,14.0,12.0,730.0,1482560.0,0,1.0,0.0,0.0869565217391304,0.0869565217391304,0.0434782608695652,0.0004923915389596
2018-10-23,1,7,38,46,0.0930232558139534,0.1707317073170731,14.0,13.0,100.0,1206030.0,-6,0.1428571428571428,-0.75,0.0217391304347826,0.1521739130434782,0.0217391304347826,8.29166770312513e-05
2018-10-24,3,5,38,46,0.0930232558139534,0.1463414634146341,14.0,12.0,5600.0,1094900.0,-2,0.6,-0.25,0.0652173913043478,0.108695652173913,0.0434782608695652,0.0051146223399397
2018-10-25,6,0,40,46,0.1395348837209302,0.1707317073170731,14.0,13.0,50090.0,0.0,6,,1.0,0.1304347826086956,0.0,0.0217391304347826,
2018-10-26,4,6,36,46,0.1162790697674418,0.1707317073170731,14.0,12.0,93504.0,1207560.0,-2,0.6666666666666666,-0.2,0.0869565217391304,0.1304347826086956,0.0434782608695652,0.0774321772831163
2018-10-29,4,6,36,46,0.1627906976744186,0.1707317073170731,14.0,12.0,213.0,1155870.0,-2,0.6666666666666666,-0.2,0.0869565217391304,0.1304347826086956,0.0434782608695652,0.0001842767785304
2018-10-30,2,6,38,46,0.1162790697674418,0.1463414634146341,14.0,14.0,75010.0,24460.0,-4,0.3333333333333333,-0.5,0.0434782608695652,0.1304347826086956,0.0,3.0666394112837287
2018-10-31,5,2,39,46,0.1395348837209302,0.1463414634146341,14.0,13.0,1535130.0,26880.0,3,2.5,0.4285714285714285,0.108695652173913,0.0434782608695652,0.0217391304347826,57.11049107142857
2018-11-01,3,4,39,46,0.1363636363636363,0.1463414634146341,14.0,13.0,36610.0,2012830.0,-1,0.75,-0.1428571428571428,0.0652173913043478,0.0869565217391304,0.0217391304347826,0.0181883219149158
2018-11-02,4,7,35,46,0.1590909090909091,0.1951219512195122,14.0,13.0,1985880.0,103000.0,-3,0.5714285714285714,-0.2727272727272727,0.0869565217391304,0.1521739130434782,0.0217391304347826,19.280388349514563
2018-11-05,4,1,41,46,0.1363636363636363,0.1951219512195122,14.0,13.0,1691074.0,2600.0,3,4.0,0.6,0.0869565217391304,0.0217391304347826,0.0217391304347826,650.4130769230769
2018-11-06,3,2,41,46,0.1136363636363636,0.1951219512195122,14.0,13.0,24940.0,2486960.0,1,1.5,0.2,0.0652173913043478,0.0434782608695652,0.0217391304347826,0.0100283076527165
2018-11-07,0,8,38,46,0.0681818181818181,0.1219512195121951,14.0,13.0,0.0,1357510.0,-8,0.0,-1.0,0.0,0.1739130434782608,0.0217391304347826,0.0
2018-11-08,3,2,41,46,0.1136363636363636,0.1463414634146341,14.0,12.0,137124.0,1387030.0,1,1.5,0.2,0.0652173913043478,0.0434782608695652,0.0434782608695652,0.0988615963605689
2018-11-09,2,2,42,46,0.1333333333333333,0.1219512195121951,14.0,11.0,110.0,1783680.0,0,1.0,0.0,0.0434782608695652,0.0434782608695652,0.0652173913043478,6.1670254754216e-05
2018-11-12,2,4,40,46,0.1333333333333333,0.1463414634146341,14.0,11.0,214.0,1391680.0,-2,0.5,-0.3333333333333333,0.0434782608695652,0.0869565217391304,0.0652173913043478,0.0001537709818349
2018-11-13,3,3,40,46,0.1333333333333333,0.1219512195121951,14.0,11.0,3330.0,3118310.0,0,1.0,0.0,0.0652173913043478,0.0652173913043478,0.0652173913043478,0.0010678861306284
2018-11-14,3,5,38,46,0.1111111111111111,0.1219512195121951,14.0,11.0,41750.0,1570915.0,-2,0.6,-0.25,0.0652173913043478,0.108695652173913,0.0652173913043478,0.0265768676217363
2018-11-15,4,3,39,46,0.108695652173913,0.1219512195121951,14.0,13.0,23410.0,3240610.0,1,1.3333333333333333,0.1428571428571428,0.0869565217391304,0.0652173913043478,0.0217391304347826,0.0072239485775826
2018-11-16,3,4,39,46,0.1521739130434782,0.119047619047619,14.0,12.0,3500.0,1200960.0,-1,0.75,-0.1428571428571428,0.0652173913043478,0.0869565217391304,0.0434782608695652,0.0029143351985078
2018-11-19,6,2,38,46,0.1739130434782608,0.1666666666666666,14.0,13.0,56482.0,32700.0,4,3.0,0.5,0.1304347826086956,0.0434782608695652,0.0217391304347826,1.7272782874617738
2018-11-20,7,2,37,46,0.1739130434782608,0.1904761904761904,14.0,13.0,2310.0,3074980.0,5,3.5,0.5555555555555556,0.1521739130434782,0.0434782608695652,0.0217391304347826,0.0007512243982074
2018-11-21,5,2,39,46,0.1739130434782608,0.2142857142857142,14.0,12.0,142320.0,1512790.0,3,2.5,0.4285714285714285,0.108695652173913,0.0434782608695652,0.0434782608695652,0.0940778297053788
2018-11-22,7,6,33,46,0.2608695652173913,0.3023255813953488,16.0,11.0,8600.0,3013870.0,1,1.1666666666666667,0.0769230769230769,0.1521739130434782,0.1304347826086956,0.108695652173913,0.0028534741047224
2018-11-23,7,6,34,47,0.2553191489361702,0.2954545454545454,16.0,11.0,96010.0,1810440.0,1,1.1666666666666667,0.0769230769230769,0.1489361702127659,0.1276595744680851,0.1063829787234042,0.0530313073065111
2018-11-26,4,7,36,47,0.2553191489361702,0.3181818181818182,17.0,11.0,20523.0,2148947.0,-3,0.5714285714285714,-0.2727272727272727,0.0851063829787234,0.1489361702127659,0.1276595744680851,0.0095502588011709
2018-11-27,2,4,41,47,0.2553191489361702,0.3181818181818182,16.0,11.0,4410.0,2988260.0,-2,0.5,-0.3333333333333333,0.0425531914893617,0.0851063829787234,0.1063829787234042,0.0014757752002837
2018-11-28,1,4,41,46,0.2608695652173913,0.2790697674418604,16.0,11.0,4700.0,61388.0,-3,0.25,-0.6,0.0217391304347826,0.0869565217391304,0.108695652173913,0.0765621945657131
2018-11-29,4,5,37,46,0.2391304347826087,0.3023255813953488,17.0,11.0,5678.0,1651720.0,-1,0.8,-0.1111111111111111,0.0869565217391304,0.108695652173913,0.1304347826086956,0.0034376286537669
2018-11-30,3,3,40,46,0.2391304347826087,0.3023255813953488,17.0,11.0,16238.0,2450450.0,0,1.0,0.0,0.0652173913043478,0.0652173913043478,0.1304347826086956,0.0066265379828194
2018-12-03,5,2,39,46,0.2608695652173913,0.3255813953488372,17.0,11.0,46503.0,7460.0,3,2.5,0.4285714285714285,0.108695652173913,0.0434782608695652,0.1304347826086956,6.233646112600536
2018-12-04,4,3,39,46,0.2391304347826087,0.3023255813953488,17.0,11.0,2333370.0,7160.0,1,1.3333333333333333,0.1428571428571428,0.0869565217391304,0.0652173913043478,0.1304347826086956,325.88966480446925
2018-12-05,4,3,39,46,0.217391304347826,0.3023255813953488,17.0,11.0,69158.0,15460.0,1,1.3333333333333333,0.1428571428571428,0.0869565217391304,0.0652173913043478,0.1304347826086956,4.473350582147478
2018-12-06,4,5,37,46,0.2608695652173913,0.3023255813953488,17.0,11.0,1990.0,3873955.0,-1,0.8,-0.1111111111111111,0.0869565217391304,0.108695652173913,0.1304347826086956,0.0005136869168588
2018-12-07,6,2,38,46,0.3043478260869565,0.2790697674418604,17.0,11.0,3281441.0,6840.0,4,3.0,0.5,0.1304347826086956,0.0434782608695652,0.1304347826086956,479.74283625730993
2018-12-10,4,5,37,46,0.3478260869565217,0.3255813953488372,17.0,10.0,8720.0,2458083.0,-1,0.8,-0.1111111111111111,0.0869565217391304,0.108695652173913,0.1521739130434782,0.0035474798857483
2018-12-11,6,3,37,46,0.391304347826087,0.3488372093023256,17.0,10.0,282009.0,3229810.0,3,2.0,0.3333333333333333,0.1304347826086956,0.0652173913043478,0.1521739130434782,0.0873144240682888
2018-12-12,3,3,40,46,0.391304347826087,0.3720930232558139,17.0,10.0,30020.0,2909485.0,0,1.0,0.0,0.0652173913043478,0.0652173913043478,0.1521739130434782,0.0103179772365212
2018-12-13,2,6,38,46,0.3478260869565217,0.3181818181818182,17.0,10.0,14420.0,2379250.0,-4,0.3333333333333333,-0.5,0.0434782608695652,0.1304347826086956,0.1521739130434782,0.0060607334243984
2018-12-14,5,11,30,46,0.217391304347826,0.2045454545454545,14.0,14.0,25710.0,3441000.0,-6,0.4545454545454545,-0.375,0.108695652173913,0.2391304347826087,0.0,0.0074716652136006
2018-12-17,8,6,32,46,0.2608695652173913,0.2727272727272727,17.0,12.0,1881.0,2687960.0,2,1.3333333333333333,0.1428571428571428,0.1739130434782608,0.1304347826086956,0.108695652173913,0.0006997871992142
2018-12-18,3,5,38,46,0.217391304347826,0.2727272727272727,17.0,13.0,5480.0,1890610.0,-2,0.6,-0.25,0.0652173913043478,0.108695652173913,0.0869565217391304,0.0028985353933386
2018-12-19,6,2,38,46,0.2608695652173913,0.25,17.0,14.0,3252750.0,6600.0,4,3.0,0.5,0.1304347826086956,0.0434782608695652,0.0652173913043478,492.84090909090907
2018-12-20,5,2,39,46,0.2608695652173913,0.2727272727272727,17.0,12.0,4012040.0,15050.0,3,2.5,0.4285714285714285,0.108695652173913,0.0434782608695652,0.108695652173913,266.58073089701
2018-12-21,4,3,39,46,0.2391304347826087,0.2888888888888888,17.0,12.0,3948964.0,81220.0,1,1.3333333333333333,0.1428571428571428,0.0869565217391304,0.0652173913043478,0.108695652173913,48.620586062546174
2018-12-24,7,1,38,46,0.3043478260869565,0.3333333333333333,17.0,11.0,3959720.0,100.0,6,7.0,0.75,0.1521739130434782,0.0217391304347826,0.1304347826086956,39597.2
2018-12-25,6,3,37,46,0.3260869565217391,0.4,16.0,10.0,3739660.0,7260.0,3,2.0,0.3333333333333333,0.1304347826086956,0.0652173913043478,0.1304347826086956,515.1046831955923
2018-12-26,7,9,30,46,0.217391304347826,0.3777777777777777,13.0,11.0,63730.0,3391020.0,-2,0.7777777777777778,-0.125,0.1521739130434782,0.1956521739130435,0.0434782608695652,0.0187937552712753
2018-12-27,7,8,31,46,0.2608695652173913,0.391304347826087,15.0,11.0,4010.0,2796965.0,-1,0.875,-0.0666666666666666,0.1521739130434782,0.1739130434782608,0.0869565217391304,0.0014336968821561
2018-12-28,6,3,37,46,0.2608695652173913,0.391304347826087,16.0,13.0,3585190.0,16060.0,3,2.0,0.3333333333333333,0.1304347826086956,0.0652173913043478,0.0652173913043478,223.2372353673724
2019-01-02,4,5,37,46,0.2391304347826087,0.3478260869565217,15.0,10.0,50564.0,4373690.0,-1,0.8,-0.1111111111111111,0.0869565217391304,0.108695652173913,0.108695652173913,0.0115609473922477
2019-01-03,3,5,38,46,0.1956521739130435,0.3260869565217391,15.0,10.0,6160.0,3189450.0,-2,0.6,-0.25,0.0652173913043478,0.108695652173913,0.108695652173913,0.0019313674771512
2019-01-04,2,4,40,46,0.217391304347826,0.3260869565217391,15.0,13.0,8800.0,2461290.0,-2,0.5,-0.3333333333333333,0.0434782608695652,0.0869565217391304,0.0434782608695652,0.0035753608879896
2019-01-07,3,2,41,46,0.2391304347826087,0.3478260869565217,15.0,11.0,3620.0,4160.0,1,1.5,0.2,0.0652173913043478,0.0434782608695652,0.0869565217391304,0.8701923076923077
2019-01-08,4,3,39,46,0.2608695652173913,0.3478260869565217,15.0,12.0,76510.0,3424730.0,1,1.3333333333333333,0.1428571428571428,0.0869565217391304,0.0652173913043478,0.0652173913043478,0.0223404472761356
2019-01-09,3,1,42,46,0.2826086956521739,0.3478260869565217,15.0,13.0,3525145.0,20.0,2,3.0,0.5,0.0652173913043478,0.0217391304347826,0.0434782608695652,176257.25
2019-01-10,2,5,39,46,0.217391304347826,0.3043478260869565,15.0,14.0,5800.0,4740135.0,-3,0.4,-0.4285714285714285,0.0434782608695652,0.108695652173913,0.0217391304347826,0.0012235938427913
2019-01-11,5,5,36,46,0.2826086956521739,0.3260869565217391,15.0,14.0,119030.0,4546540.0,0,1.0,0.0,0.108695652173913,0.108695652173913,0.0217391304347826,0.0261803481328658
2019-01-14,4,2,40,46,0.2608695652173913,0.3478260869565217,15.0,12.0,51320.0,3627770.0,2,2.0,0.3333333333333333,0.0869565217391304,0.0434782608695652,0.0652173913043478,0.0141464315543708
2019-01-15,1,5,40,46,0.2391304347826087,0.3260869565217391,17.0,13.0,100.0,4294050.0,-4,0.2,-0.6666666666666666,0.0217391304347826,0.108695652173913,0.0869565217391304,2.328803809923033e-05
2019-01-16,4,2,40,46,0.3043478260869565,0.3695652173913043,17.0,13.0,3765420.0,13010.0,2,2.0,0.3333333333333333,0.0869565217391304,0.0434782608695652,0.0869565217391304,289.4250576479631
2019-01-17,2,5,39,46,0.2826086956521739,0.3043478260869565,17.0,13.0,2900.0,4121150.0,-3,0.4,-0.4285714285714285,0.0434782608695652,0.108695652173913,0.0869565217391304,0.000703687077636
2019-01-18,2,3,41,46,0.2608695652173913,0.3260869565217391,17.0,13.0,13600.0,3830570.0,-1,0.6666666666666666,-0.2,0.0434782608695652,0.0652173913043478,0.0869565217391304,0.0035503854517734
2019-01-21,3,6,37,46,0.2391304347826087,0.3043478260869565,17.0,14.0,26000.0,2547370.0,-3,0.5,-0.3333333333333333,0.0652173913043478,0.1304347826086956,0.0652173913043478,0.0102066052438397
2019-01-22,4,3,39,46,0.2608695652173913,0.3260869565217391,16.0,14.0,2770.0,2486520.0,1,1.3333333333333333,0.1428571428571428,0.0869565217391304,0.0652173913043478,0.0434782608695652,0.0011140067242571
2019-01-23,2,7,37,46,0.1739130434782608,0.3043478260869565,16.0,15.0,1010.0,2484970.0,-5,0.2857142857142857,-0.5555555555555556,0.0434782608695652,0.1521739130434782,0.0217391304347826,0.0004064435385537
2019-01-24,1,4,41,46,0.1956521739130435,0.3043478260869565,17.0,16.0,100.0,2360350.0,-3,0.25,-0.6,0.0217391304347826,0.0869565217391304,0.0217391304347826,4.236659817399962e-05
2019-01-25,2,3,41,46,0.1304347826086956,0.3043478260869565,17.0,16.0,67110.0,2170310.0,-1,0.6666666666666666,-0.2,0.0434782608695652,0.0652173913043478,0.0217391304347826,0.0309218498739811
2019-01-28,7,3,36,46,0.1739130434782608,0.3043478260869565,18.0,14.0,10610.0,1513990.0,4,2.333333333333333,0.4,0.1521739130434782,0.0652173913043478,0.0869565217391304,0.007007972311574
2019-01-29,3,3,40,46,0.1739130434782608,0.3043478260869565,19.0,14.0,24730.0,2440375.0,0,1.0,0.0,0.0652173913043478,0.0652173913043478,0.108695652173913,0.0101336884700097
2019-01-30,3,3,40,46,0.2391304347826087,0.3260869565217391,19.0,14.0,20020.0,2355710.0,0,1.0,0.0,0.0652173913043478,0.0652173913043478,0.108695652173913,0.0084984993908418
2019-01-31,4,1,41,46,0.217391304347826,0.3260869565217391,19.0,14.0,1307970.0,5050.0,3,4.0,0.6,0.0869565217391304,0.0217391304347826,0.108695652173913,259.0039603960396
2019-02-01,2,4,40,46,0.2391304347826087,0.3260869565217391,19.0,13.0,1743980.0,4330.0,-2,0.5,-0.3333333333333333,0.0434782608695652,0.0869565217391304,0.1304347826086956,402.7667436489608
2019-02-11,5,4,38,47,0.217391304347826,0.3260869565217391,19.0,12.0,2204165.0,54930.0,1,1.25,0.1111111111111111,0.1063829787234042,0.0851063829787234,0.1489361702127659,40.126797742581466
2019-02-12,3,4,40,47,0.217391304347826,0.2826086956521739,19.0,12.0,2698770.0,10932.0,-1,0.75,-0.1428571428571428,0.0638297872340425,0.0851063829787234,0.1489361702127659,246.86882546652032
2019-02-13,1,2,44,47,0.217391304347826,0.2826086956521739,19.0,12.0,10.0,15480.0,-1,0.5,-0.3333333333333333,0.0212765957446808,0.0425531914893617,0.1489361702127659,0.0006459948320413
2019-02-14,4,2,41,47,0.1956521739130435,0.2826086956521739,19.0,12.0,34970.0,1100.0,2,2.0,0.3333333333333333,0.0851063829787234,0.0425531914893617,0.1489361702127659,31.79090909090909
2019-02-15,3,5,40,48,0.2391304347826087,0.2391304347826087,19.0,13.0,410.0,3041490.0,-2,0.6,-0.25,0.0625,0.1041666666666666,0.125,0.0001348023501638
2019-02-18,6,4,38,48,0.2391304347826087,0.2608695652173913,19.0,12.0,36800.0,4144240.0,2,1.5,0.2,0.125,0.0833333333333333,0.1458333333333333,0.0088797946064899
2019-02-19,3,3,42,48,0.2391304347826087,0.2826086956521739,19.0,12.0,3769180.0,35560.0,0,1.0,0.0,0.0625,0.0625,0.1458333333333333,105.9949381327334
2019-02-20,5,4,39,48,0.217391304347826,0.2391304347826087,19.0,12.0,47899.0,294927.0,1,1.25,0.1111111111111111,0.1041666666666666,0.0833333333333333,0.1458333333333333,0.1624096810397149
2019-02-21,5,2,41,48,0.217391304347826,0.2608695652173913,19.0,12.0,4623960.0,4370.0,3,2.5,0.4285714285714285,0.1041666666666666,0.0416666666666666,0.1458333333333333,1058.1144164759726
2019-02-22,3,6,39,48,0.1739130434782608,0.2826086956521739,19.0,13.0,32920.0,90821.0,-3,0.5,-0.3333333333333333,0.0625,0.125,0.125,0.3624712346263529
2019-02-25,9,1,38,48,0.217391304347826,0.3043478260869565,19.0,12.0,4455605.0,100.0,8,9.0,0.8,0.1875,0.0208333333333333,0.1458333333333333,44556.05
2019-02-26,6,3,39,48,0.3043478260869565,0.3695652173913043,19.0,12.0,4908300.0,1802.0,3,2.0,0.3333333333333333,0.125,0.0625,0.1458333333333333,2723.806881243064
2019-02-27,3,4,42,49,0.2608695652173913,0.3478260869565217,19.0,12.0,57950.0,649452.0,-1,0.75,-0.1428571428571428,0.0612244897959183,0.0816326530612244,0.1428571428571428,0.0892290731262664
2019-02-28,3,6,40,49,0.217391304347826,0.3043478260869565,19.0,12.0,2270.0,5006150.0,-3,0.5,-0.3333333333333333,0.0612244897959183,0.1224489795918367,0.1428571428571428,0.0004534422660128
2019-03-01,6,5,38,49,0.217391304347826,0.3043478260869565,19.0,12.0,169531.0,5470750.0,1,1.2,0.0909090909090909,0.1224489795918367,0.1020408163265306,0.1428571428571428,0.0309886213042087
2019-03-04,6,6,37,49,0.1956521739130435,0.3478260869565217,18.0,12.0,66680.0,6959958.0,0,1.0,0.0,0.1224489795918367,0.1224489795918367,0.1224489795918367,0.0095805175835831
2019-03-05,4,4,41,49,0.1739130434782608,0.3260869565217391,18.0,12.0,382312.0,5183630.0,0,1.0,0.0,0.0816326530612244,0.0816326530612244,0.1224489795918367,0.0737537208481315
2019-03-06,3,7,39,49,0.1304347826086956,0.3260869565217391,18.0,12.0,565486.0,187600.0,-4,0.4285714285714285,-0.4,0.0612244897959183,0.1428571428571428,0.1224489795918367,3.014317697228145
2019-03-07,6,5,38,49,0.1702127659574468,0.3043478260869565,18.0,12.0,125030.0,7571850.0,1,1.2,0.0909090909090909,0.1224489795918367,0.1020408163265306,0.1224489795918367,0.0165124771357065
2019-03-08,2,8,39,49,0.1702127659574468,0.3260869565217391,18.0,13.0,325610.0,3204713.0,-6,0.25,-0.6,0.0408163265306122,0.1632653061224489,0.1020408163265306,0.1016034821214879
2019-03-11,2,4,43,49,0.1063829787234042,0.3260869565217391,18.0,12.0,8760.0,4476104.0,-2,0.5,-0.3333333333333333,0.0408163265306122,0.0816326530612244,0.1224489795918367,0.0019570590853116
2019-03-12,4,2,43,49,0.1489361702127659,0.3478260869565217,18.0,12.0,7359840.0,8183.0,2,2.0,0.3333333333333333,0.0816326530612244,0.0408163265306122,0.1224489795918367,899.4060857876085
2019-03-13,7,5,37,49,0.1875,0.3043478260869565,18.0,13.0,5372533.0,5802.0,2,1.4,0.1666666666666666,0.1428571428571428,0.1020408163265306,0.1020408163265306,925.9794898310928
2019-03-14,7,4,38,49,0.1666666666666666,0.3478260869565217,18.0,13.0,6611.0,3729620.0,3,1.75,0.2727272727272727,0.1428571428571428,0.0816326530612244,0.1020408163265306,0.001772566642178
2019-03-15,4,6,39,49,0.1875,0.2826086956521739,18.0,14.0,461965.0,7745200.0,-2,0.6666666666666666,-0.2,0.0816326530612244,0.1224489795918367,0.0816326530612244,0.0596453287197231
2019-03-18,7,1,41,49,0.1875,0.2826086956521739,18.0,14.0,7473936.0,20.0,6,7.0,0.75,0.1428571428571428,0.0204081632653061,0.0816326530612244,373696.8
2019-03-19,4,6,39,49,0.1875,0.2826086956521739,18.0,14.0,46390.0,7256210.0,-2,0.6666666666666666,-0.2,0.0816326530612244,0.1224489795918367,0.0816326530612244,0.0063931446305991
2019-03-20,1,5,43,49,0.1666666666666666,0.2608695652173913,18.0,14.0,1100.0,6848900.0,-4,0.2,-0.6666666666666666,0.0204081632653061,0.1020408163265306,0.0816326530612244,0.0001606097329498
2019-03-21,3,5,41,49,0.1666666666666666,0.2608695652173913,18.0,14.0,6300531.0,542710.0,-2,0.6,-0.25,0.0612244897959183,0.1020408163265306,0.0816326530612244,11.609388070977133
2019-03-22,7,4,38,49,0.1875,0.1956521739130435,18.0,14.0,1010341.0,6451100.0,3,1.75,0.2727272727272727,0.1428571428571428,0.0816326530612244,0.0816326530612244,0.1566153059168203
2019-03-25,2,7,40,49,0.1224489795918367,0.1739130434782608,18.0,13.0,19810.0,224580.0,-5,0.2857142857142857,-0.5555555555555556,0.0408163265306122,0.1428571428571428,0.1020408163265306,0.0882091014337875
2019-03-26,5,5,39,49,0.1632653061224489,0.1739130434782608,18.0,13.0,7841249.0,87290.0,0,1.0,0.0,0.1020408163265306,0.1020408163265306,0.1020408163265306,89.82986596402796
2019-03-27,4,4,41,49,0.2040816326530612,0.1956521739130435,18.0,13.0,96015.0,14320.0,0,1.0,0.0,0.0816326530612244,0.0816326530612244,0.1020408163265306,6.70495810055866
2019-03-28,5,7,37,49,0.2040816326530612,0.1956521739130435,18.0,14.0,5985083.0,261641.0,-2,0.7142857142857143,-0.1666666666666666,0.1020408163265306,0.1428571428571428,0.0816326530612244,22.87517246914665
2019-03-29,4,6,39,49,0.2244897959183673,0.2391304347826087,17.0,15.0,48110.0,5832670.0,-2,0.6666666666666666,-0.2,0.0816326530612244,0.1224489795918367,0.0408163265306122,0.0082483665285366
2019-04-01,5,4,40,49,0.1836734693877551,0.217391304347826,17.0,15.0,12791890.0,7350.0,1,1.25,0.1111111111111111,0.1020408163265306,0.0816326530612244,0.0408163265306122,1740.3931972789117
2019-04-02,3,7,39,49,0.1836734693877551,0.2391304347826087,17.0,15.0,10750.0,7282590.0,-4,0.4285714285714285,-0.4,0.0612244897959183,0.1428571428571428,0.0408163265306122,0.0014761231924356
2019-04-03,4,6,39,49,0.1836734693877551,0.2391304347826087,17.0,16.0,16126.0,4380000.0,-2,0.6666666666666666,-0.2,0.0816326530612244,0.1224489795918367,0.0204081632653061,0.0036817351598173
2019-04-04,3,6,42,51,0.1428571428571428,0.1956521739130435,17.0,16.0,2013.0,7647930.0,-3,0.5,-0.3333333333333333,0.0588235294117647,0.1176470588235294,0.0196078431372549,0.000263208476019
2019-04-05,10,3,38,51,0.1632653061224489,0.217391304347826,17.0,15.0,6313908.0,78432.0,7,3.333333333333333,0.5384615384615384,0.196078431372549,0.0588235294117647,0.0392156862745098,80.50168298653611
2019-04-08,3,7,41,51,0.1836734693877551,0.217391304347826,17.0,14.0,666830.0,7580850.0,-4,0.4285714285714285,-0.4,0.0588235294117647,0.1372549019607843,0.0588235294117647,0.0879624316534425
2019-04-09,5,8,38,51,0.1632653061224489,0.1739130434782608,17.0,14.0,31601.0,7644910.0,-3,0.625,-0.2307692307692307,0.0980392156862745,0.1568627450980392,0.0588235294117647,0.0041336000031393
2019-04-10,7,2,42,51,0.2040816326530612,0.217391304347826,17.0,15.0,7214810.0,34289.0,5,3.5,0.5555555555555556,0.1372549019607843,0.0392156862745098,0.0392156862745098,210.41179386975412
2019-04-11,4,4,43,51,0.2244897959183673,0.217391304347826,17.0,14.0,154250.0,7863720.0,0,1.0,0.0,0.0784313725490196,0.0784313725490196,0.0588235294117647,0.0196153983102145
2019-04-12,3,8,40,51,0.1836734693877551,0.1739130434782608,17.0,15.0,8661090.0,54072.0,-5,0.375,-0.4545454545454545,0.0588235294117647,0.1568627450980392,0.0392156862745098,160.17698624056814
2019-04-16,2,5,44,51,0.1632653061224489,0.1521739130434782,16.0,16.0,55700.0,68450.0,-3,0.4,-0.4285714285714285,0.0392156862745098,0.0980392156862745,0.0,0.8137326515704895
2019-04-17,5,4,42,51,0.1836734693877551,0.1304347826086956,16.0,16.0,84260.0,8767990.0,1,1.25,0.1111111111111111,0.0980392156862745,0.0784313725490196,0.0,0.0096099562157347
2019-04-18,5,1,45,51,0.2040816326530612,0.1739130434782608,16.0,16.0,91670.0,10092880.0,4,5.0,0.6666666666666666,0.0980392156862745,0.0196078431372549,0.0,0.0090826404356338
2019-04-19,7,5,40,52,0.2040816326530612,0.1489361702127659,16.0,16.0,9409110.0,166450.0,2,1.4,0.1666666666666666,0.1346153846153846,0.0961538461538461,0.0,56.52814659056774
2019-04-22,5,7,40,52,0.1836734693877551,0.1702127659574468,17.0,16.0,20240.0,9431930.0,-2,0.7142857142857143,-0.1666666666666666,0.0961538461538461,0.1346153846153846,0.0192307692307692,0.002145902270267
2019-04-23,4,4,44,52,0.2040816326530612,0.1489361702127659,16.0,16.0,9804882.0,6607.0,0,1.0,0.0,0.0769230769230769,0.0769230769230769,0.0,1484.014227334645
2019-04-24,5,3,46,54,0.2448979591836734,0.1702127659574468,16.0,15.0,2636744.0,9364522.0,2,1.6666666666666667,0.25,0.0925925925925925,0.0555555555555555,0.0185185185185185,0.28156738806316
2019-04-25,7,10,41,58,0.2040816326530612,0.2083333333333333,16.0,15.0,456409.0,13026262.0,-3,0.7,-0.1764705882352941,0.1206896551724138,0.1724137931034483,0.0172413793103448,0.035037603266386
2019-04-26,10,10,42,62,0.2040816326530612,0.1875,16.0,16.0,2707198.0,11987000.0,0,1.0,0.0,0.1612903225806451,0.1612903225806451,0.0,0.2258444982063902
2019-05-02,11,10,46,67,0.2244897959183673,0.1666666666666666,16.0,16.0,424928.0,16632090.0,1,1.1,0.0476190476190476,0.1641791044776119,0.1492537313432835,0.0,0.0255486832983708
2019-05-03,11,14,48,73,0.2040816326530612,0.1458333333333333,16.0,16.0,848772.0,16905973.0,-3,0.7857142857142857,-0.12,0.1506849315068493,0.1917808219178082,0.0,0.0502054510556712
2019-05-06,8,18,50,76,0.2549019607843137,0.1666666666666666,16.0,15.0,1201399.0,24285994.0,-10,0.4444444444444444,-0.3846153846153846,0.1052631578947368,0.2368421052631578,0.0131578947368421,0.0494688008240469
2019-05-07,11,9,57,77,0.2352941176470588,0.1666666666666666,16.0,14.0,3350222.0,11735482.0,2,1.2222222222222223,0.1,0.1428571428571428,0.1168831168831168,0.0259740259740259,0.285478005931073
2019-05-08,8,16,54,78,0.1764705882352941,0.125,16.0,14.0,9656737.0,10784869.0,-8,0.5,-0.3333333333333333,0.1025641025641025,0.2051282051282051,0.0256410256410256,0.8953967822882225
2019-05-09,4,17,57,78,0.2156862745098039,0.1666666666666666,16.0,14.0,31281.0,18428044.0,-13,0.2352941176470588,-0.6190476190476191,0.0512820512820512,0.2179487179487179,0.0256410256410256,0.0016974671864252
2019-05-10,10,13,55,78,0.1568627450980392,0.1836734693877551,16.0,15.0,5593220.0,14057301.0,-3,0.7692307692307693,-0.1304347826086956,0.1282051282051282,0.1666666666666666,0.0128205128205128,0.3978871904357742
2019-05-13,14,11,99,124,0.196078431372549,0.2040816326530612,16.0,15.0,18204420.0,2640703.0,3,1.2727272727272727,0.12,0.1129032258064516,0.0887096774193548,0.0080645161290322,6.893777906867982
2019-05-14,9,21,99,129,0.2156862745098039,0.2244897959183673,16.0,12.0,13086140.0,8565839.0,-12,0.4285714285714285,-0.4,0.0697674418604651,0.1627906976744186,0.0310077519379844,1.5277125801687377
2019-05-15,13,12,108,133,0.2745098039215686,0.2244897959183673,16.0,13.0,9484460.0,12128500.0,1,1.0833333333333333,0.04,0.0977443609022556,0.0902255639097744,0.0225563909774436,0.7819977738384796
2019-05-16,11,18,108,137,0.196078431372549,0.2040816326530612,16.0,14.0,20346554.0,3975965.0,-7,0.6111111111111112,-0.2413793103448276,0.0802919708029197,0.1313868613138686,0.0145985401459854,5.117387602758073
2019-05-17,11,26,102,139,0.196078431372549,0.2244897959183673,16.0,13.0,14254408.0,5261370.0,-15,0.4230769230769231,-0.4054054054054054,0.079136690647482,0.1870503597122302,0.0215827338129496,2.7092578548933077
2019-05-20,13,9,116,138,0.1923076923076923,0.2040816326530612,16.0,13.0,5994634.0,12127640.0,4,1.4444444444444444,0.1818181818181818,0.0942028985507246,0.0652173913043478,0.0217391304347826,0.4942951802659049
2019-05-21,10,16,114,140,0.173076923076923,0.1836734693877551,16.0,14.0,2291268.0,17187180.0,-6,0.625,-0.2307692307692307,0.0714285714285714,0.1142857142857142,0.0142857142857142,0.1333126202204201
2019-05-22,8,12,122,142,0.1923076923076923,0.1836734693877551,16.0,14.0,1539440.0,14605970.0,-4,0.6666666666666666,-0.2,0.056338028169014,0.0845070422535211,0.0140845070422535,0.105397998215798
2019-05-23,8,18,116,142,0.1481481481481481,0.1428571428571428,16.0,12.0,176684.0,11964684.0,-10,0.4444444444444444,-0.3846153846153846,0.056338028169014,0.1267605633802817,0.028169014084507,0.0147671263194247
2019-05-24,14,20,110,144,0.2068965517241379,0.1632653061224489,16.0,13.0,1598230.0,7168700.0,-6,0.7,-0.1764705882352941,0.0972222222222222,0.1388888888888889,0.0208333333333333,0.222945582881136
2019-05-27,16,10,119,145,0.2258064516129032,0.2448979591836734,16.0,14.0,16096140.0,273567.0,6,1.6,0.2307692307692307,0.1103448275862069,0.0689655172413793,0.0137931034482758,58.83801774336817
2019-05-28,12,12,121,145,0.2686567164179104,0.2244897959183673,16.0,13.0,1621657.0,4296812.0,0,1.0,0.0,0.0827586206896551,0.0827586206896551,0.0206896551724137,0.3774093444162789
2019-05-29,11,15,119,145,0.2602739726027397,0.2448979591836734,16.0,14.0,1158513.0,14738280.0,-4,0.7333333333333333,-0.1538461538461538,0.0758620689655172,0.1034482758620689,0.0137931034482758,0.0786057124711974
2019-05-30,9,15,124,148,0.24,0.2448979591836734,16.0,12.0,896591.0,7353849.0,-6,0.6,-0.25,0.0608108108108108,0.1013513513513513,0.027027027027027,0.121921323105764
2019-05-31,14,22,116,152,0.2236842105263158,0.2857142857142857,17.0,13.0,362187.0,6549062.0,-8,0.6363636363636364,-0.2222222222222222,0.0921052631578947,0.1447368421052631,0.0263157894736842,0.0553036450105373
2019-06-03,6,20,126,152,0.2207792207792207,0.2857142857142857,17.0,15.0,736390.0,18720091.0,-14,0.3,-0.5384615384615384,0.0394736842105263,0.131578947368421,0.0131578947368421,0.0393368814286212
2019-06-04,12,12,131,155,0.2207792207792207,0.2857142857142857,17.0,15.0,9526187.0,8549562.0,0,1.0,0.0,0.0774193548387096,0.0774193548387096,0.0129032258064516,1.114230998032414
2019-06-05,18,9,129,156,0.2337662337662337,0.3061224489795918,16.0,13.0,12983453.0,822350.0,9,2.0,0.3333333333333333,0.1153846153846153,0.0576923076923076,0.0192307692307692,15.788232504408098
2019-06-06,14,14,132,160,0.1935483870967742,0.3061224489795918,16.0,14.0,2172300.0,15978309.0,0,1.0,0.0,0.0875,0.0875,0.0125,0.1359530598638441
2019-06-07,18,15,130,163,0.203125,0.2857142857142857,16.0,13.0,4976742.0,12727448.0,3,1.2,0.0909090909090909,0.1104294478527607,0.0920245398773006,0.0184049079754601,0.3910243436076109
2019-06-10,12,17,134,163,0.1666666666666666,0.2857142857142857,16.0,13.0,9371720.0,7413321.0,-5,0.7058823529411765,-0.1724137931034483,0.0736196319018405,0.1042944785276073,0.0184049079754601,1.2641729664748094
2019-06-11,14,15,135,164,0.1617647058823529,0.2653061224489796,16.0,14.0,1443341.0,12414941.0,-1,0.9333333333333332,-0.0344827586206896,0.0853658536585365,0.0914634146341463,0.0121951219512195,0.1162583857627676
2019-06-12,15,13,136,164,0.2101449275362318,0.2857142857142857,16.0,13.0,6904750.0,13439370.0,2,1.1538461538461535,0.0714285714285714,0.0914634146341463,0.0792682926829268,0.0182926829268292,0.5137703627476585
2019-06-13,17,10,139,166,0.218978102189781,0.3265306122448979,18.0,12.0,5935954.0,978890.0,7,1.7,0.2592592592592592,0.1024096385542168,0.0602409638554216,0.036144578313253,6.0639642860791305
2019-06-14,22,16,130,168,0.2463768115942029,0.3469387755102041,18.0,12.0,30309510.0,2624944.0,6,1.375,0.1578947368421052,0.1309523809523809,0.0952380952380952,0.0357142857142857,11.546726330161713
2019-06-17,13,18,139,170,0.2198581560283688,0.3333333333333333,18.0,13.0,1670800.0,17499849.0,-5,0.7222222222222222,-0.1612903225806451,0.0764705882352941,0.1058823529411764,0.0294117647058823,0.0954751095280879
2019-06-18,16,21,134,171,0.2056737588652482,0.3,16.0,13.0,14107360.0,5729851.0,-5,0.7619047619047619,-0.1351351351351351,0.0935672514619883,0.1228070175438596,0.0175438596491228,2.462081474718976
2019-06-19,15,15,142,172,0.2291666666666666,0.34,16.0,12.0,3334388.0,16683402.0,0,1.0,0.0,0.0872093023255814,0.0872093023255814,0.0232558139534883,0.1998625939721407
2019-06-20,19,30,125,174,0.1944444444444444,0.32,14.0,14.0,16852650.0,2070965.0,-11,0.6333333333333333,-0.2244897959183673,0.1091954022988505,0.1724137931034483,0.0,8.1375832039653
2019-06-21,21,20,133,174,0.2275862068965517,0.3,15.0,15.0,943834.0,18032546.0,1,1.05,0.024390243902439,0.1206896551724138,0.1149425287356321,0.0,0.0523405846295914
2019-06-24,28,14,134,176,0.2808219178082192,0.34,17.0,14.0,1429945.0,5318940.0,14,2.0,0.3333333333333333,0.1590909090909091,0.0795454545454545,0.0170454545454545,0.2688402200438433
2019-06-25,9,17,151,177,0.2416107382550335,0.36,17.0,13.0,4280770.0,3044998.0,-8,0.5294117647058824,-0.3076923076923077,0.0508474576271186,0.096045197740113,0.0225988700564971,1.4058367197613924
2019-06-26,14,14,150,178,0.271523178807947,0.36,16.0,14.0,2711430.0,19437449.0,0,1.0,0.0,0.0786516853932584,0.0786516853932584,0.0112359550561797,0.1394951570033701
2019-06-27,12,18,151,181,0.2649006622516556,0.38,16.0,15.0,1180050.0,19190147.0,-6,0.6666666666666666,-0.2,0.0662983425414364,0.0994475138121546,0.005524861878453,0.0614924940387376
2019-06-28,13,24,146,183,0.2774193548387096,0.3725490196078431,17.0,15.0,866400.0,14826266.0,-11,0.5416666666666666,-0.2972972972972973,0.0710382513661202,0.1311475409836065,0.0109289617486338,0.0584368309593258
2019-07-01,18,9,156,183,0.2884615384615384,0.3653846153846153,16.0,15.0,6331810.0,12402670.0,9,2.0,0.3333333333333333,0.0983606557377049,0.0491803278688524,0.0054644808743169,0.5105199122447022
2019-07-02,10,10,164,184,0.275,0.3653846153846153,18.0,13.0,3632490.0,12079430.0,0,1.0,0.0,0.0543478260869565,0.0543478260869565,0.0271739130434782,0.3007170040308193
2019-07-03,13,13,160,186,0.2760736196319018,0.3846153846153846,18.0,13.0,6336911.0,3803530.0,0,1.0,0.0,0.0698924731182795,0.0698924731182795,0.0268817204301075,1.6660604754004833
2019-07-04,15,28,145,188,0.2024539877300613,0.3148148148148148,14.0,15.0,20977500.0,1887609.0,-13,0.5357142857142857,-0.3023255813953488,0.0797872340425532,0.1489361702127659,-0.0053191489361702,11.113265512084336
2019-07-05,33,21,134,188,0.274390243902439,0.3275862068965517,17.0,13.0,3292285.0,13784605.0,12,1.5714285714285714,0.2222222222222222,0.175531914893617,0.1117021276595744,0.0212765957446808,0.2388378194369733
2019-07-08,16,13,164,193,0.2865853658536585,0.3225806451612903,17.0,12.0,15304724.0,853912.0,3,1.2307692307692308,0.1034482758620689,0.082901554404145,0.0673575129533678,0.0259067357512953,17.9230693560929
2019-07-09,14,15,164,193,0.2874251497005988,0.3333333333333333,17.0,13.0,6084020.0,15524574.0,-1,0.9333333333333332,-0.0344827586206896,0.0725388601036269,0.077720207253886,0.0207253886010362,0.3918960996932991
2019-07-10,12,14,168,194,0.2840236686390532,0.3055555555555556,16.0,14.0,4305919.0,13846229.0,-2,0.8571428571428571,-0.0769230769230769,0.0618556701030927,0.0721649484536082,0.0103092783505154,0.3109813509512228
2019-07-11,17,6,175,198,0.3099415204678362,0.2972972972972973,16.0,15.0,17701739.0,366076.0,11,2.833333333333333,0.4782608695652174,0.0858585858585858,0.0303030303030303,0.005050505050505,48.35536609884287
2019-07-12,19,20,160,199,0.3121387283236994,0.28,16.0,13.0,7012540.0,22949771.0,-1,0.95,-0.0256410256410256,0.0954773869346733,0.100502512562814,0.0150753768844221,0.3055603474213316
2019-07-15,15,20,166,201,0.2816091954022988,0.2631578947368421,16.0,14.0,4481332.0,13708089.0,-5,0.75,-0.1428571428571428,0.0746268656716417,0.099502487562189,0.0099502487562189,0.3269115045868173
2019-07-16,20,11,172,203,0.2897727272727273,0.2763157894736842,16.0,12.0,15592789.0,7901170.0,9,1.818181818181818,0.2903225806451613,0.0985221674876847,0.0541871921182266,0.0197044334975369,1.9734784848319933
2019-07-17,18,19,170,207,0.2954545454545454,0.25,16.0,12.0,4282076.0,15203054.0,-1,0.9473684210526316,-0.027027027027027,0.0869565217391304,0.0917874396135265,0.0193236714975845,0.2816589351060649
2019-07-18,20,15,173,208,0.2711864406779661,0.2580645161290322,15.0,14.0,18747365.0,385567.0,5,1.3333333333333333,0.1428571428571428,0.0961538461538461,0.0721153846153846,0.0048076923076923,48.62284635355204
2019-07-19,24,23,162,209,0.2752808988764045,0.265625,15.0,15.0,12686979.0,9783350.0,1,1.0434782608695652,0.0212765957446808,0.1148325358851674,0.1100478468899521,0.0,1.2967929185810587
2019-07-22,14,22,177,213,0.2625698324022346,0.2651515151515151,15.0,14.0,268220.0,19657470.0,-8,0.6363636363636364,-0.2222222222222222,0.0657276995305164,0.1032863849765258,0.0046948356807511,0.013644685709809
2019-07-23,21,14,178,213,0.2692307692307692,0.2867647058823529,15.0,14.0,11778414.0,9290190.0,7,1.5,0.2,0.0985915492957746,0.0657276995305164,0.0046948356807511,1.2678334888737477
2019-07-24,19,20,175,214,0.2677595628415301,0.2608695652173913,16.0,16.0,6103357.0,5934922.0,-1,0.95,-0.0256410256410256,0.0887850467289719,0.0934579439252336,0.0,1.028380322437262
2019-07-25,23,17,174,214,0.2568306010928962,0.2753623188405797,17.0,19.0,5292580.0,18385299.0,6,1.3529411764705883,0.15,0.1074766355140186,0.0794392523364486,-0.0093457943925233,0.2878702163070614
2019-07-26,19,27,168,214,0.25,0.2661870503597122,19.0,22.0,2535030.0,14616094.0,-8,0.7037037037037037,-0.1739130434782608,0.0887850467289719,0.1261682242990654,-0.014018691588785,0.1734410027740653
2019-07-29,13,23,180,216,0.2526881720430107,0.2746478873239437,19.0,24.0,1607120.0,9781210.0,-10,0.5652173913043478,-0.2777777777777778,0.0601851851851851,0.1064814814814814,-0.0231481481481481,0.1643068700089252
2019-07-30,15,22,179,216,0.2446808510638297,0.2587412587412587,20.0,25.0,720883.0,21380440.0,-7,0.6818181818181818,-0.1891891891891892,0.0694444444444444,0.1018518518518518,-0.0231481481481481,0.0337169394081693
2019-07-31,15,21,181,217,0.2393617021276596,0.2534246575342466,20.0,26.0,2575460.0,20867780.0,-6,0.7142857142857143,-0.1666666666666666,0.0691244239631336,0.0967741935483871,-0.0276497695852534,0.1234180157160943
2019-08-01,14,19,185,218,0.1968911917098445,0.2465753424657534,20.0,30.0,14700670.0,10835448.0,-5,0.7368421052631579,-0.1515151515151515,0.0642201834862385,0.0871559633027523,-0.0458715596330275,1.3567200913150983
2019-08-02,24,17,178,219,0.2124352331606217,0.272108843537415,52.0,58.0,16357898.0,2257410.0,7,1.411764705882353,0.1707317073170731,0.1095890410958904,0.0776255707762557,-0.0273972602739726,7.24631236682747
2019-08-05,13,22,187,222,0.2268041237113402,0.2857142857142857,53.0,57.0,17620400.0,7199249.0,-9,0.5909090909090909,-0.2571428571428571,0.0585585585585585,0.0990990990990991,-0.018018018018018,2.447533069074288
2019-08-06,21,19,183,223,0.2171717171717171,0.2666666666666666,55.0,61.0,28105082.0,9851375.0,2,1.105263157894737,0.05,0.0941704035874439,0.085201793721973,-0.0269058295964125,2.8529095684612558
2019-08-07,20,16,187,223,0.2211055276381909,0.2828947368421052,60.0,59.0,21227149.0,14072590.0,4,1.25,0.1111111111111111,0.0896860986547085,0.0717488789237668,0.0044843049327354,1.5084038545854033
2019-08-08,18,23,183,224,0.2139303482587064,0.2763157894736842,64.0,58.0,11517229.0,27543452.0,-5,0.782608695652174,-0.1219512195121951,0.0803571428571428,0.1026785714285714,0.0267857142857142,0.4181476236166767
2019-08-09,18,21,186,225,0.2068965517241379,0.2838709677419355,65.0,62.0,6784746.0,14882620.0,-3,0.8571428571428571,-0.0769230769230769,0.08,0.0933333333333333,0.0133333333333333,0.4558838430330143
2019-08-12,22,17,187,226,0.2028985507246377,0.2692307692307692,63.0,58.0,22712378.0,6320775.0,5,1.2941176470588236,0.1282051282051282,0.0973451327433628,0.0752212389380531,0.0221238938053097,3.593290063322931
2019-08-13,16,26,186,228,0.2067307692307692,0.2625,63.0,62.0,942970.0,29932918.0,-10,0.6153846153846154,-0.238095238095238,0.0701754385964912,0.1140350877192982,0.0043859649122807,0.031502775639849
2019-08-14,18,21,193,232,0.2057416267942583,0.2822085889570552,63.0,63.0,2003203.0,26037660.0,-3,0.8571428571428571,-0.0769230769230769,0.0775862068965517,0.0905172413793103,0.0,0.0769348320855253
2019-08-15,11,26,197,234,0.1830985915492957,0.2760736196319018,65.0,68.0,598000.0,30562918.0,-15,0.4230769230769231,-0.4054054054054054,0.047008547008547,0.1111111111111111,-0.0128205128205128,0.0195661945629667
2019-08-16,32,19,185,236,0.1877934272300469,0.2865853658536585,67.0,70.0,7845263.0,17107670.0,13,1.6842105263157894,0.2549019607843137,0.135593220338983,0.0805084745762711,-0.0127118644067796,0.4585816186540891
2019-08-19,17,24,199,240,0.1775700934579439,0.274390243902439,66.0,63.0,485600.0,19526256.0,-7,0.7083333333333334,-0.1707317073170731,0.0708333333333333,0.1,0.0125,0.0248690788444031
2019-08-20,16,30,195,241,0.1822429906542056,0.2754491017964072,68.0,65.0,7495893.0,14743891.0,-14,0.5333333333333333,-0.3043478260869565,0.0663900414937759,0.1244813278008298,0.0124481327800829,0.5084067021385331
2019-08-21,23,19,204,246,0.1915887850467289,0.2899408284023668,69.0,66.0,2501043.0,20317922.0,4,1.2105263157894737,0.0952380952380952,0.0934959349593495,0.0772357723577235,0.0121951219512195,0.123095413005326
2019-08-22,22,23,203,248,0.199074074074074,0.2865497076023391,70.0,65.0,17122700.0,9103835.0,-1,0.9565217391304348,-0.0222222222222222,0.0887096774193548,0.0927419354838709,0.0201612903225806,1.8808227521698275
2019-08-23,37,27,186,250,0.2037037037037037,0.2774566473988439,71.0,70.0,18144254.0,4811266.0,10,1.3703703703703705,0.15625,0.148,0.108,0.004,3.7712015922628255
2019-08-26,19,27,208,254,0.2027649769585253,0.3103448275862069,72.0,65.0,18372502.0,6933843.0,-8,0.7037037037037037,-0.1739130434782608,0.0748031496062992,0.1062992125984252,0.0275590551181102,2.6496853188051706
2019-08-27,25,21,213,259,0.1926605504587156,0.3068181818181818,72.0,68.0,14443500.0,2942080.0,4,1.1904761904761905,0.0869565217391304,0.0965250965250965,0.081081081081081,0.0154440154440154,4.909281868609963
2019-08-28,23,26,216,265,0.2237442922374429,0.3011363636363636,75.0,68.0,17574776.0,10716560.0,-3,0.8846153846153846,-0.0612244897959183,0.0867924528301886,0.0981132075471698,0.0264150943396226,1.6399643169076643
2019-08-29,21,32,215,268,0.1936936936936936,0.2994350282485876,76.0,68.0,20879970.0,6591642.0,-11,0.65625,-0.2075471698113207,0.0783582089552238,0.1194029850746268,0.0298507462686567,3.167643206351316
2019-08-30,29,38,202,269,0.210762331838565,0.3089887640449438,76.0,70.0,4193172.0,12762554.0,-9,0.7631578947368421,-0.1343283582089552,0.1078066914498141,0.1412639405204461,0.0223048327137546,0.3285527332538612
2019-09-03,16,42,216,274,0.2197309417040358,0.3184357541899441,76.0,67.0,735220.0,25421225.0,-26,0.3809523809523809,-0.4482758620689655,0.0583941605839416,0.1532846715328467,0.0328467153284671,0.0289215016192178
2019-09-04,23,31,220,274,0.1651785714285714,0.2912087912087912,76.0,69.0,2107626.0,25037656.0,-8,0.7419354838709677,-0.1481481481481481,0.083941605839416,0.1131386861313868,0.0255474452554744,0.0841782473567014
2019-09-05,37,23,219,279,0.1928251121076233,0.3093922651933701,76.0,70.0,23389450.0,7074069.0,14,1.608695652173913,0.2333333333333333,0.1326164874551971,0.082437275985663,0.021505376344086,3.306364413465574
2019-09-06,36,47,207,290,0.1830357142857142,0.287292817679558,75.0,79.0,6258837.0,6486654.0,-11,0.7659574468085106,-0.1325301204819277,0.1241379310344827,0.1620689655172413,-0.0137931034482758,0.964879119496739
2019-09-09,29,30,231,290,0.1911111111111111,0.287292817679558,75.0,77.0,16528009.0,14171148.0,-1,0.9666666666666668,-0.0169491525423728,0.1,0.1034482758620689,-0.0068965517241379,1.1663140487983048
2019-09-10,26,28,236,290,0.2096069868995633,0.3169398907103825,76.0,77.0,13722265.0,7470075.0,-2,0.9285714285714286,-0.037037037037037,0.0896551724137931,0.096551724137931,-0.0034482758620689,1.836964822977012
2019-09-11,30,26,235,291,0.2207792207792207,0.3243243243243243,76.0,78.0,3521811.0,17402255.0,4,1.1538461538461535,0.0714285714285714,0.1030927835051546,0.0893470790378006,-0.0068728522336769,0.2023767034789456
2019-09-12,32,25,235,292,0.2274678111587982,0.3135135135135135,77.0,73.0,8708204.0,17544375.0,7,1.28,0.1228070175438596,0.1095890410958904,0.0856164383561643,0.0136986301369863,0.4963530476292259
2019-09-13,33,38,221,292,0.2025316455696202,0.2578947368421053,77.0,79.0,6554892.0,23820800.0,-5,0.868421052631579,-0.0704225352112676,0.1130136986301369,0.1301369863013698,-0.0068493150684931,0.2751751410531972
2019-09-16,26,27,240,293,0.209205020920502,0.2408376963350785,78.0,81.0,20685891.0,1227557.0,-1,0.9629629629629628,-0.0188679245283018,0.0887372013651877,0.0921501706484641,-0.0102389078498293,16.85126719166605
2019-09-17,18,36,240,294,0.2049180327868852,0.2552083333333333,78.0,79.0,1006190.0,25269645.0,-18,0.5,-0.3333333333333333,0.0612244897959183,0.1224489795918367,-0.0034013605442176,0.0398181296175708
2019-09-18,26,27,243,296,0.1821862348178137,0.233502538071066,77.0,78.0,24028192.0,7549548.0,-1,0.9629629629629628,-0.0188679245283018,0.0878378378378378,0.0912162162162162,-0.0033783783783783,3.182732529152738
2019-09-19,27,32,239,298,0.188,0.236180904522613,80.0,79.0,1427900.0,27788715.0,-5,0.84375,-0.0847457627118644,0.0906040268456375,0.1073825503355704,0.0033557046979865,0.0513841679976925
2019-09-20,32,39,227,298,0.1771653543307086,0.2139303482587064,83.0,81.0,7427493.0,6489052.0,-7,0.8205128205128205,-0.0985915492957746,0.1073825503355704,0.1308724832214765,0.0067114093959731,1.1446191215604375
2019-09-23,23,30,248,301,0.2084942084942085,0.2413793103448276,83.0,81.0,20539021.0,8457948.0,-7,0.7666666666666667,-0.1320754716981132,0.0764119601328903,0.0996677740863787,0.0066445182724252,2.4283692687635345
2019-09-24,23,35,245,303,0.2,0.2367149758454106,83.0,81.0,8310159.0,5130355.0,-12,0.6571428571428571,-0.2068965517241379,0.0759075907590759,0.1155115511551155,0.0066006600660066,1.6198019435302236
2019-09-25,25,32,249,306,0.2164179104477611,0.2259615384615384,83.0,81.0,2555570.0,25828672.0,-7,0.78125,-0.1228070175438596,0.0816993464052287,0.1045751633986928,0.0065359477124183,0.0989431434957244
2019-09-26,22,34,250,306,0.20817843866171,0.2392344497607655,84.0,83.0,6142340.0,22215110.0,-12,0.6470588235294118,-0.2142857142857142,0.0718954248366013,0.1111111111111111,0.0032679738562091,0.2764937918380777
2019-09-27,41,36,231,308,0.2080291970802919,0.2394366197183098,86.0,83.0,13088962.0,22774357.0,5,1.1388888888888888,0.0649350649350649,0.1331168831168831,0.1168831168831168,0.0097402597402597,0.574723668378431
2019-09-30,28,34,246,308,0.2153284671532846,0.2488262910798122,84.0,77.0,3412554.0,12733203.0,-6,0.8235294117647058,-0.0967741935483871,0.0909090909090909,0.1103896103896103,0.0227272727272727,0.2680043662227014
2019-10-01,30,22,257,309,0.2313167259786477,0.2429906542056074,84.0,78.0,4502930.0,24524510.0,8,1.3636363636363635,0.1538461538461538,0.0970873786407767,0.0711974110032362,0.0194174757281553,0.183609376904982
2019-10-02,23,39,247,309,0.2260273972602739,0.2476635514018691,85.0,78.0,4483140.0,9419930.0,-16,0.5897435897435898,-0.2580645161290322,0.0744336569579288,0.1262135922330097,0.0226537216828478,0.4759207340181933
2019-10-03,26,31,252,309,0.2423208191126279,0.2429906542056074,87.0,86.0,4329656.0,26658076.0,-5,0.8387096774193549,-0.087719298245614,0.0841423948220064,0.1003236245954692,0.0032362459546925,0.1624144218059848
2019-10-04,37,38,234,309,0.2389078498293515,0.2314814814814814,88.0,91.0,32826964.0,8818198.0,-1,0.9736842105263158,-0.0133333333333333,0.1197411003236245,0.1229773462783171,-0.0097087378640776,3.7226385708281895
2019-10-07,18,28,264,310,0.2346938775510204,0.2453703703703703,88.0,85.0,2736125.0,14072144.0,-10,0.6428571428571429,-0.217391304347826,0.0580645161290322,0.0903225806451612,0.0096774193548387,0.194435545855699
2019-10-08,27,30,253,310,0.2338983050847457,0.2396313364055299,86.0,89.0,3484721.0,30796830.0,-3,0.9,-0.0526315789473684,0.0870967741935483,0.0967741935483871,-0.0096774193548387,0.1131519380403762
2019-10-09,27,30,255,312,0.2338983050847457,0.2247706422018348,89.0,89.0,5147115.0,32446182.0,-3,0.9,-0.0526315789473684,0.0865384615384615,0.0961538461538461,0.0,0.1586354597899993
2019-10-10,27,30,256,313,0.2271186440677966,0.2374429223744292,89.0,92.0,3816092.0,8126547.0,-3,0.9,-0.0526315789473684,0.0862619808306709,0.0958466453674121,-0.0095846645367412,0.4695834528490391
2019-10-11,47,38,230,315,0.2432432432432432,0.2252252252252252,90.0,94.0,26808852.0,4685329.0,9,1.236842105263158,0.1058823529411764,0.1492063492063492,0.1206349206349206,-0.0126984126984126,5.721871825863243
2019-10-14,37,20,258,315,0.2592592592592592,0.242152466367713,91.0,89.0,12843701.0,4108402.0,17,1.85,0.2982456140350877,0.1174603174603174,0.0634920634920634,0.0063492063492063,3.1262035701472253
2019-10-15,29,57,229,315,0.2550335570469799,0.2511210762331838,81.0,96.0,16499593.0,28494046.0,-28,0.5087719298245614,-0.3255813953488372,0.092063492063492,0.1809523809523809,-0.0476190476190476,0.5790540592234602
2019-10-16,54,31,230,315,0.3087248322147651,0.2946428571428571,94.0,91.0,37126647.0,27860250.0,23,1.7419354838709675,0.2705882352941176,0.1714285714285714,0.0984126984126984,0.0095238095238095,1.3326027943037122
2019-10-17,32,26,260,318,0.3322259136212624,0.2977777777777777,94.0,87.0,25061265.0,27104307.0,6,1.2307692307692308,0.1034482758620689,0.10062893081761,0.0817610062893081,0.0220125786163522,0.9246229759720476
2019-10-18,40,40,238,318,0.33003300330033,0.2964601769911504,97.0,90.0,21403832.0,27737977.0,0,1.0,0.0,0.1257861635220125,0.1257861635220125,0.0220125786163522,0.7716435845339406
2019-10-21,39,25,255,319,0.3562091503267974,0.3114035087719298,99.0,83.0,52040453.0,4391768.0,14,1.56,0.21875,0.122257053291536,0.0783699059561128,0.0501567398119122,11.84954510347541
2019-10-22,39,29,252,320,0.369281045751634,0.3017241379310345,100.0,84.0,36047033.0,65768186.0,10,1.3448275862068966,0.1470588235294117,0.121875,0.090625,0.05,0.5480922493437784
2019-10-23,25,36,259,320,0.3701298701298701,0.3247863247863248,98.0,82.0,4505640.0,56655075.0,-11,0.6944444444444444,-0.180327868852459,0.078125,0.1125,0.05,0.0795275621822052
2019-10-24,32,26,262,320,0.3474025974025974,0.3305084745762712,99.0,82.0,18138652.0,26716394.0,6,1.2307692307692308,0.1034482758620689,0.1,0.08125,0.053125,0.6789333919839631
2019-10-25,43,49,228,320,0.3398058252427184,0.3208333333333333,94.0,90.0,41235916.0,6554618.0,-6,0.8775510204081632,-0.0652173913043478,0.134375,0.153125,0.0125,6.291124211967807
2019-10-28,40,27,254,321,0.343042071197411,0.3236514522821577,96.0,86.0,52836793.0,1697086.0,13,1.4814814814814814,0.1940298507462686,0.1246105919003115,0.0841121495327102,0.0311526479750778,31.13383352405241
2019-10-29,34,37,251,322,0.3300970873786408,0.3089430894308943,94.0,87.0,48679183.0,29555279.0,-3,0.918918918918919,-0.0422535211267605,0.1055900621118012,0.1149068322981366,0.0217391304347826,1.647055438048817
2019-10-30,30,29,264,323,0.3300970873786408,0.3104838709677419,94.0,90.0,22173567.0,28181170.0,1,1.0344827586206895,0.0169491525423728,0.0928792569659442,0.0897832817337461,0.0123839009287925,0.786822087230587
2019-10-31,23,61,240,324,0.267741935483871,0.256,90.0,96.0,2234870.0,65341037.0,-38,0.3770491803278688,-0.4523809523809524,0.0709876543209876,0.1882716049382716,-0.0185185185185185,0.0342031608711689
2019-11-01,63,47,216,326,0.3225806451612903,0.3149606299212598,100.0,96.0,41277920.0,29407712.0,16,1.3404255319148937,0.1454545454545454,0.1932515337423312,0.1441717791411043,0.0122699386503067,1.4036426907336417
2019-11-04,28,31,267,326,0.3269230769230769,0.3436293436293436,96.0,87.0,25816517.0,29386080.0,-3,0.9032258064516128,-0.0508474576271186,0.0858895705521472,0.0950920245398773,0.0276073619631901,0.8785287796126602
2019-11-05,22,43,261,326,0.3035143769968051,0.3245283018867924,96.0,93.0,3355339.0,50806592.0,-21,0.5116279069767442,-0.3230769230769231,0.0674846625766871,0.1319018404907975,0.00920245398773,0.0660414105319246
2019-11-06,38,22,268,328,0.3111111111111111,0.332089552238806,97.0,89.0,10140512.0,17759998.0,16,1.7272727272727273,0.2666666666666666,0.1158536585365853,0.0670731707317073,0.024390243902439,0.5709748390737431
2019-11-07,32,25,271,328,0.2984126984126984,0.3271375464684015,96.0,88.0,4658604.0,17210692.0,7,1.28,0.1228070175438596,0.0975609756097561,0.0762195121951219,0.024390243902439,0.2706808070239128
2019-11-08,41,37,251,329,0.2857142857142857,0.3321167883211678,98.0,98.0,14259594.0,1366414.0,4,1.108108108108108,0.0512820512820512,0.1246200607902735,0.1124620060790273,0.0,10.435778614680473
2019-11-11,29,31,268,328,0.2770700636942675,0.3296703296703296,95.0,88.0,34092223.0,11787023.0,-2,0.935483870967742,-0.0333333333333333,0.0884146341463414,0.0945121951219512,0.0213414634146341,2.892352292856305
2019-11-12,44,18,267,329,0.2933753943217665,0.3285714285714285,95.0,84.0,22130284.0,30454150.0,26,2.4444444444444446,0.4193548387096774,0.1337386018237082,0.0547112462006079,0.033434650455927,0.7266754777263525
2019-11-13,34,30,266,330,0.2744479495268139,0.3333333333333333,97.0,84.0,18754890.0,34913880.0,4,1.1333333333333333,0.0625,0.103030303030303,0.0909090909090909,0.0393939393939393,0.5371757593255175
2019-11-14,35,30,267,332,0.3113207547169811,0.3321917808219178,98.0,85.0,43441994.0,10950930.0,5,1.1666666666666667,0.0769230769230769,0.1054216867469879,0.0903614457831325,0.0391566265060241,3.966968467518284
2019-11-15,30,50,252,332,0.2758620689655172,0.3321917808219178,99.0,93.0,3905271.0,71581946.0,-20,0.6,-0.25,0.0903614457831325,0.1506024096385542,0.0180722891566265,0.0545566475658541
2019-11-18,37,31,267,335,0.290625,0.3401360544217687,99.0,95.0,42380879.0,24306829.0,6,1.1935483870967742,0.088235294117647,0.1104477611940298,0.0925373134328358,0.0119402985074626,1.7435790986969135
2019-11-19,33,36,267,336,0.2875,0.3322033898305084,99.0,99.0,19340955.0,33267258.0,-3,0.9166666666666666,-0.0434782608695652,0.0982142857142857,0.1071428571428571,0.0,0.5813810984963053
2019-11-20,34,29,274,337,0.29375,0.3389830508474576,100.0,101.0,67640569.0,10020398.0,5,1.1724137931034482,0.0793650793650793,0.1008902077151335,0.086053412462908,-0.0029673590504451,6.7502876632245545
2019-11-21,26,37,274,337,0.2585669781931464,0.3389830508474576,100.0,102.0,6689894.0,44839400.0,-11,0.7027027027027027,-0.1746031746031746,0.0771513353115727,0.1097922848664688,-0.0059347181008902,0.1491967778337801
2019-11-22,33,66,238,337,0.2515527950310559,0.3175675675675675,93.0,111.0,12173686.0,48116200.0,-33,0.5,-0.3333333333333333,0.0979228486646884,0.1958456973293768,-0.0534124629080118,0.253005973040265
2019-11-25,45,44,248,337,0.2910216718266253,0.3468013468013468,101.0,102.0,7844043.0,48518556.0,1,1.0227272727272727,0.0112359550561797,0.1335311572700296,0.1305637982195845,-0.0029673590504451,0.1616709903732502
2019-11-26,34,32,273,339,0.2839506172839506,0.3355704697986577,98.0,101.0,44411281.0,3749267.0,2,1.0625,0.0303030303030303,0.1002949852507374,0.0943952802359882,-0.0088495575221238,11.845323632592718
2019-11-27,37,29,273,339,0.303680981595092,0.348993288590604,101.0,107.0,33631310.0,36242700.0,8,1.2758620689655171,0.1212121212121212,0.1091445427728613,0.0855457227138643,-0.0176991150442477,0.9279471452182094
2019-11-28,26,36,277,339,0.3098159509202454,0.3588039867109635,105.0,105.0,4792454.0,49725437.0,-10,0.7222222222222222,-0.1612903225806451,0.0766961651917404,0.1061946902654867,0.0,0.0963783184047231
2019-11-29,48,35,257,340,0.3190184049079754,0.3696369636963696,108.0,110.0,12059991.0,37781478.0,13,1.3714285714285714,0.1566265060240964,0.1411764705882353,0.1029411764705882,-0.0058823529411764,0.3192037908098778
2019-12-02,30,50,262,342,0.2682926829268293,0.3333333333333333,101.0,113.0,46191536.0,19323730.0,-20,0.6,-0.25,0.087719298245614,0.1461988304093567,-0.0350877192982456,2.390404751049616
2019-12-03,51,52,240,343,0.2957317073170731,0.3464052287581699,109.0,103.0,17537614.0,8736582.0,-1,0.9807692307692308,-0.0097087378640776,0.1486880466472303,0.151603498542274,0.0174927113702623,2.007377026851004
2019-12-04,31,32,281,344,0.3130699088145897,0.3603896103896103,109.0,104.0,25006935.0,37564360.0,-1,0.96875,-0.0158730158730158,0.0901162790697674,0.0930232558139534,0.0145348837209302,0.6657090657208056
2019-12-05,32,29,283,344,0.2978723404255319,0.3831168831168831,108.0,102.0,58245480.0,12323832.0,3,1.103448275862069,0.0491803278688524,0.0930232558139534,0.0843023255813953,0.0174418604651162,4.726247485360073
2019-12-06,42,41,261,344,0.3212121212121212,0.3689320388349514,107.0,101.0,43349965.0,13277324.0,1,1.024390243902439,0.0120481927710843,0.1220930232558139,0.1191860465116279,0.0174418604651162,3.2649625029862945
2019-12-09,33,27,284,344,0.3262839879154078,0.372168284789644,109.0,98.0,31667195.0,32740776.0,6,1.2222222222222223,0.1,0.0959302325581395,0.0784883720930232,0.0319767441860465,0.9672096654031658
2019-12-10,24,35,285,344,0.3063063063063063,0.3851132686084142,110.0,98.0,17366800.0,45090518.0,-11,0.6857142857142857,-0.1864406779661017,0.0697674418604651,0.1017441860465116,0.0348837209302325,0.3851541470426221
2019-12-11,37,23,284,344,0.3213213213213213,0.3948220064724919,112.0,101.0,52039650.0,13727488.0,14,1.608695652173913,0.2333333333333333,0.1075581395348837,0.066860465116279,0.0319767441860465,3.790908431316786
2019-12-12,30,30,284,344,0.3074626865671642,0.3903225806451613,112.0,99.0,53133956.0,6547799.0,0,1.0,0.0,0.0872093023255814,0.0872093023255814,0.0377906976744186,8.114781165396188
2019-12-13,42,39,262,343,0.3104477611940298,0.3818770226537217,112.0,104.0,32063873.0,34942820.0,3,1.0769230769230769,0.037037037037037,0.1224489795918367,0.1137026239067055,0.0233236151603498,0.9176097693317252
2019-12-16,39,30,275,344,0.3244047619047619,0.3762057877813505,111.0,95.0,45121619.0,46373224.0,9,1.3,0.1304347826086956,0.1133720930232558,0.0872093023255814,0.0465116279069767,0.9730101793224468
2019-12-17,34,36,274,344,0.3184523809523809,0.375,115.0,100.0,58749351.0,12414332.0,-2,0.9444444444444444,-0.0285714285714285,0.0988372093023255,0.1046511627906976,0.0436046511627907,4.732381170408525
2019-12-18,34,31,279,344,0.3333333333333333,0.3821656050955414,118.0,98.0,3802851.0,39980156.0,3,1.096774193548387,0.0461538461538461,0.0988372093023255,0.0901162790697674,0.0581395348837209,0.095118463269628
2019-12-19,40,32,273,345,0.3303571428571428,0.375796178343949,114.0,97.0,3493699.0,63774068.0,8,1.25,0.1111111111111111,0.1159420289855072,0.0927536231884058,0.0492753623188405,0.0547824391569313
2019-12-20,48,39,260,347,0.3461538461538461,0.3949044585987261,114.0,102.0,29485540.0,43307569.0,9,1.2307692307692308,0.1034482758620689,0.138328530259366,0.1123919308357348,0.0345821325648415,0.6808403399415007
2019-12-23,40,31,277,348,0.3343195266272189,0.3917197452229299,115.0,94.0,27965795.0,49369246.0,9,1.2903225806451613,0.1267605633802817,0.1149425287356321,0.0890804597701149,0.0603448275862069,0.5664618617023237
2019-12-24,37,32,279,348,0.3313609467455621,0.4006309148264984,114.0,97.0,52843526.0,11793406.0,5,1.15625,0.072463768115942,0.1063218390804597,0.0919540229885057,0.0488505747126436,4.480768829632424
2019-12-25,40,37,271,348,0.3156342182890855,0.3974763406940063,112.0,95.0,11386259.0,78424128.0,3,1.0810810810810811,0.0389610389610389,0.1149425287356321,0.1063218390804597,0.0488505747126436,0.1451882129948579
2019-12-26,37,43,268,348,0.3108504398826979,0.3993710691823899,111.0,98.0,2464310.0,53454700.0,-6,0.8604651162790697,-0.075,0.1063218390804597,0.1235632183908046,0.0373563218390804,0.046100904130039
2019-12-27,30,55,263,348,0.3011695906432748,0.3824451410658307,112.0,110.0,9066540.0,12295460.0,-25,0.5454545454545454,-0.2941176470588235,0.0862068965517241,0.1580459770114942,0.0057471264367816,0.7373892477385962
2019-12-30,28,44,278,350,0.2558139534883721,0.35625,117.0,109.0,543086.0,31577197.0,-16,0.6363636363636364,-0.2222222222222222,0.08,0.1257142857142857,0.0228571428571428,0.0171986766273143
2019-12-31,36,29,287,352,0.2645348837209302,0.3625,119.0,114.0,16291836.0,33346480.0,7,1.2413793103448276,0.1076923076923077,0.1022727272727272,0.0823863636363636,0.0142045454545454,0.4885623909929923
2020-01-02,43,40,269,352,0.2819767441860465,0.371875,118.0,111.0,15139334.0,25540605.0,3,1.075,0.036144578313253,0.1221590909090909,0.1136363636363636,0.0198863636363636,0.592755496590625
2020-01-03,40,39,273,352,0.2703488372093023,0.367601246105919,121.0,109.0,12634320.0,18645128.0,1,1.0256410256410255,0.0126582278481012,0.1136363636363636,0.1107954545454545,0.034090909090909,0.6776204486233616
2020-01-06,20,43,291,354,0.252906976744186,0.3726708074534161,117.0,106.0,2069489.0,37338073.0,-23,0.4651162790697674,-0.365079365079365,0.0564971751412429,0.1214689265536723,0.0310734463276836,0.0554257044813212
2020-01-07,38,36,282,356,0.2470930232558139,0.3715170278637771,118.0,109.0,31653735.0,1805970.0,2,1.0555555555555556,0.027027027027027,0.1067415730337078,0.1011235955056179,0.0252808988764044,17.52727620060134
2020-01-08,29,48,280,357,0.2354651162790697,0.3641975308641975,119.0,110.0,1736260.0,33651282.0,-19,0.6041666666666666,-0.2467532467532467,0.0812324929971988,0.134453781512605,0.0252100840336134,0.0515956568905755
2020-01-09,37,36,285,358,0.2354651162790697,0.3496932515337423,117.0,112.0,10269801.0,10924934.0,1,1.0277777777777777,0.0136986301369863,0.1033519553072625,0.1005586592178771,0.0139664804469273,0.9400332304067008
2020-01-10,43,53,264,360,0.2347826086956521,0.3282208588957055,117.0,121.0,2501432.0,31263800.0,-10,0.8113207547169812,-0.1041666666666666,0.1194444444444444,0.1472222222222222,-0.0111111111111111,0.0800104913670123
2020-01-13,31,38,291,360,0.2260869565217391,0.3098159509202454,115.0,117.0,1321533.0,20934700.0,-7,0.8157894736842105,-0.1014492753623188,0.0861111111111111,0.1055555555555555,-0.0055555555555555,0.0631264360129354
2020-01-14,38,30,292,360,0.2405797101449275,0.3231707317073171,114.0,118.0,25002607.0,3350694.0,8,1.2666666666666666,0.1176470588235294,0.1055555555555555,0.0833333333333333,-0.0111111111111111,7.461918933808937
2020-01-15,27,40,294,361,0.2283236994219653,0.3048780487804878,112.0,113.0,307319.0,15172141.0,-13,0.675,-0.1940298507462686,0.074792243767313,0.1108033240997229,-0.002770083102493,0.0202554800934159
2020-01-16,27,37,298,362,0.2413793103448276,0.3161094224924012,112.0,113.0,2668880.0,17598660.0,-10,0.7297297297297297,-0.15625,0.074585635359116,0.1022099447513812,-0.0027624309392265,0.1516524553573965
2020-01-17,38,37,288,363,0.2378223495702005,0.3161094224924012,113.0,114.0,10523413.0,6746689.0,1,1.027027027027027,0.0133333333333333,0.1046831955922865,0.1019283746556473,-0.0027548209366391,1.5597892536620557
2020-01-20,31,37,295,363,0.2435530085959885,0.3121212121212121,113.0,115.0,11157627.0,2715950.0,-6,0.8378378378378378,-0.088235294117647,0.0853994490358126,0.1019283746556473,-0.0055096418732782,4.108185717704671
2020-01-21,45,25,294,364,0.2521489971346705,0.311178247734139,115.0,113.0,15450303.0,1233158.0,20,1.8,0.2857142857142857,0.1236263736263736,0.0686813186813186,0.0054945054945054,12.5290538600893
2020-01-22,50,25,290,365,0.2636103151862464,0.3003003003003003,115.0,108.0,20025899.0,897494.0,25,2.0,0.3333333333333333,0.136986301369863,0.0684931506849315,0.0191780821917808,22.31312855573408
2020-01-30,25,41,300,366,0.2435530085959885,0.3033033033033033,117.0,109.0,2152331.0,22461093.0,-16,0.6097560975609756,-0.2424242424242424,0.0683060109289617,0.1120218579234972,0.0218579234972677,0.0958248558963715
2020-01-31,31,62,273,366,0.2142857142857142,0.3044776119402985,117.0,129.0,5196019.0,32187491.0,-31,0.5,-0.3333333333333333,0.0846994535519125,0.1693989071038251,-0.0327868852459016,0.1614297616424964
2020-02-03,24,48,295,367,0.2045454545454545,0.2827380952380952,116.0,126.0,4237109.0,35444694.0,-24,0.5,-0.3333333333333333,0.0653950953678474,0.1307901907356948,-0.0272479564032697,0.1195414185265642
2020-02-04,28,41,298,367,0.1931818181818181,0.2611275964391691,117.0,121.0,14058241.0,9327815.0,-13,0.6829268292682927,-0.1884057971014492,0.0762942779291553,0.1117166212534059,-0.0108991825613079,1.507131198463949
2020-02-05,21,33,313,367,0.1875,0.2640949554896142,114.0,116.0,11333940.0,16736428.0,-12,0.6363636363636364,-0.2222222222222222,0.0572207084468664,0.0899182561307901,-0.0054495912806539,0.6772018497614903
2020-02-06,43,24,300,367,0.2033898305084746,0.2789317507418398,117.0,114.0,24495320.0,4904870.0,19,1.7916666666666667,0.2835820895522388,0.1171662125340599,0.0653950953678474,0.0081743869209809,4.994081392575135
2020-02-07,60,34,274,368,0.2303370786516854,0.2908011869436201,119.0,112.0,19884275.0,3652523.0,26,1.7647058823529411,0.2765957446808511,0.1630434782608695,0.092391304347826,0.0190217391304347,5.443983514956647
2020-02-10,24,44,300,368,0.2212885154061624,0.2743362831858407,116.0,106.0,9115555.0,14730881.0,-20,0.5454545454545454,-0.2941176470588235,0.0652173913043478,0.1195652173913043,0.0271739130434782,0.618805827024195
2020-02-11,36,32,300,368,0.217877094972067,0.2743362831858407,112.0,105.0,13329577.0,4327088.0,4,1.125,0.0588235294117647,0.0978260869565217,0.0869565217391304,0.0190217391304347,3.0804959362971127
2020-02-12,45,25,299,369,0.2444444444444444,0.2831858407079646,113.0,106.0,28738382.0,1604480.0,20,1.8,0.2857142857142857,0.1219512195121951,0.067750677506775,0.018970189701897,17.91133700638213
2020-02-13,37,30,304,371,0.2444444444444444,0.2852941176470588,113.0,104.0,27181208.0,9657220.0,7,1.2333333333333334,0.1044776119402985,0.0997304582210242,0.0808625336927223,0.0242587601078167,2.8145996466892127
2020-02-14,49,58,265,372,0.2555555555555555,0.2923976608187134,115.0,106.0,11505316.0,29627866.0,-9,0.8448275862068966,-0.0841121495327102,0.1317204301075268,0.1559139784946236,0.0241935483870967,0.3883275292253583
2020-02-17,32,35,305,372,0.25,0.2923976608187134,111.0,102.0,6853073.0,12218178.0,-3,0.9142857142857144,-0.044776119402985,0.086021505376344,0.0940860215053763,0.0241935483870967,0.5608915666476622
2020-02-18,30,45,301,376,0.2576177285318559,0.2769679300291545,109.0,104.0,15709811.0,12449298.0,-15,0.6666666666666666,-0.2,0.0797872340425532,0.1196808510638298,0.0132978723404255,1.2619033619405688
2020-02-19,45,32,299,376,0.2707182320441988,0.2857142857142857,107.0,103.0,41239638.0,1482924.0,13,1.40625,0.1688311688311688,0.1196808510638298,0.0851063829787234,0.0106382978723404,27.809677367147607
2020-02-20,40,31,306,377,0.2762430939226519,0.3002915451895043,107.0,96.0,21248593.0,13416764.0,9,1.2903225806451613,0.1267605633802817,0.1061007957559681,0.0822281167108753,0.0291777188328912,1.583734572658504
2020-02-21,38,57,283,378,0.2506887052341597,0.2653061224489796,106.0,100.0,3128854.0,31423176.0,-19,0.6666666666666666,-0.2,0.1005291005291005,0.1507936507936507,0.0158730158730158,0.0995715391722339
2020-02-24,11,57,312,380,0.2246575342465753,0.2441860465116279,104.0,102.0,103490.0,51842702.0,-46,0.1929824561403508,-0.6764705882352942,0.0289473684210526,0.15,0.0052631578947368,0.0019962308291724
2020-02-25,42,32,306,380,0.2322404371584699,0.2412790697674418,102.0,113.0,20019296.0,11004350.0,10,1.3125,0.1351351351351351,0.1105263157894736,0.0842105263157894,-0.0289473684210526,1.819216582533271
2020-02-26,27,39,314,380,0.2486338797814207,0.2441860465116279,103.0,101.0,886240.0,15599250.0,-12,0.6923076923076923,-0.1818181818181818,0.0710526315789473,0.1026315789473684,0.0052631578947368,0.0568129878039008
2020-02-27,44,28,308,380,0.2506811989100817,0.25,100.0,107.0,17947170.0,352490.0,16,1.5714285714285714,0.2222222222222222,0.1157894736842105,0.0736842105263157,-0.0184210526315789,50.91540185537178
2020-02-28,37,52,293,382,0.2506811989100817,0.2434782608695652,103.0,124.0,7344515.0,24751224.0,-15,0.7115384615384616,-0.1685393258426966,0.0968586387434555,0.1361256544502617,-0.0549738219895288,0.2967334059923662
2020-03-02,36,35,311,382,0.2643051771117166,0.2492753623188406,104.0,111.0,28938824.0,2214633.0,1,1.0285714285714285,0.0140845070422535,0.094240837696335,0.0916230366492146,-0.0183246073298429,13.067096895964252
2020-03-03,42,30,311,383,0.2861035422343324,0.2666666666666666,103.0,106.0,27661565.0,2148410.0,12,1.4,0.1666666666666666,0.1096605744125326,0.0783289817232376,-0.0078328981723237,12.875365968320756
2020-03-04,46,35,303,384,0.2907608695652174,0.2861271676300578,104.0,102.0,43292577.0,6185990.0,11,1.3142857142857145,0.1358024691358024,0.1197916666666666,0.0911458333333333,0.0052083333333333,6.998488035059869
2020-03-05,34,35,317,386,0.296195652173913,0.2873563218390804,103.0,105.0,42740041.0,20739102.0,-1,0.9714285714285714,-0.0144927536231884,0.0880829015544041,0.0906735751295336,-0.005181347150259,2.060843376921527
2020-03-06,53,46,291,390,0.2853260869565217,0.2951289398280802,104.0,110.0,16713934.0,17812923.0,7,1.1521739130434785,0.0707070707070707,0.1358974358974359,0.1179487179487179,-0.0153846153846153,0.9383038370513362
2020-03-09,20,71,301,392,0.2195121951219512,0.2550143266475644,101.0,113.0,21667177.0,41490773.0,-51,0.2816901408450704,-0.5604395604395604,0.0510204081632653,0.1811224489795918,-0.0306122448979591,0.5222167588923927
2020-03-10,52,41,301,394,0.2345013477088948,0.2693409742120344,101.0,128.0,40536052.0,22934727.0,11,1.2682926829268293,0.1182795698924731,0.1319796954314721,0.1040609137055837,-0.0685279187817258,1.7674529982414875
2020-03-11,30,50,316,396,0.2231182795698924,0.2550143266475644,98.0,113.0,33138785.0,33125350.0,-20,0.6,-0.25,0.0757575757575757,0.1262626262626262,-0.0378787878787878,1.0004055806202805
2020-03-12,29,56,314,399,0.2064343163538874,0.2607449856733524,98.0,126.0,24178323.0,46418393.0,-27,0.5178571428571429,-0.3176470588235294,0.0726817042606516,0.1403508771929824,-0.0701754385964912,0.5208780708974565
2020-03-13,44,61,298,403,0.2068965517241379,0.2428571428571428,97.0,143.0,40441977.0,15089210.0,-17,0.7213114754098361,-0.1619047619047619,0.1091811414392059,0.1513647642679901,-0.1141439205955335,2.6801918059328487
2020-03-16,47,32,328,407,0.2201591511936339,0.2670454545454545,98.0,121.0,31280638.0,8158585.0,15,1.46875,0.189873417721519,0.1154791154791154,0.0786240786240786,-0.0565110565110565,3.834076374763516
2020-03-17,37,45,325,407,0.2142857142857142,0.2613636363636363,97.0,121.0,27088716.0,5888649.0,-8,0.8222222222222222,-0.0975609756097561,0.0909090909090909,0.1105651105651105,-0.0589680589680589,4.600158032852697
2020-03-18,51,29,328,408,0.2163588390501319,0.2642045454545454,101.0,111.0,48014472.0,615630.0,22,1.7586206896551724,0.275,0.125,0.071078431372549,-0.0245098039215686,77.9924175235125
2020-03-19,26,49,334,409,0.2052631578947368,0.2627118644067797,102.0,113.0,15455558.0,127370231.0,-23,0.5306122448979592,-0.3066666666666666,0.0635696821515892,0.1198044009779951,-0.0268948655256723,0.1213435657504617
2020-03-20,38,58,315,411,0.2078947368421052,0.25,94.0,118.0,8259761.0,38749594.0,-20,0.6551724137931034,-0.2083333333333333,0.0924574209245742,0.1411192214111922,-0.0583941605839416,0.2131573559196517
2020-03-23,19,77,316,412,0.1973684210526315,0.2408963585434173,95.0,124.0,7816772.0,30505050.0,-58,0.2467532467532467,-0.6041666666666666,0.0461165048543689,0.1868932038834951,-0.0703883495145631,0.2562451790769069
2020-03-24,35,35,343,413,0.1973684210526315,0.2346368715083799,96.0,128.0,2366953.0,34599276.0,0,1.0,0.0,0.0847457627118644,0.0847457627118644,-0.0774818401937046,0.068410477722135
2020-03-25,45,31,339,415,0.1858638743455497,0.2305555555555555,93.0,114.0,13020388.0,41876534.0,14,1.4516129032258065,0.1842105263157894,0.108433734939759,0.0746987951807229,-0.0506024096385542,0.3109232488056437
2020-03-26,33,48,335,416,0.1884816753926701,0.2416666666666666,92.0,117.0,1906296.0,38999248.0,-15,0.6875,-0.1851851851851851,0.079326923076923,0.1153846153846153,-0.0600961538461538,0.0488803271283589
2020-03-27,37,70,311,418,0.2036553524804177,0.2333333333333333,97.0,130.0,885818.0,51376806.0,-33,0.5285714285714286,-0.308411214953271,0.0885167464114832,0.1674641148325359,-0.0789473684210526,0.0172415934147404
2020-03-30,17,56,349,422,0.2005208333333333,0.2354570637119113,97.0,135.0,55150.0,26733884.0,-39,0.3035714285714285,-0.5342465753424658,0.0402843601895734,0.1327014218009478,-0.0900473933649289,0.0020629250878772
2020-03-31,38,51,335,424,0.2046632124352331,0.2320441988950276,98.0,136.0,2363509.0,61217631.0,-13,0.7450980392156863,-0.146067415730337,0.0896226415094339,0.1202830188679245,-0.0896226415094339,0.0386083055059742
2020-04-01,58,27,341,426,0.2,0.2396694214876033,98.0,126.0,60120243.0,1292849.0,31,2.1481481481481484,0.3647058823529411,0.136150234741784,0.0633802816901408,-0.0657276995305164,46.50213830076057
2020-04-03,71,40,317,428,0.2040816326530612,0.2534435261707989,99.0,111.0,43479447.0,3295130.0,31,1.775,0.2792792792792792,0.1658878504672897,0.0934579439252336,-0.02803738317757,13.19506271376243
2020-04-06,64,31,336,431,0.2309644670050761,0.2582417582417582,98.0,104.0,65168493.0,42370701.0,33,2.064516129032258,0.3473684210526316,0.148491879350348,0.0719257540603248,-0.0139211136890951,1.5380555776030234
2020-04-07,45,38,350,433,0.25,0.2630136986301369,100.0,101.0,3827574.0,54616741.0,7,1.1842105263157894,0.0843373493975903,0.1039260969976905,0.0877598152424942,-0.0023094688221709,0.0700806003785542
2020-04-08,35,50,351,436,0.225563909774436,0.273224043715847,99.0,104.0,30226212.0,7249450.0,-15,0.7,-0.1764705882352941,0.0802752293577981,0.1146788990825688,-0.0114678899082568,4.169448992682203
2020-04-09,46,31,359,436,0.2431761786600496,0.2704918032786885,102.0,104.0,50763116.0,12313657.0,15,1.4838709677419355,0.1948051948051948,0.1055045871559633,0.0711009174311926,-0.0045871559633027,4.122505280112967
2020-04-10,36,62,343,441,0.2137592137592137,0.2452316076294278,104.0,120.0,6386430.0,130593311.0,-26,0.5806451612903226,-0.2653061224489796,0.0816326530612244,0.1405895691609977,-0.0362811791383219,0.0489031938243758
2020-04-13,45,28,371,444,0.2407862407862407,0.2561307901907357,100.0,106.0,15637644.0,14802000.0,17,1.6071428571428572,0.2328767123287671,0.1013513513513513,0.063063063063063,-0.0135135135135135,1.0564548034049452
2020-04-14,29,45,375,449,0.2401960784313725,0.2506811989100817,100.0,109.0,12095211.0,35495553.0,-16,0.6444444444444445,-0.2162162162162162,0.0645879732739421,0.1002227171492204,-0.0200445434298441,0.3407528543082566
2020-04-15,54,29,368,451,0.2493887530562347,0.2561307901907357,102.0,107.0,50118071.0,4879636.0,25,1.862068965517241,0.3012048192771084,0.1197339246119734,0.0643015521064301,-0.0110864745011086,10.270862621720145
2020-04-16,39,42,374,455,0.2530413625304136,0.2581521739130434,101.0,102.0,16290311.0,12174008.0,-3,0.9285714285714286,-0.037037037037037,0.0857142857142857,0.0923076923076923,-0.0021978021978021,1.3381222519321492
2020-04-17,63,50,346,459,0.2669902912621359,0.2527173913043478,101.0,119.0,15881521.0,27751214.0,13,1.26,0.1150442477876106,0.1372549019607843,0.1089324618736383,-0.0392156862745098,0.5722820270133047
2020-04-20,63,35,364,462,0.2639225181598063,0.25,103.0,109.0,42969556.0,26910528.0,28,1.8,0.2857142857142857,0.1363636363636363,0.0757575757575757,-0.0129870129870129,1.5967563326888272
2020-04-21,29,58,377,464,0.2602409638554216,0.2520325203252032,102.0,112.0,21843578.0,44464250.0,-29,0.5,-0.3333333333333333,0.0625,0.125,-0.021551724137931,0.4912615865554912
2020-04-22,59,45,361,465,0.2740384615384615,0.2560646900269542,101.0,111.0,27793132.0,16048256.0,14,1.3111111111111111,0.1346153846153846,0.1268817204301075,0.0967741935483871,-0.021505376344086,1.7318474979461942
2020-04-23,49,38,380,467,0.2990430622009569,0.25,104.0,107.0,19306165.0,12197961.0,11,1.2894736842105263,0.1264367816091954,0.1049250535331905,0.0813704496788008,-0.006423982869379,1.5827370656456436
2020-04-24,65,60,345,470,0.3056872037914692,0.2627345844504021,106.0,114.0,60947016.0,4559406.0,5,1.0833333333333333,0.04,0.1382978723404255,0.1276595744680851,-0.0170212765957446,13.36731495286886
2020-04-27,55,36,384,475,0.3231132075471698,0.2917771883289125,106.0,104.0,48847088.0,8027883.0,19,1.5277777777777777,0.2087912087912088,0.1157894736842105,0.0757894736842105,0.0042105263157894,6.084678613278245
2020-04-28,41,49,389,479,0.3075117370892019,0.2864721485411141,107.0,102.0,25457174.0,20502410.0,-8,0.8367346938775511,-0.0888888888888888,0.0855949895615866,0.1022964509394572,0.0104384133611691,1.2416673942234109
2020-04-29,49,36,396,481,0.3130841121495327,0.2989417989417989,107.0,104.0,44134482.0,12375331.0,13,1.3611111111111112,0.1529411764705882,0.1018711018711018,0.0748440748440748,0.0062370062370062,3.5663273976267784
2020-05-04,29,71,382,482,0.2946635730858468,0.2955145118733509,106.0,100.0,19139872.0,58592607.0,-42,0.4084507042253521,-0.42,0.0601659751037344,0.1473029045643153,0.0124481327800829,0.32666018769228
2020-05-05,59,38,387,484,0.2979214780600462,0.2921052631578947,107.0,103.0,22904112.0,11201686.0,21,1.5526315789473684,0.2164948453608247,0.1219008264462809,0.0785123966942148,0.0082644628099173,2.044702199293928
2020-05-06,55,41,393,489,0.3004587155963302,0.3026315789473684,105.0,103.0,26044482.0,29457669.0,14,1.3414634146341464,0.1458333333333333,0.1124744376278118,0.0838445807770961,0.0040899795501022,0.8841324817656142
2020-05-07,41,44,403,488,0.296551724137931,0.2928759894459103,104.0,103.0,6952833.0,10662763.0,-3,0.9318181818181818,-0.0352941176470588,0.0840163934426229,0.0901639344262295,0.0020491803278688,0.65206672979602
2020-05-08,56,68,365,489,0.2886363636363636,0.2796833773087071,101.0,116.0,15291589.0,43419683.0,-12,0.8235294117647058,-0.0967741935483871,0.1145194274028629,0.1390593047034765,-0.0306748466257668,0.3521810373419815
2020-05-11,51,40,398,489,0.2799097065462754,0.2913385826771653,103.0,111.0,21426505.0,17686468.0,11,1.275,0.1208791208791208,0.1042944785276073,0.081799591002045,-0.016359918200409,1.2114631932164184
2020-05-12,58,34,401,493,0.2946428571428571,0.3097112860892388,101.0,111.0,29151640.0,13579989.0,24,1.7058823529411764,0.2608695652173913,0.1176470588235294,0.0689655172413793,-0.0202839756592292,2.1466615326418896
2020-05-13,56,37,403,496,0.3,0.306282722513089,101.0,110.0,31767665.0,25923925.0,19,1.5135135135135136,0.2043010752688172,0.1129032258064516,0.0745967741935483,-0.0181451612903225,1.2254187975007642
2020-05-14,58,50,390,498,0.3105726872246696,0.3133159268929504,106.0,114.0,49448922.0,14379114.0,8,1.16,0.074074074074074,0.1164658634538152,0.1004016064257028,-0.0160642570281124,3.438940813738593
2020-05-15,49,66,385,500,0.3202614379084967,0.310880829015544,102.0,113.0,17906430.0,27700721.0,-17,0.7424242424242424,-0.1478260869565217,0.098,0.132,-0.022,0.6464246905342284
2020-05-18,45,45,411,501,0.3181818181818182,0.3153846153846154,101.0,103.0,9049342.0,21013202.0,0,1.0,0.0,0.0898203592814371,0.0898203592814371,-0.0039920159680638,0.4306503121228264
2020-05-19,55,48,400,503,0.3103448275862069,0.3214285714285714,102.0,104.0,15599965.0,24782798.0,7,1.1458333333333333,0.0679611650485436,0.1093439363817097,0.0954274353876739,-0.003976143141153,0.6294674636818651
2020-05-20,59,37,409,505,0.3290322580645161,0.3451776649746192,103.0,104.0,35344552.0,9217682.0,22,1.5945945945945943,0.2291666666666666,0.1168316831683168,0.0732673267326732,-0.0019801980198019,3.834429523604741
2020-05-21,42,54,411,507,0.3126338329764453,0.3409090909090909,101.0,106.0,4135438.0,18059872.0,-12,0.7777777777777778,-0.125,0.0828402366863905,0.1065088757396449,-0.009861932938856,0.228984900889663
2020-05-22,67,80,359,506,0.3113006396588486,0.3241206030150754,103.0,114.0,13562310.0,19460417.0,-13,0.8375,-0.0884353741496598,0.1324110671936759,0.1581027667984189,-0.0217391304347826,0.6969177484737352
2020-05-25,47,49,412,508,0.3016877637130801,0.3358208955223881,102.0,103.0,28824944.0,7990012.0,-2,0.9591836734693876,-0.0208333333333333,0.09251968503937,0.0964566929133858,-0.0019685039370078,3.6076221162120903
2020-05-26,62,51,395,508,0.2955974842767295,0.3358024691358025,100.0,101.0,26064174.0,17639644.0,11,1.2156862745098038,0.0973451327433628,0.1220472440944882,0.1003937007874015,-0.0019685039370078,1.4775907042114909
2020-05-27,47,51,412,510,0.3048016701461378,0.3382716049382716,100.0,106.0,35142033.0,19769468.0,-4,0.9215686274509804,-0.0408163265306122,0.092156862745098,0.1,-0.0117647058823529,1.7775912331075374
2020-05-28,48,54,407,509,0.2985386221294363,0.328395061728395,104.0,106.0,36484295.0,3126259.0,-6,0.8888888888888888,-0.0588235294117647,0.0943025540275049,0.106090373280943,-0.0039292730844793,11.670272680542464
2020-05-29,85,57,370,512,0.3215767634854772,0.3488943488943489,106.0,118.0,45236239.0,1743275.0,28,1.4912280701754386,0.1971830985915492,0.166015625,0.111328125,-0.0234375,25.94899771980898
2020-06-01,78,35,401,514,0.3347022587268994,0.3643031784841076,108.0,108.0,68766596.0,83906575.0,43,2.2285714285714286,0.3805309734513274,0.1517509727626459,0.0680933852140077,0.0,0.8195614705998904
2020-06-02,55,49,412,516,0.3401639344262295,0.3819951338199513,113.0,107.0,10805084.0,128327965.0,6,1.1224489795918366,0.0576923076923076,0.1065891472868217,0.0949612403100775,0.0116279069767441,0.0841989818820862
2020-06-03,53,40,424,517,0.3312883435582822,0.3834951456310679,115.0,108.0,32450165.0,37305073.0,13,1.325,0.1397849462365591,0.1025145067698259,0.0773694390715667,0.0135396518375241,0.8698593084109499
2020-06-04,58,34,427,519,0.3387755102040816,0.3927710843373494,116.0,110.0,107850365.0,6063958.0,24,1.7058823529411764,0.2608695652173913,0.1117533718689788,0.0655105973025048,0.0115606936416184,17.7854736131088
2020-06-05,74,60,388,522,0.3461538461538461,0.4014423076923077,116.0,121.0,145532858.0,7215815.0,14,1.2333333333333334,0.1044776119402985,0.1417624521072797,0.1149425287356321,-0.0095785440613026,20.168596062953387
2020-06-08,91,32,400,523,0.352112676056338,0.3971291866028708,122.0,104.0,131902885.0,3756803.0,59,2.84375,0.4796747967479675,0.1739961759082218,0.0611854684512428,0.034416826003824,35.11040770570083
2020-06-09,73,35,414,522,0.3694779116465863,0.4133016627078384,123.0,103.0,24604930.0,49452553.0,38,2.085714285714286,0.3518518518518518,0.1398467432950191,0.0670498084291187,0.0383141762452107,0.4975462035296742
2020-06-10,69,46,407,522,0.3507014028056112,0.4113475177304964,126.0,108.0,82810080.0,81422209.0,23,1.5,0.2,0.132183908045977,0.0881226053639846,0.0344827586206896,1.0170453616653905
2020-06-11,53,63,408,524,0.354,0.4047058823529412,129.0,109.0,24094300.0,141538348.0,-10,0.8412698412698413,-0.0862068965517241,0.1011450381679389,0.1202290076335877,0.0381679389312977,0.1702316039466562
2020-06-12,83,71,372,526,0.3784860557768924,0.4402810304449648,127.0,124.0,97383826.0,65579315.0,12,1.1690140845070425,0.0779220779220779,0.1577946768060836,0.1349809885931558,0.0057034220532319,1.484977786059522
2020-06-15,50,61,417,528,0.3551587301587302,0.4441860465116279,128.0,106.0,56492029.0,50009072.0,-11,0.819672131147541,-0.0990990990990991,0.0946969696969697,0.115530303030303,0.0416666666666666,1.1296356189133043
2020-06-16,76,37,418,531,0.3537549407114624,0.4444444444444444,129.0,108.0,57699448.0,27538881.0,39,2.054054054054054,0.3451327433628318,0.1431261770244821,0.0696798493408663,0.03954802259887,2.095199438205205
2020-06-17,52,58,424,534,0.3372781065088757,0.4311926605504587,131.0,108.0,88776739.0,15820277.0,-6,0.896551724137931,-0.0545454545454545,0.097378277153558,0.1086142322097378,0.0430711610486891,5.611579304205609
2020-06-18,51,57,427,535,0.3143418467583497,0.4288990825688073,128.0,106.0,13114582.0,46736638.0,-6,0.8947368421052632,-0.0555555555555555,0.0953271028037383,0.1065420560747663,0.0411214953271028,0.2806060204844002
2020-06-19,97,48,392,537,0.3647058823529411,0.4421768707482993,129.0,109.0,111412259.0,9932098.0,49,2.020833333333333,0.3379310344827586,0.180633147113594,0.0893854748603352,0.037243947858473,11.217394250439334
2020-06-22,52,52,432,536,0.3666666666666666,0.4411764705882353,127.0,107.0,52830100.0,17271103.0,0,1.0,0.0,0.0970149253731343,0.0970149253731343,0.0373134328358208,3.0588723835414564
2020-06-23,54,49,434,537,0.3549019607843137,0.4340044742729306,127.0,109.0,75232966.0,28512375.0,5,1.1020408163265305,0.0485436893203883,0.1005586592178771,0.0912476722532588,0.0335195530726257,2.638607481839026
2020-06-24,41,61,436,538,0.333984375,0.4409799554565701,129.0,110.0,27409653.0,68078905.0,-20,0.6721311475409836,-0.196078431372549,0.0762081784386617,0.1133828996282527,0.0353159851301115,0.4026159498305679
2020-06-25,61,48,433,542,0.3346303501945525,0.4481236203090508,127.0,112.0,46491145.0,15054225.0,13,1.2708333333333333,0.1192660550458715,0.1125461254612546,0.088560885608856,0.0276752767527675,3.0882456586107887
2020-06-26,60,89,395,544,0.2965116279069767,0.408296943231441,127.0,116.0,4889804.0,92988561.0,-29,0.6741573033707865,-0.1946308724832214,0.1102941176470588,0.1636029411764706,0.0202205882352941,0.0525850055900961
2020-06-29,39,81,427,547,0.2741312741312741,0.3831168831168831,122.0,111.0,1503286.0,79704326.0,-42,0.4814814814814814,-0.35,0.0712979890310786,0.1480804387568556,0.0201096892138939,0.0188607830395554
2020-06-30,54,66,429,549,0.2813102119460501,0.3814655172413793,123.0,110.0,4107861.0,77500317.0,-12,0.8181818181818182,-0.1,0.0983606557377049,0.1202185792349726,0.02367941712204,0.0530044412592531
2020-07-01,68,43,441,552,0.2835249042145594,0.3956989247311828,123.0,114.0,71416147.0,10600938.0,25,1.5813953488372092,0.2252252252252252,0.1231884057971014,0.0778985507246376,0.0163043478260869,6.736776217349823
2020-07-02,53,52,447,552,0.2619502868068833,0.3725910064239828,125.0,115.0,9379292.0,41188707.0,1,1.0192307692307692,0.0095238095238095,0.0960144927536231,0.0942028985507246,0.0181159420289855,0.2277151356074372
2020-07-03,70,74,410,554,0.2734225621414914,0.3808510638297872,128.0,127.0,13684125.0,16662422.0,-4,0.945945945945946,-0.0277777777777777,0.1263537906137184,0.1335740072202166,0.0018050541516245,0.8212566576455692
2020-07-06,52,37,469,558,0.2791586998087954,0.3873684210526316,130.0,123.0,26449517.0,3852775.0,15,1.4054054054054057,0.1685393258426966,0.0931899641577061,0.0663082437275985,0.0125448028673835,6.865056225707445
2020-07-07,46,54,460,560,0.2647619047619047,0.3736951983298539,131.0,122.0,6843274.0,58872762.0,-8,0.8518518518518519,-0.08,0.0821428571428571,0.0964285714285714,0.0160714285714285,0.1162383718297436
2020-07-08,57,46,461,564,0.2884250474383302,0.3929313929313929,133.0,121.0,9997648.0,14275201.0,11,1.2391304347826086,0.1067961165048543,0.101063829787234,0.0815602836879432,0.0212765957446808,0.7003507691415344
2020-07-09,67,43,456,566,0.275992438563327,0.4045643153526971,134.0,118.0,60777541.0,3249909.0,24,1.558139534883721,0.2181818181818181,0.1183745583038869,0.0759717314487632,0.0282685512367491,18.70130548270736
2020-07-10,64,82,422,568,0.3007518796992481,0.3987603305785124,134.0,124.0,21071128.0,34072209.0,-18,0.7804878048780488,-0.1232876712328767,0.1126760563380281,0.1443661971830986,0.0176056338028169,0.6184256500657178
2020-07-13,49,46,478,573,0.3033707865168539,0.3926380368098159,133.0,120.0,6670411.0,15041161.0,3,1.065217391304348,0.031578947368421,0.0855148342059336,0.0802792321116928,0.0226876090750436,0.4434771358407772
2020-07-14,45,58,472,575,0.314018691588785,0.3803680981595092,137.0,121.0,6908146.0,21612957.0,-13,0.7758620689655172,-0.1262135922330097,0.0782608695652174,0.1008695652173913,0.0278260869565217,0.3196298405627698
2020-07-15,64,54,458,576,0.3109869646182495,0.3897959183673469,138.0,122.0,12531561.0,20585195.0,10,1.1851851851851851,0.0847457627118644,0.1111111111111111,0.09375,0.0277777777777777,0.6087657173031394
2020-07-16,47,47,483,577,0.3141263940520446,0.3897959183673469,138.0,121.0,2631203.0,25097849.0,0,1.0,0.0,0.0814558058925476,0.0814558058925476,0.0294627383015597,0.1048377890870249
2020-07-17,78,62,441,581,0.3283858998144712,0.3866396761133603,140.0,127.0,17258981.0,21966759.0,16,1.2580645161290325,0.1142857142857142,0.1342512908777969,0.1067125645438898,0.0223752151462994,0.7856862726085355
2020-07-20,49,58,480,587,0.3425925925925926,0.3822937625754527,139.0,114.0,17049545.0,39337662.0,-9,0.8448275862068966,-0.0841121495327102,0.0834752981260647,0.0988074957410562,0.0425894378194207,0.4334153107523268
2020-07-21,56,72,461,589,0.3345588235294117,0.3887775551102204,136.0,116.0,6051407.0,23438081.0,-16,0.7777777777777778,-0.125,0.0950764006791171,0.1222410865874363,0.0339558573853989,0.2581869650505943
2020-07-22,63,73,455,591,0.3412844036697248,0.388,139.0,118.0,2984416.0,41283565.0,-10,0.863013698630137,-0.0735294117647058,0.1065989847715736,0.1235194585448392,0.0355329949238578,0.0722906561000727
2020-07-23,59,66,473,598,0.3272394881170018,0.3892215568862275,141.0,113.0,2307695.0,46768424.0,-7,0.8939393939393939,-0.056,0.0986622073578595,0.1103678929765886,0.0468227424749163,0.0493430139959388
2020-07-24,49,107,449,605,0.3132969034608379,0.3757455268389662,141.0,125.0,1348648.0,90452642.0,-58,0.4579439252336448,-0.3717948717948718,0.08099173553719,0.1768595041322314,0.0264462809917355,0.0149099901360537
2020-07-27,27,97,481,605,0.2844202898550724,0.3524752475247524,140.0,129.0,297797.0,57165612.0,-70,0.2783505154639175,-0.5645161290322581,0.0446280991735537,0.1603305785123966,0.0181818181818181,0.0052093730755475
2020-07-28,87,37,488,612,0.3007246376811594,0.3668639053254438,144.0,131.0,58865001.0,5899455.0,50,2.3513513513513518,0.4032258064516129,0.142156862745098,0.0604575163398692,0.0212418300653594,9.978040513911878
2020-07-29,40,84,491,615,0.2906137184115523,0.3530571992110454,143.0,130.0,1276540.0,61423953.0,-44,0.4761904761904761,-0.3548387096774194,0.065040650406504,0.1365853658536585,0.0211382113821138,0.0207824462225672
2020-07-30,66,38,513,617,0.2974910394265233,0.3654223968565815,144.0,129.0,4216895.0,21717202.0,28,1.736842105263158,0.2692307692307692,0.1069692058346839,0.0615883306320907,0.0243111831442463,0.1941730338926718
2020-07-31,66,76,479,621,0.3142857142857143,0.3725490196078431,147.0,137.0,5430499.0,47287413.0,-10,0.868421052631579,-0.0704225352112676,0.1062801932367149,0.1223832528180354,0.0161030595813204,0.1148402641523231
2020-08-03,87,43,493,623,0.3156028368794326,0.388671875,148.0,128.0,43656469.0,954640.0,44,2.0232558139534884,0.3384615384615385,0.1396468699839486,0.0690208667736757,0.0321027287319422,45.73081894745663
2020-08-04,79,35,510,624,0.323321554770318,0.37890625,145.0,127.0,43141158.0,573112.0,44,2.257142857142857,0.3859649122807017,0.1266025641025641,0.0560897435897435,0.0288461538461538,75.27526556763775
2020-08-05,67,54,504,625,0.3227513227513227,0.3898635477582846,144.0,123.0,8757252.0,22744485.0,13,1.2407407407407407,0.1074380165289256,0.1072,0.0864,0.0336,0.3850274912797541
2020-08-06,53,48,527,628,0.3321678321678322,0.3864077669902913,146.0,121.0,5524605.0,27477081.0,5,1.1041666666666667,0.0495049504950495,0.0843949044585987,0.0764331210191082,0.0398089171974522,0.2010622962460969
2020-08-07,88,82,462,632,0.3275261324041811,0.3856589147286822,143.0,127.0,36713296.0,10716191.0,6,1.0731707317073171,0.0352941176470588,0.1392405063291139,0.1297468354430379,0.0253164556962025,3.4259650653856397
2020-08-10,71,49,515,635,0.3344947735191638,0.3817829457364341,142.0,123.0,50409907.0,3179818.0,22,1.4489795918367347,0.1833333333333333,0.1118110236220472,0.0771653543307086,0.0299212598425196,15.853079327181618
2020-08-11,57,52,528,637,0.3408695652173913,0.379110251450677,142.0,126.0,14877244.0,11593333.0,5,1.0961538461538465,0.0458715596330275,0.0894819466248037,0.0816326530612244,0.0251177394034536,1.2832585762869055
2020-08-12,57,62,523,642,0.3402417962003454,0.3692307692307692,141.0,124.0,4106095.0,28553560.0,-5,0.9193548387096774,-0.042016806722689,0.0887850467289719,0.0965732087227414,0.0264797507788162,0.1438032595585279
2020-08-13,74,48,524,646,0.3395904436860068,0.3716475095785441,142.0,123.0,26078624.0,1944965.0,26,1.5416666666666667,0.2131147540983606,0.1145510835913312,0.0743034055727554,0.0294117647058823,13.408274184882504
2020-08-14,88,77,483,648,0.3401360544217687,0.3716475095785441,144.0,121.0,9851389.0,32043284.0,11,1.1428571428571428,0.0666666666666666,0.1358024691358024,0.1188271604938271,0.0354938271604938,0.3074400551454089
2020-08-17,65,56,530,651,0.3322033898305084,0.3850574712643678,141.0,116.0,11848247.0,12054856.0,9,1.1607142857142858,0.0743801652892562,0.0998463901689708,0.086021505376344,0.0384024577572964,0.98286093172743
2020-08-18,68,64,525,657,0.3260869565217391,0.3847619047619047,143.0,119.0,9020608.0,10453715.0,4,1.0625,0.0303030303030303,0.1035007610350076,0.0974124809741248,0.0365296803652968,0.8629093102308605
2020-08-19,77,51,534,662,0.3421487603305785,0.396584440227704,144.0,117.0,20241952.0,6768070.0,26,1.5098039215686274,0.203125,0.1163141993957704,0.0770392749244713,0.0407854984894259,2.9908012180725083
2020-08-20,64,71,532,667,0.3520661157024793,0.387523629489603,146.0,119.0,7922520.0,23572622.0,-7,0.9014084507042254,-0.0518518518518518,0.095952023988006,0.1064467766116941,0.04047976011994,0.3360898927577933
2020-08-21,104,64,500,668,0.3774509803921568,0.4022556390977443,153.0,124.0,31923910.0,2750112.0,40,1.625,0.238095238095238,0.155688622754491,0.0958083832335329,0.0434131736526946,11.608221774240468
2020-08-24,101,52,517,670,0.383739837398374,0.4119850187265917,150.0,117.0,51152952.0,1754727.0,49,1.9423076923076923,0.3202614379084967,0.1507462686567164,0.0776119402985074,0.0492537313432835,29.151515876828704
2020-08-25,75,69,529,673,0.3695299837925446,0.4224299065420561,151.0,116.0,9488240.0,19459964.0,6,1.0869565217391304,0.0416666666666666,0.1114413075780089,0.1025260029717682,0.0520059435364041,0.4875774693108373
2020-08-26,71,75,529,675,0.3623188405797101,0.4245810055865922,151.0,118.0,14579532.0,21166406.0,-4,0.9466666666666668,-0.0273972602739726,0.1051851851851851,0.1111111111111111,0.0488888888888888,0.6888052700113567
2020-08-27,79,67,534,680,0.3515248796147672,0.4200743494423792,151.0,116.0,36628760.0,4359643.0,12,1.1791044776119404,0.0821917808219178,0.1161764705882353,0.0985294117647058,0.0514705882352941,8.401779687006481
2020-08-28,110,81,493,684,0.375,0.4434137291280148,154.0,120.0,32309332.0,13100194.0,29,1.3580246913580247,0.1518324607329843,0.1608187134502924,0.1184210526315789,0.0497076023391812,2.4663246971762405
2020-08-31,71,74,539,684,0.3722044728434505,0.4351851851851852,152.0,115.0,13554446.0,24362011.0,-3,0.9594594594594594,-0.0206896551724137,0.1038011695906432,0.1081871345029239,0.0540935672514619,0.5563763188515103
2020-09-01,83,57,550,690,0.3799682034976153,0.4650735294117647,150.0,114.0,40832182.0,11179537.0,26,1.456140350877193,0.1857142857142857,0.1202898550724637,0.0826086956521739,0.0521739130434782,3.652403672889137
2020-09-03,83,67,543,693,0.3886255924170616,0.4697247706422018,155.0,117.0,20057617.0,21557183.0,16,1.2388059701492538,0.1066666666666666,0.1197691197691197,0.0966810966810966,0.0548340548340548,0.9304377571039778
2020-09-04,82,105,508,695,0.3579277864992151,0.4588665447897623,154.0,121.0,26433141.0,28742936.0,-23,0.780952380952381,-0.1229946524064171,0.1179856115107913,0.1510791366906475,0.0474820143884892,0.9196395594381868
2020-09-07,89,72,539,700,0.3630672926447574,0.4426229508196721,159.0,113.0,13367137.0,36206029.0,17,1.2361111111111112,0.1055900621118012,0.1271428571428571,0.1028571428571428,0.0657142857142857,0.3691964396316425
2020-09-08,99,61,541,701,0.3711180124223602,0.4420289855072464,159.0,114.0,21312339.0,11500593.0,38,1.6229508196721312,0.2375,0.1412268188302425,0.0870185449358059,0.0641940085592011,1.8531513114149851
2020-09-09,84,62,558,704,0.3879443585780525,0.4547101449275362,154.0,114.0,16603706.0,17263860.0,22,1.3548387096774193,0.1506849315068493,0.1193181818181818,0.0880681818181818,0.0568181818181818,0.9617609271622916
2020-09-10,89,59,561,709,0.4067796610169492,0.463898916967509,157.0,112.0,26682881.0,4511905.0,30,1.5084745762711864,0.2027027027027027,0.1255289139633286,0.083215796897038,0.0634696755994358,5.913883603488992
2020-09-11,107,89,518,714,0.3819018404907975,0.460573476702509,161.0,119.0,50839648.0,6977336.0,18,1.202247191011236,0.0918367346938775,0.149859943977591,0.1246498599439775,0.0588235294117647,7.28639813246775
2020-09-14,105,71,539,715,0.3881278538812785,0.4767857142857143,169.0,111.0,18456355.0,24982381.0,34,1.4788732394366195,0.1931818181818181,0.1468531468531468,0.0993006993006993,0.0811188811188811,0.7387748589696074
2020-09-15,85,87,545,717,0.3851963746223565,0.4911347517730496,164.0,113.0,22078899.0,16653356.0,-2,0.9770114942528736,-0.0116279069767441,0.1185495118549511,0.1213389121338912,0.0711297071129707,1.3257927711387425
2020-09-16,78,75,565,718,0.3868065967016492,0.4823321554770318,164.0,115.0,10379234.0,15471095.0,3,1.04,0.0196078431372549,0.1086350974930362,0.1044568245125348,0.0682451253481894,0.6708790812802843
2020-09-17,79,82,560,721,0.4041916167664671,0.4841549295774648,162.0,115.0,41740670.0,26871180.0,-3,0.9634146341463414,-0.0186335403726708,0.1095700416088765,0.1137309292649098,0.0651872399445215,1.5533620034550026
2020-09-18,103,94,528,725,0.4149253731343283,0.4991273996509598,157.0,116.0,27135750.0,21100608.0,9,1.0957446808510638,0.0456852791878172,0.1420689655172413,0.1296551724137931,0.056551724137931,1.286017445563654
2020-09-21,77,105,547,729,0.4071322436849925,0.4904347826086956,151.0,109.0,7607524.0,23315781.0,-28,0.7333333333333333,-0.1538461538461538,0.1056241426611797,0.1440329218106996,0.0576131687242798,0.3262821863012008
2020-09-22,84,83,567,734,0.4029629629629629,0.4982638888888889,154.0,109.0,4107408.0,42538796.0,1,1.0120481927710845,0.0059880239520958,0.1144414168937329,0.1130790190735694,0.0613079019073569,0.0965567525700539
2020-09-23,87,72,577,736,0.3926470588235294,0.5008665511265165,154.0,108.0,39086596.0,6299410.0,15,1.2083333333333333,0.0943396226415094,0.1182065217391304,0.0978260869565217,0.0625,6.204802671996267
2020-09-24,59,94,588,741,0.3625730994152046,0.4836488812392427,152.0,110.0,23336306.0,11538382.0,-35,0.6276595744680851,-0.2287581699346405,0.0796221322537112,0.126855600539811,0.0566801619433198,2.022493795057227
2020-09-25,98,95,551,744,0.3391812865497076,0.4752981260647359,150.0,115.0,17112259.0,27158377.0,3,1.0315789473684212,0.0155440414507772,0.1317204301075268,0.1276881720430107,0.0470430107526881,0.6300913710712537
2020-09-28,82,78,587,747,0.3173913043478261,0.4567062818336163,157.0,113.0,52947687.0,13581294.0,4,1.051282051282051,0.025,0.109772423025435,0.1044176706827309,0.0589022757697456,3.898574539362744
2020-09-29,85,79,583,747,0.3323699421965317,0.4534686971235194,159.0,114.0,30497976.0,34769450.0,6,1.0759493670886076,0.0365853658536585,0.1137884872824631,0.1057563587684069,0.0602409638554216,0.8771486462972523
2020-09-30,78,83,586,747,0.3328530259365994,0.4481605351170568,156.0,119.0,13018092.0,14655145.0,-5,0.9397590361445785,-0.031055900621118,0.1044176706827309,0.1111111111111111,0.0495314591700133,0.8882949981047612
2020-10-01,98,80,577,755,0.3319027181688126,0.4446280991735537,154.0,117.0,8225203.0,25048365.0,18,1.225,0.1011235955056179,0.1298013245033112,0.1059602649006622,0.0490066225165562,0.3283728498846132
2020-10-02,98,107,554,759,0.3128571428571428,0.4198347107438016,158.0,118.0,56545623.0,22335355.0,-9,0.9158878504672896,-0.0439024390243902,0.1291172595520421,0.1409749670619235,0.0527009222661396,2.531664394857391
2020-10-05,117,80,564,761,0.3285917496443812,0.4379084967320261,158.0,114.0,76400030.0,2626270.0,37,1.4625,0.1878172588832487,0.1537450722733245,0.1051248357424441,0.0578186596583442,29.09069897611441
2020-10-06,98,69,597,764,0.3215796897038082,0.4585365853658537,162.0,112.0,107937680.0,3649320.0,29,1.420289855072464,0.1736526946107784,0.1282722513089005,0.0903141361256544,0.0654450261780104,29.577477447853298
2020-10-07,94,86,587,767,0.3347338935574229,0.4457050243111831,162.0,114.0,85534050.0,12794250.0,8,1.0930232558139534,0.0444444444444444,0.1225554106910039,0.1121251629726206,0.0625814863102998,6.685350841198194
2020-10-08,81,97,591,769,0.3104895104895105,0.4428341384863124,158.0,116.0,33843640.0,51724870.0,-16,0.8350515463917526,-0.0898876404494382,0.1053315994798439,0.1261378413524057,0.0546163849154746,0.6543011127915837
2020-10-09,110,100,563,773,0.3319386331938633,0.4558587479935794,164.0,126.0,30611130.0,49895800.0,10,1.1,0.0476190476190476,0.1423027166882277,0.129366106080207,0.0491591203104786,0.6135011363681913
2020-10-12,76,120,578,774,0.3036211699164345,0.4310897435897436,163.0,121.0,37126960.0,29448310.0,-44,0.6333333333333333,-0.2244897959183673,0.0981912144702842,0.1550387596899224,0.0542635658914728,1.2607501075613508
2020-10-13,79,82,613,774,0.3217753120665742,0.4281150159744409,162.0,118.0,45397220.0,15260520.0,-3,0.9634146341463414,-0.0186335403726708,0.1020671834625323,0.1059431524547803,0.0568475452196382,2.9748147507424387
2020-10-14,95,81,598,774,0.3227586206896551,0.4117647058823529,164.0,121.0,8183710.0,41129940.0,14,1.1728395061728396,0.0795454545454545,0.1227390180878553,0.1046511627906976,0.0555555555555555,0.19897208700037
2020-10-15,85,75,615,775,0.3155006858710562,0.4218009478672986,161.0,120.0,29872200.0,24667170.0,10,1.1333333333333333,0.0625,0.1096774193548387,0.0967741935483871,0.0529032258064516,1.2110104239764836
2020-10-16,98,129,552,779,0.3079019073569482,0.3893249607535322,165.0,126.0,15832140.0,30888180.0,-31,0.7596899224806202,-0.1365638766519823,0.1258023106546855,0.165596919127086,0.0500641848523748,0.512563058101837
2020-10-19,93,104,587,784,0.3016304347826087,0.3928012519561815,160.0,127.0,20602530.0,7303270.0,-11,0.8942307692307693,-0.0558375634517766,0.1186224489795918,0.1326530612244898,0.0420918367346938,2.821000729810071
2020-10-20,77,79,634,790,0.3184885290148448,0.3928571428571428,163.0,127.0,26940900.0,9557280.0,-2,0.9746835443037974,-0.0128205128205128,0.0974683544303797,0.1,0.0455696202531645,2.8188878007131737
2020-10-21,97,90,606,793,0.3333333333333333,0.3972179289026275,163.0,128.0,8096090.0,27166960.0,7,1.0777777777777775,0.0374331550802139,0.1223203026481715,0.1134930643127364,0.0441361916771752,0.2980123650198623
2020-10-22,96,73,626,795,0.323962516733601,0.3996913580246913,163.0,127.0,20727240.0,12800530.0,23,1.3150684931506849,0.136094674556213,0.120754716981132,0.0918238993710691,0.0452830188679245,1.6192485779885677
2020-10-23,118,107,573,798,0.3435828877005347,0.4039938556067588,174.0,133.0,78999610.0,16420050.0,11,1.102803738317757,0.0488888888888888,0.1478696741854636,0.1340852130325814,0.0513784461152882,4.811167444678914
2020-10-26,65,113,624,802,0.320855614973262,0.3795731707317073,169.0,131.0,3045240.0,63670730.0,-48,0.5752212389380531,-0.2696629213483146,0.0810473815461346,0.1408977556109725,0.0473815461346633,0.0478279422899658
2020-10-27,73,100,633,806,0.328042328042328,0.3827534039334342,170.0,133.0,3924070.0,47001460.0,-27,0.73,-0.1560693641618497,0.0905707196029776,0.1240694789081885,0.0459057071960297,0.0834882575988065
2020-10-28,68,109,633,810,0.3223684210526316,0.3798798798798798,169.0,135.0,17292020.0,31181110.0,-41,0.6238532110091743,-0.231638418079096,0.0839506172839506,0.1345679012345679,0.0419753086419753,0.5545671722398593
2020-10-29,76,89,647,812,0.3175853018372703,0.3757485029940119,173.0,136.0,21873900.0,9884740.0,-13,0.8539325842696629,-0.0787878787878787,0.0935960591133004,0.1096059113300492,0.0455665024630541,2.2128958374221277
2020-10-30,123,92,599,814,0.3219895287958115,0.373134328358209,178.0,136.0,29854330.0,12132260.0,31,1.3369565217391304,0.1441860465116279,0.1511056511056511,0.113022113022113,0.0515970515970515,2.4607393840883725
2020-11-02,94,74,648,816,0.3155149934810952,0.3670133729569093,175.0,130.0,55723110.0,2081590.0,20,1.2702702702702702,0.119047619047619,0.1151960784313725,0.0906862745098039,0.0551470588235294,26.769493512170985
2020-11-03,88,74,659,821,0.3198959687906372,0.3659259259259259,178.0,130.0,16599670.0,19574240.0,14,1.1891891891891893,0.0864197530864197,0.1071863580998782,0.0901339829476248,0.0584652862362971,0.8480365010340121
2020-11-04,96,71,660,827,0.3298835705045278,0.3676470588235294,182.0,125.0,37150580.0,2797970.0,25,1.352112676056338,0.1497005988023952,0.1160822249093107,0.0858524788391777,0.0689238210399032,13.277690611407555
2020-11-05,75,110,645,830,0.3165374677002584,0.3669590643274854,180.0,130.0,2950210.0,24001740.0,-35,0.6818181818181818,-0.1891891891891892,0.0903614457831325,0.1325301204819277,0.0602409638554216,0.1229165052200382
2020-11-06,106,106,625,837,0.3229974160206718,0.347953216374269,177.0,137.0,40166260.0,11283690.0,0,1.0,0.0,0.1266427718040621,0.1266427718040621,0.04778972520908,3.5596741845974145
2020-11-09,93,74,673,840,0.3165374677002584,0.3521739130434783,178.0,134.0,22040160.0,45364630.0,19,1.2567567567567568,0.1137724550898203,0.1107142857142857,0.0880952380952381,0.0523809523809523,0.4858445886145219
2020-11-10,83,90,670,843,0.3109677419354839,0.3376623376623376,177.0,138.0,11974320.0,59499110.0,-7,0.9222222222222224,-0.0404624277456647,0.0984578884934756,0.1067615658362989,0.0462633451957295,0.2012520859555714
2020-11-11,85,81,680,846,0.306803594351733,0.3496402877697842,179.0,135.0,34767120.0,14207080.0,4,1.0493827160493827,0.0240963855421686,0.1004728132387706,0.0957446808510638,0.0520094562647754,2.44716859481329
2020-11-12,82,88,679,849,0.2908163265306122,0.3428571428571428,180.0,139.0,10423760.0,41706150.0,-6,0.9318181818181818,-0.0352941176470588,0.0965842167255594,0.1036513545347467,0.0482921083627797,0.2499334031072156
2020-11-13,141,97,614,852,0.310126582278481,0.3509272467902996,182.0,144.0,78941600.0,3818020.0,44,1.4536082474226804,0.1848739495798319,0.1654929577464788,0.1138497652582159,0.0446009389671361,20.67605722337756
2020-11-16,99,99,658,856,0.3203026481715006,0.3480113636363636,177.0,134.0,5534770.0,63637590.0,0,1.0,0.0,0.1156542056074766,0.1156542056074766,0.050233644859813,0.0869732810434839
2020-11-17,112,91,659,862,0.3182389937106918,0.3568406205923836,181.0,135.0,21592900.0,5441360.0,21,1.2307692307692308,0.1034482758620689,0.1299303944315545,0.105568445475638,0.0533642691415313,3.968291015481424
2020-11-18,107,106,654,867,0.3070175438596491,0.3543417366946779,186.0,139.0,9741480.0,22367650.0,1,1.009433962264151,0.0046948356807511,0.1234140715109573,0.1222606689734717,0.0542099192618223,0.4355164713324824
2020-11-19,117,104,652,873,0.3167082294264339,0.3482517482517482,189.0,137.0,28943720.0,30231390.0,13,1.125,0.0588235294117647,0.134020618556701,0.1191294387170675,0.0595647193585337,0.9574061927023534
2020-11-20,133,121,626,880,0.3250620347394541,0.3570432357043235,184.0,141.0,33500460.0,45946750.0,12,1.0991735537190082,0.0472440944881889,0.1511363636363636,0.1375,0.0488636363636363,0.7291148993127914
2020-11-23,107,109,669,885,0.3197530864197531,0.3579387186629526,182.0,137.0,20863460.0,21482870.0,-2,0.981651376146789,-0.0092592592592592,0.1209039548022598,0.1231638418079096,0.0508474576271186,0.9711672602403684
2020-11-24,103,106,683,892,0.3300492610837438,0.3592233009708738,182.0,138.0,5297270.0,33152830.0,-3,0.9716981132075472,-0.0143540669856459,0.1154708520179372,0.1188340807174887,0.0493273542600896,0.1597833427794852
2020-11-25,108,110,680,898,0.3304668304668304,0.3613793103448275,182.0,136.0,14294150.0,24031890.0,-2,0.9818181818181818,-0.0091743119266055,0.1202672605790645,0.1224944320712694,0.0512249443207126,0.5947992438380835
2020-11-26,122,90,695,907,0.3247549019607843,0.3593964334705075,181.0,136.0,26585291.0,13955210.0,32,1.3555555555555556,0.1509433962264151,0.1345093715545755,0.0992282249173098,0.0496141124586549,1.9050441376374845
2020-11-27,142,122,651,915,0.3386114494518879,0.3651226158038147,191.0,137.0,20331770.0,19695150.0,20,1.1639344262295082,0.0757575757575757,0.1551912568306011,0.1333333333333333,0.0590163934426229,1.0323236939043368
2020-11-30,128,115,678,921,0.3349455864570738,0.3709239130434782,176.0,133.0,6773060.0,26107890.0,13,1.1130434782608696,0.0534979423868312,0.1389793702497285,0.1248642779587405,0.0466883821932681,0.2594257904411272
2020-12-01,132,108,689,929,0.3421686746987952,0.3738191632928475,188.0,130.0,7602120.0,23848790.0,24,1.2222222222222223,0.1,0.1420882669537136,0.116254036598493,0.0624327233584499,0.3187633418718518
2020-12-02,146,102,689,937,0.3476702508960573,0.3830645161290322,185.0,134.0,28420580.0,5435960.0,44,1.431372549019608,0.1774193548387097,0.1558164354322305,0.1088580576307363,0.0544290288153681,5.228254071038051
2020-12-03,149,110,686,945,0.3595238095238095,0.3949129852744311,187.0,135.0,63163120.0,5164920.0,39,1.3545454545454545,0.1505791505791505,0.1576719576719576,0.1164021164021164,0.055026455026455,12.22925427692975
2020-12-04,164,149,638,951,0.3665480427046263,0.3970588235294117,186.0,142.0,33063370.0,23495960.0,15,1.1006711409395973,0.047923322683706,0.1724500525762355,0.1566771819137749,0.0462670872765509,1.4071938324716249
2020-12-07,157,104,700,961,0.3865248226950354,0.4010695187165775,179.0,132.0,31387710.0,16954381.0,53,1.5096153846153846,0.2030651340996168,0.1633714880332986,0.1082206035379812,0.0489073881373569,1.851303801654569
2020-12-08,151,131,692,974,0.3745583038869258,0.4034391534391534,182.0,134.0,51441430.0,9926040.0,20,1.1526717557251909,0.0709219858156028,0.1550308008213552,0.1344969199178644,0.0492813141683778,5.182472567106318
2020-12-09,164,117,711,992,0.4002347417840375,0.4157894736842105,180.0,126.0,18245650.0,17514360.0,47,1.4017094017094016,0.1672597864768683,0.1653225806451612,0.1179435483870967,0.0544354838709677,1.041753738075499
2020-12-10,139,162,705,1006,0.3913551401869158,0.400262467191601,182.0,127.0,9511620.0,70657690.0,-23,0.8580246913580247,-0.0764119601328903,0.1381709741550695,0.1610337972166998,0.0546719681908548,0.1346154962043055
2020-12-11,197,158,678,1033,0.3863109048723898,0.4096858638743455,188.0,137.0,59475566.0,32567338.0,39,1.2468354430379749,0.1098591549295774,0.1907066795740561,0.1529525653436592,0.0493707647628267,1.8262335718074347
2020-12-14,219,128,713,1060,0.3979238754325259,0.4198174706649283,189.0,130.0,81478348.0,6543506.0,91,1.7109375,0.2622478386167147,0.2066037735849056,0.120754716981132,0.0556603773584905,12.451787772487716
2020-12-15,172,179,727,1078,0.4054982817869416,0.4278283485045513,193.0,130.0,70380158.0,39474161.0,-7,0.9608938547486032,-0.0199430199430199,0.1595547309833024,0.1660482374768089,0.0584415584415584,1.782942467098921
2020-12-16,244,142,702,1088,0.421590909090909,0.4333764553686934,196.0,128.0,85348580.0,10907955.0,102,1.7183098591549295,0.2642487046632124,0.2242647058823529,0.1305147058823529,0.0625,7.82443455258112
2020-12-17,183,203,713,1099,0.4242081447963801,0.4315245478036176,190.0,129.0,72413777.0,39096268.0,-20,0.9014778325123152,-0.0518134715025906,0.1665150136487716,0.1847133757961783,0.0555050045495905,1.8521915442159336
2020-12-18,263,175,672,1110,0.4309764309764309,0.4599483204134367,201.0,136.0,65565883.0,38156874.0,88,1.502857142857143,0.2009132420091324,0.2369369369369369,0.1576576576576576,0.0585585585585585,1.7183242788704336
2020-12-21,238,175,729,1142,0.4292084726867335,0.4547803617571059,200.0,134.0,129691022.0,15110935.0,63,1.36,0.1525423728813559,0.2084063047285464,0.1532399299474606,0.0577933450087565,8.582594128027154
2020-12-22,467,268,804,1539,0.4547461368653421,0.4709677419354838,211.0,133.0,634157717.0,152795577.0,199,1.742537313432836,0.2707482993197279,0.3034437946718648,0.1741390513320337,0.0506822612085769,4.150366976918448
2020-12-23,406,359,774,1539,0.4420131291028446,0.4826700898587933,216.0,133.0,443688415.0,386699066.0,47,1.1309192200557103,0.061437908496732,0.2638076673164392,0.2332683560753736,0.0539311241065627,1.1473738987515425
2020-12-24,244,517,780,1541,0.4380434782608696,0.4706632653061224,203.0,134.0,152216185.0,654525865.0,-273,0.471953578336557,-0.3587385019710907,0.1583387410772226,0.3354964308890331,0.044776119402985,0.2325594650105997
2020-12-25,594,223,727,1544,0.4639397201291712,0.4772151898734177,215.0,144.0,624692497.0,72384119.0,371,2.663677130044843,0.4541003671970624,0.3847150259067357,0.1444300518134715,0.0459844559585492,8.630242456912406
2020-12-28,422,328,794,1544,0.4685165421558164,0.4955863808322824,224.0,135.0,518699862.0,197354724.0,94,1.2865853658536586,0.1253333333333333,0.2733160621761658,0.2124352331606217,0.0576424870466321,2.62826169795662
2020-12-29,425,318,802,1545,0.4719576719576719,0.5018867924528302,222.0,135.0,431772622.0,253285443.0,107,1.3364779874213837,0.1440107671601615,0.2750809061488673,0.2058252427184466,0.0563106796116504,1.7046878686983995
2020-12-30,390,375,780,1545,0.4658254468980021,0.5075187969924813,217.0,134.0,335247017.0,354678942.0,15,1.04,0.0196078431372549,0.2524271844660194,0.2427184466019417,0.0537216828478964,0.9452126340221236
2020-12-31,478,256,811,1545,0.4921956295525494,0.5236907730673317,207.0,137.0,430730852.0,126819411.0,222,1.8671875,0.3024523160762943,0.3093851132686084,0.1656957928802589,0.0453074433656957,3.3964110746421934
2021-01-04,542,229,776,1547,0.4928131416837782,0.5248138957816377,214.0,136.0,707751930.0,64593094.0,313,2.366812227074236,0.4059662775616083,0.350355526826115,0.1480284421460892,0.0504201680672268,10.957083585437168
2021-01-05,419,334,794,1547,0.5030241935483871,0.5259259259259259,214.0,134.0,554159143.0,241643234.0,85,1.2544910179640718,0.1128818061088977,0.2708468002585649,0.21590174531351,0.0517129928894634,2.293294680040576
2021-01-06,418,360,769,1547,0.5009940357852882,0.520935960591133,216.0,135.0,459883951.0,340282056.0,58,1.1611111111111112,0.0745501285347043,0.2702003878474466,0.2327084680025856,0.0523594053005817,1.3514787009515423
2021-01-07,525,366,657,1548,0.4912790697674418,0.5110565110565111,171.0,161.0,715074962.0,101538869.0,159,1.4344262295081966,0.1784511784511784,0.3391472868217054,0.2364341085271318,0.0064599483204134,7.0423766685839295
2021-01-08,587,332,632,1551,0.5920679886685553,0.5870098039215687,232.0,135.0,646750825.0,275993667.0,255,1.7680722891566265,0.2774755168661588,0.3784655061250806,0.2140554480980012,0.0625402965828497,2.3433538603623103
2021-01-11,487,277,788,1552,0.595724907063197,0.5895249695493301,227.0,129.0,606324426.0,270512659.0,210,1.7581227436823104,0.2748691099476439,0.3137886597938144,0.1784793814432989,0.0631443298969072,2.2413902116129805
2021-01-12,475,318,759,1552,0.6123388581952118,0.5985489721886336,222.0,128.0,491085463.0,288542042.0,157,1.4937106918238994,0.1979823455233291,0.3060567010309278,0.2048969072164948,0.0605670103092783,1.7019546253852325
2021-01-13,368,432,750,1550,0.6122262773722628,0.6024096385542169,238.0,122.0,373916399.0,551252981.0,-64,0.8518518518518519,-0.08,0.2374193548387096,0.2787096774193548,0.0748387096774193,0.6783027246795061
2021-01-14,413,360,777,1550,0.6007226738934056,0.6033452807646356,233.0,124.0,596340764.0,188963288.0,53,1.147222222222222,0.0685640362225097,0.2664516129032258,0.232258064516129,0.0703225806451613,3.155855141555327
2021-01-15,565,303,683,1551,0.6057945566286216,0.594047619047619,236.0,127.0,768659133.0,155491367.0,262,1.8646864686468647,0.3018433179723502,0.36428110896196,0.195357833655706,0.0702772404900064,4.943419997072892
2021-01-18,495,368,688,1551,0.6764132553606238,0.6061684460260973,245.0,120.0,488042805.0,377494843.0,127,1.3451086956521738,0.1471610660486674,0.3191489361702128,0.2372662798194713,0.0805931656995486,1.292846283995461
2021-01-19,157,693,701,1551,0.5503573749187785,0.5851063829787234,244.0,119.0,81601793.0,1129090697.0,-536,0.2265512265512265,-0.6305882352941177,0.1012250161186331,0.4468085106382978,0.0805931656995486,0.0722721329799425
2021-01-20,378,393,780,1551,0.5502920181700195,0.5877502944640753,233.0,118.0,400856710.0,503726117.0,-15,0.9618320610687024,-0.0194552529182879,0.2437137330754352,0.253384912959381,0.0741457124435847,0.7957830584353044
2021-01-21,658,182,713,1553,0.5935275080906149,0.6028202115158637,240.0,117.0,759147702.0,41262657.0,476,3.615384615384616,0.5666666666666667,0.4236960721184803,0.1171925305859626,0.0792015453960077,18.39793549891855
2021-01-22,425,531,597,1553,0.541747572815534,0.5590643274853802,202.0,150.0,513195556.0,381379295.0,-106,0.800376647834275,-0.1108786610878661,0.2736638763683194,0.3419188667095943,0.0334835801674179,1.3456303546840422
2021-01-25,464,391,698,1553,0.574385510996119,0.5993031358885017,238.0,123.0,417365970.0,387145000.0,73,1.186700767263427,0.0853801169590643,0.2987765614938828,0.2517707662588538,0.0740502253702511,1.0780611140528742
2021-01-26,208,611,735,1554,0.4780077619663648,0.5912240184757506,228.0,119.0,248291116.0,703434692.0,-403,0.3404255319148936,-0.492063492063492,0.1338481338481338,0.3931788931788931,0.0701415701415701,0.3529696769632738
2021-01-27,164,656,735,1555,0.4065934065934066,0.5676605504587156,217.0,123.0,130568022.0,753021086.0,-492,0.25,-0.6,0.1054662379421221,0.4218649517684887,0.0604501607717041,0.1733922521261243
2021-01-28,101,806,648,1555,0.3014848289218851,0.49032992036405,208.0,137.0,4801505.0,828881789.0,-705,0.1253101736972704,-0.7772877618522602,0.0649517684887459,0.5183279742765273,0.0456591639871382,0.0057927500202323
2021-01-29,623,242,691,1556,0.3111684958037443,0.5163841807909605,198.0,136.0,571919530.0,315995026.0,381,2.574380165289256,0.4404624277456647,0.4003856041131105,0.1555269922879177,0.0398457583547557,1.809900419128749
2021-02-01,210,568,777,1555,0.2868217054263566,0.5028058361391695,196.0,128.0,69321453.0,616461860.0,-358,0.3697183098591549,-0.4601542416452442,0.135048231511254,0.3652733118971061,0.0437299035369774,0.1124505139701586
2021-02-02,485,262,808,1555,0.2976113621691413,0.5105908584169454,197.0,124.0,488749832.0,145448041.0,223,1.8511450381679388,0.2985274431057563,0.3118971061093247,0.1684887459807074,0.0469453376205787,3.3603053615551963
2021-02-03,665,120,771,1556,0.3301096067053514,0.5231788079470199,202.0,124.0,653443205.0,98509131.0,545,5.541666666666667,0.6942675159235668,0.4273778920308483,0.0771208226221079,0.0501285347043701,6.633326254801699
2021-02-04,378,343,835,1556,0.3202319587628865,0.5251641137855579,199.0,121.0,280859415.0,206126808.0,35,1.1020408163265305,0.0485436893203883,0.2429305912596401,0.2204370179948586,0.0501285347043701,1.3625564657266704
2021-02-05,501,255,800,1556,0.3479381443298969,0.5293478260869565,198.0,128.0,483355185.0,68501766.0,246,1.964705882352941,0.3253968253968254,0.3219794344473007,0.1638817480719794,0.0449871465295629,7.056098159571536
2021-02-08,196,545,815,1556,0.3182989690721649,0.5237068965517241,195.0,123.0,76708196.0,662104234.0,-349,0.3596330275229358,-0.4709851551956815,0.1259640102827763,0.3502570694087403,0.0462724935732647,0.1158551660915673
2021-02-09,591,138,827,1556,0.3595360824742268,0.5192307692307693,194.0,125.0,490029156.0,50500477.0,453,4.282608695652174,0.6213991769547325,0.3798200514138817,0.0886889460154241,0.044344473007712,9.70345598913848
2021-02-17,675,217,664,1556,0.4198325820991629,0.5052966101694916,157.0,146.0,601953249.0,6303315.0,458,3.110599078341014,0.5134529147982063,0.4338046272493573,0.1394601542416452,0.0070694087403598,95.49788468448745
2021-02-18,527,324,705,1556,0.4880875724404379,0.5694736842105264,203.0,123.0,458135046.0,237614246.0,203,1.626543209876543,0.2385428907168037,0.3386889460154241,0.2082262210796915,0.0514138817480719,1.9280622004456756
2021-02-19,404,393,758,1555,0.5167525773195877,0.5635416666666667,210.0,127.0,346872984.0,291159907.0,11,1.0279898218829515,0.013801756587202,0.2598070739549839,0.2527331189710611,0.0533762057877813,1.1913487250839108
2021-02-22,383,357,816,1556,0.5421764327108821,0.5616016427104723,202.0,127.0,304280321.0,300453472.0,26,1.072829131652661,0.0351351351351351,0.2461439588688946,0.2294344473007712,0.0482005141388174,1.0127369105589834
2021-02-23,433,306,816,1555,0.5670103092783505,0.5691220988900101,202.0,122.0,420467987.0,255425365.0,127,1.4150326797385622,0.1718538565629228,0.2784565916398714,0.1967845659163987,0.0514469453376205,1.6461481301984242
2021-02-24,272,507,776,1555,0.5341494845360825,0.5438247011952191,204.0,125.0,177019204.0,548426871.0,-235,0.5364891518737672,-0.3016688061617458,0.1749196141479099,0.3260450160771704,0.0508038585209003,0.322776314145993
2021-02-25,412,323,819,1554,0.5570599613152805,0.5524271844660195,209.0,129.0,334082858.0,214038675.0,89,1.2755417956656347,0.1210884353741496,0.2651222651222651,0.2078507078507078,0.0514800514800514,1.5608527664451295
2021-02-26,408,397,749,1554,0.5721649484536082,0.5554502369668246,219.0,128.0,360800547.0,239825817.0,11,1.0277078085642315,0.0136645962732919,0.2625482625482625,0.2554697554697555,0.0585585585585585,1.504427469541363
2021-03-01,568,225,761,1554,0.6095360824742269,0.5615671641791045,215.0,121.0,692108934.0,29705827.0,343,2.5244444444444443,0.4325346784363177,0.3655083655083655,0.1447876447876447,0.0604890604890604,23.29876000422409
2021-03-02,395,341,818,1554,0.6224226804123711,0.5670675300647549,212.0,122.0,322655518.0,263164673.0,54,1.1583577712609971,0.0733695652173913,0.2541827541827541,0.2194337194337194,0.0579150579150579,1.2260593882979118
2021-03-03,524,284,748,1556,0.6456591639871383,0.5727355901189387,224.0,125.0,514951456.0,162155184.0,240,1.8450704225352117,0.297029702970297,0.3367609254498714,0.1825192802056555,0.063624678663239,3.175670634125394
2021-03-04,305,481,770,1556,0.6237942122186495,0.572463768115942,212.0,124.0,278854632.0,571880495.0,-176,0.6340956340956341,-0.2239185750636132,0.1960154241645244,0.3091259640102827,0.0565552699228791,0.4876099717301951
2021-03-05,557,301,698,1556,0.6327974276527332,0.5862676056338029,224.0,127.0,529575082.0,195303711.0,256,1.850498338870432,0.2983682983682983,0.3579691516709511,0.1934447300771208,0.0623393316195372,2.7115464385620403
2021-03-08,565,250,741,1556,0.6529562982005142,0.663854639844257,230.0,122.0,616184932.0,148760506.0,315,2.26,0.3865030674846625,0.3631105398457583,0.1606683804627249,0.0694087403598971,4.142127158400497
2021-03-09,371,414,771,1556,0.6413881748071979,0.6690460739779364,221.0,122.0,378512736.0,383603514.0,-43,0.8961352657004831,-0.0547770700636942,0.2384318766066838,0.2660668380462725,0.063624678663239,0.9867290631753702
2021-03-10,467,322,768,1557,0.6602440590879898,0.6709844559585493,221.0,117.0,506471885.0,185688863.0,145,1.450310559006211,0.1837769328263624,0.2999357739242132,0.2068079640333975,0.0667951188182402,2.727529679580191
2021-03-11,465,357,735,1557,0.6589595375722543,0.6765847347994826,216.0,118.0,572069508.0,172344133.0,108,1.3025210084033614,0.1313868613138686,0.2986512524084778,0.2292870905587668,0.062941554271034,3.3193442564128364
2021-03-12,419,439,699,1557,0.6589595375722543,0.6739974126778784,229.0,123.0,397469923.0,334692550.0,-20,0.9544419134396356,-0.0233100233100233,0.2691072575465639,0.2819524727039177,0.0680796403339756,1.1875672852592625
2021-03-15,452,337,768,1557,0.6679511881824021,0.6839043309631545,217.0,117.0,520447632.0,247458356.0,115,1.3412462908011868,0.1457541191381495,0.2903018625561978,0.2164418754014129,0.0642260757867694,2.1031725919976614
2021-03-16,374,426,757,1557,0.6486833654463712,0.6819650937297996,231.0,116.0,348750786.0,406213141.0,-52,0.8779342723004695,-0.065,0.2402055234425176,0.2736030828516377,0.0738599871547848,0.8585413685570551
2021-03-17,489,336,733,1558,0.6287732819524727,0.6936005171299289,239.0,120.0,473657542.0,321630947.0,153,1.4553571428571428,0.1854545454545454,0.3138639281129653,0.2156611039794608,0.076379974326059,1.4726740272291023
2021-03-18,389,383,786,1558,0.6242774566473989,0.6952872821174951,241.0,121.0,448054437.0,231221319.0,6,1.0156657963446476,0.0077720207253886,0.2496790757381258,0.2458279845956354,0.0770218228498074,1.9377730346741944
2021-03-19,420,441,697,1558,0.6255619781631342,0.6965784377017431,241.0,121.0,403987674.0,324450291.0,-21,0.9523809523809524,-0.024390243902439,0.269576379974326,0.2830551989730424,0.0770218228498074,1.2451450505865012
2021-03-22,414,402,742,1558,0.619781631342325,0.6998063266623629,244.0,124.0,419468537.0,310818442.0,12,1.0298507462686568,0.0147058823529411,0.2657252888318356,0.2580231065468549,0.0770218228498074,1.349561288258436
2021-03-23,317,504,737,1558,0.573538856775851,0.6793548387096774,292.0,123.0,284165602.0,541317748.0,-187,0.628968253968254,-0.2277710109622411,0.2034659820282413,0.3234916559691912,0.1084724005134788,0.5249515705884449
2021-03-24,244,602,710,1556,0.5048231511254019,0.6432258064516129,268.0,126.0,159891082.0,687988924.0,-358,0.4053156146179402,-0.4231678486997636,0.1568123393316195,0.3868894601542416,0.0912596401028277,0.232403569915611
2021-03-25,352,455,751,1558,0.4790996784565916,0.6299161831076725,249.0,127.0,293309338.0,410111549.0,-103,0.7736263736263737,-0.127633209417596,0.2259306803594351,0.2920410783055199,0.0783055198973042,0.7151940459009117
2021-03-26,337,533,688,1558,0.4398713826366559,0.6221792392005158,253.0,132.0,455025166.0,406920938.0,-196,0.6322701688555347,-0.225287356321839,0.2163029525032092,0.3421052631578947,0.0776636713735558,1.1182151703385683
2021-03-29,612,238,708,1558,0.4887459807073955,0.6531270148291425,260.0,125.0,715626346.0,65425515.0,374,2.571428571428572,0.44,0.392811296534018,0.1527599486521181,0.0866495507060333,10.938031530970754
2021-03-30,451,338,768,1557,0.4974259974259974,0.66,286.0,124.0,726689130.0,132083609.0,113,1.334319526627219,0.1432192648922687,0.2896596017983301,0.2170841361592806,0.1040462427745664,5.50173587397964
2021-03-31,404,401,751,1556,0.4900193174500966,0.6696774193548387,278.0,125.0,662238276.0,238333778.0,3,1.0074812967581048,0.0037267080745341,0.2596401028277635,0.2577120822622108,0.0983290488431876,2.7786169529020768
2021-04-01,545,266,747,1558,0.5151125401929261,0.6900773195876289,262.0,124.0,702372928.0,143511694.0,279,2.048872180451128,0.344019728729963,0.3498074454428755,0.1707317073170731,0.0885750962772785,4.894186030582288
2021-04-02,493,376,689,1558,0.5183279742765273,0.6862113402061856,298.0,125.0,588652085.0,167450602.0,117,1.3111702127659577,0.1346375143843498,0.3164313222079589,0.2413350449293966,0.1110397946084724,3.515377538027603
2021-04-05,429,395,735,1559,0.5154241645244216,0.6889890534449453,303.0,119.0,561321820.0,219274713.0,34,1.0860759493670886,0.0412621359223301,0.2751763951250802,0.2533675432969852,0.1180243745991019,2.559902199028303
2021-04-06,405,438,717,1560,0.5163776493256262,0.685971685971686,318.0,115.0,493180307.0,346118249.0,-33,0.9246575342465754,-0.0391459074733096,0.2596153846153846,0.2807692307692307,0.1301282051282051,1.4248896393787085
2021-04-07,553,316,691,1560,0.5439948619139371,0.6924066924066924,338.0,114.0,608956674.0,213213328.0,237,1.75,0.2727272727272727,0.3544871794871795,0.2025641025641025,0.1435897435897435,2.856091031982766
2021-04-08,407,397,756,1560,0.5433526011560693,0.6981981981981982,327.0,114.0,431098607.0,359356568.0,10,1.0251889168765742,0.0124378109452736,0.2608974358974359,0.2544871794871794,0.1365384615384615,1.19964026092324
2021-04-09,499,399,661,1559,0.5691318327974276,0.708950418544752,314.0,116.0,546075011.0,249056371.0,100,1.25062656641604,0.111358574610245,0.3200769724182168,0.2559332905708787,0.1270044900577293,2.192575957031029
2021-04-12,534,338,688,1560,0.5803341902313625,0.71216999356085,364.0,111.0,917246736.0,187467922.0,196,1.5798816568047338,0.2247706422018348,0.3423076923076923,0.2166666666666666,0.1621794871794872,4.892819668636429
2021-04-13,265,616,678,1559,0.5263835263835264,0.6860090264345583,370.0,111.0,441326049.0,796239036.0,-351,0.4301948051948052,-0.398410896708286,0.1699807568954458,0.3951250801796023,0.1661321359846055,0.5542632664897379
2021-04-14,487,336,737,1560,0.5389067524115756,0.6915647134578236,291.0,110.0,781069944.0,189805567.0,151,1.449404761904762,0.1834750911300121,0.3121794871794872,0.2153846153846154,0.116025641025641,4.115105559575079
2021-04-15,289,593,678,1560,0.4919614147909968,0.6522858982614295,291.0,107.0,377517665.0,569008282.0,-304,0.4873524451939292,-0.3446712018140589,0.1852564102564102,0.3801282051282051,0.1179487179487179,0.6634660284259272
2021-04-16,266,684,613,1563,0.4300385109114249,0.6111825192802056,275.0,119.0,422896041.0,830107176.0,-418,0.3888888888888889,-0.44,0.1701855406269993,0.437619961612284,0.0998080614203454,0.5094475186177646
2021-04-19,453,378,731,1562,0.4399486191393706,0.6182519280205655,264.0,112.0,503252456.0,424910876.0,75,1.1984126984126984,0.0902527075812274,0.2900128040973111,0.2419974391805377,0.0973111395646607,1.1843717928274446
2021-04-20,331,500,731,1562,0.4188582424631173,0.6008997429305912,257.0,107.0,341378225.0,551509619.0,-169,0.662,-0.2033694344163658,0.2119078104993598,0.3201024327784891,0.0960307298335467,0.6189887052541145
2021-04-22,176,706,680,1562,0.3380372033354714,0.5289203084832905,231.0,113.0,87265282.0,829931259.0,-530,0.2492917847025495,-0.6009070294784581,0.1126760563380281,0.4519846350832266,0.0755441741357234,0.1051476023510038
2021-04-23,571,315,675,1561,0.3440308087291399,0.5395498392282958,218.0,122.0,730369272.0,142456871.0,256,1.8126984126984127,0.2889390519187358,0.3657911595131326,0.2017937219730941,0.0614990390775144,5.126950120924669
2021-04-26,231,625,705,1561,0.2978177150192554,0.4971061093247588,217.0,113.0,221285235.0,604236665.0,-394,0.3696,-0.4602803738317757,0.147982062780269,0.4003843689942344,0.0666239590006406,0.3662227862322787
2021-04-27,349,435,778,1562,0.2926829268292683,0.4836012861736334,209.0,117.0,299827880.0,315008345.0,-86,0.8022988505747126,-0.1096938775510204,0.2234314980793854,0.2784891165172855,0.058898847631242,0.9518093242894884
2021-04-28,524,273,767,1564,0.3078896728672226,0.4987146529562982,223.0,119.0,484176582.0,147170790.0,251,1.9194139194139197,0.3149309912170639,0.3350383631713555,0.1745524296675192,0.0664961636828644,3.289895922961343
2021-04-29,396,377,789,1562,0.3044315992292871,0.4742599742599742,223.0,112.0,440215863.0,197782381.0,19,1.0503978779840848,0.0245795601552393,0.2535211267605634,0.2413572343149808,0.0710627400768245,2.225758739348982
2021-05-04,264,591,706,1561,0.2879177377892031,0.4404378622021893,213.0,128.0,363171761.0,440933733.0,-327,0.4467005076142132,-0.3824561403508772,0.1691223574631646,0.3786034593209481,0.0544522741832158,0.8236424973182989
2021-05-05,576,269,716,1561,0.2969151670951157,0.4546039922730199,240.0,120.0,676926483.0,108944969.0,307,2.141263940520446,0.3633136094674556,0.3689942344650865,0.1723254324151185,0.076873798846893,6.213471711575777
2021-05-06,318,500,744,1562,0.2973667308927424,0.4459459459459459,230.0,109.0,362684764.0,423473099.0,-182,0.636,-0.2224938875305623,0.203585147247119,0.3201024327784891,0.0774647887323943,0.856452900683545
2021-05-07,278,615,670,1563,0.2747111681643132,0.4128617363344051,231.0,126.0,312234144.0,547311448.0,-337,0.4520325203252032,-0.3773796192609182,0.1778630838131797,0.3934740882917466,0.0671785028790787,0.5704871424505632
2021-05-10,352,455,757,1564,0.2847979474021809,0.4012861736334405,235.0,129.0,573103010.0,261322861.0,-103,0.7736263736263737,-0.127633209417596,0.2250639386189258,0.2909207161125319,0.067774936061381,2.193084094544641
2021-05-11,478,354,732,1564,0.2916666666666667,0.4109324758842443,246.0,114.0,451083504.0,333060357.0,124,1.3502824858757063,0.1490384615384615,0.3056265984654731,0.2263427109974424,0.0843989769820971,1.354359636382663
2021-05-12,511,283,769,1563,0.3224358974358974,0.4137709137709138,224.0,115.0,669334360.0,70836164.0,228,1.8056537102473496,0.2871536523929471,0.326935380678183,0.1810620601407549,0.0697376839411388,9.449048652606317
2021-05-13,331,494,739,1564,0.3311979500320307,0.4128617363344051,243.0,111.0,332975134.0,464414077.0,-163,0.6700404858299596,-0.1975757575757575,0.2116368286445012,0.3158567774936061,0.0843989769820971,0.7169789859750526
2021-05-14,408,461,696,1565,0.3482714468629961,0.416452442159383,233.0,107.0,548016871.0,291419176.0,-53,0.8850325379609545,-0.0609896432681242,0.260702875399361,0.2945686900958466,0.0805111821086261,1.8805106737382309
2021-05-17,278,542,745,1565,0.3213828425096031,0.3913881748071979,227.0,115.0,345913352.0,465209900.0,-264,0.5129151291512916,-0.3219512195121951,0.1776357827476038,0.3463258785942492,0.0715654952076677,0.743564038512508
2021-05-18,329,473,765,1567,0.3316261203585147,0.384318766066838,212.0,120.0,390736147.0,405643084.0,-144,0.6955602536997886,-0.1795511221945137,0.209955328653478,0.3018506700701978,0.0587109125717932,0.9632511003195114
2021-05-19,330,483,754,1567,0.3284250960307298,0.3701799485861182,227.0,123.0,494814520.0,256910308.0,-153,0.6832298136645962,-0.1881918819188192,0.2105934907466496,0.3082322910019144,0.0663688576898532,1.9260205005086837
2021-05-20,317,499,752,1568,0.3344010249839846,0.3697749196141479,230.0,129.0,454699160.0,380662022.0,-182,0.6352705410821643,-0.2230392156862745,0.2021683673469387,0.3182397959183674,0.0644132653061224,1.19449573038836
2021-05-21,563,344,661,1568,0.3670723894939141,0.3839228295819936,234.0,132.0,598451147.0,215010426.0,219,1.6366279069767442,0.2414553472987872,0.3590561224489796,0.2193877551020408,0.0650510204081632,2.7833587334969514
2021-05-24,524,282,763,1569,0.4080717488789238,0.4006430868167203,216.0,115.0,583018354.0,180851296.0,242,1.8581560283687943,0.3002481389578164,0.3339706819630337,0.1797323135755258,0.064372211599745,3.2237444071177683
2021-05-25,420,401,747,1568,0.4234465086483023,0.4066924066924067,222.0,118.0,481244836.0,237459590.0,19,1.0473815461346634,0.0231425091352009,0.2678571428571428,0.2557397959183674,0.0663265306122449,2.02663887358687
2021-05-26,326,461,782,1569,0.4120281509916826,0.3948553054662379,219.0,117.0,500084429.0,332113089.0,-135,0.7071583514099783,-0.1715374841168996,0.2077756532823454,0.2938177182919056,0.0650095602294455,1.505765492428394
2021-05-27,253,539,777,1569,0.3813179782469609,0.3766066838046272,221.0,120.0,300935633.0,539468816.0,-286,0.4693877551020408,-0.3611111111111111,0.1612492033142128,0.3435309114085405,0.064372211599745,0.5578369389937082
2021-05-28,559,336,673,1568,0.4071702944942381,0.3954983922829582,221.0,122.0,879764986.0,93682034.0,223,1.6636904761904765,0.2491620111731843,0.3565051020408163,0.2142857142857142,0.0631377551020408,9.39096802701786
2021-05-31,370,454,745,1569,0.4030710172744721,0.3933161953727506,231.0,121.0,732457293.0,228224318.0,-84,0.8149779735682819,-0.1019417475728155,0.235818992989165,0.2893562778840025,0.070108349267049,3.2093744409831038
2021-06-01,405,387,777,1569,0.4101087651951375,0.397172236503856,227.0,111.0,553013379.0,313410036.0,18,1.0465116279069768,0.0227272727272727,0.2581261950286806,0.2466539196940726,0.0739324410452517,1.7645043727955156
2021-06-02,499,307,764,1570,0.4565217391304347,0.4226075786769428,194.0,113.0,667860576.0,343271954.0,192,1.6254071661237786,0.238213399503722,0.3178343949044586,0.1955414012738853,0.051592356687898,1.945572797945503
2021-06-03,618,229,722,1569,0.530690537084399,0.4543701799485861,223.0,101.0,1047339020.0,83701427.0,389,2.6986899563318776,0.4592680047225502,0.3938814531548757,0.1459528362014021,0.0777565328234544,12.512797661143818
2021-06-04,492,424,653,1569,0.5549872122762148,0.4685494223363286,237.0,98.0,738099981.0,476958842.0,68,1.160377358490566,0.074235807860262,0.3135755258126195,0.2702358189929891,0.088591459528362,1.547512942427011
2021-06-07,380,476,713,1569,0.5396419437340153,0.4756097560975609,218.0,101.0,385314560.0,755111189.0,-96,0.7983193277310925,-0.1121495327102803,0.2421924792861695,0.3033779477374124,0.0745697896749522,0.5102752622567748
2021-06-08,263,591,715,1569,0.4859335038363171,0.4441591784338896,207.0,98.0,170500724.0,984973328.0,-328,0.4450084602368866,-0.3840749414519906,0.1676226896112173,0.3766730401529636,0.0694710006373486,0.1731018690081728
2021-06-09,444,334,792,1570,0.5054313099041533,0.4425914047466324,184.0,101.0,726322040.0,212397331.0,110,1.3293413173652695,0.1413881748071979,0.2828025477707006,0.2127388535031847,0.0528662420382165,3.419638262780242
2021-06-10,352,498,720,1570,0.4907348242811502,0.431686978832585,188.0,100.0,305563127.0,465389106.0,-146,0.7068273092369478,-0.1717647058823529,0.2242038216560509,0.3171974522292993,0.0560509554140127,0.6565755903190394
2021-06-11,603,298,670,1571,0.5318877551020408,0.4544871794871795,206.0,103.0,804214222.0,105901577.0,305,2.023489932885906,0.3385127635960044,0.3838319541693189,0.18968809675366,0.0655633354551241,7.593977774287535
2021-06-14,457,354,760,1571,0.5430759412890874,0.4708146247594612,222.0,102.0,574405565.0,353543268.0,103,1.2909604519774012,0.127003699136868,0.290897517504774,0.2253341820496499,0.0763844684914067,1.6247107977742627
2021-06-15,385,404,782,1571,0.5360101975780752,0.4720974983964079,207.0,106.0,442350563.0,397985024.0,-19,0.9529702970297028,-0.0240811153358681,0.24506683640993,0.2571610439210693,0.0642902609802673,1.1114753981295538
2021-06-16,382,423,766,1571,0.5245379222434672,0.4785118665811417,199.0,101.0,480818549.0,465415516.0,-41,0.9030732860520094,-0.0509316770186335,0.2431572246976448,0.2692552514322088,0.0623806492679821,1.0330952288234412
2021-06-17,477,327,768,1572,0.5480585614258434,0.4955128205128205,195.0,102.0,684817134.0,178548412.0,150,1.4587155963302751,0.1865671641791045,0.3034351145038167,0.2080152671755725,0.0591603053435114,3.835470314908205
2021-06-18,550,360,662,1572,0.5747931253978358,0.5224358974358975,223.0,104.0,661142522.0,240185445.0,190,1.5277777777777777,0.2087912087912088,0.3498727735368956,0.2290076335877862,0.0756997455470737,2.7526335827718453
2021-06-21,441,413,718,1572,0.5811584977721197,0.5458039718129404,210.0,93.0,447220386.0,434375757.0,28,1.0677966101694916,0.0327868852459016,0.2805343511450381,0.2627226463104326,0.0744274809160305,1.0295703173876714
2021-06-22,428,429,715,1572,0.5792488860598345,0.560179257362356,196.0,95.0,512364185.0,353238518.0,-1,0.9976689976689976,-0.0011668611435239,0.272264631043257,0.2729007633587786,0.0642493638676844,1.4504765445766026
2021-06-23,282,546,744,1572,0.5397835773392744,0.5457453614843251,187.0,96.0,235990111.0,561782379.0,-264,0.5164835164835165,-0.3188405797101449,0.1793893129770992,0.3473282442748092,0.0578880407124681,0.4200738930617117
2021-06-24,273,501,794,1568,0.5003190810465858,0.536241180243746,185.0,93.0,252398422.0,370347586.0,-228,0.5449101796407185,-0.2945736434108527,0.1741071428571428,0.319515306122449,0.0586734693877551,0.6815176648674037
2021-06-25,461,376,731,1568,0.4862795149968092,0.5388069275176395,201.0,95.0,440665702.0,169540584.0,85,1.226063829787234,0.1015531660692951,0.2940051020408163,0.2397959183673469,0.0676020408163265,2.599175321939436
2021-06-28,450,379,739,1568,0.4856413529036375,0.5266196279666453,212.0,91.0,635726622.0,156616355.0,71,1.187335092348285,0.0856453558504222,0.2869897959183674,0.2417091836734693,0.0771683673469387,4.059133045204634
2021-06-29,369,462,737,1568,0.4645820038289726,0.5234124438742784,218.0,94.0,315223884.0,422206363.0,-93,0.7987012987012987,-0.111913357400722,0.2353316326530612,0.2946428571428571,0.0790816326530612,0.74661092684669
2021-06-30,340,451,777,1568,0.4467134652201659,0.5246953175112251,208.0,89.0,173434700.0,461704318.0,-111,0.753880266075388,-0.1403286978508217,0.2168367346938775,0.2876275510204081,0.0758928571428571,0.375640194900668
2021-07-01,406,376,786,1568,0.4511805998723676,0.517639512508018,210.0,94.0,581199551.0,283611880.0,30,1.0797872340425532,0.0383631713554987,0.2589285714285714,0.2397959183673469,0.0739795918367346,2.049277875806895
2021-07-02,403,484,685,1572,0.4513049013367282,0.5214331413947537,220.0,94.0,475868459.0,327399512.0,-81,0.8326446280991735,-0.0913190529875986,0.2563613231552162,0.3078880407124681,0.0801526717557251,1.4534794389064332
2021-07-05,241,580,751,1572,0.4048376830044558,0.4779270633397313,210.0,101.0,351903892.0,613597461.0,-339,0.4155172413793103,-0.4129110840438489,0.1533078880407124,0.3689567430025445,0.0693384223918575,0.5735093678948584
2021-07-06,189,672,711,1572,0.3348185868873329,0.4398976982097187,189.0,106.0,34084753.0,965295562.0,-483,0.28125,-0.5609756097560976,0.1202290076335877,0.4274809160305343,0.0527989821882951,0.0353101726992089
2021-07-07,312,481,779,1572,0.3239974538510503,0.4287539936102236,174.0,116.0,519841783.0,367266745.0,-169,0.6486486486486487,-0.2131147540983606,0.1984732824427481,0.3059796437659033,0.0368956743002544,1.4154338504021102
2021-07-08,342,405,825,1572,0.3027989821882951,0.4146964856230032,178.0,103.0,158736194.0,393048247.0,-63,0.8444444444444444,-0.0843373493975903,0.2175572519083969,0.2576335877862595,0.0477099236641221,0.4038593104321872
2021-07-09,233,644,696,1573,0.2690839694656488,0.3853035143769968,180.0,114.0,70150491.0,808436167.0,-411,0.3618012422360248,-0.4686431014823261,0.1481246026700572,0.4094087730451367,0.0419580419580419,0.0867730735752696
2021-07-12,124,779,670,1573,0.205470737913486,0.3092651757188498,164.0,167.0,69345637.0,1086811020.0,-655,0.159178433889602,-0.7253599114064231,0.0788302606484424,0.4952320406865861,-0.0019071837253655,0.0638065272838326
2021-07-13,573,228,772,1573,0.2194656488549618,0.3303514376996805,165.0,124.0,497942252.0,84910645.0,345,2.513157894736842,0.4307116104868914,0.3642720915448188,0.1449459631277813,0.0260648442466624,5.864308909677932
2021-07-14,318,445,810,1573,0.2181933842239185,0.3226837060702875,172.0,118.0,215617050.0,420859456.0,-127,0.7146067415730337,-0.1664482306684141,0.2021614748887476,0.2828989192625556,0.0343293070565797,0.5123255446112633
2021-07-15,572,214,788,1574,0.2315521628498727,0.3454661558109834,171.0,108.0,437052876.0,65978516.0,358,2.6728971962616823,0.455470737913486,0.3634053367217281,0.1359593392630241,0.0400254129606099,6.624169540278839
2021-07-16,431,401,743,1575,0.2620865139949109,0.3639846743295019,181.0,103.0,264011182.0,276012313.0,30,1.0748129675810474,0.0360576923076923,0.2736507936507936,0.2546031746031746,0.0495238095238095,0.9565195810666606
2021-07-19,156,684,735,1575,0.2296437659033079,0.3154533844189016,171.0,133.0,43371347.0,792433548.0,-528,0.2280701754385964,-0.6285714285714286,0.099047619047619,0.4342857142857143,0.0241269841269841,0.0547318410603181
2021-07-20,545,218,812,1575,0.2463399108847867,0.3322683706070287,168.0,134.0,595481894.0,56965824.0,327,2.5,0.4285714285714285,0.346031746031746,0.1384126984126984,0.0215873015873015,10.453318361549549
2021-07-21,395,377,804,1576,0.2705283259070655,0.3444089456869009,171.0,111.0,186413034.0,265947089.0,18,1.0477453580901857,0.0233160621761658,0.2506345177664975,0.2392131979695431,0.0380710659898477,0.700940306212564
2021-07-22,596,191,789,1576,0.2991725015913431,0.3565495207667731,182.0,109.0,585475554.0,16027758.0,405,3.1204188481675392,0.5146124523506989,0.3781725888324873,0.1211928934010152,0.0463197969543147,36.52884913785197
2021-07-23,259,553,764,1576,0.2902609802673456,0.3477983407785577,189.0,107.0,187371079.0,461115325.0,-294,0.4683544303797468,-0.3620689655172414,0.1643401015228426,0.3508883248730964,0.0520304568527918,0.4063432049238442
2021-07-26,376,346,855,1577,0.3087205601527689,0.3535417996171027,190.0,109.0,235218247.0,258331846.0,30,1.0867052023121386,0.0415512465373961,0.238427393785669,0.2194039315155358,0.0513633481293595,0.9105274887401996
2021-07-27,416,286,875,1577,0.3462762571610439,0.3581899298916507,194.0,101.0,493232815.0,118705932.0,130,1.4545454545454546,0.1851851851851851,0.2637920101458465,0.1813570069752695,0.0589727330374128,4.155081441085859
2021-07-28,294,399,885,1578,0.3365139949109414,0.3490445859872611,180.0,101.0,228772513.0,191033429.0,-105,0.7368421052631579,-0.1515151515151515,0.1863117870722433,0.2528517110266159,0.050063371356147,1.1975522514439083
2021-07-29,447,270,861,1578,0.366412213740458,0.366008911521324,179.0,99.0,485904931.0,55290252.0,177,1.6555555555555554,0.2468619246861924,0.2832699619771863,0.1711026615969581,0.0506970849176172,8.788256761788679
2021-07-30,512,314,752,1578,0.4255725190839695,0.374283895607893,184.0,105.0,632521572.0,99270933.0,198,1.6305732484076434,0.2397094430992736,0.3244613434727503,0.1989860583016476,0.050063371356147,6.371669459377399
2021-08-02,444,448,686,1578,0.4344783715012723,0.3590070019096117,156.0,125.0,378444366.0,331024258.0,-4,0.9910714285714286,-0.0044843049327354,0.2813688212927757,0.2839036755386565,0.0196451204055766,1.143252667603593
2021-08-03,523,352,703,1578,0.5025445292620865,0.3959261616804583,190.0,103.0,569535316.0,143672275.0,171,1.4857954545454546,0.1954285714285714,0.3314321926489227,0.2230671736375158,0.0551330798479087,3.964128193835589
2021-08-04,446,320,812,1578,0.5327399872854418,0.41502227880331,195.0,98.0,587527777.0,173626699.0,126,1.39375,0.1644908616187989,0.2826362484157161,0.2027883396704689,0.0614702154626109,3.3838561717976336
2021-08-05,532,256,793,1581,0.5829624920534011,0.4513049013367282,182.0,96.0,645604279.0,71116855.0,276,2.078125,0.350253807106599,0.3364958886780518,0.1619228336495888,0.0543959519291587,9.078076905959916
2021-08-06,472,393,716,1581,0.6007628734901462,0.464035646085296,204.0,96.0,406532623.0,441731388.0,79,1.201017811704835,0.0913294797687861,0.2985452245414294,0.2485768500948766,0.0683111954459203,0.9203163597692996
2021-08-09,561,214,806,1581,0.6166560712015258,0.4996817313812858,219.0,93.0,681502740.0,81292766.0,347,2.621495327102804,0.447741935483871,0.3548387096774194,0.1353573687539531,0.079696394686907,8.383313467277027
2021-08-10,542,292,747,1581,0.6524777636594663,0.5340547422024189,236.0,89.0,520648568.0,340224796.0,250,1.856164383561644,0.2997601918465228,0.3428209993674889,0.1846932321315623,0.0929791271347248,1.5303075323175446
2021-08-11,485,347,749,1581,0.6704761904761904,0.5506047103755569,246.0,94.0,395658347.0,513695637.0,138,1.397694524495677,0.1658653846153846,0.3067678684376976,0.2194813409234661,0.0961416824794434,0.7702194032845173
2021-08-12,426,372,783,1581,0.6596825396825396,0.562062380649268,241.0,96.0,460726441.0,420636234.0,54,1.1451612903225807,0.0676691729323308,0.269449715370019,0.2352941176470588,0.0917141049968374,1.0953084964145052
2021-08-13,437,472,672,1581,0.6592639593908629,0.573520050922979,219.0,103.0,597068523.0,374374599.0,-35,0.9258474576271186,-0.0385038503850385,0.2764073371283997,0.2985452245414294,0.0733712839974699,1.5948425042586825
2021-08-16,581,281,720,1582,0.6696258719086874,0.5996180776575429,235.0,95.0,835583901.0,185974933.0,300,2.067615658362989,0.3480278422273782,0.3672566371681416,0.1776232616940581,0.0884955752212389,4.4929920797444245
2021-08-17,380,457,746,1583,0.6626506024096386,0.6034373010821134,223.0,96.0,445123724.0,492877195.0,-77,0.8315098468271335,-0.091995221027479,0.2400505369551484,0.2886923562855338,0.080227416298168,0.9031128413234862
2021-08-18,433,387,763,1583,0.6594800253646164,0.6072565245066837,222.0,98.0,384973587.0,383861434.0,46,1.1188630490956073,0.0560975609756097,0.2735312697409981,0.244472520530638,0.078332280480101,1.002897277250311
2021-08-19,470,342,771,1583,0.6596958174904943,0.6157760814249363,225.0,97.0,578658862.0,250950727.0,128,1.3742690058479532,0.1576354679802955,0.2969046114971573,0.2160454832596336,0.0808591282375236,2.305866450030248
2021-08-20,305,734,544,1583,0.5405576679340938,0.5521628498727735,196.0,120.0,338355417.0,1240529255.0,-429,0.4155313351498637,-0.4128970163618864,0.1926721415034744,0.4636765634870499,0.0480101073910296,0.272750856649487
2021-08-23,362,550,671,1583,0.5025348542458808,0.5426208651399491,203.0,101.0,297019334.0,670870530.0,-188,0.6581818181818182,-0.2061403508771929,0.2286797220467467,0.3474415666456096,0.0644346178142766,0.4427371910344608
2021-08-24,315,473,795,1583,0.4683143219264892,0.5311704834605598,205.0,103.0,346819011.0,493444434.0,-158,0.6659619450317125,-0.2005076142131979,0.1989892608970309,0.2987997473152242,0.0644346178142766,0.7028532233884718
2021-08-25,474,302,807,1583,0.485424588086185,0.5388040712468194,184.0,102.0,376301450.0,210300644.0,172,1.5695364238410596,0.2216494845360824,0.2994314592545799,0.1907770056854074,0.0518003790271636,1.7893499650909297
2021-08-26,435,376,772,1583,0.5031685678073511,0.5585241730279898,203.0,99.0,302673191.0,333654503.0,59,1.1569148936170213,0.0727496917385943,0.2747946936197094,0.2375236891977258,0.065698041692988,0.907145530117422
2021-08-27,627,347,609,1583,0.514575411913815,0.5508905852417303,180.0,121.0,641022825.0,173795381.0,280,1.806916426512968,0.2874743326488706,0.3960833859759949,0.2192040429564118,0.0372710044219835,3.6883766490894256
2021-08-30,719,204,644,1567,0.5691421254801536,0.5924261874197689,204.0,112.0,724300369.0,71252862.0,515,3.5245098039215685,0.5579631635969664,0.4588385449904276,0.1301850670070198,0.0587109125717932,10.165210893563826
2021-08-31,483,359,725,1567,0.592332268370607,0.6116816431322208,217.0,111.0,535125091.0,319681502.0,124,1.3454038997214484,0.1472684085510688,0.3082322910019144,0.2291001914486279,0.0676451818761965,1.6739319843410896
2021-09-01,534,322,711,1567,0.6012779552715655,0.6373555840821566,216.0,111.0,584452507.0,243441535.0,212,1.6583850931677018,0.2476635514018691,0.3407785577536694,0.2054881940012763,0.0670070197830248,2.400792071081872
2021-09-06,788,261,532,1581,0.6744775174160861,0.6987261146496815,297.0,91.0,913950842.0,215146131.0,527,3.019157088122605,0.5023832221163013,0.4984187223276407,0.1650853889943074,0.1302972802024035,4.248046840312457
2021-09-07,315,598,670,1583,0.6457938013915243,0.6908396946564885,256.0,92.0,366060214.0,749754194.0,-283,0.5267558528428093,-0.3099671412924425,0.1989892608970309,0.3777637397346809,0.1036007580543272,0.4882403018608522
2021-09-08,370,588,625,1583,0.5749525616698292,0.6513994910941476,169.0,111.0,272368578.0,418334716.0,-218,0.6292517006802721,-0.2275574112734864,0.2337334175615919,0.3714466203411244,0.0366392924826279,0.6510781142055636
2021-09-09,576,285,724,1585,0.5901328273244781,0.660941475826972,195.0,111.0,555882957.0,165442101.0,291,2.0210526315789474,0.337979094076655,0.3634069400630915,0.1798107255520504,0.0529968454258675,3.359984874708524
2021-09-10,570,421,594,1585,0.6242884250474383,0.6921119592875318,217.0,112.0,355426716.0,340412400.0,149,1.3539192399049882,0.1503531786074672,0.3596214511041009,0.2656151419558359,0.0662460567823343,1.0441062546487732
2021-09-13,496,455,633,1584,0.6053130929791272,0.6957352005092298,238.0,113.0,428609067.0,540002379.0,41,1.09010989010989,0.0431125131440588,0.3131313131313131,0.2872474747474747,0.0789141414141414,0.7937169976801157
2021-09-14,484,438,662,1584,0.599873577749684,0.697644812221515,239.0,109.0,425151374.0,450512298.0,46,1.1050228310502284,0.0498915401301518,0.3055555555555556,0.2765151515151515,0.082070707070707,0.9437064779084012
2021-09-15,621,307,657,1585,0.6276864728192162,0.7065563335455124,245.0,107.0,673403821.0,195263658.0,314,2.022801302931596,0.3383620689655172,0.3917981072555205,0.1936908517350157,0.0870662460567823,3.448689981010189
2021-09-16,473,413,699,1585,0.6245259165613148,0.7097390197326544,258.0,107.0,413640161.0,365494140.0,60,1.145278450363196,0.0677200902934537,0.2984227129337539,0.2605678233438486,0.0952681388012618,1.1317285716263468
2021-09-17,683,360,542,1585,0.6694058154235145,0.7379134860050891,279.0,106.0,804849573.0,224715997.0,323,1.897222222222222,0.3096836049856184,0.4309148264984227,0.2271293375394321,0.1091482649842271,3.581630074159785
2021-09-20,473,507,605,1585,0.6536030341340076,0.732824427480916,262.0,103.0,623921275.0,467957985.0,-34,0.9329388560157792,-0.0346938775510204,0.2984227129337539,0.3198738170347003,0.1003154574132492,1.333284814020216
2021-09-21,390,527,668,1585,0.6194690265486725,0.7251908396946565,228.0,104.0,541288368.0,516737770.0,-137,0.7400379506641366,-0.1494002181025081,0.2460567823343848,0.3324921135646688,0.0782334384858044,1.0475107480531178
2021-09-22,717,253,614,1584,0.6584440227703985,0.743475493316359,277.0,106.0,816425175.0,148727523.0,464,2.83399209486166,0.4783505154639175,0.4526515151515151,0.1597222222222222,0.1079545454545454,5.48940208598781
2021-09-23,374,541,669,1584,0.6369386464263125,0.7379134860050891,300.0,107.0,342391100.0,892076209.0,-167,0.6913123844731978,-0.1825136612021858,0.2361111111111111,0.341540404040404,0.1218434343434343,0.3838137331157096
2021-09-24,372,666,547,1585,0.611251580278129,0.743801652892562,200.0,111.0,346018543.0,525410166.0,-294,0.5585585585585585,-0.2832369942196532,0.2347003154574132,0.4201892744479495,0.0561514195583596,0.6585684202387512
2021-09-27,193,805,588,1586,0.4876816171825647,0.6944091486658196,169.0,107.0,66938999.0,837291912.0,-612,0.239751552795031,-0.6132264529058116,0.1216897856242118,0.5075662042875158,0.0390920554854981,0.0799470268858873
2021-09-28,542,314,730,1586,0.4996841440303222,0.7083862770012707,163.0,107.0,626763776.0,120435520.0,228,1.7261146496815287,0.2663551401869158,0.3417402269861286,0.1979823455233291,0.0353089533417402,5.204143893761574
2021-09-29,447,431,708,1586,0.4933670246367656,0.6890862944162437,171.0,105.0,301647678.0,368359793.0,16,1.037122969837587,0.0182232346241457,0.2818411097099622,0.2717528373266078,0.0416141235813367,0.8188941457028129
2021-09-30,550,312,724,1586,0.5129500947567909,0.6897208121827412,188.0,103.0,340424609.0,167697898.0,238,1.7628205128205128,0.2761020881670533,0.3467843631778058,0.1967213114754098,0.0535939470365699,2.0299873347249706
2021-10-01,428,582,576,1586,0.4662034112444725,0.6867469879518072,210.0,107.0,370142503.0,433477035.0,-154,0.7353951890034365,-0.1524752475247524,0.2698612862547289,0.3669609079445145,0.0649432534678436,0.8538918399679466
2021-10-04,500,401,685,1586,0.4788376500315855,0.6799746514575412,226.0,102.0,535321657.0,333077186.0,99,1.2468827930174564,0.1098779134295227,0.3152585119798234,0.2528373266078184,0.0781841109709962,1.6072000109908458
2021-10-05,513,357,716,1586,0.501577287066246,0.6907477820025348,220.0,102.0,512315011.0,235684803.0,156,1.4369747899159664,0.1793103448275862,0.3234552332912989,0.2250945775535939,0.0744010088272383,2.173729508558937
2021-10-06,563,292,730,1585,0.5334595959595959,0.7064045656309448,212.0,104.0,568521884.0,124041589.0,271,1.928082191780822,0.3169590643274854,0.3552050473186119,0.1842271293375394,0.0681388012618296,4.583316680988342
2021-10-07,529,382,675,1586,0.5542929292929293,0.7108433734939759,230.0,103.0,511880596.0,272162121.0,147,1.3848167539267016,0.1613611416026344,0.3335435056746532,0.2408575031525851,0.0800756620428751,1.8807929410573636
2021-10-08,471,527,588,1586,0.5397727272727273,0.7070386810399493,213.0,101.0,392267933.0,347725931.0,-56,0.8937381404174574,-0.0561122244488977,0.2969735182849937,0.3322824716267339,0.0706179066834804,1.1280951405375632
2021-10-11,460,459,668,1587,0.5466582597730139,0.70595690747782,198.0,100.0,563241540.0,231900296.0,1,1.002178649237473,0.001088139281828,0.2898550724637681,0.2892249527410208,0.0617517328292375,2.4288090602523424
2021-10-12,382,473,732,1587,0.5283732660781841,0.6945500633713562,196.0,100.0,460302382.0,341698359.0,-91,0.8076109936575053,-0.1064327485380117,0.240705734089477,0.2980466288594833,0.0604914933837429,1.3471015293930633
2021-10-13,426,419,742,1587,0.5182849936948297,0.6913814955640051,197.0,100.0,327057330.0,356771230.0,7,1.0167064439140812,0.008284023668639,0.2684310018903592,0.2640201638311279,0.0611216131064902,0.9167144166865696
2021-10-14,543,320,724,1587,0.5479192938209332,0.7039848197343453,217.0,100.0,574921298.0,183242566.0,223,1.696875,0.2584009269988412,0.3421550094517958,0.201638311279143,0.0737240075614366,3.1374877057768336
2021-10-15,561,431,594,1586,0.5634069400630914,0.7025316455696202,254.0,100.0,525584579.0,379212394.0,130,1.3016241299303943,0.1310483870967742,0.3537200504413619,0.2717528373266078,0.0970996216897856,1.3859899816460113
2021-10-18,451,504,631,1586,0.546372239747634,0.6949367088607595,266.0,101.0,540338202.0,403292466.0,-53,0.8948412698412699,-0.0554973821989528,0.2843631778058008,0.317780580075662,0.1040353089533417,1.3398172481605446
2021-10-19,435,452,699,1586,0.5507886435331231,0.680379746835443,247.0,103.0,383002775.0,339615126.0,-17,0.9623893805309734,-0.0191657271702367,0.2742749054224464,0.2849936948297604,0.0907944514501891,1.127755349153677
2021-10-20,441,426,719,1586,0.571608832807571,0.6860759493670886,253.0,102.0,550843086.0,378706966.0,15,1.0352112676056338,0.0173010380622837,0.2780580075662043,0.2686002522068096,0.0952080706179066,1.4545364502220433
2021-10-21,475,400,711,1586,0.5766561514195584,0.6797468354430379,254.0,103.0,482736780.0,337274747.0,75,1.1875,0.0857142857142857,0.2994955863808323,0.2522068095838587,0.0952080706179066,1.4312864639106824
2021-10-22,625,412,549,1586,0.5962145110410094,0.689873417721519,288.0,103.0,617384038.0,388675228.0,213,1.516990291262136,0.2054001928640308,0.3940731399747793,0.2597730138713745,0.1166456494325346,1.5884316609958995
2021-10-25,516,457,613,1586,0.5823343848580441,0.6944971537001897,281.0,104.0,465218405.0,547406954.0,59,1.1291028446389495,0.0606372045220966,0.3253467843631778,0.2881462799495586,0.1116015132408575,0.8498584126499789
2021-10-26,498,388,700,1586,0.5981072555205047,0.6978508217446271,236.0,102.0,601450394.0,200312372.0,110,1.2835051546391754,0.1241534988713318,0.3139974779319041,0.244640605296343,0.0844892812105926,3.002562387908821
2021-10-27,629,300,657,1586,0.6479495268138801,0.718078381795196,281.0,98.0,859678335.0,148992068.0,329,2.0966666666666667,0.3541442411194833,0.3965952080706179,0.189155107187894,0.1153846153846153,5.769960418295557
2021-10-28,591,345,650,1586,0.6691919191919192,0.7330803289057558,317.0,97.0,776526834.0,238394776.0,246,1.7130434782608697,0.2628205128205128,0.3726355611601513,0.2175283732660781,0.1387137452711223,3.2573148079385765
2021-10-29,638,442,504,1584,0.6719342604298356,0.7397086763774541,347.0,96.0,696674216.0,417688638.0,196,1.4434389140271493,0.1814814814814815,0.4027777777777778,0.279040404040404,0.1584595959595959,1.6679271414608123
2021-11-01,568,460,557,1585,0.6790903348073278,0.7430379746835443,356.0,95.0,865436638.0,422971562.0,108,1.2347826086956522,0.1050583657587548,0.3583596214511041,0.2902208201892745,0.1646687697160883,2.046087055847977
2021-11-02,676,284,625,1585,0.6805555555555556,0.7512658227848101,361.0,94.0,972712080.0,197400800.0,392,2.380281690140845,0.4083333333333333,0.4264984227129337,0.179179810725552,0.1684542586750788,4.9275994828795024
2021-11-03,298,689,598,1585,0.6439393939393939,0.7379746835443038,363.0,94.0,465122234.0,1315223323.0,-391,0.432510885341074,-0.3961499493414387,0.1880126182965299,0.4347003154574132,0.1697160883280757,0.3536450622994312
2021-11-04,571,354,661,1586,0.6580441640378549,0.7419354838709677,247.0,95.0,707839339.0,312321682.0,217,1.612994350282486,0.2345945945945945,0.3600252206809584,0.223203026481715,0.0958385876418663,2.266379120614495
2021-11-05,666,388,532,1586,0.6719242902208202,0.7438330170777988,276.0,94.0,840222192.0,234786000.0,278,1.7164948453608246,0.2637571157495256,0.4199243379571248,0.244640605296343,0.1147540983606557,3.5786724591755896
2021-11-08,659,364,563,1586,0.6921135646687697,0.7545857052498419,281.0,94.0,1006040439.0,201955801.0,295,1.8104395604395604,0.2883675464320626,0.4155107187894073,0.2295081967213114,0.1179066834804539,4.98148819701396
2021-11-09,478,449,659,1586,0.7003154574132492,0.7590132827324478,279.0,92.0,674845866.0,483864170.0,29,1.064587973273942,0.0312837108953613,0.3013871374527112,0.2831021437578814,0.1179066834804539,1.3947010500901524
2021-11-10,614,352,620,1586,0.705993690851735,0.7729285262492094,298.0,92.0,787303865.0,307727257.0,262,1.744318181818182,0.2712215320910973,0.3871374527112232,0.2219419924337957,0.1298865069356872,2.558446959412503
2021-11-11,534,433,619,1586,0.6952681388012618,0.7621758380771664,335.0,93.0,820744742.0,632539418.0,101,1.233256351039261,0.1044467425025853,0.3366960907944514,0.2730138713745271,0.1525851197982345,1.2975392815756503
2021-11-12,718,382,486,1586,0.6990536277602524,0.7729285262492094,356.0,96.0,969923076.0,231174682.0,336,1.8795811518324608,0.3054545454545455,0.4527112232030265,0.2408575031525851,0.1639344262295081,4.195628464193151
2021-11-15,657,405,524,1586,0.7047318611987382,0.7792536369386465,424.0,92.0,1047258600.0,384056402.0,252,1.6222222222222222,0.2372881355932203,0.414249684741488,0.255359394703657,0.2093316519546027,2.726835419345516
2021-11-16,420,607,560,1587,0.6916771752837326,0.7702020202020202,344.0,91.0,434220291.0,952998371.0,-187,0.6919275123558485,-0.1820837390457643,0.2646502835538752,0.3824826717076244,0.1594202898550724,0.4556359215434588
2021-11-17,567,439,581,1587,0.6860025220680959,0.7720959595959596,310.0,91.0,734063669.0,292128623.0,128,1.2915717539863325,0.1272365805168986,0.3572778827977316,0.2766225582860743,0.1379962192816635,2.512809807753758
2021-11-18,547,479,561,1587,0.6765447667087011,0.7683080808080808,361.0,93.0,874626275.0,443370789.0,68,1.1419624217118998,0.0662768031189083,0.3446754883427851,0.3018273471959672,0.1688720856962823,1.9726745575022533
2021-11-19,415,736,437,1588,0.610586011342155,0.7369085173501577,372.0,95.0,840120067.0,1148862970.0,-321,0.563858695652174,-0.2788879235447437,0.2613350125944584,0.4634760705289673,0.174433249370277,0.73126220353329
2021-11-22,265,817,506,1588,0.5022054190296156,0.6733921815889029,233.0,96.0,416412024.0,1072448946.0,-552,0.3243574051407589,-0.5101663585951941,0.1668765743073048,0.5144836272040302,0.086272040302267,0.388281442723335
2021-11-23,612,349,628,1589,0.5125944584382871,0.6973518284993695,204.0,97.0,598169199.0,388740491.0,263,1.7535816618911175,0.2736732570239334,0.3851478917558212,0.2196349905601007,0.0673379483952171,1.5387365423685695
2021-11-24,560,417,612,1589,0.5144836272040302,0.7112232030264817,231.0,92.0,839089599.0,347294418.0,143,1.3429256594724222,0.1463664278403275,0.3524229074889868,0.2624292007551919,0.0874764002517306,2.416075685385764
2021-11-25,553,412,624,1589,0.5144836272040302,0.7074401008827238,241.0,92.0,781011904.0,244283099.0,141,1.3422330097087378,0.1461139896373057,0.3480176211453744,0.2592825676526117,0.0937696664568911,3.1971589815143124
2021-11-26,418,671,501,1590,0.4811083123425693,0.6941992433795713,243.0,91.0,517301779.0,751784197.0,-253,0.6229508196721312,-0.2323232323232323,0.2628930817610063,0.4220125786163522,0.0955974842767295,0.6880987669923049
2021-11-29,474,555,561,1590,0.47544080604534,0.6878940731399747,215.0,91.0,600032520.0,545462928.0,-81,0.8540540540540541,-0.0787172011661807,0.2981132075471698,0.3490566037735849,0.0779874213836478,1.100042714543563
2021-11-30,509,470,611,1590,0.4628463476070529,0.6878940731399747,232.0,89.0,700390163.0,529795665.0,39,1.0829787234042554,0.0398365679264555,0.320125786163522,0.2955974842767295,0.0899371069182389,1.3220005546855502
2021-12-01,497,468,625,1590,0.4716624685138539,0.6897856242118537,218.0,88.0,721888779.0,295456692.0,29,1.061965811965812,0.0300518134715025,0.3125786163522012,0.2943396226415094,0.0817610062893081,2.4432981162599625
2021-12-02,504,474,612,1590,0.4804785894206549,0.6897856242118537,217.0,86.0,429405380.0,463305672.0,30,1.0632911392405062,0.0306748466257668,0.3169811320754717,0.2981132075471698,0.0823899371069182,0.9268295338288024
2021-12-03,287,827,476,1590,0.3866498740554156,0.6412358133669609,228.0,90.0,183685650.0,1102869705.0,-540,0.347037484885127,-0.4847396768402154,0.180503144654088,0.520125786163522,0.0867924528301886,0.1665524487319198
2021-12-06,194,860,537,1591,0.2909319899244332,0.5611601513240857,180.0,90.0,224570543.0,972009867.0,-666,0.2255813953488372,-0.6318785578747628,0.1219358893777498,0.5405405405405406,0.0565681961030798,0.2310373079782738
2021-12-07,728,225,638,1591,0.3217884130982368,0.5952080706179067,178.0,88.0,797085081.0,27895967.0,503,3.2355555555555555,0.527806925498426,0.4575738529226901,0.1414204902576995,0.0565681961030798,28.57348809596742
2021-12-08,407,504,680,1591,0.3161209068010076,0.5819672131147541,181.0,88.0,534458467.0,309189295.0,-97,0.8075396825396826,-0.106476399560922,0.2558139534883721,0.316781898177247,0.0584538026398491,1.7285801146511233
2021-12-09,573,360,658,1591,0.3299748110831234,0.6008827238335435,180.0,88.0,633263393.0,115513086.0,213,1.5916666666666666,0.2282958199356913,0.3601508485229415,0.2262727844123193,0.0578252671275927,5.482178815653839
2021-12-10,430,599,564,1593,0.3217884130982368,0.5756620428751577,194.0,90.0,535794186.0,456710867.0,-169,0.7178631051752922,-0.1642371234207968,0.2699309478970496,0.3760200878844946,0.0652856246076585,1.1731583912585115
2021-12-13,712,330,551,1593,0.3822418136020151,0.6090794451450189,169.0,89.0,779612037.0,171701800.0,382,2.1575757575757577,0.3666026871401152,0.4469554300062774,0.2071563088512241,0.0502197112366603,4.540500082119116
2021-12-14,407,533,653,1593,0.3885390428211587,0.5967233774417139,174.0,85.0,629804025.0,417127243.0,-126,0.7636022514071295,-0.1340425531914893,0.2554927809165097,0.3345888261142498,0.0558694287507846,1.5098606853640582
2021-12-15,412,526,655,1593,0.3879093198992443,0.5841209829867675,165.0,89.0,491964581.0,507273683.0,-114,0.7832699619771863,-0.1215351812366737,0.258631512868801,0.330194601381042,0.0477087256748273,0.9698208235257496
2021-12-16,471,463,659,1593,0.3998740554156171,0.5797101449275363,171.0,90.0,724707823.0,300232284.0,8,1.0172786177105833,0.0085653104925053,0.295668549905838,0.290646578782172,0.0508474576271186,2.41382376786635
2021-12-17,499,573,521,1593,0.4115796098174953,0.5589161940768747,192.0,89.0,626302836.0,673423494.0,-74,0.8708551483420593,-0.0690298507462686,0.3132454488386691,0.35969868173258,0.0646578782172002,0.9300281941158411
2021-12-20,406,604,583,1593,0.3870358716173694,0.5463137996219282,179.0,87.0,656943407.0,387566153.0,-198,0.6721854304635762,-0.196039603960396,0.2548650345260514,0.3791588198367859,0.0577526679221594,1.6950484502190262
2021-12-21,480,468,645,1593,0.407803650094399,0.555765595463138,181.0,88.0,696646230.0,294397509.0,12,1.0256410256410255,0.0126582278481012,0.3013182674199623,0.2937853107344633,0.0583804143126177,2.366345531816304
2021-12-22,454,500,639,1593,0.4119496855345912,0.5406427221172023,208.0,84.0,726554099.0,491668054.0,-46,0.908,-0.0482180293501048,0.2849968612680477,0.3138731952291274,0.0778405524168236,1.4777329807968365
2021-12-23,327,641,627,1595,0.3823899371069182,0.5040957781978576,188.0,85.0,636045972.0,835164594.0,-314,0.5101404056162246,-0.3243801652892562,0.2050156739811912,0.4018808777429467,0.064576802507837,0.7615815811272286
2021-12-24,560,487,547,1594,0.3977344241661422,0.5151324085750315,176.0,83.0,474667437.0,578911075.0,73,1.1498973305954825,0.0697230181470869,0.3513174404015056,0.3055207026348808,0.0583437892095357,0.8199315188433733
2021-12-27,499,488,607,1594,0.3983637507866582,0.5044136191677175,147.0,81.0,631653587.0,176164932.0,11,1.022540983606557,0.011144883485309,0.3130489335006273,0.3061480552070263,0.041405269761606,3.5855807386228267
2021-12-28,485,458,652,1595,0.3983637507866582,0.4962168978562421,169.0,80.0,688375972.0,382935611.0,27,1.0589519650655022,0.0286320254506892,0.3040752351097178,0.2871473354231975,0.0557993730407523,1.7976285104495022
2021-12-29,443,484,669,1596,0.4166142227816237,0.487389659520807,177.0,79.0,479311606.0,408247013.0,-41,0.9152892561983472,-0.0442286947141316,0.2775689223057644,0.3032581453634085,0.0614035087719298,1.174072536324963
2021-12-30,487,433,675,1595,0.460037759597231,0.4908517350157729,161.0,78.0,369149486.0,487639389.0,54,1.1247113163972289,0.058695652173913,0.3053291536050156,0.2714733542319749,0.0520376175548589,0.7570132649805285
2021-12-31,553,516,526,1595,0.4694776589049717,0.4965299684542587,168.0,86.0,534325396.0,486842849.0,37,1.071705426356589,0.0346117867165575,0.3467084639498433,0.3235109717868338,0.05141065830721,1.0975315691655565
2022-01-04,613,407,575,1595,0.5154185022026432,0.5066246056782334,168.0,83.0,821960381.0,133202450.0,206,1.5061425061425062,0.2019607843137255,0.3843260188087774,0.2551724137931034,0.0532915360501567,6.170760230010784
2022-01-05,482,485,628,1595,0.5053492762743864,0.4993694829760403,180.0,85.0,763998934.0,361806683.0,-3,0.9938144329896909,-0.0031023784901758,0.3021943573667711,0.3040752351097178,0.0595611285266457,2.1116219514386363
2022-01-06,460,491,644,1595,0.507228158390949,0.4899117276166456,197.0,83.0,883299434.0,388026097.0,-31,0.9368635437881874,-0.0325972660357518,0.2884012539184953,0.3078369905956112,0.0714733542319749,2.276391822171693
2022-01-07,670,425,500,1595,0.5417976115650535,0.5277427490542245,216.0,78.0,838535741.0,371829361.0,245,1.576470588235294,0.2237442922374429,0.4200626959247649,0.2664576802507837,0.0865203761755485,2.255162794957443
2022-01-10,422,625,547,1594,0.5062893081761006,0.5167192429022082,239.0,80.0,565567171.0,1000088183.0,-203,0.6752,-0.1938872970391595,0.2647427854454203,0.3920953575909661,0.0997490589711417,0.5655173019877588
2022-01-11,323,638,635,1596,0.4761006289308176,0.4902208201892744,179.0,81.0,377210772.0,1029145409.0,-315,0.5062695924764891,-0.327783558792924,0.2023809523809523,0.3997493734335839,0.0614035087719298,0.3665281588988753
2022-01-12,337,649,611,1597,0.436203645505971,0.4602774274905422,155.0,87.0,510777005.0,778605973.0,-312,0.5192604006163328,-0.3164300202839756,0.2110206637445209,0.406386975579211,0.0425798371947401,0.6560147529204737
2022-01-13,265,722,611,1598,0.3456945317410433,0.4029003783102143,145.0,83.0,227771127.0,880177026.0,-457,0.3670360110803324,-0.4630192502532928,0.1658322903629537,0.4518147684605757,0.0387984981226533,0.2587787686701107
2022-01-14,448,615,536,1599,0.3205531112507856,0.3783102143757881,138.0,83.0,372954212.0,505760798.0,-167,0.7284552845528456,-0.1571025399811853,0.2801751094434021,0.3846153846153846,0.0343964978111319,0.7374122578792672
2022-01-17,218,851,530,1599,0.2451288497800125,0.3114754098360656,123.0,81.0,106596290.0,992424013.0,-633,0.2561692126909518,-0.5921421889616464,0.1363352095059412,0.5322076297686054,0.0262664165103189,0.107410026967979
2022-01-18,239,717,643,1599,0.2168447517284726,0.274905422446406,114.0,84.0,230838568.0,590035487.0,-478,0.3333333333333333,-0.5,0.1494684177611006,0.448405253283302,0.0187617260787992,0.3912282787831709
2022-01-19,484,442,672,1598,0.2280150753768844,0.2839116719242902,114.0,86.0,274677752.0,361568800.0,42,1.0950226244343892,0.0453563714902807,0.3028785982478097,0.2765957446808511,0.0175219023779724,0.7596832248800228
2022-01-20,718,232,650,1600,0.2515683814303638,0.3011972274732199,112.0,85.0,628126366.0,226487437.0,486,3.0948275862068964,0.511578947368421,0.44875,0.145,0.016875,2.773338664254477
2022-01-21,531,496,573,1600,0.2553324968632371,0.3043478260869565,119.0,85.0,641099667.0,294858887.0,35,1.0705645161290325,0.0340798442064264,0.331875,0.31,0.02125,2.174259265246429
2022-01-24,216,808,575,1599,0.2239648682559598,0.2723833543505675,112.0,90.0,112266125.0,797539333.0,-592,0.2673267326732673,-0.578125,0.1350844277673546,0.5053158223889931,0.0137585991244527,0.1407656279191938
2022-01-25,539,336,724,1599,0.2432601880877743,0.2881462799495586,109.0,92.0,502683397.0,259792019.0,203,1.6041666666666667,0.232,0.3370856785490931,0.2101313320825516,0.0106316447779862,1.9349454957659804
2022-01-26,387,507,706,1600,0.2438871473354232,0.2957124842370744,114.0,88.0,423416131.0,401096622.0,-120,0.7633136094674556,-0.1342281879194631,0.241875,0.316875,0.01625,1.0556462153401032
2022-01-27,351,524,726,1601,0.2393483709273182,0.2892249527410208,117.0,91.0,148935955.0,400676963.0,-173,0.6698473282442748,-0.1977142857142857,0.2192379762648345,0.3272954403497813,0.0162398500936914,0.3717108013519609
2022-01-28,582,396,623,1601,0.2612781954887218,0.2923755513547574,120.0,91.0,476818698.0,288807289.0,186,1.4696969696969695,0.1901840490797546,0.363522798251093,0.2473454091193004,0.0181136789506558,1.650992603583492
2022-02-07,782,232,587,1601,0.3264411027568922,0.329345088161209,133.0,87.0,502244906.0,78433603.0,550,3.3706896551724137,0.5424063116370809,0.4884447220487195,0.1449094316052467,0.028732042473454,6.403440448859655
2022-02-08,549,359,693,1601,0.3634085213032581,0.3438287153652393,129.0,85.0,507759001.0,206869924.0,190,1.5292479108635098,0.2092511013215859,0.3429106808244846,0.2242348532167395,0.0274828232354778,2.4544843986117577
2022-02-09,555,351,695,1601,0.4028822055137844,0.3664987405541561,129.0,86.0,526813894.0,265904629.0,204,1.5811965811965811,0.2251655629139073,0.3466583385384135,0.2192379762648345,0.0268582136164896,1.9812137004956012
2022-02-10,460,402,740,1602,0.4283030682529743,0.3761006289308176,126.0,87.0,374080616.0,276890522.0,58,1.144278606965174,0.0672853828306264,0.2871410736579275,0.250936329588015,0.0243445692883895,1.3510054923440102
2022-02-11,515,476,611,1602,0.4477798624140087,0.379874213836478,129.0,87.0,393201010.0,271276603.0,39,1.0819327731092436,0.0393541876892028,0.3214731585518102,0.2971285892634207,0.0262172284644194,1.4494468216265597
2022-02-14,308,661,633,1602,0.4171357098186366,0.3559748427672956,120.0,85.0,201740630.0,645519727.0,-353,0.4659606656580938,-0.3642930856553147,0.1922596754057428,0.4126092384519351,0.0218476903870162,0.3125243452087406
2022-02-15,523,339,739,1601,0.4596622889305816,0.3738200125865324,122.0,83.0,477997957.0,131277813.0,184,1.5427728613569325,0.2134570765661252,0.3266708307307932,0.2117426608369768,0.0243597751405371,3.64111761215888
2022-02-16,548,346,708,1602,0.5321673953778888,0.3849056603773585,129.0,85.0,526521115.0,152753662.0,202,1.583815028901734,0.2259507829977628,0.3420724094881398,0.215980024968789,0.0274656679151061,3.4468641085671647
2022-02-17,530,366,706,1602,0.5727670206121174,0.4050314465408805,135.0,87.0,445366121.0,152656064.0,164,1.4480874316939891,0.1830357142857142,0.33083645443196,0.2284644194756554,0.0299625468164794,2.9174479501842785
2022-02-18,604,382,616,1602,0.6127420362273579,0.4236329352608422,143.0,87.0,516258402.0,258647553.0,222,1.581151832460733,0.2251521298174442,0.3770287141073657,0.2384519350811485,0.0349563046192259,1.995991827535287
2022-02-21,624,373,605,1602,0.622735790131168,0.4544311753614079,135.0,85.0,608780490.0,182900686.0,251,1.672922252010724,0.2517552657973921,0.3895131086142322,0.2328339575530587,0.031210986267166,3.328475706209216
2022-02-22,325,616,660,1601,0.599375,0.4333333333333333,133.0,90.0,330799671.0,683482986.0,-291,0.5275974025974026,-0.3092454835281615,0.202998126171143,0.3847595252966895,0.0268582136164896,0.4839910835761462
2022-02-23,668,260,673,1601,0.630625,0.4654088050314465,144.0,92.0,641444210.0,131572567.0,408,2.569230769230769,0.4396551724137931,0.4172392254840724,0.1623985009369144,0.0324797001873828,4.875212398949395
2022-02-24,238,744,619,1601,0.53,0.4239949748743719,133.0,92.0,330346961.0,979651508.0,-506,0.3198924731182795,-0.515274949083503,0.1486570893191755,0.4647095565271705,0.0256089943785134,0.3372086484860492
2022-02-25,702,323,576,1601,0.574375,0.4535175879396985,135.0,91.0,645916071.0,193108050.0,379,2.173374613003096,0.3697560975609756,0.438475952529669,0.2017489069331667,0.0274828232354778,3.3448428017371623
2022-02-28,493,504,604,1601,0.5540287320424735,0.4522613065326633,132.0,92.0,413370152.0,362764569.0,-11,0.9781746031746033,-0.0110330992978936,0.3079325421611493,0.3148032479700187,0.0249843847595252,1.1394997949758428
2022-03-01,527,410,664,1601,0.5765146783260462,0.4673366834170854,127.0,91.0,599130590.0,302398486.0,117,1.2853658536585366,0.1248665955176094,0.3291692692067458,0.2560899437851343,0.0224859462835727,1.981261870471137
2022-03-02,379,558,664,1601,0.5315427857589007,0.4629396984924623,130.0,90.0,347159366.0,619524739.0,-179,0.6792114695340502,-0.1910352187833511,0.2367270455965021,0.3485321673953779,0.0249843847595252,0.5603640083209009
2022-03-03,693,280,629,1602,0.5786516853932584,0.5072190834902699,141.0,90.0,887391724.0,149559472.0,413,2.475,0.4244604316546763,0.4325842696629213,0.1747815230961298,0.0318352059925093,5.93337026490706
2022-03-04,629,413,560,1602,0.5936329588014981,0.5342121782799749,153.0,93.0,665583248.0,329755253.0,216,1.523002421307506,0.2072936660268714,0.3926342072409488,0.2578027465667915,0.0374531835205992,2.018415906781628
2022-03-07,591,459,552,1602,0.6036204744069913,0.5618330194601381,153.0,89.0,641996155.0,479332079.0,132,1.287581699346405,0.1257142857142857,0.3689138576779026,0.2865168539325842,0.0399500624219725,1.339355705838332
2022-03-08,322,657,623,1602,0.5418227215980025,0.527306967984934,149.0,88.0,220549138.0,930942065.0,-335,0.4901065449010654,-0.3421859039836568,0.2009987515605493,0.4101123595505618,0.0380774032459425,0.2369096276683984
2022-03-09,470,475,658,1603,0.5337078651685393,0.5184952978056426,157.0,90.0,529197909.0,506758005.0,-5,0.9894736842105264,-0.0052910052910052,0.2932002495321272,0.2963194011228945,0.0417966313162819,1.0442813014862982
2022-03-10,597,375,631,1603,0.5611735330836455,0.5410658307210031,152.0,88.0,491162586.0,258022357.0,222,1.592,0.228395061728395,0.3724266999376169,0.2339363693075483,0.0399251403618215,1.903565999902869
2022-03-11,421,648,534,1603,0.5349563046192259,0.5429467084639499,150.0,89.0,384000874.0,707886268.0,-227,0.6496913580246914,-0.2123479887745556,0.2626325639426076,0.4042420461634435,0.0380536494073611,0.542461255937232
2022-03-14,319,714,570,1603,0.4581772784019975,0.5037593984962406,134.0,90.0,218456508.0,767563450.0,-395,0.4467787114845938,-0.3823814133591481,0.1990018714909544,0.445414847161572,0.0274485339987523,0.2846103576192952
2022-03-15,560,392,651,1603,0.4737827715355805,0.5222291797119599,131.0,92.0,543967978.0,196623029.0,168,1.4285714285714286,0.1764705882352941,0.3493449781659388,0.2445414847161572,0.024329382407985,2.766552731725031
2022-03-16,565,368,670,1603,0.49812734082397,0.5447714464621165,131.0,90.0,437100722.0,162871218.0,197,1.5353260869565215,0.2111468381564844,0.3524641297567061,0.2295695570804741,0.0255770430442919,2.683719857734471
2022-03-17,529,409,665,1603,0.5006242197253433,0.5522855353788353,133.0,89.0,520105815.0,260033898.0,120,1.293398533007335,0.1279317697228145,0.3300062383031815,0.2551466001247661,0.0274485339987523,2.0001462078609458
2022-03-18,541,466,596,1603,0.5118601747815231,0.5691922354414527,138.0,89.0,561596507.0,295375826.0,75,1.1609442060085835,0.0744786494538232,0.3374922021210231,0.2907049282595134,0.0305676855895196,1.901294749151205
2022-03-21,612,380,611,1603,0.5362047440699126,0.5892298058860364,145.0,85.0,761248208.0,66759286.0,232,1.6105263157894736,0.2338709677419354,0.3817841547099189,0.2370555208983156,0.0374298190892077,11.402881211162144
2022-03-22,561,397,645,1603,0.5699126092384519,0.6186599874765185,148.0,86.0,673511408.0,341037652.0,164,1.4130982367758187,0.1711899791231732,0.3499688084840923,0.2476606363069245,0.0386774797255146,1.9748887081828723
2022-03-23,454,507,642,1603,0.5717852684144819,0.6318096430807765,151.0,86.0,380528427.0,483886910.0,-53,0.8954635108481263,-0.0551508844953173,0.2832189644416719,0.3162819713038053,0.040548970679975,0.7863995060333415
2022-03-24,509,442,652,1603,0.5630461922596754,0.6437069505322479,156.0,87.0,523167369.0,343773675.0,67,1.1515837104072395,0.0704521556256572,0.3175296319401123,0.2757330006238303,0.0430442919525888,1.521836624052147
2022-03-25,554,472,577,1603,0.5730337078651685,0.6572858036272671,167.0,87.0,501263746.0,347907104.0,82,1.173728813559322,0.0799220272904483,0.3456019962570181,0.2944479101684342,0.0499064254522769,1.4407976733927226
2022-03-28,389,682,532,1603,0.4900124843945068,0.6297686053783614,177.0,87.0,324899977.0,849603873.0,-293,0.5703812316715543,-0.2735760971055089,0.2426699937616968,0.4254522769806612,0.0561447286338116,0.3824134838895679
2022-03-29,691,291,621,1603,0.5430711610486891,0.65375,173.0,85.0,603880203.0,227781583.0,400,2.374570446735395,0.4073319755600815,0.4310667498440424,0.1815346225826575,0.0548970679975046,2.651137089516144
2022-03-30,292,695,616,1603,0.465043695380774,0.6108682073703935,165.0,84.0,265299120.0,796564101.0,-403,0.4201438848920863,-0.4083080040526849,0.1821584529008109,0.4335620711166563,0.0505302557704304,0.3330543262832779
2022-03-31,387,570,646,1603,0.4413233458177278,0.5877576514678327,150.0,84.0,227796908.0,528183137.0,-183,0.6789473684210526,-0.1912225705329153,0.2414223331253898,0.3555832813474734,0.0411728009981285,0.4312839468784479
2022-04-01,600,454,549,1603,0.4369538077403246,0.5865084322298564,161.0,91.0,675792055.0,355536341.0,146,1.3215859030837005,0.1385199240986717,0.3742981908920773,0.2832189644416719,0.0436681222707423,1.900767873965379
2022-04-04,597,455,551,1603,0.4647535870243294,0.6052467207995003,154.0,87.0,489775765.0,324439316.0,142,1.312087912087912,0.1349809885931558,0.3724266999376169,0.2838427947598253,0.0417966313162819,1.5096066994543904
2022-04-05,427,515,661,1603,0.4672489082969432,0.6089943785134291,140.0,85.0,293251674.0,436593117.0,-88,0.829126213592233,-0.0934182590233545,0.2663755458515284,0.321272613849033,0.0343106674984404,0.6716818533811196
2022-04-06,303,647,653,1603,0.4266999376169682,0.5652717051842598,134.0,85.0,347141589.0,670002804.0,-344,0.4683153013910355,-0.3621052631578947,0.189020586400499,0.40361821584529,0.0305676855895196,0.5181196062576479
2022-04-07,254,672,677,1603,0.3742981908920773,0.5184259837601499,129.0,88.0,194700782.0,642597777.0,-418,0.3779761904761904,-0.4514038876889849,0.1584529008109794,0.4192139737991266,0.0255770430442919,0.3029901269017306
2022-04-08,282,769,552,1603,0.3094198378041173,0.4547158026233604,127.0,92.0,131431148.0,741975333.0,-487,0.3667100130039011,-0.4633682207421503,0.1759201497192763,0.4797255146600124,0.0218340611353711,0.1771368159485701
2022-04-12,231,787,585,1603,0.2607610729881472,0.383270911360799,114.0,94.0,93283476.0,679443399.0,-556,0.2935196950444727,-0.5461689587426326,0.1441048034934497,0.4909544603867748,0.0124766063630692,0.1372939617005536
2022-04-13,608,329,666,1603,0.2794759825327511,0.3926342072409488,117.0,96.0,577443824.0,105498296.0,279,1.8480243161094223,0.2977588046958377,0.3792888334373051,0.2052401746724891,0.0131004366812227,5.473489581291436
2022-04-14,444,473,655,1572,0.2849872773536895,0.3991088478676002,123.0,78.0,228593637.0,300094991.0,-29,0.9386892177589852,-0.0316248636859323,0.2824427480916031,0.3008905852417303,0.0286259541984732,0.7617375959467447
2022-04-15,347,686,570,1603,0.2669993761696818,0.3732833957553059,147.0,98.0,163172620.0,573266057.0,-339,0.5058309037900874,-0.3281703775411423,0.2164691203992514,0.4279475982532751,0.0305676855895196,0.2846368069547156
2022-04-18,248,788,567,1603,0.2320648783530879,0.3220973782771535,142.0,106.0,138058892.0,738452425.0,-540,0.3147208121827411,-0.5212355212355212,0.1547099189020586,0.4915782907049282,0.0224578914535246,0.1869570568476364
2022-04-19,277,698,629,1604,0.2401746724890829,0.3158551810237203,140.0,109.0,104538630.0,651345672.0,-421,0.3968481375358166,-0.4317948717948718,0.1726932668329177,0.4351620947630922,0.0193266832917705,0.1604963915381631
2022-04-20,197,768,639,1604,0.2096069868995633,0.282147315855181,116.0,119.0,101692458.0,639221319.0,-571,0.2565104166666667,-0.5917098445595855,0.1228179551122194,0.4788029925187032,-0.0018703241895261,0.1590880262865575
2022-04-21,236,718,650,1604,0.1802869619463506,0.2553058676654182,113.0,143.0,254697161.0,568412182.0,-482,0.3286908077994429,-0.5052410901467506,0.1471321695760598,0.4476309226932668,-0.0187032418952618,0.4480853314998094
2022-04-22,506,548,550,1604,0.1703056768558952,0.250936329588015,113.0,126.0,465189381.0,454489716.0,-42,0.9233576642335768,-0.0398481973434535,0.3154613466334164,0.341645885286783,-0.0081047381546134,1.023542149851417
2022-04-25,219,809,576,1604,0.1422333125389893,0.2084893882646691,106.0,134.0,74660015.0,721544755.0,-590,0.2707045735475896,-0.5739299610894941,0.1365336658354114,0.5043640897755611,-0.0174563591022443,0.1034724658209177
2022-04-26,667,269,668,1604,0.1416094822208359,0.212234706616729,98.0,151.0,691173208.0,62484625.0,398,2.479553903345725,0.4252136752136752,0.4158354114713217,0.1677057356608478,-0.0330423940149625,11.061492455143965
2022-04-27,649,242,680,1571,0.1624203821656051,0.2313575525812619,92.0,80.0,429179937.0,83456825.0,407,2.6818181818181817,0.4567901234567901,0.4131126670910248,0.1540420114576702,0.0076384468491406,5.142538516172883
2022-04-28,560,340,671,1571,0.1789808917197452,0.2345442957297641,86.0,78.0,291918577.0,203193863.0,220,1.6470588235294117,0.2444444444444444,0.3564608529598981,0.2164226607256524,0.0050922978994271,1.4366505596677397
2022-04-29,767,230,575,1572,0.2229299363057325,0.260038240917782,98.0,85.0,575415328.0,45357143.0,537,3.334782608695652,0.5386158475426279,0.487913486005089,0.1463104325699745,0.0082697201017811,12.686322152169064
2022-05-04,379,593,633,1605,0.2189644416718652,0.2465667915106117,110.0,94.0,224208210.0,342558949.0,-214,0.6391231028667791,-0.2201646090534979,0.2361370716510903,0.3694704049844237,0.0099688473520249,0.6545098607247303
2022-05-05,354,533,719,1606,0.2233312538989394,0.2484394506866417,108.0,89.0,215011648.0,333761833.0,-179,0.6641651031894934,-0.201803833145434,0.2204234122042341,0.3318804483188045,0.0118306351183063,0.6442068167812346
2022-05-06,226,808,572,1606,0.2139737991266375,0.2253433208489388,117.0,99.0,75618189.0,514254236.0,-582,0.2797029702970297,-0.562862669245648,0.1407222914072229,0.5031133250311333,0.0112079701120797,0.1470443677589852
2022-05-09,145,899,561,1605,0.1822721598002497,0.1917551530293566,106.0,130.0,2955619.0,727877368.0,-754,0.1612903225806451,-0.7222222222222222,0.0903426791277258,0.5601246105919003,-0.0149532710280373,0.0040606002191292
2022-05-10,558,356,691,1605,0.1991260923845193,0.1961274203622735,110.0,173.0,520000542.0,143327743.0,202,1.5674157303370786,0.2210065645514223,0.3476635514018691,0.2218068535825545,-0.0392523364485981,3.62805226061503
2022-05-11,583,285,738,1606,0.2234706616729088,0.1980012492192379,112.0,100.0,280487490.0,120743731.0,298,2.0456140350877194,0.3433179723502304,0.363013698630137,0.1774595267745952,0.0074719800747198,2.3229983675094488
2022-05-12,136,783,687,1606,0.1897627965043695,0.1811367895065584,109.0,129.0,2926108.0,583463203.0,-647,0.1736909323116219,-0.7040261153427638,0.0846824408468244,0.487546699875467,-0.012453300124533,0.0050150686195029
2022-05-13,151,897,559,1607,0.1554307116104868,0.1574016239850093,110.0,212.0,27382117.0,817078690.0,-746,0.1683389074693422,-0.7118320610687023,0.0939639079029247,0.5581829495955196,-0.0634723086496577,0.0335122153289789
2022-05-16,579,376,650,1605,0.170625,0.1557223264540337,109.0,168.0,340746634.0,249867110.0,203,1.5398936170212767,0.212565445026178,0.3607476635514018,0.2342679127725856,-0.0367601246105919,1.363711430447969
2022-05-17,792,144,669,1605,0.2136164896939412,0.1694809255784865,108.0,149.0,613439107.0,7063750.0,648,5.5,0.6923076923076923,0.4934579439252336,0.0897196261682242,-0.0255451713395638,86.84326413024243
2022-05-18,435,415,756,1606,0.2298563397876327,0.1694809255784865,109.0,99.0,338601406.0,193837203.0,20,1.0481927710843373,0.0235294117647058,0.2708592777085927,0.2584059775840597,0.0062266500622665,1.7468339449780443
2022-05-19,307,515,785,1607,0.2347066167290886,0.1636477201748906,108.0,97.0,244745045.0,225790171.0,-208,0.596116504854369,-0.2530413625304136,0.1910392034847542,0.3204729309271935,0.0068450528935905,1.0839490661442477
2022-05-20,468,410,694,1572,0.2582908163265306,0.1703892788768347,95.0,83.0,317156097.0,188452706.0,58,1.1414634146341462,0.0660592255125284,0.2977099236641221,0.2608142493638677,0.0076335877862595,1.682947959367588
2022-05-23,244,637,726,1607,0.2365792759051186,0.1580262336039975,101.0,98.0,134918042.0,397847541.0,-393,0.3830455259026687,-0.4460839954597049,0.1518357187305538,0.3963907902924704,0.0018668326073428,0.339119959522384
2022-05-24,375,419,813,1607,0.2272159800249688,0.1542785758900687,102.0,104.0,326993841.0,209048578.0,-44,0.8949880668257757,-0.0554156171284634,0.2333540759178593,0.2607342874922215,-0.0012445550715619,1.564200264495461
2022-05-25,709,183,715,1607,0.3002496878901373,0.1667707682698313,105.0,101.0,640056259.0,66448672.0,526,3.8743169398907114,0.5896860986547086,0.4411947728686994,0.1138767890479153,0.0024891101431238,9.63234086905454
2022-05-26,475,388,746,1609,0.3322942643391521,0.1734248284466625,106.0,99.0,301971030.0,267215163.0,87,1.2242268041237114,0.100811123986095,0.2952144188937228,0.2411435674331883,0.0043505282784338,1.130066971536342
2022-05-27,582,327,699,1608,0.3802992518703242,0.1897627965043695,102.0,101.0,430393407.0,187967577.0,255,1.779816513761468,0.2805280528052805,0.3619402985074627,0.2033582089552238,0.0006218905472636,2.289721524686143
2022-05-30,576,326,707,1609,0.443613707165109,0.2058640049906425,112.0,90.0,414493228.0,110489912.0,250,1.7668711656441718,0.2771618625277162,0.3579863269111249,0.2026103169670602,0.0136730888750776,3.751412418538264
2022-05-31,350,507,752,1609,0.4473520249221184,0.2114784778540237,109.0,89.0,273898488.0,350925429.0,-157,0.6903353057199211,-0.1831971995332555,0.2175264139216905,0.3151025481665631,0.0124300807955251,0.7805033929302398
2022-06-01,364,477,767,1608,0.449221183800623,0.215980024968789,118.0,93.0,266547898.0,293852830.0,-113,0.7631027253668763,-0.1343638525564803,0.2263681592039801,0.2966417910447761,0.015547263681592,0.9070795676869948
2022-06-02,277,581,750,1608,0.4218068535825545,0.2166042446941323,118.0,96.0,120905939.0,479648708.0,-304,0.4767641996557659,-0.3543123543123543,0.1722636815920398,0.361318407960199,0.0136815920398009,0.2520718538034715
2022-06-03,355,567,686,1608,0.4130841121495327,0.214107365792759,114.0,99.0,204204345.0,284310190.0,-212,0.6261022927689595,-0.2299349240780911,0.2207711442786069,0.3526119402985074,0.0093283582089552,0.7182449035681767
2022-06-06,338,561,709,1608,0.386052303860523,0.2247191011235955,121.0,107.0,208927253.0,434799644.0,-223,0.6024955436720143,-0.2480533926585094,0.2101990049751243,0.3488805970149253,0.0087064676616915,0.4805138547905527
2022-06-07,295,567,746,1608,0.3661270236612702,0.2184769038701623,110.0,125.0,288059755.0,440188053.0,-272,0.5202821869488536,-0.3155452436194895,0.183457711442786,0.3526119402985074,-0.0093283582089552,0.6544015745924845
2022-06-08,682,223,703,1608,0.4374611076540137,0.2446941323345817,124.0,104.0,497059544.0,127347069.0,459,3.0582959641255605,0.507182320441989,0.4241293532338308,0.138681592039801,0.0124378109452736,3.903187940666306
2022-06-09,415,406,787,1608,0.4499066583696328,0.249063670411985,113.0,97.0,342941222.0,119490818.0,9,1.022167487684729,0.0109622411693057,0.2580845771144278,0.2524875621890547,0.0099502487562189,2.870021544249534
2022-06-10,273,697,638,1608,0.3833229620410703,0.2459425717852684,119.0,101.0,98664968.0,589368716.0,-424,0.3916786226685796,-0.4371134020618556,0.169776119402985,0.433457711442786,0.0111940298507462,0.1674078812150592
2022-06-13,141,850,617,1608,0.2356965174129353,0.2003745318352059,109.0,146.0,50466171.0,772286809.0,-709,0.1658823529411764,-0.715438950554995,0.0876865671641791,0.5286069651741293,-0.0230099502487562,0.065346410701157
2022-06-14,355,499,754,1608,0.240049751243781,0.2028714107365792,110.0,182.0,237339712.0,325402367.0,-144,0.7114228456913828,-0.1686182669789227,0.2207711442786069,0.3103233830845771,-0.044776119402985,0.7293730349539836
2022-06-15,189,694,725,1608,0.2157960199004975,0.1891385767790262,105.0,228.0,63612919.0,634751344.0,-505,0.2723342939481268,-0.5719139297848245,0.1175373134328358,0.431592039800995,-0.0764925373134328,0.1002170686227015
2022-06-16,508,347,753,1608,0.240049751243781,0.2103620474406991,111.0,176.0,358781297.0,205512801.0,161,1.4639769452449567,0.1883040935672514,0.3159203980099502,0.2157960199004975,-0.0404228855721393,1.745785640866235
2022-06-17,198,825,585,1608,0.2095771144278607,0.2084893882646691,110.0,266.0,141547405.0,635285463.0,-627,0.24,-0.6129032258064516,0.1231343283582089,0.5130597014925373,-0.0970149253731343,0.2228091358041983
2022-06-20,207,729,674,1610,0.1871890547263681,0.196629213483146,106.0,302.0,54921166.0,645389655.0,-522,0.2839506172839506,-0.5576923076923077,0.1285714285714285,0.4527950310559006,-0.1217391304347826,0.0850976856764151
2022-06-21,300,578,732,1610,0.1710199004975124,0.1878901373283395,104.0,312.0,186460056.0,484801558.0,-278,0.5190311418685121,-0.316628701594533,0.186335403726708,0.3590062111801242,-0.1291925465838509,0.3846110907094073
2022-06-22,562,325,724,1611,0.1648009950248756,0.1772784019975031,108.0,190.0,379875899.0,216901746.0,237,1.7292307692307691,0.2671927846674182,0.3488516449410304,0.201738050900062,-0.0509000620732464,1.7513731724409447
2022-06-23,634,219,758,1611,0.1847014925373134,0.1910112359550561,107.0,133.0,377306869.0,43655782.0,415,2.894977168949772,0.4865181711606096,0.393544382371198,0.1359404096834264,-0.0161390440720049,8.642769679397794
2022-06-24,507,393,710,1610,0.2047293092719352,0.2017489069331667,104.0,121.0,208503511.0,216805569.0,114,1.2900763358778626,0.1266666666666666,0.3149068322981366,0.2440993788819875,-0.0105590062111801,0.961707358172151
2022-06-27,630,284,696,1610,0.2308649657747355,0.21736414740787,108.0,116.0,423015875.0,47146553.0,346,2.218309859154929,0.3785557986870897,0.391304347826087,0.1763975155279503,-0.0049689440993788,8.97236060926872
2022-06-28,566,299,745,1610,0.2551337896701929,0.2309612983770287,109.0,109.0,398241276.0,166182432.0,267,1.8929765886287624,0.3086705202312139,0.3515527950310559,0.1857142857142857,0.0,2.3964102053819984
2022-06-29,377,446,786,1609,0.2719352831362788,0.2365792759051186,107.0,112.0,335337839.0,187714866.0,-69,0.8452914798206278,-0.0838396111786148,0.2343070229956494,0.2771908017402113,-0.0031075201988812,1.786421321580359
2022-06-30,244,616,748,1608,0.2602739726027397,0.2317301686445971,107.0,112.0,49841328.0,474392771.0,-372,0.3961038961038961,-0.4325581395348837,0.1517412935323383,0.3830845771144278,-0.0031094527363184,0.1050634222248719
2022-07-01,402,491,715,1608,0.2608966376089663,0.2379762648344784,104.0,139.0,376854573.0,162744756.0,-89,0.8187372708757638,-0.0996640537513997,0.25,0.3053482587064676,-0.0217661691542288,2.315617303208221
2022-07-04,449,398,761,1608,0.2714819427148194,0.231105559025609,103.0,119.0,312363657.0,103477947.0,51,1.128140703517588,0.0602125147579693,0.279228855721393,0.2475124378109452,-0.0099502487562189,3.0186495389205974
2022-07-05,231,613,764,1608,0.2515566625155666,0.2186133666458463,101.0,128.0,212848293.0,362534406.0,-382,0.3768352365415987,-0.45260663507109,0.1436567164179104,0.3812189054726368,-0.0167910447761194,0.587111980207473
2022-07-06,198,639,771,1608,0.2428393524283935,0.2048719550281074,105.0,141.0,60346283.0,506888508.0,-441,0.3098591549295774,-0.5268817204301075,0.1231343283582089,0.3973880597014925,-0.0223880597014925,0.1190523794632961
2022-07-07,427,362,819,1608,0.2515566625155666,0.2117426608369768,105.0,140.0,273670754.0,100207027.0,65,1.1795580110497237,0.082382762991128,0.265547263681592,0.2251243781094527,-0.0217661691542288,2.73105352182537
2022-07-08,642,259,704,1605,0.3268870867124142,0.2188868042526579,109.0,121.0,402052462.0,74743437.0,383,2.4787644787644787,0.4250832408435072,0.4,0.1613707165109034,-0.0074766355140186,5.379100535609568
2022-07-11,304,541,760,1605,0.3256394260761073,0.2195121951219512,113.0,116.0,200971783.0,322009351.0,-237,0.5619223659889094,-0.2804733727810651,0.1894080996884735,0.3370716510903427,-0.0018691588785046,0.6241178474348095
2022-07-12,644,218,741,1603,0.4328544659587757,0.2391984971822166,109.0,105.0,512341770.0,16903241.0,426,2.9541284403669725,0.494199535962877,0.4017467248908297,0.1359950093574547,0.0024953212726138,30.31026830890005
2022-07-13,454,351,798,1603,0.452841973766396,0.2453066332916145,107.0,113.0,341714455.0,196739857.0,103,1.2934472934472934,0.1279503105590062,0.2832189644416719,0.2189644416718652,-0.0037429819089207,1.7368847381036776
2022-07-14,473,314,817,1604,0.4940736119775421,0.2640801001251564,109.0,109.0,393990877.0,137280735.0,159,1.5063694267515924,0.2020330368487929,0.2948877805486284,0.1957605985037406,0.0,2.869964798775298
2022-07-15,479,417,707,1603,0.5049937578027466,0.271759549154665,109.0,115.0,315103356.0,271952863.0,62,1.1486810551558753,0.0691964285714285,0.2988147223955084,0.2601372426699938,-0.0037429819089207,1.158669015372712
2022-07-18,470,378,751,1599,0.5081351689612015,0.2923462986198243,108.0,109.0,282827107.0,224630657.0,92,1.2433862433862437,0.1084905660377358,0.2939337085678549,0.2363977485928705,-0.0006253908692933,1.2590761687528698
2022-07-19,380,411,809,1600,0.5065666041275797,0.2984326018808777,113.0,109.0,234651302.0,273259501.0,-31,0.924574209245742,-0.0391908975979772,0.2375,0.256875,0.0025,0.8587123270784279
2022-07-20,642,214,745,1601,0.5459662288930581,0.3395989974937343,113.0,110.0,585802027.0,94530667.0,428,3.0,0.5,0.400999375390381,0.1336664584634603,0.0018738288569643,6.196952222922536
2022-07-21,346,464,792,1602,0.5465916197623515,0.3408521303258145,119.0,100.0,243589075.0,273706020.0,-118,0.7456896551724138,-0.145679012345679,0.215980024968789,0.2896379525593008,0.011860174781523,0.8899660847795748
2022-07-22,412,468,721,1601,0.5319148936170213,0.347962382445141,114.0,101.0,171417827.0,338626073.0,-56,0.8803418803418803,-0.0636363636363636,0.2573391630231105,0.292317301686446,0.0081199250468457,0.5062156776096801
2022-07-25,298,560,742,1600,0.493425172197871,0.3247648902821317,112.0,104.0,128785870.0,319892288.0,-262,0.5321428571428571,-0.3053613053613053,0.18625,0.35,0.005,0.4025913560004297
2022-07-26,294,511,795,1600,0.4614902943018159,0.322884012539185,107.0,111.0,117016363.0,297409547.0,-217,0.5753424657534246,-0.2695652173913043,0.18375,0.319375,-0.0025,0.3934519391874128
2022-07-27,444,315,841,1600,0.4821540388227927,0.3347962382445141,108.0,112.0,281456493.0,93745933.0,129,1.4095238095238096,0.1699604743083003,0.2775,0.196875,-0.0025,3.002332837201588
2022-07-28,635,227,738,1600,0.5410144020037571,0.3793103448275862,112.0,104.0,581448814.0,81048958.0,408,2.797356828193833,0.4733178654292343,0.396875,0.141875,0.005,7.174044285677306
2022-07-29,433,455,692,1580,0.5418781725888325,0.3983481575603558,109.0,100.0,331658240.0,237089126.0,-22,0.9516483516483516,-0.0247747747747747,0.2740506329113924,0.2879746835443038,0.0056962025316455,1.398875796606547
2022-08-01,641,263,667,1571,0.589661774090619,0.4428115015974441,99.0,88.0,675335549.0,72018114.0,378,2.4372623574144487,0.4181415929203539,0.4080203691915977,0.1674092934436664,0.0070019096117122,9.377301230076643
2022-08-02,534,315,723,1572,0.6103316326530612,0.4782886334610473,102.0,90.0,628341078.0,205445445.0,219,1.6952380952380952,0.2579505300353357,0.3396946564885496,0.2003816793893129,0.0076335877862595,3.0584327532791
2022-08-03,524,348,703,1575,0.6059834500318269,0.4977692797960484,99.0,87.0,597890509.0,154897939.0,176,1.5057471264367817,0.2018348623853211,0.3326984126984127,0.2209523809523809,0.0076190476190476,3.859899704669408
2022-08-04,419,398,758,1575,0.6085295989815405,0.5130656469088591,95.0,83.0,278000954.0,377067189.0,21,1.0527638190954771,0.025703794369645,0.266031746031746,0.2526984126984127,0.0076190476190476,0.7372716643346022
2022-08-05,558,363,663,1584,0.6215189873417721,0.5291508238276299,97.0,88.0,528212723.0,161987377.0,195,1.537190082644628,0.2117263843648208,0.3522727272727273,0.2291666666666666,0.0056818181818181,3.260826446989138
2022-08-08,525,359,694,1578,0.6327827191867853,0.5604325699745547,95.0,86.0,445822018.0,238082151.0,166,1.4623955431754874,0.1877828054298642,0.3326996197718631,0.2275031685678073,0.0057034220532319,1.8725554021057207
2022-08-09,518,342,718,1578,0.645079365079365,0.594147582697201,94.0,86.0,487359981.0,244093807.0,176,1.5146198830409356,0.2046511627906976,0.3282636248415716,0.2167300380228136,0.0050697084917617,1.9966093650217025
2022-08-10,413,418,749,1580,0.6385542168674698,0.5965692503176621,99.0,81.0,349849773.0,299716393.0,-5,0.9880382775119616,-0.0060168471720818,0.2613924050632911,0.2645569620253165,0.0113924050632911,1.167269395905215
2022-08-11,275,578,725,1578,0.6209523809523809,0.589058524173028,98.0,80.0,174718436.0,713399149.0,-303,0.4757785467128028,-0.3552168815943728,0.1742712294043092,0.3662864385297845,0.0114068441064638,0.2449097903255278
2022-08-12,578,323,682,1583,0.6310126582278481,0.6138237159162968,99.0,80.0,527899434.0,55137805.0,255,1.7894736842105263,0.2830188679245283,0.3651295009475679,0.2040429564118762,0.0120025268477574,9.574182976634631
2022-08-15,463,420,694,1577,0.6158730158730159,0.6078930617441121,96.0,76.0,414103189.0,173046131.0,43,1.1023809523809525,0.0486976217440543,0.2935954343690551,0.2663284717818643,0.0126823081800887,2.3930219451135835
2022-08-16,396,450,732,1578,0.6072335025380711,0.6199872692552514,97.0,72.0,355306967.0,255974831.0,-54,0.88,-0.0638297872340425,0.2509505703422053,0.2851711026615969,0.0158428390367553,1.3880543083550272
2022-08-17,334,496,746,1576,0.5756035578144854,0.6137667304015296,95.0,75.0,168207200.0,525359439.0,-162,0.6733870967741935,-0.1951807228915662,0.2119289340101522,0.3147208121827411,0.0126903553299492,0.3201754599102197
2022-08-18,301,512,761,1574,0.5438931297709924,0.6081684747925973,96.0,75.0,210251525.0,373133789.0,-211,0.587890625,-0.2595325953259532,0.1912325285895806,0.3252858958068615,0.0133418043202033,0.5634749014917007
2022-08-19,325,575,682,1582,0.4816455696202532,0.594920634920635,89.0,78.0,222145243.0,414685680.0,-250,0.5652173913043478,-0.2777777777777778,0.2054361567635904,0.3634639696586599,0.006953223767383,0.5356954766318431
2022-08-22,302,564,710,1576,0.4155019059720457,0.5646908859145953,90.0,80.0,195404755.0,436623605.0,-262,0.5354609929078015,-0.302540415704388,0.1916243654822335,0.3578680203045685,0.0063451776649746,0.4475359388780641
2022-08-23,587,243,746,1576,0.4561626429479034,0.5882727852135118,92.0,82.0,559799052.0,49009797.0,344,2.4156378600823047,0.4144578313253012,0.3724619289340101,0.1541878172588832,0.0063451776649746,11.422186710954955
2022-08-24,512,330,732,1574,0.4666242848061029,0.6017868538608807,93.0,78.0,371830668.0,207850490.0,182,1.5515151515151515,0.2161520190023753,0.3252858958068615,0.2096569250317662,0.0095298602287166,1.7889333241408285
2022-08-25,468,351,755,1574,0.4933248569612206,0.6118546845124283,90.0,76.0,402721627.0,199263048.0,117,1.3333333333333333,0.1428571428571428,0.2973316391359593,0.2229987293519695,0.0088945362134688,2.021055238500617
2022-08-26,283,623,677,1583,0.427307206068268,0.5963244613434727,92.0,80.0,151221090.0,553683523.0,-340,0.4542536115569823,-0.3752759381898454,0.17877447883765,0.3935565382185723,0.0075805432722678,0.2731182773520967
2022-08-29,221,666,688,1575,0.3430749682337992,0.5535031847133758,93.0,88.0,188737860.0,739590056.0,-445,0.3318318318318318,-0.5016910935738444,0.1403174603174603,0.4228571428571429,0.0031746031746031,0.2551925333079383
2022-08-30,453,343,781,1577,0.3597715736040609,0.5693384223918575,96.0,79.0,192665147.0,313477814.0,110,1.3206997084548104,0.1381909547738693,0.2872542802790108,0.2175015852885225,0.0107799619530754,0.614605367255751
2022-08-31,473,350,750,1573,0.3740458015267175,0.5771683673469388,96.0,84.0,294859930.0,162910031.0,123,1.3514285714285714,0.1494532199270959,0.3006993006993007,0.2225047679593134,0.0076287349014621,1.8099556435539568
2022-09-05,343,502,729,1574,0.3553719008264462,0.5493945188017846,92.0,80.0,238183124.0,236394574.0,-159,0.6832669322709163,-0.1881656804733728,0.2179161372299873,0.3189326556543837,0.0076238881829733,1.007565952000235
2022-09-06,373,429,773,1575,0.3424396442185514,0.5414012738853503,97.0,85.0,260906025.0,295279289.0,-56,0.8694638694638694,-0.0698254364089775,0.2368253968253968,0.2723809523809524,0.0076190476190476,0.8835906706616324
2022-09-07,178,694,703,1575,0.2706480304955527,0.456687898089172,98.0,87.0,45782770.0,821423292.0,-516,0.2564841498559078,-0.591743119266055,0.113015873015873,0.4406349206349206,0.0069841269841269,0.0557359043088834
2022-09-08,316,494,765,1575,0.2706480304955527,0.443312101910828,94.0,97.0,132226257.0,469304783.0,-178,0.6396761133603239,-0.219753086419753,0.2006349206349206,0.3136507936507936,-0.0019047619047619,0.2817492209534971
2022-09-09,512,356,714,1582,0.3036053130929791,0.4514901712111604,95.0,101.0,465261890.0,116239520.0,156,1.4382022471910112,0.1797235023041474,0.3236409608091024,0.225031605562579,-0.0037926675094816,4.00261365497724
2022-09-12,441,426,709,1576,0.2996825396825396,0.4392106938255888,110.0,86.0,175465940.0,184473157.0,15,1.0352112676056338,0.0173010380622837,0.2798223350253807,0.2703045685279188,0.015228426395939,0.9511732918410456
2022-09-13,374,407,794,1575,0.3066666666666666,0.4426751592356688,109.0,90.0,230323251.0,185707737.0,-33,0.918918918918919,-0.0422535211267605,0.2374603174603174,0.2584126984126984,0.012063492063492,1.2402458547001731
2022-09-14,289,500,788,1577,0.2993024730500951,0.4249363867684478,106.0,103.0,356118085.0,191651466.0,-211,0.578,-0.2674271229404309,0.1832593532022828,0.3170577045022194,0.0019023462270133,1.8581547662150415
2022-09-15,374,389,814,1577,0.3157894736842105,0.4262086513994911,105.0,93.0,156720876.0,221589643.0,-15,0.961439588688946,-0.019659239842726,0.2371591629676601,0.2466708941027267,0.0076093849080532,0.7072572250138965
2022-09-16,248,681,651,1580,0.2841772151898734,0.3752380952380952,107.0,122.0,112522778.0,524832635.0,-433,0.3641703377386197,-0.4660925726587728,0.1569620253164557,0.4310126582278481,-0.0094936708860759,0.2143974488171834
2022-09-19,208,707,662,1577,0.2492073557387444,0.326972010178117,101.0,133.0,79125544.0,639357223.0,-499,0.2942008486562942,-0.5453551912568306,0.1318960050729232,0.4483195941661382,-0.020291693088142,0.1237579574509632
2022-09-20,544,272,761,1577,0.258719086873811,0.3333333333333333,95.0,127.0,377092064.0,67890568.0,272,2.0,0.3333333333333333,0.3449587824984147,0.1724793912492073,-0.020291693088142,5.554410209088249
2022-09-21,323,461,794,1578,0.261723700887199,0.3210425937698665,95.0,111.0,127721294.0,230696771.0,-138,0.7006507592190889,-0.1760204081632653,0.2046894803548796,0.2921419518377693,-0.0101394169835234,0.5536327771141626
2022-09-22,505,303,769,1577,0.2707672796448954,0.3242212333121424,103.0,124.0,400907194.0,75615802.0,202,1.6666666666666667,0.25,0.3202282815472416,0.1921369689283449,-0.0133164235890932,5.3018970029571335
2022-09-23,376,487,717,1580,0.2778481012658227,0.3280456852791878,104.0,109.0,159452263.0,322867759.0,-111,0.7720739219712526,-0.1286210892236384,0.2379746835443038,0.3082278481012658,-0.0031645569620253,0.4938624515927587
2022-09-26,162,781,633,1576,0.2265228426395939,0.2760814249363867,100.0,159.0,67892844.0,714232913.0,-619,0.2074263764404609,-0.6564156945917285,0.1027918781725888,0.4955583756345177,-0.0374365482233502,0.0950570083851624
2022-09-27,373,410,793,1576,0.2209523809523809,0.2737110120942075,103.0,137.0,144789425.0,275498191.0,-37,0.9097560975609756,-0.0472541507024265,0.2366751269035533,0.2601522842639593,-0.0215736040609137,0.52555490282693
2022-09-28,224,578,774,1576,0.2006349206349206,0.2398218829516539,98.0,172.0,123845967.0,408929223.0,-354,0.3875432525951557,-0.4413965087281795,0.1421319796954314,0.366751269035533,-0.0469543147208121,0.3028542839062397
2022-09-29,281,499,795,1575,0.2064803049555273,0.2372773536895674,102.0,151.0,32232608.0,406024709.0,-218,0.56312625250501,-0.2794871794871795,0.1784126984126984,0.3168253968253968,-0.0311111111111111,0.079385828708272
2022-09-30,365,537,678,1580,0.2039265357821406,0.2289156626506024,99.0,262.0,370476497.0,265360221.0,-172,0.6797020484171322,-0.1906873614190687,0.2310126582278481,0.3398734177215189,-0.1031645569620253,1.3961267276755849
2022-10-03,165,742,668,1575,0.1867852604828462,0.2118320610687022,96.0,264.0,6060016.0,545562344.0,-577,0.2223719676549865,-0.6361631753031973,0.1047619047619047,0.4711111111111111,-0.1066666666666666,0.0111078340846779
2022-10-04,318,505,752,1575,0.1886912325285895,0.2092875318066157,96.0,299.0,124405422.0,414797493.0,-187,0.6297029702970297,-0.2272174969623329,0.2019047619047619,0.3206349206349206,-0.1288888888888889,0.2999184520143664
2022-10-05,658,200,718,1576,0.193015873015873,0.2148760330578512,95.0,161.0,417998096.0,8973020.0,458,3.29,0.5337995337995338,0.4175126903553299,0.1269035532994923,-0.0418781725888324,46.58388101218988
2022-10-06,186,679,710,1575,0.1829733163913595,0.2029262086513995,97.0,234.0,31614785.0,504094440.0,-493,0.2739322533136966,-0.5699421965317919,0.1180952380952381,0.4311111111111111,-0.0869841269841269,0.0627159962327694
2022-10-07,167,783,630,1580,0.1722609246358454,0.191381495564005,97.0,478.0,61950423.0,783470118.0,-616,0.2132822477650063,-0.6484210526315789,0.1056962025316455,0.4955696202531645,-0.2411392405063291,0.0790718389594024
2022-10-10,483,362,733,1578,0.1757614213197969,0.1987301587301587,96.0,444.0,416447512.0,126989669.0,121,1.3342541436464088,0.1431952662721893,0.3060836501901141,0.229404309252218,-0.2205323193916349,3.2793810337437765
2022-10-11,155,702,720,1577,0.1612698412698412,0.1842439644218551,96.0,381.0,26601120.0,571585909.0,-547,0.2207977207977208,-0.6382730455075846,0.098287888395688,0.445149017121116,-0.180722891566265,0.0465391458766699
2022-10-12,602,229,747,1578,0.1668781725888324,0.1796825396825397,95.0,353.0,483335206.0,74326500.0,373,2.62882096069869,0.4488567990373044,0.3814955640050697,0.1451204055766793,-0.1634980988593156,6.502865142311289
2022-10-13,424,342,811,1577,0.1853968253968254,0.187420584498094,98.0,189.0,285094323.0,81050563.0,82,1.239766081871345,0.1070496083550913,0.268864933417882,0.216867469879518,-0.0577045022194039,3.5174872628583715
2022-10-14,609,265,709,1583,0.2049335863377609,0.1886075949367088,102.0,178.0,461277374.0,56274933.0,344,2.29811320754717,0.3935926773455377,0.3847125710675931,0.1674036639292482,-0.0480101073910296,8.196853366311426
2022-10-17,355,448,774,1577,0.2133333333333333,0.1842439644218551,98.0,153.0,226650811.0,189006277.0,-93,0.7924107142857143,-0.1158156911581569,0.2251109701965757,0.2840837032339885,-0.0348763474952441,1.1991708137820205
2022-10-18,549,268,761,1578,0.2373096446700507,0.193015873015873,98.0,142.0,283598919.0,193820594.0,281,2.048507462686567,0.3439412484700122,0.3479087452471482,0.1698352344740177,-0.0278833967046894,1.4632032290645027
2022-10-19,307,442,830,1579,0.2415979708306911,0.1903553299492385,97.0,127.0,78442942.0,263593974.0,-135,0.6945701357466063,-0.1802403204272363,0.194426852438252,0.2799240025332489,-0.018999366687777,0.2975900427829962
2022-10-20,284,481,814,1579,0.2417512690355329,0.1847619047619047,98.0,152.0,63590530.0,277830505.0,-197,0.5904365904365905,-0.257516339869281,0.1798606713109563,0.3046231792273591,-0.0341988600379987,0.2288824619888302
2022-10-21,173,771,642,1586,0.2198357548957675,0.1802656546489563,101.0,309.0,12587857.0,713660015.0,-598,0.2243839169909209,-0.6334745762711864,0.1090794451450189,0.4861286254728877,-0.1311475409836065,0.0176384507124166
2022-10-24,170,736,674,1580,0.1953075459733671,0.1726984126984127,98.0,470.0,42113506.0,548774698.0,-566,0.2309782608695652,-0.6247240618101545,0.1075949367088607,0.4658227848101265,-0.2354430379746835,0.076740976130062
2022-10-25,334,494,750,1578,0.1866666666666666,0.1715374841168996,97.0,499.0,339849122.0,350552467.0,-160,0.6761133603238867,-0.1932367149758454,0.2116603295310519,0.3130544993662864,-0.2547528517110266,0.9694672095974723
2022-10-26,290,503,786,1579,0.1857958148383005,0.1637055837563451,96.0,342.0,85904955.0,260066017.0,-213,0.5765407554671969,-0.2686002522068096,0.1836605446485117,0.3185560481317289,-0.155794806839772,0.3303198010680496
2022-10-27,655,188,736,1579,0.2219403931515536,0.1757614213197969,94.0,284.0,594635971.0,7820850.0,467,3.484042553191489,0.5539739027283511,0.4148195060164661,0.1190626979100696,-0.1203293223559214,76.03214113555433
2022-10-28,446,393,745,1584,0.2378241619228336,0.1829113924050633,101.0,161.0,299203302.0,221145027.0,53,1.1348600508905853,0.0631704410011919,0.2815656565656566,0.2481060606060606,-0.0378787878787878,1.3529732323576058
2022-10-31,300,545,735,1580,0.2414448669201521,0.1775523145212428,100.0,183.0,209737220.0,324181242.0,-245,0.5504587155963303,-0.2899408284023668,0.189873417721519,0.3449367088607595,-0.0525316455696202,0.6469751880338591
2022-11-01,439,350,790,1579,0.2599873176918199,0.1840101522842639,100.0,168.0,379703759.0,182207063.0,89,1.2542857142857142,0.1128010139416983,0.2780240658644712,0.2216592780240658,-0.0430652311589613,2.0839135033969565
2022-11-02,328,420,832,1580,0.2460367786937222,0.174492385786802,98.0,165.0,228317764.0,222295767.0,-92,0.780952380952381,-0.1229946524064171,0.2075949367088607,0.2658227848101265,-0.0424050632911392,1.0270900210169094
2022-11-03,289,466,825,1580,0.2433460076045627,0.1776649746192893,99.0,183.0,144146231.0,212467663.0,-177,0.6201716738197425,-0.2344370860927152,0.1829113924050633,0.2949367088607595,-0.0531645569620253,0.6784384454777007
2022-11-04,172,710,702,1584,0.2098609355246523,0.1677215189873417,99.0,332.0,93688799.0,641049860.0,-538,0.2422535211267605,-0.6099773242630385,0.1085858585858585,0.4482323232323232,-0.1470959595959595,0.1461490046967641
2022-11-07,158,697,724,1579,0.180722891566265,0.1580952380952381,95.0,428.0,44422807.0,519867333.0,-539,0.2266857962697274,-0.6304093567251462,0.1000633312222925,0.441418619379354,-0.2108929702343255,0.0854502758302761
2022-11-08,349,425,806,1580,0.1818757921419518,0.1592639593908629,94.0,490.0,329670318.0,214836942.0,-76,0.8211764705882353,-0.0981912144702842,0.2208860759493671,0.2689873417721519,-0.250632911392405,1.5345141060516492
2022-11-09,431,315,835,1581,0.1983523447401774,0.1681472081218274,95.0,283.0,214070860.0,254402377.0,116,1.3682539682539685,0.1554959785522788,0.2726122707147375,0.1992409867172675,-0.1189120809614168,0.8414656440100794
2022-11-10,101,741,739,1581,0.1711026615969581,0.1560913705583756,95.0,495.0,4139828.0,674822252.0,-640,0.136302294197031,-0.7600950118764845,0.0638836179633143,0.4686907020872865,-0.2530044275774826,0.0061346939697536
2022-11-11,328,556,700,1584,0.1638203668564199,0.1500949968334388,94.0,533.0,297563765.0,379270966.0,-228,0.5899280575539568,-0.2579185520361991,0.207070707070707,0.351010101010101,-0.2771464646464646,0.7845677409432917
2022-11-14,172,708,701,1581,0.1533586818757921,0.1541878172588832,92.0,607.0,140520198.0,502605025.0,-536,0.2429378531073446,-0.6090909090909091,0.1087919038583175,0.4478178368121442,-0.3257432005060088,0.2795837506797708
2022-11-15,131,756,696,1583,0.1367088607594936,0.1419518377693282,94.0,683.0,80386518.0,540599642.0,-625,0.1732804232804232,-0.7046223224351748,0.0827542640555906,0.4775742261528743,-0.3720783322804801,0.1486987999152245
2022-11-16,689,199,694,1582,0.1563291139240506,0.1496512365250475,94.0,705.0,1000857233.0,28544582.0,490,3.4623115577889445,0.5518018018018018,0.4355246523388116,0.1257901390644753,-0.3862199747155499,35.0629493541016
2022-11-17,654,190,739,1583,0.1739405439595193,0.1539923954372623,92.0,212.0,526847496.0,84393809.0,464,3.442105263157895,0.5497630331753555,0.4131396083385976,0.1200252684775742,-0.0758054327226784,6.24272683319697
2022-11-18,565,313,707,1585,0.2058080808080808,0.159392789373814,93.0,208.0,693095547.0,160493661.0,252,1.805111821086262,0.2870159453302961,0.3564668769716088,0.1974763406940063,-0.0725552050473186,4.318522879230725
2022-11-21,545,313,723,1581,0.240025332488917,0.1668781725888324,91.0,176.0,375267518.0,161334555.0,232,1.7412140575079873,0.2703962703962704,0.34471853257432,0.1979759645793801,-0.053763440860215,2.326020721351356
2022-11-22,507,303,769,1579,0.279467680608365,0.1677255400254129,89.0,172.0,515542197.0,431213860.0,204,1.6732673267326732,0.2518518518518518,0.3210892970234325,0.1918936035465484,-0.0525649145028499,1.1955603583799463
2022-11-23,243,538,798,1579,0.2534854245880862,0.1638095238095238,89.0,164.0,93312933.0,435755514.0,-295,0.4516728624535316,-0.3777208706786171,0.1538948701709943,0.3407219759341355,-0.0474984167194426,0.2141405673641114
2022-11-24,355,406,817,1578,0.2669625871908687,0.1664548919949174,90.0,180.0,335527794.0,153583634.0,-51,0.874384236453202,-0.0670170827858081,0.2249683143219265,0.2572877059569075,-0.0570342205323193,2.184658516414581
2022-11-25,646,241,695,1582,0.3605313092979127,0.1863117870722433,93.0,197.0,587787086.0,27604717.0,405,2.680497925311203,0.4565952649379932,0.4083438685208597,0.152338811630847,-0.0657395701643489,21.292994454534707
2022-11-28,740,176,664,1580,0.4711842938568714,0.215736040609137,90.0,148.0,764389506.0,52126439.0,564,4.204545454545454,0.6157205240174672,0.4683544303797468,0.1113924050632911,-0.0367088607594936,14.664142048913028
2022-11-29,605,266,710,1581,0.5161494616846105,0.2290609137055837,91.0,142.0,1128996019.0,66304862.0,339,2.274436090225564,0.3892078071182548,0.3826691967109424,0.1682479443390259,-0.032258064516129,17.02734889939142
2022-11-30,562,277,743,1582,0.5386075949367088,0.2620558375634518,90.0,139.0,903783633.0,77457653.0,285,2.0288808664259927,0.3396901072705602,0.3552465233881163,0.175094816687737,-0.0309734513274336,11.668099897114104
2022-12-01,517,346,719,1582,0.5683544303797469,0.2866201648700063,89.0,133.0,648718165.0,586756035.0,171,1.4942196531791907,0.1981460023174971,0.3268015170670038,0.2187104930467762,-0.0278128950695322,1.105601180565616
2022-12-02,640,287,660,1587,0.5946969696969697,0.3535736875395319,90.0,141.0,1080017175.0,95540370.0,353,2.229965156794425,0.3807982740021575,0.403276622558286,0.1808443604284814,-0.0321361058601134,11.304301783633452
2022-12-05,563,339,681,1583,0.6065781151170145,0.398858592263792,91.0,111.0,901072776.0,246851712.0,224,1.6607669616519174,0.2483370288248337,0.3556538218572331,0.2141503474415666,-0.012634238787113,3.6502593751506978
2022-12-06,234,632,714,1580,0.5858138062064597,0.3453968253968254,90.0,115.0,210960448.0,1282366759.0,-398,0.370253164556962,-0.4595842956120092,0.1481012658227848,0.4,-0.0158227848101265,0.1645086684596446
2022-12-07,231,594,757,1582,0.5559772296015181,0.3138871274571972,92.0,119.0,126184589.0,743696365.0,-363,0.3888888888888889,-0.44,0.1460176991150442,0.3754740834386852,-0.0170670037926675,0.1696721873852375
2022-12-08,573,243,765,1581,0.5810126582278481,0.3585025380710659,94.0,119.0,763084529.0,177106133.0,330,2.3580246913580245,0.4044117647058823,0.3624288425047438,0.1537001897533206,-0.0158127767235926,4.308628482109087
2022-12-09,458,418,711,1587,0.5832282471626734,0.3748419721871049,95.0,129.0,528101134.0,267360514.0,40,1.0956937799043065,0.045662100456621,0.2885948330182735,0.2633900441083805,-0.0214240705734089,1.9752398216888527
2022-12-12,376,467,740,1583,0.577117572692794,0.370722433460076,97.0,118.0,155836093.0,736102105.0,-91,0.8051391862955032,-0.1079478054567022,0.2375236891977258,0.2950094756790903,-0.0132659507264687,0.2117044523327372
2022-12-13,446,314,822,1582,0.560404807084124,0.3912492073557387,99.0,122.0,699011741.0,81471224.0,132,1.4203821656050954,0.1736842105263158,0.281921618204804,0.1984829329962073,-0.0145385587863463,8.579860552972667
2022-12-14,477,295,808,1580,0.5731475617479417,0.4273015873015873,99.0,113.0,393003931.0,287869111.0,182,1.616949152542373,0.2357512953367875,0.3018987341772152,0.1867088607594936,-0.0088607594936708,1.3652174407833566
2022-12-15,403,345,832,1580,0.5737808739708676,0.445149017121116,98.0,109.0,450670650.0,195978345.0,58,1.1681159420289855,0.0775401069518716,0.2550632911392405,0.2183544303797468,-0.0069620253164556,2.2995941209729063
2022-12-16,428,384,774,1586,0.559621451104101,0.457016434892541,100.0,125.0,601485555.0,239062682.0,44,1.1145833333333333,0.0541871921182266,0.2698612862547289,0.2421185372005044,-0.0157629255989911,2.516016092381997
2022-12-19,339,465,777,1581,0.5316455696202531,0.4571972098922003,101.0,110.0,195554764.0,633180338.0,-126,0.7290322580645161,-0.1567164179104477,0.2144212523719165,0.2941176470588235,-0.0056925996204933,0.3088452882439315
2022-12-20,189,626,767,1582,0.420253164556962,0.3998732572877059,101.0,125.0,115958718.0,889374431.0,-437,0.3019169329073482,-0.5361963190184049,0.1194690265486725,0.3957016434892541,-0.0151706700379266,0.1303823383696984
2022-12-21,262,511,809,1582,0.3692210259658011,0.3794416243654822,100.0,121.0,173860960.0,583228371.0,-249,0.512720156555773,-0.3221216041397154,0.1656131479140328,0.3230088495575221,-0.0132743362831858,0.2981009989310002
2022-12-22,400,320,862,1582,0.3457884737175427,0.383248730964467,102.0,124.0,349093020.0,184408847.0,80,1.25,0.1111111111111111,0.2528445006321112,0.202275600505689,-0.0139064475347661,1.893038352980972
2022-12-23,391,428,767,1586,0.3232323232323232,0.3873417721518987,104.0,131.0,142799107.0,308537359.0,-37,0.9135514018691588,-0.0451770451770451,0.2465321563682219,0.2698612862547289,-0.0170239596469104,0.4628259847132483
2022-12-26,195,644,742,1581,0.2727848101265823,0.3293147208121827,105.0,134.0,15362370.0,620881226.0,-449,0.3027950310559006,-0.5351609058402861,0.1233396584440227,0.407337128399747,-0.0183428209993674,0.0247428483205578
2022-12-27,587,223,771,1581,0.2951234958834705,0.3784126984126984,105.0,131.0,522265986.0,29486899.0,364,2.632286995515695,0.4493827160493827,0.3712839974699557,0.1410499683744465,-0.0164452877925363,17.711797568133562
2022-12-28,457,288,835,1580,0.3236225459151362,0.3946700507614213,111.0,121.0,270710571.0,129859107.0,169,1.5868055555555556,0.2268456375838926,0.2892405063291139,0.1822784810126582,-0.0063291139240506,2.0846483335204207
2022-12-29,337,399,845,1581,0.3253164556962025,0.4001268230818008,109.0,112.0,124571810.0,266779759.0,-62,0.8446115288220551,-0.0842391304347826,0.2131562302340291,0.2523719165085389,-0.0018975332068311,0.4669462573433092
2022-12-30,436,364,786,1586,0.3457413249211356,0.4266750948166877,113.0,128.0,170661145.0,139379590.0,72,1.1978021978021978,0.09,0.274905422446406,0.2295081967213114,-0.0094577553593947,1.2244342589901434
2023-01-03,644,224,712,1580,0.4553514882837238,0.4860406091370558,107.0,113.0,582380574.0,11064010.0,420,2.875,0.4838709677419355,0.4075949367088607,0.1417721518987341,-0.0037974683544303,52.63738680641106
2023-01-04,373,371,834,1578,0.4533925174381737,0.4977777777777777,107.0,108.0,346491732.0,261361242.0,2,1.005390835579515,0.0026881720430107,0.2363751584283903,0.2351077313054499,-0.0006337135614702,1.3257196413231005
2023-01-05,380,361,837,1578,0.4603677869372226,0.5034920634920635,103.0,110.0,400640558.0,99787514.0,19,1.0526315789473684,0.0256410256410256,0.2408111533586818,0.2287705956907477,-0.0044359949302915,4.014936758520711
2023-01-06,294,534,759,1587,0.4252365930599369,0.4829329962073325,104.0,128.0,223077929.0,378049649.0,-240,0.550561797752809,-0.2898550724637681,0.1852551984877126,0.3364839319470699,-0.0151228733459357,0.5900757469027567
2023-01-09,341,412,830,1583,0.4159797083069118,0.473015873015873,102.0,115.0,164430500.0,213179431.0,-71,0.8276699029126213,-0.0942895086321381,0.2154137713202779,0.2602653190145294,-0.0082122552116235,0.7713244154404372
2023-01-10,400,308,876,1584,0.4277566539923954,0.4895238095238095,102.0,118.0,283880449.0,116044568.0,92,1.2987012987012987,0.1299435028248587,0.2525252525252525,0.1944444444444444,-0.0101010101010101,2.4463053626086144
2023-01-11,443,288,853,1584,0.4391634980988593,0.5041269841269841,100.0,119.0,386649378.0,132451024.0,155,1.5381944444444444,0.2120383036935704,0.2796717171717172,0.1818181818181818,-0.0119949494949494,2.919187533046177
2023-01-12,320,376,888,1584,0.4328263624841572,0.4996825396825397,100.0,119.0,234084974.0,172214919.0,-56,0.851063829787234,-0.0804597701149425,0.202020202020202,0.2373737373737373,-0.0119949494949494,1.3592607153855236
2023-01-13,361,393,836,1590,0.4476010101010101,0.5139064475347661,97.0,128.0,242227708.0,248696187.0,-32,0.9185750636132316,-0.0424403183023872,0.2270440251572327,0.2471698113207547,-0.0194968553459119,0.9739904375775572
2023-01-16,337,425,821,1583,0.4565630944831959,0.5034920634920635,97.0,116.0,217853309.0,167779973.0,-88,0.7929411764705883,-0.1154855643044619,0.2128869235628553,0.2684775742261528,-0.0120025268477574,1.2984464421149955
2023-01-17,567,182,833,1582,0.5206087507926442,0.5403174603174603,99.0,121.0,630095532.0,12732815.0,385,3.1153846153846154,0.514018691588785,0.3584070796460177,0.1150442477876106,-0.0139064475347661,49.48595671891879
2023-01-18,545,234,805,1584,0.5481622306717364,0.567258883248731,105.0,115.0,488837044.0,94158694.0,311,2.329059829059829,0.3992297817715019,0.3440656565656566,0.1477272727272727,-0.0063131313131313,5.191629399617629
2023-01-19,531,240,815,1586,0.5854430379746836,0.5950570342205324,108.0,108.0,399858995.0,165173150.0,291,2.2125,0.377431906614786,0.3348045397225725,0.1513240857503152,0.0,2.420847425867945
2023-01-27,601,262,725,1588,0.6209728363866077,0.640101201771031,105.0,105.0,413093389.0,212765400.0,339,2.2938931297709924,0.3928157589803013,0.378463476070529,0.1649874055415617,0.0,1.94154401514532
2023-01-30,485,376,724,1585,0.6348101265822785,0.6489226869455006,108.0,102.0,375453380.0,390769236.0,109,1.2898936170212767,0.1265969802555168,0.305993690851735,0.2372239747634069,0.0037854889589905,0.9608058808396064
2023-01-31,478,301,806,1585,0.6335443037974684,0.6493341788205453,105.0,107.0,652056675.0,79472027.0,177,1.5880398671096343,0.2272143774069319,0.301577287066246,0.1899053627760252,-0.0012618296529968,8.204857729374387
2023-02-01,239,588,758,1585,0.5670886075949367,0.6210392902408112,107.0,93.0,163496359.0,941989207.0,-349,0.4064625850340136,-0.4220072551390568,0.150788643533123,0.3709779179810725,0.0088328075709779,0.1735650024278887
2023-02-02,252,511,824,1587,0.5208596713021492,0.5826472450918303,108.0,102.0,170815012.0,459316528.0,-259,0.4931506849315068,-0.3394495412844037,0.1587901701323251,0.3219911783238815,0.0037807183364839,0.3718895393200394
2023-02-03,387,392,809,1588,0.4851547694251421,0.560404807084124,105.0,111.0,244936080.0,258136299.0,-5,0.9872448979591836,-0.0064184852374839,0.2437027707808564,0.2468513853904282,-0.0037783375314861,0.9488633754681668
2023-02-06,386,368,830,1584,0.4705509816339455,0.5542168674698795,109.0,104.0,297312847.0,104716848.0,18,1.048913043478261,0.0238726790450928,0.2436868686868686,0.2323232323232323,0.0031565656565656,2.839207373774276
2023-02-07,198,554,832,1584,0.4135528815706143,0.4952441344324667,102.0,101.0,88445932.0,553670027.0,-356,0.3574007220216607,-0.4734042553191489,0.125,0.3497474747474747,0.0006313131313131,0.1597448438363812
2023-02-08,422,305,859,1586,0.4260429835651074,0.5085497150094996,107.0,106.0,324021819.0,163099834.0,117,1.383606557377049,0.1609353507565337,0.266078184110971,0.1923076923076923,0.0006305170239596,1.9866471415292797
2023-02-09,369,351,866,1586,0.4224464060529634,0.5003166561114629,106.0,108.0,176792959.0,219879980.0,18,1.051282051282051,0.025,0.2326607818411097,0.221311475409836,-0.0012610340479192,0.8040430010954158
2023-02-10,255,541,794,1590,0.3773584905660377,0.4674668351231838,106.0,120.0,67470836.0,356889100.0,-286,0.4713493530499076,-0.3592964824120603,0.160377358490566,0.340251572327044,-0.0088050314465408,0.189052666500602
2023-02-13,183,641,760,1584,0.3150252525252525,0.4081115335868187,105.0,116.0,72833283.0,593802714.0,-458,0.2854914196567862,-0.5558252427184466,0.115530303030303,0.4046717171717172,-0.0069444444444444,0.122655692341615
2023-02-14,409,352,824,1585,0.3116719242902208,0.402153261557948,102.0,117.0,197091544.0,159312078.0,57,1.161931818181818,0.0749014454664914,0.2580441640378549,0.2220820189274448,-0.0094637223974763,1.237141254287073
2023-02-15,551,233,799,1583,0.34301958307012,0.4178820545339252,103.0,114.0,432791132.0,103668673.0,318,2.3648068669527897,0.4056122448979591,0.3480732785849652,0.1471888818698673,-0.0069488313329121,4.174753273826511
2023-02-16,535,198,851,1584,0.3648989898989899,0.4480354879594423,101.0,106.0,452918090.0,15283560.0,337,2.702020202020202,0.4597544338335607,0.3377525252525252,0.125,-0.0031565656565656,29.634331922667236
2023-02-17,352,455,782,1589,0.3517935808684707,0.4346178142766898,99.0,142.0,213280880.0,210409548.0,-103,0.7736263736263737,-0.127633209417596,0.2215229704216488,0.2863436123348017,-0.02706104468219,1.0136463959325648
2023-02-20,661,209,714,1584,0.4539141414141414,0.5082382762991128,101.0,132.0,717950153.0,7547516.0,452,3.1626794258373208,0.5195402298850574,0.4172979797979798,0.1319444444444444,-0.019570707070707,95.12403193315522
2023-02-21,370,428,786,1584,0.4488636363636363,0.5095057034220533,100.0,128.0,261081823.0,430917857.0,-58,0.8644859813084113,-0.0726817042606516,0.2335858585858586,0.2702020202020202,-0.0176767676767676,0.6058737616900383
2023-02-22,209,592,783,1584,0.3623737373737373,0.4613434727503168,101.0,127.0,101428918.0,775493897.0,-383,0.3530405405405405,-0.4781523096129838,0.1319444444444444,0.3737373737373737,-0.0164141414141414,0.130792670828717
2023-02-23,298,435,852,1585,0.3446969696969697,0.4524714828897338,99.0,131.0,426540710.0,203018260.0,-137,0.6850574712643678,-0.1869031377899045,0.1880126182965299,0.2744479495268139,-0.0201892744479495,2.100996777334216
2023-02-24,288,533,768,1589,0.3278791692888609,0.4200884396715098,98.0,144.0,94749180.0,341153921.0,-245,0.5403377110694184,-0.2984165651644336,0.1812460667086217,0.3354310887350535,-0.0289490245437382,0.2777314700715399
2023-02-27,198,614,772,1584,0.2859848484848485,0.3846641318124207,95.0,137.0,43510975.0,505673917.0,-416,0.3224755700325732,-0.5123152709359606,0.125,0.3876262626262626,-0.0265151515151515,0.0860455197257089
2023-02-28,398,316,870,1584,0.2910353535353535,0.3967046894803548,96.0,128.0,172348226.0,166526176.0,82,1.259493670886076,0.1148459383753501,0.2512626262626262,0.1994949494949495,-0.0202020202020202,1.034961770814938
2023-03-01,516,269,799,1584,0.341124447252053,0.4134432466708941,105.0,129.0,440237417.0,81510307.0,247,1.9182156133829,0.3146496815286624,0.3257575757575757,0.1698232323232323,-0.0151515151515151,5.401003053515674
2023-03-02,320,420,846,1586,0.3280757097791798,0.4129195693476884,104.0,122.0,130376513.0,206155380.0,-100,0.7619047619047619,-0.1351351351351351,0.201765447667087,0.2648171500630517,-0.0113493064312736,0.6324186785714736
2023-03-03,277,529,780,1586,0.3129337539432176,0.4027865737808739,104.0,144.0,52187755.0,357721265.0,-252,0.5236294896030246,-0.3126550868486352,0.1746532156368222,0.3335435056746532,-0.0252206809583858,0.1458894399246855
2023-03-06,472,319,794,1585,0.3434343434343434,0.4144486692015209,104.0,124.0,330117372.0,85202994.0,153,1.4796238244514106,0.1934260429835651,0.2977917981072555,0.2012618296529968,-0.0126182965299684,3.874480889720847
2023-03-07,388,342,857,1587,0.3461538461538461,0.4069620253164557,103.0,129.0,338244989.0,98872641.0,46,1.1345029239766082,0.0630136986301369,0.2444864524259609,0.2155009451795841,-0.0163831127914303,3.421017033417768
2023-03-08,450,270,868,1588,0.3730308758664146,0.4269449715370019,109.0,136.0,494092139.0,27310420.0,180,1.6666666666666667,0.25,0.2833753148614609,0.1700251889168765,-0.0170025188916876,18.091707817016363
2023-03-09,474,273,839,1586,0.4201892744479495,0.4424050632911392,110.0,124.0,326989056.0,132041173.0,201,1.7362637362637363,0.2690763052208835,0.2988650693568726,0.1721311475409836,-0.008827238335435,2.4764173823266478
2023-03-10,337,475,776,1588,0.4076874606175173,0.4304677623261694,106.0,144.0,169864434.0,319284511.0,-138,0.7094736842105264,-0.1699507389162561,0.2122166246851385,0.2991183879093199,-0.0239294710327455,0.5320158922460225
2023-03-13,258,542,785,1585,0.3579545454545454,0.402153261557948,103.0,132.0,165097639.0,360481151.0,-284,0.4760147601476014,-0.355,0.162776025236593,0.3419558359621451,-0.0182965299684542,0.4579924318983324
2023-03-14,200,582,805,1587,0.2868852459016393,0.3542061986084756,107.0,138.0,43139208.0,556962471.0,-382,0.3436426116838488,-0.4884910485933504,0.1260239445494644,0.3667296786389414,-0.0195337114051669,0.077454425111526
2023-03-15,621,179,787,1587,0.3839848675914249,0.4155597722960152,103.0,128.0,627017830.0,8496536.0,442,3.46927374301676,0.5525,0.391304347826087,0.1127914303717706,-0.015752993068683,73.7968779276637
2023-03-16,188,586,813,1587,0.328499369482976,0.3655913978494624,100.0,138.0,50393824.0,456788815.0,-398,0.3208191126279863,-0.5142118863049095,0.1184625078764965,0.3692501575299307,-0.0239445494643982,0.1103219307154007
2023-03-17,368,384,836,1588,0.3276622558286074,0.3584070796460177,102.0,153.0,371042148.0,138515943.0,-16,0.9583333333333334,-0.0212765957446808,0.2317380352644836,0.2418136020151133,-0.0321158690176322,2.678696328840645
2023-03-20,196,629,762,1587,0.2704918032786885,0.3206831119544592,103.0,138.0,35537757.0,463210287.0,-433,0.3116057233704292,-0.5248484848484849,0.1235034656584751,0.3963453056080655,-0.0220541902961562,0.0767205694635188
2023-03-21,495,243,848,1586,0.3078864353312303,0.3398734177215189,104.0,142.0,350608815.0,48811964.0,252,2.037037037037037,0.3414634146341463,0.3121059268600252,0.1532156368221942,-0.0239596469104665,7.18284588999533
2023-03-22,368,342,876,1586,0.3230283911671924,0.3352308665401644,101.0,133.0,224967246.0,144027716.0,26,1.0760233918128654,0.0366197183098591,0.23203026481715,0.2156368221941992,-0.0201765447667087,1.5619719054629737
2023-03-23,359,350,879,1588,0.330812854442344,0.3402646502835538,102.0,130.0,325967280.0,55606428.0,9,1.0257142857142858,0.0126939351198871,0.2260705289672544,0.2204030226700251,-0.017632241813602,5.862043143645192
2023-03-24,455,327,807,1589,0.3614609571788413,0.3501259445843829,103.0,153.0,432904281.0,73403211.0,128,1.3914373088685017,0.1636828644501279,0.2863436123348017,0.2057898049087476,-0.0314663310258023,5.897620486929379
2023-03-27,475,302,807,1584,0.3863636363636363,0.3746051800379027,102.0,142.0,512050893.0,51133958.0,173,1.5728476821192052,0.2226512226512226,0.2998737373737373,0.1906565656565656,-0.0252525252525252,10.01391077530122
2023-03-28,365,358,863,1586,0.39281210592686,0.3741324921135647,100.0,133.0,262552632.0,365118093.0,7,1.0195530726256985,0.0096818810511756,0.2301387137452711,0.2257250945775536,-0.0208070617906683,0.7190896234221951
2023-03-29,337,360,889,1586,0.3934426229508196,0.3709779179810725,102.0,136.0,238199239.0,170276087.0,-23,0.9361111111111112,-0.0329985652797704,0.212484237074401,0.2269861286254728,-0.0214375788146279,1.3989001227165856
2023-03-30,355,366,864,1585,0.3974763406940063,0.3731060606060606,102.0,132.0,214915957.0,313597788.0,-11,0.9699453551912568,-0.015256588072122,0.22397476340694,0.2309148264984227,-0.0189274447949526,0.6853235744124573
2023-03-31,416,401,768,1585,0.4012618296529968,0.3819444444444444,104.0,167.0,417403267.0,176985996.0,15,1.0374064837905237,0.018359853121175,0.2624605678233438,0.2529968454258675,-0.0397476340694006,2.3583971412065847
2023-04-03,575,265,748,1588,0.4603274559193954,0.4152488972904852,102.0,134.0,841872706.0,34997717.0,310,2.169811320754717,0.369047619047619,0.3620906801007557,0.1668765743073048,-0.0201511335012594,24.055074963889787
2023-04-04,454,331,801,1586,0.4735182849936948,0.428391167192429,103.0,128.0,660071065.0,146381276.0,123,1.3716012084592144,0.1566878980891719,0.2862547288776797,0.2087011349306431,-0.0157629255989911,4.5092588549371575
2023-04-05,513,293,783,1589,0.5028319697923223,0.4641057934508816,104.0,127.0,639067394.0,161330655.0,220,1.7508532423208192,0.2729528535980149,0.3228445563247325,0.184392699811202,-0.0144745122718691,3.96122729434155
2023-04-06,397,390,799,1586,0.5050441361916772,0.4675078864353312,105.0,123.0,355642970.0,678752553.0,7,1.017948717948718,0.0088945362134688,0.2503152585119798,0.2459016393442623,-0.0113493064312736,0.5239655724727712
2023-04-07,382,441,763,1586,0.498108448928121,0.4649842271293375,107.0,143.0,460609535.0,232842345.0,-59,0.8662131519274376,-0.071688942891859,0.2408575031525851,0.2780580075662043,-0.0226986128625472,1.9782034706788407
2023-04-10,381,438,769,1588,0.4811083123425693,0.4555765595463138,110.0,125.0,381673759.0,475795358.0,-57,0.8698630136986302,-0.0695970695970696,0.2399244332493702,0.2758186397984886,-0.0094458438287153,0.8021805017273834
2023-04-11,441,302,843,1586,0.4902208201892744,0.4728535353535353,108.0,127.0,599664090.0,101932334.0,139,1.4602649006622517,0.1870794078061911,0.2780580075662043,0.1904161412358133,-0.0119798234552332,5.8829624170089145
2023-04-12,407,379,801,1587,0.4908632640201638,0.4741488020176544,109.0,127.0,363976868.0,341722956.0,28,1.0738786279683377,0.0356234096692111,0.25645872715816,0.238815374921235,-0.0113421550094517,1.065122672063038
2023-04-13,296,478,811,1585,0.4700315457413249,0.457070707070707,110.0,131.0,201243620.0,478329115.0,-182,0.6192468619246861,-0.2351421188630491,0.1867507886435331,0.301577287066246,-0.0132492113564668,0.4207220796083048
2023-04-14,265,563,758,1586,0.428391167192429,0.4248737373737373,111.0,141.0,102598161.0,724347804.0,-298,0.4706927175843694,-0.359903381642512,0.1670870113493064,0.3549810844892812,-0.0189155107187894,0.1416421233465905
2023-04-17,367,391,829,1587,0.4136191677175284,0.4227129337539432,105.0,129.0,271401714.0,154032489.0,-24,0.938618925831202,-0.0316622691292876,0.2312539382482671,0.2463768115942029,-0.0151228733459357,1.7619770722525947
2023-04-18,434,305,844,1583,0.4226152874289324,0.4310998735777497,106.0,129.0,426673921.0,117975842.0,129,1.4229508196721312,0.1745602165087956,0.2741629816803537,0.1926721415034744,-0.01452937460518,3.616621112990234
2023-04-19,294,442,846,1582,0.3994943109987358,0.4130297280202403,107.0,120.0,85954682.0,462706586.0,-148,0.665158371040724,-0.2010869565217391,0.1858407079646017,0.2793931731984829,-0.0082174462705436,0.1857649849833778
2023-04-20,397,329,854,1580,0.4012658227848101,0.42811906269791,108.0,134.0,184080158.0,166319822.0,68,1.206686930091185,0.09366391184573,0.2512658227848101,0.2082278481012658,-0.0164556962025316,1.1067842412674058
2023-04-21,349,453,782,1584,0.389520202020202,0.4270372710044219,110.0,151.0,211442559.0,367420111.0,-104,0.7704194260485652,-0.1296758104738154,0.2203282828282828,0.2859848484848485,-0.0258838383838383,0.5754790025633627
2023-04-24,342,412,829,1583,0.3615676359039191,0.4168247944339026,110.0,138.0,243146369.0,231424830.0,-70,0.8300970873786407,-0.0928381962864721,0.2160454832596336,0.2602653190145294,-0.0176879343019583,1.0506494441413223
2023-04-25,278,456,848,1582,0.3485135989879823,0.3987341772151899,109.0,134.0,154641860.0,385291907.0,-178,0.6096491228070176,-0.2425068119891008,0.1757269279393173,0.2882427307206068,-0.0158027812895069,0.401362855514118
2023-04-26,442,293,848,1583,0.375868603916614,0.427307206068268,106.0,137.0,387119654.0,78965479.0,149,1.5085324232081911,0.2027210884353741,0.279216677195199,0.1850915982312065,-0.0195830701200252,4.902391005568395
2023-04-27,375,351,856,1582,0.3761061946902654,0.4294750158127767,106.0,134.0,305828191.0,188177787.0,24,1.0683760683760684,0.0330578512396694,0.2370417193426043,0.2218710493046776,-0.0176991150442477,1.6252087766341945
2023-04-28,479,307,794,1580,0.3962025316455696,0.447751741608613,109.0,148.0,478888039.0,149242894.0,172,1.5602605863192185,0.2188295165394402,0.3031645569620253,0.1943037974683544,-0.0246835443037974,3.208782851664616
2023-05-04,351,444,787,1582,0.3862199747155499,0.4383301707779886,109.0,128.0,342930919.0,306052803.0,-93,0.7905405405405406,-0.1169811320754717,0.2218710493046776,0.2806573957016435,-0.0120101137800252,1.1204959263189629
2023-05-05,368,450,762,1580,0.3854430379746835,0.4433185560481317,106.0,148.0,231928197.0,247002435.0,-82,0.8177777777777778,-0.1002444987775061,0.2329113924050632,0.2848101265822785,-0.0265822784810126,0.9389712979955036
2023-05-08,533,293,755,1581,0.4310126582278481,0.4616846105129829,109.0,130.0,524470737.0,153218673.0,240,1.819112627986348,0.2905569007263922,0.3371283997469956,0.185325743200506,-0.0132827324478178,3.423021011283657
2023-05-09,407,362,814,1583,0.4399494310998735,0.4769133459835547,111.0,140.0,355255973.0,182123124.0,45,1.1243093922651934,0.0585175552665799,0.2571067593177511,0.2286797220467467,-0.0183196462413139,1.9506362794435703
2023-05-10,527,264,790,1581,0.4879746835443038,0.5034832172260925,108.0,125.0,700633588.0,64914455.0,263,1.996212121212121,0.3324905183312263,0.3333333333333333,0.1669829222011385,-0.010752688172043,10.793182935911576
2023-05-11,431,340,808,1579,0.4965167827739075,0.5110829639012033,108.0,124.0,470032903.0,273619109.0,91,1.2676470588235291,0.1180285343709468,0.272957568081064,0.2153261557948068,-0.0101329955668144,1.7178365382368086
2023-05-12,495,341,743,1579,0.5237492083597214,0.5275490816972768,105.0,128.0,657972243.0,152978717.0,154,1.4516129032258065,0.1842105263157894,0.3134895503483217,0.2159594680177327,-0.0145661811272957,4.301070475051768
2023-05-15,419,439,724,1582,0.5208596713021492,0.5309734513274337,113.0,105.0,286349617.0,604034891.0,-20,0.9544419134396356,-0.0233100233100233,0.2648546144121365,0.2774968394437421,0.0050568900126422,0.474061384973869
2023-05-16,384,380,816,1580,0.5240506329113924,0.5240506329113924,112.0,108.0,458496366.0,204328467.0,4,1.0105263157894735,0.0052356020942408,0.2430379746835443,0.240506329113924,0.0025316455696202,2.243918200590229
2023-05-17,359,430,793,1582,0.506953223767383,0.523719165085389,114.0,107.0,282137982.0,582227015.0,-71,0.8348837209302326,-0.0899873257287705,0.2269279393173198,0.2718078381795196,0.0044247787610619,0.4845841479890795
2023-05-18,389,365,829,1583,0.5135818066961465,0.527180783817952,107.0,101.0,350466277.0,305819858.0,24,1.0657534246575342,0.0318302387267904,0.2457359444093493,0.2305748578648136,0.0037902716361339,1.1459892738554605
2023-05-19,411,414,751,1576,0.5266497461928934,0.5361675126903553,109.0,119.0,492835402.0,271917360.0,-3,0.9927536231884058,-0.0036363636363636,0.2607868020304568,0.2626903553299492,-0.0063451776649746,1.8124455238900523
2023-05-22,498,313,767,1578,0.532319391634981,0.5370957514267597,113.0,108.0,618957583.0,65982653.0,185,1.5910543130990416,0.2281134401972873,0.3155893536121673,0.1983523447401774,0.003168567807351,9.380610734157658
2023-05-23,348,453,778,1579,0.5142495250158328,0.5285171102661597,113.0,106.0,360791624.0,396900155.0,-105,0.7682119205298014,-0.1310861423220973,0.220392653578214,0.2868904369854338,0.0044331855604813,0.9090236409708632
2023-05-24,365,405,809,1579,0.5009499683343889,0.5259822560202788,109.0,112.0,333498853.0,380992181.0,-40,0.9012345679012346,-0.0519480519480519,0.2311589613679544,0.2564914502849905,-0.0018999366687777,0.8753430375517339
2023-05-25,352,413,815,1580,0.4848101265822784,0.5155161494616846,116.0,114.0,274990246.0,399796978.0,-61,0.8523002421307506,-0.0797385620915032,0.2227848101265822,0.2613924050632911,0.0012658227848101,0.6878247238777278
2023-05-26,506,318,757,1581,0.5003162555344719,0.528146742567995,114.0,117.0,507352302.0,181162020.0,188,1.5911949685534592,0.2281553398058252,0.3200506008855155,0.2011385199240986,-0.0018975332068311,2.8005445181059474
2023-05-29,641,242,698,1581,0.5420619860847565,0.5632911392405063,114.0,117.0,841219831.0,45878735.0,399,2.6487603305785123,0.4518686296715741,0.4054395951929159,0.1530676786843769,-0.0018975332068311,18.33572418681553
2023-05-30,483,320,780,1583,0.558433354390398,0.577117572692794,125.0,117.0,589627298.0,285004661.0,163,1.509375,0.2029887920298879,0.3051168667087808,0.2021478205938092,0.0050536955148452,2.068833877772968
2023-05-31,517,327,744,1588,0.5746691871455577,0.5914249684741488,123.0,116.0,627618000.0,341209196.0,190,1.581039755351682,0.2251184834123222,0.3255667506297229,0.2059193954659949,0.0044080604534005,1.8393935666376355
2023-06-01,513,317,758,1588,0.59294265910523,0.6046658259773013,122.0,114.0,712766335.0,197384088.0,196,1.6182965299684542,0.236144578313253,0.3230478589420655,0.1996221662468514,0.0050377833753148,3.611062787391454
2023-06-02,523,407,658,1588,0.6269691241335854,0.6185372005044136,131.0,112.0,720110563.0,379845943.0,116,1.285012285012285,0.1247311827956989,0.329345088161209,0.2562972292191435,0.0119647355163727,1.8957963781648184
2023-06-05,439,459,688,1586,0.6290220820189274,0.6224747474747475,132.0,100.0,441445360.0,497923353.0,-20,0.9564270152505446,-0.0222717149220489,0.2767969735182849,0.2894073139974779,0.0201765447667087,0.8865729179808122
2023-06-06,532,306,745,1583,0.6219974715549936,0.6242884250474383,127.0,95.0,823217920.0,86460074.0,226,1.738562091503268,0.269689737470167,0.3360707517372078,0.19330385344283,0.0202147820593809,9.52136497130456
2023-06-07,485,320,779,1584,0.6304485154769425,0.6380290587492103,123.0,98.0,784115633.0,206505891.0,165,1.515625,0.2049689440993788,0.3061868686868687,0.202020202020202,0.0157828282828282,3.797061813602209
2023-06-08,355,509,722,1586,0.6100946372239747,0.63510101010101,124.0,98.0,311903459.0,1071500937.0,-154,0.6974459724950884,-0.1782407407407407,0.2238335435056746,0.3209331651954603,0.0163934426229508,0.2910902344829214
2023-06-09,482,433,668,1583,0.6144121365360303,0.6415929203539823,124.0,109.0,671294741.0,304393020.0,49,1.1131639722863742,0.053551912568306,0.3044851547694251,0.2735312697409981,0.0094756790903348,2.205355237777791
2023-06-12,528,347,711,1586,0.6113564668769716,0.639520202020202,136.0,99.0,515115541.0,258163959.0,181,1.521613832853026,0.2068571428571428,0.3329129886506936,0.2187894073139974,0.0233291298865069,1.995303848745208
2023-06-13,531,318,734,1583,0.6289506953223767,0.6548672566371682,127.0,101.0,661520155.0,278117556.0,213,1.669811320754717,0.2508833922261484,0.3354390397978521,0.2008843967150979,0.016424510423247,2.378563095815497
2023-06-14,296,567,719,1582,0.6135357368753953,0.6464263124604681,129.0,100.0,238523186.0,748045235.0,-271,0.5220458553791887,-0.3140208574739281,0.1871049304677623,0.3584070796460177,0.018331226295828,0.3188619816554275
2023-06-15,356,494,732,1582,0.5977229601518027,0.6462025316455696,119.0,101.0,393590783.0,361478027.0,-138,0.7206477732793523,-0.1623529411764706,0.225031605562579,0.3122629582806574,0.011378002528445,1.0888373665932396
2023-06-16,376,532,676,1584,0.5745891276864729,0.6451612903225806,124.0,105.0,610943246.0,593544222.0,-156,0.706766917293233,-0.171806167400881,0.2373737373737373,0.3358585858585858,0.0119949494949494,1.029313778746548
2023-06-19,279,569,735,1583,0.4889310562934851,0.6253164556962025,119.0,97.0,252929872.0,556145998.0,-290,0.4903339191564148,-0.3419811320754717,0.1762476310802274,0.359444093493367,0.0138976626658243,0.4547904199788919
2023-06-20,540,253,789,1582,0.519620253164557,0.6307789740341989,122.0,100.0,622272769.0,51496843.0,287,2.134387351778656,0.3619167717528373,0.3413400758533502,0.1599241466498103,0.0139064475347661,12.08370713132842
2023-06-21,563,243,776,1582,0.5544303797468354,0.6402786573780874,129.0,98.0,757515849.0,74875081.0,320,2.316872427983539,0.3970223325062035,0.3558786346396966,0.1536030341340075,0.0195954487989886,10.11706216384594
2023-06-22,485,333,764,1582,0.5613924050632911,0.6485117162761241,129.0,98.0,680966144.0,176891276.0,152,1.4564564564564564,0.1858190709046454,0.3065739570164349,0.2104930467762326,0.0195954487989886,3.849631024200425
2023-06-23,463,462,655,1580,0.5513307984790875,0.6563094483195941,128.0,110.0,447271692.0,497630143.0,1,1.0021645021645025,0.001081081081081,0.2930379746835443,0.2924050632911392,0.0113924050632911,0.8988034553204306
2023-06-26,338,524,720,1582,0.493358633776091,0.6409119696010133,124.0,103.0,376613370.0,631168457.0,-186,0.6450381679389313,-0.2157772621809744,0.213653603034134,0.3312262958280657,0.0132743362831858,0.5966923185453167
2023-06-27,433,360,790,1583,0.4949431099873578,0.6468354430379747,127.0,102.0,316479951.0,308891178.0,73,1.2027777777777775,0.0920554854981084,0.2735312697409981,0.2274162981680353,0.0157927984838913,1.0245677880771331
2023-06-28,357,456,771,1584,0.487049905243209,0.6527514231499051,126.0,104.0,424489987.0,395874101.0,-99,0.7828947368421053,-0.1217712177121771,0.2253787878787878,0.2878787878787879,0.0138888888888888,1.0722853198219198
2023-06-29,269,613,701,1583,0.4304677623261694,0.6373417721518987,121.0,107.0,120579430.0,817452488.0,-344,0.4388254486133768,-0.3900226757369615,0.1699305116866708,0.3872394188250158,0.0088439671509791,0.147506346570689
2023-06-30,398,490,693,1581,0.4107594936708861,0.6269791006966434,122.0,119.0,252125689.0,336449107.0,-92,0.8122448979591836,-0.1036036036036036,0.2517394054395951,0.3099304237824162,0.0018975332068311,0.7493724422338859
2023-07-03,490,358,733,1581,0.4113924050632911,0.6219126029132362,122.0,106.0,321350032.0,209581813.0,132,1.3687150837988826,0.1556603773584905,0.3099304237824162,0.2264389626818469,0.0101201771030993,1.5332915933884017
2023-07-04,515,261,807,1583,0.4304677623261694,0.6236559139784946,123.0,106.0,674695617.0,47180510.0,254,1.9731800766283525,0.327319587628866,0.3253316487681617,0.1648768161718256,0.0107391029690461,14.300303599939893
2023-07-05,397,380,805,1582,0.4218848829854522,0.6227848101265823,122.0,107.0,381788350.0,375933772.0,17,1.0447368421052632,0.0218790218790218,0.2509481668773704,0.2402022756005057,0.0094816687737041,1.0155734292475325
2023-07-06,231,578,773,1582,0.3776091081593928,0.5962025316455696,108.0,105.0,212450630.0,735513963.0,-347,0.3996539792387543,-0.4289245982694685,0.1460176991150442,0.3653603034134007,0.0018963337547408,0.2888464946789868
2023-07-07,507,324,749,1580,0.4141861937935402,0.6096324461343473,110.0,116.0,565299821.0,228089512.0,183,1.5648148148148149,0.2202166064981949,0.3208860759493671,0.2050632911392405,-0.0037974683544303,2.4784121639051957
2023-07-10,555,301,723,1579,0.4518377693282636,0.6138237159162968,129.0,112.0,812739332.0,99385908.0,254,1.8438538205980064,0.2967289719626168,0.3514882837238758,0.1906269791006966,0.0107663077897403,8.177611377258836
2023-07-11,423,417,740,1580,0.4635845471817606,0.6185044359949303,123.0,110.0,488076170.0,433864358.0,6,1.014388489208633,0.0071428571428571,0.2677215189873417,0.2639240506329114,0.0082278481012658,1.124951061317648
2023-07-12,378,421,783,1582,0.4589127686472819,0.6170886075949367,130.0,106.0,304549847.0,462877198.0,-43,0.8978622327790974,-0.0538172715894868,0.2389380530973451,0.2661188369152971,0.0151706700379266,0.6579495562017293
2023-07-13,545,244,792,1581,0.4965211891208096,0.6244458518049398,124.0,110.0,794971338.0,43284984.0,301,2.2336065573770494,0.3814955640050697,0.34471853257432,0.1543327008222643,0.0088551549652118,18.365984333042608
2023-07-14,444,364,769,1577,0.5104629042485732,0.6247619047619047,125.0,118.0,662416053.0,366506250.0,80,1.21978021978022,0.099009900990099,0.2815472415979708,0.2308180088776157,0.004438807863031,1.807379964188878
2023-07-17,483,364,730,1577,0.5269499048826887,0.6234920634920635,135.0,107.0,651737175.0,293362434.0,119,1.3269230769230769,0.140495867768595,0.3062777425491439,0.2308180088776157,0.0177552314521242,2.221610879462501
2023-07-18,369,452,758,1579,0.5243825205826472,0.6131896005072923,127.0,102.0,395098174.0,424595669.0,-83,0.8163716814159292,-0.1010962241169305,0.233692210259658,0.2862571247625079,0.0158328055731475,0.9305280360737735
2023-07-19,336,467,776,1579,0.4971500949968334,0.6043119847812302,132.0,106.0,229268750.0,624243291.0,-131,0.7194860813704497,-0.1631382316313823,0.2127929069031032,0.2957568081063964,0.0164661177960734,0.3672746720797356
2023-07-20,455,317,808,1580,0.5012658227848101,0.6070975918884665,137.0,105.0,560818225.0,225369725.0,138,1.4353312302839116,0.1787564766839378,0.2879746835443038,0.200632911392405,0.020253164556962,2.4884363904690394
2023-07-21,562,315,703,1580,0.55,0.6134347275031685,135.0,114.0,903064140.0,78698125.0,247,1.7841269841269842,0.2816419612314709,0.3556962025316456,0.1993670886075949,0.0132911392405063,11.47504009784223
2023-07-24,486,374,721,1581,0.5430379746835443,0.6077313054499366,152.0,104.0,914917770.0,179521678.0,112,1.299465240641711,0.1302325581395348,0.3074003795066413,0.2365591397849462,0.0303605313092979,5.0964194418904665
2023-07-25,360,458,762,1580,0.5478150728309057,0.6093849080532657,136.0,101.0,350411371.0,490861727.0,-98,0.7860262008733624,-0.1198044009779951,0.2278481012658227,0.289873417721519,0.0221518987341772,0.7138698165400049
2023-07-26,377,424,780,1581,0.5455696202531646,0.5956907477820025,131.0,100.0,522098736.0,335833831.0,-47,0.8891509433962265,-0.0586766541822721,0.2384566729917773,0.2681846932321315,0.0196078431372549,1.554634130949124
2023-07-27,350,452,780,1582,0.5218216318785579,0.5877137428752375,127.0,100.0,722610271.0,374713056.0,-102,0.7743362831858407,-0.1271820448877805,0.2212389380530973,0.2857142857142857,0.0170670037926675,1.9284363312923904
2023-07-28,565,314,702,1581,0.5468354430379747,0.6166032953105196,129.0,108.0,916569732.0,241485443.0,251,1.7993630573248407,0.285551763367463,0.3573687539531942,0.1986084756483238,0.0132827324478178,3.795548587166805
2023-07-31,493,381,708,1582,0.5528146742567995,0.609879670677644,136.0,100.0,880057707.0,326531360.0,112,1.2939632545931758,0.1281464530892448,0.3116308470290771,0.2408343868520859,0.02275600505689,2.695170555746927
2023-08-01,295,563,722,1580,0.5117162761241292,0.5814838300570704,133.0,100.0,322853253.0,931418435.0,-268,0.5239786856127886,-0.3123543123543124,0.1867088607594936,0.3563291139240506,0.020886075949367,0.3466253628531627
2023-08-02,493,319,769,1581,0.520253164556962,0.596958174904943,122.0,100.0,784201890.0,133143919.0,174,1.5454545454545454,0.2142857142857142,0.3118279569892473,0.2017710309930424,0.0139152435167615,5.889881384669171
2023-08-03,334,497,749,1580,0.4958834705509816,0.5700697526949905,128.0,101.0,442027861.0,600006388.0,-163,0.6720321931589537,-0.1961492178098676,0.2113924050632911,0.3145569620253164,0.0170886075949367,0.7367052582113509
2023-08-04,578,328,674,1580,0.5110829639012033,0.5814838300570704,129.0,108.0,1112249668.0,102196562.0,250,1.7621951219512195,0.2759381898454746,0.3658227848101266,0.2075949367088607,0.0132911392405063,10.883435276423487
2023-08-07,563,317,701,1581,0.5424050632911392,0.5889803673210893,154.0,102.0,946148411.0,267152695.0,246,1.77602523659306,0.2795454545454545,0.3561037318153067,0.2005060088551549,0.0328905755850727,3.5416015960460365
2023-08-08,491,379,713,1583,0.5530973451327433,0.6027830487033523,147.0,100.0,631216535.0,590683058.0,112,1.2955145118733509,0.128735632183908,0.310170562223626,0.2394188250157927,0.0296904611497157,1.0686213637771205
2023-08-09,475,398,710,1583,0.5632111251580278,0.624920936116382,136.0,103.0,573301308.0,570596568.0,77,1.193467336683417,0.0882016036655212,0.3000631711939355,0.2514213518635502,0.0208464939987365,1.0047401967549163
2023-08-10,291,568,724,1583,0.5151706700379267,0.610126582278481,137.0,105.0,249792581.0,825565702.0,-277,0.5123239436619719,-0.3224679860302678,0.1838281743524952,0.3588123815540113,0.0202147820593809,0.3025714130260707
2023-08-11,421,466,694,1581,0.5069620253164557,0.6041798606713109,129.0,104.0,640077046.0,377129066.0,-45,0.9034334763948498,-0.0507328072153325,0.2662871600253004,0.2947501581277672,0.0158127767235926,1.6972360491567096
2023-08-14,553,341,687,1581,0.5316455696202531,0.6054464851171628,136.0,96.0,999990516.0,96591489.0,212,1.6217008797653958,0.2371364653243848,0.3497786211258697,0.2156862745098039,0.0253004427577482,10.352780833516295
2023-08-15,415,389,777,1581,0.5335443037974683,0.6172370088719898,133.0,99.0,439100020.0,419597412.0,26,1.0668380462724936,0.0323383084577114,0.2624920936116382,0.2460468058191018,0.021505376344086,1.0464793333854023
2023-08-16,345,463,773,1581,0.5139240506329114,0.6079797340088664,132.0,101.0,519898572.0,350046172.0,-118,0.7451403887688985,-0.146039603960396,0.2182163187855787,0.2928526249209361,0.0196078431372549,1.4852285600769262
2023-08-17,270,577,734,1581,0.4592030360531309,0.577580747308423,138.0,103.0,397844965.0,713361867.0,-307,0.4679376083188908,-0.3624557260920897,0.1707779886148007,0.3649588867805186,0.0221378874130297,0.557704278016868
2023-08-18,157,855,570,1582,0.2724399494310999,0.4006329113924051,112.0,118.0,16690101.0,1933954032.0,-698,0.183625730994152,-0.6897233201581028,0.0992414664981036,0.5404551201011378,-0.0037926675094816,0.0086300401787419
2023-08-21,404,457,720,1581,0.2732447817836812,0.383153894870171,101.0,101.0,465929124.0,611312776.0,-53,0.8840262582056893,-0.0615563298490127,0.2555344718532574,0.2890575585072739,0.0,0.7621779591270966
2023-08-22,417,373,790,1580,0.270253164556962,0.3903675538656527,105.0,106.0,706560328.0,261630915.0,44,1.1179624664879355,0.0556962025316455,0.2639240506329114,0.2360759493670886,-0.000632911392405,2.7005995373291416
2023-08-23,343,435,802,1580,0.2740506329113924,0.3882203926535782,105.0,101.0,186140369.0,485139516.0,-92,0.7885057471264367,-0.1182519280205655,0.2170886075949367,0.2753164556962025,0.0025316455696202,0.3836842039476331
2023-08-24,618,216,747,1581,0.2966476913345983,0.4164556962025316,112.0,104.0,824533771.0,26792666.0,402,2.861111111111111,0.4820143884892086,0.3908918406072106,0.1366223908918406,0.0050600885515496,30.77460716301991
2023-08-25,380,451,750,1581,0.3099304237824162,0.4221518987341772,117.0,110.0,396877684.0,421297549.0,-71,0.8425720620842572,-0.0854392298435619,0.2403542061986084,0.2852624920936116,0.0044275774826059,0.942036536747096
2023-08-28,566,277,738,1581,0.3453510436432637,0.4373417721518987,111.0,99.0,763529668.0,56208150.0,289,2.0433212996389893,0.3428232502965599,0.3580012650221378,0.1752055660974067,0.0075901328273244,13.583967236068078
2023-08-29,462,346,774,1582,0.354614412136536,0.4452877925363694,112.0,102.0,636513766.0,253342421.0,116,1.3352601156069364,0.1435643564356435,0.2920353982300885,0.2187104930467762,0.0063211125158027,2.512464211431847
2023-08-30,409,348,825,1582,0.3716814159292035,0.4579380139152435,120.0,104.0,648692236.0,217809554.0,61,1.1752873563218391,0.0805812417437252,0.2585335018963337,0.2199747155499367,0.0101137800252844,2.9782542780469585
2023-08-31,556,244,782,1582,0.4083438685208597,0.4807084123972169,131.0,104.0,822677574.0,90366397.0,312,2.278688524590164,0.39,0.3514538558786346,0.1542351453855878,0.0170670037926675,9.103799656856962
2023-09-05,578,280,724,1582,0.4525916561314791,0.5098039215686274,145.0,100.0,786722754.0,242272681.0,298,2.0642857142857145,0.3473193473193473,0.3653603034134007,0.1769911504424778,0.0284450063211125,3.247261518520117
2023-09-06,503,314,765,1582,0.4873577749683944,0.5275142314990512,147.0,102.0,929730128.0,159712175.0,189,1.6019108280254777,0.2313341493268053,0.3179519595448799,0.1984829329962073,0.0284450063211125,5.821285246412804
2023-09-07,413,390,778,1581,0.497786211258697,0.529746835443038,153.0,98.0,534373541.0,544964465.0,23,1.058974358974359,0.0286425902864259,0.2612270714737508,0.2466793168880455,0.0347881087919038,0.9805658447840264
2023-09-08,493,395,696,1584,0.5306380290587492,0.5429835651074589,137.0,112.0,596343986.0,450243855.0,98,1.2481012658227848,0.1103603603603603,0.3112373737373737,0.2493686868686868,0.0157828282828282,1.3244911160419943
2023-09-11,247,661,676,1584,0.4466203411244472,0.4860935524652339,144.0,105.0,161169039.0,1226099831.0,-414,0.3736762481089258,-0.4559471365638766,0.1559343434343434,0.4172979797979798,0.0246212121212121,0.1314485451552109
2023-09-12,559,259,766,1584,0.4902084649399874,0.5050568900126422,130.0,104.0,929710226.0,32836557.0,300,2.158301158301158,0.3667481662591687,0.3529040404040404,0.163510101010101,0.0164141414141414,28.313267618161063
2023-09-13,327,477,777,1581,0.4651898734177215,0.4838505383153895,158.0,105.0,488905224.0,725729140.0,-150,0.6855345911949685,-0.1865671641791045,0.206831119544592,0.301707779886148,0.0335230866540164,0.6736745116780071
2023-09-14,233,613,736,1582,0.4187223276407337,0.4462025316455696,120.0,106.0,194986078.0,1062991781.0,-380,0.3800978792822186,-0.4491725768321513,0.1472819216182048,0.3874841972187104,0.0088495575221238,0.1834314069828165
2023-09-15,396,449,736,1581,0.4189873417721519,0.441418619379354,124.0,120.0,475313835.0,415139604.0,-53,0.8819599109131403,-0.0627218934911242,0.2504743833017078,0.2839974699557242,0.0025300442757748,1.1449493867128129
2023-09-18,297,543,741,1581,0.4018987341772151,0.4205193160227992,120.0,111.0,212367309.0,579480488.0,-246,0.5469613259668509,-0.2928571428571428,0.1878557874762808,0.3434535104364326,0.0056925996204933,0.3664787916034198
2023-09-19,370,409,803,1582,0.3883617963314358,0.4113924050632911,116.0,113.0,465562501.0,475049787.0,-39,0.904645476772616,-0.0500641848523748,0.2338811630847029,0.2585335018963337,0.0018963337547408,0.9800288595856164
2023-09-20,619,220,744,1583,0.4399494310998735,0.440506329113924,137.0,110.0,767278264.0,42509237.0,399,2.8136363636363635,0.4755661501787843,0.3910296904611497,0.1389766266582438,0.0170562223626026,18.049683272367368
2023-09-21,330,467,785,1582,0.4187223276407337,0.4354430379746835,136.0,107.0,228734283.0,718671018.0,-137,0.7066381156316917,-0.1718946047678795,0.2085967130214917,0.2951959544879899,0.018331226295828,0.318273976925559
2023-09-22,183,740,659,1582,0.3092979127134725,0.3645569620253164,120.0,132.0,118195935.0,1353243617.0,-557,0.2472972972972973,-0.6034669555796316,0.1156763590391908,0.4677623261694058,-0.0075853350189633,0.0873426879795879
2023-09-25,184,753,644,1581,0.239873417721519,0.3014566181127295,115.0,128.0,57244953.0,1074796961.0,-569,0.2443559096945551,-0.6072572038420491,0.116382036685642,0.476280834914611,-0.0082226438962681,0.0532611786943822
2023-09-26,288,519,774,1581,0.2189873417721519,0.2824572514249525,96.0,129.0,260720451.0,735187656.0,-231,0.5549132947976878,-0.2862453531598513,0.1821631878557874,0.3282732447817836,-0.0208728652751423,0.3546311596396009
2023-09-27,469,325,787,1581,0.2189873417721519,0.2830905636478784,96.0,141.0,789068819.0,53699217.0,144,1.4430769230769231,0.181360201511335,0.2966476913345983,0.2055660974067046,-0.0284629981024667,14.694233232488289
2023-09-28,342,438,800,1580,0.2260924635845471,0.2915082382762991,102.0,126.0,268439311.0,425944134.0,-96,0.7808219178082192,-0.123076923076923,0.2164556962025316,0.2772151898734177,-0.0151898734177215,0.6302218755288692
2023-09-29,486,358,736,1580,0.2552248258391387,0.3048162230671736,104.0,133.0,253803154.0,316584744.0,128,1.3575418994413408,0.1516587677725118,0.3075949367088607,0.2265822784810126,-0.0183544303797468,0.8016910442153208
2023-10-02,487,320,774,1581,0.25,0.3069620253164557,104.0,121.0,367893319.0,134757013.0,167,1.521875,0.2069392812887236,0.3080328905755851,0.202403542061986,-0.010752688172043,2.7300495225432164
2023-10-03,133,692,755,1580,0.2178594046865104,0.2691576947435085,99.0,126.0,19636782.0,1035956590.0,-559,0.1921965317919075,-0.6775757575757576,0.0841772151898734,0.4379746835443038,-0.0170886075949367,0.0189552170327909
2023-10-04,511,233,836,1580,0.2278481012658227,0.2786573780873971,101.0,128.0,642868583.0,41442320.0,278,2.193133047210301,0.3736559139784946,0.3234177215189873,0.1474683544303797,-0.0170886075949367,15.512369553635027
2023-10-05,253,519,808,1580,0.2234177215189873,0.265991133628879,103.0,119.0,103419608.0,479663956.0,-266,0.4874759152215799,-0.344559585492228,0.160126582278481,0.3284810126582278,-0.010126582278481,0.2156084623544238
2023-10-06,533,256,792,1581,0.2536369386464263,0.280379746835443,109.0,144.0,578903920.0,40746609.0,277,2.08203125,0.3510773130544993,0.3371283997469956,0.1619228336495888,-0.0221378874130297,14.207413431630592
2023-10-09,512,293,776,1581,0.2631246046805819,0.2854430379746835,108.0,121.0,518771123.0,61408339.0,219,1.747440273037543,0.2720496894409938,0.3238456672991777,0.185325743200506,-0.0082226438962681,8.44789374615718
2023-10-10,484,274,823,1581,0.2915876027830487,0.2987341772151898,112.0,119.0,383859349.0,318410711.0,210,1.7664233576642336,0.2770448548812665,0.3061353573687539,0.1733080328905756,-0.0044275774826059,1.205547852942673
2023-10-11,467,275,839,1581,0.3276407337128399,0.3158227848101266,105.0,118.0,513873008.0,44761816.0,192,1.6981818181818182,0.2587601078167116,0.2953826691967109,0.1739405439595193,-0.0082226438962681,11.480164433006918
2023-10-12,376,369,836,1581,0.3415559772296015,0.3056962025316456,116.0,116.0,302703371.0,336317450.0,7,1.018970189701897,0.0093959731543624,0.2378241619228336,0.2333965844402277,0.0,0.9000525277531689
2023-10-13,377,432,772,1581,0.3636938646426312,0.3132911392405063,112.0,142.0,334352223.0,307041372.0,-55,0.8726851851851852,-0.0679851668726823,0.2384566729917773,0.2732447817836812,-0.0189753320683111,1.088948439821328
2023-10-16,279,542,760,1581,0.3308032890575585,0.3037974683544304,121.0,120.0,186776753.0,501643284.0,-263,0.514760147601476,-0.320341047503045,0.1764705882352941,0.3428209993674889,0.0006325110689437,0.3723298187323086
2023-10-17,219,540,822,1581,0.2947501581277672,0.2841772151898734,106.0,128.0,65354755.0,575948623.0,-321,0.4055555555555555,-0.4229249011857707,0.1385199240986717,0.3415559772296015,-0.0139152435167615,0.1134732376988424
2023-10-18,166,673,742,1581,0.2567994939911448,0.2556962025316455,105.0,136.0,246895919.0,764467660.0,-507,0.2466567607726597,-0.6042908224076281,0.1049968374446552,0.4256799493991144,-0.0196078431372549,0.322964504476226
2023-10-19,269,535,779,1583,0.2452591656131479,0.2447817836812144,99.0,139.0,90534554.0,543373989.0,-266,0.502803738317757,-0.3308457711442786,0.1699305116866708,0.3379658875552748,-0.0252684775742261,0.1666155462586929
2023-10-20,589,268,725,1582,0.2903225806451613,0.2582278481012658,104.0,165.0,652246417.0,18556748.0,321,2.1977611940298507,0.3745624270711785,0.3723135271807838,0.1694058154235145,-0.0385587863463969,35.14874572850803
2023-10-23,261,536,785,1582,0.2688172043010752,0.2474683544303797,101.0,136.0,115592293.0,401113903.0,-275,0.4869402985074627,-0.3450439146800502,0.1649810366624526,0.3388116308470291,-0.0221238938053097,0.2881782260237437
2023-10-24,509,256,818,1583,0.2966476913345983,0.2537974683544304,101.0,140.0,389390175.0,52789245.0,253,1.98828125,0.330718954248366,0.3215413771320278,0.1617182564750473,-0.0246367656348704,7.376316425817418
2023-10-25,313,399,870,1582,0.2867088607594936,0.2552248258391387,101.0,133.0,158079655.0,350674405.0,-86,0.7844611528822055,-0.1207865168539325,0.197850821744627,0.252212389380531,-0.0202275600505689,0.4507875474972289
2023-10-26,94,772,717,1583,0.1998734977862112,0.2094936708860759,97.0,165.0,3036298.0,1261247523.0,-678,0.121761658031088,-0.7829099307159353,0.0593809222994314,0.4876816171825647,-0.0429564118761844,0.0024073767794428
2023-10-27,542,303,737,1582,0.2284810126582278,0.2216592780240658,98.0,181.0,511053845.0,134170058.0,239,1.7887788778877889,0.2828402366863905,0.3426042983565107,0.1915297092288242,-0.052465233881163,3.8090007011847606
2023-10-30,230,559,793,1582,0.2272151898734177,0.2127929069031032,95.0,147.0,29726723.0,427944364.0,-329,0.4114490161001788,-0.4169835234474017,0.1453855878634639,0.3533501896333755,-0.0328697850821744,0.0694639899498711
2023-10-31,183,603,795,1581,0.2020265991133628,0.1932826362484157,97.0,154.0,69633315.0,619793185.0,-420,0.3034825870646766,-0.5343511450381679,0.1157495256166983,0.381404174573055,-0.0360531309297912,0.1123492750247003
2023-11-01,454,303,825,1582,0.2082278481012658,0.1969601013299556,91.0,173.0,563408709.0,73854459.0,151,1.4983498349834985,0.1994715984147952,0.2869785082174462,0.1915297092288242,-0.0518331226295828,7.62863497517462
2023-11-02,757,127,697,1581,0.2932235592146928,0.229404309252218,95.0,136.0,815615303.0,6818106.0,630,5.960629921259843,0.7126696832579186,0.4788108791903858,0.0803289057558507,-0.0259329538266919,119.62490800231032
2023-11-03,369,445,767,1581,0.2938568714376187,0.2319391634980988,103.0,148.0,344119150.0,340784956.0,-76,0.8292134831460675,-0.0933660933660933,0.2333965844402277,0.2814674256799494,-0.0284629981024667,1.0097838649896271
2023-11-06,492,307,783,1582,0.3164556962025316,0.2495250158328055,101.0,126.0,498273292.0,74789351.0,185,1.6026058631921825,0.2315394242803504,0.3109987357774968,0.1940581542351453,-0.0158027812895069,6.662356142119752
2023-11-07,283,476,822,1581,0.305256491450285,0.2484157160963244,100.0,131.0,114452785.0,451389317.0,-193,0.5945378151260504,-0.2542819499341238,0.1790006325110689,0.3010752688172043,-0.0196078431372549,0.2535566985959483
2023-11-08,661,163,759,1583,0.4364326375711575,0.2799240025332489,105.0,132.0,967043838.0,3035441.0,498,4.0552147239263805,0.6043689320388349,0.4175615919140871,0.1029690461149715,-0.0170562223626026,318.5842973063881
2023-11-09,495,285,802,1582,0.4848101265822784,0.3084230525649145,110.0,127.0,708363174.0,344808464.0,210,1.736842105263158,0.2692307692307692,0.3128950695322376,0.1801517067003792,-0.0107458912768647,2.0543671282964797
2023-11-10,300,546,737,1583,0.4784810126582278,0.3046231792273591,101.0,133.0,362364388.0,628910025.0,-246,0.5494505494505495,-0.2907801418439716,0.1895135818066961,0.344914718888187,-0.0202147820593809,0.5761784255227924
2023-11-13,326,449,808,1583,0.4639240506329113,0.2849905003166561,95.0,124.0,506365300.0,223883480.0,-123,0.7260579064587973,-0.1587096774193548,0.2059380922299431,0.2836386607706885,-0.0183196462413139,2.261735881539808
2023-11-14,485,261,838,1584,0.5,0.3082278481012658,100.0,122.0,572919962.0,171287889.0,224,1.85823754789272,0.3002680965147453,0.3061868686868687,0.1647727272727272,-0.0138888888888888,3.3447779953666195
2023-11-15,492,258,834,1584,0.5366624525916561,0.3251106894370651,109.0,124.0,632576724.0,195889131.0,234,1.9069767441860463,0.312,0.3106060606060606,0.1628787878787878,-0.0094696969696969,3.229258921976636
2023-11-16,414,320,849,1583,0.5363693864642631,0.3341772151898734,101.0,119.0,568285331.0,98904547.0,94,1.29375,0.1280653950953678,0.2615287428932407,0.2021478205938092,-0.0113708149084017,5.745795802492276
2023-11-17,302,513,769,1584,0.5123183828174352,0.3402909550917141,107.0,130.0,296807591.0,925650615.0,-211,0.5886939571150097,-0.2588957055214724,0.1906565656565656,0.3238636363636363,-0.014520202020202,0.3206475382723102
2023-11-20,349,406,829,1584,0.4933670246367656,0.3396584440227704,104.0,123.0,560782141.0,163603461.0,-57,0.8596059113300493,-0.0754966887417218,0.2203282828282828,0.2563131313131313,-0.0119949494949494,3.4276911843570352
2023-11-21,454,264,867,1585,0.5157828282828283,0.3577749683944374,102.0,119.0,497245977.0,87445329.0,190,1.7196969696969695,0.2646239554317549,0.2864353312302839,0.1665615141955836,-0.0107255520504731,5.686364070972847
2023-11-22,423,301,860,1584,0.5243209096651926,0.370651486401012,106.0,122.0,725341376.0,113807833.0,122,1.4053156146179402,0.1685082872928177,0.2670454545454545,0.1900252525252525,-0.0101010101010101,6.373387111236887
2023-11-23,242,536,807,1585,0.4741161616161616,0.3381795195954488,98.0,123.0,83816158.0,947102374.0,-294,0.4514925373134328,-0.377892030848329,0.1526813880126183,0.3381703470031545,-0.0157728706624605,0.0884974637388038
2023-11-24,339,459,785,1583,0.4481668773704172,0.3449367088607595,99.0,144.0,729091861.0,156951721.0,-120,0.738562091503268,-0.150375939849624,0.2141503474415666,0.2899557801642451,-0.0284270372710044,4.645325685852148
2023-11-27,264,501,818,1583,0.3975979772439949,0.3348101265822785,101.0,126.0,101062251.0,410570285.0,-237,0.5269461077844312,-0.3098039215686274,0.1667719519898926,0.3164876816171825,-0.0157927984838913,0.2461509142094879
2023-11-28,381,323,874,1578,0.3779327837666455,0.3403174603174603,99.0,127.0,494960639.0,72977617.0,58,1.1795665634674923,0.0823863636363636,0.2414448669201521,0.2046894803548796,-0.017743979721166,6.78236230980247
2023-11-29,526,220,832,1578,0.4242232086239695,0.3739682539682539,99.0,124.0,516665541.0,49206803.0,306,2.390909090909091,0.4101876675603217,0.3333333333333333,0.1394169835234474,-0.0158428390367553,10.499880290942697
2023-11-30,326,438,814,1578,0.4185161699429296,0.3866666666666666,99.0,131.0,208745072.0,449273482.0,-112,0.7442922374429224,-0.1465968586387434,0.2065906210392902,0.2775665399239543,-0.0202788339670468,0.4646280725733997
2023-12-01,415,338,824,1577,0.4168781725888325,0.4040660736975858,102.0,147.0,387020038.0,142198586.0,77,1.227810650887574,0.1022576361221779,0.2631578947368421,0.2143310082435003,-0.0285351934051997,2.721686965297953
2023-12-04,609,215,756,1580,0.4917617237008872,0.449238578680203,107.0,128.0,1145290736.0,7833194.0,394,2.832558139534884,0.4781553398058252,0.3854430379746835,0.1360759493670886,-0.0132911392405063,146.2099286702206
2023-12-05,314,408,858,1580,0.4603677869372226,0.4431746031746031,115.0,119.0,256762307.0,494319453.0,-94,0.7696078431372549,-0.1301939058171745,0.1987341772151898,0.2582278481012658,-0.0025316455696202,0.5194258600217379
2023-12-06,528,250,800,1578,0.4974619289340101,0.4742530197075651,114.0,120.0,821660640.0,27023250.0,278,2.112,0.3573264781491002,0.3346007604562737,0.1584283903675538,-0.0038022813688212,30.40569287557936
2023-12-07,278,485,814,1577,0.4653968253968254,0.4701017811704834,117.0,115.0,354612199.0,992103508.0,-207,0.5731958762886598,-0.2712975098296199,0.1762840837032339,0.3075459733671528,0.0012682308180088,0.3574346790839086
2023-12-08,373,428,776,1577,0.4977777777777777,0.4783715012722646,116.0,144.0,327445319.0,414757280.0,-55,0.8714953271028038,-0.0686641697877653,0.2365250475586556,0.2714013950538998,-0.0177552314521242,0.7894866100963918
2023-12-11,352,431,794,1577,0.4752223634053367,0.4786760025461489,116.0,129.0,282488250.0,332299148.0,-79,0.8167053364269141,-0.1008939974457215,0.2232086239695624,0.2733037412809131,-0.0082435003170577,0.8501022398047196
2023-12-12,401,329,847,1577,0.4688691232528589,0.4761298535964354,113.0,130.0,342047699.0,153822822.0,72,1.2188449848024316,0.0986301369863013,0.25428027901078,0.2086239695624603,-0.0107799619530754,2.223647275174811
2023-12-13,232,530,817,1579,0.419047619047619,0.4548346055979644,107.0,134.0,98197590.0,708098913.0,-298,0.4377358490566038,-0.3910761154855643,0.1469284357188093,0.3356554781507283,-0.0170994300189993,0.138677786672439
2023-12-14,303,434,841,1578,0.386277001270648,0.4366645448758752,109.0,127.0,108170866.0,494263018.0,-131,0.6981566820276498,-0.1777476255088195,0.1920152091254753,0.2750316856780735,-0.0114068441064638,0.2188528416261157
2023-12-15,334,446,800,1580,0.383248730964467,0.4354736172917991,111.0,153.0,332019286.0,336953317.0,-112,0.7488789237668162,-0.1435897435897435,0.2113924050632911,0.2822784810126582,-0.0265822784810126,0.9853569300224458
2023-12-18,284,479,816,1579,0.3663492063492063,0.4230279898218829,115.0,142.0,161666128.0,361437426.0,-195,0.592901878914405,-0.255570117955439,0.1798606713109563,0.3033565547815073,-0.0170994300189993,0.4472866293597387
2023-12-19,399,308,872,1579,0.379047619047619,0.4395674300254453,110.0,141.0,427032831.0,140785924.0,91,1.2954545454545454,0.1287128712871287,0.2526915769474351,0.1950601646611779,-0.0196326789107029,3.033206863777092
2023-12-20,433,264,883,1580,0.4156091370558376,0.4691671964399237,109.0,143.0,286088410.0,124824476.0,169,1.6401515151515151,0.242467718794835,0.2740506329113924,0.1670886075949367,-0.0215189873417721,2.291925583569043
2023-12-21,334,355,890,1579,0.4126984126984127,0.4701017811704834,112.0,134.0,236255164.0,154195092.0,-21,0.9408450704225352,-0.0304789550072568,0.2115262824572514,0.2248258391386954,-0.0139328689043698,1.5321834238407537
2023-12-22,359,420,800,1579,0.4177777777777778,0.4701017811704834,124.0,134.0,203436876.0,292361173.0,-61,0.8547619047619047,-0.0783055198973042,0.2273590880303989,0.265991133628879,-0.006333122229259,0.6958409487568994
2023-12-25,550,233,795,1578,0.4599745870393901,0.4977721196690006,121.0,125.0,500585176.0,47495044.0,317,2.360515021459228,0.40485312899106,0.3485424588086185,0.1476552598225602,-0.0025348542458808,10.539734966873596
2023-12-26,407,310,863,1580,0.4733502538071066,0.5082592121982211,116.0,136.0,373863783.0,134518553.0,97,1.3129032258064517,0.1352859135285913,0.2575949367088607,0.1962025316455696,-0.0126582278481012,2.77927300481741
2023-12-27,366,352,862,1580,0.4638324873096446,0.5139771283354511,116.0,129.0,270904559.0,263894612.0,14,1.0397727272727273,0.0194986072423398,0.2316455696202531,0.2227848101265822,-0.0082278481012658,1.0265634335876477
2023-12-28,457,294,828,1579,0.4777918781725888,0.5314685314685315,126.0,130.0,366689908.0,190251584.0,163,1.554421768707483,0.2170439414114514,0.2894236858771374,0.1861937935402153,-0.0025332488917036,1.9273947700745555
2023-12-29,473,328,779,1580,0.5012674271229405,0.5504761904761905,113.0,140.0,443805868.0,131955158.0,145,1.4420731707317074,0.181023720349563,0.2993670886075949,0.2075949367088607,-0.0170886075949367,3.363308223237473
2024-01-02,358,405,815,1578,0.4955583756345177,0.5499046408137317,116.0,128.0,266765197.0,510127634.0,-47,0.8839506172839506,-0.0615989515072083,0.2268694550063371,0.2566539923954372,-0.0076045627376425,0.5229381417906092
2024-01-03,530,232,817,1579,0.5510462904248573,0.5749682337992376,126.0,128.0,642758672.0,38400416.0,298,2.284482758620689,0.3910761154855643,0.3356554781507283,0.1469284357188093,-0.0012666244458518,16.738325751471027
2024-01-04,329,396,854,1579,0.5402663284717819,0.5724269377382465,126.0,122.0,680385329.0,425508855.0,-67,0.8308080808080808,-0.0924137931034482,0.2083597213426219,0.2507916402786573,0.0025332488917036,1.598992173735139
2024-01-05,389,375,816,1580,0.5490816972767575,0.5657142857142857,108.0,132.0,442867433.0,231923429.0,14,1.0373333333333334,0.0183246073298429,0.2462025316455696,0.2373417721518987,-0.0151898734177215,1.909541588400713
2024-01-08,419,380,781,1580,0.5462610899873257,0.565438373570521,123.0,122.0,563331497.0,240608163.0,39,1.1026315789473684,0.048811013767209,0.2651898734177215,0.240506329113924,0.000632911392405,2.341281733654232
2024-01-09,311,426,843,1580,0.5339251743817375,0.5687022900763359,121.0,120.0,283518361.0,474315676.0,-115,0.7300469483568075,-0.1560379918588874,0.1968354430379746,0.2696202531645569,0.000632911392405,0.5977419160820652
2024-01-10,276,458,851,1585,0.4879746835443038,0.5434920634920635,122.0,121.0,374488306.0,563237527.0,-182,0.6026200873362445,-0.2479564032697547,0.1741324921135646,0.2889589905362776,0.0006309148264984,0.6648852181328465
2024-01-11,388,343,852,1583,0.4866920152091255,0.5359186268277177,116.0,117.0,573314643.0,183654602.0,45,1.131195335276968,0.0615595075239398,0.2451042324699937,0.2166771951989892,-0.0006317119393556,3.1217003916950583
2024-01-12,245,579,760,1584,0.4334600760456273,0.5003178639542276,111.0,133.0,302048758.0,762865462.0,-334,0.4231433506044905,-0.4053398058252427,0.1546717171717171,0.365530303030303,-0.0138888888888888,0.3959397469746769
2024-01-15,305,445,834,1584,0.4077362079898541,0.4834605597964376,119.0,121.0,125088603.0,434960822.0,-140,0.6853932584269663,-0.1866666666666666,0.192550505050505,0.2809343434343434,-0.0012626262626262,0.2875859081395611
2024-01-16,478,255,852,1585,0.4321926489226869,0.494596312778131,116.0,121.0,516415428.0,37629579.0,223,1.8745098039215689,0.3042291950886767,0.301577287066246,0.1608832807570978,-0.0031545741324921,13.723656807321708
2024-01-17,374,364,845,1583,0.4276649746192893,0.4926798217695735,118.0,125.0,328025724.0,321217876.0,10,1.0274725274725274,0.013550135501355,0.2362602653190145,0.229943145925458,-0.0044219835754895,1.0211938640675151
2024-01-18,401,305,879,1585,0.4233206590621039,0.4961880559085133,119.0,119.0,384487801.0,126580885.0,96,1.3147540983606558,0.1359773371104816,0.2529968454258675,0.1924290220820189,0.0,3.037487066076367
2024-01-19,427,350,809,1586,0.4347275031685678,0.5057179161372299,122.0,122.0,355430600.0,281472832.0,77,1.22,0.0990990990990991,0.2692307692307692,0.2206809583858764,0.0,1.2627527760831994
2024-01-22,376,386,824,1586,0.4163498098859315,0.5019059720457433,127.0,120.0,528670736.0,152997784.0,-10,0.9740932642487048,-0.0131233595800524,0.2370744010088272,0.2433795712484237,0.0044136191677175,3.455414334628533
2024-01-23,320,402,864,1586,0.4138149556400507,0.4974587039390089,119.0,118.0,217213642.0,372303412.0,-82,0.7960199004975125,-0.113573407202216,0.201765447667087,0.253467843631778,0.0006305170239596,0.5834317790243619
2024-01-24,331,406,848,1585,0.4159797083069118,0.4990464081373172,114.0,120.0,318955407.0,287901709.0,-75,0.8152709359605911,-0.1017639077340569,0.2088328075709779,0.2561514195583596,-0.0037854889589905,1.1078621523570047
2024-01-25,334,376,875,1585,0.4039315155358275,0.5022250476795931,109.0,117.0,197919268.0,211512409.0,-42,0.8882978723404256,-0.0591549295774647,0.2107255520504732,0.2372239747634069,-0.0050473186119873,0.935733600386538
2024-01-26,442,322,822,1586,0.4125475285171102,0.5031766200762389,125.0,129.0,329695359.0,142721199.0,120,1.3726708074534162,0.1570680628272251,0.2786885245901639,0.2030264817150063,-0.0025220680958385,2.310065787774106
2024-01-29,381,403,802,1586,0.4121750158528852,0.5073108709472346,137.0,121.0,222121940.0,307045395.0,-22,0.9454094292803972,-0.0280612244897959,0.2402269861286254,0.2540983606557377,0.0100882723833543,0.7234172653851395
2024-01-30,424,311,850,1585,0.4204185161699429,0.5041322314049587,132.0,129.0,423983400.0,102741567.0,113,1.3633440514469453,0.1537414965986394,0.2675078864353312,0.1962145110410094,0.0018927444794952,4.126697814527201
2024-01-31,243,492,847,1582,0.3939008894536213,0.486624203821656,127.0,116.0,222769841.0,827144319.0,-249,0.4939024390243902,-0.3387755102040816,0.1536030341340075,0.3109987357774968,0.006953223767383,0.2693240295349233
2024-02-01,407,297,877,1581,0.4053367217280813,0.4862970044614404,130.0,115.0,354302215.0,155569970.0,110,1.3703703703703705,0.15625,0.2574320050600885,0.1878557874762808,0.0094876660341555,2.2774460585163063
2024-02-02,379,403,800,1582,0.4096385542168674,0.4910828025477707,140.0,128.0,435859494.0,302753237.0,-24,0.9404466501240696,-0.0306905370843989,0.2395701643489254,0.2547408343868521,0.0075853350189633,1.4396526303697292
2024-02-05,373,402,807,1582,0.4008866371120962,0.4732484076433121,127.0,123.0,490857846.0,277134336.0,-29,0.927860696517413,-0.0374193548387096,0.2357774968394437,0.2541087231352718,0.0025284450063211,1.771191015464789
2024-02-06,406,305,873,1584,0.4256799493991144,0.4809160305343511,129.0,124.0,332386996.0,235116087.0,101,1.3311475409836069,0.1420534458509142,0.2563131313131313,0.192550505050505,0.0031565656565656,1.4137143920739037
2024-02-07,485,219,880,1584,0.4620733249051833,0.5044529262086515,129.0,123.0,514441785.0,111005840.0,266,2.2146118721461185,0.3778409090909091,0.3061868686868687,0.1382575757575757,0.0037878787878787,4.634366849527916
2024-02-15,490,247,848,1585,0.5142135186355022,0.5305343511450382,144.0,120.0,626797271.0,164216935.0,243,1.9838056680161944,0.3297150610583446,0.3091482649842271,0.1558359621451104,0.0151419558359621,3.8168857006130334
2024-02-16,469,337,779,1585,0.540113708149084,0.551176096630642,131.0,121.0,488580446.0,267975886.0,132,1.3916913946587537,0.1637717121588089,0.2958990536277602,0.2126182965299684,0.0063091482649842,1.823225415140525
2024-02-19,445,354,789,1588,0.5573770491803278,0.5630944831959417,138.0,119.0,573852051.0,405088340.0,91,1.2570621468926553,0.113892365456821,0.2802267002518891,0.2229219143576826,0.0119647355163727,1.4166096486509585
2024-02-20,365,390,833,1588,0.5592686002522068,0.5700697526949905,127.0,118.0,426657089.0,331962503.0,-25,0.935897435897436,-0.0331125827814569,0.2298488664987405,0.2455919395465995,0.0056675062972292,1.2852568743283634
2024-02-21,376,413,799,1588,0.5463137996219282,0.5624603677869372,136.0,117.0,438408326.0,423141450.0,-37,0.910411622276029,-0.0468948035487959,0.2367758186397985,0.2600755667506297,0.0119647355163727,1.036079840441063
2024-02-22,411,355,822,1588,0.5551354757403907,0.5814838300570704,125.0,114.0,423909254.0,403463048.0,56,1.1577464788732394,0.0731070496083551,0.258816120906801,0.2235516372795969,0.0069269521410579,1.050676774741463
2024-02-23,291,572,724,1587,0.4943253467843632,0.544705136334813,146.0,122.0,117380907.0,1261228856.0,-281,0.5087412587412588,-0.3256083429895712,0.1833648393194707,0.3604284814114681,0.0151228733459357,0.0930686817397079
2024-02-26,469,314,804,1587,0.5252206809583859,0.5586556753329106,131.0,116.0,606483006.0,216156781.0,155,1.4936305732484076,0.1979565772669221,0.295526149968494,0.1978575929426591,0.0094517958412098,2.805755170826679
2024-02-27,478,245,865,1588,0.542875157629256,0.5760456273764258,149.0,116.0,784859513.0,91852864.0,233,1.9510204081632652,0.322268326417704,0.3010075566750629,0.1542821158690176,0.0207808564231738,8.544747314574753
2024-02-28,406,370,811,1587,0.5264817150063051,0.5722433460076045,151.0,119.0,611735965.0,269129559.0,36,1.0972972972972972,0.0463917525773195,0.2558286074354127,0.2331442974165091,0.0201638311279143,2.2730166365709388
2024-02-29,322,419,846,1587,0.5031525851197982,0.55893536121673,146.0,117.0,539711148.0,429374376.0,-97,0.7684964200477327,-0.1309041835357624,0.2028985507246377,0.2640201638311279,0.0182734719596723,1.2569710214845238
2024-03-01,517,297,772,1586,0.5312302839116719,0.5783132530120482,149.0,121.0,748912336.0,159437708.0,220,1.7407407407407407,0.2702702702702703,0.3259773013871374,0.1872635561160151,0.0176544766708701,4.697209621202031
2024-03-04,469,354,764,1587,0.538801261829653,0.575142675967026,168.0,118.0,671929918.0,336931591.0,115,1.3248587570621468,0.1397326852976913,0.295526149968494,0.2230623818525519,0.0315059861373661,1.9942621468225576
2024-03-05,412,350,825,1587,0.5488958990536278,0.5884590995561192,147.0,121.0,635135545.0,220456567.0,62,1.177142857142857,0.0813648293963254,0.2596093257718966,0.2205419029615627,0.0163831127914303,2.8810007959527013
2024-03-06,276,505,805,1586,0.5003154574132492,0.5700697526949905,148.0,123.0,189004854.0,818309714.0,-229,0.5465346534653466,-0.293213828425096,0.1740226986128625,0.3184110970996217,0.0157629255989911,0.2309698281303795
2024-03-07,442,323,821,1586,0.5211356466876972,0.585288522511097,143.0,120.0,756115369.0,236625078.0,119,1.368421052631579,0.1555555555555555,0.2786885245901639,0.2036569987389659,0.0145018915510718,3.1954151917912945
2024-03-08,293,533,761,1587,0.4722572509457755,0.5665399239543726,154.0,128.0,197463215.0,1087143662.0,-240,0.549718574108818,-0.2905569007263922,0.1846250787649653,0.3358538122243226,0.0163831127914303,0.1816348858960647
2024-03-11,285,525,778,1588,0.4312736443883985,0.5240811153358682,159.0,125.0,152948476.0,786886649.0,-240,0.5428571428571428,-0.2962962962962963,0.1794710327455919,0.3306045340050378,0.0214105793450881,0.1943716749983897
2024-03-12,401,327,860,1588,0.422544080604534,0.5231158961367954,156.0,129.0,411158032.0,334337902.0,74,1.2262996941896025,0.1016483516483516,0.2525188916876574,0.2059193954659949,0.0170025188916876,1.2297679369896866
2024-03-13,619,185,784,1588,0.4785894206549118,0.5554148195060165,182.0,129.0,916318776.0,28821828.0,434,3.345945945945946,0.5398009950248757,0.3897984886649874,0.1164987405541561,0.0333753148614609,31.79252807975955
2024-03-14,407,389,792,1588,0.4817380352644836,0.5636478784040532,192.0,130.0,567131059.0,531394095.0,18,1.0462724935732648,0.0226130653266331,0.2562972292191435,0.2449622166246851,0.0390428211586901,1.067251338199383
2024-03-15,418,399,770,1587,0.4965343415248897,0.5665399239543726,161.0,135.0,557419823.0,384461949.0,19,1.0476190476190477,0.0232558139534883,0.2633900441083805,0.2514177693761815,0.0163831127914303,1.4498699401848998
2024-03-18,241,623,725,1589,0.421648835745752,0.5253164556962026,158.0,135.0,537771599.0,1183008566.0,-382,0.3868378812199037,-0.4421296296296296,0.1516677155443675,0.3920704845814978,0.0144745122718691,0.4545796323506925
2024-03-19,394,377,818,1589,0.4254247954688483,0.529113924050633,133.0,136.0,352869107.0,396085383.0,17,1.0450928381962865,0.0220492866407263,0.2479546884833228,0.23725613593455,-0.0018879798615481,0.8908915151761609
2024-03-20,515,274,799,1588,0.4615869017632242,0.5522482583913869,134.0,129.0,746667007.0,112236387.0,241,1.8795620437956204,0.3054499366286438,0.3243073047858942,0.172544080604534,0.0031486146095717,6.652628679146631
2024-03-21,536,277,776,1589,0.4940213971050975,0.5553447185325743,144.0,131.0,1152476408.0,75055482.0,259,1.935018050541516,0.3185731857318573,0.3373190685966016,0.1743234738829452,0.0081812460667086,15.35499309697325
2024-03-22,429,424,736,1589,0.4921334172435494,0.5698041692987997,155.0,136.0,797263238.0,322762988.0,5,1.0117924528301887,0.0058616647127784,0.2699811202013845,0.2668344870988043,0.0119572057898049,2.47011977098192
2024-03-25,273,501,815,1589,0.4556324732536186,0.5482649842271293,157.0,134.0,434586907.0,769091253.0,-228,0.5449101796407185,-0.2945736434108527,0.171806167400881,0.31529263687854,0.0144745122718691,0.5650654656450761
2024-03-26,509,275,805,1589,0.4839521711768408,0.5665615141955836,156.0,137.0,706585664.0,171373306.0,234,1.8509090909090908,0.298469387755102,0.3203272498426683,0.1730648206419131,0.0119572057898049,4.123078911718024
2024-03-27,435,312,843,1590,0.5022026431718062,0.5788146279949559,168.0,136.0,515994104.0,242093022.0,123,1.3942307692307692,0.1646586345381526,0.2735849056603773,0.1962264150943396,0.020125786163522,2.131387760527852
2024-03-28,415,368,807,1590,0.5069182389937107,0.5743073047858942,180.0,134.0,465460052.0,381408686.0,47,1.127717391304348,0.0600255427841634,0.2610062893081761,0.2314465408805031,0.0289308176100628,1.2203708753502274
2024-03-29,374,451,763,1588,0.506926952141058,0.5769230769230769,168.0,137.0,237981161.0,575222072.0,-77,0.8292682926829268,-0.0933333333333333,0.2355163727959697,0.2840050377833753,0.019521410579345,0.4137204961078058
2024-04-01,342,494,753,1589,0.4889867841409692,0.5633270321361059,157.0,130.0,432372573.0,464850601.0,-152,0.6923076923076923,-0.1818181818181818,0.2152297042164883,0.3108873505349276,0.0169918187539332,0.930132330838914
2024-04-02,426,387,777,1590,0.4861635220125786,0.5585642317380353,160.0,130.0,707509384.0,345437399.0,39,1.1007751937984496,0.047970479704797,0.2679245283018868,0.2433962264150943,0.0188679245283018,2.048155139102353
2024-04-03,329,509,752,1590,0.4672955974842767,0.5601006922592826,167.0,133.0,200624169.0,855399784.0,-180,0.6463654223968566,-0.2147971360381861,0.2069182389937107,0.320125786163522,0.0213836477987421,0.2345384845222266
2024-04-04,266,536,788,1590,0.420125786163522,0.540591567023285,158.0,133.0,271383550.0,683939542.0,-270,0.4962686567164179,-0.3366583541147132,0.1672955974842767,0.3371069182389937,0.0157232704402515,0.3967946482614687
2024-04-05,317,542,731,1590,0.3748427672955974,0.5022026431718062,153.0,144.0,272380546.0,863572544.0,-225,0.584870848708487,-0.2619324796274738,0.1993710691823899,0.340880503144654,0.0056603773584905,0.3154113083984291
2024-04-08,247,559,782,1588,0.3387909319899244,0.4700693131695022,146.0,142.0,208640822.0,543495708.0,-312,0.4418604651162791,-0.3870967741935484,0.1555415617128463,0.3520151133501259,0.0025188916876574,0.3838867886699116
2024-04-09,493,290,804,1587,0.3528670447385003,0.4918032786885246,146.0,157.0,542858044.0,84391161.0,203,1.7,0.2592592592592592,0.3106490233144297,0.1827347195967233,-0.0069313169502205,6.432641020307802
2024-04-10,293,454,843,1590,0.3440251572327044,0.4776589049716803,143.0,152.0,144546417.0,438527505.0,-161,0.6453744493392071,-0.215528781793842,0.1842767295597484,0.2855345911949685,-0.0056603773584905,0.3296176758627717
2024-04-11,330,426,832,1588,0.3387909319899244,0.4694391934467549,140.0,155.0,283443072.0,309671309.0,-96,0.7746478873239436,-0.1269841269841269,0.207808564231738,0.2682619647355164,-0.0094458438287153,0.9153029801672716
2024-04-12,534,297,758,1589,0.3807426054122089,0.4880352644836272,154.0,153.0,610783439.0,128312480.0,237,1.797979797979798,0.2851985559566787,0.3360604153555695,0.1869100062932662,0.000629326620516,4.760124962123715
2024-04-15,140,781,667,1588,0.2625944584382871,0.369880277252678,141.0,173.0,109902125.0,1358137329.0,-641,0.1792573623559539,-0.6959826275787188,0.08816120906801,0.4918136020151133,-0.0201511335012594,0.0809212166202082
2024-04-16,294,550,745,1589,0.2437027707808564,0.3490863264020163,122.0,201.0,465254751.0,799531774.0,-256,0.5345454545454545,-0.3033175355450237,0.185022026431718,0.3461296412838263,-0.0497168030207677,0.581909019915949
2024-04-17,307,504,779,1590,0.2485840151038389,0.3406801007556675,126.0,171.0,116733054.0,691469219.0,-197,0.6091269841269841,-0.2429099876695437,0.1930817610062893,0.3169811320754717,-0.0283018867924528,0.1688188726156442
2024-04-19,223,686,680,1589,0.2133417243549402,0.2959697732997481,120.0,215.0,105205430.0,962587396.0,-463,0.3250728862973761,-0.5093509350935094,0.1403398363750786,0.4317180616740088,-0.0597860289490245,0.1092944188103622
2024-04-22,618,224,747,1589,0.243073047858942,0.3194706994328922,122.0,167.0,602913203.0,62674121.0,394,2.758928571428572,0.4679334916864608,0.3889238514789175,0.1409691629955947,-0.0283196979232221,9.619811070026811
2024-04-23,276,506,805,1587,0.2356647763074984,0.3184110970996217,122.0,160.0,150222965.0,534988929.0,-230,0.5454545454545454,-0.2941176470588235,0.1739130434782608,0.3188405797101449,-0.0239445494643982,0.2807963994335292
2024-04-24,639,187,762,1588,0.2714105793450881,0.3425692695214106,119.0,163.0,700670586.0,13775145.0,452,3.4171122994652405,0.5472154963680388,0.4023929471032745,0.1177581863979848,-0.0277078085642317,50.86484287461221
2024-04-25,291,450,848,1589,0.2651133501259445,0.3369017632241813,122.0,157.0,180688214.0,278967232.0,-159,0.6466666666666666,-0.2145748987854251,0.1831340465701699,0.2831969792322215,-0.0220264317180616,0.6477040787356703
2024-04-26,384,409,797,1590,0.290119572057898,0.3455003146633102,127.0,172.0,240665229.0,300746026.0,-25,0.938875305623472,-0.0315258511979823,0.2415094339622641,0.2572327044025157,-0.0283018867924528,0.800227461692212
2024-05-02,435,368,786,1589,0.3129722921914357,0.3551637279596977,138.0,157.0,292131841.0,206852952.0,67,1.1820652173913044,0.0834371108343711,0.2737570799244808,0.2315921963499056,-0.0119572057898049,1.4122681749303727
2024-05-03,445,370,773,1588,0.3345935727788279,0.3648393194706994,150.0,160.0,296161266.0,220377177.0,75,1.2027027027027026,0.0920245398773006,0.2802267002518891,0.2329974811083123,-0.0062972292191435,1.3438835637684932
2024-05-06,617,236,734,1587,0.4010088272383354,0.3953341740226986,161.0,148.0,700139769.0,32054169.0,381,2.614406779661017,0.4466588511137163,0.3887838689350976,0.148708254568368,0.0081915563957151,21.842393387268903
2024-05-07,448,322,817,1587,0.4334384858044164,0.4050473186119874,165.0,146.0,363116910.0,233448374.0,126,1.391304347826087,0.1636363636363636,0.2822936357908002,0.2028985507246377,0.0119722747321991,1.5554484436032097
2024-05-08,421,372,793,1586,0.473186119873817,0.4227129337539432,152.0,136.0,521156226.0,330582726.0,49,1.131720430107527,0.0617906683480454,0.2654476670870113,0.2345523329129886,0.0100882723833543,1.5764774896314455
2024-05-09,367,404,817,1588,0.4836065573770491,0.4205548549810844,159.0,140.0,279707174.0,403066292.0,-37,0.9084158415841584,-0.0479896238651102,0.2311083123425692,0.2544080604534005,0.0119647355163727,0.6939483145864254
2024-05-10,388,443,753,1584,0.4952621604548326,0.4188250157927984,145.0,151.0,356837681.0,271021458.0,-55,0.8758465011286681,-0.0661853188929001,0.2449494949494949,0.2796717171717172,-0.0037878787878787,1.3166399577113927
2024-05-13,431,385,770,1586,0.5230283911671925,0.4271293375394321,155.0,137.0,399512161.0,239032904.0,46,1.1194805194805195,0.0563725490196078,0.2717528373266078,0.242749054224464,0.0113493064312736,1.671368896559948
2024-05-14,403,344,837,1584,0.5394819962097284,0.4428300694883133,153.0,139.0,298344934.0,223490748.0,59,1.1715116279069768,0.0789825970548862,0.2544191919191919,0.2171717171717171,0.0088383838383838,1.334931922998441
2024-05-15,471,305,808,1584,0.5733249051833123,0.4551201011378002,171.0,136.0,653373896.0,116683837.0,166,1.544262295081967,0.2139175257731958,0.2973484848484848,0.192550505050505,0.0220959595959595,5.599523574117639
2024-05-16,480,322,783,1585,0.5837018319646241,0.457991156032849,163.0,133.0,706232503.0,133911547.0,158,1.4906832298136643,0.1970074812967581,0.3028391167192429,0.2031545741324921,0.0189274447949526,5.273873081310905
2024-05-17,483,348,751,1582,0.5974683544303797,0.4727848101265823,160.0,132.0,720722099.0,128106200.0,135,1.387931034482759,0.1624548736462094,0.3053097345132743,0.2199747155499367,0.0176991150442477,5.625973598467522
2024-05-20,463,372,748,1583,0.5977229601518027,0.4939911448450348,181.0,131.0,669959461.0,256574442.0,91,1.2446236559139785,0.1089820359281437,0.2924826279216677,0.2349968414403032,0.0315855969677826,2.61116990366484
2024-05-21,424,405,753,1582,0.5905063291139241,0.5082278481012659,174.0,129.0,577512230.0,332417338.0,19,1.0469135802469136,0.02291917973462,0.2680151706700379,0.2560050568900126,0.0284450063211125,1.7373107957443543
2024-05-22,407,401,775,1583,0.5860759493670886,0.5139240506329114,176.0,133.0,447924176.0,666536433.0,6,1.0149625935162094,0.0074257425742574,0.2571067593177511,0.2533164876816172,0.0271636133922931,0.6720175429630266
2024-05-23,477,317,788,1582,0.5858138062064597,0.526282457251425,171.0,128.0,727855252.0,187368619.0,160,1.504731861198738,0.2015113350125944,0.3015170670037926,0.2003792667509481,0.0271807838179519,3.884616623021596
2024-05-24,271,642,668,1581,0.5379746835443038,0.4851171627612413,173.0,144.0,269036900.0,1172053396.0,-371,0.4221183800623053,-0.4063526834611172,0.1714104996837444,0.4060721062618596,0.0183428209993674,0.2295432110159595
2024-05-27,486,341,755,1582,0.5439595192915876,0.5031645569620253,155.0,130.0,413700138.0,173078000.0,145,1.4252199413489737,0.1753325272067714,0.3072060682680151,0.2155499367888748,0.0158027812895069,2.3902525913172097
2024-05-28,564,254,765,1583,0.572692793931732,0.5256166982922201,173.0,131.0,709929817.0,86157532.0,310,2.220472440944882,0.3789731051344743,0.3562855337965888,0.160454832596336,0.0265319014529374,8.23990428370209
2024-05-29,410,413,759,1582,0.5566097406704618,0.5360759493670886,185.0,132.0,489691769.0,569304058.0,-3,0.9927360774818402,-0.0036452004860267,0.259165613147914,0.2610619469026549,0.0335018963337547,0.8601585780370461
2024-05-30,346,450,790,1586,0.5419558359621451,0.5227272727272727,161.0,130.0,505787452.0,526533488.0,-104,0.7688888888888888,-0.1306532663316583,0.2181588902900378,0.2837326607818411,0.019546027742749,0.9605988289960392
2024-05-31,443,428,715,1586,0.5625,0.5356917245735945,180.0,142.0,305327810.0,371566269.0,15,1.0350467289719627,0.0172215843857634,0.2793190416141236,0.2698612862547289,0.0239596469104665,0.8217317756580321
2024-06-03,600,291,694,1585,0.5909090909090909,0.5653821857233101,172.0,135.0,840178674.0,151398382.0,309,2.061855670103093,0.3468013468013468,0.3785488958990536,0.183596214511041,0.0233438485804416,5.549456096565153
2024-06-04,402,407,776,1585,0.5852272727272727,0.5698041692987997,181.0,136.0,446773100.0,390795787.0,-5,0.9877149877149876,-0.0061804697156983,0.2536277602523659,0.256782334384858,0.028391167192429,1.143239294951765
2024-06-05,413,388,786,1587,0.5838587641866331,0.5785488958990537,193.0,134.0,302320342.0,503792647.0,25,1.0644329896907216,0.031210986267166,0.260239445494644,0.2444864524259609,0.037177063642092,0.6000888337697394
2024-06-06,392,413,782,1587,0.5662042875157629,0.579179810725552,187.0,129.0,445582977.0,309855321.0,-21,0.9491525423728814,-0.0260869565217391,0.2470069313169502,0.260239445494644,0.0365469439193446,1.438035582419448
2024-06-07,511,368,709,1588,0.5727788279773157,0.6021437578814628,196.0,139.0,385644672.0,244138502.0,143,1.388586956521739,0.1626848691695108,0.3217884130982368,0.2317380352644836,0.0358942065491183,1.579614312534776
2024-06-10,496,365,728,1589,0.5850125944584383,0.6112161310649024,208.0,132.0,472959891.0,342412495.0,131,1.358904109589041,0.1521486643437863,0.3121460037759597,0.2297042164883574,0.0478288231592196,1.3812576874567617
2024-06-11,322,507,760,1589,0.5575833857772183,0.6086956521739131,205.0,129.0,364662029.0,579564354.0,-185,0.6351084812623274,-0.2231604342581423,0.2026431718061674,0.3190685966016362,0.0478288231592196,0.6292002371836691
2024-06-12,490,324,774,1588,0.5818639798488665,0.6210592686002522,186.0,132.0,719452239.0,106370526.0,166,1.5123456790123455,0.2039312039312039,0.3085642317380352,0.2040302267002519,0.0340050377833753,6.763642768862495
2024-06-13,415,396,778,1589,0.5799748110831234,0.6298865069356873,183.0,133.0,527238812.0,319094495.0,19,1.047979797979798,0.0234278668310727,0.2611705475141598,0.2492133417243549,0.0314663310258023,1.6522967969096427
2024-06-14,301,631,655,1587,0.4870825456836799,0.6107255520504732,184.0,137.0,107137917.0,1015044173.0,-330,0.4770206022187004,-0.3540772532188841,0.1896660365469439,0.3976055450535601,0.0296156269691241,0.1055500044725639
2024-06-17,402,476,708,1586,0.4684741488020176,0.5921717171717171,165.0,128.0,358860607.0,450604016.0,-74,0.8445378151260504,-0.0842824601366742,0.253467843631778,0.3001261034047919,0.0233291298865069,0.7963990427462146
2024-06-18,486,324,776,1586,0.4735182849936948,0.6041666666666666,181.0,131.0,362063485.0,236855713.0,162,1.5,0.2,0.3064312736443884,0.2042875157629256,0.0315258511979823,1.5286246652619269
2024-06-19,391,434,762,1587,0.4719596723377441,0.5987381703470032,186.0,133.0,392478663.0,377256263.0,-43,0.9009216589861752,-0.0521212121212121,0.2463768115942029,0.2734719596723377,0.033396345305608,1.040350291016905
2024-06-20,437,387,764,1588,0.4801512287334593,0.5993690851735016,195.0,137.0,366107559.0,417227874.0,50,1.129198966408269,0.0606796116504854,0.2751889168765743,0.2437027707808564,0.0365239294710327,0.8774762709166454
2024-06-21,547,401,640,1588,0.5018891687657431,0.6128625472887768,231.0,139.0,288099275.0,488316240.0,146,1.3640897755610972,0.1540084388185654,0.3444584382871536,0.2525188916876574,0.0579345088161209,0.5899850371554303
2024-06-24,285,645,657,1587,0.4341524889729048,0.5589905362776025,218.0,136.0,200162923.0,1020315941.0,-360,0.4418604651162791,-0.3870967741935484,0.1795841209829867,0.4064272211720227,0.0516698172652804,0.1961773946252595
2024-06-25,418,379,790,1587,0.4337957124842371,0.5732323232323232,170.0,133.0,390591729.0,157884635.0,39,1.1029023746701847,0.0489335006273525,0.2633900441083805,0.238815374921235,0.0233144297416509,2.473905893375881
2024-06-26,400,383,804,1587,0.4397476340694006,0.5754895767530006,156.0,132.0,294328189.0,245724550.0,17,1.0443864229765014,0.0217113665389527,0.2520478890989288,0.2413358538122243,0.0151228733459357,1.197797244923228
2024-06-27,341,449,800,1590,0.4250629722921914,0.5674653215636822,166.0,132.0,173113211.0,270134090.0,-108,0.7594654788418709,-0.1367088607594936,0.2144654088050314,0.2823899371069182,0.0213836477987421,0.6408417797250248
2024-06-28,255,657,676,1588,0.3701134930643127,0.5315656565656566,154.0,140.0,145651958.0,596541870.0,-402,0.3881278538812785,-0.4407894736842105,0.1605793450881612,0.413727959697733,0.008816120906801,0.2441604945517068
2024-07-01,474,369,746,1589,0.3667296786389414,0.5369085173501578,137.0,137.0,347798688.0,101999365.0,105,1.2845528455284554,0.1245551601423487,0.2983008181246067,0.2322215229704216,0.0,3.40981228657649
2024-07-02,492,286,813,1591,0.38727959697733,0.5529634300126104,140.0,130.0,409449624.0,79051254.0,206,1.7202797202797202,0.2647814910025707,0.3092394720301697,0.1797611565053425,0.0062853551225644,5.179546221999211
2024-07-03,433,327,828,1588,0.3917981072555205,0.5502210991787745,155.0,131.0,345156361.0,146053466.0,106,1.3241590214067278,0.1394736842105263,0.2726700251889168,0.2059193954659949,0.0151133501259445,2.3632192405485264
2024-07-04,436,348,806,1590,0.3988657844990548,0.5589905362776025,156.0,134.0,298571265.0,211606826.0,88,1.2528735632183907,0.1122448979591836,0.2742138364779874,0.2188679245283019,0.0138364779874213,1.4109718039057966
2024-07-05,347,449,793,1589,0.3846153846153846,0.546372239747634,156.0,142.0,305121022.0,260943398.0,-102,0.7728285077951003,-0.1281407035175879,0.2183763373190686,0.2825676526117054,0.0088105726872246,1.169299642522475
2024-07-08,444,384,759,1587,0.394570707070707,0.5356917245735945,165.0,141.0,399581845.0,283710229.0,60,1.15625,0.072463768115942,0.2797731568998109,0.2419659735349716,0.0151228733459357,1.4084153624224809
2024-07-09,493,306,789,1588,0.4359621451104101,0.5492424242424242,174.0,141.0,669118917.0,146088445.0,187,1.6111111111111112,0.2340425531914893,0.3104534005037783,0.1926952141057934,0.0207808564231738,4.580231632967275
2024-07-10,321,451,815,1587,0.4223484848484848,0.5344283006948831,165.0,139.0,278577278.0,438545358.0,-130,0.7117516629711752,-0.1683937823834196,0.2022684310018903,0.2841839949590422,0.0163831127914303,0.6352302513711706
2024-07-11,399,397,791,1587,0.4381313131313131,0.5281111813013266,155.0,138.0,340237568.0,305173377.0,2,1.0050377833753148,0.0025125628140703,0.2514177693761815,0.2501575299306868,0.0107120352867044,1.1148992462733731
2024-07-12,353,476,759,1588,0.4340694006309148,0.5284090909090909,154.0,140.0,228871035.0,317010310.0,-123,0.7415966386554622,-0.1483715319662243,0.2222921914357682,0.2997481108312342,0.008816120906801,0.7219671656735707
2024-07-15,386,418,784,1588,0.4145110410094637,0.5246212121212122,157.0,132.0,252334107.0,222976788.0,-32,0.9234449760765552,-0.0398009950248756,0.243073047858942,0.2632241813602015,0.0157430730478589,1.1316608749427317
2024-07-16,386,400,801,1587,0.4343434343434343,0.5325331648768161,165.0,137.0,238226123.0,403465924.0,-14,0.965,-0.0178117048346055,0.2432262129804663,0.2520478890989288,0.017643352236925,0.590449177561771
2024-07-17,181,670,736,1587,0.3446969696969697,0.4731522425773847,167.0,151.0,266999409.0,938579601.0,-489,0.2701492537313433,-0.5746180963572268,0.1140516698172652,0.4221802142407057,0.0100819155639571,0.284471779181572
2024-07-18,471,330,786,1587,0.3585858585858585,0.4693619709412508,142.0,145.0,578097748.0,99062418.0,141,1.4272727272727272,0.1760299625468165,0.2967863894139886,0.2079395085066162,-0.0018903591682419,5.8356918766105625
2024-07-19,254,595,737,1586,0.3301767676767677,0.4405815423514538,146.0,158.0,247504399.0,526046682.0,-341,0.426890756302521,-0.4016489988221437,0.1601513240857503,0.3751576292559899,-0.0075662042875157,0.4704989261770498
2024-07-22,256,597,733,1586,0.2927444794952681,0.3975979772439949,148.0,168.0,229063691.0,619658474.0,-341,0.4288107202680067,-0.3997655334114888,0.1614123581336696,0.3764186633039092,-0.0126103404791929,0.3696611934011896
2024-07-23,218,609,758,1585,0.2664141414141414,0.3729456384323641,153.0,175.0,37739845.0,656518702.0,-391,0.3579638752052545,-0.4727932285368803,0.1375394321766561,0.3842271293375394,-0.0138801261829653,0.0574847980492107
2024-07-24,474,302,810,1586,0.2725552050473186,0.3783954516740366,143.0,177.0,512895532.0,156102911.0,172,1.5695364238410596,0.2216494845360824,0.2988650693568726,0.1904161412358133,-0.0214375788146279,3.285624391719383
2024-07-25,309,452,824,1585,0.2626262626262626,0.3634639696586599,142.0,159.0,92994552.0,291378117.0,-143,0.6836283185840708,-0.1879106438896189,0.1949526813880126,0.285173501577287,-0.0107255520504731,0.3191542074520304
2024-07-26,520,293,529,1342,0.2878448918717375,0.3953662182361734,82.0,76.0,306806077.0,112505476.0,227,1.7747440273037542,0.2792127921279212,0.3874813710879284,0.2183308494783904,0.0044709388971684,2.727032389072333
2024-07-29,431,327,503,1261,0.3084853291038858,0.4133545310015898,73.0,60.0,279524142.0,154870119.0,104,1.3180428134556574,0.1372031662269129,0.3417922283901665,0.2593180015860428,0.0103092783505154,1.8048939576265195
2024-07-30,268,484,507,1259,0.3002382843526608,0.3980891719745223,73.0,72.0,225263869.0,381191168.0,-216,0.5537190082644629,-0.2872340425531915,0.2128673550436854,0.3844320889594916,0.0007942811755361,0.5909472409392235
2024-07-31,346,401,514,1261,0.2968253968253968,0.3874303898170246,78.0,61.0,337756127.0,299156343.0,-55,0.8628428927680798,-0.073627844712182,0.274385408406027,0.3180015860428231,0.0134813639968279,1.1290288001682116
2024-08-01,147,677,442,1266,0.233386075949367,0.3433782712133227,71.0,92.0,49663417.0,884028370.0,-530,0.2171344165435746,-0.6432038834951457,0.1161137440758293,0.5347551342812006,-0.0165876777251184,0.0561785330486622
2024-08-02,476,352,513,1341,0.2554144884241972,0.3408239700374532,71.0,133.0,520288513.0,142474464.0,124,1.3522727272727273,0.1497584541062802,0.354958985831469,0.2624906785980611,-0.0462341536167039,3.6518018625428894
2024-08-05,121,769,378,1268,0.1881422924901185,0.2735923869944489,68.0,145.0,18480065.0,990353962.0,-648,0.1573472041612483,-0.7280898876404495,0.0954258675078864,0.6064668769716088,-0.0607255520504731,0.0186600606541522
2024-08-06,640,194,431,1265,0.2202852614896989,0.2867355043685464,67.0,131.0,596969586.0,18982310.0,446,3.2989690721649483,0.5347721822541966,0.5059288537549407,0.1533596837944664,-0.050592885375494,31.448732319722943
2024-08-07,439,321,490,1250,0.2429831595829992,0.3022508038585209,71.0,61.0,256927615.0,170370159.0,118,1.367601246105919,0.1552631578947368,0.3512,0.2568,0.008,1.5080552633633453
2024-08-08,337,399,516,1252,0.2481985588470776,0.2929373996789727,71.0,54.0,188195824.0,428807790.0,-62,0.8446115288220551,-0.0842391304347826,0.2691693290734824,0.3186900958466453,0.0135782747603833,0.4388815417742294
2024-08-09,539,247,555,1341,0.2817638266068759,0.3116104868913857,79.0,72.0,451415490.0,73513569.0,292,2.182186234817814,0.371501272264631,0.4019388516032811,0.1841909023117076,0.0052199850857568,6.140573721839026
2024-08-12,423,315,518,1256,0.3035143769968051,0.3130504403522818,74.0,56.0,330330789.0,157454607.0,108,1.3428571428571427,0.1463414634146341,0.3367834394904458,0.250796178343949,0.0143312101910828,2.0979429900072724
2024-08-13,328,425,499,1252,0.3141025641025641,0.3180722891566265,79.0,48.0,192654020.0,275307012.0,-97,0.7717647058823529,-0.1288180610889774,0.2619808306709265,0.3394568690095846,0.0247603833865814,0.6997788345470838
2024-08-14,342,417,490,1249,0.3124497991967871,0.3075684380032206,80.0,56.0,169631334.0,283375566.0,-75,0.8201438848920863,-0.0988142292490118,0.2738190552441953,0.3338670936749399,0.0192153722978382,0.5986095992482288
2024-08-15,239,514,496,1249,0.3044176706827309,0.2987117552334943,77.0,58.0,108628213.0,293363366.0,-275,0.4649805447470817,-0.3652058432934927,0.1913530824659727,0.4115292233787029,0.0152121697357886,0.3702855420604902
2024-08-16,725,164,458,1347,0.473566641846612,0.3470149253731343,83.0,66.0,990684141.0,5862928.0,561,4.420731707317073,0.6310461192350956,0.5382331106161841,0.1217520415738678,0.0126206384558277,168.9742976546872
2024-08-19,423,337,506,1266,0.5206022187004754,0.3574265289912629,79.0,40.0,412918039.0,148101521.0,86,1.2551928783382789,0.1131578947368421,0.3341232227488152,0.2661927330173775,0.0308056872037914,2.7880742629240114
2024-08-20,483,271,517,1271,0.5453827940015785,0.3813291139240506,76.0,36.0,637457083.0,112999086.0,212,1.7822878228782288,0.2811671087533156,0.3800157356412273,0.2132179386309992,0.03147128245476,5.641258753190269
2024-08-21,421,355,494,1270,0.5718799368088467,0.3990498812351544,77.0,33.0,565150336.0,173124710.0,66,1.1859154929577465,0.0850515463917525,0.331496062992126,0.2795275590551181,0.0346456692913385,3.264411741108476
2024-08-22,315,427,522,1264,0.5587301587301587,0.3929992044550517,72.0,38.0,292839081.0,277237053.0,-112,0.7377049180327869,-0.1509433962264151,0.2492088607594936,0.3378164556962025,0.0268987341772151,1.0562768498336332
2024-08-23,363,433,553,1349,0.5278810408921933,0.3867362146050671,74.0,53.0,365754054.0,210198849.0,-70,0.8383371824480369,-0.0879396984924623,0.2690882134914751,0.3209785025945144,0.0155670867309117,1.7400383291347137
2024-08-26,300,460,511,1271,0.5134069400630915,0.3813291139240506,74.0,43.0,239300347.0,377675282.0,-160,0.6521739130434783,-0.2105263157894736,0.2360346184107002,0.3619197482297404,0.024390243902439,0.6336140023058221
2024-08-27,361,402,499,1262,0.5349206349206349,0.372408293460925,68.0,45.0,250929472.0,278670353.0,-41,0.8980099502487562,-0.0537352555701179,0.286053882725832,0.3185419968304279,0.0182250396196513,0.900452700829643
2024-08-28,316,416,531,1263,0.5376685170499603,0.3789808917197452,64.0,50.0,301894355.0,313403117.0,-100,0.7596153846153846,-0.1366120218579235,0.2501979414093428,0.3293745051464766,0.0110847189231987,0.9632780869885222
2024-08-29,336,420,517,1273,0.5117924528301887,0.3905138339920949,71.0,45.0,227926729.0,284691274.0,-84,0.8,-0.1111111111111111,0.2639434406912804,0.3299293008641005,0.0204241948153967,0.8006101690352476
2024-08-30,404,358,578,1340,0.5123226288274833,0.3840960240060015,80.0,56.0,202395096.0,207885773.0,46,1.128491620111732,0.0603674540682414,0.3014925373134328,0.2671641791044776,0.017910447761194,0.9735880097961296
2024-09-04,269,508,476,1253,0.4512779552715655,0.3830128205128205,70.0,58.0,192640672.0,400246055.0,-239,0.5295275590551181,-0.3075933075933076,0.2146847565841979,0.4054269752593775,0.0095770151636073,0.4813056108697935
2024-09-05,275,457,528,1260,0.4189189189189189,0.3564593301435406,72.0,49.0,92381862.0,410124763.0,-182,0.6017505470459519,-0.2486338797814207,0.2182539682539682,0.3626984126984127,0.0182539682539682,0.2252530701249073
2024-09-06,342,402,586,1330,0.3975903614457831,0.3700906344410876,72.0,66.0,280622384.0,217867196.0,-60,0.8507462686567164,-0.0806451612903225,0.2571428571428571,0.3022556390977444,0.0045112781954887,1.2880433087319856
2024-09-09,248,454,550,1252,0.3637090327737809,0.3635634028892456,64.0,64.0,134962526.0,279274520.0,-206,0.5462555066079295,-0.2934472934472934,0.1980830670926517,0.3626198083067092,0.0,0.4832611510709964
2024-09-10,214,511,513,1238,0.3379143088116411,0.3398215733982157,67.0,64.0,113255446.0,487573825.0,-297,0.4187866927592955,-0.4096551724137931,0.172859450726979,0.412762520193861,0.0024232633279483,0.2322836875010671
2024-09-11,296,385,562,1243,0.322061191626409,0.332794830371567,64.0,70.0,182513502.0,278611557.0,-89,0.7688311688311689,-0.1306901615271659,0.2381335478680611,0.3097345132743362,-0.0048270313757039,0.655082308735671
2024-09-12,398,310,544,1252,0.328537170263789,0.3496391339214114,63.0,61.0,210902211.0,149452442.0,88,1.2838709677419355,0.1242937853107344,0.3178913738019169,0.2476038338658147,0.0015974440894568,1.4111660417030858
2024-09-13,375,365,586,1326,0.3275471698113207,0.3489780469341408,63.0,79.0,221766256.0,144521282.0,10,1.0273972602739727,0.0135135135135135,0.2828054298642534,0.27526395173454,-0.0120663650075414,1.5344885744924406
2024-09-16,254,493,500,1247,0.304975922953451,0.3309178743961353,64.0,52.0,61485928.0,356471590.0,-239,0.5152129817444219,-0.3199464524765729,0.2036888532477947,0.3953488372093023,0.0096230954290296,0.1724847918455437
2024-09-17,508,240,496,1244,0.3427192276749798,0.3680387409200968,63.0,57.0,411961141.0,25539016.0,268,2.1166666666666667,0.3582887700534759,0.4083601286173633,0.1929260450160771,0.0048231511254019,16.13065832293617
2024-09-18,427,309,513,1249,0.3669871794871794,0.3762057877813505,64.0,39.0,427016547.0,171024616.0,118,1.3818770226537216,0.1603260869565217,0.3418734987990392,0.2473979183346677,0.0200160128102481,2.496813365159084
2024-09-19,409,301,534,1244,0.4014481094127112,0.3833736884584342,72.0,39.0,370909042.0,68966233.0,108,1.3588039867109634,0.152112676056338,0.3287781350482315,0.2419614147909967,0.0265273311897106,5.378125292126656
2024-09-20,411,407,523,1341,0.3985074626865671,0.3832335329341317,76.0,51.0,489564222.0,293055907.0,4,1.00982800982801,0.0048899755501222,0.3064876957494407,0.3035048471290082,0.0186428038777032,1.6705488963237312
2024-09-23,310,445,497,1252,0.4084732214228617,0.3929430633520449,69.0,49.0,188727415.0,243265721.0,-135,0.6966292134831461,-0.1788079470198675,0.2476038338658147,0.3554313099041533,0.0159744408945686,0.7758076815105405
2024-09-24,449,277,526,1252,0.4380495603517186,0.4137931034482758,69.0,54.0,415363062.0,59479774.0,172,1.6209386281588447,0.2369146005509642,0.3586261980830671,0.2212460063897763,0.0119808306709265,6.9832656391734105
2024-09-25,455,318,488,1261,0.4761904761904761,0.4195859872611465,76.0,45.0,833211528.0,76319230.0,137,1.430817610062893,0.1772315653298835,0.3608247422680412,0.2521808088818398,0.0245836637589214,10.917451971148031
2024-09-26,365,390,502,1257,0.4785031847133758,0.434052757793765,80.0,40.0,567766771.0,276940884.0,-25,0.935897435897436,-0.0331125827814569,0.2903739061256961,0.3102625298329355,0.0318217979315831,2.050137064630732
2024-09-27,341,476,528,1345,0.469843633655994,0.437219730941704,90.0,60.0,502394995.0,284027802.0,-135,0.7163865546218487,-0.1652386780905752,0.2535315985130111,0.353903345724907,0.0223048327137546,1.7688233034314014
2024-09-30,290,459,503,1252,0.4363490792634107,0.430064308681672,78.0,45.0,372848281.0,238724568.0,-169,0.6318082788671024,-0.2256341789052069,0.231629392971246,0.3666134185303514,0.0263578274760383,1.5618345615772566
2024-10-01,445,307,508,1260,0.4634340222575516,0.4485235434956105,78.0,50.0,578168365.0,268900364.0,138,1.4495114006514658,0.1835106382978723,0.3531746031746032,0.2436507936507936,0.0222222222222222,2.150121169043862
2024-10-02,265,468,512,1245,0.4408688656476267,0.4357316087308003,71.0,45.0,215617119.0,441124573.0,-203,0.5662393162393162,-0.276944065484311,0.2128514056224899,0.3759036144578313,0.0208835341365461,0.4887896349406044
2024-10-03,233,535,477,1245,0.3708769106999195,0.4033953112368634,71.0,52.0,218025206.0,742579585.0,-302,0.4355140186915888,-0.3932291666666667,0.18714859437751,0.429718875502008,0.0152610441767068,0.2936051709528212
2024-10-04,304,473,537,1314,0.3559451219512195,0.3771996939556236,64.0,73.0,137868308.0,368081095.0,-169,0.642706131078224,-0.2175032175032175,0.2313546423135464,0.3599695585996956,-0.0068493150684931,0.3745596007857996
2024-10-07,339,349,546,1234,0.3644480519480519,0.3952730236348818,65.0,55.0,251199719.0,154478743.0,-10,0.97134670487106,-0.0145348837209302,0.2747163695299838,0.2828200972447325,0.0081037277147487,1.6261118787068327
2024-10-08,344,334,558,1236,0.3833063209076175,0.4109031733116354,65.0,62.0,343016399.0,275730402.0,10,1.029940119760479,0.0147492625368731,0.2783171521035599,0.2702265372168285,0.0024271844660194,1.2440282120213932
2024-10-09,401,295,545,1241,0.4087237479806139,0.426256077795786,69.0,60.0,474961307.0,132841667.0,106,1.3593220338983052,0.1522988505747126,0.3231265108783239,0.2377115229653505,0.0072522159548751,3.575394059154648
2024-10-10,325,384,542,1251,0.4030448717948718,0.4305220883534136,71.0,55.0,208436067.0,422466872.0,-59,0.8463541666666666,-0.083215796897038,0.2597921662669864,0.3069544364508393,0.0127897681854516,0.4933784890948798
2024-10-11,399,338,587,1324,0.417108251324754,0.4256449165402124,72.0,84.0,323548282.0,129403648.0,61,1.180473372781065,0.0827679782903663,0.3013595166163142,0.2552870090634441,-0.0090634441087613,2.5003026344357773
2024-10-14,293,415,522,1230,0.3920130399348003,0.4244897959183673,72.0,59.0,188331934.0,447277975.0,-122,0.7060240963855422,-0.1723163841807909,0.2382113821138211,0.3373983739837398,0.0105691056910569,0.4210623919051681
2024-10-15,242,504,499,1245,0.3550724637681159,0.4024193548387096,67.0,66.0,175000778.0,471860492.0,-262,0.4801587301587302,-0.3512064343163539,0.1943775100401606,0.4048192771084337,0.0008032128514056,0.3708739785741587
2024-10-16,303,392,550,1245,0.3301127214170692,0.3895161290322581,68.0,65.0,118830241.0,309142903.0,-89,0.7729591836734694,-0.1280575539568345,0.2433734939759036,0.314859437751004,0.0024096385542168,0.3843861199686023
2024-10-17,411,281,545,1237,0.3654781199351701,0.4212662337662338,67.0,59.0,554636923.0,64383307.0,130,1.4626334519572954,0.1878612716763005,0.3322554567502021,0.227162489894907,0.0064672594987873,8.614607556582952
2024-10-18,337,418,554,1309,0.3790199081163859,0.3949386503067484,70.0,64.0,208220652.0,360634306.0,-81,0.80622009569378,-0.1072847682119205,0.2574484339190221,0.3193277310924369,0.0045836516424751,0.5773733905392794
2024-10-21,250,486,498,1234,0.3444354183590576,0.3926829268292683,65.0,61.0,197753079.0,376277172.0,-236,0.51440329218107,-0.3206521739130434,0.2025931928687196,0.3938411669367909,0.0032414910858995,0.5255516244817531
2024-10-22,270,475,496,1241,0.3424878836833602,0.3670169765561843,71.0,68.0,187311574.0,524537281.0,-205,0.5684210526315789,-0.2751677852348993,0.217566478646253,0.3827558420628525,0.0024174053182917,0.3570986863753541
2024-10-23,426,321,497,1244,0.3542673107890499,0.3790322580645161,67.0,62.0,274822573.0,196420653.0,105,1.3271028037383177,0.1405622489959839,0.342443729903537,0.2580385852090032,0.0040192926045016,1.3991531379340236
2024-10-24,268,470,500,1238,0.3290218270008084,0.3622366288492706,74.0,54.0,61763209.0,493482523.0,-202,0.5702127659574469,-0.2737127371273712,0.2164781906300484,0.3796445880452342,0.0161550888529886,0.1251578447490429
2024-10-25,320,406,583,1309,0.3172782874617737,0.3409961685823754,71.0,64.0,201616407.0,247358101.0,-86,0.7881773399014779,-0.1184573002754821,0.2444614209320091,0.3101604278074866,0.0053475935828877,0.815079054152344
2024-10-28,400,304,532,1236,0.3522267206477733,0.3587662337662338,72.0,58.0,232079988.0,129597429.0,96,1.3157894736842106,0.1363636363636363,0.3236245954692556,0.2459546925566343,0.0113268608414239,1.790776173499553
2024-10-29,461,278,519,1258,0.4097056483691328,0.3955342902711323,74.0,51.0,332271941.0,131716855.0,183,1.658273381294964,0.2476319350473613,0.3664546899841017,0.2209856915739268,0.0182829888712241,2.52262279569308
2024-10-30,328,404,517,1249,0.3950320512820512,0.3834405144694534,71.0,52.0,200007753.0,238932609.0,-76,0.8118811881188119,-0.1038251366120218,0.2626100880704564,0.3234587670136108,0.0152121697357886,0.8370885574685203
2024-10-31,342,370,519,1231,0.38130081300813,0.3863080684596577,75.0,56.0,266396385.0,168846431.0,-28,0.9243243243243244,-0.0393258426966292,0.2778229082047116,0.3005686433793664,0.0154346060113728,1.5777436539360432
2024-11-01,262,530,532,1324,0.3507180650037793,0.3553030303030303,77.0,74.0,113735479.0,419861743.0,-268,0.4943396226415094,-0.3383838383838384,0.1978851963746223,0.4003021148036254,0.0022658610271903,0.2708879313159999
2024-11-04,241,493,503,1237,0.3265966046887631,0.3422546634225466,72.0,68.0,129253697.0,401494065.0,-252,0.4888438133874239,-0.3433242506811989,0.1948261924009701,0.3985448666127728,0.0032336297493936,0.3219317750064375
2024-11-05,377,317,543,1237,0.34357316087308,0.3536090835360908,77.0,57.0,145231857.0,124491077.0,60,1.1892744479495267,0.0864553314121037,0.3047696038803557,0.2562651576394503,0.0161681487469684,1.1666045511036909
2024-11-06,543,173,517,1233,0.4266017842660178,0.3970707892595606,73.0,58.0,479555590.0,26945820.0,370,3.138728323699422,0.5167597765363129,0.4403892944038929,0.1403081914030819,0.0121654501216545,17.797030856733993
2024-11-07,334,384,523,1241,0.4262691377921031,0.3896523848019402,78.0,48.0,172361375.0,230506755.0,-50,0.8697916666666666,-0.0696378830083565,0.2691377921031426,0.3094278807413376,0.024174053182917,0.7477497785260132
2024-11-08,321,457,530,1308,0.4013761467889908,0.3742331288343558,77.0,64.0,155382378.0,339908928.0,-136,0.7024070021881839,-0.1748071979434447,0.2454128440366972,0.3493883792048929,0.0099388379204892,0.4571294402717189
2024-11-11,360,340,538,1238,0.4216478190630048,0.3962722852512155,79.0,60.0,291591366.0,429187382.0,20,1.0588235294117647,0.0285714285714285,0.2907915993537964,0.2746365105008077,0.0153473344103392,0.6794033986768045
2024-11-12,294,415,538,1247,0.4165329052969502,0.3998390989541432,76.0,52.0,129948204.0,353403404.0,-121,0.708433734939759,-0.1706629055007052,0.2357658380112269,0.3327987169206094,0.0192461908580593,0.3677050150880833
2024-11-13,335,392,512,1239,0.3961196443007275,0.393030794165316,78.0,72.0,252895352.0,305741372.0,-57,0.8545918367346939,-0.0784044016506189,0.2703793381759483,0.3163841807909605,0.0048426150121065,0.8271545010270969
2024-11-14,225,522,491,1238,0.3689320388349514,0.3763179237631792,81.0,74.0,98236568.0,460065181.0,-297,0.4310344827586206,-0.3975903614457831,0.1817447495961227,0.4216478190630048,0.005654281098546,0.2135275001391596
2024-11-15,240,573,515,1328,0.3220211161387632,0.3356009070294785,74.0,121.0,111050227.0,577451871.0,-333,0.418848167539267,-0.4095940959409594,0.180722891566265,0.4314759036144578,-0.0353915662650602,0.1923107925993714
2024-11-18,373,371,493,1237,0.3271255060728745,0.3433441558441558,69.0,103.0,317007893.0,184797202.0,2,1.005390835579515,0.0026881720430107,0.301535974130962,0.2999191592562651,-0.0274858528698464,1.715436649305978
2024-11-19,244,488,500,1232,0.2959349593495935,0.3235533822330888,71.0,76.0,79075500.0,357288505.0,-244,0.5,-0.3333333333333333,0.198051948051948,0.3961038961038961,-0.0040584415584415,0.2213211421397394
2024-11-20,484,265,487,1236,0.3290113452188006,0.3444354183590576,68.0,91.0,561669292.0,59585784.0,219,1.826415094339623,0.2923898531375167,0.3915857605177993,0.2144012944983818,-0.0186084142394822,9.426229786621589
2024-11-21,449,254,543,1246,0.3593247588424437,0.3529411764705882,70.0,52.0,331822484.0,23237545.0,195,1.7677165354330708,0.2773826458036984,0.3603531300160513,0.203852327447833,0.0144462279293739,14.2795843536828
2024-11-22,345,427,555,1327,0.3524528301886792,0.350983358547655,78.0,78.0,156671191.0,277304252.0,-82,0.8079625292740047,-0.1062176165803108,0.2599849284099472,0.3217784476262245,0.0,0.5649794039220142
2024-11-25,422,318,499,1239,0.3694421988682296,0.3687196110210697,68.0,63.0,289998070.0,68325276.0,104,1.3270440251572326,0.1405405405405405,0.3405972558514931,0.2566585956416465,0.0040355125100887,4.244374658654873
2024-11-26,508,263,483,1254,0.4225239616613419,0.3931144915932746,62.0,51.0,426632763.0,52441266.0,245,1.9315589353612168,0.3177691309987029,0.405103668261563,0.2097288676236044,0.0087719298245614,8.135439808032094
2024-11-27,285,406,555,1246,0.407556270096463,0.3983870967741935,66.0,51.0,138320573.0,182149196.0,-121,0.7019704433497537,-0.175108538350217,0.2287319422150882,0.3258426966292135,0.0120385232744783,0.7593806398135295
2024-11-28,394,314,548,1256,0.4298245614035088,0.4052757793764988,75.0,53.0,209883904.0,152149155.0,80,1.2547770700636942,0.1129943502824858,0.3136942675159235,0.25,0.0175159235668789,1.3794615159052313
2024-11-29,428,318,582,1328,0.4419306184012066,0.4028722600151171,77.0,73.0,281045197.0,114469777.0,110,1.3459119496855343,0.1474530831099195,0.322289156626506,0.2394578313253012,0.003012048192771,2.455191268521472
2024-12-02,328,400,536,1264,0.4611727416798732,0.409054805401112,72.0,48.0,173393529.0,159252722.0,-72,0.82,-0.0989010989010989,0.2594936708860759,0.3164556962025316,0.0189873417721519,1.0887947585599196
2024-12-03,346,405,501,1252,0.4376,0.4202085004009623,74.0,57.0,176800619.0,251793623.0,-59,0.854320987654321,-0.0785619174434087,0.2763578274760383,0.323482428115016,0.0135782747603833,0.7021648002578683
2024-12-04,276,464,504,1244,0.431561996779388,0.4088709677419355,75.0,67.0,94765411.0,421100972.0,-188,0.5948275862068966,-0.254054054054054,0.2218649517684887,0.3729903536977492,0.0064308681672025,0.225042014388891
2024-12-05,561,214,483,1258,0.5461783439490446,0.4589641434262948,74.0,57.0,862917068.0,28826050.0,347,2.621495327102804,0.447741935483871,0.4459459459459459,0.1701112877583465,0.0135135135135135,29.93532128057781
2024-12-06,403,400,546,1349,0.5459940652818991,0.4591381872213967,86.0,68.0,296683859.0,334892961.0,3,1.0075,0.0037359900373599,0.2987398072646405,0.2965159377316531,0.0133432171979243,0.8859065240251497
2024-12-09,449,292,519,1260,0.5817460317460318,0.4956245027844073,72.0,46.0,448869543.0,104331279.0,157,1.5376712328767124,0.2118758434547908,0.3563492063492063,0.2317460317460317,0.0206349206349206,4.302348704073684
2024-12-10,360,377,506,1243,0.5969428801287209,0.4967741935483871,73.0,43.0,226492204.0,257802525.0,-17,0.9549071618037136,-0.0230664857530529,0.2896218825422365,0.3032984714400644,0.0241351568785197,0.8785492073826663
2024-12-11,290,406,559,1255,0.5760956175298805,0.5023961661341853,69.0,41.0,207084399.0,278190338.0,-116,0.7142857142857143,-0.1666666666666666,0.2310756972111553,0.3235059760956175,0.0223107569721115,0.7443982436226811
2024-12-12,345,383,521,1249,0.5868694955964772,0.5048154093097913,65.0,45.0,207101301.0,267095946.0,-38,0.9007832898172324,-0.0521978021978022,0.2762209767814251,0.3066453162530024,0.0160128102481985,0.7753816712740372
2024-12-13,300,489,544,1333,0.5412912912912913,0.4868322046651617,63.0,67.0,99393488.0,318768649.0,-189,0.6134969325153374,-0.2395437262357414,0.2250562640660165,0.3668417104276069,-0.0030007501875468,0.3118044648110925
2024-12-16,342,378,524,1244,0.5341914722445696,0.4931506849315068,66.0,48.0,180991081.0,183224207.0,-36,0.9047619047619048,-0.05,0.2749196141479099,0.3038585209003215,0.0144694533762057,0.987812058043182
2024-12-17,337,381,532,1250,0.5076060848678943,0.4827586206896552,76.0,57.0,128771822.0,191957244.0,-44,0.884514435695538,-0.0612813370473537,0.2696,0.3048,0.0152,0.6708359596994422
2024-12-18,448,287,523,1258,0.5178997613365155,0.5051792828685259,80.0,51.0,304733865.0,68517672.0,161,1.5609756097560976,0.219047619047619,0.356120826709062,0.2281399046104928,0.0230524642289348,4.4475221662522335
2024-12-19,236,475,536,1247,0.471107544141252,0.4782958199356913,70.0,62.0,129076498.0,531182856.0,-239,0.4968421052631579,-0.3361462728551336,0.1892542101042502,0.3809141940657578,0.0064153969526864,0.2429982378798761
2024-12-20,481,309,546,1336,0.4887556221889055,0.4812312312312312,76.0,71.0,287081207.0,199337562.0,172,1.5566343042071198,0.2177215189873417,0.3600299401197604,0.2312874251497006,0.0037425149700598,1.4401761721155193
2024-12-23,497,287,490,1274,0.5290880503144654,0.5256107171000788,91.0,54.0,281491156.0,121965215.0,210,1.7317073170731707,0.2678571428571428,0.3901098901098901,0.2252747252747252,0.0290423861852433,2.307962610486933
2024-12-24,350,424,472,1246,0.5120578778135049,0.5273752012882448,79.0,55.0,225051188.0,326207183.0,-74,0.8254716981132075,-0.0956072351421188,0.2808988764044944,0.3402889245585875,0.0192616372391653,0.68990261321131
2024-12-25,525,270,457,1252,0.5896,0.5781876503608661,83.0,51.0,610638113.0,144088971.0,255,1.9444444444444444,0.320754716981132,0.4193290734824281,0.2156549520766773,0.0255591054313099,4.237924032367474
2024-12-26,397,390,481,1268,0.5884676145339652,0.5954077593032462,69.0,41.0,265309130.0,217472908.0,7,1.017948717948718,0.0088945362134688,0.3130914826498422,0.307570977917981,0.0220820189274447,1.219964051798121
2024-12-27,343,478,532,1353,0.5459259259259259,0.5679287305122495,74.0,58.0,296110165.0,276077845.0,-135,0.7175732217573222,-0.1644336175395858,0.2535107169253511,0.3532889874353289,0.0118255728011825,1.0725604041135572
2024-12-30,295,472,493,1260,0.5151273885350318,0.5618515562649641,66.0,46.0,150118936.0,271228175.0,-177,0.625,-0.2307692307692307,0.2341269841269841,0.3746031746031746,0.0158730158730158,0.5534783987688595
2024-12-31,356,404,500,1260,0.4936305732484076,0.5546687948922586,73.0,49.0,125744294.0,253833225.0,-48,0.8811881188118812,-0.0631578947368421,0.2825396825396825,0.3206349206349206,0.019047619047619,0.4953815403795149
2025-01-02,429,320,506,1255,0.504396482813749,0.5572457966373099,72.0,42.0,208300260.0,124813082.0,109,1.340625,0.1455273698264352,0.3418326693227091,0.2549800796812749,0.0239043824701195,1.6688976560966582
2025-01-03,255,531,533,1319,0.4334600760456273,0.5072353389185073,75.0,64.0,80401527.0,423081723.0,-276,0.480225988700565,-0.3511450381679389,0.1933282789992418,0.4025777103866566,0.0083396512509476,0.1900378168782299
2025-01-06,192,529,510,1231,0.3700081499592502,0.4840816326530612,60.0,61.0,91673041.0,416691856.0,-337,0.3629489603024575,-0.4674063800277392,0.1559707554833468,0.429731925264013,-0.000812347684809,0.2200019983111933
2025-01-07,282,425,520,1227,0.3646770237121831,0.466011466011466,61.0,76.0,171929939.0,314937253.0,-143,0.6635294117647059,-0.2022630834512022,0.2298288508557457,0.3463732681336593,-0.0122249388753056,0.5459180753062579
2025-01-08,429,288,516,1233,0.3685923515052888,0.47840260798696,60.0,70.0,317487384.0,69461326.0,141,1.4895833333333333,0.1966527196652719,0.3479318734793187,0.2335766423357664,-0.008110300081103,4.570707216271685
2025-01-09,283,426,522,1231,0.3583061889250814,0.4742857142857143,79.0,54.0,75224298.0,226940104.0,-143,0.6643192488262911,-0.2016925246826516,0.2298943948009748,0.3460601137286759,0.0203086921202274,0.3314720345770177
2025-01-10,231,543,538,1312,0.3185637891520244,0.4173047473200612,66.0,86.0,54919525.0,454876525.0,-312,0.425414364640884,-0.4031007751937984,0.1760670731707317,0.4138719512195122,-0.0152439024390243,0.1207350170466589
2025-01-13,368,322,536,1226,0.3188879803761242,0.440983606557377,68.0,89.0,283847042.0,119902724.0,46,1.1428571428571428,0.0666666666666666,0.300163132137031,0.2626427406199021,-0.0171288743882544,2.36731103790436
2025-01-14,258,423,553,1234,0.3151909017059301,0.4291530944625407,67.0,69.0,62001634.0,250590039.0,-165,0.6099290780141844,-0.2422907488986784,0.2090761750405186,0.3427876823338736,-0.0016207455429497,0.2474225801130108
2025-01-15,471,248,507,1226,0.3491414554374489,0.4532786885245902,69.0,62.0,362737461.0,38228147.0,223,1.8991935483870968,0.3101529902642559,0.3841761827079935,0.2022838499184339,0.0057096247960848,9.488753430816304
2025-01-16,396,274,548,1218,0.3670781893004115,0.4549958711808423,71.0,44.0,309145856.0,70060961.0,122,1.4452554744525548,0.1820895522388059,0.3251231527093596,0.2249589490968801,0.022167487684729,4.412526628060383
2025-01-17,484,284,544,1312,0.4155844155844156,0.4720306513409961,78.0,65.0,306906980.0,52650719.0,200,1.704225352112676,0.2604166666666667,0.3689024390243902,0.2164634146341463,0.0099085365853658,5.8291127990104
2025-01-20,326,427,487,1240,0.4001616814874696,0.4846029173419773,85.0,56.0,180625430.0,184565089.0,-101,0.7634660421545667,-0.1341301460823373,0.2629032258064516,0.3443548387096774,0.0233870967741935,0.9786543651275242
2025-01-21,316,415,497,1228,0.3836734693877551,0.472608340147179,79.0,56.0,121599638.0,217188970.0,-99,0.7614457831325301,-0.1354309165526676,0.257328990228013,0.3379478827361563,0.018729641693811,0.5598794358663794
2025-01-22,308,426,489,1223,0.3868852459016393,0.466721446179129,84.0,67.0,89044926.0,306337883.0,-118,0.7230046948356808,-0.1607629427792915,0.2518397383483238,0.3483237939493049,0.0139002452984464,0.2906755283674791
2025-01-23,545,216,466,1227,0.44,0.4950900163666121,78.0,58.0,470612405.0,26918856.0,329,2.5231481481481484,0.4323258869908016,0.4441727791361043,0.1760391198044009,0.0162999185004074,17.482630205384655
2025-01-24,452,343,507,1302,0.4957724827056111,0.5188897455666923,80.0,70.0,340519945.0,151265836.0,109,1.3177842565597668,0.1371069182389937,0.34715821812596,0.2634408602150537,0.0076804915514592,2.2511358414070446
2025-02-03,405,368,443,1216,0.502880658436214,0.5227085053674649,86.0,53.0,217083788.0,299035206.0,37,1.1005434782608696,0.0478654592496765,0.3330592105263157,0.3026315789473684,0.0271381578947368,0.7259472585311577
2025-02-04,547,236,454,1237,0.5752427184466019,0.5503246753246753,75.0,43.0,575757434.0,52308608.0,311,2.317796610169492,0.3971902937420178,0.4421988682295877,0.1907841552142279,0.0258690379951495,11.006934728601458
2025-02-05,449,299,487,1235,0.6021069692058347,0.5756097560975609,90.0,38.0,371726602.0,171230807.0,150,1.5016722408026757,0.2005347593582887,0.3635627530364372,0.2421052631578947,0.0421052631578947,2.1709095957247926
2025-02-06,438,315,487,1240,0.6198547215496368,0.5991902834008097,100.0,43.0,309291798.0,184650119.0,123,1.3904761904761904,0.1633466135458167,0.3532258064516129,0.2540322580645161,0.0459677419354838,1.675015427420331
2025-02-07,513,359,460,1332,0.6488721804511278,0.6116138763197587,119.0,44.0,325288093.0,221235184.0,154,1.4289693593314765,0.1766055045871559,0.3851351351351351,0.2695195195195195,0.0563063063063063,1.4703271293412354
2025-02-10,304,509,440,1253,0.5963229416466826,0.5878107457898958,99.0,40.0,214280446.0,468703942.0,-205,0.5972495088408645,-0.2521525215252153,0.2426177174780526,0.4062250598563448,0.0470869912210694,0.4571765389590003
2025-02-11,488,322,442,1252,0.608,0.6019261637239165,88.0,43.0,453494525.0,139090526.0,166,1.515527950310559,0.2049382716049382,0.389776357827476,0.2571884984025559,0.0359424920127795,3.2604271336208765
2025-02-12,368,388,494,1250,0.6233974358974359,0.6053054662379421,82.0,38.0,232938600.0,207205002.0,-20,0.9484536082474226,-0.0264550264550264,0.2944,0.3104,0.0352,1.124193903388491
2025-02-14,459,301,460,1220,,,0.0,0.0,468962947.0,188213791.0,158,1.5249169435215948,0.20789473684210527,0.3762295081967213,0.24672131147540985,0.0,2.491650290387063
2025-02-17,467,314,457,1238,,,0.0,0.0,587112542.0,204248763.0,153,1.4872611464968153,0.19590268886043533,0.3772213247172859,0.25363489499192243,0.0,2.8744974186208414
2025-02-18,460,326,473,1259,,,0.0,0.0,500311383.0,169304571.0,134,1.4110429447852761,0.17048346055979643,0.3653693407466243,0.25893566322478156,0.0,2.955096723289296
2025-02-19,551,284,427,1262,,,0.0,0.0,736306497.0,65873346.0,267,1.9401408450704225,0.3197604790419162,0.436608557844691,0.22503961965134706,0.0,11.177608876889296
2025-02-20,433,381,445,1259,,,0.0,0.0,452550849.0,251945282.0,52,1.136482939632546,0.06388206388206388,0.3439237490071485,0.30262112787926926,0.0,1.7962267259285292
2025-02-21,398,444,485,1327,,,0.0,0.0,391407802.0,301769761.0,-46,0.8963963963963963,-0.05463182897862233,0.29992464204973623,0.33458929917106256,0.0,1.2970411637765125
2025-02-24,400,398,457,1255,,,0.0,0.0,563770927.0,219576405.0,2,1.0050251256281406,0.002506265664160401,0.3187250996015936,0.31713147410358566,0.0,2.567538743518458
2025-02-25,376,403,483,1262,,,0.0,0.0,394258027.0,371449656.0,-27,0.9330024813895782,-0.03465982028241335,0.2979397781299525,0.3193343898573692,0.0,1.0614036670422977
2025-02-26,421,385,449,1255,,,0.0,0.0,284422467.0,368015618.0,36,1.0935064935064935,0.04466501240694789,0.3354581673306773,0.30677290836653387,0.0,0.7728543384808196
2025-02-27,432,371,458,1261,,,0.0,0.0,586236296.0,274689313.0,61,1.1644204851752022,0.0759651307596513,0.34258524980174465,0.2942109436954798,0.0,2.134179482985565
2025-02-28,403,458,486,1347,,,0.0,0.0,372447671.0,389448942.0,-55,0.8799126637554585,-0.06387921022067364,0.2991833704528582,0.340014847809948,0.0,0.956345314708802
2025-03-03,385,408,463,1256,,,0.0,0.0,461822434.0,355717587.0,-23,0.9436274509803921,-0.029003783102143757,0.3065286624203822,0.3248407643312102,0.0,1.2982839501832109
2025-03-04,312,483,456,1251,,,0.0,0.0,338406151.0,564899583.0,-171,0.6459627329192547,-0.21509433962264152,0.24940047961630696,0.38609112709832133,0.0,0.5990554094638091
2025-03-05,254,539,464,1257,,,0.0,0.0,125346840.0,649076006.0,-285,0.4712430426716141,-0.3593947036569987,0.2020684168655529,0.42879872712808276,0.0,0.19311581207948703
2025-03-06,542,275,443,1260,,,0.0,0.0,842942203.0,181060953.0,267,1.970909090909091,0.3268053855569155,0.4301587301587302,0.21825396825396826,0.0,4.655571447257322
2025-03-07,400,450,496,1346,,,0.0,0.0,525629958.0,257873010.0,-50,0.8888888888888888,-0.058823529411764705,0.2971768202080238,0.3343239227340267,0.0,2.038328702953442
2025-03-10,350,446,469,1265,,,0.0,0.0,419943488.0,403277639.0,-96,0.7847533632286996,-0.12060301507537688,0.2766798418972332,0.3525691699604743,0.0,1.041325993281765
2025-03-11,381,404,465,1250,,,0.0,0.0,642363180.0,196967307.0,-23,0.943069306930693,-0.02929936305732484,0.3048,0.3232,0.0,3.2612680235304228
2025-03-12,343,437,479,1259,0.44860627177700346,,0.0,0.0,385716544.0,470351965.0,-94,0.7848970251716247,-0.12051282051282051,0.27243844320889593,0.3471008737092931,0.0,0.8200593868040925
2025-03-13,243,551,461,1255,0.3736075407026564,,0.0,0.0,241112624.0,761885971.0,-308,0.44101633393829404,-0.3879093198992443,0.19362549800796813,0.43904382470119524,0.0,0.31646812407312325
2025-03-14,343,489,514,1346,0.37140439932318103,,0.0,0.0,505933117.0,311177629.0,-146,0.7014314928425358,-0.17548076923076922,0.25482912332838037,0.36329866270430905,0.0,1.6258659680191856
2025-03-17,451,331,465,1247,0.383515559293524,,0.0,0.0,646183640.0,144585486.0,120,1.3625377643504533,0.1534526854219949,0.3616680032076985,0.2654370489174018,0.0,4.469215118867464
2025-03-18,391,391,469,1251,0.3860971524288107,,0.0,0.0,325915691.0,506197907.0,0,1.0,0.0,0.31254996003197444,0.31254996003197444,0.0,0.6438503330279475
2025-03-19,300,483,475,1258,0.35279399499582986,,0.0,0.0,275302366.0,512285678.0,-183,0.6211180124223602,-0.23371647509578544,0.2384737678855326,0.38394276629570745,0.0,0.5374000832402736
2025-03-20,362,422,464,1248,0.3577371048252912,,0.0,0.0,408406649.0,412691699.0,-60,0.8578199052132701,-0.07653061224489796,0.2900641025641026,0.33814102564102566,0.0,0.9896168253192803
2025-03-21,368,457,512,1337,0.3652246256239601,,0.0,0.0,233954069.0,395406928.0,-89,0.8052516411378556,-0.10787878787878788,0.275243081525804,0.34181002243829467,0.0,0.5916792358276535
2025-03-24,305,447,489,1241,0.33111480865224624,,0.0,0.0,465071125.0,288303087.0,-142,0.6823266219239373,-0.18882978723404256,0.24576954069298954,0.36019339242546333,0.0,1.613132657854614
2025-03-25,421,336,492,1249,0.35518672199170126,,0.0,0.0,492868234.0,232900840.0,85,1.2529761904761905,0.11228533685601057,0.33706965572457964,0.2690152121697358,0.0,2.1162149264897456
2025-03-26,314,427,504,1245,0.34356846473029046,,0.0,0.0,241818815.0,450062406.0,-113,0.7353629976580797,-0.1524966261808367,0.25220883534136546,0.3429718875502008,0.0,0.5373006315928551
2025-03-27,322,433,497,1252,0.3379819524200164,,0.0,0.0,226005701.0,327458242.0,-111,0.74364896073903,-0.14701986754966886,0.2571884984025559,0.34584664536741216,0.0,0.6901817453719794
2025-03-28,315,500,524,1339,0.3308641975308642,,0.0,0.0,211544227.0,336964766.0,-185,0.63,-0.22699386503067484,0.2352501867064974,0.37341299477221807,0.0,0.6277933135596735
2025-03-31,263,510,467,1240,0.297029702970297,,0.0,0.0,286182543.0,454713663.0,-247,0.515686274509804,-0.31953428201811124,0.2120967741935484,0.4112903225806452,0.0,0.6293686913032125
2025-04-01,488,292,456,1236,0.3363711681855841,,0.0,0.0,429600592.0,91595839.0,196,1.6712328767123288,0.2512820512820513,0.3948220064724919,0.23624595469255663,0.0,4.690175849581988
2025-04-02,388,365,506,1259,0.3601312551271534,,0.0,0.0,442690310.0,209535732.0,23,1.063013698630137,0.03054448871181939,0.30818109610802225,0.28991262907069104,0.0,2.1127198963850233
2025-04-03,83,924,268,1275,0.16260162601626016,,0.0,0.0,3808066.0,1865037372.0,-841,0.08982683982683982,-0.8351539225422046,0.06509803921568627,0.7247058823529412,0.0,0.0020418175298634175
2025-04-04,322,664,370,1356,0.15508885298869143,,0.0,0.0,436631500.0,1521636668.0,-342,0.48493975903614456,-0.34685598377281945,0.2374631268436578,0.4896755162241888,0.0,0.2869485923823702
2025-04-08,75,874,300,1249,0.11183673469387755,,0.0,0.0,2577424.0,1148467598.0,-799,0.08581235697940504,-0.8419388830347735,0.0600480384307446,0.699759807846277,0.0,0.002244228748367353
2025-04-09,280,587,389,1256,0.11841038118410381,,0.0,0.0,135159161.0,1474983506.0,-307,0.47700170357751276,-0.35409457900807384,0.2229299363057325,0.46735668789808915,0.0,0.09163435418104261
2025-04-10,966,72,248,1286,0.25100240577385724,,0.0,0.0,296617688.0,4042724.0,894,13.416666666666666,0.861271676300578,0.7511664074650077,0.05598755832037325,0.0,73.37074902961469
2025-04-11,598,339,407,1344,0.2560581583198708,,0.0,0.0,1699579049.0,80765893.0,259,1.7640117994100295,0.27641408751334046,0.44494047619047616,0.25223214285714285,0.0,21.043276881740166
2025-04-14,492,362,396,1250,0.2569558101472995,,0.0,0.0,695864837.0,235494732.0,130,1.3591160220994476,0.1522248243559719,0.3936,0.2896,0.0,2.9549061717440033
2025-04-15,247,573,433,1253,0.24143556280587275,,0.0,0.0,298697363.0,713519872.0,-326,0.43106457242582896,-0.3975609756097561,0.1971268954509178,0.4573024740622506,0.0,0.41862514937775974
2025-04-16,306,503,430,1239,0.24200164068908941,,0.0,0.0,278369833.0,468480485.0,-197,0.6083499005964215,-0.24351050679851668,0.2469733656174334,0.4059725585149314,0.0,0.5941972865742743
2025-04-17,437,314,487,1238,0.25,,0.0,0.0,521339728.0,102505973.0,123,1.39171974522293,0.16378162450066577,0.3529886914378029,0.25363489499192243,0.0,5.085944874646476
2025-04-18,579,295,462,1336,0.3008921330089213,,0.0,0.0,812469664.0,175114656.0,284,1.9627118644067796,0.32494279176201374,0.4333832335329341,0.22080838323353294,0.0,4.639644005582262
2025-04-21,287,504,435,1226,0.2906688687035508,,0.0,0.0,320593116.0,478094961.0,-217,0.5694444444444444,-0.2743362831858407,0.23409461663947798,0.4110929853181077,0.0,0.6705636790846662
2025-04-22,196,677,371,1244,0.24388254486133767,,0.0,0.0,336309381.0,1139961506.0,-481,0.2895125553914328,-0.5509736540664376,0.15755627009646303,0.5442122186495176,0.0,0.29501819072827534
2025-04-23,662,167,416,1245,0.3306188925081433,,0.0,0.0,646917850.0,163490656.0,495,3.964071856287425,0.5971049457177322,0.5317269076305221,0.13413654618473897,0.0,3.956910234674207
2025-04-24,425,307,500,1232,0.3542009884678748,0.25181818181818183,0.0,0.0,440117439.0,298407262.0,118,1.3843648208469055,0.16120218579234974,0.3449675324675325,0.24918831168831168,0.0,1.4748884998649932
2025-04-25,439,377,510,1326,0.3843042071197411,0.26964285714285713,0.0,0.0,371012781.0,424334536.0,62,1.1644562334217508,0.07598039215686274,0.3310708898944193,0.28431372549019607,0.0,0.8743402893796041
2025-04-28,400,386,453,1239,0.4331419196062346,0.2748898678414097,0.0,0.0,358766059.0,208282176.0,14,1.0362694300518134,0.017811704834605598,0.3228410008071025,0.3115415657788539,0.0,1.72250005204478
2025-04-29,423,360,459,1242,0.4906122448979592,0.2955145118733509,0.0,0.0,226953391.0,292978432.0,63,1.175,0.08045977011494253,0.34057971014492755,0.2898550724637681,0.0,0.7746419743279942
2025-05-05,498,294,452,1244,0.5656071719641402,0.3043859649122807,0.0,0.0,498889918.0,77636333.0,204,1.6938775510204083,0.25757575757575757,0.4003215434083601,0.23633440514469453,0.0,6.425985086132288
2025-05-06,404,372,471,1247,0.5909090909090909,0.30332167832167833,0.0,0.0,380925455.0,355866129.0,32,1.086021505376344,0.041237113402061855,0.3239775461106656,0.2983159582999198,0.0,1.0704178452453956
2025-05-07,435,359,449,1243,0.6216436126932465,0.32003469210754554,0.0,0.0,476520208.0,232695774.0,76,1.2116991643454038,0.09571788413098237,0.3499597747385358,0.28881737731295254,0.0,2.0478249338554813
2025-05-08,483,294,471,1248,0.6336311941510967,0.3197219808861859,0.0,0.0,704426401.0,113140203.0,189,1.6428571428571428,0.24324324324324326,0.3870192307692308,0.23557692307692307,0.0,6.2261369727257785
2025-05-09,367,456,505,1328,0.6152597402597403,0.32269197584124243,0.0,0.0,295978278.0,314995029.0,-89,0.8048245614035088,-0.10814094775212636,0.276355421686747,0.3433734939759036,0.0,0.939628409183562
2025-05-12,497,287,461,1245,0.6165718927701056,0.33190025795356837,0.0,0.0,713186541.0,157291822.0,210,1.7317073170731707,0.26785714285714285,0.39919678714859436,0.23052208835341365,0.0,4.534161610767024
2025-05-13,484,304,467,1255,0.6257073565076798,0.3578767123287671,0.0,0.0,657981073.0,256098723.0,180,1.5921052631578947,0.22842639593908629,0.3856573705179283,0.24223107569721117,0.0,2.569247770126523
2025-05-14,430,350,469,1249,0.635702746365105,0.38461538461538464,119.0,85.0,713322787.0,208791375.0,80,1.2285714285714286,0.10256410256410256,0.344275420336269,0.28022417934347477,0.02722177742193755,3.4164379970197523
2025-05-15,396,387,457,1240,0.656934306569343,0.3996584116140051,101.0,93.0,797806881.0,275701559.0,9,1.0232558139534884,0.011494252873563218,0.3193548387096774,0.31209677419354837,0.0064516129032258064,2.8937336585753584
2025-05-16,362,486,484,1332,0.6311541565778854,0.3923404255319149,104.0,87.0,321203234.0,616926072.0,-124,0.7448559670781894,-0.14622641509433962,0.27177177177177175,0.36486486486486486,0.012762762762762763,0.5206510935073595
2025-05-19,305,485,457,1247,0.6040650406504066,0.39608177172061326,109.0,86.0,300482537.0,597382040.0,-180,0.6288659793814433,-0.22784810126582278,0.24458700882117082,0.38893344025661586,0.018444266238973536,0.5029989468715865
2025-05-20,432,346,466,1244,0.6106122448979592,0.4030742954739539,108.0,87.0,613733326.0,166060049.0,86,1.2485549132947977,0.11053984575835475,0.34726688102893893,0.27813504823151125,0.016881028938906754,3.6958517698618767
2025-05-21,344,448,452,1244,0.5993485342019544,0.4020442930153322,112.0,82.0,699143622.0,314073342.0,-104,0.7678571428571429,-0.13131313131313133,0.2765273311897106,0.36012861736334406,0.024115755627009645,2.2260520983662473
2025-05-22,283,513,440,1236,0.5514705882352942,0.3946917808219178,115.0,81.0,472284531.0,702530141.0,-230,0.5516569200779727,-0.2889447236180904,0.22896440129449838,0.41504854368932037,0.02750809061488673,0.6722623036895438
2025-05-23,410,425,490,1325,0.5239642567018684,0.40627650551314676,105.0,80.0,351700976.0,324068850.0,-15,0.9647058823529412,-0.017964071856287425,0.30943396226415093,0.32075471698113206,0.018867924528301886,1.0852662204343306
2025-05-26,531,242,443,1216,0.5700082850041425,0.4629948364888124,105.0,78.0,945324545.0,132084769.0,289,2.1942148760330578,0.3738680465717982,0.43667763157894735,0.19901315789473684,0.022203947368421052,7.156953463726011
2025-05-27,522,286,425,1233,0.6085176085176085,0.5064377682403434,119.0,75.0,910104145.0,198571090.0,236,1.8251748251748252,0.29207920792079206,0.4233576642335766,0.23195458231954583,0.035685320356853206,4.583266098806226
2025-05-28,404,402,418,1224,0.6222222222222222,0.527038626609442,113.0,68.0,442588996.0,457893230.0,2,1.0049751243781095,0.0024813895781637717,0.3300653594771242,0.3284313725490196,0.03676470588235294,0.9665768502408302
2025-05-29,401,382,431,1214,0.6031613976705491,0.5497835497835498,106.0,67.0,545287459.0,431564646.0,19,1.049738219895288,0.024265644955300127,0.33031301482701814,0.31466227347611203,0.03212520593080725,1.2635128110100102
2025-05-30,316,554,434,1304,0.5587748344370861,0.5236864771748493,108.0,66.0,307409272.0,731774548.0,-238,0.5703971119133574,-0.2735632183908046,0.24233128834355827,0.42484662576687116,0.032208588957055216,0.42008740648356085
2025-06-02,450,350,411,1211,0.5691666666666667,0.5543006081668115,100.0,73.0,763376629.0,186039520.0,100,1.2857142857142858,0.125,0.37159372419488024,0.28901734104046245,0.022295623451692816,4.10330358302365
2025-06-03,454,310,442,1206,0.6046901172529313,0.6033129904097646,92.0,57.0,927219552.0,237118860.0,144,1.4645161290322581,0.18848167539267016,0.37645107794361526,0.2570480928689884,0.02902155887230514,3.9103576661932333
2025-06-04,376,383,451,1210,0.6121768140116765,0.6211989574283232,101.0,59.0,530710768.0,423702697.0,-7,0.9817232375979112,-0.00922266139657444,0.31074380165289256,0.3165289256198347,0.03471074380165289,1.252554613783825
2025-06-05,365,401,417,1183,0.5977891156462585,0.6248904469763366,94.0,62.0,306112609.0,562641902.0,-36,0.9102244389027432,-0.04699738903394256,0.30853761622992393,0.3389687235841082,0.027049873203719356,0.54406294289827
2025-06-06,267,555,440,1262,0.5283657917019475,0.5845749342681859,84.0,60.0,246089430.0,672418272.0,-288,0.4810810810810811,-0.35036496350364965,0.2115689381933439,0.4397781299524564,0.01901743264659271,0.3659767145649486
2025-06-09,263,518,385,1166,0.451473136915078,0.5506216696269982,69.0,58.0,247896153.0,555938524.0,-255,0.5077220077220077,-0.3265044814340589,0.225557461406518,0.444253859348199,0.009433962264150943,0.4459056933424531
2025-06-10,376,336,460,1172,0.4738197424892704,0.5781527531083481,72.0,61.0,411600322.0,312292599.0,40,1.119047619047619,0.056179775280898875,0.32081911262798635,0.28668941979522183,0.00938566552901024,1.3179957620449405
2025-06-11,358,337,473,1168,0.48398268398268396,0.5896980461811723,69.0,58.0,333302117.0,245612116.0,21,1.0623145400593472,0.030215827338129497,0.3065068493150685,0.288527397260274,0.009417808219178082,1.3570263651000019
2025-06-12,486,247,451,1184,0.5312232677502139,0.6415425065731815,81.0,52.0,678297637.0,57315698.0,239,1.9676113360323886,0.32605729877216916,0.41047297297297297,0.20861486486486486,0.024493243243243243,11.83441292122099
2025-06-13,249,610,408,1267,0.42675698560541914,0.5919439579684763,67.0,56.0,332030561.0,1026196931.0,-361,0.4081967213114754,-0.420256111757858,0.19652722967640096,0.48145224940805054,0.008681925808997633,0.32355442797557926
2025-06-16,511,234,419,1164,0.48658008658008656,0.6186666666666667,79.0,54.0,812067942.0,44007912.0,277,2.1837606837606836,0.3718120805369127,0.43900343642611683,0.20103092783505155,0.02147766323024055,18.452771447097966
2025-06-17,422,321,435,1178,0.48412017167381977,0.6428571428571429,97.0,50.0,534829979.0,250366060.0,101,1.3146417445482865,0.13593539703903096,0.35823429541595925,0.27249575551782684,0.039898132427843805,2.1361920181992717
2025-06-18,307,390,461,1158,0.4795829713292789,0.6464826357969724,85.0,49.0,385826665.0,415127911.0,-83,0.7871794871794872,-0.11908177905308465,0.2651122625215889,0.33678756476683935,0.031088082901554404,0.9294163431954832
2025-06-19,323,400,439,1162,0.4584055459272097,0.6356382978723404,71.0,50.0,327632639.0,356655293.0,-77,0.8075,-0.10650069156293222,0.27796901893287435,0.3442340791738382,0.018072289156626505,0.9186254779625548
2025-06-20,368,423,458,1249,0.4698275862068966,0.6351471900089206,75.0,47.0,506596078.0,293589899.0,-55,0.8699763593380615,-0.0695322376738306,0.2946357085668535,0.3386709367493995,0.02241793434747798,1.7255228457297844
2025-06-23,297,456,408,1161,0.4362532523850824,0.6033868092691622,75.0,49.0,311913994.0,522590552.0,-159,0.6513157894736842,-0.21115537848605578,0.2558139534883721,0.39276485788113696,0.02239448751076658,0.5968611426407877
2025-06-24,434,312,424,1170,0.47459086993970717,0.6266548984995587,73.0,42.0,648371809.0,209915010.0,122,1.391025641025641,0.16353887399463807,0.37094017094017095,0.26666666666666666,0.026495726495726495,3.0887348598844837
2025-06-25,339,390,424,1153,0.4720767888307155,0.6304932735426009,71.0,44.0,443932151.0,319035567.0,-51,0.8692307692307693,-0.06995884773662552,0.2940156114483955,0.3382480485689506,0.023417172593235037,1.3914816933248073
2025-06-26,319,400,417,1136,0.45181255526083114,0.6153846153846154,59.0,49.0,364147109.0,239550368.0,-81,0.7975,-0.11265646731571627,0.28080985915492956,0.352112676056338,0.008802816901408451,1.5201275290881624
2025-06-27,420,368,446,1234,0.46707105719237435,0.6182462356067316,69.0,49.0,341254365.0,321737602.0,52,1.141304347826087,0.06598984771573604,0.34035656401944897,0.29821717990275526,0.01620745542949757,1.0606604974944769
2025-06-30,458,292,410,1160,0.5056570931244561,0.6226583407671722,73.0,47.0,463425780.0,156931035.0,166,1.5684931506849316,0.22133333333333333,0.39482758620689656,0.2517241379310345,0.022413793103448276,2.953053741090792
2025-07-01,303,440,409,1152,0.4899387576552931,0.6186213070725156,71.0,43.0,324822080.0,449987569.0,-137,0.6886363636363636,-0.18438761776581428,0.2630208333333333,0.3819444444444444,0.024305555555555556,0.7218467850608558
2025-07-02,451,287,405,1143,0.527802294792586,0.6298292902066487,79.0,40.0,809944574.0,104477629.0,164,1.5714285714285714,0.2222222222222222,0.39457567804024496,0.2510936132983377,0.03412073490813648,7.752325371013157
2025-07-03,352,399,405,1156,0.5426829268292683,0.6238859180035651,75.0,39.0,839764744.0,477475592.0,-47,0.8822055137844611,-0.06258322237017311,0.3044982698961938,0.34515570934256057,0.031141868512110725,1.7587595220992993
2025-07-04,475,321,449,1245,0.5528052805280528,0.6240070609002648,67.0,39.0,738553925.0,132774426.0,154,1.4797507788161994,0.1934673366834171,0.3815261044176707,0.25783132530120484,0.02248995983935743,5.562471232223591
2025-07-07,475,291,391,1157,0.5902777777777778,0.6391111111111111,83.0,40.0,1247775696.0,111255355.0,184,1.6323024054982818,0.2402088772845953,0.4105445116681072,0.2515125324114088,0.037165082108902334,11.215421459937817
2025-07-08,485,281,397,1163,0.6178509532062392,0.6489832007073386,87.0,37.0,1018781651.0,180761393.0,204,1.7259786476868328,0.26631853785900783,0.4170249355116079,0.2416165090283749,0.04299226139294927,5.636057755983326
2025-07-09,466,330,367,1163,0.6458874458874458,0.6761061946902654,93.0,40.0,1146054424.0,391083954.0,136,1.412121212121212,0.1708542713567839,0.4006878761822872,0.2837489251934652,0.04557179707652623,2.930456267198321
2025-07-10,443,314,405,1162,0.6626297577854672,0.6829052258635961,86.0,39.0,792152851.0,336976884.0,129,1.410828025477707,0.17040951122853368,0.3812392426850258,0.270223752151463,0.04044750430292599,2.350763178758576
2025-07-11,433,450,378,1261,0.627831715210356,0.6721883173496077,93.0,40.0,789027288.0,572099256.0,-17,0.9622222222222222,-0.01925254813137033,0.34337827121332276,0.3568596352101507,0.04203013481363997,1.3791790143492164
2025-07-14,445,341,368,1154,0.648695652173913,0.6809269162210339,90.0,34.0,1066615569.0,339984607.0,104,1.3049853372434017,0.13231552162849872,0.3856152512998267,0.2954939341421144,0.04852686308492201,3.137246648934315
2025-07-15,360,445,343,1148,0.6290463692038495,0.6743978590544157,109.0,32.0,706042659.0,826811962.0,-85,0.8089887640449438,-0.10559006211180125,0.313588850174216,0.3876306620209059,0.06707317073170732,0.8539337738802575
2025-07-16,502,291,356,1149,0.6494755244755245,0.6856634016028496,80.0,38.0,1238124163.0,127974992.0,211,1.725085910652921,0.266078184110971,0.43690165361183636,0.25326370757180156,0.03655352480417755,9.674735224832052
2025-07-17,466,324,380,1170,0.6721170395869192,0.6908768821966342,110.0,32.0,1197317998.0,319542236.0,142,1.4382716049382716,0.17974683544303796,0.39829059829059826,0.27692307692307694,0.06666666666666667,3.746978843823325
2025-07-18,474,410,376,1260,0.6653160453808752,0.6911636045494314,123.0,33.0,1124806980.0,531621282.0,64,1.1560975609756097,0.07239819004524888,0.3761904761904762,0.3253968253968254,0.07142857142857142,2.115805025277374
2025-07-21,348,485,336,1169,0.6543422184006878,0.6946902654867256,131.0,27.0,665862675.0,867543618.0,-137,0.7175257731958763,-0.1644657863145258,0.29769033361847735,0.41488451668092385,0.08896492728828058,0.767526451909188
2025-07-22,507,301,351,1159,0.6790657439446367,0.7077464788732394,106.0,32.0,1142294174.0,161634886.0,206,1.6843853820598007,0.25495049504950495,0.4374460742018982,0.25970664365832613,0.0638481449525453,7.0671264246754255
2025-07-23,455,347,368,1170,0.6905172413793104,0.7071240105540897,132.0,27.0,1133738314.0,467130723.0,108,1.3112391930835734,0.13466334164588528,0.3888888888888889,0.2965811965811966,0.08974358974358974,2.4270257942336197
2025-07-24,445,356,374,1175,0.6843455945252352,0.7194371152154794,104.0,29.0,1053299662.0,393346875.0,89,1.25,0.1111111111111111,0.37872340425531914,0.3029787234042553,0.06382978723404255,2.6777883058051497
2025-07-25,529,365,366,1260,0.6951219512195121,0.713784021071115,133.0,34.0,1347440117.0,190865432.0,164,1.4493150684931506,0.18344519015659955,0.41984126984126985,0.2896825396825397,0.07857142857142857,7.0596341248424705
2025-07-28,581,282,309,1172,0.7274290627687017,0.7403169014084507,176.0,31.0,1917437609.0,111635095.0,299,2.0602836879432624,0.3464658169177289,0.49573378839590443,0.24061433447098976,0.12372013651877133,17.175939242045704
2025-07-29,174,734,247,1155,0.5504347826086956,0.6622222222222223,164.0,31.0,183347182.0,2901068527.0,-560,0.23705722070844687,-0.6167400881057269,0.15064935064935064,0.6354978354978355,0.11515151515151516,0.06319987973176203
2025-07-30,528,281,335,1144,0.5576077396657871,0.6699551569506726,74.0,35.0,1512440100.0,335839268.0,247,1.8790035587188612,0.3053152039555006,0.46153846153846156,0.24562937062937062,0.03409090909090909,4.503464139279865
2025-07-31,429,367,343,1139,0.5844385499557914,0.6805054151624549,104.0,37.0,1199831472.0,693435491.0,62,1.1689373297002725,0.07788944723618091,0.37664618086040386,0.3222124670763828,0.058823529411764705,1.7302712185523252
2025-08-01,397,482,365,1244,0.5770491803278689,0.6722763507528786,106.0,37.0,667940174.0,853370909.0,-85,0.8236514522821576,-0.09670079635949944,0.31913183279742763,0.387459807073955,0.05546623794212219,0.7827079256576814
2025-08-04,512,287,346,1145,0.596830985915493,0.6895306859205776,94.0,33.0,1301088999.0,133408069.0,225,1.78397212543554,0.2816020025031289,0.44716157205240176,0.25065502183406113,0.05327510917030567,9.752700932954813
2025-08-05,314,517,333,1164,0.5596885813148789,0.6737400530503979,118.0,30.0,1621010621.0,1365022070.0,-203,0.6073500967117988,-0.24428399518652227,0.2697594501718213,0.44415807560137455,0.07560137457044673,1.187534367850917
2025-08-06,549,259,344,1152,0.5968586387434555,0.6966993755575379,76.0,28.0,1363256946.0,115869971.0,290,2.1196911196911197,0.3589108910891089,0.4765625,0.2248263888888889,0.041666666666666664,11.765403358908237
2025-08-07,478,307,359,1144,0.6061674008810573,0.6894689468946895,92.0,27.0,1411981191.0,329421026.0,171,1.5570032573289903,0.2178343949044586,0.4178321678321678,0.26835664335664333,0.056818181818181816,4.2862509662634585
2025-08-08,466,411,364,1241,0.6072308956450287,0.6819787985865724,112.0,33.0,1265054012.0,855811920.0,55,1.1338199513381995,0.06271379703534778,0.37550362610797744,0.3311845286059629,0.06365834004834811,1.4781916241596635
2025-08-11,512,330,325,1167,0.6212251941328731,0.6985815602836879,127.0,29.0,1397707498.0,317197138.0,182,1.5515151515151515,0.2161520190023753,0.4387317909168809,0.2827763496143959,0.08397600685518423,4.406431617929668
2025-08-12,429,387,349,1165,0.6485319516407599,0.7053097345132744,103.0,29.0,996440740.0,704668728.0,42,1.1085271317829457,0.051470588235294115,0.3682403433476395,0.3321888412017167,0.06351931330472103,1.4140555702366857
2025-08-13,398,421,338,1157,0.619254119687771,0.6966192170818505,121.0,28.0,1279150454.0,723602990.0,-23,0.9453681710213777,-0.028083028083028084,0.3439930855661193,0.36387208297320656,0.08038029386343994,1.767751752932917
2025-08-14,394,431,325,1150,0.6150481189851269,0.7009847806624888,134.0,24.0,1561052194.0,400219150.0,-37,0.91415313225058,-0.044848484848484846,0.3426086956521739,0.37478260869565216,0.09565217391304348,3.9004935021225244
2025-08-15,261,653,320,1234,0.5451532725766363,0.6642793196060878,111.0,28.0,917533904.0,1325858287.0,-392,0.3996937212863706,-0.4288840262582057,0.21150729335494328,0.5291734197730956,0.06726094003241491,0.6920301460543649
2025-08-18,466,352,319,1137,0.5397526501766784,0.657942238267148,95.0,26.0,1096941351.0,566316954.0,114,1.3238636363636365,0.1393643031784841,0.4098504837291117,0.3095866314863676,0.06068601583113457,1.9369742389877311
2025-08-19,471,331,350,1152,0.5531358885017421,0.6767317939609236,133.0,28.0,1322681621.0,598736633.0,140,1.4229607250755287,0.1745635910224439,0.4088541666666667,0.2873263888888889,0.09114583333333333,2.2091209191136967
2025-08-20,251,588,300,1139,0.4951370468611848,0.6416967509025271,100.0,32.0,821989748.0,1779231766.0,-337,0.4268707482993197,-0.40166865315852207,0.22036874451273047,0.5162423178226514,0.05970149253731343,0.4619913851065989
2025-08-21,322,480,317,1119,0.46540880503144655,0.6344576116681859,90.0,30.0,1000811629.0,704922528.0,-158,0.6708333333333333,-0.1970074812967581,0.2877569258266309,0.4289544235924933,0.05361930294906166,1.4197469782097814
2025-08-22,213,699,306,1218,0.35421888053467,0.5309973045822103,65.0,35.0,421493208.0,2120220559.0,-486,0.30472103004291845,-0.5328947368421053,0.1748768472906404,0.5738916256157636,0.024630541871921183,0.19879686866105895
2025-08-25,295,504,312,1111,0.3354487760652765,0.512396694214876,51.0,35.0,269052139.0,1326286673.0,-209,0.5853174603174603,-0.2615769712140175,0.26552655265526554,0.45364536453645365,0.0144014401440144,0.2028612248597932
2025-08-26,628,175,291,1094,0.3957759412304867,0.5563839701770736,49.0,36.0,1367930401.0,8407306.0,453,3.5885714285714285,0.564134495641345,0.5740402193784278,0.15996343692870202,0.011882998171846435,162.70734061541236
2025-08-27,396,362,357,1115,0.39295392953929537,0.5639853747714808,66.0,31.0,829272377.0,723759441.0,34,1.0939226519337018,0.044854881266490766,0.35515695067264574,0.32466367713004485,0.03139013452914798,1.145784538373987
2025-08-28,408,360,327,1095,0.3957759412304867,0.5735567970204841,65.0,27.0,910299539.0,286557972.0,48,1.1333333333333333,0.0625,0.3726027397260274,0.3287671232876712,0.034703196347031964,3.17666799721768
2025-08-29,451,362,387,1200,0.42203389830508475,0.5781818181818181,78.0,28.0,1191837485.0,402590385.0,89,1.2458563535911602,0.10947109471094711,0.37583333333333335,0.3016666666666667,0.041666666666666664,2.960422129803224
2025-09-03,479,303,322,1104,0.44616788321167883,0.5920810313075506,66.0,24.0,1019990714.0,350161062.0,176,1.5808580858085808,0.22506393861892582,0.4338768115942029,0.27445652173913043,0.03804347826086957,2.9129187242412464
2025-09-04,451,334,322,1107,0.48957388939256574,0.6117216117216118,62.0,24.0,919325177.0,441169338.0,117,1.3502994011976048,0.14904458598726114,0.4074074074074074,0.3017163504968383,0.03432700993676603,2.08383742434974
2025-09-05,338,524,357,1219,0.4459346186085499,0.5852119026149685,74.0,21.0,220879290.0,1591712705.0,-186,0.6450381679389313,-0.21577726218097448,0.27727645611156687,0.4298605414273995,0.043478260869565216,0.13876831497679099
2025-09-08,174,643,278,1095,0.3311985361390668,0.5088044485634847,45.0,24.0,266615586.0,1727972262.0,-469,0.27060653188180406,-0.5740514075887393,0.1589041095890411,0.5872146118721461,0.019178082191780823,0.1542939038219353
2025-09-09,393,327,363,1083,0.3361188486536676,0.5103578154425612,42.0,24.0,806237511.0,251062938.0,66,1.201834862385321,0.09166666666666666,0.3628808864265928,0.30193905817174516,0.01662049861495845,3.211296408074377
2025-09-10,359,371,346,1076,0.35634328358208955,0.5146364494806421,45.0,23.0,425039442.0,423452630.0,-12,0.967654986522911,-0.01643835616438356,0.3336431226765799,0.3447955390334573,0.020446096654275093,1.0037473187969101
2025-09-11,341,373,371,1085,0.355822550831793,0.49530956848030017,61.0,28.0,615061493.0,518610031.0,-32,0.9142091152815014,-0.04481792717086835,0.3142857142857143,0.343778801843318,0.030414746543778803,1.1859807104270994
2025-09-12,579,258,338,1175,0.42573402417962003,0.536178107606679,59.0,30.0,794151778.0,284211928.0,321,2.244186046511628,0.3835125448028674,0.4927659574468085,0.2195744680851064,0.02468085106382979,2.794223956708812
2025-09-15,520,260,305,1085,0.5060018467220684,0.580765639589169,71.0,26.0,1044713299.0,186658001.0,260,2.0,0.3333333333333333,0.4792626728110599,0.23963133640552994,0.041474654377880185,5.596938215362115
2025-09-16,310,454,316,1080,0.4948932219127205,0.5534709193245778,67.0,20.0,543611107.0,749869810.0,-144,0.6828193832599119,-0.18848167539267016,0.28703703703703703,0.4203703703703704,0.04351851851851852,0.7249406493641877
2025-09-17,297,488,307,1092,0.4733455882352941,0.5358139534883721,48.0,21.0,197067947.0,873816146.0,-191,0.6086065573770492,-0.24331210191082803,0.27197802197802196,0.4468864468864469,0.024725274725274724,0.22552564163766323
2025-09-18,278,438,352,1068,0.4450704225352113,0.5218216318785579,50.0,22.0,322850739.0,585574903.0,-160,0.634703196347032,-0.22346368715083798,0.2602996254681648,0.4101123595505618,0.026217228464419477,0.5513397813772084
2025-09-19,358,467,325,1150,0.4388742304309587,0.49482596425211667,54.0,25.0,305452511.0,600913415.0,-109,0.7665952890792291,-0.1321212121212121,0.31130434782608696,0.40608695652173915,0.025217391304347827,0.5083136827624326
2025-09-22,212,559,292,1063,0.36757775683317623,0.4462416745956232,51.0,26.0,295578402.0,961977287.0,-347,0.37924865831842575,-0.45006485084306097,0.19943555973659455,0.5258701787394168,0.023518344308560677,0.3072613106300918
2025-09-23,365,360,341,1066,0.3653483992467043,0.4367269267364415,41.0,24.0,331766261.0,343821349.0,5,1.0138888888888888,0.006896551724137931,0.3424015009380863,0.33771106941838647,0.01594746716697936,0.9649379305995336
2025-09-24,479,255,324,1058,0.3971563981042654,0.4621284755512943,31.0,28.0,1003441077.0,38863410.0,224,1.8784313725490196,0.30517711171662126,0.45274102079395084,0.24102079395085066,0.002835538752362949,25.819686872562134
2025-09-25,443,298,326,1067,0.43650047036688616,0.4680648236415634,39.0,23.0,499133034.0,435258006.0,145,1.4865771812080537,0.19568151147098514,0.41518275538894095,0.27928772258669166,0.01499531396438613,1.1467521036247177
2025-09-26,317,477,354,1148,0.43083700440528633,0.45549242424242425,42.0,26.0,300132990.0,691424209.0,-160,0.6645702306079665,-0.20151133501259447,0.2761324041811847,0.4155052264808362,0.013937282229965157,0.4340793771656902
2025-09-29,263,477,303,1043,0.3800383877159309,0.42662779397473277,37.0,26.0,299581706.0,566358534.0,-214,0.5513626834381551,-0.2891891891891892,0.2521572387344199,0.4573346116970278,0.010546500479386385,0.5289612286481411
2025-09-30,294,510,298,1102,0.3740875912408759,0.41427247451343835,37.0,26.0,378557485.0,722846040.0,-216,0.5764705882352941,-0.26865671641791045,0.26678765880217786,0.4627949183303085,0.009981851179673321,0.5237041694245154
2025-10-01,397,336,302,1035,0.35984481086323955,0.40412979351032446,32.0,24.0,568462961.0,143946167.0,61,1.181547619047619,0.08321964529331514,0.38357487922705313,0.32463768115942027,0.007729468599033816,3.9491357974123757
2025-10-02,226,521,270,1017,0.31231527093596056,0.35948361469712015,37.0,22.0,196739684.0,597635481.0,-295,0.43378119001919385,-0.3949129852744311,0.2222222222222222,0.512291052114061,0.014749262536873156,0.3291967934547715
2025-10-03,244,537,329,1110,0.2990909090909091,0.32555879494655005,30.0,26.0,92162127.0,834689370.0,-293,0.4543761638733706,-0.37516005121638923,0.21981981981981982,0.4837837837837838,0.0036036036036036037,0.11041488044827982
2025-10-06,567,217,254,1038,0.41329479768786126,0.3931707317073171,28.0,23.0,1106577062.0,23730871.0,350,2.6129032258064515,0.44642857142857145,0.546242774566474,0.20905587668593448,0.004816955684007707,46.63027589674226
2025-10-07,253,498,280,1031,0.3663751214771623,0.3801571709233792,39.0,22.0,134861802.0,706367400.0,-245,0.5080321285140562,-0.3262316910785619,0.24539282250242483,0.4830261881668283,0.016488845780795344,0.19092302674217412
2025-10-08,385,293,333,1011,0.37326732673267327,0.3782435129740519,37.0,22.0,834768873.0,246443126.0,92,1.3139931740614335,0.13569321533923304,0.380811078140455,0.2898120672601385,0.01483679525222552,3.3872678315239355
2025-10-09,340,343,324,1007,0.3866799204771372,0.3937875751503006,41.0,22.0,803172216.0,261077808.0,-3,0.9912536443148688,-0.004392386530014641,0.33763654419066536,0.34061569016881826,0.018867924528301886,3.0763710717228023
2025-10-10,409,356,366,1131,0.3942652329749104,0.3857965451055662,36.0,32.0,814010995.0,202927688.0,53,1.148876404494382,0.06928104575163399,0.3616268788682582,0.3147656940760389,0.0035366931918656055,4.011335284123476
2025-10-13,285,436,293,1014,0.3758654797230465,0.36752988047808766,40.0,27.0,843412950.0,506370647.0,-151,0.6536697247706422,-0.20943134535367544,0.28106508875739644,0.42998027613412226,0.01282051282051282,1.6656039503806388
2025-10-14,231,538,270,1039,0.3352601156069364,0.3472762645914397,42.0,28.0,490743428.0,1109581035.0,-307,0.42936802973977695,-0.3992197659297789,0.22232916265640038,0.5178055822906641,0.013474494706448507,0.4422781324844832
2025-10-15,270,459,292,1021,0.3356231599607458,0.3448275862068966,35.0,25.0,777186078.0,379380227.0,-189,0.5882352941176471,-0.25925925925925924,0.2644466209598433,0.4495592556317336,0.009794319294809012,2.0485676972300406
2025-10-16,376,330,300,1006,0.3665338645418327,0.3634538152610442,37.0,33.0,678362442.0,410068784.0,46,1.1393939393939394,0.06515580736543909,0.37375745526838966,0.32803180914512925,0.003976143141153081,1.6542650122814517
2025-10-17,304,516,307,1127,0.33363228699551567,0.3410182516810759,46.0,32.0,278240595.0,1037286482.0,-212,0.5891472868217055,-0.25853658536585367,0.26974267968056787,0.45785270629991126,0.012422360248447204,0.26823890972098874
2025-10-20,131,680,205,1016,0.22430830039525693,0.25396825396825395,25.0,47.0,23326977.0,1837950982.0,-549,0.19264705882352942,-0.6769420468557337,0.12893700787401574,0.6692913385826772,-0.021653543307086614,0.012691838481250639
2025-10-21,453,360,215,1028,0.25803310613437197,0.2859941234084231,28.0,59.0,897230086.0,791107371.0,93,1.2583333333333333,0.11439114391143912,0.4406614785992218,0.35019455252918286,-0.030155642023346304,1.1341445155110303
2025-10-22,455,304,257,1016,0.27416173570019725,0.2847222222222222,34.0,39.0,655703755.0,356903749.0,151,1.4967105263157894,0.19894598155467721,0.4478346456692913,0.2992125984251969,-0.004921259842519685,1.8372005248955792
2025-10-23,368,341,283,992,0.2972699696663296,0.28732106339468305,36.0,32.0,299167102.0,484117397.0,27,1.0791788856304985,0.0380818053596615,0.3709677419354839,0.34375,0.004032258064516129,0.6179639563748212
2025-10-24,326,454,303,1083,0.29674418604651165,0.294,39.0,37.0,310114539.0,703796916.0,-128,0.7180616740088106,-0.1641025641025641,0.3010156971375808,0.41920590951061865,0.0018467220683287165,0.4406307159777324
2025-10-27,349,382,266,997,0.3249243188698285,0.30558375634517765,26.0,24.0,224488564.0,761942533.0,-33,0.9136125654450262,-0.04514363885088919,0.35005015045135407,0.3831494483450351,0.0020060180541624875,0.29462663426350555
2025-10-28,447,263,275,985,0.35137895812053116,0.3028747433264887,34.0,28.0,858530236.0,128276192.0,184,1.6996197718631179,0.2591549295774648,0.45380710659898477,0.267005076142132,0.006091370558375634,6.692826023398013
2025-10-29,501,243,257,1001,0.4452261306532663,0.3481781376518219,42.0,23.0,710971475.0,167271553.0,258,2.0617283950617282,0.3467741935483871,0.5004995004995005,0.24275724275724275,0.01898101898101898,4.250402786659128
2025-10-30,366,393,249,1008,0.4251497005988024,0.35240963855421686,40.0,21.0,368507111.0,472213131.0,-27,0.9312977099236641,-0.03557312252964427,0.3630952380952381,0.3898809523809524,0.018849206349206348,0.7803830236986782
2025-10-31,357,454,290,1101,0.4175824175824176,0.36847290640394087,35.0,25.0,238651331.0,611558521.0,-97,0.7863436123348018,-0.11960542540073983,0.3242506811989101,0.4123524069028156,0.009082652134423252,0.39023465916191524
2025-11-03,239,501,259,999,0.4074446680080483,0.3454913880445795,38.0,19.0,130105947.0,947816702.0,-262,0.47704590818363274,-0.35405405405405405,0.23923923923923923,0.5015015015015015,0.01901901901901902,0.13726910142589996
2025-11-04,406,304,277,987,0.4240570846075433,0.34390992835209827,27.0,29.0,1162922834.0,92333119.0,102,1.3355263157894737,0.14366197183098592,0.41134751773049644,0.3080040526849038,-0.002026342451874367,12.594861373631275
2025-11-05,296,406,277,979,0.446611909650924,0.358841778697001,34.0,22.0,277648829.0,429996439.0,-110,0.729064039408867,-0.15669515669515668,0.3023493360572012,0.41470888661899896,0.012257405515832482,0.6457002984622391
2025-11-06,303,407,255,965,0.4214360041623309,0.33228511530398325,26.0,16.0,142390027.0,419167623.0,-104,0.7444717444717445,-0.14647887323943662,0.3139896373056995,0.42176165803108806,0.010362694300518135,0.33969710251213747
2025-11-07,227,565,291,1083,0.36533084808946875,0.303,30.0,29.0,36494514.0,860396394.0,-338,0.40176991150442476,-0.42676767676767674,0.20960295475530932,0.5216989843028624,0.0009233610341643582,0.04241593090637709
2025-11-10,255,443,270,968,0.32570239334027057,0.2792887029288703,26.0,33.0,181370265.0,424834541.0,-188,0.5756207674943566,-0.2693409742120344,0.2634297520661157,0.45764462809917356,-0.007231404958677686,0.42691977110213364
2025-11-11,389,294,296,979,0.36858316221765913,0.2876288659793814,27.0,32.0,497540116.0,124315183.0,95,1.3231292517006803,0.1390922401171303,0.39734422880490294,0.3003064351378958,-0.005107252298263534,4.0022473843762105
2025-11-12,552,199,237,988,0.4531568228105906,0.3319672131147541,32.0,21.0,723545554.0,34865866.0,353,2.7738693467336684,0.47003994673768307,0.5587044534412956,0.201417004048583,0.011133603238866396,20.752261079647354
2025-11-13,360,318,285,963,0.47126436781609193,0.3476890756302521,29.0,19.0,348169168.0,357471546.0,42,1.1320754716981132,0.061946902654867256,0.37383177570093457,0.3302180685358255,0.010384215991692628,0.9739772910485021
2025-11-14,377,381,331,1089,0.46382189239332094,0.3595617529880478,31.0,27.0,462105357.0,140091541.0,-4,0.989501312335958,-0.005277044854881266,0.34618916437098257,0.349862258953168,0.0036730945821854912,3.298595716068253
2025-11-17,483,253,253,989,0.5436991869918699,0.3718079673135853,28.0,15.0,703947633.0,38070530.0,230,1.9090909090909092,0.3125,0.4883720930232558,0.2558139534883721,0.01314459049544995,18.490618150049396
2025-11-18,318,370,295,983,0.5331294597349643,0.38461538461538464,32.0,16.0,362352442.0,302884115.0,-52,0.8594594594594595,-0.0755813953488372,0.323499491353001,0.37639877924720244,0.01627670396744659,1.1963401976363137
2025-11-19,277,449,279,1005,0.4870259481037924,0.3853118712273642,26.0,16.0,171132948.0,619423870.0,-172,0.6169265033407573,-0.2369146005509642,0.27562189054726366,0.44676616915422884,0.009950248756218905,0.27627761261444445
2025-11-20,326,384,291,1001,0.468,0.37044534412955465,26.0,13.0,283104010.0,324842934.0,-58,0.8489583333333334,-0.08169014084507042,0.3256743256743257,0.3836163836163836,0.012987012987012988,0.8715104451063725
2025-11-21,287,445,312,1044,0.43159922928709055,0.3569937369519833,29.0,27.0,228213990.0,398309595.0,-158,0.6449438202247191,-0.21584699453551912,0.27490421455938696,0.42624521072796934,0.0019157088122605363,0.5729562954665955
2025-11-24,307,405,258,970,0.41115702479338845,0.37148803329864727,36.0,17.0,232930673.0,322927821.0,-98,0.7580246913580246,-0.13764044943820225,0.31649484536082473,0.4175257731958763,0.01958762886597938,0.7213087812585834
2025-11-25,245,493,244,982,0.3503575076608784,0.33675564681724846,27.0,16.0,155551432.0,704565319.0,-248,0.4969574036511156,-0.33604336043360433,0.2494908350305499,0.5020366598778004,0.01120162932790224,0.22077645294942483
2025-11-26,499,207,272,978,0.4426229508196721,0.3733195449844881,23.0,21.0,661614028.0,72769332.0,292,2.4106280193236715,0.41359773371104813,0.5102249488752556,0.2116564417177914,0.002044989775051125,9.091934882678324
2025-11-27,352,365,275,992,0.44782168186423504,0.4044943820224719,30.0,17.0,317090377.0,317185437.0,-13,0.9643835616438357,-0.01813110181311018,0.3548387096774194,0.36794354838709675,0.01310483870967742,0.999700301499025
2025-11-28,307,445,331,1083,0.41674418604651164,0.3587174348697395,33.0,30.0,266111609.0,388034287.0,-138,0.6898876404494382,-0.18351063829787234,0.283471837488458,0.41089566020313945,0.002770083102493075,0.6857940597398806
2025-12-01,309,402,269,980,0.42024539877300615,0.36907216494845363,38.0,25.0,226120410.0,303559857.0,-93,0.7686567164179104,-0.1308016877637131,0.3153061224489796,0.41020408163265304,0.013265306122448979,0.7448956269603197
2025-12-02,360,331,288,979,0.4222903885480573,0.37384140061791965,32.0,25.0,354198737.0,220173631.0,29,1.0876132930513596,0.041968162083936326,0.36772216547497444,0.338100102145046,0.007150153217568948,1.6087246024479653
2025-12-03,463,264,274,1001,0.4969939879759519,0.42972699696663297,41.0,23.0,678923704.0,101290448.0,199,1.753787878787879,0.2737276478679505,0.46253746253746253,0.26373626373626374,0.017982017982017984,6.702741644503339
2025-12-04,487,247,267,1001,0.5651302605210421,0.45896656534954405,50.0,16.0,663809887.0,145662140.0,240,1.9716599190283401,0.32697547683923706,0.4865134865134865,0.24675324675324675,0.03396603396603397,4.557188896167529
2025-12-05,307,488,289,1084,0.4762790697674419,0.42168674698795183,45.0,18.0,127538848.0,555300571.0,-181,0.6290983606557377,-0.22767295597484277,0.283210332103321,0.45018450184501846,0.024907749077490774,0.22967534099654294
2025-12-08,292,457,236,985,0.45621181262729127,0.42489711934156377,47.0,16.0,193954986.0,469256113.0,-165,0.6389496717724289,-0.22029372496662217,0.29644670050761424,0.4639593908629442,0.03147208121827411,0.4133243672842681
2025-12-09,244,502,243,989,0.4265450861195542,0.40717948717948715,48.0,24.0,205720975.0,761912177.0,-258,0.4860557768924303,-0.34584450402144773,0.24671385237613752,0.5075834175935288,0.024266936299292215,0.2700061519032528
2025-12-10,310,404,267,981,0.40408163265306124,0.3917525773195876,29.0,16.0,241142546.0,288490560.0,-94,0.7673267326732673,-0.13165266106442577,0.3160040774719674,0.41182466870540263,0.013251783893985729,0.8358767302472566
2025-12-11,294,402,292,988,0.3756345177664975,0.3888888888888889,26.0,10.0,163020808.0,353682483.0,-108,0.7313432835820896,-0.15517241379310345,0.2975708502024291,0.4068825910931174,0.016194331983805668,0.46092417870748775
2025-12-12,193,663,226,1082,0.28664192949907236,0.3233233233233233,31.0,29.0,28361645.0,932135657.0,-470,0.2911010558069382,-0.5490654205607477,0.17837338262476896,0.6127541589648798,0.0018484288354898336,0.03042652084706164
2025-12-15,327,384,256,967,0.2824506749740395,0.3312302839116719,26.0,35.0,225581488.0,349877812.0,-57,0.8515625,-0.08016877637130802,0.33815925542916236,0.39710444674250256,-0.009307135470527405,0.6447436226679044
2025-12-16,513,223,229,965,0.3354101765316719,0.36544502617801045,29.0,30.0,743759020.0,30326041.0,290,2.3004484304932737,0.39402173913043476,0.5316062176165803,0.23108808290155441,-0.0010362694300518134,24.52542420555324
2025-12-17,284,429,246,959,0.3298429319371728,0.3492063492063492,24.0,15.0,158319401.0,341160366.0,-145,0.662004662004662,-0.20336605890603085,0.2961418143899896,0.4473409801876955,0.009384775808133473,0.4640615287650383
2025-12-18,305,357,286,948,0.3177966101694915,0.3590568060021436,23.0,17.0,309695433.0,148414364.0,-52,0.8543417366946778,-0.07854984894259819,0.3217299578059072,0.37658227848101267,0.006329113924050633,2.0866944725107603
2025-12-19,403,392,264,1059,0.33777354900095147,0.36923076923076925,23.0,36.0,567183806.0,155295443.0,11,1.028061224489796,0.013836477987421384,0.380547686496695,0.37016052880075545,-0.012275731822474031,3.6522887925307637
2025-12-22,461,272,260,993,0.4002026342451874,0.3961105424769703,28.0,19.0,777111164.0,56435794.0,189,1.6948529411764706,0.2578444747612551,0.46424974823766363,0.27391742195367574,0.00906344410876133,13.76982777986609
2025-12-23,290,454,237,981,0.3641025641025641,0.3815925542916236,29.0,15.0,249871654.0,479741356.0,-164,0.6387665198237885,-0.22043010752688172,0.29561671763506625,0.46279306829765543,0.014271151885830785,0.5208465996831843
2025-12-24,344,384,248,976,0.37628865979381443,0.40290758047767394,30.0,16.0,508219723.0,226406474.0,-40,0.8958333333333334,-0.054945054945054944,0.3524590163934426,0.39344262295081966,0.014344262295081968,2.2447225736133323
2025-12-25,254,489,219,962,0.35318704284221525,0.3778947368421053,26.0,23.0,64997258.0,656258390.0,-235,0.5194274028629857,-0.3162853297442799,0.26403326403326405,0.5083160083160083,0.0031185031185031187,0.09904217453128485
2025-12-26,283,487,270,1040,0.3239573229873909,0.34659685863874345,19.0,36.0,351366562.0,634144517.0,-204,0.5811088295687885,-0.2649350649350649,0.2721153846153846,0.46826923076923077,-0.016346153846153847,0.5540796341853413
2025-12-29,418,300,256,974,0.378099173553719,0.38605619146722164,26.0,30.0,321415624.0,196530640.0,118,1.3933333333333333,0.16434540389972144,0.42915811088295686,0.3080082135523614,-0.004106776180698152,1.635447907766443
2025-12-30,366,342,260,968,0.39107883817427386,0.38380651945320715,20.0,21.0,380249126.0,206904693.0,24,1.0701754385964912,0.03389830508474576,0.378099173553719,0.35330578512396693,-0.0010330578512396695,1.8377984592161958
2025-12-31,344,372,266,982,0.4124872057318321,0.38928939237899074,16.0,24.0,224988297.0,377125675.0,-28,0.9247311827956989,-0.03910614525139665,0.35030549898167007,0.3788187372708758,-0.008146639511201629,0.5965870581471283
2026-01-05,249,471,238,958,0.3742138364779874,0.3456659619450317,18.0,22.0,230827457.0,663761832.0,-222,0.5286624203821656,-0.30833333333333335,0.2599164926931106,0.49164926931106473,-0.0041753653444676405,0.34775644797846705
2026-01-06,364,346,236,946,0.38918345705196183,0.34983853606027987,20.0,26.0,572634226.0,237131370.0,18,1.0520231213872833,0.02535211267605634,0.38477801268498946,0.3657505285412262,-0.006342494714587738,2.4148396140080495
2026-01-07,517,251,217,985,0.47551020408163264,0.43004115226337447,29.0,21.0,925514513.0,108188295.0,266,2.0597609561752988,0.3463541666666667,0.5248730964467005,0.2548223350253807,0.008121827411167513,8.554664005010894
2026-01-08,378,392,244,1014,0.4781746031746032,0.43158953722334004,32.0,23.0,771230520.0,493537291.0,-14,0.9642857142857143,-0.01818181818181818,0.3727810650887574,0.3865877712031558,0.008875739644970414,1.562659061562179
2026-01-09,323,466,275,1064,0.435361216730038,0.4,29.0,29.0,427248786.0,916634723.0,-143,0.6931330472103004,-0.18124207858048164,0.30357142857142855,0.43796992481203006,0.0,0.4661058274136534
2026-01-12,493,281,215,989,0.5284552845528455,0.44774590163934425,35.0,23.0,1264749868.0,192451989.0,212,1.7544483985765125,0.2739018087855297,0.49848331648129424,0.28412537917087965,0.012133468149646108,6.571768234621882
2026-01-13,408,373,213,994,0.5519677093844602,0.47648261758691207,30.0,13.0,967693254.0,474381713.0,35,1.093833780160858,0.04481434058898848,0.4104627766599598,0.37525150905432597,0.01710261569416499,2.0399042110630434
2026-01-14,424,337,245,1006,0.5566600397614314,0.5015045135406219,39.0,15.0,732226641.0,562492061.0,87,1.258160237388724,0.11432325886990802,0.42147117296222664,0.3349900596421471,0.02385685884691849,1.3017546233421418
2026-01-15,416,367,215,998,0.5576730190571715,0.5116514690982776,37.0,18.0,684194244.0,622424153.0,49,1.1335149863760219,0.06257982120051085,0.4168336673346693,0.36773547094188375,0.01903807615230461,1.0992411536446274
2026-01-16,425,393,283,1101,0.5686813186813187,0.515748031496063,37.0,19.0,367581307.0,637252010.0,32,1.0814249363867685,0.039119804400977995,0.3860127157129882,0.3569482288828338,0.01634877384196185,0.5768225148477758
2026-01-19,377,374,236,987,0.5914634146341463,0.5506653019447287,31.0,9.0,650074161.0,228766139.0,3,1.0080213903743316,0.0039946737683089215,0.3819655521783181,0.3789260385005066,0.022289766970618033,2.841653768523846
2026-01-20,345,439,216,1000,0.5633802816901409,0.5294715447154471,32.0,16.0,426760230.0,691560245.0,-94,0.785876993166287,-0.11989795918367346,0.345,0.439,0.016,0.6170976904550087
2026-01-21,263,499,210,972,0.5149638802889577,0.4953271028037383,25.0,20.0,327821478.0,933682269.0,-236,0.5270541082164328,-0.30971128608923887,0.2705761316872428,0.5133744855967078,0.0051440329218107,0.3511060334808607
2026-01-22,483,292,211,986,0.5916496945010183,0.5246406570841889,32.0,19.0,771647046.0,259885863.0,191,1.654109589041096,0.24645161290322581,0.4898580121703854,0.2961460446247465,0.013184584178498986,2.9691766881525217
2026-01-23,266,559,234,1059,0.5080721747388414,0.49334698055271237,18.0,16.0,226382412.0,644180147.0,-293,0.47584973166368516,-0.35515151515151516,0.251180358829084,0.5278564683663833,0.0018885741265344666,0.3514271792669823
2026-01-26,201,571,189,961,0.3945720250521921,0.41561181434599154,15.0,29.0,188781531.0,933454348.0,-370,0.3520140105078809,-0.4792746113989637,0.20915712799167535,0.5941727367325702,-0.014568158168574402,0.20223970396032695
2026-01-27,389,334,241,964,0.4196242171189979,0.43670886075949367,13.0,33.0,457755339.0,330290982.0,55,1.1646706586826348,0.07607192254495158,0.40352697095435686,0.34647302904564314,-0.02074688796680498,1.385915341158179
2026-01-28,334,395,224,953,0.3898840885142255,0.4182590233545648,25.0,32.0,544065504.0,452426320.0,-61,0.8455696202531645,-0.08367626886145405,0.35047219307450156,0.4144805876180483,-0.007345225603357817,1.2025505147445887
2026-01-29,410,305,224,939,0.45989304812834225,0.44994617868675996,16.0,24.0,404430805.0,298823745.0,105,1.3442622950819672,0.14685314685314685,0.4366347177848775,0.3248136315228967,-0.008519701810436636,1.3534091977864744
2026-01-30,486,337,241,1064,0.4695817490494297,0.4536187563710499,38.0,25.0,765854486.0,183491707.0,149,1.4421364985163205,0.181044957472661,0.4567669172932331,0.3167293233082707,0.012218045112781954,4.173782556832391
2026-02-02,325,451,198,974,0.4343329886246122,0.45,29.0,30.0,458665754.0,531339744.0,-126,0.720620842572062,-0.16237113402061856,0.3336755646817248,0.46303901437371664,-0.001026694045174538,0.8632250065600212
2026-02-03,430,308,227,965,0.484375,0.49213011542497376,36.0,25.0,645339430.0,320710961.0,122,1.396103896103896,0.16531165311653118,0.44559585492227977,0.31917098445595854,0.011398963730569948,2.0122150736220084
2026-02-04,360,374,228,962,0.4827586206896552,0.4857744994731296,20.0,24.0,638762501.0,315740630.0,-14,0.9625668449197861,-0.01907356948228883,0.37422037422037424,0.3887733887733888,-0.004158004158004158,2.023060830023681
2026-02-05,235,505,212,952,0.4192185850052798,0.4692144373673036,23.0,21.0,134238463.0,635939637.0,-270,0.46534653465346537,-0.36486486486486486,0.24684873949579833,0.5304621848739496,0.0021008403361344537,0.21108680005111868
2026-02-06,190,646,210,1046,0.32432432432432434,0.39039039039039036,15.0,43.0,148459163.0,1001487830.0,-456,0.29411764705882354,-0.5454545454545454,0.18164435946462715,0.6175908221797323,-0.02676864244741874,0.14823860915014814
2026-02-09,338,362,225,925,0.2959738846572361,0.3862144420131291,9.0,31.0,247891411.0,287541313.0,-24,0.9337016574585635,-0.03428571428571429,0.3654054054054054,0.39135135135135135,-0.023783783783783784,0.8621071122395549
2026-02-10,251,424,250,925,0.2763873775843308,0.35815991237677985,7.0,34.0,223169258.0,477176368.0,-173,0.5919811320754716,-0.2562962962962963,0.27135135135135136,0.45837837837837836,-0.02918918918918919,0.4676871550353055
2026-02-11,543,208,204,955,0.3498419388830348,0.4171974522292994,18.0,27.0,846446212.0,27750374.0,335,2.610576923076923,0.44607190412782954,0.5685863874345549,0.21780104712041884,-0.009424083769633508,30.50215510608974
2026-02-12,389,301,236,926,0.36195652173913045,0.42669584245076586,19.0,21.0,278798575.0,195228362.0,88,1.2923588039867109,0.12753623188405797,0.4200863930885529,0.3250539956803456,-0.0021598272138228943,1.428063894732672
2026-02-13,457,301,267,1025,0.42857142857142855,0.4543610547667343,27.0,23.0,415013432.0,174461574.0,156,1.5182724252491695,0.20580474934036938,0.4458536585365854,0.29365853658536584,0.003902439024390244,2.3788243020207993
2026-02-23,588,202,181,971,0.5545171339563862,0.5225603357817419,21.0,16.0,759149392.0,50203318.0,386,2.910891089108911,0.48860759493670886,0.6055612770339855,0.20803295571575695,0.005149330587023687,15.121498383831922
2026-02-24,384,371,219,974,0.5603715170278638,0.5251046025104602,25.0,14.0,700144503.0,320535048.0,13,1.0350404312668464,0.017218543046357615,0.3942505133470226,0.3809034907597536,0.011293634496919919,2.184299368723011
2026-02-25,367,376,225,968,0.5613305613305614,0.5273684210526316,24.0,11.0,750522233.0,425955056.0,-9,0.976063829787234,-0.012113055181695828,0.37913223140495866,0.3884297520661157,0.013429752066115703,1.761975171859446
2026-02-26,335,400,213,948,0.5853658536585366,0.5387096774193548,25.0,21.0,413635590.0,362315216.0,-65,0.8375,-0.08843537414965986,0.35337552742616035,0.4219409282700422,0.004219409282700422,1.1416456492404117
2026-02-27,369,454,236,1059,0.5367016205910391,0.5004926108374385,42.0,25.0,413415805.0,535716223.0,-85,0.8127753303964758,-0.10328068043742406,0.34844192634560905,0.42870632672332387,0.016052880075542966,0.7717067119694078
2026-03-02,294,548,149,991,0.4569402228976697,0.4563206577595067,47.0,42.0,428981992.0,1169607262.0,-254,0.5364963503649635,-0.3016627078384798,0.2966700302724521,0.5529767911200807,0.005045408678102927,0.36677439165900116
2026-03-03,354,442,194,990,0.44873096446700506,0.4660493827160494,54.0,32.0,716289545.0,643960022.0,-88,0.8009049773755657,-0.11055276381909548,0.3575757575757576,0.44646464646464645,0.022222222222222223,1.1123198964671133
2026-03-04,249,570,173,992,0.39209726443769,0.4233128834355828,40.0,46.0,551701687.0,877850976.0,-321,0.4368421052631579,-0.39194139194139194,0.25100806451612906,0.5745967741935484,-0.006048387096774193,0.6284685010135479
2026-03-05,400,381,181,962,0.3924843423799583,0.43067226890756305,32.0,21.0,358110945.0,909931974.0,19,1.0498687664041995,0.024327784891165175,0.4158004158004158,0.39604989604989604,0.011434511434511435,0.39355793095803443
2026-03-06,262,528,231,1021,0.361028684470821,0.4059003051881994,16.0,27.0,306399544.0,693381492.0,-266,0.4962121212121212,-0.3367088607594937,0.2566111655239961,0.5171400587659157,-0.010773751224289911,0.44189172560146733
2026-03-09,64,847,89,1000,0.1577889447236181,0.2073170731707317,16.0,138.0,3470200.0,1527622346.0,-783,0.0755608028335301,-0.8594950603732162,0.064,0.847,-0.122,0.0022716347460395164
2026-03-10,628,202,123,953,0.22339304531085352,0.2763018065887354,11.0,75.0,1025492177.0,439842551.0,426,3.108910891089109,0.5132530120481927,0.6589716684155299,0.21196222455403987,-0.06715634837355719,2.331498338822612
2026-03-11,621,166,149,936,0.2915326902465166,0.3300970873786408,9.0,26.0,968777538.0,27958221.0,455,3.7409638554216866,0.5781448538754765,0.6634615384615384,0.17735042735042736,-0.018162393162393164,34.65090064206875
2026-03-12,340,419,178,937,0.27961579509071505,0.32292787944025836,14.0,19.0,422102934.0,535225298.0,-79,0.8114558472553699,-0.10408432147562582,0.3628601921024546,0.4471718249733191,-0.005336179295624333,0.7886453341747685
2026-03-13,366,411,241,1018,0.29852216748768473,0.32962588473205257,21.0,23.0,347931304.0,587278257.0,-45,0.8905109489051095,-0.05791505791505792,0.35952848722986247,0.4037328094302554,-0.0019646365422396855,0.5924471063807834
2026-03-16,363,356,215,934,0.29978586723768735,0.3261105092091008,19.0,11.0,412524895.0,345279286.0,7,1.0196629213483146,0.009735744089012517,0.3886509635974304,0.3811563169164882,0.008565310492505354,1.194757147985993
2026-03-17,390,311,212,913,0.3132530120481928,0.3322295805739514,14.0,12.0,398144289.0,388193192.0,79,1.2540192926045015,0.11269614835948645,0.42716319824753557,0.34063526834611174,0.002190580503833516,1.025634393402757
2026-03-18,340,388,204,932,0.315450643776824,0.3372972972972973,14.0,18.0,325056622.0,399248446.0,-48,0.8762886597938144,-0.06593406593406594,0.3648068669527897,0.41630901287553645,-0.004291845493562232,0.8141712892227513
2026-03-19,244,494,184,922,0.2975027144408252,0.30947136563876654,13.0,21.0,258109738.0,603651101.0,-250,0.4939271255060729,-0.33875338753387535,0.2646420824295011,0.5357917570498916,-0.008676789587852495,0.4275809943399739
2026-03-20,264,541,197,1002,0.26458752515090544,0.2948453608247423,17.0,29.0,236424700.0,710147400.0,-277,0.4879852125693161,-0.3440993788819876,0.2634730538922156,0.5399201596806387,-0.011976047904191617,0.3329234184339758
