frequency,model,horizon,threshold,total_rows,evaluated_rows,coverage_ratio,filtered_accuracy,passed_60pct,coverage_ok_50pct,selected_at_50pct_floor,coverage_ok_40pct,selected_at_40pct_floor,coverage_ok_30pct,selected_at_30pct_floor,coverage_ok_20pct,selected_at_20pct_floor
daily,lightgbm,1,0.5,1601,1601,1.0,0.5078076202373517,False,True,False,True,False,True,False,True,False
daily,lightgbm,1,0.51,1601,1563,0.9762648344784509,0.509277031349968,False,True,False,True,False,True,False,True,False
daily,lightgbm,1,0.52,1601,1525,0.9525296689569019,0.5095081967213114,False,True,False,True,False,True,False,True,False
daily,lightgbm,1,0.53,1601,1489,0.9300437226733291,0.5097380792478173,False,True,False,True,False,True,False,True,False
daily,lightgbm,1,0.54,1601,1445,0.9025608994378513,0.5100346020761246,False,True,False,True,False,True,False,True,False
daily,lightgbm,1,0.55,1601,1404,0.876951905059338,0.5092592592592593,False,True,False,True,False,True,False,True,False
daily,lightgbm,1,0.56,1601,1363,0.8513429106808245,0.5121056493030081,False,True,False,True,False,True,False,True,False
daily,lightgbm,1,0.57,1601,1314,0.820737039350406,0.5121765601217656,False,True,False,True,False,True,False,True,False
daily,lightgbm,1,0.58,1601,1264,0.7895065584009994,0.5134493670886076,False,True,False,True,False,True,False,True,False
daily,lightgbm,1,0.59,1601,1219,0.7613991255465334,0.5110746513535686,False,True,False,True,False,True,False,True,False
daily,lightgbm,1,0.6,1601,1191,0.7439100562148657,0.5088161209068011,False,True,False,True,False,True,False,True,False
daily,lightgbm,1,0.61,1601,1140,0.712054965646471,0.5131578947368421,False,True,False,True,False,True,False,True,False
daily,lightgbm,1,0.62,1601,1096,0.6845721424109932,0.5118613138686131,False,True,False,True,False,True,False,True,False
daily,lightgbm,1,0.63,1601,1067,0.6664584634603373,0.5098406747891284,False,True,False,True,False,True,False,True,False
daily,lightgbm,1,0.64,1601,1027,0.641474078700812,0.5082765335929893,False,True,False,True,False,True,False,True,False
daily,lightgbm,1,0.65,1601,980,0.6121174266083698,0.5142857142857142,False,True,False,True,False,True,False,True,False
daily,lightgbm,1,0.66,1601,946,0.5908806995627732,0.5137420718816068,False,True,False,True,False,True,False,True,False
daily,lightgbm,1,0.67,1601,899,0.561524047470331,0.5139043381535039,False,True,False,True,False,True,False,True,False
daily,lightgbm,1,0.68,1601,852,0.5321673953778888,0.5164319248826291,False,True,False,True,False,True,False,True,False
daily,lightgbm,1,0.69,1601,815,0.5090568394753279,0.5190184049079755,False,True,False,True,False,True,False,True,False
daily,lightgbm,1,0.7,1601,777,0.4853216739537789,0.5263835263835264,False,False,False,True,False,True,False,True,False
daily,lightgbm,1,0.71,1601,736,0.45971267957526546,0.5271739130434783,False,False,False,True,False,True,False,True,False
daily,lightgbm,1,0.72,1601,698,0.43597751405371643,0.5243553008595988,False,False,False,True,False,True,False,True,False
daily,lightgbm,1,0.73,1601,653,0.40787008119925044,0.5283307810107197,False,False,False,True,False,True,False,True,False
daily,lightgbm,1,0.74,1601,614,0.3835103060587133,0.5260586319218241,False,False,False,False,False,True,False,True,False
daily,lightgbm,1,0.75,1601,576,0.35977514053716425,0.5329861111111112,False,False,False,False,False,True,False,True,False
daily,lightgbm,1,0.76,1601,548,0.3422860712054966,0.5328467153284672,False,False,False,False,False,True,False,True,False
daily,lightgbm,1,0.77,1601,522,0.32604622111180515,0.5306513409961686,False,False,False,False,False,True,False,True,False
daily,lightgbm,1,0.78,1601,492,0.30730793254216116,0.5304878048780488,False,False,False,False,False,True,False,True,False
daily,lightgbm,1,0.79,1601,457,0.28544659587757654,0.5361050328227571,False,False,False,False,False,False,False,True,False
daily,lightgbm,1,0.8,1601,414,0.2585883822610868,0.533816425120773,False,False,False,False,False,False,False,True,False
daily,lightgbm,1,0.81,1601,372,0.23235477826358525,0.5241935483870968,False,False,False,False,False,False,False,True,False
daily,lightgbm,1,0.82,1601,336,0.2098688319800125,0.5208333333333334,False,False,False,False,False,False,False,True,False
daily,lightgbm,1,0.83,1601,305,0.1905059337913804,0.5016393442622951,False,False,False,False,False,False,False,False,False
daily,lightgbm,1,0.84,1601,275,0.1717676452217364,0.49818181818181817,False,False,False,False,False,False,False,False,False
daily,lightgbm,1,0.85,1601,242,0.15115552779512806,0.49173553719008267,False,False,False,False,False,False,False,False,False
daily,lightgbm,1,0.86,1601,217,0.13554028732042472,0.47465437788018433,False,False,False,False,False,False,False,False,False
daily,lightgbm,1,0.87,1601,180,0.11242973141786383,0.4722222222222222,False,False,False,False,False,False,False,False,False
daily,lightgbm,1,0.88,1601,160,0.09993753903810118,0.46875,False,False,False,False,False,False,False,False,False
daily,lightgbm,1,0.89,1601,132,0.08244846970643348,0.5,False,False,False,False,False,False,False,False,False
daily,lightgbm,1,0.9,1601,116,0.07245471580262336,0.5172413793103449,False,False,False,False,False,False,False,False,False
daily,lightgbm,5,0.5,1677,1677,1.0,0.531902206320811,False,True,False,True,False,True,False,True,False
daily,lightgbm,5,0.51,1677,1656,0.9874776386404294,0.5344202898550725,False,True,False,True,False,True,False,True,False
daily,lightgbm,5,0.52,1677,1631,0.9725700655933214,0.5370938074800736,False,True,False,True,False,True,False,True,False
daily,lightgbm,5,0.53,1677,1609,0.9594514013118665,0.5382224984462399,False,True,False,True,False,True,False,True,False
daily,lightgbm,5,0.54,1677,1585,0.9451401311866429,0.5413249211356467,False,True,False,True,False,True,False,True,False
daily,lightgbm,5,0.55,1677,1560,0.9302325581395349,0.5397435897435897,False,True,False,True,False,True,False,True,False
daily,lightgbm,5,0.56,1677,1539,0.9177101967799642,0.5425601039636128,False,True,False,True,False,True,False,True,False
daily,lightgbm,5,0.57,1677,1514,0.9028026237328562,0.5429326287978864,False,True,False,True,False,True,False,True,False
daily,lightgbm,5,0.58,1677,1494,0.8908765652951699,0.5435073627844712,False,True,False,True,False,True,False,True,False
daily,lightgbm,5,0.59,1677,1471,0.8771615980918307,0.5411284840244731,False,True,False,True,False,True,False,True,False
daily,lightgbm,5,0.6,1677,1449,0.8640429338103757,0.5396825396825397,False,True,False,True,False,True,False,True,False
daily,lightgbm,5,0.61,1677,1429,0.8521168753726893,0.5395381385584325,False,True,False,True,False,True,False,True,False
daily,lightgbm,5,0.62,1677,1408,0.8395945140131187,0.5369318181818182,False,True,False,True,False,True,False,True,False
daily,lightgbm,5,0.63,1677,1380,0.8228980322003577,0.5355072463768116,False,True,False,True,False,True,False,True,False
daily,lightgbm,5,0.64,1677,1356,0.8085867620751341,0.5346607669616519,False,True,False,True,False,True,False,True,False
daily,lightgbm,5,0.65,1677,1342,0.8002385211687537,0.5350223546944859,False,True,False,True,False,True,False,True,False
daily,lightgbm,5,0.66,1677,1319,0.7865235539654144,0.5322213798332069,False,True,False,True,False,True,False,True,False
daily,lightgbm,5,0.67,1677,1300,0.7751937984496124,0.5346153846153846,False,True,False,True,False,True,False,True,False
daily,lightgbm,5,0.68,1677,1274,0.7596899224806202,0.5345368916797488,False,True,False,True,False,True,False,True,False
daily,lightgbm,5,0.69,1677,1248,0.7441860465116279,0.5328525641025641,False,True,False,True,False,True,False,True,False
daily,lightgbm,5,0.7,1677,1232,0.7346451997614788,0.5349025974025974,False,True,False,True,False,True,False,True,False
daily,lightgbm,5,0.71,1677,1204,0.717948717948718,0.5365448504983389,False,True,False,True,False,True,False,True,False
daily,lightgbm,5,0.72,1677,1181,0.7042337507453786,0.5334462320067739,False,True,False,True,False,True,False,True,False
daily,lightgbm,5,0.73,1677,1150,0.6857483601669648,0.5295652173913044,False,True,False,True,False,True,False,True,False
daily,lightgbm,5,0.74,1677,1120,0.6678592725104353,0.5267857142857143,False,True,False,True,False,True,False,True,False
daily,lightgbm,5,0.75,1677,1093,0.6517590936195587,0.5242451967063129,False,True,False,True,False,True,False,True,False
daily,lightgbm,5,0.76,1677,1066,0.6356589147286822,0.525328330206379,False,True,False,True,False,True,False,True,False
daily,lightgbm,5,0.77,1677,1041,0.6207513416815742,0.526416906820365,False,True,False,True,False,True,False,True,False
daily,lightgbm,5,0.78,1677,1013,0.6040548598688134,0.5251727541954591,False,True,False,True,False,True,False,True,False
daily,lightgbm,5,0.79,1677,987,0.5885509838998211,0.5197568389057751,False,True,False,True,False,True,False,True,False
daily,lightgbm,5,0.8,1677,956,0.5700655933214073,0.5209205020920502,False,True,False,True,False,True,False,True,False
daily,lightgbm,5,0.81,1677,927,0.552772808586762,0.5221143473570659,False,True,False,True,False,True,False,True,False
daily,lightgbm,5,0.82,1677,907,0.5408467501490757,0.5192943770672547,False,True,False,True,False,True,False,True,False
daily,lightgbm,5,0.83,1677,877,0.5229576624925462,0.5188141391106044,False,True,False,True,False,True,False,True,False
daily,lightgbm,5,0.84,1677,848,0.505664877757901,0.5176886792452831,False,True,False,True,False,True,False,True,False
daily,lightgbm,5,0.85,1677,812,0.4841979725700656,0.5197044334975369,False,False,False,True,False,True,False,True,False
daily,lightgbm,5,0.86,1677,783,0.4669051878354204,0.5223499361430396,False,False,False,True,False,True,False,True,False
daily,lightgbm,5,0.87,1677,744,0.44364937388193204,0.5201612903225806,False,False,False,True,False,True,False,True,False
daily,lightgbm,5,0.88,1677,701,0.4180083482409064,0.5249643366619116,False,False,False,True,False,True,False,True,False
daily,lightgbm,5,0.89,1677,657,0.39177101967799643,0.5220700152207002,False,False,False,False,False,True,False,True,False
daily,lightgbm,5,0.9,1677,619,0.36911150864639236,0.5153473344103393,False,False,False,False,False,True,False,True,False
daily,lightgbm,10,0.5,1656,1656,1.0,0.5404589371980676,False,True,False,True,False,True,False,True,False
daily,lightgbm,10,0.51,1656,1638,0.9891304347826086,0.5415140415140415,False,True,False,True,False,True,False,True,False
daily,lightgbm,10,0.52,1656,1616,0.9758454106280193,0.5396039603960396,False,True,False,True,False,True,False,True,False
daily,lightgbm,10,0.53,1656,1599,0.9655797101449275,0.5384615384615384,False,True,False,True,False,True,False,True,False
daily,lightgbm,10,0.54,1656,1587,0.9583333333333334,0.5387523629489603,False,True,False,True,False,True,False,True,False
daily,lightgbm,10,0.55,1656,1573,0.9498792270531401,0.5422759059122696,False,True,False,True,False,True,False,True,False
daily,lightgbm,10,0.56,1656,1560,0.9420289855072463,0.5429487179487179,False,True,False,True,False,True,False,True,False
daily,lightgbm,10,0.57,1656,1549,0.9353864734299517,0.5435765009683667,False,True,False,True,False,True,False,True,False
daily,lightgbm,10,0.58,1656,1530,0.9239130434782609,0.5437908496732026,False,True,False,True,False,True,False,True,False
daily,lightgbm,10,0.59,1656,1512,0.9130434782608695,0.544973544973545,False,True,False,True,False,True,False,True,False
daily,lightgbm,10,0.6,1656,1495,0.9027777777777778,0.5451505016722408,False,True,False,True,False,True,False,True,False
daily,lightgbm,10,0.61,1656,1472,0.8888888888888888,0.545516304347826,False,True,False,True,False,True,False,True,False
daily,lightgbm,10,0.62,1656,1457,0.8798309178743962,0.546328071379547,False,True,False,True,False,True,False,True,False
daily,lightgbm,10,0.63,1656,1433,0.8653381642512077,0.5484996510816469,False,True,False,True,False,True,False,True,False
daily,lightgbm,10,0.64,1656,1415,0.8544685990338164,0.5477031802120141,False,True,False,True,False,True,False,True,False
daily,lightgbm,10,0.65,1656,1402,0.8466183574879227,0.5477888730385164,False,True,False,True,False,True,False,True,False
daily,lightgbm,10,0.66,1656,1389,0.8387681159420289,0.5500359971202304,False,True,False,True,False,True,False,True,False
daily,lightgbm,10,0.67,1656,1371,0.8278985507246377,0.550692924872356,False,True,False,True,False,True,False,True,False
daily,lightgbm,10,0.68,1656,1354,0.8176328502415459,0.5494830132939439,False,True,False,True,False,True,False,True,False
daily,lightgbm,10,0.69,1656,1330,0.8031400966183575,0.5488721804511278,False,True,False,True,False,True,False,True,False
daily,lightgbm,10,0.7,1656,1310,0.7910628019323671,0.5534351145038168,False,True,False,True,False,True,False,True,False
daily,lightgbm,10,0.71,1656,1287,0.7771739130434783,0.5547785547785548,False,True,False,True,False,True,False,True,False
daily,lightgbm,10,0.72,1656,1270,0.7669082125603864,0.5551181102362205,False,True,False,True,False,True,False,True,False
daily,lightgbm,10,0.73,1656,1251,0.7554347826086957,0.5539568345323741,False,True,False,True,False,True,False,True,False
daily,lightgbm,10,0.74,1656,1231,0.7433574879227053,0.5556458164094232,False,True,False,True,False,True,False,True,False
daily,lightgbm,10,0.75,1656,1208,0.7294685990338164,0.5554635761589404,False,True,False,True,False,True,False,True,False
daily,lightgbm,10,0.76,1656,1177,0.7107487922705314,0.5573491928632116,False,True,False,True,False,True,False,True,False
daily,lightgbm,10,0.77,1656,1162,0.7016908212560387,0.5550774526678142,False,True,False,True,False,True,False,True,False
daily,lightgbm,10,0.78,1656,1143,0.6902173913043478,0.5555555555555556,False,True,False,True,False,True,False,True,False
daily,lightgbm,10,0.79,1656,1118,0.6751207729468599,0.5554561717352415,False,True,False,True,False,True,False,True,False
daily,lightgbm,10,0.8,1656,1099,0.663647342995169,0.5559599636032757,False,True,False,True,False,True,False,True,False
daily,lightgbm,10,0.81,1656,1077,0.6503623188405797,0.5571030640668524,False,True,False,True,False,True,False,True,False
daily,lightgbm,10,0.82,1656,1053,0.6358695652173914,0.5555555555555556,False,True,False,True,False,True,False,True,False
daily,lightgbm,10,0.83,1656,1023,0.6177536231884058,0.5562072336265884,False,True,False,True,False,True,False,True,False
daily,lightgbm,10,0.84,1656,991,0.5984299516908212,0.5539858728557013,False,True,False,True,False,True,False,True,False
daily,lightgbm,10,0.85,1656,966,0.5833333333333334,0.5507246376811594,False,True,False,True,False,True,False,True,False
daily,lightgbm,10,0.86,1656,939,0.5670289855072463,0.5505857294994675,False,True,False,True,False,True,False,True,False
daily,lightgbm,10,0.87,1656,909,0.5489130434782609,0.5522552255225522,False,True,False,True,False,True,False,True,False
daily,lightgbm,10,0.88,1656,860,0.5193236714975845,0.5488372093023256,False,True,False,True,False,True,False,True,False
daily,lightgbm,10,0.89,1656,816,0.4927536231884058,0.5477941176470589,False,False,False,True,False,True,False,True,False
daily,lightgbm,10,0.9,1656,774,0.4673913043478261,0.5555555555555556,False,False,False,True,False,True,False,True,False
daily,lightgbm,20,0.5,1592,1592,1.0,0.5596733668341709,False,True,False,True,False,True,False,True,False
daily,lightgbm,20,0.51,1592,1585,0.9956030150753769,0.5608832807570978,False,True,False,True,False,True,False,True,False
daily,lightgbm,20,0.52,1592,1576,0.9899497487437185,0.5615482233502538,False,True,False,True,False,True,False,True,False
daily,lightgbm,20,0.53,1592,1557,0.9780150753768844,0.5594091201027617,False,True,False,True,False,True,False,True,False
daily,lightgbm,20,0.54,1592,1549,0.9729899497487438,0.5597159457714654,False,True,False,True,False,True,False,True,False
daily,lightgbm,20,0.55,1592,1534,0.9635678391959799,0.559973924380704,False,True,False,True,False,True,False,True,False
daily,lightgbm,20,0.56,1592,1522,0.9560301507537688,0.5591327201051248,False,True,False,True,False,True,False,True,False
daily,lightgbm,20,0.57,1592,1507,0.946608040201005,0.5593895155938952,False,True,False,True,False,True,False,True,False
daily,lightgbm,20,0.58,1592,1497,0.9403266331658291,0.5591182364729459,False,True,False,True,False,True,False,True,False
daily,lightgbm,20,0.59,1592,1480,0.9296482412060302,0.5608108108108109,False,True,False,True,False,True,False,True,False
daily,lightgbm,20,0.6,1592,1463,0.9189698492462312,0.5645933014354066,False,True,False,True,False,True,False,True,False
daily,lightgbm,20,0.61,1592,1451,0.9114321608040201,0.5651274982770503,False,True,False,True,False,True,False,True,False
daily,lightgbm,20,0.62,1592,1444,0.907035175879397,0.567174515235457,False,True,False,True,False,True,False,True,False
daily,lightgbm,20,0.63,1592,1431,0.8988693467336684,0.56743535988819,False,True,False,True,False,True,False,True,False
daily,lightgbm,20,0.64,1592,1418,0.8907035175879398,0.5705218617771509,False,True,False,True,False,True,False,True,False
daily,lightgbm,20,0.65,1592,1396,0.8768844221105527,0.5694842406876791,False,True,False,True,False,True,False,True,False
daily,lightgbm,20,0.66,1592,1381,0.867462311557789,0.5713251267197683,False,True,False,True,False,True,False,True,False
daily,lightgbm,20,0.67,1592,1368,0.8592964824120602,0.5730994152046783,False,True,False,True,False,True,False,True,False
daily,lightgbm,20,0.68,1592,1352,0.8492462311557789,0.5739644970414202,False,True,False,True,False,True,False,True,False
daily,lightgbm,20,0.69,1592,1347,0.8461055276381909,0.5753526354862658,False,True,False,True,False,True,False,True,False
daily,lightgbm,20,0.7,1592,1330,0.835427135678392,0.5781954887218045,False,True,False,True,False,True,False,True,False
daily,lightgbm,20,0.71,1592,1310,0.8228643216080402,0.5763358778625954,False,True,False,True,False,True,False,True,False
daily,lightgbm,20,0.72,1592,1290,0.8103015075376885,0.5775193798449613,False,True,False,True,False,True,False,True,False
daily,lightgbm,20,0.73,1592,1270,0.7977386934673367,0.5779527559055118,False,True,False,True,False,True,False,True,False
daily,lightgbm,20,0.74,1592,1248,0.7839195979899497,0.5793269230769231,False,True,False,True,False,True,False,True,False
daily,lightgbm,20,0.75,1592,1231,0.7732412060301508,0.5808285946385053,False,True,False,True,False,True,False,True,False
daily,lightgbm,20,0.76,1592,1211,0.760678391959799,0.5813377374071016,False,True,False,True,False,True,False,True,False
daily,lightgbm,20,0.77,1592,1195,0.7506281407035176,0.5832635983263599,False,True,False,True,False,True,False,True,False
daily,lightgbm,20,0.78,1592,1180,0.7412060301507538,0.5813559322033899,False,True,False,True,False,True,False,True,False
daily,lightgbm,20,0.79,1592,1156,0.7261306532663316,0.5873702422145328,False,True,False,True,False,True,False,True,False
daily,lightgbm,20,0.8,1592,1146,0.7198492462311558,0.5890052356020943,False,True,False,True,False,True,False,True,False
daily,lightgbm,20,0.81,1592,1126,0.707286432160804,0.5905861456483126,False,True,False,True,False,True,False,True,False
daily,lightgbm,20,0.82,1592,1110,0.6972361809045227,0.5936936936936937,False,True,False,True,False,True,False,True,False
daily,lightgbm,20,0.83,1592,1089,0.6840452261306532,0.5904499540863177,False,True,False,True,False,True,False,True,False
daily,lightgbm,20,0.84,1592,1060,0.6658291457286433,0.590566037735849,False,True,False,True,False,True,False,True,False
daily,lightgbm,20,0.85,1592,1034,0.6494974874371859,0.5899419729206963,False,True,False,True,False,True,False,True,False
daily,lightgbm,20,0.86,1592,1009,0.6337939698492462,0.5857284440039643,False,True,False,True,False,True,False,True,False
daily,lightgbm,20,0.87,1592,988,0.6206030150753769,0.5880566801619433,False,True,False,True,False,True,False,True,False
daily,lightgbm,20,0.88,1592,952,0.5979899497487438,0.592436974789916,False,True,False,True,False,True,False,True,False
daily,lightgbm,20,0.89,1592,917,0.5760050251256281,0.5954198473282443,False,True,False,True,False,True,False,True,False
daily,lightgbm,20,0.9,1592,888,0.5577889447236181,0.597972972972973,False,True,False,True,False,True,False,True,False
daily,random_forest,1,0.5,1601,1601,1.0,0.5121798875702686,False,True,False,True,False,True,False,True,False
daily,random_forest,1,0.51,1601,1503,0.938788257339163,0.5169660678642715,False,True,False,True,False,True,False,True,False
daily,random_forest,1,0.52,1601,1406,0.8782011242973142,0.519203413940256,False,True,False,True,False,True,False,True,False
daily,random_forest,1,0.53,1601,1305,0.8151155527795128,0.5195402298850574,False,True,False,True,False,True,False,True,False
daily,random_forest,1,0.54,1601,1178,0.73579013116802,0.5254668930390493,False,True,False,True,False,True,False,True,False
daily,random_forest,1,0.55,1601,1087,0.6789506558401,0.5335786568537259,False,True,False,True,False,True,False,True,False
daily,random_forest,1,0.56,1601,998,0.6233603997501561,0.5320641282565131,False,True,False,True,False,True,False,True,False
daily,random_forest,1,0.57,1601,911,0.5690193628981887,0.5301866081229418,False,True,False,True,False,True,False,True,False
daily,random_forest,1,0.58,1601,808,0.504684572142411,0.5210396039603961,False,True,False,True,False,True,False,True,False
daily,random_forest,1,0.59,1601,725,0.452841973766396,0.5158620689655172,False,False,False,True,False,True,False,True,False
daily,random_forest,1,0.6,1601,627,0.391630231105559,0.5231259968102073,False,False,False,False,False,True,False,True,False
daily,random_forest,1,0.61,1601,553,0.3454091193004372,0.5370705244122965,False,False,False,False,False,True,False,True,False
daily,random_forest,1,0.62,1601,484,0.3023110555902561,0.5475206611570248,False,False,False,False,False,True,False,True,False
daily,random_forest,1,0.63,1601,419,0.2617114303560275,0.5584725536992841,False,False,False,False,False,False,False,True,False
daily,random_forest,1,0.64,1601,348,0.21736414740787008,0.5431034482758621,False,False,False,False,False,False,False,True,False
daily,random_forest,1,0.65,1601,293,0.1830106183635228,0.5426621160409556,False,False,False,False,False,False,False,False,False
daily,random_forest,1,0.66,1601,249,0.15552779512804496,0.5261044176706827,False,False,False,False,False,False,False,False,False
daily,random_forest,1,0.67,1601,215,0.13429106808244848,0.5116279069767442,False,False,False,False,False,False,False,False,False
daily,random_forest,1,0.68,1601,165,0.10306058713304185,0.503030303030303,False,False,False,False,False,False,False,False,False
daily,random_forest,1,0.69,1601,139,0.0868207370393504,0.5107913669064749,False,False,False,False,False,False,False,False,False
daily,random_forest,1,0.7,1601,100,0.06246096189881324,0.51,False,False,False,False,False,False,False,False,False
daily,random_forest,1,0.71,1601,74,0.0462211118051218,0.5,False,False,False,False,False,False,False,False,False
daily,random_forest,1,0.72,1601,50,0.03123048094940662,0.5,False,False,False,False,False,False,False,False,False
daily,random_forest,1,0.73,1601,40,0.024984384759525295,0.525,False,False,False,False,False,False,False,False,False
daily,random_forest,1,0.74,1601,33,0.02061211742660837,0.6060606060606061,True,False,False,False,False,False,False,False,False
daily,random_forest,1,0.75,1601,26,0.016239850093691444,0.6153846153846154,True,False,False,False,False,False,False,False,False
daily,random_forest,1,0.76,1601,24,0.014990630855715179,0.5833333333333334,False,False,False,False,False,False,False,False,False
daily,random_forest,1,0.77,1601,18,0.011242973141786383,0.5,False,False,False,False,False,False,False,False,False
daily,random_forest,1,0.78,1601,12,0.007495315427857589,0.6666666666666666,True,False,False,False,False,False,False,False,False
daily,random_forest,1,0.79,1601,7,0.004372267332916927,0.5714285714285714,False,False,False,False,False,False,False,False,False
daily,random_forest,1,0.8,1601,4,0.0024984384759525295,0.25,False,False,False,False,False,False,False,False,False
daily,random_forest,1,0.81,1601,3,0.0018738288569643974,0.3333333333333333,False,False,False,False,False,False,False,False,False
daily,random_forest,1,0.82,1601,2,0.0012492192379762648,0.0,False,False,False,False,False,False,False,False,False
daily,random_forest,1,0.83,1601,2,0.0012492192379762648,0.0,False,False,False,False,False,False,False,False,False
daily,random_forest,1,0.84,1601,2,0.0012492192379762648,0.0,False,False,False,False,False,False,False,False,False
daily,random_forest,1,0.85,1601,2,0.0012492192379762648,0.0,False,False,False,False,False,False,False,False,False
daily,random_forest,1,0.86,1601,2,0.0012492192379762648,0.0,False,False,False,False,False,False,False,False,False
daily,random_forest,1,0.87,1601,0,0.0,,False,False,False,False,False,False,False,False,False
daily,random_forest,1,0.88,1601,0,0.0,,False,False,False,False,False,False,False,False,False
daily,random_forest,1,0.89,1601,0,0.0,,False,False,False,False,False,False,False,False,False
daily,random_forest,1,0.9,1601,0,0.0,,False,False,False,False,False,False,False,False,False
daily,random_forest,5,0.5,1677,1677,1.0,0.5235539654144306,False,True,False,True,False,True,False,True,False
daily,random_forest,5,0.51,1677,1618,0.9648181276088252,0.522867737948084,False,True,False,True,False,True,False,True,False
daily,random_forest,5,0.52,1677,1555,0.9272510435301133,0.5215434083601286,False,True,False,True,False,True,False,True,False
daily,random_forest,5,0.53,1677,1479,0.8819320214669052,0.519945909398242,False,True,False,True,False,True,False,True,False
daily,random_forest,5,0.54,1677,1392,0.8300536672629696,0.5258620689655172,False,True,False,True,False,True,False,True,False
daily,random_forest,5,0.55,1677,1326,0.7906976744186046,0.524132730015083,False,True,False,True,False,True,False,True,False
daily,random_forest,5,0.56,1677,1258,0.7501490757304711,0.5151033386327504,False,True,False,True,False,True,False,True,False
daily,random_forest,5,0.57,1677,1200,0.7155635062611807,0.5208333333333334,False,True,False,True,False,True,False,True,False
daily,random_forest,5,0.58,1677,1137,0.6779964221824687,0.5189094107299912,False,True,False,True,False,True,False,True,False
daily,random_forest,5,0.59,1677,1087,0.6481812760882528,0.5206991720331187,False,True,False,True,False,True,False,True,False
daily,random_forest,5,0.6,1677,1042,0.6213476446034586,0.5268714011516314,False,True,False,True,False,True,False,True,False
daily,random_forest,5,0.61,1677,994,0.5927251043530113,0.5271629778672032,False,True,False,True,False,True,False,True,False
daily,random_forest,5,0.62,1677,945,0.5635062611806798,0.5291005291005291,False,True,False,True,False,True,False,True,False
daily,random_forest,5,0.63,1677,887,0.5289206917113893,0.5231116121758738,False,True,False,True,False,True,False,True,False
daily,random_forest,5,0.64,1677,846,0.5044722719141324,0.5236406619385343,False,True,False,True,False,True,False,True,False
daily,random_forest,5,0.65,1677,803,0.47883124627310675,0.5242839352428393,False,False,False,True,False,True,False,True,False
daily,random_forest,5,0.66,1677,763,0.45497912939773405,0.5190039318479686,False,False,False,True,False,True,False,True,False
daily,random_forest,5,0.67,1677,725,0.43231961836613,0.5117241379310344,False,False,False,True,False,True,False,True,False
daily,random_forest,5,0.68,1677,694,0.41383422778771617,0.5100864553314121,False,False,False,True,False,True,False,True,False
daily,random_forest,5,0.69,1677,652,0.38878950506857485,0.5076687116564417,False,False,False,False,False,True,False,True,False
daily,random_forest,5,0.7,1677,614,0.3661299940369708,0.506514657980456,False,False,False,False,False,True,False,True,False
daily,random_forest,5,0.71,1677,575,0.3428741800834824,0.5113043478260869,False,False,False,False,False,True,False,True,False
daily,random_forest,5,0.72,1677,544,0.32438878950506855,0.5018382352941176,False,False,False,False,False,True,False,True,False
daily,random_forest,5,0.73,1677,500,0.2981514609421586,0.506,False,False,False,False,False,False,False,True,False
daily,random_forest,5,0.74,1677,466,0.27787716159809184,0.5021459227467812,False,False,False,False,False,False,False,True,False
daily,random_forest,5,0.75,1677,433,0.25819916517590935,0.4942263279445728,False,False,False,False,False,False,False,True,False
daily,random_forest,5,0.76,1677,406,0.2420989862850328,0.49507389162561577,False,False,False,False,False,False,False,True,False
daily,random_forest,5,0.77,1677,371,0.22122838401908168,0.5067385444743935,False,False,False,False,False,False,False,True,False
daily,random_forest,5,0.78,1677,335,0.1997614788312463,0.5014925373134328,False,False,False,False,False,False,False,False,False
daily,random_forest,5,0.79,1677,303,0.1806797853309481,0.5115511551155115,False,False,False,False,False,False,False,False,False
daily,random_forest,5,0.8,1677,274,0.16338700059630293,0.5036496350364964,False,False,False,False,False,False,False,False,False
daily,random_forest,5,0.81,1677,249,0.148479427549195,0.5140562248995983,False,False,False,False,False,False,False,False,False
daily,random_forest,5,0.82,1677,222,0.13237924865831843,0.5225225225225225,False,False,False,False,False,False,False,False,False
daily,random_forest,5,0.83,1677,195,0.11627906976744186,0.517948717948718,False,False,False,False,False,False,False,False,False
daily,random_forest,5,0.84,1677,175,0.10435301132975551,0.49714285714285716,False,False,False,False,False,False,False,False,False
daily,random_forest,5,0.85,1677,146,0.08706022659511031,0.4931506849315068,False,False,False,False,False,False,False,False,False
daily,random_forest,5,0.86,1677,126,0.07513416815742398,0.48412698412698413,False,False,False,False,False,False,False,False,False
daily,random_forest,5,0.87,1677,108,0.06440071556350627,0.48148148148148145,False,False,False,False,False,False,False,False,False
daily,random_forest,5,0.88,1677,82,0.04889683959451401,0.5,False,False,False,False,False,False,False,False,False
daily,random_forest,5,0.89,1677,63,0.03756708407871199,0.5396825396825397,False,False,False,False,False,False,False,False,False
daily,random_forest,5,0.9,1677,35,0.020870602265951103,0.4857142857142857,False,False,False,False,False,False,False,False,False
daily,random_forest,10,0.5,1656,1656,1.0,0.532608695652174,False,True,False,True,False,True,False,True,False
daily,random_forest,10,0.51,1656,1612,0.9734299516908212,0.5310173697270472,False,True,False,True,False,True,False,True,False
daily,random_forest,10,0.52,1656,1566,0.9456521739130435,0.5319284802043422,False,True,False,True,False,True,False,True,False
daily,random_forest,10,0.53,1656,1520,0.9178743961352657,0.5328947368421053,False,True,False,True,False,True,False,True,False
daily,random_forest,10,0.54,1656,1474,0.8900966183574879,0.5305291723202171,False,True,False,True,False,True,False,True,False
daily,random_forest,10,0.55,1656,1424,0.8599033816425121,0.5316011235955056,False,True,False,True,False,True,False,True,False
daily,random_forest,10,0.56,1656,1370,0.8272946859903382,0.535036496350365,False,True,False,True,False,True,False,True,False
daily,random_forest,10,0.57,1656,1322,0.7983091787439613,0.5363086232980333,False,True,False,True,False,True,False,True,False
daily,random_forest,10,0.58,1656,1280,0.7729468599033816,0.53984375,False,True,False,True,False,True,False,True,False
daily,random_forest,10,0.59,1656,1228,0.7415458937198067,0.5431596091205212,False,True,False,True,False,True,False,True,False
daily,random_forest,10,0.6,1656,1171,0.7071256038647343,0.5439795046968403,False,True,False,True,False,True,False,True,False
daily,random_forest,10,0.61,1656,1102,0.6654589371980676,0.542649727767695,False,True,False,True,False,True,False,True,False
daily,random_forest,10,0.62,1656,1047,0.6322463768115942,0.5367717287488061,False,True,False,True,False,True,False,True,False
daily,random_forest,10,0.63,1656,1013,0.6117149758454107,0.5360315893385982,False,True,False,True,False,True,False,True,False
daily,random_forest,10,0.64,1656,978,0.5905797101449275,0.532719836400818,False,True,False,True,False,True,False,True,False
daily,random_forest,10,0.65,1656,937,0.5658212560386473,0.535752401280683,False,True,False,True,False,True,False,True,False
daily,random_forest,10,0.66,1656,880,0.5314009661835749,0.5397727272727273,False,True,False,True,False,True,False,True,False
daily,random_forest,10,0.67,1656,838,0.5060386473429952,0.5405727923627685,False,True,False,True,False,True,False,True,False
daily,random_forest,10,0.68,1656,795,0.48007246376811596,0.5471698113207547,False,False,False,True,False,True,False,True,False
daily,random_forest,10,0.69,1656,738,0.44565217391304346,0.551490514905149,False,False,False,True,False,True,False,True,False
daily,random_forest,10,0.7,1656,697,0.42089371980676327,0.5466284074605452,False,False,False,True,False,True,False,True,False
daily,random_forest,10,0.71,1656,654,0.39492753623188404,0.5428134556574924,False,False,False,False,False,True,False,True,False
daily,random_forest,10,0.72,1656,602,0.3635265700483092,0.5448504983388704,False,False,False,False,False,True,False,True,False
daily,random_forest,10,0.73,1656,558,0.33695652173913043,0.5412186379928315,False,False,False,False,False,True,False,True,False
daily,random_forest,10,0.74,1656,518,0.31280193236714976,0.5405405405405406,False,False,False,False,False,True,False,True,False
daily,random_forest,10,0.75,1656,483,0.2916666666666667,0.5424430641821946,False,False,False,False,False,False,False,True,False
daily,random_forest,10,0.76,1656,433,0.2614734299516908,0.5565819861431871,False,False,False,False,False,False,False,True,False
daily,random_forest,10,0.77,1656,403,0.2433574879227053,0.5583126550868487,False,False,False,False,False,False,False,True,False
daily,random_forest,10,0.78,1656,356,0.21497584541062803,0.550561797752809,False,False,False,False,False,False,False,True,False
daily,random_forest,10,0.79,1656,322,0.19444444444444445,0.5279503105590062,False,False,False,False,False,False,False,False,False
daily,random_forest,10,0.8,1656,286,0.17270531400966183,0.5384615384615384,False,False,False,False,False,False,False,False,False
daily,random_forest,10,0.81,1656,239,0.14432367149758454,0.5271966527196653,False,False,False,False,False,False,False,False,False
daily,random_forest,10,0.82,1656,215,0.12983091787439613,0.5395348837209303,False,False,False,False,False,False,False,False,False
daily,random_forest,10,0.83,1656,179,0.10809178743961352,0.5642458100558659,False,False,False,False,False,False,False,False,False
daily,random_forest,10,0.84,1656,146,0.08816425120772947,0.5753424657534246,False,False,False,False,False,False,False,False,False
daily,random_forest,10,0.85,1656,127,0.07669082125603864,0.6062992125984252,True,False,False,False,False,False,False,False,False
daily,random_forest,10,0.86,1656,103,0.06219806763285024,0.5922330097087378,False,False,False,False,False,False,False,False,False
daily,random_forest,10,0.87,1656,86,0.051932367149758456,0.5930232558139535,False,False,False,False,False,False,False,False,False
daily,random_forest,10,0.88,1656,65,0.0392512077294686,0.5538461538461539,False,False,False,False,False,False,False,False,False
daily,random_forest,10,0.89,1656,51,0.030797101449275364,0.5686274509803921,False,False,False,False,False,False,False,False,False
daily,random_forest,10,0.9,1656,37,0.022342995169082124,0.5675675675675675,False,False,False,False,False,False,False,False,False
daily,random_forest,20,0.5,1592,1592,1.0,0.5697236180904522,False,True,False,True,False,True,False,True,False
daily,random_forest,20,0.51,1592,1537,0.9654522613065326,0.5673389720234222,False,True,False,True,False,True,False,True,False
daily,random_forest,20,0.52,1592,1503,0.9440954773869347,0.5695276114437791,False,True,False,True,False,True,False,True,False
daily,random_forest,20,0.53,1592,1462,0.9183417085427136,0.5697674418604651,False,True,False,True,False,True,False,True,False
daily,random_forest,20,0.54,1592,1419,0.8913316582914573,0.5708245243128964,False,True,False,True,False,True,False,True,False
daily,random_forest,20,0.55,1592,1375,0.8636934673366834,0.5716363636363636,False,True,False,True,False,True,False,True,False
daily,random_forest,20,0.56,1592,1325,0.832286432160804,0.5713207547169812,False,True,False,True,False,True,False,True,False
daily,random_forest,20,0.57,1592,1279,0.803391959798995,0.5746677091477717,False,True,False,True,False,True,False,True,False
daily,random_forest,20,0.58,1592,1242,0.7801507537688442,0.5756843800322061,False,True,False,True,False,True,False,True,False
daily,random_forest,20,0.59,1592,1192,0.7487437185929648,0.572986577181208,False,True,False,True,False,True,False,True,False
daily,random_forest,20,0.6,1592,1146,0.7198492462311558,0.5680628272251309,False,True,False,True,False,True,False,True,False
daily,random_forest,20,0.61,1592,1104,0.6934673366834171,0.5643115942028986,False,True,False,True,False,True,False,True,False
daily,random_forest,20,0.62,1592,1065,0.6689698492462312,0.5671361502347417,False,True,False,True,False,True,False,True,False
daily,random_forest,20,0.63,1592,1031,0.6476130653266332,0.5693501454898157,False,True,False,True,False,True,False,True,False
daily,random_forest,20,0.64,1592,1002,0.6293969849246231,0.5678642714570858,False,True,False,True,False,True,False,True,False
daily,random_forest,20,0.65,1592,968,0.6080402010050251,0.5661157024793388,False,True,False,True,False,True,False,True,False
daily,random_forest,20,0.66,1592,927,0.582286432160804,0.5663430420711975,False,True,False,True,False,True,False,True,False
daily,random_forest,20,0.67,1592,892,0.5603015075376885,0.5616591928251121,False,True,False,True,False,True,False,True,False
daily,random_forest,20,0.68,1592,853,0.5358040201005025,0.5580304806565064,False,True,False,True,False,True,False,True,False
daily,random_forest,20,0.69,1592,803,0.5043969849246231,0.5554171855541719,False,True,False,True,False,True,False,True,False
daily,random_forest,20,0.7,1592,765,0.4805276381909548,0.5581699346405229,False,False,False,True,False,True,False,True,False
daily,random_forest,20,0.71,1592,723,0.45414572864321606,0.5491009681881052,False,False,False,True,False,True,False,True,False
daily,random_forest,20,0.72,1592,680,0.4271356783919598,0.5514705882352942,False,False,False,True,False,True,False,True,False
daily,random_forest,20,0.73,1592,655,0.4114321608040201,0.5526717557251909,False,False,False,True,False,True,False,True,False
daily,random_forest,20,0.74,1592,620,0.38944723618090454,0.55,False,False,False,False,False,True,False,True,False
daily,random_forest,20,0.75,1592,573,0.3599246231155779,0.5427574171029669,False,False,False,False,False,True,False,True,False
daily,random_forest,20,0.76,1592,541,0.3398241206030151,0.5452865064695009,False,False,False,False,False,True,False,True,False
daily,random_forest,20,0.77,1592,511,0.32097989949748745,0.5459882583170255,False,False,False,False,False,True,False,True,False
daily,random_forest,20,0.78,1592,475,0.29836683417085424,0.5557894736842105,False,False,False,False,False,False,False,True,False
daily,random_forest,20,0.79,1592,440,0.27638190954773867,0.5613636363636364,False,False,False,False,False,False,False,True,False
daily,random_forest,20,0.8,1592,413,0.2594221105527638,0.5544794188861986,False,False,False,False,False,False,False,True,False
daily,random_forest,20,0.81,1592,384,0.24120603015075376,0.5520833333333334,False,False,False,False,False,False,False,True,False
daily,random_forest,20,0.82,1592,352,0.22110552763819097,0.5568181818181818,False,False,False,False,False,False,False,True,False
daily,random_forest,20,0.83,1592,317,0.19912060301507536,0.5583596214511041,False,False,False,False,False,False,False,False,False
daily,random_forest,20,0.84,1592,284,0.17839195979899497,0.5598591549295775,False,False,False,False,False,False,False,False,False
daily,random_forest,20,0.85,1592,252,0.15829145728643215,0.5833333333333334,False,False,False,False,False,False,False,False,False
daily,random_forest,20,0.86,1592,214,0.13442211055276382,0.5700934579439252,False,False,False,False,False,False,False,False,False
daily,random_forest,20,0.87,1592,180,0.11306532663316583,0.6,True,False,False,False,False,False,False,False,False
daily,random_forest,20,0.88,1592,150,0.0942211055276382,0.64,True,False,False,False,False,False,False,False,False
daily,random_forest,20,0.89,1592,130,0.08165829145728644,0.6692307692307692,True,False,False,False,False,False,False,False,False
daily,random_forest,20,0.9,1592,106,0.06658291457286432,0.660377358490566,True,False,False,False,False,False,False,False,False
daily,stacking,1,0.5,1601,1601,1.0,0.5178013741411618,False,True,False,True,False,True,False,True,False
daily,stacking,1,0.51,1601,1394,0.8707058088694566,0.5150645624103299,False,True,False,True,False,True,False,True,False
daily,stacking,1,0.52,1601,1203,0.7514053716427233,0.5095594347464671,False,True,False,True,False,True,False,True,False
daily,stacking,1,0.53,1601,994,0.6208619612742037,0.5090543259557344,False,True,False,True,False,True,False,True,False
daily,stacking,1,0.54,1601,803,0.5015615240474703,0.5056039850560399,False,True,False,True,False,True,False,True,False
daily,stacking,1,0.55,1601,599,0.37414116177389134,0.48747913188647746,False,False,False,False,False,True,False,True,False
daily,stacking,1,0.56,1601,471,0.2941911305434104,0.46709129511677283,False,False,False,False,False,False,False,True,False
daily,stacking,1,0.57,1601,381,0.23797626483447845,0.45931758530183725,False,False,False,False,False,False,False,True,False
daily,stacking,1,0.58,1601,323,0.20174890693316677,0.4458204334365325,False,False,False,False,False,False,False,True,False
daily,stacking,1,0.59,1601,277,0.17301686445971268,0.4548736462093863,False,False,False,False,False,False,False,False,False
daily,stacking,1,0.6,1601,227,0.14178638351030606,0.46255506607929514,False,False,False,False,False,False,False,False,False
daily,stacking,1,0.61,1601,184,0.11492816989381636,0.47282608695652173,False,False,False,False,False,False,False,False,False
daily,stacking,1,0.62,1601,152,0.09494066208619613,0.46710526315789475,False,False,False,False,False,False,False,False,False
daily,stacking,1,0.63,1601,118,0.07370393504059962,0.4915254237288136,False,False,False,False,False,False,False,False,False
daily,stacking,1,0.64,1601,91,0.05683947532792005,0.45054945054945056,False,False,False,False,False,False,False,False,False
daily,stacking,1,0.65,1601,76,0.047470331043098064,0.4473684210526316,False,False,False,False,False,False,False,False,False
daily,stacking,1,0.66,1601,57,0.03560274828232355,0.43859649122807015,False,False,False,False,False,False,False,False,False
daily,stacking,1,0.67,1601,32,0.019987507807620236,0.4375,False,False,False,False,False,False,False,False,False
daily,stacking,1,0.68,1601,13,0.008119925046845722,0.46153846153846156,False,False,False,False,False,False,False,False,False
daily,stacking,1,0.69,1601,2,0.0012492192379762648,0.5,False,False,False,False,False,False,False,False,False
daily,stacking,1,0.7,1601,0,0.0,,False,False,False,False,False,False,False,False,False
daily,stacking,1,0.71,1601,0,0.0,,False,False,False,False,False,False,False,False,False
daily,stacking,1,0.72,1601,0,0.0,,False,False,False,False,False,False,False,False,False
daily,stacking,1,0.73,1601,0,0.0,,False,False,False,False,False,False,False,False,False
daily,stacking,1,0.74,1601,0,0.0,,False,False,False,False,False,False,False,False,False
daily,stacking,1,0.75,1601,0,0.0,,False,False,False,False,False,False,False,False,False
daily,stacking,1,0.76,1601,0,0.0,,False,False,False,False,False,False,False,False,False
daily,stacking,1,0.77,1601,0,0.0,,False,False,False,False,False,False,False,False,False
daily,stacking,1,0.78,1601,0,0.0,,False,False,False,False,False,False,False,False,False
daily,stacking,1,0.79,1601,0,0.0,,False,False,False,False,False,False,False,False,False
daily,stacking,1,0.8,1601,0,0.0,,False,False,False,False,False,False,False,False,False
daily,stacking,1,0.81,1601,0,0.0,,False,False,False,False,False,False,False,False,False
daily,stacking,1,0.82,1601,0,0.0,,False,False,False,False,False,False,False,False,False
daily,stacking,1,0.83,1601,0,0.0,,False,False,False,False,False,False,False,False,False
daily,stacking,1,0.84,1601,0,0.0,,False,False,False,False,False,False,False,False,False
daily,stacking,1,0.85,1601,0,0.0,,False,False,False,False,False,False,False,False,False
daily,stacking,1,0.86,1601,0,0.0,,False,False,False,False,False,False,False,False,False
daily,stacking,1,0.87,1601,0,0.0,,False,False,False,False,False,False,False,False,False
daily,stacking,1,0.88,1601,0,0.0,,False,False,False,False,False,False,False,False,False
daily,stacking,1,0.89,1601,0,0.0,,False,False,False,False,False,False,False,False,False
daily,stacking,1,0.9,1601,0,0.0,,False,False,False,False,False,False,False,False,False
daily,stacking,5,0.5,1677,1677,1.0,0.5050685748360167,False,True,False,True,False,True,False,True,False
daily,stacking,5,0.51,1677,1627,0.9701848539057841,0.505838967424708,False,True,False,True,False,True,False,True,False
daily,stacking,5,0.52,1677,1547,0.9224806201550387,0.5054945054945055,False,True,False,True,False,True,False,True,False
daily,stacking,5,0.53,1677,1460,0.8706022659511031,0.510958904109589,False,True,False,True,False,True,False,True,False
daily,stacking,5,0.54,1677,1366,0.8145497912939773,0.5124450951683748,False,True,False,True,False,True,False,True,False
daily,stacking,5,0.55,1677,1233,0.7352415026833632,0.5141930251419302,False,True,False,True,False,True,False,True,False
daily,stacking,5,0.56,1677,1096,0.6535480023852117,0.5054744525547445,False,True,False,True,False,True,False,True,False
daily,stacking,5,0.57,1677,994,0.5927251043530113,0.5020120724346077,False,True,False,True,False,True,False,True,False
daily,stacking,5,0.58,1677,912,0.5438282647584973,0.4956140350877193,False,True,False,True,False,True,False,True,False
daily,stacking,5,0.59,1677,821,0.4895646988670245,0.4981729598051157,False,False,False,True,False,True,False,True,False
daily,stacking,5,0.6,1677,659,0.39296362552176506,0.503793626707132,False,False,False,False,False,True,False,True,False
daily,stacking,5,0.61,1677,525,0.31305903398926654,0.5066666666666667,False,False,False,False,False,True,False,True,False
daily,stacking,5,0.62,1677,478,0.28503279666070364,0.5083682008368201,False,False,False,False,False,False,False,True,False
daily,stacking,5,0.63,1677,430,0.2564102564102564,0.5069767441860465,False,False,False,False,False,False,False,True,False
daily,stacking,5,0.64,1677,382,0.2277877161598092,0.5130890052356021,False,False,False,False,False,False,False,True,False
daily,stacking,5,0.65,1677,329,0.19618366129994036,0.5167173252279635,False,False,False,False,False,False,False,False,False
daily,stacking,5,0.66,1677,260,0.15503875968992248,0.5384615384615384,False,False,False,False,False,False,False,False,False
daily,stacking,5,0.67,1677,236,0.14072748956469885,0.5508474576271186,False,False,False,False,False,False,False,False,False
daily,stacking,5,0.68,1677,213,0.12701252236135957,0.5492957746478874,False,False,False,False,False,False,False,False,False
daily,stacking,5,0.69,1677,179,0.10673822301729279,0.5363128491620112,False,False,False,False,False,False,False,False,False
daily,stacking,5,0.7,1677,151,0.0900417412045319,0.5496688741721855,False,False,False,False,False,False,False,False,False
daily,stacking,5,0.71,1677,124,0.07394156231365534,0.5403225806451613,False,False,False,False,False,False,False,False,False
daily,stacking,5,0.72,1677,96,0.057245080500894455,0.5,False,False,False,False,False,False,False,False,False
daily,stacking,5,0.73,1677,58,0.0345855694692904,0.5,False,False,False,False,False,False,False,False,False
daily,stacking,5,0.74,1677,33,0.01967799642218247,0.5757575757575758,False,False,False,False,False,False,False,False,False
daily,stacking,5,0.75,1677,26,0.015503875968992248,0.6538461538461539,True,False,False,False,False,False,False,False,False
daily,stacking,5,0.76,1677,26,0.015503875968992248,0.6538461538461539,True,False,False,False,False,False,False,False,False
daily,stacking,5,0.77,1677,25,0.01490757304710793,0.64,True,False,False,False,False,False,False,False,False
daily,stacking,5,0.78,1677,25,0.01490757304710793,0.64,True,False,False,False,False,False,False,False,False
daily,stacking,5,0.79,1677,24,0.014311270125223614,0.6666666666666666,True,False,False,False,False,False,False,False,False
daily,stacking,5,0.8,1677,22,0.01311866428145498,0.6818181818181818,True,False,False,False,False,False,False,False,False
daily,stacking,5,0.81,1677,19,0.011329755515802028,0.7368421052631579,True,False,False,False,False,False,False,False,False
daily,stacking,5,0.82,1677,17,0.010137149672033392,0.7058823529411765,True,False,False,False,False,False,False,False,False
daily,stacking,5,0.83,1677,15,0.008944543828264758,0.8,True,False,False,False,False,False,False,False,False
daily,stacking,5,0.84,1677,7,0.0041741204531902205,0.8571428571428571,True,False,False,False,False,False,False,False,False
daily,stacking,5,0.85,1677,3,0.0017889087656529517,1.0,True,False,False,False,False,False,False,False,False
daily,stacking,5,0.86,1677,0,0.0,,False,False,False,False,False,False,False,False,False
daily,stacking,5,0.87,1677,0,0.0,,False,False,False,False,False,False,False,False,False
daily,stacking,5,0.88,1677,0,0.0,,False,False,False,False,False,False,False,False,False
daily,stacking,5,0.89,1677,0,0.0,,False,False,False,False,False,False,False,False,False
daily,stacking,5,0.9,1677,0,0.0,,False,False,False,False,False,False,False,False,False
daily,stacking,10,0.5,1656,1656,1.0,0.5229468599033816,False,True,False,True,False,True,False,True,False
daily,stacking,10,0.51,1656,1600,0.966183574879227,0.52375,False,True,False,True,False,True,False,True,False
daily,stacking,10,0.52,1656,1537,0.9281400966183575,0.5270006506180872,False,True,False,True,False,True,False,True,False
daily,stacking,10,0.53,1656,1477,0.8919082125603864,0.5253893026404874,False,True,False,True,False,True,False,True,False
daily,stacking,10,0.54,1656,1400,0.8454106280193237,0.5228571428571429,False,True,False,True,False,True,False,True,False
daily,stacking,10,0.55,1656,1343,0.8109903381642513,0.5219657483246463,False,True,False,True,False,True,False,True,False
daily,stacking,10,0.56,1656,1272,0.7681159420289855,0.5204402515723271,False,True,False,True,False,True,False,True,False
daily,stacking,10,0.57,1656,1220,0.7367149758454107,0.5188524590163934,False,True,False,True,False,True,False,True,False
daily,stacking,10,0.58,1656,1162,0.7016908212560387,0.5163511187607573,False,True,False,True,False,True,False,True,False
daily,stacking,10,0.59,1656,1088,0.6570048309178744,0.5220588235294118,False,True,False,True,False,True,False,True,False
daily,stacking,10,0.6,1656,1002,0.605072463768116,0.5159680638722555,False,True,False,True,False,True,False,True,False
daily,stacking,10,0.61,1656,910,0.5495169082125604,0.510989010989011,False,True,False,True,False,True,False,True,False
daily,stacking,10,0.62,1656,809,0.4885265700483092,0.5055624227441285,False,False,False,True,False,True,False,True,False
daily,stacking,10,0.63,1656,742,0.44806763285024154,0.5256064690026954,False,False,False,True,False,True,False,True,False
daily,stacking,10,0.64,1656,658,0.3973429951690821,0.5395136778115501,False,False,False,False,False,True,False,True,False
daily,stacking,10,0.65,1656,525,0.3170289855072464,0.56,False,False,False,False,False,True,False,True,False
daily,stacking,10,0.66,1656,439,0.26509661835748793,0.5831435079726651,False,False,False,False,False,False,False,True,False
daily,stacking,10,0.67,1656,370,0.22342995169082125,0.6081081081081081,True,False,False,False,False,False,False,True,False
daily,stacking,10,0.68,1656,323,0.19504830917874397,0.631578947368421,True,False,False,False,False,False,False,False,False
daily,stacking,10,0.69,1656,271,0.1636473429951691,0.6752767527675276,True,False,False,False,False,False,False,False,False
daily,stacking,10,0.7,1656,202,0.12198067632850242,0.7227722772277227,True,False,False,False,False,False,False,False,False
daily,stacking,10,0.71,1656,162,0.09782608695652174,0.7407407407407407,True,False,False,False,False,False,False,False,False
daily,stacking,10,0.72,1656,139,0.08393719806763285,0.762589928057554,True,False,False,False,False,False,False,False,False
daily,stacking,10,0.73,1656,124,0.0748792270531401,0.7903225806451613,True,False,False,False,False,False,False,False,False
daily,stacking,10,0.74,1656,115,0.06944444444444445,0.782608695652174,True,False,False,False,False,False,False,False,False
daily,stacking,10,0.75,1656,105,0.06340579710144928,0.7714285714285715,True,False,False,False,False,False,False,False,False
daily,stacking,10,0.76,1656,98,0.059178743961352656,0.7755102040816326,True,False,False,False,False,False,False,False,False
daily,stacking,10,0.77,1656,91,0.05495169082125604,0.7912087912087912,True,False,False,False,False,False,False,False,False
daily,stacking,10,0.78,1656,89,0.05374396135265701,0.7865168539325843,True,False,False,False,False,False,False,False,False
daily,stacking,10,0.79,1656,84,0.050724637681159424,0.7857142857142857,True,False,False,False,False,False,False,False,False
daily,stacking,10,0.8,1656,82,0.049516908212560384,0.7926829268292683,True,False,False,False,False,False,False,False,False
daily,stacking,10,0.81,1656,78,0.04710144927536232,0.8076923076923077,True,False,False,False,False,False,False,False,False
daily,stacking,10,0.82,1656,73,0.044082125603864736,0.8082191780821918,True,False,False,False,False,False,False,False,False
daily,stacking,10,0.83,1656,67,0.04045893719806763,0.8208955223880597,True,False,False,False,False,False,False,False,False
daily,stacking,10,0.84,1656,65,0.0392512077294686,0.8307692307692308,True,False,False,False,False,False,False,False,False
daily,stacking,10,0.85,1656,58,0.035024154589371984,0.8275862068965517,True,False,False,False,False,False,False,False,False
daily,stacking,10,0.86,1656,52,0.03140096618357488,0.8076923076923077,True,False,False,False,False,False,False,False,False
daily,stacking,10,0.87,1656,41,0.024758454106280192,0.8048780487804879,True,False,False,False,False,False,False,False,False
daily,stacking,10,0.88,1656,27,0.016304347826086956,0.7407407407407407,True,False,False,False,False,False,False,False,False
daily,stacking,10,0.89,1656,13,0.00785024154589372,0.6153846153846154,True,False,False,False,False,False,False,False,False
daily,stacking,10,0.9,1656,3,0.0018115942028985507,1.0,True,False,False,False,False,False,False,False,False
daily,stacking,20,0.5,1592,1592,1.0,0.532035175879397,False,True,False,True,False,True,False,True,False
daily,stacking,20,0.51,1592,1562,0.9811557788944724,0.5326504481434059,False,True,False,True,False,True,False,True,False
daily,stacking,20,0.52,1592,1535,0.9641959798994975,0.5322475570032573,False,True,False,True,False,True,False,True,False
daily,stacking,20,0.53,1592,1500,0.9422110552763819,0.5306666666666666,False,True,False,True,False,True,False,True,False
daily,stacking,20,0.54,1592,1462,0.9183417085427136,0.5300957592339262,False,True,False,True,False,True,False,True,False
daily,stacking,20,0.55,1592,1424,0.8944723618090452,0.5287921348314607,False,True,False,True,False,True,False,True,False
daily,stacking,20,0.56,1592,1389,0.8724874371859297,0.5320374370050396,False,True,False,True,False,True,False,True,False
daily,stacking,20,0.57,1592,1350,0.8479899497487438,0.5333333333333333,False,True,False,True,False,True,False,True,False
daily,stacking,20,0.58,1592,1297,0.8146984924623115,0.5381649961449498,False,True,False,True,False,True,False,True,False
daily,stacking,20,0.59,1592,1253,0.7870603015075377,0.5434956105347167,False,True,False,True,False,True,False,True,False
daily,stacking,20,0.6,1592,1205,0.7569095477386935,0.5518672199170125,False,True,False,True,False,True,False,True,False
daily,stacking,20,0.61,1592,1140,0.7160804020100503,0.5605263157894737,False,True,False,True,False,True,False,True,False
daily,stacking,20,0.62,1592,1067,0.6702261306532663,0.563261480787254,False,True,False,True,False,True,False,True,False
daily,stacking,20,0.63,1592,989,0.6212311557788944,0.5733063700707786,False,True,False,True,False,True,False,True,False
daily,stacking,20,0.64,1592,949,0.5961055276381909,0.5742887249736565,False,True,False,True,False,True,False,True,False
daily,stacking,20,0.65,1592,875,0.5496231155778895,0.5657142857142857,False,True,False,True,False,True,False,True,False
daily,stacking,20,0.66,1592,768,0.4824120603015075,0.5716145833333334,False,False,False,True,False,True,False,True,False
daily,stacking,20,0.67,1592,661,0.41520100502512564,0.5990922844175491,False,False,False,True,False,True,False,True,False
daily,stacking,20,0.68,1592,599,0.37625628140703515,0.5909849749582637,False,False,False,False,False,True,False,True,False
daily,stacking,20,0.69,1592,482,0.3027638190954774,0.6203319502074689,True,False,False,False,False,True,True,True,False
daily,stacking,20,0.7,1592,411,0.25816582914572866,0.6277372262773723,True,False,False,False,False,False,False,True,False
daily,stacking,20,0.71,1592,344,0.21608040201005024,0.6453488372093024,True,False,False,False,False,False,False,True,True
daily,stacking,20,0.72,1592,300,0.1884422110552764,0.6533333333333333,True,False,False,False,False,False,False,False,False
daily,stacking,20,0.73,1592,261,0.16394472361809045,0.6781609195402298,True,False,False,False,False,False,False,False,False
daily,stacking,20,0.74,1592,239,0.15012562814070352,0.694560669456067,True,False,False,False,False,False,False,False,False
daily,stacking,20,0.75,1592,214,0.13442211055276382,0.7102803738317757,True,False,False,False,False,False,False,False,False
daily,stacking,20,0.76,1592,197,0.12374371859296482,0.7208121827411168,True,False,False,False,False,False,False,False,False
daily,stacking,20,0.77,1592,184,0.11557788944723618,0.7228260869565217,True,False,False,False,False,False,False,False,False
daily,stacking,20,0.78,1592,166,0.10427135678391959,0.7289156626506024,True,False,False,False,False,False,False,False,False
daily,stacking,20,0.79,1592,152,0.09547738693467336,0.7302631578947368,True,False,False,False,False,False,False,False,False
daily,stacking,20,0.8,1592,125,0.0785175879396985,0.736,True,False,False,False,False,False,False,False,False
daily,stacking,20,0.81,1592,85,0.05339195979899498,0.7411764705882353,True,False,False,False,False,False,False,False,False
daily,stacking,20,0.82,1592,52,0.032663316582914576,0.7692307692307693,True,False,False,False,False,False,False,False,False
daily,stacking,20,0.83,1592,32,0.020100502512562814,0.9375,True,False,False,False,False,False,False,False,False
daily,stacking,20,0.84,1592,19,0.01193467336683417,0.8947368421052632,True,False,False,False,False,False,False,False,False
daily,stacking,20,0.85,1592,7,0.0043969849246231155,0.7142857142857143,True,False,False,False,False,False,False,False,False
daily,stacking,20,0.86,1592,4,0.002512562814070352,0.5,False,False,False,False,False,False,False,False,False
daily,stacking,20,0.87,1592,0,0.0,,False,False,False,False,False,False,False,False,False
daily,stacking,20,0.88,1592,0,0.0,,False,False,False,False,False,False,False,False,False
daily,stacking,20,0.89,1592,0,0.0,,False,False,False,False,False,False,False,False,False
daily,stacking,20,0.9,1592,0,0.0,,False,False,False,False,False,False,False,False,False
daily,xgboost,1,0.5,1601,1601,1.0,0.5078076202373517,False,True,False,True,False,True,False,True,False
daily,xgboost,1,0.51,1601,1558,0.9731417863835103,0.5109114249037228,False,True,False,True,False,True,False,True,False
daily,xgboost,1,0.52,1601,1516,0.9469081823860087,0.5105540897097626,False,True,False,True,False,True,False,True,False
daily,xgboost,1,0.53,1601,1455,0.9088069956277327,0.5154639175257731,False,True,False,True,False,True,False,True,False
daily,xgboost,1,0.54,1601,1414,0.8831980012492192,0.5190947666195191,False,True,False,True,False,True,False,True,False
daily,xgboost,1,0.55,1601,1366,0.8532167395377889,0.5204978038067349,False,True,False,True,False,True,False,True,False
daily,xgboost,1,0.56,1601,1326,0.8282323547782636,0.5188536953242836,False,True,False,True,False,True,False,True,False
daily,xgboost,1,0.57,1601,1274,0.7957526545908807,0.521193092621664,False,True,False,True,False,True,False,True,False
daily,xgboost,1,0.58,1601,1226,0.7657713928794504,0.5252854812398042,False,True,False,True,False,True,False,True,False
daily,xgboost,1,0.59,1601,1170,0.730793254216115,0.5230769230769231,False,True,False,True,False,True,False,True,False
daily,xgboost,1,0.6,1601,1125,0.7026858213616489,0.5244444444444445,False,True,False,True,False,True,False,True,False
daily,xgboost,1,0.61,1601,1085,0.6777014366021237,0.5253456221198156,False,True,False,True,False,True,False,True,False
daily,xgboost,1,0.62,1601,1037,0.6477201748906933,0.5274831243972999,False,True,False,True,False,True,False,True,False
daily,xgboost,1,0.63,1601,996,0.6221111805121798,0.5291164658634538,False,True,False,True,False,True,False,True,False
daily,xgboost,1,0.64,1601,940,0.5871330418488445,0.5329787234042553,False,True,False,True,False,True,False,True,False
daily,xgboost,1,0.65,1601,891,0.5565271705184259,0.5331088664421998,False,True,False,True,False,True,False,True,False
daily,xgboost,1,0.66,1601,850,0.5309181761399125,0.5329411764705883,False,True,False,True,False,True,False,True,False
daily,xgboost,1,0.67,1601,811,0.5065584009993754,0.5376078914919852,False,True,False,True,False,True,False,True,False
daily,xgboost,1,0.68,1601,772,0.4821986258588382,0.5323834196891192,False,False,False,True,False,True,False,True,False
daily,xgboost,1,0.69,1601,725,0.452841973766396,0.5324137931034483,False,False,False,True,False,True,False,True,False
daily,xgboost,1,0.7,1601,682,0.4259837601499063,0.532258064516129,False,False,False,True,False,True,False,True,False
daily,xgboost,1,0.71,1601,640,0.3997501561524047,0.521875,False,False,False,False,False,True,False,True,False
daily,xgboost,1,0.72,1601,591,0.36914428482198625,0.5211505922165821,False,False,False,False,False,True,False,True,False
daily,xgboost,1,0.73,1601,546,0.3410368519675203,0.5311355311355311,False,False,False,False,False,True,False,True,False
daily,xgboost,1,0.74,1601,502,0.31355402873204247,0.5378486055776892,False,False,False,False,False,True,False,True,False
daily,xgboost,1,0.75,1601,456,0.2848219862585884,0.5592105263157895,False,False,False,False,False,False,False,True,False
daily,xgboost,1,0.76,1601,408,0.254840724547158,0.5661764705882353,False,False,False,False,False,False,False,True,False
daily,xgboost,1,0.77,1601,381,0.23797626483447845,0.5590551181102362,False,False,False,False,False,False,False,True,False
daily,xgboost,1,0.78,1601,341,0.21299188007495315,0.5542521994134897,False,False,False,False,False,False,False,True,False
daily,xgboost,1,0.79,1601,311,0.1942535915053092,0.5530546623794212,False,False,False,False,False,False,False,False,False
daily,xgboost,1,0.8,1601,283,0.17676452217364147,0.5406360424028268,False,False,False,False,False,False,False,False,False
daily,xgboost,1,0.81,1601,248,0.15490318550905685,0.5201612903225806,False,False,False,False,False,False,False,False,False
daily,xgboost,1,0.82,1601,228,0.1424109931292942,0.5219298245614035,False,False,False,False,False,False,False,False,False
daily,xgboost,1,0.83,1601,202,0.12617114303560276,0.49504950495049505,False,False,False,False,False,False,False,False,False
daily,xgboost,1,0.84,1601,186,0.11617738913179262,0.489247311827957,False,False,False,False,False,False,False,False,False
daily,xgboost,1,0.85,1601,172,0.10743285446595878,0.5,False,False,False,False,False,False,False,False,False
daily,xgboost,1,0.86,1601,152,0.09494066208619613,0.4934210526315789,False,False,False,False,False,False,False,False,False
daily,xgboost,1,0.87,1601,133,0.08307307932542161,0.5037593984962406,False,False,False,False,False,False,False,False,False
daily,xgboost,1,0.88,1601,115,0.07183010618363522,0.5130434782608696,False,False,False,False,False,False,False,False,False
daily,xgboost,1,0.89,1601,89,0.055590256089943786,0.4943820224719101,False,False,False,False,False,False,False,False,False
daily,xgboost,1,0.9,1601,76,0.047470331043098064,0.5,False,False,False,False,False,False,False,False,False
daily,xgboost,5,0.5,1677,1677,1.0,0.5372689326177699,False,True,False,True,False,True,False,True,False
daily,xgboost,5,0.51,1677,1644,0.9803220035778175,0.5364963503649635,False,True,False,True,False,True,False,True,False
daily,xgboost,5,0.52,1677,1615,0.9630292188431724,0.5331269349845201,False,True,False,True,False,True,False,True,False
daily,xgboost,5,0.53,1677,1595,0.951103160405486,0.534796238244514,False,True,False,True,False,True,False,True,False
daily,xgboost,5,0.54,1677,1566,0.9338103756708408,0.5351213282247765,False,True,False,True,False,True,False,True,False
daily,xgboost,5,0.55,1677,1531,0.9129397734048896,0.534944480731548,False,True,False,True,False,True,False,True,False
daily,xgboost,5,0.56,1677,1504,0.8968395945140131,0.5365691489361702,False,True,False,True,False,True,False,True,False
daily,xgboost,5,0.57,1677,1479,0.8819320214669052,0.5354969574036511,False,True,False,True,False,True,False,True,False
daily,xgboost,5,0.58,1677,1449,0.8640429338103757,0.5320910973084886,False,True,False,True,False,True,False,True,False
daily,xgboost,5,0.59,1677,1428,0.851520572450805,0.5322128851540616,False,True,False,True,False,True,False,True,False
daily,xgboost,5,0.6,1677,1394,0.8312462731067383,0.5294117647058824,False,True,False,True,False,True,False,True,False
daily,xgboost,5,0.61,1677,1359,0.8103756708407871,0.5275938189845475,False,True,False,True,False,True,False,True,False
daily,xgboost,5,0.62,1677,1335,0.7960644007155635,0.5250936329588015,False,True,False,True,False,True,False,True,False
daily,xgboost,5,0.63,1677,1312,0.7823494335122242,0.524390243902439,False,True,False,True,False,True,False,True,False
daily,xgboost,5,0.64,1677,1281,0.7638640429338104,0.5269320843091335,False,True,False,True,False,True,False,True,False
daily,xgboost,5,0.65,1677,1257,0.7495527728085868,0.5290373906125696,False,True,False,True,False,True,False,True,False
daily,xgboost,5,0.66,1677,1231,0.7340488968395945,0.5304630381803412,False,True,False,True,False,True,False,True,False
daily,xgboost,5,0.67,1677,1190,0.7096004770423375,0.5302521008403361,False,True,False,True,False,True,False,True,False
daily,xgboost,5,0.68,1677,1166,0.6952892069171139,0.5317324185248714,False,True,False,True,False,True,False,True,False
daily,xgboost,5,0.69,1677,1131,0.6744186046511628,0.5296198054818745,False,True,False,True,False,True,False,True,False
daily,xgboost,5,0.7,1677,1110,0.6618962432915921,0.527927927927928,False,True,False,True,False,True,False,True,False
daily,xgboost,5,0.71,1677,1086,0.6475849731663685,0.5248618784530387,False,True,False,True,False,True,False,True,False
daily,xgboost,5,0.72,1677,1058,0.6308884913536076,0.5245746691871456,False,True,False,True,False,True,False,True,False
daily,xgboost,5,0.73,1677,1033,0.6159809183064997,0.5246853823814134,False,True,False,True,False,True,False,True,False
daily,xgboost,5,0.74,1677,1005,0.5992844364937389,0.5263681592039801,False,True,False,True,False,True,False,True,False
daily,xgboost,5,0.75,1677,975,0.5813953488372093,0.5251282051282051,False,True,False,True,False,True,False,True,False
daily,xgboost,5,0.76,1677,949,0.5658914728682171,0.5205479452054794,False,True,False,True,False,True,False,True,False
daily,xgboost,5,0.77,1677,920,0.5485986881335718,0.5206521739130435,False,True,False,True,False,True,False,True,False
daily,xgboost,5,0.78,1677,884,0.5271317829457365,0.5169683257918553,False,True,False,True,False,True,False,True,False
daily,xgboost,5,0.79,1677,847,0.5050685748360167,0.5147579693034239,False,True,False,True,False,True,False,True,False
daily,xgboost,5,0.8,1677,809,0.4824090638044126,0.5166872682323856,False,False,False,True,False,True,False,True,False
daily,xgboost,5,0.81,1677,780,0.46511627906976744,0.5256410256410257,False,False,False,True,False,True,False,True,False
daily,xgboost,5,0.82,1677,752,0.44841979725700654,0.5226063829787234,False,False,False,True,False,True,False,True,False
daily,xgboost,5,0.83,1677,722,0.43053070960047707,0.5249307479224377,False,False,False,True,False,True,False,True,False
daily,xgboost,5,0.84,1677,692,0.41264162194394755,0.5332369942196532,False,False,False,True,False,True,False,True,False
daily,xgboost,5,0.85,1677,656,0.3911747167561121,0.5335365853658537,False,False,False,False,False,True,False,True,False
daily,xgboost,5,0.86,1677,615,0.3667262969588551,0.5284552845528455,False,False,False,False,False,True,False,True,False
daily,xgboost,5,0.87,1677,574,0.3422778771615981,0.5278745644599303,False,False,False,False,False,True,False,True,False
daily,xgboost,5,0.88,1677,534,0.3184257602862254,0.5262172284644194,False,False,False,False,False,True,False,True,False
daily,xgboost,5,0.89,1677,490,0.29218843172331543,0.5306122448979592,False,False,False,False,False,False,False,True,False
daily,xgboost,5,0.9,1677,453,0.2701252236135957,0.5275938189845475,False,False,False,False,False,False,False,True,False
daily,xgboost,10,0.5,1656,1656,1.0,0.5410628019323671,False,True,False,True,False,True,False,True,False
daily,xgboost,10,0.51,1656,1638,0.9891304347826086,0.5402930402930403,False,True,False,True,False,True,False,True,False
daily,xgboost,10,0.52,1656,1627,0.982487922705314,0.5408727719729564,False,True,False,True,False,True,False,True,False
daily,xgboost,10,0.53,1656,1606,0.9698067632850241,0.5423412204234122,False,True,False,True,False,True,False,True,False
daily,xgboost,10,0.54,1656,1581,0.9547101449275363,0.545224541429475,False,True,False,True,False,True,False,True,False
daily,xgboost,10,0.55,1656,1559,0.9414251207729468,0.5465041693393201,False,True,False,True,False,True,False,True,False
daily,xgboost,10,0.56,1656,1530,0.9239130434782609,0.5496732026143791,False,True,False,True,False,True,False,True,False
daily,xgboost,10,0.57,1656,1505,0.908816425120773,0.5508305647840531,False,True,False,True,False,True,False,True,False
daily,xgboost,10,0.58,1656,1487,0.8979468599033816,0.5521183591123067,False,True,False,True,False,True,False,True,False
daily,xgboost,10,0.59,1656,1468,0.8864734299516909,0.553133514986376,False,True,False,True,False,True,False,True,False
daily,xgboost,10,0.6,1656,1443,0.8713768115942029,0.5544005544005544,False,True,False,True,False,True,False,True,False
daily,xgboost,10,0.61,1656,1419,0.8568840579710145,0.5574348132487668,False,True,False,True,False,True,False,True,False
daily,xgboost,10,0.62,1656,1393,0.841183574879227,0.5570710696338838,False,True,False,True,False,True,False,True,False
daily,xgboost,10,0.63,1656,1373,0.8291062801932367,0.5571740713765477,False,True,False,True,False,True,False,True,False
daily,xgboost,10,0.64,1656,1347,0.8134057971014492,0.5575352635486266,False,True,False,True,False,True,False,True,False
daily,xgboost,10,0.65,1656,1329,0.802536231884058,0.5605718585402558,False,True,False,True,False,True,False,True,False
daily,xgboost,10,0.66,1656,1315,0.7940821256038647,0.5619771863117871,False,True,False,True,False,True,False,True,False
daily,xgboost,10,0.67,1656,1293,0.7807971014492754,0.5591647331786543,False,True,False,True,False,True,False,True,False
daily,xgboost,10,0.68,1656,1276,0.7705314009661836,0.5611285266457681,False,True,False,True,False,True,False,True,False
daily,xgboost,10,0.69,1656,1251,0.7554347826086957,0.5619504396482814,False,True,False,True,False,True,False,True,False
daily,xgboost,10,0.7,1656,1231,0.7433574879227053,0.5597075548334687,False,True,False,True,False,True,False,True,False
daily,xgboost,10,0.71,1656,1205,0.7276570048309179,0.5601659751037344,False,True,False,True,False,True,False,True,False
daily,xgboost,10,0.72,1656,1181,0.7131642512077294,0.5605419136325148,False,True,False,True,False,True,False,True,False
daily,xgboost,10,0.73,1656,1155,0.697463768115942,0.5584415584415584,False,True,False,True,False,True,False,True,False
daily,xgboost,10,0.74,1656,1130,0.6823671497584541,0.5575221238938053,False,True,False,True,False,True,False,True,False
daily,xgboost,10,0.75,1656,1104,0.6666666666666666,0.5570652173913043,False,True,False,True,False,True,False,True,False
daily,xgboost,10,0.76,1656,1074,0.6485507246376812,0.5558659217877095,False,True,False,True,False,True,False,True,False
daily,xgboost,10,0.77,1656,1042,0.6292270531400966,0.5518234165067178,False,True,False,True,False,True,False,True,False
daily,xgboost,10,0.78,1656,1011,0.6105072463768116,0.5568743818001978,False,True,False,True,False,True,False,True,False
daily,xgboost,10,0.79,1656,981,0.592391304347826,0.5535168195718655,False,True,False,True,False,True,False,True,False
daily,xgboost,10,0.8,1656,956,0.5772946859903382,0.555439330543933,False,True,False,True,False,True,False,True,False
daily,xgboost,10,0.81,1656,923,0.5573671497584541,0.562296858071506,False,True,False,True,False,True,False,True,False
daily,xgboost,10,0.82,1656,883,0.5332125603864735,0.5583238958097395,False,True,False,True,False,True,False,True,False
daily,xgboost,10,0.83,1656,850,0.5132850241545893,0.5564705882352942,False,True,False,True,False,True,False,True,False
daily,xgboost,10,0.84,1656,819,0.4945652173913043,0.5653235653235653,False,False,False,True,False,True,False,True,False
daily,xgboost,10,0.85,1656,789,0.47644927536231885,0.5678073510773131,False,False,False,True,False,True,False,True,False
daily,xgboost,10,0.86,1656,751,0.4535024154589372,0.5752330226364847,False,False,False,True,False,True,False,True,False
daily,xgboost,10,0.87,1656,705,0.4257246376811594,0.573049645390071,False,False,False,True,False,True,False,True,False
daily,xgboost,10,0.88,1656,670,0.40458937198067635,0.573134328358209,False,False,False,True,False,True,False,True,False
daily,xgboost,10,0.89,1656,614,0.37077294685990336,0.5700325732899023,False,False,False,False,False,True,False,True,False
daily,xgboost,10,0.9,1656,570,0.3442028985507246,0.5771929824561404,False,False,False,False,False,True,False,True,False
daily,xgboost,20,0.5,1592,1592,1.0,0.5697236180904522,False,True,False,True,False,True,False,True,False
daily,xgboost,20,0.51,1592,1573,0.9880653266331658,0.5696122059758424,False,True,False,True,False,True,False,True,False
daily,xgboost,20,0.52,1592,1561,0.9805276381909548,0.5707879564381807,False,True,False,True,False,True,False,True,False
daily,xgboost,20,0.53,1592,1533,0.9629396984924623,0.5714285714285714,False,True,False,True,False,True,False,True,False
daily,xgboost,20,0.54,1592,1515,0.9516331658291457,0.5683168316831683,False,True,False,True,False,True,False,True,False
daily,xgboost,20,0.55,1592,1497,0.9403266331658291,0.5704742818971276,False,True,False,True,False,True,False,True,False
daily,xgboost,20,0.56,1592,1482,0.9309045226130653,0.5681511470985156,False,True,False,True,False,True,False,True,False
daily,xgboost,20,0.57,1592,1469,0.9227386934673367,0.5684138869979578,False,True,False,True,False,True,False,True,False
daily,xgboost,20,0.58,1592,1454,0.9133165829145728,0.5687757909215956,False,True,False,True,False,True,False,True,False
daily,xgboost,20,0.59,1592,1427,0.8963567839195979,0.5676243868255081,False,True,False,True,False,True,False,True,False
daily,xgboost,20,0.6,1592,1419,0.8913316582914573,0.5673009161381254,False,True,False,True,False,True,False,True,False
daily,xgboost,20,0.61,1592,1401,0.8800251256281407,0.569593147751606,False,True,False,True,False,True,False,True,False
daily,xgboost,20,0.62,1592,1380,0.8668341708542714,0.5702898550724638,False,True,False,True,False,True,False,True,False
daily,xgboost,20,0.63,1592,1368,0.8592964824120602,0.5730994152046783,False,True,False,True,False,True,False,True,False
daily,xgboost,20,0.64,1592,1352,0.8492462311557789,0.5739644970414202,False,True,False,True,False,True,False,True,False
daily,xgboost,20,0.65,1592,1341,0.8423366834170855,0.5764354958985831,False,True,False,True,False,True,False,True,False
daily,xgboost,20,0.66,1592,1313,0.824748743718593,0.5773038842345773,False,True,False,True,False,True,False,True,False
daily,xgboost,20,0.67,1592,1295,0.8134422110552764,0.5768339768339769,False,True,False,True,False,True,False,True,False
daily,xgboost,20,0.68,1592,1273,0.7996231155778895,0.5765907305577376,False,True,False,True,False,True,False,True,False
daily,xgboost,20,0.69,1592,1251,0.7858040201005025,0.5771382893685052,False,True,False,True,False,True,False,True,False
daily,xgboost,20,0.7,1592,1239,0.7782663316582915,0.5770782889426957,False,True,False,True,False,True,False,True,False
daily,xgboost,20,0.71,1592,1221,0.7669597989949749,0.5765765765765766,False,True,False,True,False,True,False,True,False
daily,xgboost,20,0.72,1592,1202,0.7550251256281407,0.5790349417637272,False,True,False,True,False,True,False,True,False
daily,xgboost,20,0.73,1592,1190,0.7474874371859297,0.5806722689075631,False,True,False,True,False,True,False,True,False
daily,xgboost,20,0.74,1592,1163,0.7305276381909548,0.5803955288048152,False,True,False,True,False,True,False,True,False
daily,xgboost,20,0.75,1592,1142,0.7173366834170855,0.5823117338003503,False,True,False,True,False,True,False,True,False
daily,xgboost,20,0.76,1592,1118,0.7022613065326633,0.5876565295169947,False,True,False,True,False,True,False,True,False
daily,xgboost,20,0.77,1592,1093,0.6865577889447236,0.5910338517840805,False,True,False,True,False,True,False,True,False
daily,xgboost,20,0.78,1592,1069,0.6714824120603015,0.5958840037418148,False,True,False,True,False,True,False,True,False
daily,xgboost,20,0.79,1592,1045,0.6564070351758794,0.5961722488038278,False,True,False,True,False,True,False,True,False
daily,xgboost,20,0.8,1592,1032,0.6482412060301508,0.5968992248062015,False,True,False,True,False,True,False,True,False
daily,xgboost,20,0.81,1592,1010,0.6344221105527639,0.595049504950495,False,True,False,True,False,True,False,True,False
daily,xgboost,20,0.82,1592,987,0.6199748743718593,0.596757852077001,False,True,False,True,False,True,False,True,False
daily,xgboost,20,0.83,1592,950,0.5967336683417085,0.5989473684210527,False,True,False,True,False,True,False,True,False
daily,xgboost,20,0.84,1592,919,0.5772613065326633,0.5995647442872688,False,True,False,True,False,True,False,True,False
daily,xgboost,20,0.85,1592,878,0.5515075376884422,0.6047835990888383,True,True,False,True,False,True,False,True,False
daily,xgboost,20,0.86,1592,844,0.5301507537688442,0.6054502369668247,True,True,True,True,False,True,False,True,False
daily,xgboost,20,0.87,1592,811,0.5094221105527639,0.6054254007398274,True,True,False,True,False,True,False,True,False
daily,xgboost,20,0.88,1592,777,0.4880653266331658,0.6061776061776062,True,False,False,True,False,True,False,True,False
daily,xgboost,20,0.89,1592,749,0.4704773869346734,0.6074766355140186,True,False,False,True,False,True,False,True,False
daily,xgboost,20,0.9,1592,714,0.4484924623115578,0.6078431372549019,True,False,False,True,True,True,False,True,False
hourly,lightgbm,1,0.5,7339,7339,1.0,0.5472135168279058,False,True,False,True,False,True,False,True,False
hourly,lightgbm,1,0.51,7339,7055,0.9613026297860744,0.5503897944720056,False,True,False,True,False,True,False,True,False
hourly,lightgbm,1,0.52,7339,6812,0.9281918517509198,0.5515267175572519,False,True,False,True,False,True,False,True,False
hourly,lightgbm,1,0.53,7339,6559,0.8937184902575283,0.5546577222137521,False,True,False,True,False,True,False,True,False
hourly,lightgbm,1,0.54,7339,6250,0.8516146613980107,0.55664,False,True,False,True,False,True,False,True,False
hourly,lightgbm,1,0.55,7339,5970,0.8134623245673798,0.5582914572864321,False,True,False,True,False,True,False,True,False
hourly,lightgbm,1,0.56,7339,5662,0.7714947540536858,0.5623454609678559,False,True,False,True,False,True,False,True,False
hourly,lightgbm,1,0.57,7339,5382,0.7333424172230549,0.564659977703456,False,True,False,True,False,True,False,True,False
hourly,lightgbm,1,0.58,7339,5109,0.6961438888131898,0.5646897631630456,False,True,False,True,False,True,False,True,False
hourly,lightgbm,1,0.59,7339,4839,0.6593541354407958,0.5666460012399256,False,True,False,True,False,True,False,True,False
hourly,lightgbm,1,0.6,7339,4559,0.6212017986101649,0.5703005044966001,False,True,False,True,False,True,False,True,False
hourly,lightgbm,1,0.61,7339,4293,0.5849570786210655,0.573025856044724,False,True,False,True,False,True,False,True,False
hourly,lightgbm,1,0.62,7339,4046,0.5513012672026162,0.5773603559070687,False,True,False,True,False,True,False,True,False
hourly,lightgbm,1,0.63,7339,3813,0.5195530726256983,0.5751376868607396,False,True,False,True,False,True,False,True,False
hourly,lightgbm,1,0.64,7339,3559,0.48494345278648315,0.5754425400393369,False,False,False,True,False,True,False,True,False
hourly,lightgbm,1,0.65,7339,3314,0.45156015805968114,0.5781532890766445,False,False,False,True,False,True,False,True,False
hourly,lightgbm,1,0.66,7339,3124,0.42567107235318163,0.5803457106274008,False,False,False,True,False,True,False,True,False
hourly,lightgbm,1,0.67,7339,2903,0.395557977926148,0.5856011023079573,False,False,False,False,False,True,False,True,False
hourly,lightgbm,1,0.68,7339,2702,0.368170050415588,0.5895632864544782,False,False,False,False,False,True,False,True,False
hourly,lightgbm,1,0.69,7339,2520,0.3433710314756779,0.5920634920634921,False,False,False,False,False,True,False,True,False
hourly,lightgbm,1,0.7,7339,2319,0.31598310396511786,0.5942216472617508,False,False,False,False,False,True,False,True,False
hourly,lightgbm,1,0.71,7339,2137,0.2911840850252078,0.598034627983154,False,False,False,False,False,False,False,True,False
hourly,lightgbm,1,0.72,7339,1973,0.268837716310124,0.5975671566142929,False,False,False,False,False,False,False,True,False
hourly,lightgbm,1,0.73,7339,1810,0.2466276059408639,0.6011049723756906,True,False,False,False,False,False,False,True,False
hourly,lightgbm,1,0.74,7339,1635,0.22278239542171957,0.5969418960244648,False,False,False,False,False,False,False,True,False
hourly,lightgbm,1,0.75,7339,1478,0.20138983512740155,0.6021650879566982,True,False,False,False,False,False,False,True,False
hourly,lightgbm,1,0.76,7339,1350,0.1839487668619703,0.6081481481481481,True,False,False,False,False,False,False,False,False
hourly,lightgbm,1,0.77,7339,1208,0.16460008175500748,0.6125827814569537,True,False,False,False,False,False,False,False,False
hourly,lightgbm,1,0.78,7339,1081,0.14729527183539992,0.6114708603145236,True,False,False,False,False,False,False,False,False
hourly,lightgbm,1,0.79,7339,969,0.13203433710314758,0.6130030959752322,True,False,False,False,False,False,False,False,False
hourly,lightgbm,1,0.8,7339,859,0.11704591906254258,0.6181606519208381,True,False,False,False,False,False,False,False,False
hourly,lightgbm,1,0.81,7339,764,0.10410137620929281,0.6256544502617801,True,False,False,False,False,False,False,False,False
hourly,lightgbm,1,0.82,7339,662,0.09020302493527728,0.6374622356495468,True,False,False,False,False,False,False,False,False
hourly,lightgbm,1,0.83,7339,579,0.0788935822319117,0.6459412780656304,True,False,False,False,False,False,False,False,False
hourly,lightgbm,1,0.84,7339,504,0.06867420629513557,0.6567460317460317,True,False,False,False,False,False,False,False,False
hourly,lightgbm,1,0.85,7339,412,0.05613843847935686,0.6529126213592233,True,False,False,False,False,False,False,False,False
hourly,lightgbm,1,0.86,7339,350,0.0476904210382886,0.6657142857142857,True,False,False,False,False,False,False,False,False
hourly,lightgbm,1,0.87,7339,273,0.0371985284098651,0.6446886446886447,True,False,False,False,False,False,False,False,False
hourly,lightgbm,1,0.88,7339,220,0.029976836081209973,0.6454545454545455,True,False,False,False,False,False,False,False,False
hourly,lightgbm,1,0.89,7339,173,0.023572693827496934,0.6416184971098265,True,False,False,False,False,False,False,False,False
hourly,lightgbm,1,0.9,7339,137,0.018667393377844392,0.6277372262773723,True,False,False,False,False,False,False,False,False
hourly,lightgbm,4,0.5,8075,8075,1.0,0.5144272445820434,False,True,False,True,False,True,False,True,False
hourly,lightgbm,4,0.51,8075,7803,0.9663157894736842,0.5136485966935794,False,True,False,True,False,True,False,True,False
hourly,lightgbm,4,0.52,8075,7502,0.9290402476780186,0.5135963743001866,False,True,False,True,False,True,False,True,False
hourly,lightgbm,4,0.53,8075,7213,0.893250773993808,0.5142104533481214,False,True,False,True,False,True,False,True,False
hourly,lightgbm,4,0.54,8075,6948,0.8604334365325077,0.5148244099021301,False,True,False,True,False,True,False,True,False
hourly,lightgbm,4,0.55,8075,6675,0.826625386996904,0.5129588014981273,False,True,False,True,False,True,False,True,False
hourly,lightgbm,4,0.56,8075,6406,0.793312693498452,0.5152981579768967,False,True,False,True,False,True,False,True,False
hourly,lightgbm,4,0.57,8075,6161,0.7629721362229103,0.5174484661580913,False,True,False,True,False,True,False,True,False
hourly,lightgbm,4,0.58,8075,5906,0.7313931888544891,0.5196410430071114,False,True,False,True,False,True,False,True,False
hourly,lightgbm,4,0.59,8075,5636,0.6979566563467492,0.5207594038325053,False,True,False,True,False,True,False,True,False
hourly,lightgbm,4,0.6,8075,5384,0.6667492260061919,0.5204309063893017,False,True,False,True,False,True,False,True,False
hourly,lightgbm,4,0.61,8075,5142,0.6367801857585139,0.5206145468689226,False,True,False,True,False,True,False,True,False
hourly,lightgbm,4,0.62,8075,4883,0.6047058823529412,0.5222199467540446,False,True,False,True,False,True,False,True,False
hourly,lightgbm,4,0.63,8075,4626,0.5728792569659443,0.5231301340250757,False,True,False,True,False,True,False,True,False
hourly,lightgbm,4,0.64,8075,4403,0.5452631578947369,0.5266863502157619,False,True,False,True,False,True,False,True,False
hourly,lightgbm,4,0.65,8075,4170,0.5164086687306502,0.5290167865707434,False,True,False,True,False,True,False,True,False
hourly,lightgbm,4,0.66,8075,3931,0.48681114551083593,0.5230221317730858,False,False,False,True,False,True,False,True,False
hourly,lightgbm,4,0.67,8075,3713,0.4598142414860681,0.5254511176945866,False,False,False,True,False,True,False,True,False
hourly,lightgbm,4,0.68,8075,3486,0.431702786377709,0.5275387263339071,False,False,False,True,False,True,False,True,False
hourly,lightgbm,4,0.69,8075,3251,0.4026006191950464,0.5299907720701322,False,False,False,True,False,True,False,True,False
hourly,lightgbm,4,0.7,8075,3048,0.3774613003095975,0.531496062992126,False,False,False,False,False,True,False,True,False
hourly,lightgbm,4,0.71,8075,2863,0.35455108359133125,0.5319594830597275,False,False,False,False,False,True,False,True,False
hourly,lightgbm,4,0.72,8075,2685,0.33250773993808047,0.5348230912476722,False,False,False,False,False,True,False,True,False
hourly,lightgbm,4,0.73,8075,2504,0.31009287925696594,0.5387380191693291,False,False,False,False,False,True,False,True,False
hourly,lightgbm,4,0.74,8075,2328,0.28829721362229105,0.5446735395189003,False,False,False,False,False,False,False,True,False
hourly,lightgbm,4,0.75,8075,2137,0.2646439628482972,0.5465605989705195,False,False,False,False,False,False,False,True,False
hourly,lightgbm,4,0.76,8075,1957,0.24235294117647058,0.5503321410321921,False,False,False,False,False,False,False,True,False
hourly,lightgbm,4,0.77,8075,1787,0.22130030959752323,0.5484051482932288,False,False,False,False,False,False,False,True,False
hourly,lightgbm,4,0.78,8075,1624,0.20111455108359133,0.5455665024630542,False,False,False,False,False,False,False,True,False
hourly,lightgbm,4,0.79,8075,1501,0.18588235294117647,0.5516322451698867,False,False,False,False,False,False,False,False,False
hourly,lightgbm,4,0.8,8075,1355,0.16780185758513932,0.5535055350553506,False,False,False,False,False,False,False,False,False
hourly,lightgbm,4,0.81,8075,1207,0.14947368421052631,0.5501242750621376,False,False,False,False,False,False,False,False,False
hourly,lightgbm,4,0.82,8075,1062,0.1315170278637771,0.551789077212806,False,False,False,False,False,False,False,False,False
hourly,lightgbm,4,0.83,8075,919,0.11380804953560371,0.5505984766050055,False,False,False,False,False,False,False,False,False
hourly,lightgbm,4,0.84,8075,792,0.09808049535603715,0.5505050505050505,False,False,False,False,False,False,False,False,False
hourly,lightgbm,4,0.85,8075,686,0.08495356037151702,0.5481049562682215,False,False,False,False,False,False,False,False,False
hourly,lightgbm,4,0.86,8075,576,0.0713312693498452,0.5416666666666666,False,False,False,False,False,False,False,False,False
hourly,lightgbm,4,0.87,8075,477,0.059071207430340555,0.5366876310272537,False,False,False,False,False,False,False,False,False
hourly,lightgbm,4,0.88,8075,374,0.04631578947368421,0.5454545454545454,False,False,False,False,False,False,False,False,False
hourly,lightgbm,4,0.89,8075,292,0.036160990712074306,0.5308219178082192,False,False,False,False,False,False,False,False,False
hourly,lightgbm,4,0.9,8075,234,0.028978328173374614,0.5470085470085471,False,False,False,False,False,False,False,False,False
hourly,lightgbm,8,0.5,8262,8262,1.0,0.499757927862503,False,True,False,True,False,True,False,True,False
hourly,lightgbm,8,0.51,8262,8033,0.9722827402565964,0.5000622432466078,False,True,False,True,False,True,False,True,False
hourly,lightgbm,8,0.52,8262,7833,0.9480755265068991,0.5005744925315971,False,True,False,True,False,True,False,True,False
hourly,lightgbm,8,0.53,8262,7600,0.9198741224885015,0.5007894736842106,False,True,False,True,False,True,False,True,False
hourly,lightgbm,8,0.54,8262,7375,0.892641007020092,0.5014237288135593,False,True,False,True,False,True,False,True,False
hourly,lightgbm,8,0.55,8262,7164,0.8671023965141612,0.5019542155220548,False,True,False,True,False,True,False,True,False
hourly,lightgbm,8,0.56,8262,6957,0.8420479302832244,0.5030904125341383,False,True,False,True,False,True,False,True,False
hourly,lightgbm,8,0.57,8262,6744,0.8162672476397966,0.5038552787663108,False,True,False,True,False,True,False,True,False
hourly,lightgbm,8,0.58,8262,6522,0.7893972403776325,0.505213124808341,False,True,False,True,False,True,False,True,False
hourly,lightgbm,8,0.59,8262,6305,0.7631324134592108,0.5064234734337827,False,True,False,True,False,True,False,True,False
hourly,lightgbm,8,0.6,8262,6118,0.7404986686032438,0.5058842759071592,False,True,False,True,False,True,False,True,False
hourly,lightgbm,8,0.61,8262,5921,0.7166545630597918,0.5056578280695828,False,True,False,True,False,True,False,True,False
hourly,lightgbm,8,0.62,8262,5724,0.6928104575163399,0.5055904961565338,False,True,False,True,False,True,False,True,False
hourly,lightgbm,8,0.63,8262,5518,0.6678770273541516,0.506342877854295,False,True,False,True,False,True,False,True,False
hourly,lightgbm,8,0.64,8262,5313,0.6430646332607117,0.505175983436853,False,True,False,True,False,True,False,True,False
hourly,lightgbm,8,0.65,8262,5104,0.6177680948922779,0.5050940438871473,False,True,False,True,False,True,False,True,False
hourly,lightgbm,8,0.66,8262,4921,0.5956184943113048,0.5068075594391384,False,True,False,True,False,True,False,True,False
hourly,lightgbm,8,0.67,8262,4736,0.5732268215928347,0.5063344594594594,False,True,False,True,False,True,False,True,False
hourly,lightgbm,8,0.68,8262,4554,0.55119825708061,0.5074659639877032,False,True,False,True,False,True,False,True,False
hourly,lightgbm,8,0.69,8262,4347,0.5261437908496732,0.5077064642282033,False,True,False,True,False,True,False,True,False
hourly,lightgbm,8,0.7,8262,4157,0.5031469377874607,0.5111859514072649,False,True,False,True,False,True,False,True,False
hourly,lightgbm,8,0.71,8262,4005,0.48474945533769065,0.5126092384519351,False,False,False,True,False,True,False,True,False
hourly,lightgbm,8,0.72,8262,3836,0.4642943597191963,0.5127737226277372,False,False,False,True,False,True,False,True,False
hourly,lightgbm,8,0.73,8262,3643,0.44093439845073834,0.5135877024430414,False,False,False,True,False,True,False,True,False
hourly,lightgbm,8,0.74,8262,3464,0.4192689421447591,0.5173210161662818,False,False,False,True,False,True,False,True,False
hourly,lightgbm,8,0.75,8262,3294,0.39869281045751637,0.5166970248937462,False,False,False,False,False,True,False,True,False
hourly,lightgbm,8,0.76,8262,3110,0.37642217380779475,0.5183279742765273,False,False,False,False,False,True,False,True,False
hourly,lightgbm,8,0.77,8262,2940,0.35584604212055193,0.5197278911564626,False,False,False,False,False,True,False,True,False
hourly,lightgbm,8,0.78,8262,2771,0.33539094650205764,0.5214723926380368,False,False,False,False,False,True,False,True,False
hourly,lightgbm,8,0.79,8262,2597,0.3143306705398209,0.5202156334231806,False,False,False,False,False,True,False,True,False
hourly,lightgbm,8,0.8,8262,2432,0.2943597191963205,0.5180921052631579,False,False,False,False,False,False,False,True,False
hourly,lightgbm,8,0.81,8262,2264,0.27402565964657466,0.5225265017667845,False,False,False,False,False,False,False,True,False
hourly,lightgbm,8,0.82,8262,2103,0.25453885257806824,0.5240133143128863,False,False,False,False,False,False,False,True,False
hourly,lightgbm,8,0.83,8262,1930,0.23359961268458002,0.5310880829015544,False,False,False,False,False,False,False,True,False
hourly,lightgbm,8,0.84,8262,1737,0.210239651416122,0.5331030512377662,False,False,False,False,False,False,False,True,False
hourly,lightgbm,8,0.85,8262,1562,0.18905833938513678,0.5326504481434059,False,False,False,False,False,False,False,False,False
hourly,lightgbm,8,0.86,8262,1406,0.1701767126603728,0.5213371266002845,False,False,False,False,False,False,False,False,False
hourly,lightgbm,8,0.87,8262,1253,0.15165819414185427,0.5219473264166001,False,False,False,False,False,False,False,False,False
hourly,lightgbm,8,0.88,8262,1118,0.13531832486080853,0.5205724508050089,False,False,False,False,False,False,False,False,False
hourly,lightgbm,8,0.89,8262,974,0.11788913096102639,0.5143737166324436,False,False,False,False,False,False,False,False,False
hourly,lightgbm,8,0.9,8262,807,0.09767610748002904,0.5092936802973977,False,False,False,False,False,False,False,False,False
hourly,lightgbm,20,0.5,8310,8310,1.0,0.5032490974729242,False,True,False,True,False,True,False,True,False
hourly,lightgbm,20,0.51,8310,8176,0.9838748495788207,0.5040362035225049,False,True,False,True,False,True,False,True,False
hourly,lightgbm,20,0.52,8310,8015,0.9645006016847172,0.5039301310043668,False,True,False,True,False,True,False,True,False
hourly,lightgbm,20,0.53,8310,7873,0.9474127557160048,0.5053981963673314,False,True,False,True,False,True,False,True,False
hourly,lightgbm,20,0.54,8310,7710,0.927797833935018,0.5053177691309987,False,True,False,True,False,True,False,True,False
hourly,lightgbm,20,0.55,8310,7550,0.9085439229843562,0.5047682119205298,False,True,False,True,False,True,False,True,False
hourly,lightgbm,20,0.56,8310,7412,0.8919374247894103,0.5049919050188882,False,True,False,True,False,True,False,True,False
hourly,lightgbm,20,0.57,8310,7282,0.8762936221419976,0.5043943971436419,False,True,False,True,False,True,False,True,False
hourly,lightgbm,20,0.58,8310,7135,0.858604091456077,0.5051156271899089,False,True,False,True,False,True,False,True,False
hourly,lightgbm,20,0.59,8310,6986,0.8406738868832732,0.5051531634697968,False,True,False,True,False,True,False,True,False
hourly,lightgbm,20,0.6,8310,6831,0.8220216606498195,0.5053432879519836,False,True,False,True,False,True,False,True,False
hourly,lightgbm,20,0.61,8310,6676,0.8033694344163659,0.506141402037148,False,True,False,True,False,True,False,True,False
hourly,lightgbm,20,0.62,8310,6512,0.7836341756919374,0.504914004914005,False,True,False,True,False,True,False,True,False
hourly,lightgbm,20,0.63,8310,6365,0.7659446450060169,0.5057344854673999,False,True,False,True,False,True,False,True,False
hourly,lightgbm,20,0.64,8310,6225,0.7490974729241877,0.5079518072289156,False,True,False,True,False,True,False,True,False
hourly,lightgbm,20,0.65,8310,6076,0.7311672683513839,0.5078999341672152,False,True,False,True,False,True,False,True,False
hourly,lightgbm,20,0.66,8310,5944,0.7152827918170879,0.5068977119784657,False,True,False,True,False,True,False,True,False
hourly,lightgbm,20,0.67,8310,5802,0.6981949458483755,0.5091347811099621,False,True,False,True,False,True,False,True,False
hourly,lightgbm,20,0.68,8310,5658,0.6808664259927798,0.5077765995051254,False,True,False,True,False,True,False,True,False
hourly,lightgbm,20,0.69,8310,5490,0.6606498194945848,0.5060109289617486,False,True,False,True,False,True,False,True,False
hourly,lightgbm,20,0.7,8310,5330,0.641395908543923,0.5056285178236398,False,True,False,True,False,True,False,True,False
hourly,lightgbm,20,0.71,8310,5148,0.6194945848375452,0.5064102564102564,False,True,False,True,False,True,False,True,False
hourly,lightgbm,20,0.72,8310,4997,0.601323706377858,0.5045027016209725,False,True,False,True,False,True,False,True,False
hourly,lightgbm,20,0.73,8310,4842,0.5826714801444043,0.5037174721189591,False,True,False,True,False,True,False,True,False
hourly,lightgbm,20,0.74,8310,4675,0.562575210589651,0.5045989304812835,False,True,False,True,False,True,False,True,False
hourly,lightgbm,20,0.75,8310,4532,0.545367027677497,0.5044130626654898,False,True,False,True,False,True,False,True,False
hourly,lightgbm,20,0.76,8310,4381,0.5271961492178099,0.5026249714677015,False,True,False,True,False,True,False,True,False
hourly,lightgbm,20,0.77,8310,4233,0.5093862815884477,0.5031892274982283,False,True,False,True,False,True,False,True,False
hourly,lightgbm,20,0.78,8310,4083,0.49133574007220215,0.5025716385011021,False,False,False,True,False,True,False,True,False
hourly,lightgbm,20,0.79,8310,3937,0.4737665463297232,0.49911099822199645,False,False,False,True,False,True,False,True,False
hourly,lightgbm,20,0.8,8310,3771,0.45379061371841156,0.4977459559798462,False,False,False,True,False,True,False,True,False
hourly,lightgbm,20,0.81,8310,3594,0.43249097472924186,0.4977740678909293,False,False,False,True,False,True,False,True,False
hourly,lightgbm,20,0.82,8310,3416,0.41107099879663056,0.4997072599531616,False,False,False,True,False,True,False,True,False
hourly,lightgbm,20,0.83,8310,3209,0.38616125150421177,0.5007790588968526,False,False,False,False,False,True,False,True,False
hourly,lightgbm,20,0.84,8310,3018,0.3631768953068592,0.49734923790589797,False,False,False,False,False,True,False,True,False
hourly,lightgbm,20,0.85,8310,2822,0.3395908543922984,0.4961020552799433,False,False,False,False,False,True,False,True,False
hourly,lightgbm,20,0.86,8310,2648,0.3186522262334537,0.49206948640483383,False,False,False,False,False,True,False,True,False
hourly,lightgbm,20,0.87,8310,2449,0.294705174488568,0.4924458962841976,False,False,False,False,False,False,False,True,False
hourly,lightgbm,20,0.88,8310,2252,0.2709987966305656,0.4897868561278863,False,False,False,False,False,False,False,True,False
hourly,lightgbm,20,0.89,8310,2060,0.24789410348977137,0.49077669902912624,False,False,False,False,False,False,False,True,False
hourly,lightgbm,20,0.9,8310,1870,0.2250300842358604,0.4983957219251337,False,False,False,False,False,False,False,True,False
hourly,random_forest,1,0.5,7339,7339,1.0,0.5506199754734977,False,True,False,True,False,True,False,True,False
hourly,random_forest,1,0.51,7339,6811,0.928055593405096,0.5554250477169285,False,True,False,True,False,True,False,True,False
hourly,random_forest,1,0.52,7339,6303,0.8588363537266658,0.559574805648104,False,True,False,True,False,True,False,True,False
hourly,random_forest,1,0.53,7339,5743,0.782531680065404,0.5643391955423994,False,True,False,True,False,True,False,True,False
hourly,random_forest,1,0.54,7339,5234,0.7131761820411501,0.5672525792892625,False,True,False,True,False,True,False,True,False
hourly,random_forest,1,0.55,7339,4696,0.6398691919880093,0.5724020442930153,False,True,False,True,False,True,False,True,False
hourly,random_forest,1,0.56,7339,4191,0.57105872734705,0.5767120019088523,False,True,False,True,False,True,False,True,False
hourly,random_forest,1,0.57,7339,3750,0.5109687968388064,0.5816,False,True,False,True,False,True,False,True,False
hourly,random_forest,1,0.58,7339,3317,0.4519689330971522,0.5839614109134761,False,False,False,True,False,True,False,True,False
hourly,random_forest,1,0.59,7339,2906,0.395966752963619,0.588093599449415,False,False,False,False,False,True,False,True,False
hourly,random_forest,1,0.6,7339,2509,0.34187218967161737,0.5918692706257473,False,False,False,False,False,True,False,True,False
hourly,random_forest,1,0.61,7339,2168,0.29540809374574195,0.5931734317343174,False,False,False,False,False,False,False,True,False
hourly,random_forest,1,0.62,7339,1813,0.2470363809783349,0.5962493105350248,False,False,False,False,False,False,False,True,False
hourly,random_forest,1,0.63,7339,1509,0.20561384384793568,0.5990722332670643,False,False,False,False,False,False,False,True,False
hourly,random_forest,1,0.64,7339,1233,0.16800654040059954,0.6042173560421735,True,False,False,False,False,False,False,False,False
hourly,random_forest,1,0.65,7339,994,0.1354407957487396,0.6036217303822937,True,False,False,False,False,False,False,False,False
hourly,random_forest,1,0.66,7339,816,0.11118681019212427,0.616421568627451,True,False,False,False,False,False,False,False,False
hourly,random_forest,1,0.67,7339,664,0.09047554162692464,0.6265060240963856,True,False,False,False,False,False,False,False,False
hourly,random_forest,1,0.68,7339,561,0.07644093200708543,0.6363636363636364,True,False,False,False,False,False,False,False,False
hourly,random_forest,1,0.69,7339,486,0.0662215560703093,0.6337448559670782,True,False,False,False,False,False,False,False,False
hourly,random_forest,1,0.7,7339,406,0.05532088840441477,0.6403940886699507,True,False,False,False,False,False,False,False,False
hourly,random_forest,1,0.71,7339,322,0.043875187355225505,0.6335403726708074,True,False,False,False,False,False,False,False,False
hourly,random_forest,1,0.72,7339,263,0.035835944951628285,0.6311787072243346,True,False,False,False,False,False,False,False,False
hourly,random_forest,1,0.73,7339,208,0.028341735931325794,0.6490384615384616,True,False,False,False,False,False,False,False,False
hourly,random_forest,1,0.74,7339,156,0.021256301948494344,0.6602564102564102,True,False,False,False,False,False,False,False,False
hourly,random_forest,1,0.75,7339,102,0.013898351274015534,0.7156862745098039,True,False,False,False,False,False,False,False,False
hourly,random_forest,1,0.76,7339,77,0.010491892628423491,0.7142857142857143,True,False,False,False,False,False,False,False,False
hourly,random_forest,1,0.77,7339,54,0.007357950674478812,0.7222222222222222,True,False,False,False,False,False,False,False,False
hourly,random_forest,1,0.78,7339,43,0.005859108870418313,0.6976744186046512,True,False,False,False,False,False,False,False,False
hourly,random_forest,1,0.79,7339,29,0.00395149202888677,0.6896551724137931,True,False,False,False,False,False,False,False,False
hourly,random_forest,1,0.8,7339,17,0.0023163918790025887,0.7058823529411765,True,False,False,False,False,False,False,False,False
hourly,random_forest,1,0.81,7339,11,0.0014988418040604986,0.7272727272727273,True,False,False,False,False,False,False,False,False
hourly,random_forest,1,0.82,7339,7,0.0009538084207657719,0.7142857142857143,True,False,False,False,False,False,False,False,False
hourly,random_forest,1,0.83,7339,5,0.0006812917291184085,0.6,True,False,False,False,False,False,False,False,False
hourly,random_forest,1,0.84,7339,2,0.0002725166916473634,1.0,True,False,False,False,False,False,False,False,False
hourly,random_forest,1,0.85,7339,2,0.0002725166916473634,1.0,True,False,False,False,False,False,False,False,False
hourly,random_forest,1,0.86,7339,0,0.0,,False,False,False,False,False,False,False,False,False
hourly,random_forest,1,0.87,7339,0,0.0,,False,False,False,False,False,False,False,False,False
hourly,random_forest,1,0.88,7339,0,0.0,,False,False,False,False,False,False,False,False,False
hourly,random_forest,1,0.89,7339,0,0.0,,False,False,False,False,False,False,False,False,False
hourly,random_forest,1,0.9,7339,0,0.0,,False,False,False,False,False,False,False,False,False
hourly,random_forest,4,0.5,8075,8075,1.0,0.5157894736842106,False,True,False,True,False,True,False,True,False
hourly,random_forest,4,0.51,8075,7546,0.9344891640866873,0.5152398621786377,False,True,False,True,False,True,False,True,False
hourly,random_forest,4,0.52,8075,7020,0.8693498452012384,0.5148148148148148,False,True,False,True,False,True,False,True,False
hourly,random_forest,4,0.53,8075,6501,0.8050773993808049,0.5185356099061683,False,True,False,True,False,True,False,True,False
hourly,random_forest,4,0.54,8075,6043,0.748359133126935,0.5186165811682939,False,True,False,True,False,True,False,True,False
hourly,random_forest,4,0.55,8075,5526,0.6843343653250774,0.5218964893231994,False,True,False,True,False,True,False,True,False
hourly,random_forest,4,0.56,8075,5054,0.6258823529411764,0.5229521171349426,False,True,False,True,False,True,False,True,False
hourly,random_forest,4,0.57,8075,4602,0.5699071207430341,0.5256410256410257,False,True,False,True,False,True,False,True,False
hourly,random_forest,4,0.58,8075,4174,0.5169040247678018,0.5277910876856732,False,True,False,True,False,True,False,True,False
hourly,random_forest,4,0.59,8075,3773,0.4672445820433436,0.5284919162470183,False,False,False,True,False,True,False,True,False
hourly,random_forest,4,0.6,8075,3385,0.41919504643962846,0.530576070901034,False,False,False,True,False,True,False,True,False
hourly,random_forest,4,0.61,8075,3041,0.37659442724458203,0.5350213745478462,False,False,False,False,False,True,False,True,False
hourly,random_forest,4,0.62,8075,2680,0.3318885448916409,0.539179104477612,False,False,False,False,False,True,False,True,False
hourly,random_forest,4,0.63,8075,2328,0.28829721362229105,0.5378006872852233,False,False,False,False,False,False,False,True,False
hourly,random_forest,4,0.64,8075,2008,0.2486687306501548,0.5373505976095617,False,False,False,False,False,False,False,True,False
hourly,random_forest,4,0.65,8075,1705,0.21114551083591332,0.535483870967742,False,False,False,False,False,False,False,True,False
hourly,random_forest,4,0.66,8075,1459,0.1806811145510836,0.542837559972584,False,False,False,False,False,False,False,False,False
hourly,random_forest,4,0.67,8075,1217,0.15071207430340558,0.5398520953163517,False,False,False,False,False,False,False,False,False
hourly,random_forest,4,0.68,8075,1032,0.12780185758513932,0.5251937984496124,False,False,False,False,False,False,False,False,False
hourly,random_forest,4,0.69,8075,869,0.10761609907120744,0.525891829689298,False,False,False,False,False,False,False,False,False
hourly,random_forest,4,0.7,8075,763,0.09448916408668731,0.5111402359108781,False,False,False,False,False,False,False,False,False
hourly,random_forest,4,0.71,8075,629,0.07789473684210527,0.5182829888712241,False,False,False,False,False,False,False,False,False
hourly,random_forest,4,0.72,8075,533,0.0660061919504644,0.5121951219512195,False,False,False,False,False,False,False,False,False
hourly,random_forest,4,0.73,8075,430,0.05325077399380805,0.49767441860465117,False,False,False,False,False,False,False,False,False
hourly,random_forest,4,0.74,8075,336,0.041609907120743035,0.4791666666666667,False,False,False,False,False,False,False,False,False
hourly,random_forest,4,0.75,8075,279,0.03455108359133127,0.48028673835125446,False,False,False,False,False,False,False,False,False
hourly,random_forest,4,0.76,8075,239,0.02959752321981424,0.4686192468619247,False,False,False,False,False,False,False,False,False
hourly,random_forest,4,0.77,8075,197,0.024396284829721362,0.47715736040609136,False,False,False,False,False,False,False,False,False
hourly,random_forest,4,0.78,8075,148,0.018328173374613003,0.4797297297297297,False,False,False,False,False,False,False,False,False
hourly,random_forest,4,0.79,8075,109,0.0134984520123839,0.44954128440366975,False,False,False,False,False,False,False,False,False
hourly,random_forest,4,0.8,8075,77,0.009535603715170279,0.45454545454545453,False,False,False,False,False,False,False,False,False
hourly,random_forest,4,0.81,8075,59,0.007306501547987616,0.4406779661016949,False,False,False,False,False,False,False,False,False
hourly,random_forest,4,0.82,8075,44,0.005448916408668731,0.4772727272727273,False,False,False,False,False,False,False,False,False
hourly,random_forest,4,0.83,8075,26,0.0032198142414860682,0.5384615384615384,False,False,False,False,False,False,False,False,False
hourly,random_forest,4,0.84,8075,15,0.0018575851393188853,0.6,True,False,False,False,False,False,False,False,False
hourly,random_forest,4,0.85,8075,12,0.0014860681114551083,0.5833333333333334,False,False,False,False,False,False,False,False,False
hourly,random_forest,4,0.86,8075,9,0.0011145510835913312,0.6666666666666666,True,False,False,False,False,False,False,False,False
hourly,random_forest,4,0.87,8075,5,0.0006191950464396285,0.8,True,False,False,False,False,False,False,False,False
hourly,random_forest,4,0.88,8075,4,0.0004953560371517028,0.75,True,False,False,False,False,False,False,False,False
hourly,random_forest,4,0.89,8075,2,0.0002476780185758514,0.5,False,False,False,False,False,False,False,False,False
hourly,random_forest,4,0.9,8075,1,0.0001238390092879257,0.0,False,False,False,False,False,False,False,False,False
hourly,random_forest,8,0.5,8262,8262,1.0,0.5009682885499879,False,True,False,True,False,True,False,True,False
hourly,random_forest,8,0.51,8262,7807,0.9449285887194384,0.5031382092993467,False,True,False,True,False,True,False,True,False
hourly,random_forest,8,0.52,8262,7329,0.8870733478576616,0.5012962204939282,False,True,False,True,False,True,False,True,False
hourly,random_forest,8,0.53,8262,6853,0.8294601791333818,0.5010944112067708,False,True,False,True,False,True,False,True,False
hourly,random_forest,8,0.54,8262,6390,0.7734204793028322,0.5021909233176839,False,True,False,True,False,True,False,True,False
hourly,random_forest,8,0.55,8262,5939,0.7188332122972646,0.5042936521299882,False,True,False,True,False,True,False,True,False
hourly,random_forest,8,0.56,8262,5549,0.6716291454853547,0.5027932960893855,False,True,False,True,False,True,False,True,False
hourly,random_forest,8,0.57,8262,5140,0.6221253933672234,0.5075875486381323,False,True,False,True,False,True,False,True,False
hourly,random_forest,8,0.58,8262,4762,0.5763737593802953,0.5104997900041999,False,True,False,True,False,True,False,True,False
hourly,random_forest,8,0.59,8262,4370,0.5289276204308884,0.5141876430205949,False,True,False,True,False,True,False,True,False
hourly,random_forest,8,0.6,8262,4044,0.48946986201888165,0.515084075173096,False,False,False,True,False,True,False,True,False
hourly,random_forest,8,0.61,8262,3730,0.4514645364318567,0.5168900804289545,False,False,False,True,False,True,False,True,False
hourly,random_forest,8,0.62,8262,3452,0.4178165093197773,0.515063731170336,False,False,False,True,False,True,False,True,False
hourly,random_forest,8,0.63,8262,3143,0.3804163640764948,0.5221126312440344,False,False,False,False,False,True,False,True,False
hourly,random_forest,8,0.64,8262,2878,0.3483418058581457,0.527449617790132,False,False,False,False,False,True,False,True,False
hourly,random_forest,8,0.65,8262,2611,0.3160251755022997,0.532746074301034,False,False,False,False,False,True,False,True,False
hourly,random_forest,8,0.66,8262,2345,0.28382958121520213,0.5270788912579958,False,False,False,False,False,False,False,True,False
hourly,random_forest,8,0.67,8262,2084,0.25223916727184703,0.5345489443378119,False,False,False,False,False,False,False,True,False
hourly,random_forest,8,0.68,8262,1846,0.2234325829097071,0.5368364030335862,False,False,False,False,False,False,False,True,False
hourly,random_forest,8,0.69,8262,1612,0.19511014282256112,0.5415632754342432,False,False,False,False,False,False,False,False,False
hourly,random_forest,8,0.7,8262,1422,0.1721132897603486,0.5337552742616034,False,False,False,False,False,False,False,False,False
hourly,random_forest,8,0.71,8262,1235,0.1494795449043815,0.5279352226720648,False,False,False,False,False,False,False,False,False
hourly,random_forest,8,0.72,8262,1082,0.130961026385863,0.5304990757855823,False,False,False,False,False,False,False,False,False
hourly,random_forest,8,0.73,8262,920,0.11135318324860809,0.5184782608695652,False,False,False,False,False,False,False,False,False
hourly,random_forest,8,0.74,8262,758,0.09174534011135319,0.5105540897097626,False,False,False,False,False,False,False,False,False
hourly,random_forest,8,0.75,8262,637,0.07709997579278625,0.5227629513343799,False,False,False,False,False,False,False,False,False
hourly,random_forest,8,0.76,8262,539,0.06523844105543453,0.5213358070500927,False,False,False,False,False,False,False,False,False
hourly,random_forest,8,0.77,8262,448,0.0542241587993222,0.5178571428571429,False,False,False,False,False,False,False,False,False
hourly,random_forest,8,0.78,8262,366,0.04429920116194626,0.5327868852459017,False,False,False,False,False,False,False,False,False
hourly,random_forest,8,0.79,8262,303,0.036673928830791576,0.5544554455445545,False,False,False,False,False,False,False,False,False
hourly,random_forest,8,0.8,8262,230,0.02783829581215202,0.5347826086956522,False,False,False,False,False,False,False,False,False
hourly,random_forest,8,0.81,8262,185,0.022391672718470104,0.5243243243243243,False,False,False,False,False,False,False,False,False
hourly,random_forest,8,0.82,8262,153,0.018518518518518517,0.5098039215686274,False,False,False,False,False,False,False,False,False
hourly,random_forest,8,0.83,8262,114,0.013798111837327523,0.4824561403508772,False,False,False,False,False,False,False,False,False
hourly,random_forest,8,0.84,8262,86,0.010409101912369887,0.4883720930232558,False,False,False,False,False,False,False,False,False
hourly,random_forest,8,0.85,8262,65,0.007867344468651657,0.47692307692307695,False,False,False,False,False,False,False,False,False
hourly,random_forest,8,0.86,8262,49,0.005930767368675865,0.46938775510204084,False,False,False,False,False,False,False,False,False
hourly,random_forest,8,0.87,8262,35,0.004236262406197047,0.42857142857142855,False,False,False,False,False,False,False,False,False
hourly,random_forest,8,0.88,8262,23,0.002783829581215202,0.391304347826087,False,False,False,False,False,False,False,False,False
hourly,random_forest,8,0.89,8262,14,0.0016945049624788188,0.42857142857142855,False,False,False,False,False,False,False,False,False
hourly,random_forest,8,0.9,8262,7,0.0008472524812394094,0.42857142857142855,False,False,False,False,False,False,False,False,False
hourly,random_forest,20,0.5,8310,8310,1.0,0.49518652226233456,False,True,False,True,False,True,False,True,False
hourly,random_forest,20,0.51,8310,7992,0.9617328519855596,0.49537037037037035,False,True,False,True,False,True,False,True,False
hourly,random_forest,20,0.52,8310,7679,0.9240673886883273,0.49485610105482486,False,True,False,True,False,True,False,True,False
hourly,random_forest,20,0.53,8310,7373,0.8872442839951865,0.49518513495185135,False,True,False,True,False,True,False,True,False
hourly,random_forest,20,0.54,8310,7077,0.8516245487364621,0.4976685036032217,False,True,False,True,False,True,False,True,False
hourly,random_forest,20,0.55,8310,6782,0.8161251504211793,0.49660867000884695,False,True,False,True,False,True,False,True,False
hourly,random_forest,20,0.56,8310,6476,0.7793020457280385,0.4976837554045707,False,True,False,True,False,True,False,True,False
hourly,random_forest,20,0.57,8310,6197,0.7457280385078219,0.4965305793125706,False,True,False,True,False,True,False,True,False
hourly,random_forest,20,0.58,8310,5939,0.7146811070998796,0.49722175450412526,False,True,False,True,False,True,False,True,False
hourly,random_forest,20,0.59,8310,5634,0.6779783393501805,0.49733759318423854,False,True,False,True,False,True,False,True,False
hourly,random_forest,20,0.6,8310,5321,0.6403128760529483,0.4987784251080624,False,True,False,True,False,True,False,True,False
hourly,random_forest,20,0.61,8310,4994,0.6009626955475331,0.4969963956748098,False,True,False,True,False,True,False,True,False
hourly,random_forest,20,0.62,8310,4722,0.5682310469314079,0.4936467598475222,False,True,False,True,False,True,False,True,False
hourly,random_forest,20,0.63,8310,4434,0.5335740072202166,0.4923319801533604,False,True,False,True,False,True,False,True,False
hourly,random_forest,20,0.64,8310,4153,0.49975932611311674,0.4916927522273056,False,False,False,True,False,True,False,True,False
hourly,random_forest,20,0.65,8310,3872,0.46594464500601684,0.4922520661157025,False,False,False,True,False,True,False,True,False
hourly,random_forest,20,0.66,8310,3622,0.4358604091456077,0.49254555494202096,False,False,False,True,False,True,False,True,False
hourly,random_forest,20,0.67,8310,3359,0.4042117930204573,0.4906222089907711,False,False,False,True,False,True,False,True,False
hourly,random_forest,20,0.68,8310,3085,0.3712394705174489,0.48816855753646676,False,False,False,False,False,True,False,True,False
hourly,random_forest,20,0.69,8310,2859,0.344043321299639,0.4854844351171738,False,False,False,False,False,True,False,True,False
hourly,random_forest,20,0.7,8310,2619,0.3151624548736462,0.48148148148148145,False,False,False,False,False,True,False,True,False
hourly,random_forest,20,0.71,8310,2403,0.2891696750902527,0.4756554307116105,False,False,False,False,False,False,False,True,False
hourly,random_forest,20,0.72,8310,2175,0.26173285198555957,0.4735632183908046,False,False,False,False,False,False,False,True,False
hourly,random_forest,20,0.73,8310,1945,0.23405535499398314,0.4719794344473008,False,False,False,False,False,False,False,True,False
hourly,random_forest,20,0.74,8310,1732,0.20842358604091457,0.4647806004618938,False,False,False,False,False,False,False,True,False
hourly,random_forest,20,0.75,8310,1539,0.1851985559566787,0.46393762183235865,False,False,False,False,False,False,False,False,False
hourly,random_forest,20,0.76,8310,1362,0.16389891696750902,0.46255506607929514,False,False,False,False,False,False,False,False,False
hourly,random_forest,20,0.77,8310,1194,0.14368231046931407,0.466499162479062,False,False,False,False,False,False,False,False,False
hourly,random_forest,20,0.78,8310,1045,0.12575210589651023,0.46124401913875596,False,False,False,False,False,False,False,False,False
hourly,random_forest,20,0.79,8310,876,0.10541516245487365,0.4703196347031963,False,False,False,False,False,False,False,False,False
hourly,random_forest,20,0.8,8310,733,0.08820697954271961,0.47885402455661663,False,False,False,False,False,False,False,False,False
hourly,random_forest,20,0.81,8310,604,0.07268351383874849,0.49337748344370863,False,False,False,False,False,False,False,False,False
hourly,random_forest,20,0.82,8310,486,0.05848375451263538,0.4876543209876543,False,False,False,False,False,False,False,False,False
hourly,random_forest,20,0.83,8310,382,0.04596871239470517,0.46335078534031415,False,False,False,False,False,False,False,False,False
hourly,random_forest,20,0.84,8310,302,0.036341756919374246,0.45695364238410596,False,False,False,False,False,False,False,False,False
hourly,random_forest,20,0.85,8310,239,0.028760529482551145,0.4393305439330544,False,False,False,False,False,False,False,False,False
hourly,random_forest,20,0.86,8310,193,0.023225030084235862,0.40932642487046633,False,False,False,False,False,False,False,False,False
hourly,random_forest,20,0.87,8310,133,0.016004813477737665,0.39097744360902253,False,False,False,False,False,False,False,False,False
hourly,random_forest,20,0.88,8310,96,0.011552346570397111,0.375,False,False,False,False,False,False,False,False,False
hourly,random_forest,20,0.89,8310,55,0.006618531889290012,0.4,False,False,False,False,False,False,False,False,False
hourly,random_forest,20,0.9,8310,35,0.00421179302045728,0.4857142857142857,False,False,False,False,False,False,False,False,False
hourly,stacking,1,0.5,7339,7339,1.0,0.5559340509606213,False,True,False,True,False,True,False,True,False
hourly,stacking,1,0.51,7339,6709,0.9141572421310805,0.5598449843493815,False,True,False,True,False,True,False,True,False
hourly,stacking,1,0.52,7339,6018,0.8200027251669165,0.564473246925889,False,True,False,True,False,True,False,True,False
hourly,stacking,1,0.53,7339,5227,0.7122223736203842,0.5701167017409604,False,True,False,True,False,True,False,True,False
hourly,stacking,1,0.54,7339,4519,0.6157514647772176,0.5726930736888692,False,True,False,True,False,True,False,True,False
hourly,stacking,1,0.55,7339,3782,0.5153290639051642,0.5817028027498677,False,True,False,True,False,True,False,True,False
hourly,stacking,1,0.56,7339,3019,0.41136394604169507,0.5905929115601193,False,False,False,True,False,True,False,True,False
hourly,stacking,1,0.57,7339,2297,0.3129854203569969,0.6003482803656944,True,False,False,False,False,True,False,True,False
hourly,stacking,1,0.58,7339,1808,0.2463550892492165,0.6073008849557522,True,False,False,False,False,False,False,True,False
hourly,stacking,1,0.59,7339,1423,0.19389562610709907,0.6156008432888265,True,False,False,False,False,False,False,False,False
hourly,stacking,1,0.6,7339,1047,0.14266248807739473,0.6150907354345749,True,False,False,False,False,False,False,False,False
hourly,stacking,1,0.61,7339,808,0.11009674342553481,0.6212871287128713,True,False,False,False,False,False,False,False,False
hourly,stacking,1,0.62,7339,672,0.0915656083935141,0.6294642857142857,True,False,False,False,False,False,False,False,False
hourly,stacking,1,0.63,7339,566,0.07712222373620384,0.6307420494699647,True,False,False,False,False,False,False,False,False
hourly,stacking,1,0.64,7339,466,0.06349638915383567,0.628755364806867,True,False,False,False,False,False,False,False,False
hourly,stacking,1,0.65,7339,382,0.05205068810464641,0.612565445026178,True,False,False,False,False,False,False,False,False
hourly,stacking,1,0.66,7339,301,0.041013762092928195,0.6146179401993356,True,False,False,False,False,False,False,False,False
hourly,stacking,1,0.67,7339,242,0.03297451968933097,0.6363636363636364,True,False,False,False,False,False,False,False,False
hourly,stacking,1,0.68,7339,182,0.02479901893991007,0.6758241758241759,True,False,False,False,False,False,False,False,False
hourly,stacking,1,0.69,7339,134,0.01825861834037335,0.6865671641791045,True,False,False,False,False,False,False,False,False
hourly,stacking,1,0.7,7339,94,0.01280828450742608,0.7021276595744681,True,False,False,False,False,False,False,False,False
hourly,stacking,1,0.71,7339,61,0.008311759095244583,0.6721311475409836,True,False,False,False,False,False,False,False,False
hourly,stacking,1,0.72,7339,30,0.004087750374710451,0.6333333333333333,True,False,False,False,False,False,False,False,False
hourly,stacking,1,0.73,7339,9,0.0012263251124131353,0.5555555555555556,False,False,False,False,False,False,False,False,False
hourly,stacking,1,0.74,7339,2,0.0002725166916473634,1.0,True,False,False,False,False,False,False,False,False
hourly,stacking,1,0.75,7339,0,0.0,,False,False,False,False,False,False,False,False,False
hourly,stacking,1,0.76,7339,0,0.0,,False,False,False,False,False,False,False,False,False
hourly,stacking,1,0.77,7339,0,0.0,,False,False,False,False,False,False,False,False,False
hourly,stacking,1,0.78,7339,0,0.0,,False,False,False,False,False,False,False,False,False
hourly,stacking,1,0.79,7339,0,0.0,,False,False,False,False,False,False,False,False,False
hourly,stacking,1,0.8,7339,0,0.0,,False,False,False,False,False,False,False,False,False
hourly,stacking,1,0.81,7339,0,0.0,,False,False,False,False,False,False,False,False,False
hourly,stacking,1,0.82,7339,0,0.0,,False,False,False,False,False,False,False,False,False
hourly,stacking,1,0.83,7339,0,0.0,,False,False,False,False,False,False,False,False,False
hourly,stacking,1,0.84,7339,0,0.0,,False,False,False,False,False,False,False,False,False
hourly,stacking,1,0.85,7339,0,0.0,,False,False,False,False,False,False,False,False,False
hourly,stacking,1,0.86,7339,0,0.0,,False,False,False,False,False,False,False,False,False
hourly,stacking,1,0.87,7339,0,0.0,,False,False,False,False,False,False,False,False,False
hourly,stacking,1,0.88,7339,0,0.0,,False,False,False,False,False,False,False,False,False
hourly,stacking,1,0.89,7339,0,0.0,,False,False,False,False,False,False,False,False,False
hourly,stacking,1,0.9,7339,0,0.0,,False,False,False,False,False,False,False,False,False
hourly,stacking,4,0.5,8075,8075,1.0,0.5121981424148607,False,True,False,True,False,True,False,True,False
hourly,stacking,4,0.51,8075,6661,0.824891640866873,0.5119351448731422,False,True,False,True,False,True,False,True,False
hourly,stacking,4,0.52,8075,5331,0.6601857585139319,0.512849371600075,False,True,False,True,False,True,False,True,False
hourly,stacking,4,0.53,8075,4234,0.5243343653250774,0.5077940481813887,False,True,False,True,False,True,False,True,False
hourly,stacking,4,0.54,8075,3138,0.3886068111455108,0.5031867431485022,False,False,False,False,False,True,False,True,False
hourly,stacking,4,0.55,8075,1949,0.24136222910216718,0.5243714725500257,False,False,False,False,False,False,False,True,False
hourly,stacking,4,0.56,8075,1414,0.17510835913312695,0.5247524752475248,False,False,False,False,False,False,False,False,False
hourly,stacking,4,0.57,8075,1057,0.13089783281733747,0.5250709555345316,False,False,False,False,False,False,False,False,False
hourly,stacking,4,0.58,8075,690,0.08544891640866874,0.5231884057971015,False,False,False,False,False,False,False,False,False
hourly,stacking,4,0.59,8075,353,0.04371517027863777,0.5382436260623229,False,False,False,False,False,False,False,False,False
hourly,stacking,4,0.6,8075,109,0.0134984520123839,0.5321100917431193,False,False,False,False,False,False,False,False,False
hourly,stacking,4,0.61,8075,19,0.002352941176470588,0.6842105263157895,True,False,False,False,False,False,False,False,False
hourly,stacking,4,0.62,8075,2,0.0002476780185758514,1.0,True,False,False,False,False,False,False,False,False
hourly,stacking,4,0.63,8075,0,0.0,,False,False,False,False,False,False,False,False,False
hourly,stacking,4,0.64,8075,0,0.0,,False,False,False,False,False,False,False,False,False
hourly,stacking,4,0.65,8075,0,0.0,,False,False,False,False,False,False,False,False,False
hourly,stacking,4,0.66,8075,0,0.0,,False,False,False,False,False,False,False,False,False
hourly,stacking,4,0.67,8075,0,0.0,,False,False,False,False,False,False,False,False,False
hourly,stacking,4,0.68,8075,0,0.0,,False,False,False,False,False,False,False,False,False
hourly,stacking,4,0.69,8075,0,0.0,,False,False,False,False,False,False,False,False,False
hourly,stacking,4,0.7,8075,0,0.0,,False,False,False,False,False,False,False,False,False
hourly,stacking,4,0.71,8075,0,0.0,,False,False,False,False,False,False,False,False,False
hourly,stacking,4,0.72,8075,0,0.0,,False,False,False,False,False,False,False,False,False
hourly,stacking,4,0.73,8075,0,0.0,,False,False,False,False,False,False,False,False,False
hourly,stacking,4,0.74,8075,0,0.0,,False,False,False,False,False,False,False,False,False
hourly,stacking,4,0.75,8075,0,0.0,,False,False,False,False,False,False,False,False,False
hourly,stacking,4,0.76,8075,0,0.0,,False,False,False,False,False,False,False,False,False
hourly,stacking,4,0.77,8075,0,0.0,,False,False,False,False,False,False,False,False,False
hourly,stacking,4,0.78,8075,0,0.0,,False,False,False,False,False,False,False,False,False
hourly,stacking,4,0.79,8075,0,0.0,,False,False,False,False,False,False,False,False,False
hourly,stacking,4,0.8,8075,0,0.0,,False,False,False,False,False,False,False,False,False
hourly,stacking,4,0.81,8075,0,0.0,,False,False,False,False,False,False,False,False,False
hourly,stacking,4,0.82,8075,0,0.0,,False,False,False,False,False,False,False,False,False
hourly,stacking,4,0.83,8075,0,0.0,,False,False,False,False,False,False,False,False,False
hourly,stacking,4,0.84,8075,0,0.0,,False,False,False,False,False,False,False,False,False
hourly,stacking,4,0.85,8075,0,0.0,,False,False,False,False,False,False,False,False,False
hourly,stacking,4,0.86,8075,0,0.0,,False,False,False,False,False,False,False,False,False
hourly,stacking,4,0.87,8075,0,0.0,,False,False,False,False,False,False,False,False,False
hourly,stacking,4,0.88,8075,0,0.0,,False,False,False,False,False,False,False,False,False
hourly,stacking,4,0.89,8075,0,0.0,,False,False,False,False,False,False,False,False,False
hourly,stacking,4,0.9,8075,0,0.0,,False,False,False,False,False,False,False,False,False
hourly,stacking,8,0.5,8262,8262,1.0,0.4932219801500847,False,True,False,True,False,True,False,True,False
hourly,stacking,8,0.51,8262,6475,0.7837085451464536,0.49451737451737454,False,True,False,True,False,True,False,True,False
hourly,stacking,8,0.52,8262,4947,0.5987654320987654,0.4948453608247423,False,True,False,True,False,True,False,True,False
hourly,stacking,8,0.53,8262,3831,0.4636891793754539,0.4917776037588097,False,False,False,True,False,True,False,True,False
hourly,stacking,8,0.54,8262,3041,0.36807068506414914,0.4906280828674778,False,False,False,False,False,True,False,True,False
hourly,stacking,8,0.55,8262,2410,0.2916969256838538,0.4912863070539419,False,False,False,False,False,False,False,True,False
hourly,stacking,8,0.56,8262,1843,0.22306947470346164,0.47965274009766684,False,False,False,False,False,False,False,True,False
hourly,stacking,8,0.57,8262,1370,0.16581941418542726,0.46058394160583943,False,False,False,False,False,False,False,False,False
hourly,stacking,8,0.58,8262,947,0.11462115710481724,0.4551214361140444,False,False,False,False,False,False,False,False,False
hourly,stacking,8,0.59,8262,683,0.08266763495521666,0.45095168374816985,False,False,False,False,False,False,False,False,False
hourly,stacking,8,0.6,8262,516,0.06245461147421932,0.45930232558139533,False,False,False,False,False,False,False,False,False
hourly,stacking,8,0.61,8262,405,0.049019607843137254,0.4246913580246914,False,False,False,False,False,False,False,False,False
hourly,stacking,8,0.62,8262,314,0.038005325587024935,0.4267515923566879,False,False,False,False,False,False,False,False,False
hourly,stacking,8,0.63,8262,232,0.028080367949648997,0.4396551724137931,False,False,False,False,False,False,False,False,False
hourly,stacking,8,0.64,8262,125,0.01512950859356088,0.376,False,False,False,False,False,False,False,False,False
hourly,stacking,8,0.65,8262,18,0.002178649237472767,0.2777777777777778,False,False,False,False,False,False,False,False,False
hourly,stacking,8,0.66,8262,0,0.0,,False,False,False,False,False,False,False,False,False
hourly,stacking,8,0.67,8262,0,0.0,,False,False,False,False,False,False,False,False,False
hourly,stacking,8,0.68,8262,0,0.0,,False,False,False,False,False,False,False,False,False
hourly,stacking,8,0.69,8262,0,0.0,,False,False,False,False,False,False,False,False,False
hourly,stacking,8,0.7,8262,0,0.0,,False,False,False,False,False,False,False,False,False
hourly,stacking,8,0.71,8262,0,0.0,,False,False,False,False,False,False,False,False,False
hourly,stacking,8,0.72,8262,0,0.0,,False,False,False,False,False,False,False,False,False
hourly,stacking,8,0.73,8262,0,0.0,,False,False,False,False,False,False,False,False,False
hourly,stacking,8,0.74,8262,0,0.0,,False,False,False,False,False,False,False,False,False
hourly,stacking,8,0.75,8262,0,0.0,,False,False,False,False,False,False,False,False,False
hourly,stacking,8,0.76,8262,0,0.0,,False,False,False,False,False,False,False,False,False
hourly,stacking,8,0.77,8262,0,0.0,,False,False,False,False,False,False,False,False,False
hourly,stacking,8,0.78,8262,0,0.0,,False,False,False,False,False,False,False,False,False
hourly,stacking,8,0.79,8262,0,0.0,,False,False,False,False,False,False,False,False,False
hourly,stacking,8,0.8,8262,0,0.0,,False,False,False,False,False,False,False,False,False
hourly,stacking,8,0.81,8262,0,0.0,,False,False,False,False,False,False,False,False,False
hourly,stacking,8,0.82,8262,0,0.0,,False,False,False,False,False,False,False,False,False
hourly,stacking,8,0.83,8262,0,0.0,,False,False,False,False,False,False,False,False,False
hourly,stacking,8,0.84,8262,0,0.0,,False,False,False,False,False,False,False,False,False
hourly,stacking,8,0.85,8262,0,0.0,,False,False,False,False,False,False,False,False,False
hourly,stacking,8,0.86,8262,0,0.0,,False,False,False,False,False,False,False,False,False
hourly,stacking,8,0.87,8262,0,0.0,,False,False,False,False,False,False,False,False,False
hourly,stacking,8,0.88,8262,0,0.0,,False,False,False,False,False,False,False,False,False
hourly,stacking,8,0.89,8262,0,0.0,,False,False,False,False,False,False,False,False,False
hourly,stacking,8,0.9,8262,0,0.0,,False,False,False,False,False,False,False,False,False
hourly,stacking,20,0.5,8310,8310,1.0,0.46823104693140793,False,True,False,True,False,True,False,True,False
hourly,stacking,20,0.51,8310,7851,0.9447653429602888,0.46452681187109923,False,True,False,True,False,True,False,True,False
hourly,stacking,20,0.52,8310,7312,0.8799037304452467,0.4653993435448578,False,True,False,True,False,True,False,True,False
hourly,stacking,20,0.53,8310,6743,0.8114320096269555,0.46285036333975976,False,True,False,True,False,True,False,True,False
hourly,stacking,20,0.54,8310,6142,0.7391095066185319,0.46043633995441224,False,True,False,True,False,True,False,True,False
hourly,stacking,20,0.55,8310,5544,0.6671480144404333,0.4565295815295815,False,True,False,True,False,True,False,True,False
hourly,stacking,20,0.56,8310,4911,0.5909747292418772,0.4546935451028304,False,True,False,True,False,True,False,True,False
hourly,stacking,20,0.57,8310,4253,0.5117930204572804,0.44932988478720903,False,True,False,True,False,True,False,True,False
hourly,stacking,20,0.58,8310,3646,0.43874849578820696,0.45090510148107515,False,False,False,True,False,True,False,True,False
hourly,stacking,20,0.59,8310,3024,0.36389891696750903,0.45866402116402116,False,False,False,False,False,True,False,True,False
hourly,stacking,20,0.6,8310,2283,0.27472924187725634,0.45466491458607095,False,False,False,False,False,False,False,True,False
hourly,stacking,20,0.61,8310,1794,0.21588447653429602,0.46432552954292083,False,False,False,False,False,False,False,True,False
hourly,stacking,20,0.62,8310,1332,0.16028880866425993,0.46321321321321324,False,False,False,False,False,False,False,False,False
hourly,stacking,20,0.63,8310,934,0.11239470517448857,0.4593147751605996,False,False,False,False,False,False,False,False,False
hourly,stacking,20,0.64,8310,638,0.07677496991576414,0.45141065830721006,False,False,False,False,False,False,False,False,False
hourly,stacking,20,0.65,8310,419,0.050421179302045725,0.45584725536992843,False,False,False,False,False,False,False,False,False
hourly,stacking,20,0.66,8310,293,0.035258724428399515,0.4641638225255973,False,False,False,False,False,False,False,False,False
hourly,stacking,20,0.67,8310,214,0.025752105896510228,0.46261682242990654,False,False,False,False,False,False,False,False,False
hourly,stacking,20,0.68,8310,156,0.018772563176895306,0.4423076923076923,False,False,False,False,False,False,False,False,False
hourly,stacking,20,0.69,8310,111,0.013357400722021661,0.43243243243243246,False,False,False,False,False,False,False,False,False
hourly,stacking,20,0.7,8310,75,0.009025270758122744,0.4533333333333333,False,False,False,False,False,False,False,False,False
hourly,stacking,20,0.71,8310,35,0.00421179302045728,0.37142857142857144,False,False,False,False,False,False,False,False,False
hourly,stacking,20,0.72,8310,10,0.0012033694344163659,0.3,False,False,False,False,False,False,False,False,False
hourly,stacking,20,0.73,8310,2,0.00024067388688327315,1.0,True,False,False,False,False,False,False,False,False
hourly,stacking,20,0.74,8310,1,0.00012033694344163658,1.0,True,False,False,False,False,False,False,False,False
hourly,stacking,20,0.75,8310,1,0.00012033694344163658,1.0,True,False,False,False,False,False,False,False,False
hourly,stacking,20,0.76,8310,1,0.00012033694344163658,1.0,True,False,False,False,False,False,False,False,False
hourly,stacking,20,0.77,8310,1,0.00012033694344163658,1.0,True,False,False,False,False,False,False,False,False
hourly,stacking,20,0.78,8310,0,0.0,,False,False,False,False,False,False,False,False,False
hourly,stacking,20,0.79,8310,0,0.0,,False,False,False,False,False,False,False,False,False
hourly,stacking,20,0.8,8310,0,0.0,,False,False,False,False,False,False,False,False,False
hourly,stacking,20,0.81,8310,0,0.0,,False,False,False,False,False,False,False,False,False
hourly,stacking,20,0.82,8310,0,0.0,,False,False,False,False,False,False,False,False,False
hourly,stacking,20,0.83,8310,0,0.0,,False,False,False,False,False,False,False,False,False
hourly,stacking,20,0.84,8310,0,0.0,,False,False,False,False,False,False,False,False,False
hourly,stacking,20,0.85,8310,0,0.0,,False,False,False,False,False,False,False,False,False
hourly,stacking,20,0.86,8310,0,0.0,,False,False,False,False,False,False,False,False,False
hourly,stacking,20,0.87,8310,0,0.0,,False,False,False,False,False,False,False,False,False
hourly,stacking,20,0.88,8310,0,0.0,,False,False,False,False,False,False,False,False,False
hourly,stacking,20,0.89,8310,0,0.0,,False,False,False,False,False,False,False,False,False
hourly,stacking,20,0.9,8310,0,0.0,,False,False,False,False,False,False,False,False,False
hourly,xgboost,1,0.5,7339,7339,1.0,0.5493936503610846,False,True,False,True,False,True,False,True,False
hourly,xgboost,1,0.51,7339,7002,0.9540809374574193,0.5526992287917738,False,True,False,True,False,True,False,True,False
hourly,xgboost,1,0.52,7339,6699,0.9127946586728437,0.554411106135244,False,True,False,True,False,True,False,True,False
hourly,xgboost,1,0.53,7339,6382,0.8696007630467366,0.5581322469445315,False,True,False,True,False,True,False,True,False
hourly,xgboost,1,0.54,7339,6068,0.8268156424581006,0.5608108108108109,False,True,False,True,False,True,False,True,False
hourly,xgboost,1,0.55,7339,5744,0.7826679384112277,0.5631963788300836,False,True,False,True,False,True,False,True,False
hourly,xgboost,1,0.56,7339,5388,0.734159967297997,0.5679287305122495,False,True,False,True,False,True,False,True,False
hourly,xgboost,1,0.57,7339,5073,0.6912385883635372,0.5712596096984033,False,True,False,True,False,True,False,True,False
hourly,xgboost,1,0.58,7339,4759,0.6484534677749012,0.5742803109897037,False,True,False,True,False,True,False,True,False
hourly,xgboost,1,0.59,7339,4438,0.6047145387654994,0.5754844524560613,False,True,False,True,False,True,False,True,False
hourly,xgboost,1,0.6,7339,4162,0.5671072353181632,0.5752042287361845,False,True,False,True,False,True,False,True,False
hourly,xgboost,1,0.61,7339,3899,0.531271290366535,0.575019235701462,False,True,False,True,False,True,False,True,False
hourly,xgboost,1,0.62,7339,3629,0.4944815369941409,0.5739873243317718,False,False,False,True,False,True,False,True,False
hourly,xgboost,1,0.63,7339,3335,0.45442158332197846,0.575112443778111,False,False,False,True,False,True,False,True,False
hourly,xgboost,1,0.64,7339,3077,0.4192669300994686,0.5755606109847253,False,False,False,True,False,True,False,True,False
hourly,xgboost,1,0.65,7339,2799,0.3813871099604851,0.5755627009646302,False,False,False,False,False,True,False,True,False
hourly,xgboost,1,0.66,7339,2557,0.3484125902711541,0.5799765350019555,False,False,False,False,False,True,False,True,False
hourly,xgboost,1,0.67,7339,2317,0.3157105872734705,0.5839447561501943,False,False,False,False,False,True,False,True,False
hourly,xgboost,1,0.68,7339,2075,0.28273606758413955,0.5913253012048193,False,False,False,False,False,False,False,True,False
hourly,xgboost,1,0.69,7339,1891,0.2576645319525821,0.5938656795346378,False,False,False,False,False,False,False,True,False
hourly,xgboost,1,0.7,7339,1718,0.23409183812508516,0.6024447031431898,True,False,False,False,False,False,False,True,False
hourly,xgboost,1,0.71,7339,1530,0.208475269110233,0.6052287581699346,True,False,False,False,False,False,False,True,False
hourly,xgboost,1,0.72,7339,1383,0.1884452922741518,0.6117136659436009,True,False,False,False,False,False,False,False,False
hourly,xgboost,1,0.73,7339,1223,0.16664395694236273,0.6124284546197875,True,False,False,False,False,False,False,False,False
hourly,xgboost,1,0.74,7339,1070,0.1457964300313394,0.6196261682242991,True,False,False,False,False,False,False,False,False
hourly,xgboost,1,0.75,7339,949,0.12930917018667393,0.6227608008429927,True,False,False,False,False,False,False,False,False
hourly,xgboost,1,0.76,7339,827,0.11268565199618477,0.6239419588875453,True,False,False,False,False,False,False,False,False
hourly,xgboost,1,0.77,7339,724,0.09865104237634555,0.6243093922651933,True,False,False,False,False,False,False,False,False
hourly,xgboost,1,0.78,7339,619,0.08434391606485897,0.6219709208400647,True,False,False,False,False,False,False,False,False
hourly,xgboost,1,0.79,7339,519,0.0707180814824908,0.626204238921002,True,False,False,False,False,False,False,False,False
hourly,xgboost,1,0.8,7339,424,0.05777353862924104,0.6320754716981132,True,False,False,False,False,False,False,False,False
hourly,xgboost,1,0.81,7339,342,0.04660035427169914,0.6374269005847953,True,False,False,False,False,False,False,False,False
hourly,xgboost,1,0.82,7339,272,0.03706227006404142,0.6617647058823529,True,False,False,False,False,False,False,False,False
hourly,xgboost,1,0.83,7339,222,0.030249352772857337,0.6756756756756757,True,False,False,False,False,False,False,False,False
hourly,xgboost,1,0.84,7339,173,0.023572693827496934,0.6763005780346821,True,False,False,False,False,False,False,False,False
hourly,xgboost,1,0.85,7339,138,0.018803651723668074,0.6884057971014492,True,False,False,False,False,False,False,False,False
hourly,xgboost,1,0.86,7339,104,0.014170867965662897,0.6826923076923077,True,False,False,False,False,False,False,False,False
hourly,xgboost,1,0.87,7339,73,0.009946859245128763,0.6986301369863014,True,False,False,False,False,False,False,False,False
hourly,xgboost,1,0.88,7339,45,0.006131625562065677,0.7111111111111111,True,False,False,False,False,False,False,False,False
hourly,xgboost,1,0.89,7339,30,0.004087750374710451,0.7333333333333333,True,False,False,False,False,False,False,False,False
hourly,xgboost,1,0.9,7339,16,0.002180133533178907,0.5625,False,False,False,False,False,False,False,False,False
hourly,xgboost,4,0.5,8075,8075,1.0,0.513312693498452,False,True,False,True,False,True,False,True,False
hourly,xgboost,4,0.51,8075,7703,0.9539318885448916,0.5144748799169155,False,True,False,True,False,True,False,True,False
hourly,xgboost,4,0.52,8075,7418,0.9186377708978328,0.5157724454030737,False,True,False,True,False,True,False,True,False
hourly,xgboost,4,0.53,8075,7128,0.8827244582043343,0.5161335578002245,False,True,False,True,False,True,False,True,False
hourly,xgboost,4,0.54,8075,6814,0.8438390092879257,0.516583504549457,False,True,False,True,False,True,False,True,False
hourly,xgboost,4,0.55,8075,6521,0.8075541795665635,0.5152583959515412,False,True,False,True,False,True,False,True,False
hourly,xgboost,4,0.56,8075,6209,0.7689164086687307,0.5160251248188114,False,True,False,True,False,True,False,True,False
hourly,xgboost,4,0.57,8075,5938,0.7353560371517028,0.5175143145840351,False,True,False,True,False,True,False,True,False
hourly,xgboost,4,0.58,8075,5658,0.7006811145510836,0.5197949805585013,False,True,False,True,False,True,False,True,False
hourly,xgboost,4,0.59,8075,5364,0.6642724458204334,0.5208799403430275,False,True,False,True,False,True,False,True,False
hourly,xgboost,4,0.6,8075,5083,0.6294736842105263,0.5201652567381467,False,True,False,True,False,True,False,True,False
hourly,xgboost,4,0.61,8075,4781,0.5920743034055728,0.520602384438402,False,True,False,True,False,True,False,True,False
hourly,xgboost,4,0.62,8075,4489,0.5559133126934984,0.5221652929382936,False,True,False,True,False,True,False,True,False
hourly,xgboost,4,0.63,8075,4220,0.5226006191950464,0.5222748815165876,False,True,False,True,False,True,False,True,False
hourly,xgboost,4,0.64,8075,3948,0.48891640866873065,0.524822695035461,False,False,False,True,False,True,False,True,False
hourly,xgboost,4,0.65,8075,3692,0.4572136222910217,0.5246478873239436,False,False,False,True,False,True,False,True,False
hourly,xgboost,4,0.66,8075,3405,0.421671826625387,0.5286343612334802,False,False,False,True,False,True,False,True,False
hourly,xgboost,4,0.67,8075,3167,0.3921981424148607,0.5317335017366593,False,False,False,False,False,True,False,True,False
hourly,xgboost,4,0.68,8075,2944,0.36458204334365324,0.5380434782608695,False,False,False,False,False,True,False,True,False
hourly,xgboost,4,0.69,8075,2735,0.33869969040247677,0.543327239488117,False,False,False,False,False,True,False,True,False
hourly,xgboost,4,0.7,8075,2526,0.3128173374613003,0.5435471100554236,False,False,False,False,False,True,False,True,False
hourly,xgboost,4,0.71,8075,2295,0.28421052631578947,0.5420479302832244,False,False,False,False,False,False,False,True,False
hourly,xgboost,4,0.72,8075,2078,0.2573374613003096,0.546679499518768,False,False,False,False,False,False,False,True,False
hourly,xgboost,4,0.73,8075,1868,0.23133126934984521,0.5497858672376874,False,False,False,False,False,False,False,True,False
hourly,xgboost,4,0.74,8075,1684,0.20854489164086687,0.5480997624703088,False,False,False,False,False,False,False,True,False
hourly,xgboost,4,0.75,8075,1508,0.18674922600619195,0.5503978779840849,False,False,False,False,False,False,False,False,False
hourly,xgboost,4,0.76,8075,1341,0.16606811145510836,0.5495898583146905,False,False,False,False,False,False,False,False,False
hourly,xgboost,4,0.77,8075,1168,0.14464396284829723,0.5445205479452054,False,False,False,False,False,False,False,False,False
hourly,xgboost,4,0.78,8075,1016,0.12582043343653251,0.5511811023622047,False,False,False,False,False,False,False,False,False
hourly,xgboost,4,0.79,8075,881,0.10910216718266254,0.5437003405221339,False,False,False,False,False,False,False,False,False
hourly,xgboost,4,0.8,8075,757,0.09374613003095975,0.5587846763540291,False,False,False,False,False,False,False,False,False
hourly,xgboost,4,0.81,8075,651,0.08061919504643963,0.5560675883256528,False,False,False,False,False,False,False,False,False
hourly,xgboost,4,0.82,8075,551,0.06823529411764706,0.5571687840290381,False,False,False,False,False,False,False,False,False
hourly,xgboost,4,0.83,8075,439,0.05436532507739938,0.5626423690205011,False,False,False,False,False,False,False,False,False
hourly,xgboost,4,0.84,8075,353,0.04371517027863777,0.5580736543909348,False,False,False,False,False,False,False,False,False
hourly,xgboost,4,0.85,8075,295,0.03653250773993808,0.5491525423728814,False,False,False,False,False,False,False,False,False
hourly,xgboost,4,0.86,8075,241,0.029845201238390094,0.5518672199170125,False,False,False,False,False,False,False,False,False
hourly,xgboost,4,0.87,8075,180,0.022291021671826627,0.5333333333333333,False,False,False,False,False,False,False,False,False
hourly,xgboost,4,0.88,8075,140,0.0173374613003096,0.5357142857142857,False,False,False,False,False,False,False,False,False
hourly,xgboost,4,0.89,8075,106,0.013126934984520123,0.5471698113207547,False,False,False,False,False,False,False,False,False
hourly,xgboost,4,0.9,8075,74,0.009164086687306502,0.5945945945945946,False,False,False,False,False,False,False,False,False
hourly,xgboost,8,0.5,8262,8262,1.0,0.49818445896877267,False,True,False,True,False,True,False,True,False
hourly,xgboost,8,0.51,8262,8033,0.9722827402565964,0.49856840532802194,False,True,False,True,False,True,False,True,False
hourly,xgboost,8,0.52,8262,7790,0.9428709755507141,0.5,False,True,False,True,False,True,False,True,False
hourly,xgboost,8,0.53,8262,7500,0.9077705156136529,0.5014666666666666,False,True,False,True,False,True,False,True,False
hourly,xgboost,8,0.54,8262,7226,0.8746066327765675,0.5013838915029062,False,True,False,True,False,True,False,True,False
hourly,xgboost,8,0.55,8262,6947,0.8408375695957395,0.5020872318986613,False,True,False,True,False,True,False,True,False
hourly,xgboost,8,0.56,8262,6704,0.8114258048898572,0.5037291169451074,False,True,False,True,False,True,False,True,False
hourly,xgboost,8,0.57,8262,6482,0.784555797627693,0.5030854674483184,False,True,False,True,False,True,False,True,False
hourly,xgboost,8,0.58,8262,6246,0.7559912854030502,0.5028818443804035,False,True,False,True,False,True,False,True,False
hourly,xgboost,8,0.59,8262,5996,0.7257322682159284,0.5011674449633089,False,True,False,True,False,True,False,True,False
hourly,xgboost,8,0.6,8262,5768,0.6981360445412733,0.5026005547850209,False,True,False,True,False,True,False,True,False
hourly,xgboost,8,0.61,8262,5508,0.6666666666666666,0.5019970951343501,False,True,False,True,False,True,False,True,False
hourly,xgboost,8,0.62,8262,5256,0.6361655773420479,0.5038051750380518,False,True,False,True,False,True,False,True,False
hourly,xgboost,8,0.63,8262,5003,0.6055434519486808,0.5066959824105537,False,True,False,True,False,True,False,True,False
hourly,xgboost,8,0.64,8262,4758,0.5758896151053013,0.5075662042875158,False,True,False,True,False,True,False,True,False
hourly,xgboost,8,0.65,8262,4531,0.5484144274993948,0.5104833370116972,False,True,False,True,False,True,False,True,False
hourly,xgboost,8,0.66,8262,4293,0.5196078431372549,0.5105986489634289,False,True,False,True,False,True,False,True,False
hourly,xgboost,8,0.67,8262,4069,0.4924957637375938,0.5106905873679036,False,False,False,True,False,True,False,True,False
hourly,xgboost,8,0.68,8262,3844,0.46526264826918423,0.5150884495317378,False,False,False,True,False,True,False,True,False
hourly,xgboost,8,0.69,8262,3630,0.439360929557008,0.5151515151515151,False,False,False,True,False,True,False,True,False
hourly,xgboost,8,0.7,8262,3414,0.4132171387073348,0.5169888693614528,False,False,False,True,False,True,False,True,False
hourly,xgboost,8,0.71,8262,3221,0.38985717743887677,0.5197143744178826,False,False,False,False,False,True,False,True,False
hourly,xgboost,8,0.72,8262,3037,0.36758654078915515,0.5205795192624301,False,False,False,False,False,True,False,True,False
hourly,xgboost,8,0.73,8262,2852,0.34519486807068506,0.520687237026648,False,False,False,False,False,True,False,True,False
hourly,xgboost,8,0.74,8262,2688,0.3253449527959332,0.5200892857142857,False,False,False,False,False,True,False,True,False
hourly,xgboost,8,0.75,8262,2533,0.3065843621399177,0.5203316225819187,False,False,False,False,False,True,False,True,False
hourly,xgboost,8,0.76,8262,2351,0.28455579762769306,0.5206295193534666,False,False,False,False,False,False,False,True,False
hourly,xgboost,8,0.77,8262,2158,0.26119583635923505,0.5231696014828545,False,False,False,False,False,False,False,True,False
hourly,xgboost,8,0.78,8262,1978,0.2394093439845074,0.5298281092012134,False,False,False,False,False,False,False,True,False
hourly,xgboost,8,0.79,8262,1805,0.21847010409101913,0.535180055401662,False,False,False,False,False,False,False,True,False
hourly,xgboost,8,0.8,8262,1634,0.19777293633502785,0.5367197062423501,False,False,False,False,False,False,False,False,False
hourly,xgboost,8,0.81,8262,1481,0.17925441781650933,0.5340985820391627,False,False,False,False,False,False,False,False,False
hourly,xgboost,8,0.82,8262,1308,0.15831517792302105,0.5275229357798165,False,False,False,False,False,False,False,False,False
hourly,xgboost,8,0.83,8262,1174,0.1420963447107238,0.534923339011925,False,False,False,False,False,False,False,False,False
hourly,xgboost,8,0.84,8262,1031,0.12478818687969015,0.5354025218234724,False,False,False,False,False,False,False,False,False
hourly,xgboost,8,0.85,8262,866,0.10481723553618978,0.5427251732101617,False,False,False,False,False,False,False,False,False
hourly,xgboost,8,0.86,8262,735,0.08896151053013798,0.5306122448979592,False,False,False,False,False,False,False,False,False
hourly,xgboost,8,0.87,8262,601,0.07274267731784072,0.5091514143094842,False,False,False,False,False,False,False,False,False
hourly,xgboost,8,0.88,8262,497,0.060154926167998064,0.4949698189134809,False,False,False,False,False,False,False,False,False
hourly,xgboost,8,0.89,8262,390,0.04720406681190995,0.4948717948717949,False,False,False,False,False,False,False,False,False
hourly,xgboost,8,0.9,8262,300,0.03631082062454612,0.5066666666666667,False,False,False,False,False,False,False,False,False
hourly,xgboost,20,0.5,8310,8310,1.0,0.5055354993983153,False,True,False,True,False,True,False,True,False
hourly,xgboost,20,0.51,8310,8138,0.9793020457280385,0.5065126566724011,False,True,False,True,False,True,False,True,False
hourly,xgboost,20,0.52,8310,7950,0.9566787003610109,0.5069182389937107,False,True,False,True,False,True,False,True,False
hourly,xgboost,20,0.53,8310,7776,0.935740072202166,0.5068158436213992,False,True,False,True,False,True,False,True,False
hourly,xgboost,20,0.54,8310,7606,0.9152827918170878,0.5070996581646069,False,True,False,True,False,True,False,True,False
hourly,xgboost,20,0.55,8310,7406,0.8912154031287606,0.5064812314339725,False,True,False,True,False,True,False,True,False
hourly,xgboost,20,0.56,8310,7217,0.8684717208182913,0.5064431204101427,False,True,False,True,False,True,False,True,False
hourly,xgboost,20,0.57,8310,7038,0.8469314079422383,0.5072463768115942,False,True,False,True,False,True,False,True,False
hourly,xgboost,20,0.58,8310,6862,0.8257521058965103,0.507286505392014,False,True,False,True,False,True,False,True,False
hourly,xgboost,20,0.59,8310,6681,0.803971119133574,0.5078581050740907,False,True,False,True,False,True,False,True,False
hourly,xgboost,20,0.6,8310,6499,0.7820697954271961,0.5074626865671642,False,True,False,True,False,True,False,True,False
hourly,xgboost,20,0.61,8310,6327,0.7613718411552347,0.50956219377272,False,True,False,True,False,True,False,True,False
hourly,xgboost,20,0.62,8310,6146,0.7395908543922984,0.5063455906280507,False,True,False,True,False,True,False,True,False
hourly,xgboost,20,0.63,8310,5980,0.7196149217809867,0.5060200668896321,False,True,False,True,False,True,False,True,False
hourly,xgboost,20,0.64,8310,5821,0.7004813477737666,0.5047242741796942,False,True,False,True,False,True,False,True,False
hourly,xgboost,20,0.65,8310,5660,0.681107099879663,0.5035335689045937,False,True,False,True,False,True,False,True,False
hourly,xgboost,20,0.66,8310,5484,0.6599277978339351,0.5020058351568198,False,True,False,True,False,True,False,True,False
hourly,xgboost,20,0.67,8310,5322,0.6404332129963899,0.501315295001879,False,True,False,True,False,True,False,True,False
hourly,xgboost,20,0.68,8310,5164,0.6214199759326113,0.5009682416731216,False,True,False,True,False,True,False,True,False
hourly,xgboost,20,0.69,8310,4988,0.6002406738868833,0.49899759422614276,False,True,False,True,False,True,False,True,False
hourly,xgboost,20,0.7,8310,4814,0.5793020457280386,0.4995845450768592,False,True,False,True,False,True,False,True,False
hourly,xgboost,20,0.71,8310,4645,0.558965102286402,0.4979547900968784,False,True,False,True,False,True,False,True,False
hourly,xgboost,20,0.72,8310,4476,0.5386281588447653,0.4973190348525469,False,True,False,True,False,True,False,True,False
hourly,xgboost,20,0.73,8310,4288,0.5160048134777376,0.49486940298507465,False,True,False,True,False,True,False,True,False
hourly,xgboost,20,0.74,8310,4121,0.49590854392298434,0.49308420286338267,False,False,False,True,False,True,False,True,False
hourly,xgboost,20,0.75,8310,3926,0.4724428399518652,0.4923586347427407,False,False,False,True,False,True,False,True,False
hourly,xgboost,20,0.76,8310,3749,0.45114320096269556,0.4923979727927447,False,False,False,True,False,True,False,True,False
hourly,xgboost,20,0.77,8310,3546,0.42671480144404333,0.4946418499717992,False,False,False,True,False,True,False,True,False
hourly,xgboost,20,0.78,8310,3354,0.4036101083032491,0.4940369707811568,False,False,False,True,False,True,False,True,False
hourly,xgboost,20,0.79,8310,3173,0.3818291215403129,0.49385439647021745,False,False,False,False,False,True,False,True,False
hourly,xgboost,20,0.8,8310,2997,0.36064981949458486,0.4901568234901568,False,False,False,False,False,True,False,True,False
hourly,xgboost,20,0.81,8310,2813,0.3385078219013237,0.4859580519018841,False,False,False,False,False,True,False,True,False
hourly,xgboost,20,0.82,8310,2628,0.31624548736462094,0.4836377473363775,False,False,False,False,False,True,False,True,False
hourly,xgboost,20,0.83,8310,2444,0.2941034897713598,0.486088379705401,False,False,False,False,False,False,False,True,False
hourly,xgboost,20,0.84,8310,2273,0.27352587244283993,0.4852617685877695,False,False,False,False,False,False,False,True,False
hourly,xgboost,20,0.85,8310,2060,0.24789410348977137,0.48980582524271843,False,False,False,False,False,False,False,True,False
hourly,xgboost,20,0.86,8310,1857,0.22346570397111915,0.5040387722132472,False,False,False,False,False,False,False,True,False
hourly,xgboost,20,0.87,8310,1686,0.20288808664259927,0.5142348754448398,False,False,False,False,False,False,False,True,False
hourly,xgboost,20,0.88,8310,1466,0.17641395908543922,0.514324693042292,False,False,False,False,False,False,False,False,False
hourly,xgboost,20,0.89,8310,1264,0.15210589651022863,0.5150316455696202,False,False,False,False,False,False,False,False,False
hourly,xgboost,20,0.9,8310,1103,0.13273164861612516,0.514959202175884,False,False,False,False,False,False,False,False,False
