date,ticker,model_name,prediction_date,target_date,horizon,horizon_days,actual_return,predicted_return,absolute_error,pct_error
2026-01-05,ACB,cart,2025-12-25,2026-01-05,5d,5,0.0,0.0047567248722220545,0.0047567248722220545,
2026-01-06,ACB,cart,2025-12-26,2026-01-06,5d,5,0.004184100418409997,0.0047567248722220545,0.0005726244538120573,13.685724446108313
2026-01-07,ACB,cart,2025-12-29,2026-01-07,5d,5,0.027083333333333348,0.0047567248722220545,0.022326608461111293,82.4367081641032
2026-01-08,ACB,cart,2025-12-30,2026-01-08,5d,5,0.018672199170124415,0.0047567248722220545,0.01391547429790236,74.5250956843218
2026-01-09,ACB,cart,2025-12-31,2026-01-09,5d,5,0.022916666666666696,0.0047567248722220545,0.01815994179444464,79.24338237575833
2026-01-12,ACB,cart,2026-01-05,2026-01-12,5d,5,0.0625,0.0047567248722220545,0.057743275127777945,92.38924020444472
2026-01-13,ACB,cart,2026-01-06,2026-01-13,5d,5,0.03749999999999987,0.0047567248722220545,0.03274327512777781,87.31540034074115
2026-01-14,ACB,cart,2026-01-07,2026-01-14,5d,5,0.0,0.0047567248722220545,0.0047567248722220545,
2026-01-15,ACB,cart,2026-01-08,2026-01-15,5d,5,0.014256619144602745,0.0047567248722220545,0.00949989427238069,66.63497268198505
2026-01-16,ACB,cart,2026-01-09,2026-01-16,5d,5,0.012219959266802416,0.0047567248722220545,0.0074632343945803615,61.07413479564943
2026-01-19,ACB,cart,2026-01-12,2026-01-19,5d,5,-0.015686274509803866,0.0047567248722220545,0.02044299938202592,130.3241210604157
2026-01-20,ACB,cart,2026-01-13,2026-01-20,5d,5,0.006024096385542244,0.0047567248722220545,0.001267371513320189,21.038367121114877
2026-01-21,ACB,cart,2026-01-14,2026-01-21,5d,5,0.008113590263691739,0.0047567248722220545,0.0033568653914696845,41.373365949863576
2026-01-22,ACB,cart,2026-01-15,2026-01-22,5d,5,-0.00200803212851397,0.0047567248722220545,0.006764757000736025,336.8848986366685
2026-01-23,ACB,cart,2026-01-16,2026-01-23,5d,5,0.008048289738430636,0.0047567248722220545,0.0032915648662085817,40.89769346264136
2026-01-26,ACB,cart,2026-01-19,2026-01-26,5d,5,-0.01195219123505975,0.0047567248722220545,0.016708916107281806,139.79793143092456
2026-01-27,ACB,cart,2026-01-20,2026-01-27,5d,5,-0.013972055888223589,0.0047567248722220545,0.018728780760445644,134.04455944261778
2026-01-28,ACB,cart,2026-01-21,2026-01-28,5d,5,-0.03822937625754541,0.0047567248722220545,0.042986101129767466,112.44259084997029
2026-01-29,ACB,cart,2026-01-22,2026-01-29,5d,5,-0.04225352112676062,0.0047567248722220545,0.047010245998982673,111.25758219759219
2026-01-30,ACB,cart,2026-01-23,2026-01-30,5d,5,-0.03792415169660679,0.0047567248722220545,0.042680876568828845,112.54273242622763
2026-02-02,ACB,cart,2026-01-26,2026-02-02,5d,5,-0.04233870967741937,0.0047567248722220545,0.04709543454964143,111.2349311267721
2026-02-03,ACB,cart,2026-01-27,2026-02-03,5d,5,-0.04048582995951422,0.0047567248722220545,0.045242554831736274,111.74911043438847
2026-02-04,ACB,cart,2026-01-28,2026-02-04,5d,5,-0.012552301255229992,0.0047567248722220545,0.017309026127452047,137.8952414820361
2026-02-05,ACB,cart,2026-01-29,2026-02-05,5d,5,-0.014705882352941235,0.0047567248722220545,0.01946260722516329,132.34572913110983
2026-02-06,ACB,cart,2026-01-30,2026-02-06,5d,5,-0.045643153526971014,0.0047567248722220545,0.05039987839919307,110.42155176550467
2026-02-09,ACB,cart,2026-02-02,2026-02-09,5d,5,-0.03368421052631587,0.0047567248722220545,0.03844093539853793,114.12152696440918
2026-02-10,ACB,cart,2026-02-03,2026-02-10,5d,5,-0.029535864978902926,0.0047567248722220545,0.03429258985112498,116.10491135309469
2026-02-11,ACB,cart,2026-02-04,2026-02-11,5d,5,0.0021186440677964935,0.0047567248722220545,0.002638080804425561,124.51741396889334
2026-02-12,ACB,cart,2026-02-05,2026-02-12,5d,5,0.017057569296375252,0.0047567248722220545,0.012300844424153197,72.11370043659818
2026-02-13,ACB,cart,2026-02-06,2026-02-13,5d,5,0.036956521739130554,0.0047567248722220545,0.0321997968669085,87.128862110458
2026-02-23,ACB,cart,2026-02-09,2026-02-23,5d,5,0.04793028322440085,0.0047567248722220545,0.043173558352178794,90.07574219840944
2026-02-24,ACB,cart,2026-02-10,2026-02-24,5d,5,0.04347826086956519,0.0047567248722220545,0.03872153599734313,89.05953279388926
2026-02-25,ACB,cart,2026-02-11,2026-02-25,5d,5,0.03382663847780121,0.0047567248722220545,0.029069913605579152,85.93793209649351
2026-02-26,ACB,cart,2026-02-12,2026-02-26,5d,5,0.02515723270440251,0.0047567248722220545,0.020400507832180455,81.09201863291733
2026-02-27,ACB,cart,2026-02-13,2026-02-27,5d,5,0.029350104821803003,0.0047567248722220545,0.024593379949580947,83.79315882821489
2026-03-02,ACB,cart,2026-02-23,2026-03-02,5d,5,-0.004158004158004269,0.0047567248722220545,0.008914729030226325,214.39923317693737
2026-03-03,ACB,cart,2026-02-24,2026-03-03,5d,5,-0.02083333333333337,0.0047567248722220545,0.025590058205555426,122.83227938666583
2026-03-04,ACB,cart,2026-02-25,2026-03-04,5d,5,-0.05112474437627812,0.0047567248722220545,0.055881469248500175,109.30415385006633
2026-03-05,ACB,cart,2026-02-26,2026-03-05,5d,5,-0.036809815950920144,0.0047567248722220545,0.0415665408231422,112.92243590286995
2026-03-06,ACB,cart,2026-02-27,2026-03-06,5d,5,-0.050916496945010215,0.0047567248722220545,0.05567322181723227,109.34220764904413
2026-03-09,ACB,cart,2026-03-02,2026-03-09,5d,5,-0.09394572025052195,0.0047567248722220545,0.098702445122744,105.06326936398747
2026-03-10,ACB,cart,2026-03-03,2026-03-10,5d,5,-0.014893617021276673,0.0047567248722220545,0.019650341893498728,131.93800985634792
2026-03-11,ACB,cart,2026-03-04,2026-03-11,5d,5,0.0,0.0047567248722220545,0.0047567248722220545,
2026-03-12,ACB,cart,2026-03-05,2026-03-12,5d,5,-0.016985138004246392,0.0047567248722220545,0.021741862876468447,128.00521768520719
2026-03-13,ACB,cart,2026-03-06,2026-03-13,5d,5,0.006437768240343367,0.0047567248722220545,0.0016810433681213122,26.112206984817636
2026-03-16,ACB,cart,2026-03-09,2026-03-16,5d,5,0.08064516129032251,-0.03152810733502393,0.11217326862534643,139.0948530954297
2026-03-17,ACB,cart,2026-03-10,2026-03-17,5d,5,0.025917926565874883,0.0047567248722220545,0.021161201693652827,81.64696986801002
2026-03-18,ACB,cart,2026-03-11,2026-03-18,5d,5,0.0237068965517242,0.0047567248722220545,0.018950171679502144,79.93526962989974
2026-03-19,ACB,cart,2026-03-12,2026-03-19,5d,5,0.019438444924406273,0.0047567248722220545,0.014681720052184218,75.52929315734683
2026-03-20,ACB,cart,2026-03-13,2026-03-20,5d,5,-0.019189765458422103,0.0047567248722220545,0.02394649033064416,124.78782183413502
2026-03-23,ACB,cart,2026-03-16,2026-03-23,5d,5,-0.04051172707889128,0.0047567248722220545,0.045268451951113335,111.74159981616918
2026-03-24,ACB,cart,2026-03-17,2026-03-24,5d,5,-0.027368421052631486,0.0047567248722220545,0.03212514592485354,117.38034087927296
2026-03-25,ACB,cart,2026-03-18,2026-03-25,5d,5,0.002105263157894832,0.0047567248722220545,0.0026514617143272223,125.94443143053735
2026-03-26,ACB,cart,2026-03-19,2026-03-26,5d,5,0.0,0.0047567248722220545,0.0047567248722220545,
2026-03-27,ACB,cart,2026-03-20,2026-03-27,5d,5,0.034782608695652195,0.0047567248722220545,0.03002588382343014,86.32441599236161
2026-03-30,ACB,cart,2026-03-23,2026-03-30,5d,5,0.05555555555555558,-0.07255360867746337,0.12810916423301894,230.59649561943397
2026-03-31,ACB,cart,2026-03-24,2026-03-31,5d,5,0.01948051948051943,-0.07255360867746337,0.0920341281579828,472.4418578776462
2026-04-01,ACB,cart,2026-03-25,2026-04-01,5d,5,0.0,-0.07255360867746337,0.07255360867746337,
2026-04-02,ACB,cart,2026-03-26,2026-04-02,5d,5,0.0,-0.07255360867746337,0.07255360867746337,
2026-04-03,ACB,cart,2026-03-27,2026-04-03,5d,5,-0.012605042016806789,-0.07255360867746337,0.05994856666065658,475.5919621745397
2026-04-06,ACB,cart,2026-03-30,2026-04-06,5d,5,-0.021052631578947323,0.0047567248722220545,0.025809356451169378,122.5944431430548
2026-04-07,ACB,cart,2026-03-31,2026-04-07,5d,5,-0.014861995753715607,0.0047567248722220545,0.019618720625937662,132.00596306880817
2026-04-08,ACB,cart,2026-04-01,2026-04-08,5d,5,0.012605042016806678,0.0047567248722220545,0.007848317144584623,62.263316013704895
2026-04-09,ACB,cart,2026-04-02,2026-04-09,5d,5,0.010593220338983134,0.0047567248722220545,0.005836495466761079,55.09651720622416
2026-04-10,ACB,cart,2026-04-03,2026-04-10,5d,5,0.014893617021276562,0.0047567248722220545,0.010136892149054506,68.06199014365184
2026-01-05,ACB,lightgbm,2025-12-25,2026-01-05,5d,5,0.0,-0.009593389264545503,0.009593389264545503,
2026-01-06,ACB,lightgbm,2025-12-26,2026-01-06,5d,5,0.004184100418409997,-0.007252871254800222,0.011436971673210219,273.3436229897272
2026-01-07,ACB,lightgbm,2025-12-29,2026-01-07,5d,5,0.027083333333333348,-0.0011553454410093262,0.028238678774342673,104.26589085911135
2026-01-08,ACB,lightgbm,2025-12-30,2026-01-08,5d,5,0.018672199170124415,-0.014602064066445184,0.033274263236569596,178.20216533362893
2026-01-09,ACB,lightgbm,2025-12-31,2026-01-09,5d,5,0.022916666666666696,-0.007401422197742043,0.03031808886440874,132.2971150446925
2026-01-12,ACB,lightgbm,2026-01-05,2026-01-12,5d,5,0.0625,0.00012031527404536224,0.062379684725954634,99.80749556152742
2026-01-13,ACB,lightgbm,2026-01-06,2026-01-13,5d,5,0.03749999999999987,-0.006369972330834079,0.043869972330833944,116.98659288222426
2026-01-14,ACB,lightgbm,2026-01-07,2026-01-14,5d,5,0.0,-0.013595679939604222,0.013595679939604222,
2026-01-15,ACB,lightgbm,2026-01-08,2026-01-15,5d,5,0.014256619144602745,-0.008109773944013838,0.022366393088616585,156.88427152158323
2026-01-16,ACB,lightgbm,2026-01-09,2026-01-16,5d,5,0.012219959266802416,-0.01733340686567355,0.029553366132475965,241.84504618409554
2026-01-19,ACB,lightgbm,2026-01-12,2026-01-19,5d,5,-0.015686274509803866,-0.031217275596543685,0.01553100108673982,99.01013192796671
2026-01-20,ACB,lightgbm,2026-01-13,2026-01-20,5d,5,0.006024096385542244,-0.011387343289233291,0.017411439674775535,289.02989860127025
2026-01-21,ACB,lightgbm,2026-01-14,2026-01-21,5d,5,0.008113590263691739,-0.024865721607656186,0.03297931187134792,406.4700188143604
2026-01-22,ACB,lightgbm,2026-01-15,2026-01-22,5d,5,-0.00200803212851397,-0.0309255545624357,0.02891752243392173,1440.0926172093639
2026-01-23,ACB,lightgbm,2026-01-16,2026-01-23,5d,5,0.008048289738430636,-0.03376591460974512,0.04181420434817575,519.5414890260803
2026-01-26,ACB,lightgbm,2026-01-19,2026-01-26,5d,5,-0.01195219123505975,-0.03399385721121246,0.02204166597615271,184.4152720004778
2026-01-27,ACB,lightgbm,2026-01-20,2026-01-27,5d,5,-0.013972055888223589,-0.02816837860101458,0.01419632271279099,101.60510970154668
2026-01-28,ACB,lightgbm,2026-01-21,2026-01-28,5d,5,-0.03822937625754541,-0.03145710208661368,0.006772274170931729,17.714843489226613
2026-01-29,ACB,lightgbm,2026-01-22,2026-01-29,5d,5,-0.04225352112676062,-0.024426203510162524,0.017827317616598094,42.19131835928211
2026-01-30,ACB,lightgbm,2026-01-23,2026-01-30,5d,5,-0.03792415169660679,-0.027317433237933814,0.010606718458672976,27.968241830500844
2026-02-02,ACB,lightgbm,2026-01-26,2026-02-02,5d,5,-0.04233870967741937,-0.02011621844272992,0.022222491234689452,52.487407868599824
2026-02-03,ACB,lightgbm,2026-01-27,2026-02-03,5d,5,-0.04048582995951422,-0.026950296675835983,0.013535533283678236,33.432767210685206
2026-02-04,ACB,lightgbm,2026-01-28,2026-02-04,5d,5,-0.012552301255229992,-0.013958359017034239,0.001406057761804247,11.201593502373953
2026-02-05,ACB,lightgbm,2026-01-29,2026-02-05,5d,5,-0.014705882352941235,-0.0024000743872830367,0.012305807965658198,83.67949416647541
2026-02-06,ACB,lightgbm,2026-01-30,2026-02-06,5d,5,-0.045643153526971014,-0.006210154668033237,0.03943299885893778,86.39411568185447
2026-02-09,ACB,lightgbm,2026-02-02,2026-02-09,5d,5,-0.03368421052631587,-0.0013137518002585885,0.03237045872605728,96.09979934298232
2026-02-10,ACB,lightgbm,2026-02-03,2026-02-10,5d,5,-0.029535864978902926,7.438317733068838e-05,0.029610248156233615,100.25184018610534
2026-02-11,ACB,lightgbm,2026-02-04,2026-02-11,5d,5,0.0021186440677964935,-0.006563997859140328,0.00868264192693682,409.8206989514405
2026-02-12,ACB,lightgbm,2026-02-05,2026-02-12,5d,5,0.017057569296375252,-0.01343640528028391,0.03049397457665916,178.7709259556645
2026-02-13,ACB,lightgbm,2026-02-06,2026-02-13,5d,5,0.036956521739130554,-0.013442723042578356,0.05039924478170891,136.37442705638838
2026-02-23,ACB,lightgbm,2026-02-09,2026-02-23,5d,5,0.04793028322440085,-0.02802245669488176,0.07595273991928261,158.46503464977607
2026-02-24,ACB,lightgbm,2026-02-10,2026-02-24,5d,5,0.04347826086956519,-0.04247251079799651,0.0859507716675617,197.68677483539204
2026-02-25,ACB,lightgbm,2026-02-11,2026-02-25,5d,5,0.03382663847780121,-0.04667170722098349,0.0804983456987847,237.97323447203266
2026-02-26,ACB,lightgbm,2026-02-12,2026-02-26,5d,5,0.02515723270440251,-0.02908894673999597,0.05424617944439848,215.628563291484
2026-02-27,ACB,lightgbm,2026-02-13,2026-02-27,5d,5,0.029350104821803003,-0.031988448544189765,0.06133855336599277,208.98921396841774
2026-03-02,ACB,lightgbm,2026-02-23,2026-03-02,5d,5,-0.004158004158004269,-0.02017925921822332,0.01602125506021905,385.3111841982579
2026-03-03,ACB,lightgbm,2026-02-24,2026-03-03,5d,5,-0.02083333333333337,-0.019198521732571708,0.0016348116007616625,7.847095683655966
2026-03-04,ACB,lightgbm,2026-02-25,2026-03-04,5d,5,-0.05112474437627812,-0.02324802755251003,0.02787671682376809,54.52685810729039
2026-03-05,ACB,lightgbm,2026-02-26,2026-03-05,5d,5,-0.036809815950920144,-0.026607262443264924,0.01020255350765522,27.71693702913009
2026-03-06,ACB,lightgbm,2026-02-27,2026-03-06,5d,5,-0.050916496945010215,-0.01726339829978519,0.033653098645225026,66.09468573922192
2026-03-09,ACB,lightgbm,2026-03-02,2026-03-09,5d,5,-0.09394572025052195,-0.019724326628702986,0.07422139362181895,79.00455009966949
2026-03-10,ACB,lightgbm,2026-03-03,2026-03-10,5d,5,-0.014893617021276673,-0.014559260296397317,0.0003343567248793554,2.244966581332803
2026-03-11,ACB,lightgbm,2026-03-04,2026-03-11,5d,5,0.0,-0.00935283983042155,0.00935283983042155,
2026-03-12,ACB,lightgbm,2026-03-05,2026-03-12,5d,5,-0.016985138004246392,-0.024015305454662638,0.007030167450416246,41.39011086432539
2026-03-13,ACB,lightgbm,2026-03-06,2026-03-13,5d,5,0.006437768240343367,-0.009515056262881025,0.01595282450322439,247.80054061675148
2026-03-16,ACB,lightgbm,2026-03-09,2026-03-16,5d,5,0.08064516129032251,-0.019561334995124705,0.10020649628544721,124.25605539395465
2026-03-17,ACB,lightgbm,2026-03-10,2026-03-17,5d,5,0.025917926565874883,-0.044292521010805504,0.07021044757668038,270.8953102333569
2026-03-18,ACB,lightgbm,2026-03-11,2026-03-18,5d,5,0.0237068965517242,-0.036332174595547495,0.060039071147271694,253.2557182939454
2026-03-19,ACB,lightgbm,2026-03-12,2026-03-19,5d,5,0.019438444924406273,-0.03524682536389646,0.05468527028830273,281.32533492759853
2026-03-20,ACB,lightgbm,2026-03-13,2026-03-20,5d,5,-0.019189765458422103,-0.051995394455294226,0.03280562899687212,170.95377777258983
2026-03-23,ACB,lightgbm,2026-03-16,2026-03-23,5d,5,-0.04051172707889128,-0.034270200927328166,0.0062415261515631135,15.406714553068939
2026-03-24,ACB,lightgbm,2026-03-17,2026-03-24,5d,5,-0.027368421052631486,-0.024436871841009983,0.0029315492116215036,10.711429811693991
2026-03-25,ACB,lightgbm,2026-03-18,2026-03-25,5d,5,0.002105263157894832,-0.02258981069528255,0.02469507385317738,1173.0160080258725
2026-03-26,ACB,lightgbm,2026-03-19,2026-03-26,5d,5,0.0,-0.02970637120688193,0.02970637120688193,
2026-03-27,ACB,lightgbm,2026-03-20,2026-03-27,5d,5,0.034782608695652195,-0.016234489570571494,0.05101709826622369,146.67415751539303
2026-03-30,ACB,lightgbm,2026-03-23,2026-03-30,5d,5,0.05555555555555558,-0.040874574692154914,0.0964301302477105,173.5742344458788
2026-03-31,ACB,lightgbm,2026-03-24,2026-03-31,5d,5,0.01948051948051943,-0.05919609374108692,0.07867661322160635,403.87328120424695
2026-04-01,ACB,lightgbm,2026-03-25,2026-04-01,5d,5,0.0,-0.058903286059522914,0.058903286059522914,
2026-04-02,ACB,lightgbm,2026-03-26,2026-04-02,5d,5,0.0,-0.04468453027349648,0.04468453027349648,
2026-04-03,ACB,lightgbm,2026-03-27,2026-04-03,5d,5,-0.012605042016806789,-0.03784338438703167,0.025238342370224882,200.224182803783
2026-04-06,ACB,lightgbm,2026-03-30,2026-04-06,5d,5,-0.021052631578947323,-0.019006295045968277,0.0020463365329790456,9.720098531650487
2026-04-07,ACB,lightgbm,2026-03-31,2026-04-07,5d,5,-0.014861995753715607,-0.02573408753831561,0.010872091784600003,73.15364615066521
2026-04-08,ACB,lightgbm,2026-04-01,2026-04-08,5d,5,0.012605042016806678,-0.042713790941238006,0.055318832958044684,438.86274146715607
2026-04-09,ACB,lightgbm,2026-04-02,2026-04-09,5d,5,0.010593220338983134,-0.019221118410246082,0.029814338749229216,281.44735779272156
2026-04-10,ACB,lightgbm,2026-04-03,2026-04-10,5d,5,0.014893617021276562,-0.024418450135238717,0.03931206715651528,263.9524509080318
2026-01-05,ACB,xgboost,2025-12-25,2026-01-05,5d,5,0.0,-0.004369982518255711,0.004369982518255711,
2026-01-06,ACB,xgboost,2025-12-26,2026-01-06,5d,5,0.004184100418409997,0.004250286612659693,6.618619424969552e-05,1.58185004256774
2026-01-07,ACB,xgboost,2025-12-29,2026-01-07,5d,5,0.027083333333333348,-0.002277776598930359,0.029361109932263707,108.410252057589
2026-01-08,ACB,xgboost,2025-12-30,2026-01-08,5d,5,0.018672199170124415,-0.006700268946588039,0.025372468116712454,135.8836625806161
2026-01-09,ACB,xgboost,2025-12-31,2026-01-09,5d,5,0.022916666666666696,0.009180719964206219,0.013735946702460478,59.93867651982746
2026-01-12,ACB,xgboost,2026-01-05,2026-01-12,5d,5,0.0625,0.0003448498609941453,0.062155150139005855,99.44824022240937
2026-01-13,ACB,xgboost,2026-01-06,2026-01-13,5d,5,0.03749999999999987,0.0015118070878088474,0.03598819291219102,95.96851443250972
2026-01-14,ACB,xgboost,2026-01-07,2026-01-14,5d,5,0.0,-0.004041013773530722,0.004041013773530722,
2026-01-15,ACB,xgboost,2026-01-08,2026-01-15,5d,5,0.014256619144602745,-0.012137936428189278,0.026394555572792022,185.13895408915687
2026-01-16,ACB,xgboost,2026-01-09,2026-01-16,5d,5,0.012219959266802416,-0.017124561592936516,0.029344520859738932,240.13599570219748
2026-01-19,ACB,xgboost,2026-01-12,2026-01-19,5d,5,-0.015686274509803866,-0.03504031151533127,0.019354037005527402,123.38198591023763
2026-01-20,ACB,xgboost,2026-01-13,2026-01-20,5d,5,0.006024096385542244,-0.013927592895925045,0.01995168928146729,331.19804207235285
2026-01-21,ACB,xgboost,2026-01-14,2026-01-21,5d,5,0.008113590263691739,-0.022312933579087257,0.030426523842778996,375.00690636224857
2026-01-22,ACB,xgboost,2026-01-15,2026-01-22,5d,5,-0.00200803212851397,-0.025171911343932152,0.02316387921541818,1153.5611849278748
2026-01-23,ACB,xgboost,2026-01-16,2026-01-23,5d,5,0.008048289738430636,-0.028243526816368103,0.03629181655479874,450.92582069337135
2026-01-26,ACB,xgboost,2026-01-19,2026-01-26,5d,5,-0.01195219123505975,-0.02686583809554577,0.014913646860486018,124.77751206606646
2026-01-27,ACB,xgboost,2026-01-20,2026-01-27,5d,5,-0.013972055888223589,-0.026548348367214203,0.012576292478990614,90.01032188534688
2026-01-28,ACB,xgboost,2026-01-21,2026-01-28,5d,5,-0.03822937625754541,-0.029725441709160805,0.008503934548384606,22.244502476563863
2026-01-29,ACB,xgboost,2026-01-22,2026-01-29,5d,5,-0.04225352112676062,-0.01937435194849968,0.02287916917826094,54.14736705521749
2026-01-30,ACB,xgboost,2026-01-23,2026-01-30,5d,5,-0.03792415169660679,-0.022079920396208763,0.015844231300398026,41.77873621841795
2026-02-02,ACB,xgboost,2026-01-26,2026-02-02,5d,5,-0.04233870967741937,-0.011767621152102947,0.030571088525316426,72.20599956455686
2026-02-03,ACB,xgboost,2026-01-27,2026-02-03,5d,5,-0.04048582995951422,-0.01051261741667986,0.02997321254283436,74.03383498080078
2026-02-04,ACB,xgboost,2026-01-28,2026-02-04,5d,5,-0.012552301255229992,-0.004743495024740696,0.007808806230489296,62.210156302898724
2026-02-05,ACB,xgboost,2026-01-29,2026-02-05,5d,5,-0.014705882352941235,-0.003316283691674471,0.011389598661266764,77.44927089661368
2026-02-06,ACB,xgboost,2026-01-30,2026-02-06,5d,5,-0.045643153526971014,0.00678781745955348,0.052430970986524494,114.87149097956714
2026-02-09,ACB,xgboost,2026-02-02,2026-02-09,5d,5,-0.03368421052631587,0.002821817994117737,0.03650602852043361,108.377272170037
2026-02-10,ACB,xgboost,2026-02-03,2026-02-10,5d,5,-0.029535864978902926,0.006028312724083662,0.03556417770298659,120.41014450868329
2026-02-11,ACB,xgboost,2026-02-04,2026-02-11,5d,5,0.0021186440677964935,-0.011103593744337559,0.013222237812134052,624.0896247327616
2026-02-12,ACB,xgboost,2026-02-05,2026-02-12,5d,5,0.017057569296375252,-0.0009695300832390785,0.01802709937961433,105.6838701129891
2026-02-13,ACB,xgboost,2026-02-06,2026-02-13,5d,5,0.036956521739130554,-0.01169703807681799,0.048653559815948544,131.6508089137427
2026-02-23,ACB,xgboost,2026-02-09,2026-02-23,5d,5,0.04793028322440085,-0.024052882567048073,0.07198316579144892,150.18305953761396
2026-02-24,ACB,xgboost,2026-02-10,2026-02-24,5d,5,0.04347826086956519,-0.03156835585832596,0.07504661672789115,172.60721847414976
2026-02-25,ACB,xgboost,2026-02-11,2026-02-25,5d,5,0.03382663847780121,-0.021685700863599777,0.055512339341400985,164.10835317801696
2026-02-26,ACB,xgboost,2026-02-12,2026-02-26,5d,5,0.02515723270440251,-0.005931810475885868,0.031089043180288378,123.57894664164633
2026-02-27,ACB,xgboost,2026-02-13,2026-02-27,5d,5,0.029350104821803003,-0.009179286658763885,0.03852939148056689,131.27514097307403
2026-03-02,ACB,xgboost,2026-02-23,2026-03-02,5d,5,-0.004158004158004269,-0.004943611565977335,0.0007856074079730657,18.893858161751726
2026-03-03,ACB,xgboost,2026-02-24,2026-03-03,5d,5,-0.02083333333333337,0.0005730614066123962,0.021406394739945767,102.7506947517395
2026-03-04,ACB,xgboost,2026-02-25,2026-03-04,5d,5,-0.05112474437627812,0.001531966612674296,0.052656710988952415,102.99652669439092
2026-03-05,ACB,xgboost,2026-02-26,2026-03-05,5d,5,-0.036809815950920144,-0.0011867501307278872,0.03562306582019226,96.77599547818923
2026-03-06,ACB,xgboost,2026-02-27,2026-03-06,5d,5,-0.050916496945010215,-0.0019160337978973985,0.049000463147112816,96.23690962092951
2026-03-09,ACB,xgboost,2026-03-02,2026-03-09,5d,5,-0.09394572025052195,-0.004367866087704897,0.08957785416281705,95.35064920886524
2026-03-10,ACB,xgboost,2026-03-03,2026-03-10,5d,5,-0.014893617021276673,0.0010657045058906078,0.01595932152716728,107.1554445395512
2026-03-11,ACB,xgboost,2026-03-04,2026-03-11,5d,5,0.0,0.0006811291677877307,0.0006811291677877307,
2026-03-12,ACB,xgboost,2026-03-05,2026-03-12,5d,5,-0.016985138004246392,-0.006997521501034498,0.009987616503211894,58.80209216265965
2026-03-13,ACB,xgboost,2026-03-06,2026-03-13,5d,5,0.006437768240343367,-0.0022994617465883493,0.008737229986931716,135.7183057970056
2026-03-16,ACB,xgboost,2026-03-09,2026-03-16,5d,5,0.08064516129032251,-0.0012386215385049582,0.08188378282882747,101.53589070774616
2026-03-17,ACB,xgboost,2026-03-10,2026-03-17,5d,5,0.025917926565874883,-0.04343049228191376,0.06934841884778864,267.5693160543829
2026-03-18,ACB,xgboost,2026-03-11,2026-03-18,5d,5,0.0237068965517242,-0.019526531919836998,0.0432334284715612,182.36646191640313
2026-03-19,ACB,xgboost,2026-03-12,2026-03-19,5d,5,0.019438444924406273,-0.016877291724085808,0.03631573664849208,186.82428964724042
2026-03-20,ACB,xgboost,2026-03-13,2026-03-20,5d,5,-0.019189765458422103,-0.03580896183848381,0.016619196380061707,86.60447891387744
2026-03-23,ACB,xgboost,2026-03-16,2026-03-23,5d,5,-0.04051172707889128,-0.018963659182190895,0.021548067896700385,53.18970443974986
2026-03-24,ACB,xgboost,2026-03-17,2026-03-24,5d,5,-0.027368421052631486,-0.02520674467086792,0.0021616763817635665,7.898432933366904
2026-03-25,ACB,xgboost,2026-03-18,2026-03-25,5d,5,0.002105263157894832,-0.009784985333681107,0.011890248491575939,564.7868033498315
2026-03-26,ACB,xgboost,2026-03-19,2026-03-26,5d,5,0.0,-0.021771332249045372,0.021771332249045372,
2026-03-27,ACB,xgboost,2026-03-20,2026-03-27,5d,5,0.034782608695652195,-0.012100283987820148,0.046882892683472344,134.7883164649829
2026-03-30,ACB,xgboost,2026-03-23,2026-03-30,5d,5,0.05555555555555558,-0.03388862684369087,0.08944418239924645,160.99952831864354
2026-03-31,ACB,xgboost,2026-03-24,2026-03-31,5d,5,0.01948051948051943,-0.04756607115268707,0.0670465906332065,344.17249858379427
2026-04-01,ACB,xgboost,2026-03-25,2026-04-01,5d,5,0.0,-0.03875397518277168,0.03875397518277168,
2026-04-02,ACB,xgboost,2026-03-26,2026-04-02,5d,5,0.0,-0.03494713827967644,0.03494713827967644,
2026-04-03,ACB,xgboost,2026-03-27,2026-04-03,5d,5,-0.012605042016806789,-0.03881234675645828,0.026207304739651494,207.91128426790078
2026-04-06,ACB,xgboost,2026-03-30,2026-04-06,5d,5,-0.021052631578947323,-0.026874544098973274,0.005821912520025951,27.65408447012333
2026-04-07,ACB,xgboost,2026-03-31,2026-04-07,5d,5,-0.014861995753715607,-0.01945505477488041,0.004593059021164803,30.904725699551523
2026-04-08,ACB,xgboost,2026-04-01,2026-04-08,5d,5,0.012605042016806678,-0.0385519303381443,0.05115697235495098,405.8453140159459
2026-04-09,ACB,xgboost,2026-04-02,2026-04-09,5d,5,0.010593220338983134,-0.01965729147195816,0.030250511810941294,285.56483149528356
2026-04-10,ACB,xgboost,2026-04-03,2026-04-10,5d,5,0.014893617021276562,-0.029968809336423874,0.044862426357700436,301.21914840170365
2026-01-05,DGC,cart,2025-12-25,2026-01-05,5d,5,0.013931888544891802,-0.07214689484520066,0.08607878339009246,617.8543785555455
2026-01-06,DGC,cart,2025-12-26,2026-01-06,5d,5,0.034482758620689724,-0.07214689484520066,0.10662965346589039,309.2259950510815
2026-01-07,DGC,cart,2025-12-29,2026-01-07,5d,5,0.05081967213114735,-0.07214689484520066,0.12296656697634802,241.966470501847
2026-01-08,DGC,cart,2025-12-30,2026-01-08,5d,5,-0.036809815950920366,-0.07214689484520066,0.0353370788942803,95.99906432946116
2026-01-09,DGC,cart,2025-12-31,2026-01-09,5d,5,-0.08467153284671525,-0.07214689484520066,0.012524638001514585,14.792029363857756
2026-01-12,DGC,cart,2026-01-05,2026-01-12,5d,5,-0.027480916030534264,-0.07214689484520066,0.0446659788146664,162.53453402003657
2026-01-13,DGC,cart,2026-01-06,2026-01-13,5d,5,0.0015873015873015817,-0.07214689484520066,0.07373419643250224,4645.254375247658
2026-01-14,DGC,cart,2026-01-07,2026-01-14,5d,5,-0.0031201248049921304,-0.07214689484520066,0.06902677004020853,2212.3079797887326
2026-01-15,DGC,cart,2026-01-08,2026-01-15,5d,5,0.07165605095541405,-0.07214689484520066,0.1438029458006147,200.6849999173022
2026-01-16,DGC,cart,2026-01-09,2026-01-16,5d,5,0.05263157894736836,-0.07214689484520066,0.12477847379256903,237.07910020588142
2026-01-19,DGC,cart,2026-01-12,2026-01-19,5d,5,0.0219780219780219,-0.07214689484520066,0.09412491682322256,428.2683715456642
2026-01-20,DGC,cart,2026-01-13,2026-01-20,5d,5,0.022187004754358197,-0.07214689484520066,0.09433389959955886,425.1763617665825
2026-01-21,DGC,cart,2026-01-14,2026-01-21,5d,5,0.07981220657277,-0.07214689484520066,0.15195910141797064,190.39581530604548
2026-01-22,DGC,cart,2026-01-15,2026-01-22,5d,5,0.09658246656760783,-0.07214689484520066,0.16872936141280848,174.6997849704923
2026-01-23,DGC,cart,2026-01-16,2026-01-23,5d,5,0.11969696969696986,-0.07214689484520066,0.1918438645421705,160.2746210099144
2026-01-26,DGC,cart,2026-01-19,2026-01-26,5d,5,0.056835637480798784,-0.07214689484520066,0.12898253232599943,226.93953660601517
2026-01-27,DGC,cart,2026-01-20,2026-01-27,5d,5,0.04651162790697683,-0.07214689484520066,0.11865852275217749,255.11582391718113
2026-01-28,DGC,cart,2026-01-21,2026-01-28,5d,5,-0.013043478260869601,-0.07214689484520066,0.05910341658433106,453.1261938132036
2026-01-29,DGC,cart,2026-01-22,2026-01-29,5d,5,-0.08130081300813008,-0.07214689484520066,0.009153918162929417,11.259319340403183
2026-01-30,DGC,cart,2026-01-23,2026-01-30,5d,5,-0.07171853856562938,-0.07214689484520066,0.0004283562795712875,0.5972741332135487
2026-02-02,DGC,cart,2026-01-26,2026-02-02,5d,5,-0.021802325581395388,-0.07214689484520066,0.050344569263805275,230.91375768998645
2026-02-03,DGC,cart,2026-01-27,2026-02-03,5d,5,0.005925925925926112,-0.07214689484520066,0.07807282077112677,1317.4788505127228
2026-02-04,DGC,cart,2026-01-28,2026-02-04,5d,5,0.008810572687224738,-0.07214689484520066,0.0809574675324254,918.8672564930212
2026-02-05,DGC,cart,2026-01-29,2026-02-05,5d,5,-0.001474926253687281,-0.07214689484520066,0.07067196859151338,4791.55947050472
2026-02-06,DGC,cart,2026-01-30,2026-02-06,5d,5,-0.04810495626822153,-0.07214689484520066,0.02404193857697913,49.97809049638696
2026-02-09,DGC,cart,2026-02-02,2026-02-09,5d,5,-0.0014858841010400026,-0.07214689484520066,0.07066101074416066,4755.486023082385
2026-02-10,DGC,cart,2026-02-03,2026-02-10,5d,5,0.0014727540500736325,-0.07214689484520066,0.0736196488952743,4998.774159989142
2026-02-11,DGC,cart,2026-02-04,2026-02-11,5d,5,-0.0029112081513829047,-0.07214689484520066,0.06923568669381776,2378.245837932574
2026-02-12,DGC,cart,2026-02-05,2026-02-12,5d,5,0.001477104874445967,-0.07214689484520066,0.07362399971964663,4984.344781020477
2026-02-13,DGC,cart,2026-02-06,2026-02-13,5d,5,0.04747320061255755,-0.07214689484520066,0.11962009545775822,251.97394301263193
2026-02-23,DGC,cart,2026-02-09,2026-02-23,5d,5,0.044642857142857206,-0.07214689484520066,0.11678975198805787,261.6090444532492
2026-02-24,DGC,cart,2026-02-10,2026-02-24,5d,5,0.1044117647058822,-0.07214689484520066,0.17655865955108285,169.0984344996289
2026-02-25,DGC,cart,2026-02-11,2026-02-25,5d,5,0.10948905109489049,-0.07214689484520066,0.18163594594009114,165.89416395861662
2026-02-26,DGC,cart,2026-02-12,2026-02-26,5d,5,0.08554572271386429,-0.07214689484520066,0.15769261755906494,184.33723225007938
2026-02-27,DGC,cart,2026-02-13,2026-02-27,5d,5,0.07894736842105243,-0.07214689484520066,0.15109426326625308,191.38606680392104
2026-03-02,DGC,cart,2026-02-23,2026-03-02,5d,5,0.07264957264957261,-0.07214689484520066,0.14479646749477326,199.3080787869233
2026-03-03,DGC,cart,2026-02-24,2026-03-03,5d,5,-0.017310252996005304,-0.07214689484520066,0.05483664184919536,316.7870617595828
2026-03-04,DGC,cart,2026-02-25,2026-03-04,5d,5,-0.06710526315789467,-0.07214689484520066,0.005041631687305995,7.513019769318745
2026-03-05,DGC,cart,2026-02-26,2026-03-05,5d,5,-0.03532608695652162,-0.07214689484520066,0.036820807888679044,104.23121002333795
2026-03-06,DGC,cart,2026-02-27,2026-03-06,5d,5,-0.009485094850948506,-0.07214689484520066,0.06266179999425216,660.6344056536873
2026-03-09,DGC,cart,2026-03-02,2026-03-09,5d,5,-0.05710491367861881,-0.07214689484520066,0.015041981166581855,26.340957717293367
2026-03-10,DGC,cart,2026-03-03,2026-03-10,5d,5,0.028455284552845628,-0.07214689484520066,0.10060217939804629,353.5448018845615
2026-03-11,DGC,cart,2026-03-04,2026-03-11,5d,5,0.0959097320169251,-0.07214689484520066,0.16805662686212575,175.22374771359904
2026-03-12,DGC,cart,2026-03-05,2026-03-12,5d,5,0.1394366197183099,-0.07214689484520066,0.21158351456351054,151.74171246473983
2026-03-13,DGC,cart,2026-03-06,2026-03-13,5d,5,0.05882352941176494,-0.07214689484520066,0.1309704242569656,222.6497212368406
2026-03-16,DGC,cart,2026-03-09,2026-03-16,5d,5,0.04084507042253538,-0.07214689484520066,0.11299196526773604,276.63550117273195
2026-03-17,DGC,cart,2026-03-10,2026-03-17,5d,5,-0.09354413702239794,-0.07214689484520066,0.02139724217719728,22.873953257032014
2026-03-18,DGC,cart,2026-03-11,2026-03-18,5d,5,-0.17631917631917637,-0.07214689484520066,0.10417228147397571,59.08165160969278
2026-03-19,DGC,cart,2026-03-12,2026-03-19,5d,5,-0.26328800988875156,0.02465281812283187,0.28794082801158344,109.36344124946996
2026-03-20,DGC,cart,2026-03-13,2026-03-20,5d,5,-0.2829457364341086,-0.07214689484520066,0.21079884158890794,74.50150839717567
2026-03-23,DGC,cart,2026-03-16,2026-03-23,5d,5,-0.30040595399188097,-0.07214689484520066,0.22825905914668032,75.9835336528814
2026-03-24,DGC,cart,2026-03-17,2026-03-24,5d,5,-0.23691860465116277,-0.07214689484520066,0.16477170980596212,69.5478137095104
2026-03-25,DGC,cart,2026-03-18,2026-03-25,5d,5,-0.14531249999999996,-0.07214689484520066,0.07316560515479929,50.350523977496294
2026-03-26,DGC,cart,2026-03-19,2026-03-26,5d,5,-0.12248322147651014,-0.07214689484520066,0.05033632663130948,41.09650777021977
2026-03-27,DGC,cart,2026-03-20,2026-03-27,5d,5,-0.06666666666666676,-0.07214689484520066,0.0054802281785339,8.220342267800836
2026-03-30,DGC,cart,2026-03-23,2026-03-30,5d,5,-0.05029013539651839,-0.07214689484520066,0.021856759448682275,43.46132551911052
2026-03-31,DGC,cart,2026-03-24,2026-03-31,5d,5,-0.04380952380952374,-0.07214689484520066,0.02833737103567692,64.68312953795828
2026-04-01,DGC,cart,2026-03-25,2026-04-01,5d,5,-0.07678244972577697,-0.07214689484520066,0.004635554880576306,6.037258380179142
2026-04-02,DGC,cart,2026-03-26,2026-04-02,5d,5,0.03250478011472291,-0.07214689484520066,0.10465167495992357,321.95780002376335
2026-04-03,DGC,cart,2026-03-27,2026-04-03,5d,5,0.09073359073359089,-0.07214689484520066,0.16288048557879153,179.5150883613061
2026-04-06,DGC,cart,2026-03-30,2026-04-06,5d,5,0.07942973523421593,-0.07214689484520066,0.15157663007941657,190.83109068972692
2026-04-07,DGC,cart,2026-03-31,2026-04-07,5d,5,0.07968127490039834,-0.07214689484520066,0.15182816974559898,190.5443530307269
2026-04-08,DGC,cart,2026-04-01,2026-04-08,5d,5,0.10297029702970306,-0.07214689484520066,0.1751171918749037,170.06573441697364
2026-04-09,DGC,cart,2026-04-02,2026-04-09,5d,5,-0.016666666666666607,-0.07214689484520066,0.055480228178534055,332.88136907120554
2026-04-10,DGC,cart,2026-04-03,2026-04-10,5d,5,-0.04424778761061943,-0.07214689484520066,0.027899107234581236,63.05198235015366
2026-01-05,DGC,lightgbm,2025-12-25,2026-01-05,5d,5,0.013931888544891802,0.0731025768815049,0.0591706883366131,424.7140518383513
2026-01-06,DGC,lightgbm,2025-12-26,2026-01-06,5d,5,0.034482758620689724,0.08312817425409075,0.048645415633401023,141.0717053368627
2026-01-07,DGC,lightgbm,2025-12-29,2026-01-07,5d,5,0.05081967213114735,0.04377966226791406,0.00704000986323329,13.852922634104267
2026-01-08,DGC,lightgbm,2025-12-30,2026-01-08,5d,5,-0.036809815950920366,0.05670525921373159,0.09351507516465196,254.049287530637
2026-01-09,DGC,lightgbm,2025-12-31,2026-01-09,5d,5,-0.08467153284671525,0.030474235134782233,0.11514576798149748,135.99112252987214
2026-01-12,DGC,lightgbm,2026-01-05,2026-01-12,5d,5,-0.027480916030534264,0.03655321913555857,0.06403413516609283,233.0131029655052
2026-01-13,DGC,lightgbm,2026-01-06,2026-01-13,5d,5,0.0015873015873015817,0.04221775114082813,0.04063044955352655,2559.7183218721816
2026-01-14,DGC,lightgbm,2026-01-07,2026-01-14,5d,5,-0.0031201248049921304,0.0361843710034988,0.03930449580849093,1259.7090906621622
2026-01-15,DGC,lightgbm,2026-01-08,2026-01-15,5d,5,0.07165605095541405,0.052722356299020834,0.01893369465639322,26.423022764922077
2026-01-16,DGC,lightgbm,2026-01-09,2026-01-16,5d,5,0.05263157894736836,0.02893429174203236,0.023697287205336003,45.024845690138456
2026-01-19,DGC,lightgbm,2026-01-12,2026-01-19,5d,5,0.0219780219780219,0.028039690224455488,0.006061668246433588,27.580590521272924
2026-01-20,DGC,lightgbm,2026-01-13,2026-01-20,5d,5,0.022187004754358197,-0.009038790318668171,0.03122579507302637,140.7391192219972
2026-01-21,DGC,lightgbm,2026-01-14,2026-01-21,5d,5,0.07981220657277,-0.01580754979103616,0.09561975636380615,119.80593003229822
2026-01-22,DGC,lightgbm,2026-01-15,2026-01-22,5d,5,0.09658246656760783,-0.019071419164159283,0.1156538857317671,119.74625399612182
2026-01-23,DGC,lightgbm,2026-01-16,2026-01-23,5d,5,0.11969696969696986,-0.0028280579110316634,0.12252502760800152,102.36268129276063
2026-01-26,DGC,lightgbm,2026-01-19,2026-01-26,5d,5,0.056835637480798784,-0.007680621453514731,0.06451625893431351,113.51374207091374
2026-01-27,DGC,lightgbm,2026-01-20,2026-01-27,5d,5,0.04651162790697683,0.01720852165006736,0.02930310625690947,63.00167845235525
2026-01-28,DGC,lightgbm,2026-01-21,2026-01-28,5d,5,-0.013043478260869601,0.0010364524951204676,0.014079930755990068,107.94613579592355
2026-01-29,DGC,lightgbm,2026-01-22,2026-01-29,5d,5,-0.08130081300813008,-0.02077738121161237,0.06052343179651771,74.44382110971678
2026-01-30,DGC,lightgbm,2026-01-23,2026-01-30,5d,5,-0.07171853856562938,-0.010987411245967997,0.06073112731966138,84.67981714948993
2026-02-02,DGC,lightgbm,2026-01-26,2026-02-02,5d,5,-0.021802325581395388,-0.030589667953106574,0.008787342371711186,40.30461034491524
2026-02-03,DGC,lightgbm,2026-01-27,2026-02-03,5d,5,0.005925925925926112,-0.035931239931299784,0.041857165857225896,706.3396738406648
2026-02-04,DGC,lightgbm,2026-01-28,2026-02-04,5d,5,0.008810572687224738,-0.01568904588471324,0.024499618571937977,278.07067079149385
2026-02-05,DGC,lightgbm,2026-01-29,2026-02-05,5d,5,-0.001474926253687281,-0.0017195194735836346,0.0002445932198963537,16.58342030897317
2026-02-06,DGC,lightgbm,2026-01-30,2026-02-06,5d,5,-0.04810495626822153,-0.021183531001840977,0.026921425266380555,55.96393252344569
2026-02-09,DGC,lightgbm,2026-02-02,2026-02-09,5d,5,-0.0014858841010400026,-0.020167176129476858,0.018681292028436856,1257.2509535138988
2026-02-10,DGC,lightgbm,2026-02-03,2026-02-10,5d,5,0.0014727540500736325,-0.024943966981714256,0.02641672103178789,1793.6953580584038
2026-02-11,DGC,lightgbm,2026-02-04,2026-02-11,5d,5,-0.0029112081513829047,-0.017949909053584054,0.01503870090220115,516.5793759905952
2026-02-12,DGC,lightgbm,2026-02-05,2026-02-12,5d,5,0.001477104874445967,-0.01449822122339686,0.01597532609784283,1081.5295768240464
2026-02-13,DGC,lightgbm,2026-02-06,2026-02-13,5d,5,0.04747320061255755,-0.062470808666145156,0.10994400927870271,231.59173567416994
2026-02-23,DGC,lightgbm,2026-02-09,2026-02-23,5d,5,0.044642857142857206,-0.08268936400167982,0.12733222114453702,285.2241753637625
2026-02-24,DGC,lightgbm,2026-02-10,2026-02-24,5d,5,0.1044117647058822,-0.08302599225124058,0.18743775695712278,179.51785173358263
2026-02-25,DGC,lightgbm,2026-02-11,2026-02-25,5d,5,0.10948905109489049,-0.028285042028195245,0.13777409312308572,125.83367171908499
2026-02-26,DGC,lightgbm,2026-02-12,2026-02-26,5d,5,0.08554572271386429,-0.05255899922897303,0.13810472194283732,161.43965771938574
2026-02-27,DGC,lightgbm,2026-02-13,2026-02-27,5d,5,0.07894736842105243,-0.04097155161780703,0.11991892003885946,151.897298715889
2026-03-02,DGC,lightgbm,2026-02-23,2026-03-02,5d,5,0.07264957264957261,-0.0457108780958372,0.11836045074540982,162.9196792613289
2026-03-03,DGC,lightgbm,2026-02-24,2026-03-03,5d,5,-0.017310252996005304,-0.00013236940102824888,0.017177883594977055,99.23531215252143
2026-03-04,DGC,lightgbm,2026-02-25,2026-03-04,5d,5,-0.06710526315789467,-0.025437266808006807,0.04166799634988786,62.093484756695695
2026-03-05,DGC,lightgbm,2026-02-26,2026-03-05,5d,5,-0.03532608695652162,-0.013403097110477118,0.021922989846044502,62.05892510264926
2026-03-06,DGC,lightgbm,2026-02-27,2026-03-06,5d,5,-0.009485094850948506,-0.02190484566151196,0.012419750810563453,130.93965854565474
2026-03-09,DGC,lightgbm,2026-03-02,2026-03-09,5d,5,-0.05710491367861881,0.004615238800654959,0.06172015247927377,108.08203445789113
2026-03-10,DGC,lightgbm,2026-03-03,2026-03-10,5d,5,0.028455284552845628,0.009099489588749756,0.01935579496409587,68.02179373096526
2026-03-11,DGC,lightgbm,2026-03-04,2026-03-11,5d,5,0.0959097320169251,-0.019632219189169534,0.11554195120609463,120.46947559576651
2026-03-12,DGC,lightgbm,2026-03-05,2026-03-12,5d,5,0.1394366197183099,-0.02055886378144051,0.1599954834997504,114.74423564123511
2026-03-13,DGC,lightgbm,2026-03-06,2026-03-13,5d,5,0.05882352941176494,-0.014626865737693208,0.07345039514945814,124.86567175407835
2026-03-16,DGC,lightgbm,2026-03-09,2026-03-16,5d,5,0.04084507042253538,-0.009090570704381813,0.04993564112691719,122.25622482796916
2026-03-17,DGC,lightgbm,2026-03-10,2026-03-17,5d,5,-0.09354413702239794,-0.02371606481739257,0.06982807220500538,74.64719268112543
2026-03-18,DGC,lightgbm,2026-03-11,2026-03-18,5d,5,-0.17631917631917637,-0.02569497903692942,0.15062419728224696,85.4270082396393
2026-03-19,DGC,lightgbm,2026-03-12,2026-03-19,5d,5,-0.26328800988875156,-0.004164869924756265,0.2591231399639953,98.41813156378974
2026-03-20,DGC,lightgbm,2026-03-13,2026-03-20,5d,5,-0.2829457364341086,-0.016825077111943698,0.2661206593221649,94.05360288372401
2026-03-23,DGC,lightgbm,2026-03-16,2026-03-23,5d,5,-0.30040595399188097,-0.00933756703399132,0.29106838695788967,96.8916837666128
2026-03-24,DGC,lightgbm,2026-03-17,2026-03-24,5d,5,-0.23691860465116277,0.0424074190123612,0.279326023663524,117.89957317822363
2026-03-25,DGC,lightgbm,2026-03-18,2026-03-25,5d,5,-0.14531249999999996,0.014890180355244826,0.1602026803552448,110.24700583586741
2026-03-26,DGC,lightgbm,2026-03-19,2026-03-26,5d,5,-0.12248322147651014,0.03408991089142423,0.15657313236793435,127.83231080998468
2026-03-27,DGC,lightgbm,2026-03-20,2026-03-27,5d,5,-0.06666666666666676,0.023350234924445715,0.09001690159111247,135.02535238666852
2026-03-30,DGC,lightgbm,2026-03-23,2026-03-30,5d,5,-0.05029013539651839,0.038035690369192715,0.0883258257657111,175.63250738797166
2026-03-31,DGC,lightgbm,2026-03-24,2026-03-31,5d,5,-0.04380952380952374,0.014499140548327938,0.05830866435785168,133.09586429509642
2026-04-01,DGC,lightgbm,2026-03-25,2026-04-01,5d,5,-0.07678244972577697,0.0015767910461573272,0.07835924077193429,102.05358262440014
2026-04-02,DGC,lightgbm,2026-03-26,2026-04-02,5d,5,0.03250478011472291,0.03132582025175931,0.0011789598629635967,3.6270353431174005
2026-04-03,DGC,lightgbm,2026-03-27,2026-04-03,5d,5,0.09073359073359089,0.038994195013863295,0.05173939571972759,57.02341911238052
2026-04-06,DGC,lightgbm,2026-03-30,2026-04-06,5d,5,0.07942973523421593,0.03150376058051222,0.047925974653703705,60.33757321786797
2026-04-07,DGC,lightgbm,2026-03-31,2026-04-07,5d,5,0.07968127490039834,0.04323786698504119,0.03644340791535715,45.73647693377326
2026-04-08,DGC,lightgbm,2026-04-01,2026-04-08,5d,5,0.10297029702970306,0.028463695117280603,0.07450660191242246,72.35737301110252
2026-04-09,DGC,lightgbm,2026-04-02,2026-04-09,5d,5,-0.016666666666666607,0.01948915471877374,0.03615582138544035,216.93492831264288
2026-04-10,DGC,lightgbm,2026-04-03,2026-04-10,5d,5,-0.04424778761061943,-0.021466301488535983,0.022781486122083444,51.48615863590863
2026-01-05,DGC,xgboost,2025-12-25,2026-01-05,5d,5,0.013931888544891802,0.11639456450939178,0.10246267596449998,735.4543185896248
2026-01-06,DGC,xgboost,2025-12-26,2026-01-06,5d,5,0.034482758620689724,0.12313414365053177,0.08865138502984204,257.08901658654145
2026-01-07,DGC,xgboost,2025-12-29,2026-01-07,5d,5,0.05081967213114735,0.09621170163154602,0.04539202950039867,89.31979998465577
2026-01-08,DGC,xgboost,2025-12-30,2026-01-08,5d,5,-0.036809815950920366,0.06586688756942749,0.10267670352034786,278.9383778969441
2026-01-09,DGC,xgboost,2025-12-31,2026-01-09,5d,5,-0.08467153284671525,0.07425174862146378,0.15892328146817902,187.6938755270737
2026-01-12,DGC,xgboost,2026-01-05,2026-01-12,5d,5,-0.027480916030534264,0.06845005601644516,0.09593097204697942,349.08214828206513
2026-01-13,DGC,xgboost,2026-01-06,2026-01-13,5d,5,0.0015873015873015817,0.06950579583644867,0.06791849424914709,4278.865137696282
2026-01-14,DGC,xgboost,2026-01-07,2026-01-14,5d,5,-0.0031201248049921304,0.05597805231809616,0.05909817712308829,1894.0965767950217
2026-01-15,DGC,xgboost,2026-01-08,2026-01-15,5d,5,0.07165605095541405,0.08124475181102753,0.009588700855613475,13.381564749611686
2026-01-16,DGC,xgboost,2026-01-09,2026-01-16,5d,5,0.05263157894736836,0.06175856664776802,0.009126987700399658,17.34127663075937
2026-01-19,DGC,xgboost,2026-01-12,2026-01-19,5d,5,0.0219780219780219,0.017410358414053917,0.004567663563967983,20.782869216054397
2026-01-20,DGC,xgboost,2026-01-13,2026-01-20,5d,5,0.022187004754358197,0.013765916228294373,0.008421088526063825,37.955048999616174
2026-01-21,DGC,xgboost,2026-01-14,2026-01-21,5d,5,0.07981220657277,0.05138912424445152,0.028423082328318472,35.612450211363715
2026-01-22,DGC,xgboost,2026-01-15,2026-01-22,5d,5,0.09658246656760783,-0.023147862404584885,0.11973032897219271,123.9669406127471
2026-01-23,DGC,xgboost,2026-01-16,2026-01-23,5d,5,0.11969696969696986,-0.010771031491458416,0.13046800118842827,108.998583271345
2026-01-26,DGC,xgboost,2026-01-19,2026-01-26,5d,5,0.056835637480798784,-0.03562125936150551,0.09245689684230429,162.67416174145967
2026-01-27,DGC,xgboost,2026-01-20,2026-01-27,5d,5,0.04651162790697683,-0.05434487760066986,0.10085650550764669,216.84148684143997
2026-01-28,DGC,xgboost,2026-01-21,2026-01-28,5d,5,-0.013043478260869601,-0.025253742933273315,0.012210264672403714,93.61202915509489
2026-01-29,DGC,xgboost,2026-01-22,2026-01-29,5d,5,-0.08130081300813008,0.013816998340189457,0.09511781134831954,116.99490795843303
2026-01-30,DGC,xgboost,2026-01-23,2026-01-30,5d,5,-0.07171853856562938,0.0019378340803086758,0.07365637264593805,102.70199884027944
2026-02-02,DGC,xgboost,2026-01-26,2026-02-02,5d,5,-0.021802325581395388,-0.041466932743787766,0.019664607162392378,90.19499818483955
2026-02-03,DGC,xgboost,2026-01-27,2026-02-03,5d,5,0.005925925925926112,-0.014933730475604534,0.020859656401530646,352.0067017758186
2026-02-04,DGC,xgboost,2026-01-28,2026-02-04,5d,5,0.008810572687224738,0.012962264940142632,0.0041516922529178935,47.121707070617724
2026-02-05,DGC,xgboost,2026-01-29,2026-02-05,5d,5,-0.001474926253687281,-0.003243669867515564,0.001768743613828283,119.92081701756041
2026-02-06,DGC,xgboost,2026-01-30,2026-02-06,5d,5,-0.04810495626822153,0.004610259085893631,0.052715215354115164,109.58375070582737
2026-02-09,DGC,xgboost,2026-02-02,2026-02-09,5d,5,-0.0014858841010400026,0.016928425058722496,0.0184143091597625,1239.283006452113
2026-02-10,DGC,xgboost,2026-02-03,2026-02-10,5d,5,0.0014727540500736325,0.010023077949881554,0.008550323899807921,580.5669927969599
2026-02-11,DGC,xgboost,2026-02-04,2026-02-11,5d,5,-0.0029112081513829047,0.01640442945063114,0.019315637602014046,663.492151629164
2026-02-12,DGC,xgboost,2026-02-05,2026-02-12,5d,5,0.001477104874445967,0.0035147012677043676,0.0020375963932584007,137.94527582360482
2026-02-13,DGC,xgboost,2026-02-06,2026-02-13,5d,5,0.04747320061255755,0.0021923824679106474,0.045280818144646906,95.38185241436888
2026-02-23,DGC,xgboost,2026-02-09,2026-02-23,5d,5,0.044642857142857206,-0.023394552990794182,0.06803741013365139,152.4037986993789
2026-02-24,DGC,xgboost,2026-02-10,2026-02-24,5d,5,0.1044117647058822,-0.013330402784049511,0.11774216748993171,112.76714632838546
2026-02-25,DGC,xgboost,2026-02-11,2026-02-25,5d,5,0.10948905109489049,-0.015685169026255608,0.1251742201211461,114.3257877106468
2026-02-26,DGC,xgboost,2026-02-12,2026-02-26,5d,5,0.08554572271386429,-0.03758988156914711,0.1231356042830114,143.94127535152026
2026-02-27,DGC,xgboost,2026-02-13,2026-02-27,5d,5,0.07894736842105243,-0.028789019212126732,0.10773638763317916,136.4660910020273
2026-03-02,DGC,xgboost,2026-02-23,2026-03-02,5d,5,0.07264957264957261,-0.018807053565979004,0.09145662621555162,125.88735608493582
2026-03-03,DGC,xgboost,2026-02-24,2026-03-03,5d,5,-0.017310252996005304,0.03140493109822273,0.04871518409422804,281.4238711905023
2026-03-04,DGC,xgboost,2026-02-25,2026-03-04,5d,5,-0.06710526315789467,-0.0025807747151702642,0.0645244884427244,96.15413964013842
2026-03-05,DGC,xgboost,2026-02-26,2026-03-05,5d,5,-0.03532608695652162,-0.01383629348129034,0.021489793475231278,60.83264614527029
2026-03-06,DGC,xgboost,2026-02-27,2026-03-06,5d,5,-0.009485094850948506,-0.014008422382175922,0.004523327531227417,47.68879597208336
2026-03-09,DGC,xgboost,2026-03-02,2026-03-09,5d,5,-0.05710491367861881,0.009426882490515709,0.06653179616913452,116.50800584967054
2026-03-10,DGC,xgboost,2026-03-03,2026-03-10,5d,5,0.028455284552845628,-0.0018324374686926603,0.030287722021538288,106.43970881854847
2026-03-11,DGC,xgboost,2026-03-04,2026-03-11,5d,5,0.0959097320169251,-0.00825969036668539,0.10416942238361049,108.61194186761757
2026-03-12,DGC,xgboost,2026-03-05,2026-03-12,5d,5,0.1394366197183099,-0.0025166599079966545,0.14195327962630655,101.80487730775518
2026-03-13,DGC,xgboost,2026-03-06,2026-03-13,5d,5,0.05882352941176494,-0.001805961481295526,0.06062949089306047,103.07013451820237
2026-03-16,DGC,xgboost,2026-03-09,2026-03-16,5d,5,0.04084507042253538,-0.042268119752407074,0.08311319017494245,203.48401732485826
2026-03-17,DGC,xgboost,2026-03-10,2026-03-17,5d,5,-0.09354413702239794,-0.012659242376685143,0.0808848946457128,86.46709160013518
2026-03-18,DGC,xgboost,2026-03-11,2026-03-18,5d,5,-0.17631917631917637,-0.010117623023688793,0.16620155329548758,94.26175686904658
2026-03-19,DGC,xgboost,2026-03-12,2026-03-19,5d,5,-0.26328800988875156,0.03865770623087883,0.3019457161196304,114.682668704592
2026-03-20,DGC,xgboost,2026-03-13,2026-03-20,5d,5,-0.2829457364341086,-0.037231817841529846,0.24571391859257874,86.84135752997987
2026-03-23,DGC,xgboost,2026-03-16,2026-03-23,5d,5,-0.30040595399188097,-0.05613645538687706,0.2442694986050039,81.31313489599002
2026-03-24,DGC,xgboost,2026-03-17,2026-03-24,5d,5,-0.23691860465116277,-0.0018626967212185264,0.23505590792994424,99.21378199742433
2026-03-25,DGC,xgboost,2026-03-18,2026-03-25,5d,5,-0.14531249999999996,-0.015313736163079739,0.12999876383692022,89.46151489852578
2026-03-26,DGC,xgboost,2026-03-19,2026-03-26,5d,5,-0.12248322147651014,0.02405446395277977,0.1465376854292899,119.63898700802294
2026-03-27,DGC,xgboost,2026-03-20,2026-03-27,5d,5,-0.06666666666666676,0.014735011383891106,0.08140167805055787,122.10251707583663
2026-03-30,DGC,xgboost,2026-03-23,2026-03-30,5d,5,-0.05029013539651839,0.023999663069844246,0.07428979846636263,147.72240695042106
2026-03-31,DGC,xgboost,2026-03-24,2026-03-31,5d,5,-0.04380952380952374,-0.0005400687223300338,0.04326945508719371,98.7672344381597
2026-04-01,DGC,xgboost,2026-03-25,2026-04-01,5d,5,-0.07678244972577697,-0.05843057110905647,0.018351878616720496,23.901137150824074
2026-04-02,DGC,xgboost,2026-03-26,2026-04-02,5d,5,0.03250478011472291,-0.016819097101688385,0.049323877216411294,151.74345755401754
2026-04-03,DGC,xgboost,2026-03-27,2026-04-03,5d,5,0.09073359073359089,0.02405303157866001,0.06668055915493087,73.49048860054071
2026-04-06,DGC,xgboost,2026-03-30,2026-04-06,5d,5,0.07942973523421593,0.0653412938117981,0.01408844142241783,17.736986508736287
2026-04-07,DGC,xgboost,2026-03-31,2026-04-07,5d,5,0.07968127490039834,0.027230173349380493,0.05245110155101784,65.82613244652745
2026-04-08,DGC,xgboost,2026-04-01,2026-04-08,5d,5,0.10297029702970306,0.05893116816878319,0.044039128860919874,42.76876937454715
2026-04-09,DGC,xgboost,2026-04-02,2026-04-09,5d,5,-0.016666666666666607,0.12942227721214294,0.14608894387880955,876.5336632728605
2026-04-10,DGC,xgboost,2026-04-03,2026-04-10,5d,5,-0.04424778761061943,-0.0061872475780546665,0.03806054003256476,86.01682047359644
2026-01-05,HPG,cart,2025-12-25,2026-01-05,5d,5,-0.011428571428571455,-0.00862089730358036,0.002807674124991095,24.567148593672027
2026-01-06,HPG,cart,2025-12-26,2026-01-06,5d,5,-0.03531598513011147,-0.00862089730358036,0.026695087826531114,75.58924868775664
2026-01-07,HPG,cart,2025-12-29,2026-01-07,5d,5,-0.0037453183520598232,-0.00862089730358036,0.004875578951520536,130.17795800560185
2026-01-08,HPG,cart,2025-12-30,2026-01-08,5d,5,-0.0037735849056603765,-0.00862089730358036,0.004847312397919983,128.45377854487958
2026-01-09,HPG,cart,2025-12-31,2026-01-09,5d,5,-0.007575757575757569,-0.00862089730358036,0.0010451397278227904,13.795844407260846
2026-01-12,HPG,cart,2026-01-05,2026-01-12,5d,5,0.05973025048169567,-0.00862089730358036,0.06835114778527603,114.43305064696192
2026-01-13,HPG,cart,2026-01-06,2026-01-13,5d,5,0.050096339113680166,-0.00862089730358036,0.058717236417260524,117.20863730983926
2026-01-14,HPG,cart,2026-01-07,2026-01-14,5d,5,0.02443609022556381,-0.00862089730358036,0.03305698752914417,135.2793643500367
2026-01-15,HPG,cart,2026-01-08,2026-01-15,5d,5,0.045454545454545636,-0.00862089730358036,0.054075442758125994,118.9659740678767
2026-01-16,HPG,cart,2026-01-09,2026-01-16,5d,5,0.05343511450381677,-0.00862089730358036,0.06205601180739713,116.13339352527181
2026-01-19,HPG,cart,2026-01-12,2026-01-19,5d,5,0.0072727272727273196,0.202274365416114,0.19500163814338667,2681.2725244715493
2026-01-20,HPG,cart,2026-01-13,2026-01-20,5d,5,0.0,-0.00862089730358036,0.00862089730358036,
2026-01-21,HPG,cart,2026-01-14,2026-01-21,5d,5,-0.016513761467889854,0.028707094298488316,0.045220855766378174,273.83740436306874
2026-01-22,HPG,cart,2026-01-15,2026-01-22,5d,5,-0.02717391304347827,0.028707094298488316,0.05588100734196659,205.64210701843697
2026-01-23,HPG,cart,2026-01-16,2026-01-23,5d,5,-0.030797101449275388,0.028707094298488316,0.05950419574776371,193.2136238397973
2026-01-26,HPG,cart,2026-01-19,2026-01-26,5d,5,-0.050541516245487306,0.028707094298488316,0.07924861054397563,156.7990365762948
2026-01-27,HPG,cart,2026-01-20,2026-01-27,5d,5,-0.029357798165137616,0.028707094298488316,0.058064892463625936,197.78353995422583
2026-01-28,HPG,cart,2026-01-21,2026-01-28,5d,5,-0.003731343283582156,0.06454776843564847,0.06827911171923062,1829.880194075348
2026-01-29,HPG,cart,2026-01-22,2026-01-29,5d,5,0.009310986964618184,0.06454776843564847,0.05523678147103028,593.2430329988695
2026-01-30,HPG,cart,2026-01-23,2026-01-30,5d,5,0.0018691588785046953,0.06454776843564847,0.06267860955714377,3353.3056113071516
2026-02-02,HPG,cart,2026-01-26,2026-02-02,5d,5,0.009505703422053147,0.028707094298488316,0.01920139087643517,201.9986320200998
2026-02-03,HPG,cart,2026-01-27,2026-02-03,5d,5,0.011342155009451904,-0.00862089730358036,0.019963052313032262,176.00757789323276
2026-02-04,HPG,cart,2026-01-28,2026-02-04,5d,5,0.05992509363295895,-0.00862089730358036,0.0685459909365393,114.38612237534969
2026-02-05,HPG,cart,2026-01-29,2026-02-05,5d,5,0.016605166051660403,-0.00862089730358036,0.02522606335524076,151.91695931711763
2026-02-06,HPG,cart,2026-01-30,2026-02-06,5d,5,0.0,-0.00862089730358036,0.00862089730358036,
2026-02-09,HPG,cart,2026-02-02,2026-02-09,5d,5,0.007532956685499137,-0.00862089730358036,0.016153853989079495,214.44241170502804
2026-02-10,HPG,cart,2026-02-03,2026-02-10,5d,5,-0.00747663551401867,-0.00862089730358036,0.0011442617895616892,15.304501435387635
2026-02-11,HPG,cart,2026-02-04,2026-02-11,5d,5,-0.051236749116607694,0.028707094298488316,0.07994384341509601,156.02832887222212
2026-02-12,HPG,cart,2026-02-05,2026-02-12,5d,5,-0.02359346642468252,0.06454776843564847,0.08814123486033099,373.58323390801627
2026-02-13,HPG,cart,2026-02-06,2026-02-13,5d,5,0.001865671641791078,0.028707094298488316,0.02684142265669724,1438.7002543989463
2026-02-23,HPG,cart,2026-02-09,2026-02-23,5d,5,0.028037383177569986,0.06454776843564847,0.03651038525807848,130.2203740871471
2026-02-24,HPG,cart,2026-02-10,2026-02-24,5d,5,0.06591337099811678,0.06454776843564847,0.0013656025624683155,2.0718141733447863
2026-02-25,HPG,cart,2026-02-11,2026-02-25,5d,5,0.09124767225325892,0.0009080240576050946,0.09033964819565382,99.00487975727769
2026-02-26,HPG,cart,2026-02-12,2026-02-26,5d,5,0.09293680297397766,0.0009080240576050946,0.09202877891637257,99.02296611401692
2026-02-27,HPG,cart,2026-02-13,2026-02-27,5d,5,0.07262569832402233,0.06454776843564847,0.008077929888373858,11.122688077068624
2026-03-02,HPG,cart,2026-02-23,2026-03-02,5d,5,0.036363636363636376,0.06454776843564847,0.02818413207201209,77.50636319803323
2026-03-03,HPG,cart,2026-02-24,2026-03-03,5d,5,-0.021201413427561877,0.028707094298488316,0.0499085077260502,235.40179477453634
2026-03-04,HPG,cart,2026-02-25,2026-03-04,5d,5,-0.05460750853242324,0.028707094298488316,0.08331460283091156,152.5698664341067
2026-03-05,HPG,cart,2026-02-26,2026-03-05,5d,5,-0.07312925170068019,0.028707094298488316,0.1018363459991685,139.25528243607243
2026-03-06,HPG,cart,2026-02-27,2026-03-06,5d,5,-0.05381944444444442,0.028707094298488316,0.08252653874293274,153.3396332771912
2026-03-09,HPG,cart,2026-03-02,2026-03-09,5d,5,-0.11052631578947358,0.028707094298488316,0.1392334100879619,125.97308531767992
2026-03-10,HPG,cart,2026-03-03,2026-03-10,5d,5,-0.02166064981949456,0.028707094298488316,0.05036774411798288,232.53108534468788
2026-03-11,HPG,cart,2026-03-04,2026-03-11,5d,5,-0.010830324909747335,0.028707094298488316,0.039537419208235655,365.06217068937445
2026-03-12,HPG,cart,2026-03-05,2026-03-12,5d,5,-0.016513761467889854,0.028707094298488316,0.045220855766378174,273.83740436306874
2026-03-13,HPG,cart,2026-03-06,2026-03-13,5d,5,-0.022018348623853212,0.028707094298488316,0.05072544292234153,230.37805327230112
2026-03-16,HPG,cart,2026-03-09,2026-03-16,5d,5,0.055226824457593526,0.028707094298488316,0.02651973015910521,48.01965425237994
2026-03-17,HPG,cart,2026-03-10,2026-03-17,5d,5,-0.0073800738007381295,0.028707094298488316,0.03608716809922645,488.98112774451033
2026-03-18,HPG,cart,2026-03-11,2026-03-18,5d,5,-0.021897810218978075,0.0009080240576050946,0.02280583427658317,104.1466431963966
2026-03-19,HPG,cart,2026-03-12,2026-03-19,5d,5,-0.003731343283582156,0.028707094298488316,0.032438437582070476,869.3501271994734
2026-03-20,HPG,cart,2026-03-13,2026-03-20,5d,5,-0.02814258911819889,0.06454776843564847,0.09269035755384736,329.3597371746707
2026-03-23,HPG,cart,2026-03-16,2026-03-23,5d,5,-0.04672897196261683,0.06454776843564847,0.1112767403982653,238.1322244522877
2026-03-24,HPG,cart,2026-03-17,2026-03-24,5d,5,-0.03531598513011147,0.06454776843564847,0.09986375356575994,282.77210220199436
2026-03-25,HPG,cart,2026-03-18,2026-03-25,5d,5,-0.016791044776119368,0.06454776843564847,0.08133881321176784,484.41782090564055
2026-03-26,HPG,cart,2026-03-19,2026-03-26,5d,5,-0.029962546816479474,0.028707094298488316,0.058669641114967794,195.80992722120453
2026-03-27,HPG,cart,2026-03-20,2026-03-27,5d,5,0.02316602316602312,0.028707094298488316,0.005541071132465197,23.91895705514148
2026-03-30,HPG,cart,2026-03-23,2026-03-30,5d,5,0.05490196078431375,0.028707094298488316,0.026194866485825436,47.71207824203916
2026-03-31,HPG,cart,2026-03-24,2026-03-31,5d,5,0.03660886319845846,-0.00862089730358036,0.04522976050203882,123.54866158188536
2026-04-01,HPG,cart,2026-03-25,2026-04-01,5d,5,0.030360531309297834,-0.00862089730358036,0.03898142861287819,128.39508049366788
2026-04-02,HPG,cart,2026-03-26,2026-04-02,5d,5,0.055984555984556206,-0.00862089730358036,0.06460545328813656,115.39870621811934
2026-04-03,HPG,cart,2026-03-27,2026-04-03,5d,5,0.005660377358490454,-0.00862089730358036,0.014281274662070813,252.3025190299227
2026-04-06,HPG,cart,2026-03-30,2026-04-06,5d,5,-0.0018587360594793934,-0.00862089730358036,0.006762161244100966,363.8042749326634
2026-04-07,HPG,cart,2026-03-31,2026-04-07,5d,5,-0.0037174721189590088,-0.00862089730358036,0.004903425184621351,131.90213746631784
2026-04-08,HPG,cart,2026-04-01,2026-04-08,5d,5,0.03130755064456725,-0.00862089730358036,0.03992844794814761,127.53616021084781
2026-04-09,HPG,cart,2026-04-02,2026-04-09,5d,5,0.03290676416819016,-0.00862089730358036,0.04152766147177052,126.19794902810251
2026-04-10,HPG,cart,2026-04-03,2026-04-10,5d,5,0.05065666041275807,-0.00862089730358036,0.05927755771633843,117.01828986225304
2026-01-05,HPG,lightgbm,2025-12-25,2026-01-05,5d,5,-0.011428571428571455,-0.009346421488573325,0.00208214993999813,18.218811974983595
2026-01-06,HPG,lightgbm,2025-12-26,2026-01-06,5d,5,-0.03531598513011147,-0.037236341397679056,0.0019203562675675842,5.437640378691378
2026-01-07,HPG,lightgbm,2025-12-29,2026-01-07,5d,5,-0.0037453183520598232,-0.04246882233966788,0.03872350398760806,1033.9175564691634
2026-01-08,HPG,lightgbm,2025-12-30,2026-01-08,5d,5,-0.0037735849056603765,-0.01969754522229757,0.015923960316637193,421.9849483908857
2026-01-09,HPG,lightgbm,2025-12-31,2026-01-09,5d,5,-0.007575757575757569,-0.02593438536550869,0.01835862778975112,242.333886824715
2026-01-12,HPG,lightgbm,2026-01-05,2026-01-12,5d,5,0.05973025048169567,-0.01707434390559508,0.07680459438729074,128.58575640968976
2026-01-13,HPG,lightgbm,2026-01-06,2026-01-13,5d,5,0.050096339113680166,-0.027401532590921807,0.07749787170460197,154.6976746718785
2026-01-14,HPG,lightgbm,2026-01-07,2026-01-14,5d,5,0.02443609022556381,-0.020654724869544356,0.045090815095108164,184.5254894661357
2026-01-15,HPG,lightgbm,2026-01-08,2026-01-15,5d,5,0.045454545454545636,-0.03089296340631792,0.07634750886086356,167.96451949389913
2026-01-16,HPG,lightgbm,2026-01-09,2026-01-16,5d,5,0.05343511450381677,-0.038244037822663945,0.09167915232648072,171.57098506812827
2026-01-19,HPG,lightgbm,2026-01-12,2026-01-19,5d,5,0.0072727272727273196,0.0040774433223864474,0.003195283950340872,43.93515431718671
2026-01-20,HPG,lightgbm,2026-01-13,2026-01-20,5d,5,0.0,-0.03564011938382288,0.03564011938382288,
2026-01-21,HPG,lightgbm,2026-01-14,2026-01-21,5d,5,-0.016513761467889854,0.013092207110076411,0.029605968577966265,179.28058749990743
2026-01-22,HPG,lightgbm,2026-01-15,2026-01-22,5d,5,-0.02717391304347827,0.014930481511463208,0.04210439455494148,154.94417196218458
2026-01-23,HPG,lightgbm,2026-01-16,2026-01-23,5d,5,-0.030797101449275388,0.0063995758723854506,0.03719667732166084,120.7797993032751
2026-01-26,HPG,lightgbm,2026-01-19,2026-01-26,5d,5,-0.050541516245487306,0.020811287177230527,0.07135280342271783,141.17661820066328
2026-01-27,HPG,lightgbm,2026-01-20,2026-01-27,5d,5,-0.029357798165137616,0.04077312122501065,0.07013091939014826,238.8834441726925
2026-01-28,HPG,lightgbm,2026-01-21,2026-01-28,5d,5,-0.003731343283582156,0.0450666868641552,0.048798030147737356,1307.787207959338
2026-01-29,HPG,lightgbm,2026-01-22,2026-01-29,5d,5,0.009310986964618184,0.04447846696170442,0.035167479997086235,377.6987351687088
2026-01-30,HPG,lightgbm,2026-01-23,2026-01-30,5d,5,0.0018691588785046953,0.047203274235527365,0.04533411535702267,2425.375171600684
2026-02-02,HPG,lightgbm,2026-01-26,2026-02-02,5d,5,0.009505703422053147,0.054255284295287316,0.04474958087323417,470.7655907864277
2026-02-03,HPG,lightgbm,2026-01-27,2026-02-03,5d,5,0.011342155009451904,0.011254983319765138,8.71716896867665e-05,0.7685637307383173
2026-02-04,HPG,lightgbm,2026-01-28,2026-02-04,5d,5,0.05992509363295895,0.01228144501399948,0.047643648618959464,79.50533863288841
2026-02-05,HPG,lightgbm,2026-01-29,2026-02-05,5d,5,0.016605166051660403,0.005810164791115533,0.010795001260544869,65.00989648017065
2026-02-06,HPG,lightgbm,2026-01-30,2026-02-06,5d,5,0.0,0.006014783883950492,0.006014783883950492,
2026-02-09,HPG,lightgbm,2026-02-02,2026-02-09,5d,5,0.007532956685499137,0.0067518800120670765,0.0007810766734320605,10.368792839810494
2026-02-10,HPG,lightgbm,2026-02-03,2026-02-10,5d,5,-0.00747663551401867,0.011722923971661282,0.019199559485679953,256.7941081209701
2026-02-11,HPG,lightgbm,2026-02-04,2026-02-11,5d,5,-0.051236749116607694,0.04132595191757746,0.09256270103418515,180.65685788051337
2026-02-12,HPG,lightgbm,2026-02-05,2026-02-12,5d,5,-0.02359346642468252,0.039380505042394154,0.06297397146707667,266.91275598737747
2026-02-13,HPG,lightgbm,2026-02-06,2026-02-13,5d,5,0.001865671641791078,0.047502980349396935,0.04563730870760586,2446.1597467276306
2026-02-23,HPG,lightgbm,2026-02-09,2026-02-23,5d,5,0.028037383177569986,0.06057604353488876,0.032538660357318776,116.05455527443742
2026-02-24,HPG,lightgbm,2026-02-10,2026-02-24,5d,5,0.06591337099811678,0.04575429392440866,0.02015907707370812,30.584199788968597
2026-02-25,HPG,lightgbm,2026-02-11,2026-02-25,5d,5,0.09124767225325892,0.053447954676248965,0.03779971757700995,41.4254047731721
2026-02-26,HPG,lightgbm,2026-02-12,2026-02-26,5d,5,0.09293680297397766,0.056314211390917635,0.03662259158306003,39.405908543372604
2026-02-27,HPG,lightgbm,2026-02-13,2026-02-27,5d,5,0.07262569832402233,0.059871300964857675,0.01275439735916465,17.56182405608056
2026-03-02,HPG,lightgbm,2026-02-23,2026-03-02,5d,5,0.036363636363636376,0.06509647001726451,0.028732833653628137,79.01529254747736
2026-03-03,HPG,lightgbm,2026-02-24,2026-03-03,5d,5,-0.021201413427561877,0.03686029614610234,0.058061709573664216,273.8577301557824
2026-03-04,HPG,lightgbm,2026-02-25,2026-03-04,5d,5,-0.05460750853242324,0.031372828992922465,0.0859803375253457,157.4514930932892
2026-03-05,HPG,lightgbm,2026-02-26,2026-03-05,5d,5,-0.07312925170068019,0.03149651095662217,0.10462576265730236,143.06964754068338
2026-03-06,HPG,lightgbm,2026-02-27,2026-03-06,5d,5,-0.05381944444444442,0.05418943836255824,0.10800888280700266,200.68747257043086
2026-03-09,HPG,lightgbm,2026-03-02,2026-03-09,5d,5,-0.11052631578947358,0.03846481191990384,0.14899112770937742,134.80149649896066
2026-03-10,HPG,lightgbm,2026-03-03,2026-03-10,5d,5,-0.02166064981949456,0.05715367700754268,0.07881432682703723,363.85947551815565
2026-03-11,HPG,lightgbm,2026-03-04,2026-03-11,5d,5,-0.010830324909747335,0.05046236055549645,0.06129268546524379,565.9357957957487
2026-03-12,HPG,lightgbm,2026-03-05,2026-03-12,5d,5,-0.016513761467889854,0.048735018357155525,0.06524877982504537,395.1176111627761
2026-03-13,HPG,lightgbm,2026-03-06,2026-03-13,5d,5,-0.022018348623853212,0.04417227787981878,0.066190626503672,300.6157620375103
2026-03-16,HPG,lightgbm,2026-03-09,2026-03-16,5d,5,0.055226824457593526,0.05362818521163676,0.0015986392459567678,2.8946789203574417
2026-03-17,HPG,lightgbm,2026-03-10,2026-03-17,5d,5,-0.0073800738007381295,0.07982370645345278,0.08720378025419091,1181.6112224442672
2026-03-18,HPG,lightgbm,2026-03-11,2026-03-18,5d,5,-0.021897810218978075,0.07695698913687564,0.09885479935585371,451.43691705839916
2026-03-19,HPG,lightgbm,2026-03-12,2026-03-19,5d,5,-0.003731343283582156,0.08119278844686101,0.08492413173044316,2275.966730375836
2026-03-20,HPG,lightgbm,2026-03-13,2026-03-20,5d,5,-0.02814258911819889,0.06920419845095015,0.09734678756914904,345.90558516237604
2026-03-23,HPG,lightgbm,2026-03-16,2026-03-23,5d,5,-0.04672897196261683,0.058967272267877645,0.10569624423049448,226.18996265325814
2026-03-24,HPG,lightgbm,2026-03-17,2026-03-24,5d,5,-0.03531598513011147,0.057103700273063655,0.09241968540317513,261.69363551004363
2026-03-25,HPG,lightgbm,2026-03-18,2026-03-25,5d,5,-0.016791044776119368,0.05225339873617368,0.06904444351229305,411.1980191398795
2026-03-26,HPG,lightgbm,2026-03-19,2026-03-26,5d,5,-0.029962546816479474,0.05657487490660536,0.08653742172308483,288.8186450007949
2026-03-27,HPG,lightgbm,2026-03-20,2026-03-27,5d,5,0.02316602316602312,0.03505610873034042,0.011890085564317303,51.32553601930313
2026-03-30,HPG,lightgbm,2026-03-23,2026-03-30,5d,5,0.05490196078431375,0.014336043138785176,0.040565917645528575,73.88792142578416
2026-03-31,HPG,lightgbm,2026-03-24,2026-03-31,5d,5,0.03660886319845846,-0.05519671305551881,0.09180557625397728,250.77417934639135
2026-04-01,HPG,lightgbm,2026-03-25,2026-04-01,5d,5,0.030360531309297834,-0.04868700702159538,0.07904753833089322,260.3628293773802
2026-04-02,HPG,lightgbm,2026-03-26,2026-04-02,5d,5,0.055984555984556206,-0.056190753573082466,0.11217530955763867,200.36831155467794
2026-04-03,HPG,lightgbm,2026-03-27,2026-04-03,5d,5,0.005660377358490454,-0.039635456647054965,0.04529583400554542,800.2264007646517
2026-04-06,HPG,lightgbm,2026-03-30,2026-04-06,5d,5,-0.0018587360594793934,-0.006042676166131281,0.0041839401066518875,225.09597773789102
2026-04-07,HPG,lightgbm,2026-03-31,2026-04-07,5d,5,-0.0037174721189590088,1.8016649767503188e-05,0.003735488768726512,100.48464787874585
2026-04-08,HPG,lightgbm,2026-04-01,2026-04-08,5d,5,0.03130755064456725,0.008205084001432054,0.023102466643135196,73.79199639542587
2026-04-09,HPG,lightgbm,2026-04-02,2026-04-09,5d,5,0.03290676416819016,-0.009544830408423636,0.042451594576613794,129.00567907448735
2026-04-10,HPG,lightgbm,2026-04-03,2026-04-10,5d,5,0.05065666041275807,0.00641539627680235,0.04424126413595572,87.33553253505316
2026-01-05,HPG,xgboost,2025-12-25,2026-01-05,5d,5,-0.011428571428571455,-0.01904737949371338,0.007618808065141924,66.66457056999168
2026-01-06,HPG,xgboost,2025-12-26,2026-01-06,5d,5,-0.03531598513011147,-0.03327827528119087,0.002037709848920599,5.7699363090488625
2026-01-07,HPG,xgboost,2025-12-29,2026-01-07,5d,5,-0.0037453183520598232,-0.03508570045232773,0.031340382100267905,836.7882020771757
2026-01-08,HPG,xgboost,2025-12-30,2026-01-08,5d,5,-0.0037735849056603765,-0.02314811199903488,0.019374527093374505,513.4249679744246
2026-01-09,HPG,xgboost,2025-12-31,2026-01-09,5d,5,-0.007575757575757569,-0.01961445063352585,0.01203869305776828,158.91074836254143
2026-01-12,HPG,xgboost,2026-01-05,2026-01-12,5d,5,0.05973025048169567,-0.02543180249631405,0.08516205297800972,142.57775966318377
2026-01-13,HPG,xgboost,2026-01-06,2026-01-13,5d,5,0.050096339113680166,-0.01678411103785038,0.06688045015153055,133.50366780247825
2026-01-14,HPG,xgboost,2026-01-07,2026-01-14,5d,5,0.02443609022556381,-0.0284664798527956,0.05290257007835941,216.49359447451783
2026-01-15,HPG,xgboost,2026-01-08,2026-01-15,5d,5,0.045454545454545636,-0.03534640371799469,0.08080094917254033,177.762088179588
2026-01-16,HPG,xgboost,2026-01-09,2026-01-16,5d,5,0.05343511450381677,-0.03211989253759384,0.08555500704141061,160.1100846060685
2026-01-19,HPG,xgboost,2026-01-12,2026-01-19,5d,5,0.0072727272727273196,0.03375446796417236,0.026481740691445044,364.12393450736704
2026-01-20,HPG,xgboost,2026-01-13,2026-01-20,5d,5,0.0,-0.02785581909120083,0.02785581909120083,
2026-01-21,HPG,xgboost,2026-01-14,2026-01-21,5d,5,-0.016513761467889854,-0.012581095099449158,0.003932666368440696,23.814479675557624
2026-01-22,HPG,xgboost,2026-01-15,2026-01-22,5d,5,-0.02717391304347827,-0.001848171348683536,0.025325741694794734,93.19872943684459
2026-01-23,HPG,xgboost,2026-01-16,2026-01-23,5d,5,-0.030797101449275388,-0.02747584506869316,0.003321256380582227,10.78431483577287
2026-01-26,HPG,xgboost,2026-01-19,2026-01-26,5d,5,-0.050541516245487306,-0.01840665005147457,0.032134866194012734,63.58112811243956
2026-01-27,HPG,xgboost,2026-01-20,2026-01-27,5d,5,-0.029357798165137616,0.01947665959596634,0.048834457761103955,166.34237174876034
2026-01-28,HPG,xgboost,2026-01-21,2026-01-28,5d,5,-0.003731343283582156,0.02442527934908867,0.028156622632670825,754.5974865555647
2026-01-29,HPG,xgboost,2026-01-22,2026-01-29,5d,5,0.009310986964618184,0.04141385480761528,0.032102867842997096,344.78480063379124
2026-01-30,HPG,xgboost,2026-01-23,2026-01-30,5d,5,0.0018691588785046953,0.0448138602077961,0.0429447013292914,2297.5415211170625
2026-02-02,HPG,xgboost,2026-01-26,2026-02-02,5d,5,0.009505703422053147,0.0520605593919754,0.042554855969922256,447.6770848035861
2026-02-03,HPG,xgboost,2026-01-27,2026-02-03,5d,5,0.011342155009451904,0.009031044319272041,0.002311110690179863,20.376292585085594
2026-02-04,HPG,xgboost,2026-01-28,2026-02-04,5d,5,0.05992509363295895,0.006308222189545631,0.053616871443413316,89.47315422119576
2026-02-05,HPG,xgboost,2026-01-29,2026-02-05,5d,5,0.016605166051660403,-0.003252200549468398,0.0198573666011288,119.58547442013203
2026-02-06,HPG,xgboost,2026-01-30,2026-02-06,5d,5,0.0,-0.00540885841473937,0.00540885841473937,
2026-02-09,HPG,xgboost,2026-02-02,2026-02-09,5d,5,0.007532956685499137,-0.00024094621767289937,0.007773902903172036,103.1985610396077
2026-02-10,HPG,xgboost,2026-02-03,2026-02-10,5d,5,-0.00747663551401867,0.005436851643025875,0.012913487157044545,172.71789072547128
2026-02-11,HPG,xgboost,2026-02-04,2026-02-11,5d,5,-0.051236749116607694,0.01536494866013527,0.06660169777674296,129.98814117805716
2026-02-12,HPG,xgboost,2026-02-05,2026-02-12,5d,5,-0.02359346642468252,0.03463543951511383,0.05822890593979635,246.80097825252014
2026-02-13,HPG,xgboost,2026-02-06,2026-02-13,5d,5,0.001865671641791078,0.0395185723900795,0.03765290074828842,2018.1954801082234
2026-02-23,HPG,xgboost,2026-02-09,2026-02-23,5d,5,0.028037383177569986,0.029821237549185753,0.0017838543716157673,6.362413925429594
2026-02-24,HPG,xgboost,2026-02-10,2026-02-24,5d,5,0.06591337099811678,0.058867502957582474,0.007045868040534309,10.689588370067762
2026-02-25,HPG,xgboost,2026-02-11,2026-02-25,5d,5,0.09124767225325892,0.04713504761457443,0.04411262463868448,48.343835573415404
2026-02-26,HPG,xgboost,2026-02-12,2026-02-26,5d,5,0.09293680297397766,0.022005636245012283,0.07093116672896538,76.32193540036677
2026-02-27,HPG,xgboost,2026-02-13,2026-02-27,5d,5,0.07262569832402233,0.04439167305827141,0.028234025265750917,38.876080942841654
2026-03-02,HPG,xgboost,2026-02-23,2026-03-02,5d,5,0.036363636363636376,0.04521656036376953,0.008852924000133156,24.34554100036617
2026-03-03,HPG,xgboost,2026-02-24,2026-03-03,5d,5,-0.021201413427561877,0.004830066580325365,0.026031480007887242,122.78181403720126
2026-03-04,HPG,xgboost,2026-02-25,2026-03-04,5d,5,-0.05460750853242324,-0.0048355888575315475,0.049771919674891696,91.14482790464537
2026-03-05,HPG,xgboost,2026-02-26,2026-03-05,5d,5,-0.07312925170068019,-0.0227160956710577,0.050413156029622486,68.93705987306524
2026-03-06,HPG,xgboost,2026-02-27,2026-03-06,5d,5,-0.05381944444444442,-0.0038121703546494246,0.050007274089794995,92.91674153458688
2026-03-09,HPG,xgboost,2026-03-02,2026-03-09,5d,5,-0.11052631578947358,-0.004934913944453001,0.10559140184502058,95.53507785978061
2026-03-10,HPG,xgboost,2026-03-03,2026-03-10,5d,5,-0.02166064981949456,0.04447003826498985,0.06613068808448441,305.3033433233701
2026-03-11,HPG,xgboost,2026-03-04,2026-03-11,5d,5,-0.010830324909747335,0.05047339200973511,0.06130371691948244,566.0376528898856
2026-03-12,HPG,xgboost,2026-03-05,2026-03-12,5d,5,-0.016513761467889854,0.0449022501707077,0.061416011638597556,371.9080704781753
2026-03-13,HPG,xgboost,2026-03-06,2026-03-13,5d,5,-0.022018348623853212,0.05855800211429596,0.08057635073814917,365.9509262690941
2026-03-16,HPG,xgboost,2026-03-09,2026-03-16,5d,5,0.055226824457593526,0.0891285389661789,0.03390171450858537,61.38631877090297
2026-03-17,HPG,xgboost,2026-03-10,2026-03-17,5d,5,-0.0073800738007381295,0.07380981743335724,0.08118989123409537,1100.123026221974
2026-03-18,HPG,xgboost,2026-03-11,2026-03-18,5d,5,-0.021897810218978075,0.033295828849077225,0.0551936390680553,252.05095174411954
2026-03-19,HPG,xgboost,2026-03-12,2026-03-19,5d,5,-0.003731343283582156,0.09423474967479706,0.09796609295837921,2625.4912912845166
2026-03-20,HPG,xgboost,2026-03-13,2026-03-20,5d,5,-0.02814258911819889,0.07971420884132385,0.10785679795952274,383.2511554161706
2026-03-23,HPG,xgboost,2026-03-16,2026-03-23,5d,5,-0.04672897196261683,0.04302143678069115,0.08975040874330797,192.06587471067905
2026-03-24,HPG,xgboost,2026-03-17,2026-03-24,5d,5,-0.03531598513011147,0.052552830427885056,0.08786881555799653,248.80748826422212
2026-03-25,HPG,xgboost,2026-03-18,2026-03-25,5d,5,-0.016791044776119368,0.03891141340136528,0.05570245817748465,331.7390842570204
2026-03-26,HPG,xgboost,2026-03-19,2026-03-26,5d,5,-0.029962546816479474,0.05664324015378952,0.086605786970269,289.04681401327207
2026-03-27,HPG,xgboost,2026-03-20,2026-03-27,5d,5,0.02316602316602312,0.04015837609767914,0.01699235293165602,73.3503234883153
2026-03-30,HPG,xgboost,2026-03-23,2026-03-30,5d,5,0.05490196078431375,0.027252718806266785,0.027649241978046968,50.361119317156955
2026-03-31,HPG,xgboost,2026-03-24,2026-03-31,5d,5,0.03660886319845846,-0.05438245087862015,0.09099131407707861,248.5499579263365
2026-04-01,HPG,xgboost,2026-03-25,2026-04-01,5d,5,0.030360531309297834,-0.05492520332336426,0.08528573463266209,280.90988844633154
2026-04-02,HPG,xgboost,2026-03-26,2026-04-02,5d,5,0.055984555984556206,-0.058830179274082184,0.11481473525863839,205.08287194473945
2026-04-03,HPG,xgboost,2026-03-27,2026-04-03,5d,5,0.005660377358490454,-0.04294803366065025,0.04860841101914071,858.7485946715029
2026-04-06,HPG,xgboost,2026-03-30,2026-04-06,5d,5,-0.0018587360594793934,-0.022629082202911377,0.020770346143431984,1117.4446225167371
2026-04-07,HPG,xgboost,2026-03-31,2026-04-07,5d,5,-0.0037174721189590088,-0.0028071256820112467,0.0009103464369477621,24.488319153895453
2026-04-08,HPG,xgboost,2026-04-01,2026-04-08,5d,5,0.03130755064456725,0.0010661192936822772,0.030241431350884973,96.59468955017955
2026-04-09,HPG,xgboost,2026-04-02,2026-04-09,5d,5,0.03290676416819016,-0.016698336228728294,0.049605100396918456,150.74438842841315
2026-04-10,HPG,xgboost,2026-04-03,2026-04-10,5d,5,0.05065666041275807,-0.002930100541561842,0.05358676095431991,105.78423551352762
2026-01-05,MWG,cart,2025-12-25,2026-01-05,5d,5,0.016279069767441978,-0.016020061659332962,0.032299131426774944,198.40895019304466
2026-01-06,MWG,cart,2025-12-26,2026-01-06,5d,5,0.020689655172413834,-0.016020061659332962,0.0367097168317468,177.43029802010918
2026-01-07,MWG,cart,2025-12-29,2026-01-07,5d,5,0.030998851894374235,-0.016020061659332962,0.0470189135537072,151.67953224177418
2026-01-08,MWG,cart,2025-12-30,2026-01-08,5d,5,-0.011299435028248594,-0.016020061659332962,0.004720626631084367,41.77754568509663
2026-01-09,MWG,cart,2025-12-31,2026-01-09,5d,5,-0.02714932126696834,-0.016020061659332962,0.011129259607635378,40.992772888123625
2026-01-12,MWG,cart,2026-01-05,2026-01-12,5d,5,0.0011441647597252302,-0.016020061659332962,0.017164226419058192,1500.153389025909
2026-01-13,MWG,cart,2026-01-06,2026-01-13,5d,5,-0.019144144144144226,-0.016020061659332962,0.0031240824848112643,16.318736744190534
2026-01-14,MWG,cart,2026-01-07,2026-01-14,5d,5,-0.04231625835189301,-0.016020061659332962,0.02629619669256005,62.142064815576234
2026-01-15,MWG,cart,2026-01-08,2026-01-15,5d,5,-0.040000000000000036,-0.016020061659332962,0.023979938340667074,59.949845851667625
2026-01-16,MWG,cart,2026-01-09,2026-01-16,5d,5,0.011627906976744207,-0.016020061659332962,0.02764796863607717,237.77253027026322
2026-01-19,MWG,cart,2026-01-12,2026-01-19,5d,5,-0.00914285714285712,-0.016020061659332962,0.006877204516475843,75.21942439895473
2026-01-20,MWG,cart,2026-01-13,2026-01-20,5d,5,-0.012629161882893203,-0.016020061659332962,0.003390899776439759,26.849760957082143
2026-01-21,MWG,cart,2026-01-14,2026-01-21,5d,5,-0.006976744186046435,-0.016020061659332962,0.009043317473286527,129.62088378377496
2026-01-22,MWG,cart,2026-01-15,2026-01-22,5d,5,0.029761904761904656,-0.016020061659332962,0.04578196642123762,153.82740717535896
2026-01-23,MWG,cart,2026-01-16,2026-01-23,5d,5,-0.01379310344827589,-0.016020061659332962,0.0022269582110570722,16.145447030163744
2026-01-26,MWG,cart,2026-01-19,2026-01-26,5d,5,-0.029988465974625234,0.013897553911361394,0.04388601988598663,146.34299708134728
2026-01-27,MWG,cart,2026-01-20,2026-01-27,5d,5,-0.011627906976744207,0.013897553911361394,0.025525460888105603,219.51896363770777
2026-01-28,MWG,cart,2026-01-21,2026-01-28,5d,5,0.0011709601873535203,0.013897553911361394,0.012726593724007874,1086.8511040303742
2026-01-29,MWG,cart,2026-01-22,2026-01-29,5d,5,0.034682080924855585,0.013897553911361394,0.02078452701349419,59.92871955557475
2026-01-30,MWG,cart,2026-01-23,2026-01-30,5d,5,0.08275058275058278,0.013897553911361394,0.06885302883922138,83.20549118880552
2026-02-02,MWG,cart,2026-01-26,2026-02-02,5d,5,0.11414982164090381,0.013897553911361394,0.10025226772954242,87.82516370890112
2026-02-03,MWG,cart,2026-01-27,2026-02-03,5d,5,0.07647058823529407,0.013897553911361394,0.06257303432393267,81.82627565437355
2026-02-04,MWG,cart,2026-01-28,2026-02-04,5d,5,0.0736842105263158,0.013897553911361394,0.0597866566149544,81.1390339774381
2026-02-05,MWG,cart,2026-01-29,2026-02-05,5d,5,0.007821229050279266,0.013897553911361394,0.0060763248610821285,77.69015358097927
2026-02-06,MWG,cart,2026-01-30,2026-02-06,5d,5,-0.0484391819160388,-0.016020061659332962,0.03241912025670583,66.92747270773263
2026-02-09,MWG,cart,2026-02-02,2026-02-09,5d,5,-0.046958377801494144,-0.016020061659332962,0.030938316142161183,65.88455051182959
2026-02-10,MWG,cart,2026-02-03,2026-02-10,5d,5,-0.024043715846994607,-0.016020061659332962,0.008023654187661645,33.37110718959265
2026-02-11,MWG,cart,2026-02-04,2026-02-11,5d,5,0.0010893246187364536,-0.016020061659332962,0.017109386278069415,1570.6416603266712
2026-02-12,MWG,cart,2026-02-05,2026-02-12,5d,5,0.029933481152993435,-0.016020061659332962,0.0459535428123264,153.5188726545122
2026-02-13,MWG,cart,2026-02-06,2026-02-13,5d,5,0.04977375565610842,-0.016020061659332962,0.06579381731544139,132.1857602428418
2026-02-23,MWG,cart,2026-02-09,2026-02-23,5d,5,0.03023516237402024,-0.016020061659332962,0.04625522403335321,152.9848705992011
2026-02-24,MWG,cart,2026-02-10,2026-02-24,5d,5,0.03247480403135494,-0.016020061659332962,0.04849486569068791,149.33074159235983
2026-02-25,MWG,cart,2026-02-11,2026-02-25,5d,5,0.01196953210010876,-0.016020061659332962,0.02798959375944172,233.8403333175187
2026-02-26,MWG,cart,2026-02-12,2026-02-26,5d,5,0.007534983853605848,-0.016020061659332962,0.02355504551293881,312.60910402172397
2026-02-27,MWG,cart,2026-02-13,2026-02-27,5d,5,0.003232758620689724,-0.016020061659332962,0.019252820280022686,595.553907328689
2026-03-02,MWG,cart,2026-02-23,2026-03-02,5d,5,-0.021739130434782594,-0.016020061659332962,0.005719068775449632,26.30771636706833
2026-03-03,MWG,cart,2026-02-24,2026-03-03,5d,5,-0.04338394793926248,-0.016020061659332962,0.027363886279929518,63.073757875237526
2026-03-04,MWG,cart,2026-02-25,2026-03-04,5d,5,-0.04516129032258065,-0.016020061659332962,0.029141228663247688,64.52700632576273
2026-03-05,MWG,cart,2026-02-26,2026-03-05,5d,5,-0.08974358974358965,-0.016020061659332962,0.07372352808425668,82.14907415102897
2026-03-06,MWG,cart,2026-02-27,2026-03-06,5d,5,-0.11170784103114917,-0.016020061659332962,0.0956877793718162,85.65896403380864
2026-03-09,MWG,cart,2026-03-02,2026-03-09,5d,5,-0.1444444444444445,-0.016020061659332962,0.12842438278511153,88.90918808200027
2026-03-10,MWG,cart,2026-03-03,2026-03-10,5d,5,-0.08163265306122447,-0.016020061659332962,0.0656125914018915,80.37542446731712
2026-03-11,MWG,cart,2026-03-04,2026-03-11,5d,5,-0.025900900900900914,0.013897553911361394,0.03979845481226231,153.6566429273431
2026-03-12,MWG,cart,2026-03-05,2026-03-12,5d,5,-0.007042253521126862,-0.016020061659332962,0.0089778081382061,127.48487556252476
2026-03-13,MWG,cart,2026-03-06,2026-03-13,5d,5,-0.00846432889963733,-0.016020061659332962,0.007555732759695632,89.26558560383177
2026-03-16,MWG,cart,2026-03-09,2026-03-16,5d,5,0.04675324675324677,-0.016020061659332962,0.06277330841257973,134.26513188246216
2026-03-17,MWG,cart,2026-03-10,2026-03-17,5d,5,0.020987654320987703,-0.016020061659332962,0.03700771598032067,176.33088202388043
2026-03-18,MWG,cart,2026-03-11,2026-03-18,5d,5,-0.032369942196531776,-0.016020061659332962,0.016349880537198814,50.509452373846365
2026-03-19,MWG,cart,2026-03-12,2026-03-19,5d,5,-0.026004728132387522,-0.016020061659332962,0.00998466647305456,38.395581073655535
2026-03-20,MWG,cart,2026-03-13,2026-03-20,5d,5,-0.028048780487804792,-0.016020061659332962,0.01202871882847183,42.88499756237796
2026-03-23,MWG,cart,2026-03-16,2026-03-23,5d,5,-0.07940446650124056,-0.016020061659332962,0.06338440484190759,79.8247348477775
2026-03-24,MWG,cart,2026-03-17,2026-03-24,5d,5,-0.08101571946795649,-0.016020061659332962,0.06499565780862353,80.22598359362931
2026-03-25,MWG,cart,2026-03-18,2026-03-25,5d,5,-0.053763440860215006,-0.016020061659332962,0.03774337920088204,70.20268531364066
2026-03-26,MWG,cart,2026-03-19,2026-03-26,5d,5,-0.047330097087378675,-0.016020061659332962,0.03131003542804571,66.15248510951191
2026-03-27,MWG,cart,2026-03-20,2026-03-27,5d,5,0.016311166875784044,-0.016020061659332962,0.03233122853511701,198.21530109606528
2026-03-30,MWG,cart,2026-03-23,2026-03-30,5d,5,0.0889487870619945,-0.016020061659332962,0.10496884872132746,118.01043295640163
2026-03-31,MWG,cart,2026-03-24,2026-03-31,5d,5,0.07631578947368411,-0.016020061659332962,0.09233585113301708,120.99180493291908
2026-04-01,MWG,cart,2026-03-25,2026-04-01,5d,5,0.04040404040404044,-0.016020061659332962,0.05642410206337341,139.64965260684906
2026-04-02,MWG,cart,2026-03-26,2026-04-02,5d,5,0.042038216560509545,-0.016020061659332962,0.05805827821984251,138.10832849265572
2026-04-03,MWG,cart,2026-03-27,2026-04-03,5d,5,-0.020987654320987703,-0.016020061659332962,0.004967592661654741,23.669117976119594
2026-04-06,MWG,cart,2026-03-30,2026-04-06,5d,5,-0.030940594059405968,-0.016020061659332962,0.014920532400073006,48.22316071703591
2026-04-07,MWG,cart,2026-03-31,2026-04-07,5d,5,-0.046454767726161306,-0.016020061659332962,0.030434706066828344,65.51470937543584
2026-04-08,MWG,cart,2026-04-01,2026-04-08,5d,5,-0.0060679611650485965,-0.016020061659332962,0.009952100494284365,164.01061614580493
2026-04-09,MWG,cart,2026-04-02,2026-04-09,5d,5,-0.013447432762836109,-0.016020061659332962,0.002572628896496853,19.131003975767616
2026-04-10,MWG,cart,2026-04-03,2026-04-10,5d,5,0.02774274905422458,-0.016020061659332962,0.043762810713557546,157.74504043568632
2026-01-05,MWG,lightgbm,2025-12-25,2026-01-05,5d,5,0.016279069767441978,-0.004883139184237746,0.021162208951679723,129.9964264174602
2026-01-06,MWG,lightgbm,2025-12-26,2026-01-06,5d,5,0.020689655172413834,-0.015095497244067129,0.03578515241648096,172.96157001299096
2026-01-07,MWG,lightgbm,2025-12-29,2026-01-07,5d,5,0.030998851894374235,-0.015436442112937602,0.046435294007311834,149.79681881618026
2026-01-08,MWG,lightgbm,2025-12-30,2026-01-08,5d,5,-0.011299435028248594,-0.033275569279642536,0.02197613425139394,194.48878812483628
2026-01-09,MWG,lightgbm,2025-12-31,2026-01-09,5d,5,-0.02714932126696834,-0.027626600275736754,0.00047727900876841367,1.7579776822969895
2026-01-12,MWG,lightgbm,2026-01-05,2026-01-12,5d,5,0.0011441647597252302,-0.030669480563293758,0.03181364532301899,2780.512601232273
2026-01-13,MWG,lightgbm,2026-01-06,2026-01-13,5d,5,-0.019144144144144226,-0.02831710173998114,0.009172957595836913,47.91521379472437
2026-01-14,MWG,lightgbm,2026-01-07,2026-01-14,5d,5,-0.04231625835189301,-0.02990494117441885,0.012411317177474162,29.3299021720311
2026-01-15,MWG,lightgbm,2026-01-08,2026-01-15,5d,5,-0.040000000000000036,-0.03332329347723048,0.006676706522769554,16.69176630692387
2026-01-16,MWG,lightgbm,2026-01-09,2026-01-16,5d,5,0.011627906976744207,-0.034247008383205796,0.04587491535995,394.5242720955693
2026-01-19,MWG,lightgbm,2026-01-12,2026-01-19,5d,5,-0.00914285714285712,-0.04404775492867069,0.03490489778581357,381.7723195323369
2026-01-20,MWG,lightgbm,2026-01-13,2026-01-20,5d,5,-0.012629161882893203,-0.05120393648534842,0.03857477460245522,305.4420788976232
2026-01-21,MWG,lightgbm,2026-01-14,2026-01-21,5d,5,-0.006976744186046435,-0.03226675608034493,0.025290011894298497,362.4901704849491
2026-01-22,MWG,lightgbm,2026-01-15,2026-01-22,5d,5,0.029761904761904656,-0.03184696600530798,0.06160887076721264,207.00580577783518
2026-01-23,MWG,lightgbm,2026-01-16,2026-01-23,5d,5,-0.01379310344827589,-0.02705972794244574,0.013266624494169852,96.18302758273124
2026-01-26,MWG,lightgbm,2026-01-19,2026-01-26,5d,5,-0.029988465974625234,-0.016920068712568126,0.013068397262057108,43.57807856232107
2026-01-27,MWG,lightgbm,2026-01-20,2026-01-27,5d,5,-0.011627906976744207,-0.026203411316025712,0.014575504339281505,125.34933731782073
2026-01-28,MWG,lightgbm,2026-01-21,2026-01-28,5d,5,0.0011709601873535203,-0.015778468494474226,0.016949428681827746,1447.4812094282252
2026-01-29,MWG,lightgbm,2026-01-22,2026-01-29,5d,5,0.034682080924855585,-0.018202436708435597,0.05288451763329118,152.4836925093225
2026-01-30,MWG,lightgbm,2026-01-23,2026-01-30,5d,5,0.08275058275058278,-0.01906810240545496,0.10181868515603774,123.04286178011317
2026-02-02,MWG,lightgbm,2026-01-26,2026-02-02,5d,5,0.11414982164090381,-0.02235319860727185,0.13650302024817568,119.58233336324544
2026-02-03,MWG,lightgbm,2026-01-27,2026-02-03,5d,5,0.07647058823529407,-0.012816153032335638,0.0892867412676297,116.75958473459276
2026-02-04,MWG,lightgbm,2026-01-28,2026-02-04,5d,5,0.0736842105263158,-0.010047679536295697,0.08373189006261149,113.63613651354416
2026-02-05,MWG,lightgbm,2026-01-29,2026-02-05,5d,5,0.007821229050279266,-0.00951813854438484,0.017339367594664104,221.69619996035
2026-02-06,MWG,lightgbm,2026-01-30,2026-02-06,5d,5,-0.0484391819160388,-0.01017636072062642,0.038262821195412376,78.99146864564014
2026-02-09,MWG,lightgbm,2026-02-02,2026-02-09,5d,5,-0.046958377801494144,-0.021754828379241406,0.02520354942225274,53.67210411057002
2026-02-10,MWG,lightgbm,2026-02-03,2026-02-10,5d,5,-0.024043715846994607,-0.008152060356938636,0.015891655490055973,66.09483987909624
2026-02-11,MWG,lightgbm,2026-02-04,2026-02-11,5d,5,0.0010893246187364536,-0.007238485196687262,0.008327809815423717,764.492941055848
2026-02-12,MWG,lightgbm,2026-02-05,2026-02-12,5d,5,0.029933481152993435,-0.030943101895259638,0.06087658304825307,203.37288114638562
2026-02-13,MWG,lightgbm,2026-02-06,2026-02-13,5d,5,0.04977375565610842,0.00663761149633614,0.04313614415977228,86.66443508463371
2026-02-23,MWG,lightgbm,2026-02-09,2026-02-23,5d,5,0.03023516237402024,-0.017159035829982662,0.0473941982040029,156.7519222080536
2026-02-24,MWG,lightgbm,2026-02-10,2026-02-24,5d,5,0.03247480403135494,-0.0192594805250069,0.051734284556361844,159.30591761665926
2026-02-25,MWG,lightgbm,2026-02-11,2026-02-25,5d,5,0.01196953210010876,-0.012383225072330237,0.024352757172438996,203.45621674065035
2026-02-26,MWG,lightgbm,2026-02-12,2026-02-26,5d,5,0.007534983853605848,-0.031706459320574254,0.0392414431741801,520.790010125917
2026-02-27,MWG,lightgbm,2026-02-13,2026-02-27,5d,5,0.003232758620689724,-0.02989196870934492,0.033124727330034645,1024.6582320757166
2026-03-02,MWG,lightgbm,2026-02-23,2026-03-02,5d,5,-0.021739130434782594,-0.025557484753065865,0.0038183543182832708,17.564429864103058
2026-03-03,MWG,lightgbm,2026-02-24,2026-03-03,5d,5,-0.04338394793926248,-0.01590104213230071,0.02748290580696177,63.34809788504687
2026-03-04,MWG,lightgbm,2026-02-25,2026-03-04,5d,5,-0.04516129032258065,-0.018746907745408808,0.02641438257717184,58.48898999230907
2026-03-05,MWG,lightgbm,2026-02-26,2026-03-05,5d,5,-0.08974358974358965,-0.02074510762643943,0.06899848211715022,76.8840229305389
2026-03-06,MWG,lightgbm,2026-02-27,2026-03-06,5d,5,-0.11170784103114917,-0.02097800230498865,0.09072983872616051,81.22065370582263
2026-03-09,MWG,lightgbm,2026-03-02,2026-03-09,5d,5,-0.1444444444444445,-0.017185907677906676,0.1272585367665378,88.10206391529537
2026-03-10,MWG,lightgbm,2026-03-03,2026-03-10,5d,5,-0.08163265306122447,0.010603838847746119,0.09223649190897058,112.989702588489
2026-03-11,MWG,lightgbm,2026-03-04,2026-03-11,5d,5,-0.025900900900900914,0.019359212782812548,0.045260113683713465,174.74339543972843
2026-03-12,MWG,lightgbm,2026-03-05,2026-03-12,5d,5,-0.007042253521126862,0.000821082521637069,0.007863336042763932,111.65937180724622
2026-03-13,MWG,lightgbm,2026-03-06,2026-03-13,5d,5,-0.00846432889963733,-0.0015167703522494511,0.006947558547387879,82.08044169556739
2026-03-16,MWG,lightgbm,2026-03-09,2026-03-16,5d,5,0.04675324675324677,0.07906682996028451,0.03231358320703774,69.1151640817196
2026-03-17,MWG,lightgbm,2026-03-10,2026-03-17,5d,5,0.020987654320987703,0.009930499209461758,0.011057155111525946,52.684092001976445
2026-03-18,MWG,lightgbm,2026-03-11,2026-03-18,5d,5,-0.032369942196531776,-0.02644540735136119,0.005924534845170585,18.302580860973425
2026-03-19,MWG,lightgbm,2026-03-12,2026-03-19,5d,5,-0.026004728132387522,-0.00993318871317137,0.01607153941921615,61.80237431207709
2026-03-20,MWG,lightgbm,2026-03-13,2026-03-20,5d,5,-0.028048780487804792,-0.01695175494569995,0.011097025542104844,39.563308454460866
2026-03-23,MWG,lightgbm,2026-03-16,2026-03-23,5d,5,-0.07940446650124056,-0.005660797404957705,0.07374366909628285,92.87093326813138
2026-03-24,MWG,lightgbm,2026-03-17,2026-03-24,5d,5,-0.08101571946795649,-0.016815941809459684,0.06419977765849681,79.2436061545923
2026-03-25,MWG,lightgbm,2026-03-18,2026-03-25,5d,5,-0.053763440860215006,-0.022847678490836704,0.0309157623693783,57.50331800704369
2026-03-26,MWG,lightgbm,2026-03-19,2026-03-26,5d,5,-0.047330097087378675,-0.007945223842567262,0.039384873244811415,83.21316808647329
2026-03-27,MWG,lightgbm,2026-03-20,2026-03-27,5d,5,0.016311166875784044,0.022957990544314803,0.006646823668530758,40.7501420293774
2026-03-30,MWG,lightgbm,2026-03-23,2026-03-30,5d,5,0.0889487870619945,0.06225756847690137,0.026691218585093122,30.00740028808958
2026-03-31,MWG,lightgbm,2026-03-24,2026-03-31,5d,5,0.07631578947368411,0.06809436452575862,0.008221424947925493,10.772901655902384
2026-04-01,MWG,lightgbm,2026-03-25,2026-04-01,5d,5,0.04040404040404044,0.021962397032770625,0.018441643371269818,45.64306734389276
2026-04-02,MWG,lightgbm,2026-03-26,2026-04-02,5d,5,0.042038216560509545,0.03624339096984218,0.005794825590667366,13.784660874769342
2026-04-03,MWG,lightgbm,2026-03-27,2026-04-03,5d,5,-0.020987654320987703,-0.04876019910408188,0.027772544783094176,132.328007495919
2026-04-06,MWG,lightgbm,2026-03-30,2026-04-06,5d,5,-0.030940594059405968,-0.04509951042448278,0.01415891636507681,45.76161769192821
2026-04-07,MWG,lightgbm,2026-03-31,2026-04-07,5d,5,-0.046454767726161306,-0.03362045594847692,0.012834311777684383,27.62754482669958
2026-04-08,MWG,lightgbm,2026-04-01,2026-04-08,5d,5,-0.0060679611650485965,-0.02239170303152138,0.016323741866472785,269.01526595946916
2026-04-09,MWG,lightgbm,2026-04-02,2026-04-09,5d,5,-0.013447432762836109,-0.01622288909621914,0.002775456333383032,20.639302551884846
2026-04-10,MWG,lightgbm,2026-04-03,2026-04-10,5d,5,0.02774274905422458,-0.024667861021653262,0.05241061007587784,188.91642631895888
2026-01-05,MWG,xgboost,2025-12-25,2026-01-05,5d,5,0.016279069767441978,-0.02098693698644638,0.03726600675388836,228.91975577388396
2026-01-06,MWG,xgboost,2025-12-26,2026-01-06,5d,5,0.020689655172413834,-0.027719411998987198,0.04840906717140103,233.97715799510453
2026-01-07,MWG,xgboost,2025-12-29,2026-01-07,5d,5,0.030998851894374235,-0.028346950188279152,0.05934580208265339,191.44516153330068
2026-01-08,MWG,xgboost,2025-12-30,2026-01-08,5d,5,-0.011299435028248594,-0.043235789984464645,0.03193635495621605,282.6367413625119
2026-01-09,MWG,xgboost,2025-12-31,2026-01-09,5d,5,-0.02714932126696834,-0.03945503383874893,0.012305712571780592,45.32604130605849
2026-01-12,MWG,xgboost,2026-01-05,2026-01-12,5d,5,0.0011441647597252302,-0.03640042990446091,0.03754459466418614,3281.3975736503567
2026-01-13,MWG,xgboost,2026-01-06,2026-01-13,5d,5,-0.019144144144144226,-0.045277442783117294,0.026133298638973068,136.5080540671058
2026-01-14,MWG,xgboost,2026-01-07,2026-01-14,5d,5,-0.04231625835189301,-0.048958830535411835,0.0066425721835188245,15.697446896841885
2026-01-15,MWG,xgboost,2026-01-08,2026-01-15,5d,5,-0.040000000000000036,-0.03465353697538376,0.005346463024616277,13.366157561540682
2026-01-16,MWG,xgboost,2026-01-09,2026-01-16,5d,5,0.011627906976744207,-0.03558274731040001,0.047210654287144216,406.01162686943957
2026-01-19,MWG,xgboost,2026-01-12,2026-01-19,5d,5,-0.00914285714285712,-0.052022870630025864,0.042880013487168744,469.0001475159094
2026-01-20,MWG,xgboost,2026-01-13,2026-01-20,5d,5,-0.012629161882893203,-0.06957624852657318,0.05694708664367998,450.9173860604123
2026-01-21,MWG,xgboost,2026-01-14,2026-01-21,5d,5,-0.006976744186046435,-0.04888767749071121,0.04191093330466478,600.7233773668684
2026-01-22,MWG,xgboost,2026-01-15,2026-01-22,5d,5,0.029761904761904656,-0.04928058385848999,0.07904248862039465,265.58276176452694
2026-01-23,MWG,xgboost,2026-01-16,2026-01-23,5d,5,-0.01379310344827589,-0.04757104441523552,0.03377794096695963,244.8900720104568
2026-01-26,MWG,xgboost,2026-01-19,2026-01-26,5d,5,-0.029988465974625234,-0.02680349163711071,0.0031849743375145234,10.620664425481092
2026-01-27,MWG,xgboost,2026-01-20,2026-01-27,5d,5,-0.011627906976744207,-0.03503986820578575,0.023411961229041545,201.34286656975692
2026-01-28,MWG,xgboost,2026-01-21,2026-01-28,5d,5,0.0011709601873535203,-0.024427475407719612,0.025598435595073132,2186.1063998194504
2026-01-29,MWG,xgboost,2026-01-22,2026-01-29,5d,5,0.034682080924855585,-0.02219495177268982,0.056877032697545404,163.99544427792213
2026-01-30,MWG,xgboost,2026-01-23,2026-01-30,5d,5,0.08275058275058278,-0.028838038444519043,0.11158862119510182,134.8493478667568
2026-02-02,MWG,xgboost,2026-01-26,2026-02-02,5d,5,0.11414982164090381,-0.030116194859147072,0.1442660165000509,126.38304153806527
2026-02-03,MWG,xgboost,2026-01-27,2026-02-03,5d,5,0.07647058823529407,-0.013836400583386421,0.09030698881868049,118.09375460904378
2026-02-04,MWG,xgboost,2026-01-28,2026-02-04,5d,5,0.0736842105263158,-0.007295609917491674,0.08097982044380747,109.9011848880244
2026-02-05,MWG,xgboost,2026-01-29,2026-02-05,5d,5,0.007821229050279266,-0.02143927849829197,0.029260507548571235,374.116489371021
2026-02-06,MWG,xgboost,2026-01-30,2026-02-06,5d,5,-0.0484391819160388,-0.047012560069561005,0.0014266218464777936,2.945181545284153
2026-02-09,MWG,xgboost,2026-02-02,2026-02-09,5d,5,-0.046958377801494144,-0.031037738546729088,0.015920639254765057,33.90372495844285
2026-02-10,MWG,xgboost,2026-02-03,2026-02-10,5d,5,-0.024043715846994607,-0.02855258248746395,0.0045088666404693445,18.75278625467926
2026-02-11,MWG,xgboost,2026-02-04,2026-02-11,5d,5,0.0010893246187364536,-0.023137886077165604,0.024227210695902057,2224.0579418836655
2026-02-12,MWG,xgboost,2026-02-05,2026-02-12,5d,5,0.029933481152993435,-0.017064379528164864,0.0469978606811583,157.00766790520245
2026-02-13,MWG,xgboost,2026-02-06,2026-02-13,5d,5,0.04977375565610842,0.02295008674263954,0.02682366891346888,53.891189362514936
2026-02-23,MWG,xgboost,2026-02-09,2026-02-23,5d,5,0.03023516237402024,-0.0022340898867696524,0.032469252260789894,107.38904544031591
2026-02-24,MWG,xgboost,2026-02-10,2026-02-24,5d,5,0.03247480403135494,-0.003912779968231916,0.03638758399958686,112.04866383321071
2026-02-25,MWG,xgboost,2026-02-11,2026-02-25,5d,5,0.01196953210010876,-0.02120211347937584,0.0331716455794846,277.1340207958771
2026-02-26,MWG,xgboost,2026-02-12,2026-02-26,5d,5,0.007534983853605848,-0.04988150671124458,0.05741649056485043,761.9988533535333
2026-02-27,MWG,xgboost,2026-02-13,2026-02-27,5d,5,0.003232758620689724,-0.044050656259059906,0.04728341487974963,1462.6336336135573
2026-03-02,MWG,xgboost,2026-02-23,2026-03-02,5d,5,-0.021739130434782594,-0.04917530342936516,0.027436172994582564,126.20639577507988
2026-03-03,MWG,xgboost,2026-02-24,2026-03-03,5d,5,-0.04338394793926248,-0.036005645990371704,0.007378301948890775,17.006985992193236
2026-03-04,MWG,xgboost,2026-02-25,2026-03-04,5d,5,-0.04516129032258065,-0.03861929476261139,0.00654199555996926,14.485847311360503
2026-03-05,MWG,xgboost,2026-02-26,2026-03-05,5d,5,-0.08974358974358965,-0.03901325538754463,0.050730334356045015,56.52808685387879
2026-03-06,MWG,xgboost,2026-02-27,2026-03-06,5d,5,-0.11170784103114917,-0.04030269756913185,0.07140514346201732,63.921335156863655
2026-03-09,MWG,xgboost,2026-03-02,2026-03-09,5d,5,-0.1444444444444445,-0.035858601331710815,0.10858584311273367,75.17481446266176
2026-03-10,MWG,xgboost,2026-03-03,2026-03-10,5d,5,-0.08163265306122447,-0.0028627621941268444,0.07876989086709762,96.49311631219462
2026-03-11,MWG,xgboost,2026-03-04,2026-03-11,5d,5,-0.025900900900900914,0.007766634225845337,0.03366753512674625,129.98596170674196
2026-03-12,MWG,xgboost,2026-03-05,2026-03-12,5d,5,-0.007042253521126862,-0.010860770009458065,0.003818516488331203,54.22293413430231
2026-03-13,MWG,xgboost,2026-03-06,2026-03-13,5d,5,-0.00846432889963733,0.005736887454986572,0.014201216354623902,167.7772275039121
2026-03-16,MWG,xgboost,2026-03-09,2026-03-16,5d,5,0.04675324675324677,0.054493099451065063,0.007739852697818295,16.554684937000236
2026-03-17,MWG,xgboost,2026-03-10,2026-03-17,5d,5,0.020987654320987703,0.04742518067359924,0.02643752635261154,125.9670373271488
2026-03-18,MWG,xgboost,2026-03-11,2026-03-18,5d,5,-0.032369942196531776,-0.00971407163888216,0.022655870557649616,69.9904572584533
2026-03-19,MWG,xgboost,2026-03-12,2026-03-19,5d,5,-0.026004728132387522,-0.011258896440267563,0.01474583169211996,56.70442550697079
2026-03-20,MWG,xgboost,2026-03-13,2026-03-20,5d,5,-0.028048780487804792,-0.024286892265081406,0.0037618882227233863,13.411949315796463
2026-03-23,MWG,xgboost,2026-03-16,2026-03-23,5d,5,-0.07940446650124056,-0.000917629455216229,0.07848683704602433,98.84436040483706
2026-03-24,MWG,xgboost,2026-03-17,2026-03-24,5d,5,-0.08101571946795649,-0.01685696467757225,0.06415875479038424,79.19297046514589
2026-03-25,MWG,xgboost,2026-03-18,2026-03-25,5d,5,-0.053763440860215006,-0.03465631231665611,0.019107128543558893,35.539259091019574
2026-03-26,MWG,xgboost,2026-03-19,2026-03-26,5d,5,-0.047330097087378675,-0.032353080809116364,0.014977016278262312,31.64374721355932
2026-03-27,MWG,xgboost,2026-03-20,2026-03-27,5d,5,0.016311166875784044,0.01981930248439312,0.0035081356086090754,21.507569846626602
2026-03-30,MWG,xgboost,2026-03-23,2026-03-30,5d,5,0.0889487870619945,0.055084384977817535,0.03386440208417696,38.071797494635355
2026-03-31,MWG,xgboost,2026-03-24,2026-03-31,5d,5,0.07631578947368411,0.02021949738264084,0.056096292091043276,73.50548618826369
2026-04-01,MWG,xgboost,2026-03-25,2026-04-01,5d,5,0.04040404040404044,0.007450911216437817,0.032953129187602626,81.55899473931643
2026-04-02,MWG,xgboost,2026-03-26,2026-04-02,5d,5,0.042038216560509545,-0.008379735052585602,0.05041795161309515,119.93361217054455
2026-04-03,MWG,xgboost,2026-03-27,2026-04-03,5d,5,-0.020987654320987703,-0.019631337374448776,0.0013563169465389269,6.462451333508989
2026-04-06,MWG,xgboost,2026-03-30,2026-04-06,5d,5,-0.030940594059405968,-0.04437298700213432,0.013432392942728355,43.413493990898004
2026-04-07,MWG,xgboost,2026-03-31,2026-04-07,5d,5,-0.046454767726161306,-0.014478354714810848,0.03197641301135046,68.8334364296966
2026-04-08,MWG,xgboost,2026-04-01,2026-04-08,5d,5,-0.0060679611650485965,-0.014577183872461319,0.008509222707412722,140.23199021816043
2026-04-09,MWG,xgboost,2026-04-02,2026-04-09,5d,5,-0.013447432762836109,-0.01994933746755123,0.006501904704715122,48.35052771324546
2026-04-10,MWG,xgboost,2026-04-03,2026-04-10,5d,5,0.02774274905422458,-0.016498008742928505,0.044240757797153085,159.46782242337386
